Date,Open,High,Low,Close,Volume
2015-01-02,111.69849248274848,113.33931766829916,111.52828265990176,112.88996124267578,565800
2015-01-05,112.7878152157724,113.68651748470168,112.4269713001472,113.65247344970705,1130700
2015-01-06,114.08824469904002,115.62693775295575,113.66611727528516,115.19800567626952,983500
2015-01-07,116.00141681815124,116.77075825270916,115.06185514991252,116.532470703125,815700
2015-01-08,116.53248846670544,117.86692803638802,116.02185885417887,117.61502075195312,785400
2015-01-09,117.87370071844022,118.76559845891614,116.6618077046784,117.97582244873048,603300
2015-01-12,119.14008166472502,119.58942774050662,118.43881796492596,118.99710083007812,736800
2015-01-13,119.27621960716958,119.85492668660808,118.2617654719916,118.87452697753906,626900
2015-01-14,118.80645661163264,120.4268574531532,118.17328105584843,120.40643310546876,677100
2015-01-15,120.5494051800936,121.11450304754904,120.16133218002376,120.8489761352539,603900
2015-01-16,121.09405797956248,122.19020948404918,120.16131161959892,121.9246826171875,634000
2015-01-20,122.69404391183105,123.0072241442586,119.30345701946104,119.53495025634766,938600
2015-01-21,119.6643014358154,120.65833130021504,118.76559903852828,120.46769714355467,614700
2015-01-22,120.64470342702896,122.25148434478842,120.20216210523851,121.84298706054688,670200
2015-01-23,122.13576190939692,122.43533286433303,121.42087856489631,121.8021469116211,559800
2015-01-26,121.62513762413404,122.77575775525496,121.25748895661047,122.7349090576172,530000
2015-01-27,122.57830355698232,123.4497874226162,121.8225715150028,122.18342590332033,626000
2015-01-28,122.48295367668958,123.15698814624412,120.61064609448528,120.88298797607422,1655000
2015-01-29,120.40641055265314,121.7272298069107,118.6974975987338,119.07876586914062,1107200
2015-01-30,118.46601755144384,119.75280318860652,117.5741198861064,117.77837371826172,1172800
2015-02-02,117.696675722218,117.71710006825084,115.51118758644692,117.54689025878906,1034900
2015-02-03,117.78521079058594,118.33668901705312,116.17842946482772,118.24817657470705,786100
2015-02-04,118.19371799907546,118.71795683055367,117.05670711662994,118.01669311523438,687700
2015-02-05,118.32987599656252,119.4532567200251,117.90094390017912,119.14688110351562,767200
2015-02-06,118.84049183878088,119.14686742010468,114.66013930599252,115.17076873779295,1088200
2015-02-09,115.2252306922512,116.00138696971344,114.4899231048477,114.68055725097656,1074700
2015-02-10,115.1844184096062,115.96058539118512,113.97934000815542,115.79718017578124,1911100
2015-02-11,116.10347882987396,117.24047876209708,115.17073268418687,116.04220581054688,887400
2015-02-12,116.38268112986302,118.0779644767968,115.72907077730186,118.0507354736328,853900
2015-02-13,117.723908155817,117.86687856960192,115.71543460055962,116.30095672607422,586800
2015-02-17,115.98096360211402,117.24732494851752,115.72904602999216,116.24649047851562,637300
2015-02-18,116.25329459242428,118.03708999031072,115.32054820326712,117.92134857177734,881700
2015-02-19,117.92135080261876,117.92135080261876,114.9052380452384,115.0822525024414,1113800
2015-02-20,114.9256559391758,116.49158813471207,114.46949493412843,116.42350006103516,867700
2015-02-23,116.9000746560222,118.09835815429688,116.47115307541752,118.09835815429688,791300
2015-02-24,117.5468988545066,117.59456259125687,114.42866405927174,114.9937515258789,1102300
2015-02-25,114.9324607442454,116.27371476497358,114.299285291088,114.36736297607422,695500
2015-02-26,114.39461137078167,114.49673310069484,112.9852691652864,113.1759033203125,772800
2015-02-27,113.4346386868866,114.61248779296876,112.79464806858584,114.61248779296876,1067800
2015-03-02,114.66689487684444,116.68898739234751,114.63285085154,115.51113891601562,671300
2015-03-03,114.8235487090208,115.39546164099929,113.9044218479114,114.93930053710938,471200
2015-03-04,114.75551085092594,115.42273071630284,114.01339821778724,114.4763641357422,988800
2015-03-05,114.86443845497172,116.64823464911755,114.76230629506487,115.69505310058594,696400
2015-03-06,114.28567942378932,114.28567942378932,111.54870266998132,112.09337615966795,1311600
2015-03-09,112.78104689337069,113.62529152256135,112.69934948656632,113.33934020996094,988900
2015-03-10,113.3257129859351,114.48313785686116,113.23039588806552,113.59123992919922,864900
2015-03-11,113.4482598378088,114.75547009271943,113.34612770597889,113.8976058959961,814500
2015-03-12,114.4558701580554,116.83880718796892,114.4558701580554,116.57328033447266,949600
2015-03-13,116.79117256124113,117.34266113786694,115.94012340993308,116.20565032958984,707800
2015-03-16,116.83202565949097,118.54092852777488,116.6481961433702,118.20731353759766,1051400
2015-03-17,117.84643994113247,118.5749427809151,117.33581060479976,117.68984985351562,452400
2015-03-18,117.78519458821162,119.95025849633868,116.92052580000544,119.59622955322266,1126900
2015-03-19,119.14688708556768,120.41324870099994,118.08477935432464,119.00390625,952100
2015-03-20,119.52810927461252,122.60550487790258,119.52810927461252,122.43529510498048,1304200
2015-03-23,122.65997962874478,123.59953055974977,121.87020374802007,123.15018463134766,1442900
2015-03-24,123.20470671236563,123.70171658292196,122.06089107811631,122.74853515625,901800
2015-03-25,122.74854218502692,123.55193815335107,120.32475535950904,120.42688751220705,933200
2015-03-26,120.35877417330906,120.97834044789336,119.18772971166229,119.8004913330078,642000
2015-03-27,119.6770559942301,120.52734080415672,118.77877688881178,119.39591217041016,582700
2015-03-30,119.93076468970033,120.97990093886442,119.42334560583213,120.78790283203124,522000
2015-03-31,120.3559092763468,121.1444721620836,119.37533782552552,119.48505401611328,1171100
2015-04-01,119.58790216350933,119.99247929406212,118.30562692872236,118.56620025634766,606400
2015-04-02,118.813049747536,120.32161060868135,118.42218977813027,119.821044921875,655600
2015-04-06,119.98564559187191,120.97992393333438,119.69079503716208,120.5547866821289,531300
2015-04-07,120.23928463372869,120.45870645121651,118.30557689763788,118.34671783447266,732700
2015-04-08,118.77875188396249,119.49188606953014,118.51817859350987,119.2313232421875,587000
2015-04-09,118.81305412808076,118.9227598495262,115.55592944872228,116.04277801513672,865700
2015-04-10,116.63251318597756,117.4759447555616,115.34338437573388,115.41194915771484,658100
2015-04-13,115.41191372468788,116.06333650063485,115.00734710693358,115.0073471069336,481500
2015-04-14,115.27475911985046,116.85189490477518,115.27475911985046,116.24846649169922,419800
2015-04-15,115.95362640378464,116.35132920622291,114.82906182858692,115.1993408203125,693900
2015-04-16,114.82219861588632,116.54333832976457,114.49306057010122,115.9124755859375,420300
2015-04-17,115.54223584552604,116.22109310475172,114.68509759741384,115.41194915771484,694100
2015-04-20,115.44620951136608,116.12506661024275,114.94564382237608,115.37078094482422,408600
2015-04-21,115.63137537822698,116.4679431006264,115.63137537822698,115.91937255859376,494900
2015-04-22,115.78226406565648,117.49654093685,115.44626203218093,117.00968170166016,425700
2015-04-23,117.00277222587906,117.81190549858486,116.70105796720549,117.41419219970705,391400
2015-04-24,117.36619893711364,118.30561887183232,117.18790753009677,117.4416275024414,397200
2015-04-27,117.87361357796064,118.7101811030322,117.51018790299958,117.63362121582033,873200
2015-04-28,117.58560829539284,118.46331670938255,116.05647713926987,117.38675689697266,873000
2015-04-29,116.37875851783652,117.34561259821392,114.04734757160088,115.02790832519533,953100
2015-04-30,114.45878568459652,115.47363420874434,112.07251627690964,112.6896514892578,1274400
2015-05-01,113.43026111129984,115.51482746874164,113.20397532797205,114.94568634033205,760100
2015-05-04,115.6519507457796,116.98908430510484,115.38452403391452,115.857666015625,840300
2015-05-05,115.48050198202932,115.52849627378646,112.01080870141742,112.25080108642578,760000
2015-05-06,112.32624719384032,113.27253113197456,111.61996614129792,112.065673828125,836200
2015-05-07,112.2713756400861,114.75365472973196,112.2713756400861,113.81422424316406,687500
2015-05-08,115.91249799256124,116.84506468848164,115.17879320042816,115.549072265625,598900
2015-05-11,114.95937626084502,115.59709255054467,112.66910540074292,112.84739685058594,508500
2015-05-12,112.13422922569266,114.29421296130457,111.37309020648551,113.31365203857422,699500
2015-05-13,113.62906927178062,114.92506144406272,112.08622094939194,112.5182113647461,739500
2015-05-14,112.97080843972836,114.70565522242153,112.52510078590907,114.6439437866211,512500
2015-05-15,115.05536311765454,116.05650507688772,114.67136690198552,115.5079345703125,567500
2015-05-18,115.09652444668836,115.9056579046354,114.69881105675888,115.08966064453124,731400
2015-05-19,114.7056198557706,115.61076248754716,114.1296257063359,114.93875885009766,317000
2015-05-20,115.21309016910196,115.62451022347844,114.49309199505218,114.82909393310548,559600
2015-05-21,114.82906398883551,115.16505537615878,113.30678611945156,113.55364227294922,575600
2015-05-22,113.64278891187028,114.69192505374832,112.94337179269226,113.99250793457033,392800
2015-05-26,113.78681205307386,113.8828111129937,112.552530951881,113.02567291259766,615000
2015-05-27,113.51938375945748,115.12394393692654,113.22452278184194,114.81537628173828,449000
2015-05-28,114.80848198800136,115.32962856450769,114.53420202581584,115.0484848022461,436100
2015-05-29,115.2610841510767,115.69993848574288,113.49881347361392,114.17080688476562,1556100
2015-06-01,114.37646892073454,115.63131990229935,113.79361103762632,115.3981704711914,673700
2015-06-02,114.93191912512545,115.11706386048084,113.16278505967792,113.38221740722656,482500
2015-06-03,113.31363402161756,113.36163876785272,110.33765364832315,110.67364501953124,728000
2015-06-04,109.3433843683258,111.14679559519423,109.3433843683258,110.4062271118164,525200
2015-06-05,109.4942244837234,111.40736223385754,108.83594840214688,110.43365478515624,864000
2015-06-08,110.53652466183276,111.07824178752756,109.76167895272528,110.36509704589844,989500
2015-06-09,110.24853902833172,111.00282480240566,109.5902627737876,110.15939331054688,677300
2015-06-10,109.98111491064788,111.5856750896328,109.29540435930946,110.63253784179688,503600
2015-06-11,111.28395008214244,112.09994723394216,111.26337960462745,111.7433853149414,729600
2015-06-12,111.72278704191616,112.08622316889206,111.13308616048926,111.45536041259766,413000
2015-06-15,111.32510596050882,111.68166789379518,110.53653259276444,111.60623931884766,1099200
2015-06-16,111.86680861713504,113.37536959842744,110.65309812345056,112.80622863769533,605800
2015-06-17,112.8405052232195,114.43135842248014,111.9765138593449,114.25306701660156,700400
2015-06-18,114.58218408319084,116.44045295469093,114.4793212704088,115.3981704711914,748800
2015-06-19,115.02108028044844,115.2130783787986,113.73194122314452,113.73194122314452,881900
2015-06-22,114.10910947228616,114.397106683894,113.05310923327671,113.0805435180664,1048600
2015-06-23,112.83365486250511,112.9982186715214,111.5650863647461,111.5650863647461,691300
2015-06-24,111.75708057553368,112.45650812893338,111.18108633772717,111.30451965332033,467700
2015-06-25,111.49649588257252,112.33991659858305,110.61192376068836,110.7422103881836,535300
2015-06-26,111.18450357615134,112.04142069786286,110.41052072088,111.89629364013672,738400
2015-06-29,116.87195473365446,116.87195473365446,109.93372344970702,109.93372344970705,721100
2015-06-30,110.97028618200552,111.30199164123944,109.87841139460392,110.47962951660156,628900
2015-07-01,110.99103232235068,112.6081085205078,109.85769551534383,112.6081085205078,775400
2015-07-02,113.5755766830428,114.6605340763919,112.61500487649865,113.31987762451172,561400
2015-07-06,112.80157373461851,114.16987834232346,112.73938094646604,113.99019622802734,526900
2015-07-07,114.5015891289616,116.35362253900064,113.85199185851566,115.70402526855467,640300
2015-07-08,115.18575473835443,115.94592415770823,114.49469546429742,115.16502380371094,566900
2015-07-09,115.92516062787338,117.97070014360892,114.71580723831283,115.18572235107422,532000
2015-07-10,115.41380656925796,116.55406070821871,114.89551210920156,115.61421966552734,635400
2015-07-13,116.64389516707747,117.1691069862239,114.93698838903612,115.65568542480467,708600
2015-07-14,115.9459416885151,116.6300942693761,114.35650300891832,116.22927856445312,667800
2015-07-15,116.22930058324305,117.01710800223825,115.54514787277432,116.52645111083984,421800
2015-07-16,116.79593395416424,117.72196147342603,116.59553138748082,117.36951446533205,401500
2015-07-17,117.03086803475875,117.48005225194954,116.4641944859576,116.93412017822266,455600
2015-07-20,116.38130296603369,117.43862288527238,116.1463453272536,117.06544494628906,535900
2015-07-21,117.4939198866488,118.51668482650491,116.33985197615476,116.51952362060548,587200
2015-07-22,116.6784464841971,118.06056504632612,116.5678744684921,117.50080871582033,459900
2015-07-23,117.2381864466312,117.50769910682956,115.61420368969672,116.49185180664062,455700
2015-07-24,116.23621581183248,117.33499798082352,115.71101434265782,116.97565460205078,437700
2015-07-27,117.11383511499405,118.27480982325294,116.3467587739196,116.51952362060548,573000
2015-07-28,117.1552633753473,118.96583507478928,116.53331432362756,117.40404510498048,767500
2015-07-29,117.56988845985138,118.2125683635838,116.42272781918967,117.90850067138672,820900
2015-07-30,117.63898850235884,118.73778049340017,117.05159458989031,118.33004760742188,605000
2015-07-31,119.41502931605558,120.34795288927532,118.98656545080134,119.09713745117188,733300
2015-08-03,119.1662595904232,120.45853702264668,118.88982956165388,120.22357940673828,636700
2015-08-04,119.97477700093896,120.78331492454492,119.07639801535716,119.31135559082033,514800
2015-08-05,119.58088508631694,119.94715618110186,118.52356530298354,119.12479400634766,467300
2015-08-06,118.95200969438456,119.60160695431044,117.6873702394763,119.394287109375,510300
2015-08-07,119.34592346976956,120.1406478881836,118.29551051794296,120.1406478881836,476600
2015-08-10,120.51383142856304,120.85245428313569,119.69146917083528,120.07846069335938,660900
2015-08-11,119.7950947317162,121.90973381163444,119.73980874041268,121.08737182617188,795700
2015-08-12,120.74184767121316,121.5780232832312,119.95404071328888,121.41908264160156,734500
2015-08-13,120.9422784422709,122.38660032334688,120.54838014359753,121.68171691894533,600300
2015-08-14,121.70241710881564,122.62152696650418,120.60363568331562,122.40038299560548,811100
2015-08-17,122.4073419416359,123.4162826538086,121.80611315684934,123.4162826538086,778500
2015-08-18,123.34021856230216,124.55648926131856,123.34021856230216,124.18331146240234,638700
2015-08-19,123.31260551377686,123.9898405782344,122.62845310868428,123.10528564453124,584100
2015-08-20,123.25042495923084,124.39066853625545,122.11017083747858,122.59391021728516,684100
2015-08-21,122.25531479176654,122.84270892517372,119.85733795166016,119.85733795166016,872500
2015-08-24,119.15245103628558,119.17318197306368,114.19755679647469,114.40487670898438,1307200
2015-08-25,116.67155647954324,116.68538061967796,112.16584636599062,112.2833251953125,1102500
2015-08-26,114.81259127551992,115.48982643460891,112.96746421639098,115.0544662475586,979500
2015-08-27,115.91827311065308,117.59754189224128,114.98533897995311,116.54022216796876,898800
2015-08-28,116.55407559890553,116.9548912979238,115.57967935877817,116.58863067626952,522100
2015-08-31,116.51261743855204,117.82562606241146,114.01097527490474,114.0662612915039,1746500
2015-09-01,112.7186481675392,113.36824539685082,110.92189032241028,111.82718658447266,739600
2015-09-02,113.0296332842326,113.65849964367774,111.77881790549112,112.73248291015624,740500
2015-09-03,113.05728155537624,113.70686830109038,112.33857413180296,112.73248291015624,449200
2015-09-04,111.55079524761,112.262585510514,110.0857528493577,110.93575286865234,604500
2015-09-08,112.20731928339848,113.2715567391827,111.4333360753593,112.48374938964844,678000
2015-09-09,113.27845388953288,114.9577336896932,111.21218251831344,111.35040283203124,833200
2015-09-10,111.2397705203312,113.09872095837515,111.23286372627976,111.85481262207033,905800
2015-09-11,111.84105391095063,114.55692291259766,111.84105391095063,114.55692291259766,1249700
2015-09-14,115.06136321562886,115.4276237684728,113.54794179608676,113.9211196899414,847000
2015-09-15,114.13537812359591,115.8975817811118,113.51341830902736,115.43456268310548,486900
2015-09-16,115.330857168671,117.04468084940537,115.330857168671,116.49874877929688,527000
2015-09-17,116.38823667201424,119.62930732916476,115.60733608318164,117.37645721435548,894300
2015-09-18,116.69229253697996,119.8435217632738,116.20163571559932,118.05368041992188,1119000
2015-09-21,118.03985234046566,119.81588002854424,118.0329455426904,119.08335876464844,426700
2015-09-22,118.66873152479496,118.97279937488996,117.36953636338193,117.83946228027344,591200
2015-09-23,117.7979787735367,118.83456777506656,117.34187708212868,118.45448303222656,533300
2015-09-24,118.06058352968412,118.67562596433238,116.07033965904414,117.02399444580078,788400
2015-09-25,118.39920136054155,119.097167517723,115.86301477585774,117.92927551269533,557500
2015-09-28,117.81093187739548,118.81340208841486,115.68764575301952,116.4255828857422,927600
2015-09-29,116.71794180757776,120.58162377750332,116.31416858506392,120.30315399169922,1233700
2015-09-30,121.3474135299775,121.72334515253591,120.30317554681888,121.70246124267578,1099400
2015-10-01,122.2454908864092,122.5935702902742,120.24750788489652,122.0018310546875,1064900
2015-10-02,121.68850794276663,123.526365958141,120.56072394927313,122.3846664428711,598400
2015-10-05,122.62139384872567,123.61690632039232,122.1549687911757,123.24793243408205,640600
2015-10-06,122.94156769557183,123.63772603898384,121.50051482589302,122.22452545166016,842300
2015-10-07,122.21063015643414,123.06690216064452,121.38915758015104,123.06690216064452,785600
2015-10-08,123.05997685252702,124.3130646419145,121.8695407969742,124.07636260986328,689200
2015-10-09,123.83267611413656,124.62629637112752,123.1991693361999,124.5706024169922,558000
2015-10-12,124.87690164453926,125.96986484779846,124.03454527658432,125.44078826904295,609600
2015-10-13,125.00222164855792,126.1856890032882,124.40352489886575,125.12056732177734,771200
2015-10-14,125.5243543010098,125.64966837156572,123.36626903456808,123.72826385498048,564600
2015-10-15,124.02063901524365,125.84458160400392,123.84659938113718,125.8445816040039,513400
2015-10-16,126.5894755013361,128.12102227537486,125.31550400647733,127.6894073486328,929100
2015-10-19,127.56408911420657,129.08866732719278,127.22992538139636,128.97032165527344,639500
2015-10-20,128.69885082594132,129.8614345382871,127.80776857189738,128.57354736328125,593400
2015-10-21,129.12349414840187,129.4367633938816,128.09318239475448,128.2532958984375,662000
2015-10-22,128.93550807235877,129.3531967587109,127.75203023802436,128.6431121826172,820700
2015-10-23,128.2045609090802,130.10507077318172,126.16481083717578,127.29259490966795,665400
2015-10-26,127.85648483932044,129.09564623756302,126.03254217224304,126.70085906982422,822800
2015-10-27,124.61239537994136,126.5964517341678,123.49157955525378,124.54974365234376,1185300
2015-10-28,125.01611705018593,125.5451935690373,121.45874747720175,123.26179504394533,968400
2015-10-29,122.84415440778592,124.0415374580269,122.03660786148646,123.88142395019533,822200
2015-10-30,124.11115671213877,124.27127021886513,121.2986805887126,121.70941162109376,891100
2015-11-02,121.70940574739744,125.48258397416298,121.5144821949104,125.4129638671875,974400
2015-11-03,124.70984183454982,125.57308225798032,122.8928675997948,123.71434020996094,659000
2015-11-04,124.11115855595928,124.52885797910186,123.01819504071176,123.98585510253906,663600
2015-11-05,123.6099053105359,124.60541751945682,122.62831924634744,123.51244354248048,518600
2015-11-06,124.29914315480563,124.29914315480563,119.2659185197688,120.40065002441406,656300
2015-11-09,120.07342102843376,120.34492243192445,117.53244662711192,118.49314880371094,788900
2015-11-10,117.79699924279956,121.27082379535231,117.76914695068402,120.08039855957033,722600
2015-11-11,120.20568137450717,121.82077411881065,119.94113775750066,121.08980560302734,391400
2015-11-12,120.98536920722104,122.41249611713756,119.9272160389472,121.00626373291016,703100
2015-11-13,121.5631977231014,121.89736146191667,120.03165109907415,120.18480682373048,496000
2015-11-16,120.19176192303206,121.60496284171604,117.66471376723956,121.42396545410156,700400
2015-11-17,121.13852883549708,122.9624712094914,120.651220041886,121.93911743164062,556600
2015-11-18,122.29418297734232,123.02515164972168,120.9854013781312,122.80237579345705,581300
2015-11-19,122.80239170780088,124.1111734766211,122.22458932862736,123.49855041503906,410500
2015-11-20,123.8814182468994,125.53827908069373,123.70737860040968,125.32247161865234,509600
2015-11-23,125.44077171022508,126.47804082786926,125.10661868472808,126.3527374267578,552100
2015-11-24,125.47559210974966,125.9002491527948,123.78392169736074,124.92562103271484,1004100
2015-11-25,125.12755689885158,126.85402733961472,124.34089424196478,126.03255462646484,577500
2015-11-27,125.8654711387486,127.67547704087384,125.21108038563948,126.94451904296876,536800
2015-11-30,127.25082319746872,128.7962961074198,126.10912354190042,126.5546646118164,2307600
2015-12-01,127.1533543269176,128.71275329589844,126.77047562419796,128.71275329589844,865800
2015-12-02,128.42037473231773,129.01211377723502,125.7332021754354,125.90724182128906,826500
2015-12-03,125.30853346511836,127.15334929211822,122.07835836069675,122.67009735107422,1099800
2015-12-04,123.49854611994463,126.86099383366886,123.0460472249926,126.77745819091795,804200
2015-12-07,125.51039552177376,127.31345388336196,124.0415008464264,124.63323974609376,811200
2015-12-08,124.48709322912904,125.26678750750304,124.01369982973208,124.8630142211914,954600
2015-12-09,123.99976270504833,125.17627240328548,122.65618174625754,123.30360412597656,774000
2015-12-10,123.68652703114816,123.78398883376286,120.9784698486328,120.9784698486328,1054100
2015-12-11,120.86006025755192,122.22453539556462,120.04555620419772,121.77202606201172,1227700
2015-12-14,121.59800395995649,122.5795899946852,119.53041236447926,121.35435485839844,1026500
2015-12-15,122.45425736775032,124.27819958502415,122.01568480245176,123.12953186035156,744800
2015-12-16,123.68651978123522,126.30407277127284,123.19921079672544,125.94903564453124,910300
2015-12-17,126.0186190452477,126.51288564888894,123.78394550829069,124.59844970703124,696200
2015-12-18,124.02057662740428,125.23885345330228,123.3731546130276,124.0623550415039,3487700
2015-12-21,124.9047642398043,126.039506061648,124.4940332497327,125.2737274169922,552600
2015-12-22,125.80279379133243,127.39003415224138,125.767983745538,125.8793716430664,626100
2015-12-23,126.09516038294642,127.50836092814728,125.94896246127291,127.44570922851562,528100
2015-12-24,127.22989116305055,127.82858774514688,126.276157660683,127.2090072631836,489300
2015-12-28,126.77051283384812,128.14890418681858,126.5338107853263,128.02359008789062,509700
2015-12-29,128.9278151852413,130.07032342430276,128.1638114637076,130.04928588867188,553900
2015-12-30,129.8389596755484,130.63801134037993,129.66372895347803,129.89503479003906,441200
2015-12-31,129.93006583749255,130.5889350305467,128.8927030097232,129.06092834472656,492500
2016-01-04,127.81326092303696,128.05857745531233,125.64039623584456,126.6707534790039,807000
2016-01-05,127.16846162625986,129.75486934722215,126.70586054964843,129.58665466308594,904300
2016-01-06,128.4300715946199,129.12398896257744,127.84830443273812,128.61932373046875,822600
2016-01-07,127.18244204641586,129.29222655462362,126.77590553219387,128.0305633544922,894900
2016-01-08,128.36006563423211,129.25023037405174,125.70356078735144,125.75963592529295,799200
2016-01-11,125.92779663049888,127.40674421112068,125.59134597573647,126.54460144042967,836900
2016-01-12,126.93710707333872,126.93710707333872,125.1918056749594,125.8226318359375,927600
2016-01-13,125.87176783740424,127.61707015477626,124.02833671676058,124.06338500976562,819000
2016-01-14,124.56100056364976,125.66844922091876,123.22223539430485,123.48857879638672,876200
2016-01-15,122.26899399977373,125.46520075468912,120.19425748250794,123.15215301513672,1019000
2016-01-19,124.0843896047594,125.55633208523057,123.00497296225323,125.00961303710938,1134800
2016-01-20,124.76425127004596,124.93948196003196,118.65920932503072,120.22227478027344,1135100
2016-01-21,121.021324827754,121.72925295640874,119.39517891073837,120.0680694580078,827700
2016-01-22,121.37179325965116,122.55635448966196,120.67087046747749,122.1918716430664,693900
2016-01-25,122.5774353456622,124.39982899142146,121.4769809431958,122.14987182617188,850200
2016-01-26,122.47223877047485,125.1147207410148,122.47223877047485,124.7642593383789,881900
2016-01-27,124.45587704782189,124.78531168929766,122.31805991544786,123.07505798339844,625300
2016-01-28,122.76659004099857,123.40443217868096,119.1708643485428,119.67552947998048,1013900
2016-01-29,120.88113643038184,121.67317182751086,116.4933533788044,120.20124053955078,1897200
2016-02-01,119.76667746706562,121.8344083187058,119.1708994939902,120.5376968383789,829900
2016-02-02,120.8601121398047,121.58907783431675,117.90923316873676,118.0494155883789,953100
2016-02-03,118.988637019232,119.49330223292104,116.46532164601857,118.5190200805664,1290900
2016-02-04,119.00968872413232,121.31573094283394,117.1802796158801,119.9419174194336,837200
2016-02-05,119.14285224066307,120.1802256651294,116.29710743904334,116.5424346923828,927200
2016-02-08,116.44430738799632,117.25736970204385,113.10090266025736,114.63592529296876,1077900
2016-02-09,113.66864322685078,115.14759068503986,112.61025370468263,112.92566680908205,932300
2016-02-10,113.68970883891566,116.36723984153052,113.20607025607,115.32286071777344,794200
2016-02-11,113.3883179222502,114.35558439987624,112.71542712912064,113.24111938476562,910700
2016-02-12,114.45367376156284,115.52609543322548,113.54948809926732,115.24571990966795,873400
2016-02-16,116.24811770874626,116.26212847225965,114.10328371963344,115.9116668701172,1455300
2016-02-17,116.39524816008246,118.40689334130916,115.58217507744446,117.5868148803711,710800
2016-02-18,117.29947211015478,119.03075283159497,117.12424135450486,118.00740051269533,504500
2016-02-19,117.65693960945724,120.1872721619286,116.48639943909464,119.23401641845705,664900
2016-02-22,119.8087208988322,120.93720695767406,119.54237752575648,119.9068603515625,564900
2016-02-23,119.55642469339094,121.28769442411212,117.83915502492545,119.486328125,443000
2016-02-24,119.06577251838836,120.81107443244376,117.8672003193472,118.96764373779295,865800
2016-02-25,119.85781364205133,121.245637963241,119.11483709328547,121.056396484375,541900
2016-02-26,121.02832165128368,121.18252550131722,119.75264789537104,120.15216827392578,636300
2016-02-29,120.15217736388632,121.97458080475504,119.8928393670426,120.30638122558594,1075000
2016-03-01,121.07037796865832,124.5049057006836,120.44655717804947,124.5049057006836,1027100
2016-03-02,124.23857704034702,125.74555691253124,122.38113573786566,125.13575744628906,688000
2016-03-03,125.12878683628796,126.06101578333592,123.88114465337854,126.01895141601562,683900
2016-03-04,125.86472448286854,126.3763951816088,124.84137239015384,126.18013763427734,886300
2016-03-07,125.04463695409768,126.50255782139888,124.44184285218694,126.31331634521484,545800
2016-03-08,126.29229743321744,127.014257942409,125.48624028411692,125.71054077148438,701300
2016-03-09,125.46520835371572,127.5259235429418,125.07969859123544,126.4815444946289,461500
2016-03-10,127.21748935779412,127.54692393241092,124.53295372593443,125.77359008789062,475000
2016-03-11,127.10537389862957,128.41610717773438,126.02595718754412,128.41610717773438,875200
2016-03-14,128.5352468692499,128.78757954507347,127.30863177473655,128.4791717529297,680400
2016-03-15,127.95351206683712,129.22918652760106,127.53295393524073,128.99087524414062,464500
2016-03-16,128.57030548128867,130.00019444316985,127.86237707555708,129.7969207763672,508800
2016-03-17,130.09129158611628,132.6706826662697,129.52353506591515,132.4393768310547,856400
2016-03-18,132.5234843784053,133.46972378016997,131.10060119628906,131.10060119628906,1372600
2016-03-21,131.10062373882806,131.53520324017953,129.15907486972313,129.6917724609375,654000
2016-03-22,129.74081789623992,130.9323845478515,129.5866140206537,130.26651000976562,543900
2016-03-23,130.39971711380292,130.78522692324825,129.64272964555707,130.02822875976562,543300
2016-03-24,129.7408417580139,130.0772817778826,128.8576719999098,129.73382568359375,493500
2016-03-28,130.40670890891147,131.38799670003448,129.81092016022157,131.0235137939453,639300
2016-03-29,131.1082419370882,133.89702580381726,131.03764622315526,133.86878967285156,860600
2016-03-30,134.39122538242347,134.49006798249889,133.24040664558888,133.3180694580078,650400
2016-03-31,133.58641505219097,134.28536987304688,132.8874494582953,134.28536987304688,930700
2016-04-01,134.0523681640625,134.4971653867296,133.24044732789878,134.0523681640625,550800
2016-04-04,134.21472715064067,134.73011996624868,132.85915602988746,133.93231201171875,498500
2016-04-05,133.3110140917535,134.18647404936573,133.13450867797226,133.91818237304688,579900
2016-04-06,133.6852178899801,134.06646488120717,132.8521066528001,133.7558135986328,469300
2016-04-07,133.12744250630973,133.77698114084498,131.7789385499746,132.68971252441406,504300
2016-04-08,133.50163711090536,134.44064723965388,132.99330063860486,133.5792999267578,496600
2016-04-11,132.6120964979405,132.83096156610645,130.80468213407292,130.99530029296875,721600
2016-04-12,131.3977038561624,131.46124322597333,129.77385173176273,131.04469299316406,761100
2016-04-13,131.40476320541038,131.67305491480695,128.559496446306,129.26551818847656,973700
2016-04-14,128.93366087621385,129.00426734528074,125.6718445383754,125.8695297241211,1100800
2016-04-15,125.62242170732311,128.65831682869813,125.10702894104251,128.08644104003906,708700
2016-04-18,128.3406527203141,129.2796630859375,127.29574338501229,129.2796630859375,754900
2016-04-19,129.18787119202352,129.65384818446924,128.71483785958492,129.6397247314453,607900
2016-04-20,129.85151245290297,130.18334352059878,126.62499881924848,126.6673583984375,707600
2016-04-21,126.37789317369764,127.8746558354221,124.79640057635918,125.40357971191406,865400
2016-04-22,126.2155151738105,127.59931181377657,125.6577519411316,127.20394134521484,575300
2016-04-25,126.85796159712224,128.26294852232428,126.85796159712224,128.2488250732422,481600
2016-04-26,128.50297394974294,130.0703425978514,127.71928962568867,128.3194122314453,494600
2016-04-27,127.40865711591024,127.41571345330982,124.03386410399727,126.7449951171875,1213500
2016-04-28,125.80600054426525,129.5973333877436,125.29060775208944,126.77324676513672,628900
2016-04-29,126.07429439792357,126.44141790861664,123.32785976789692,124.81756591796876,897300
2016-05-02,125.4106842738941,127.96648032318288,125.4106842738941,127.66995239257812,569400
2016-05-03,127.24629606859442,128.15707015242836,126.78032990446216,128.0582275390625,621700
2016-05-04,126.7450297323122,130.776407960483,126.36377194792652,130.7199249267578,1074100
2016-05-05,130.4798406828726,132.18135520065442,130.30333529570936,131.69419860839844,737400
2016-05-06,131.55304546131177,132.7674038392279,130.08451880027278,132.52735900878906,648300
2016-05-09,132.7320824484923,133.4522276143971,132.10372355292887,133.42398071289062,525900
2016-05-10,133.68522707475302,135.76092203876675,132.8026998581862,134.85015869140625,848100
2016-05-11,134.7301160419889,134.9207449085793,131.24942362078028,132.08253479003906,682000
2016-05-12,132.04720966147727,132.69674819484513,130.58575065465806,132.4849395751953,558700
2016-05-13,132.3931920714482,132.3931920714482,131.00232846196053,131.38357543945312,495300
2016-05-16,131.3200665512812,132.96509878525274,131.03059500184855,132.4920654296875,427800
2016-05-17,132.01193534880426,132.05429492740703,129.4843763528224,130.1551055908203,1165500
2016-05-18,130.14805629530682,130.14805629530682,126.9497783965434,128.39712524414062,846200
2016-05-19,126.82972151719312,127.46513665661702,125.84129557297037,126.59673309326172,678600
2016-05-20,127.0203711152154,127.71226938918312,126.37788876001284,127.39456176757812,900100
2016-05-23,127.8252333882068,127.83228972704894,126.78032426864084,127.232177734375,369900
2016-05-24,128.32649292768986,129.21608711323114,126.57556222891732,127.1474380493164,994300
2016-05-25,127.59931682898848,128.00881076553298,126.20139668219016,127.65579986572266,919400
2016-05-26,127.69108070212322,127.72638394051653,126.54732903482396,127.04154205322266,939400
2016-05-27,127.3521891844899,128.63714299065845,126.30726938171888,127.1897964477539,857000
2016-05-31,127.56400004550052,127.56400004550052,125.67186699439527,126.99919128417967,964300
2016-06-01,125.7424650990474,126.24373445728028,123.31374880423856,124.55634307861328,1328900
2016-06-02,124.25279992494124,124.77524924404064,122.81250919441338,124.6481704711914,805200
2016-06-03,125.46006488427948,125.62951398536032,122.37475323339623,122.43123626708984,1065700
2016-06-06,122.39598687181598,123.10906528646797,118.7246742508553,120.1861343383789,1283600
2016-06-07,120.36963576392384,121.5133873969368,119.64949065982452,119.87541198730467,887100
2016-06-08,118.82348040280408,119.8613333919487,117.61617829009188,119.74836730957033,952800
2016-06-09,119.40945445003314,121.04741920414826,118.76697211276068,120.2001953125,820300
2016-06-10,119.6283480714646,120.29201035680632,119.25415734003384,120.06607818603516,811200
2016-06-13,120.6732474457898,122.03587515206048,120.25669716005898,120.468505859375,675800
2016-06-14,120.24261542028091,120.39088479314918,119.45187415976132,120.02375030517578,920400
2016-06-15,120.29901763051318,122.3605993692614,119.74832165517113,121.86638641357422,1276300
2016-06-16,121.64044888212383,123.04543565384164,121.11093271625992,122.98895263671876,912600
2016-06-17,122.8407513540418,122.8407513540418,121.70405569100372,122.49479675292967,1083400
2016-06-20,123.2855159925008,124.77522233350204,122.64304437992716,122.84778594970705,934800
2016-06-21,122.92541736487324,123.89266347927077,122.92541736487324,123.60320281982422,686400
2016-06-22,123.93506683313556,124.61285252752972,122.96782037703628,123.51851654052734,617900
2016-06-23,124.67634445084954,124.9375797532014,122.92541400192609,123.36314392089844,545600
2016-06-24,120.24961651892006,123.72324185738808,119.8824822325024,121.83816528320312,1077700
2016-06-27,121.28747690732796,123.90682245258748,121.0756789916509,123.53968811035156,1070300
2016-06-28,123.8812087238999,126.59917571443587,122.94200877975322,126.58495330810548,1074200
2016-06-29,127.12571857929684,128.2997187006167,126.0940293988404,126.75572967529295,833600
2016-06-30,126.9122469261148,128.37084703053844,125.79518000827947,128.34950256347656,807400
2016-07-01,128.6839006725934,129.4025229901812,128.10757840662325,128.58428955078125,789600
2016-07-05,128.4348535669081,130.37016445890183,128.4348535669081,130.14248657226562,690000
2016-07-06,129.8294416869613,130.3915307240026,128.71236395920255,129.40965270996094,731600
2016-07-07,129.26734832503763,129.44522612327668,127.68068140464884,128.6768035888672,554600
2016-07-08,129.95039053857116,131.75051280384957,129.15350155824817,131.5868682861328,1098100
2016-07-11,131.62953446679688,131.62953446679688,130.2918903180406,131.30935668945312,680100
2016-07-12,131.29517033240825,132.13475925446912,130.21367019054006,132.10629272460938,743400
2016-07-13,132.5403325795239,133.57914392101185,131.8501657058014,133.3585662841797,705900
2016-07-14,133.31580678893064,133.76406217358058,131.31646270310435,131.94970703125,482900
2016-07-15,131.55838768760697,131.55838768760697,129.544820987149,130.39151000976562,828400
2016-07-18,130.28482631862946,130.6050042119735,129.87925969207356,130.32040405273438,476200
2016-07-19,130.0144325998362,131.2453547365297,129.72983247555032,131.0888214111328,460000
2016-07-20,131.13147923323243,131.34493470420406,129.9717128311637,130.75437927246094,395400
2016-07-21,130.55517828406423,131.51571177438396,129.8578895750878,130.9180450439453,605000
2016-07-22,131.0390096762332,132.26280974597145,130.88959841170865,131.8572540283203,732400
2016-07-25,132.04222568439468,132.66123684117102,130.96784787705238,131.75050354003906,714200
2016-07-26,130.8255426850004,130.8255426850004,128.8404314899237,129.79385375976562,895300
2016-07-27,129.2602340692754,129.63022292077977,125.66710045833254,127.9012451171875,2249400
2016-07-28,127.7162744177878,130.5623195301619,127.41032977947182,129.69427490234375,979400
2016-07-29,129.69425190775036,133.35852999754087,129.69425190775036,132.092041015625,922000
2016-08-01,131.92125426109078,133.3940763536875,130.64053231744407,132.86044311523438,656200
2016-08-02,132.5545063961176,132.89602864890313,131.08167336013568,131.48011779785156,655200
2016-08-03,131.22399788856674,131.39476447523342,129.45234205039415,130.08558654785156,499100
2016-08-04,130.29903033874209,130.29903033874209,128.84043042221592,129.12503051757812,534300
2016-08-05,129.21037818055308,129.96457796476614,128.6554005711588,129.9361114501953,525400
2016-08-08,130.20656038421637,132.26282748825247,129.64447126665362,132.2201385498047,778100
2016-08-09,132.01377661242148,132.51184311273917,130.64767648014154,132.32684326171875,633000
2016-08-10,132.5900918062879,132.76796957320977,130.1780697210991,130.73304748535156,659700
2016-08-11,130.8469471226983,130.8469471226983,128.22147907597764,129.00413513183594,589800
2016-08-12,129.11081625611823,130.65479412727854,128.30680519365103,128.63409423828125,602400
2016-08-15,129.02545015025527,129.56620565984312,128.84757233405932,129.33140563964844,1070700
2016-08-16,128.86884887954773,129.36691518781691,127.03314948114604,127.2466049194336,576200
2016-08-17,127.52417286098247,127.573983865435,125.25444997718988,126.86247253417967,848300
2016-08-18,126.85525101328828,127.26792856467796,125.66702932451798,126.1010513305664,779300
2016-08-19,125.66709464912168,126.2363057350926,124.44329461416362,125.33980560302734,762700
2016-08-22,125.5745830511777,126.0797497924456,124.18712788532616,125.19036102294922,600500
2016-08-23,125.53189550213372,125.6457398813532,124.46462887474556,124.49309539794922,409900
2016-08-24,124.6140855254991,125.04810784189662,123.091451815921,124.1444854736328,398300
2016-08-25,124.23693096470772,126.07974177224794,123.5040755338049,124.64248657226562,566500
2016-08-26,124.99114995235706,125.81650540967628,122.80681658523515,123.48274993896484,505100
2016-08-29,123.9736915922011,125.4536359068522,123.9523471288434,124.90576934814452,475200
2016-08-30,125.11212836625468,125.11212836625468,123.29066140857444,124.1017837524414,612600
2016-08-31,124.2298341297488,125.05517869961945,123.4400564270714,124.52154541015624,849000
2016-09-01,124.65675229691992,125.41095238481148,123.9594744042955,125.0907745361328,570800
2016-09-02,125.44651372906776,127.30355803700913,124.6567360151893,124.84173583984376,759500
2016-09-06,125.99436537019788,127.23950958251952,124.83459900111784,127.23950958251952,907100
2016-09-07,126.89091003148246,127.98664340444472,125.58884317900898,127.94395446777344,608900
2016-09-08,127.2324211448244,127.2324211448244,125.1547991619976,125.18326568603516,1334800
2016-09-09,123.12701379075354,123.81718051466189,120.73633575439452,120.73633575439452,858500
2016-09-12,120.63675945058976,123.23377170515096,120.26677048449696,122.77129364013672,966400
2016-09-13,121.56878755885704,122.10242088639676,119.9394319090934,120.18134307861328,979900
2016-09-14,120.4730635240556,122.30875259071506,120.34498588173189,121.85338592529295,626600
2016-09-15,121.71110134709316,123.33334597739136,121.19170122289394,123.29065704345705,824600
2016-09-16,122.92773515717488,123.39021287659892,122.09526874813506,123.32617950439452,1123200
2016-09-19,123.66773791314596,124.9271155527898,123.26929344918564,124.80615997314452,439200
2016-09-20,125.48214005353948,125.61732894490112,125.0410064979816,125.3327178955078,526700
2016-09-21,125.2188554142557,127.41742233617067,123.83139993958804,127.22531127929688,685300
2016-09-22,128.07199909575064,129.786743467053,128.07199909575064,129.5732879638672,1011100
2016-09-23,128.93295195730505,130.88248573669495,128.21431868230405,130.04290771484375,948400
2016-09-26,129.8792884968896,130.76156655708394,129.07528798316665,130.54811096191406,797300
2016-09-27,130.9180534331311,130.9180534331311,128.94005327697877,129.3242645263672,898600
2016-09-28,129.84041256496462,130.60742083234976,128.61461909490413,130.17015075683594,519300
2016-09-29,129.6397009583534,130.35653643849238,128.270542566158,128.60028076171875,837100
2016-09-30,129.69701321112595,130.11995437592446,127.43898625846148,127.48199462890624,1153300
2016-10-03,127.01605213983838,127.29561747720255,124.39959665821262,124.53579711914062,1000600
2016-10-04,124.9228857128167,124.9658940789813,122.54298736335282,123.74727630615234,913600
2016-10-05,124.0053513712606,124.37809787858484,119.59680739750895,119.77601623535156,1359300
2016-10-06,119.53227905716312,120.8297491217305,118.0054164601888,119.67564392089844,598500
2016-10-07,120.08426482950516,121.869177909147,118.27783662566212,118.7294464111328,873600
2016-10-10,118.7653090705774,120.01260686944036,118.52158760789322,119.79755401611328,512500
2016-10-11,119.76169638770835,120.1129387358833,118.69360769634896,119.62549591064452,723800
2016-10-12,119.9552082994574,120.51433892029806,119.13801655068735,120.18460083007812,690100
2016-10-13,119.50364450771842,120.6075663048434,119.37460843696604,120.50720977783205,791800
2016-10-14,120.65056676425498,121.47493405306987,119.65416597644872,121.09500122070312,818900
2016-10-17,121.04484006907995,121.61831064295644,120.52871764639528,121.20970916748048,580100
2016-10-18,122.04122181832284,122.37813531747535,120.94446457658462,120.98030853271484,630700
2016-10-19,120.7723772263576,121.31000356311422,120.17023835431878,121.24549102783205,413300
2016-10-20,121.67563925407728,122.772396491642,120.0699240926956,120.5143585205078,675600
2016-10-21,119.53227923456376,120.95878533523664,119.4534269186866,120.38531494140624,423500
2016-10-24,121.05915061169692,121.89067125810392,120.05557461521582,120.5860366821289,606200
2016-10-25,118.2276542597332,120.15594318669388,114.10585081474164,119.61831665039062,1715400
2016-10-26,119.6469973646232,121.37457327668696,118.33518729061048,121.23837280273438,873600
2016-10-27,121.22401294659784,121.22401294659784,117.76169727995108,118.77960205078124,1115400
2016-10-28,119.3745744010544,121.5895927187172,118.77959982553924,120.0412368774414,897600
2016-10-31,120.6648962900536,122.7652186242065,120.20612210162858,122.70787048339844,680300
2016-11-01,122.85835935619016,122.85835935619016,119.98385472994792,121.3314971923828,826600
2016-11-02,121.6971292124365,122.66485028289502,121.19534670130558,121.55376434326172,824600
2016-11-03,121.57530125351032,123.31720621206094,121.08784744145264,122.29930114746094,808800
2016-11-04,122.51433073026098,123.71144443692025,121.5537739986478,123.01611328125,829300
2016-11-07,124.28493589387064,124.85123109607672,121.8691929492155,122.3781509399414,710100
2016-11-08,122.67919605556888,124.42111156851104,122.27060561152102,123.95516204833984,529500
2016-11-09,121.77598000542292,123.31000705625338,119.2598811900712,121.36021423339844,856800
2016-11-10,120.70791760867898,121.31005674469188,116.9732002059969,119.37460327148438,1272800
2016-11-11,119.42475721396328,122.03403709056566,119.37457349612578,120.18460083007812,1192400
2016-11-14,119.71151480650708,124.1415524395064,117.70437344849049,122.72222137451172,1058400
2016-11-15,122.95879865988375,123.0949991618602,118.0699859903626,118.37105560302734,1464200
2016-11-16,118.54309824616983,120.48572751154585,117.9696385235011,119.48932647705078,692200
2016-11-17,119.48213536940176,120.82978960370616,117.08790743495852,117.6255340576172,655900
2016-11-18,117.50365767946022,118.1918244775099,115.618377073693,116.35672760009766,918900
2016-11-21,116.52161458122193,117.61837203876686,114.464289225361,114.51447296142578,1144500
2016-11-22,115.10945041482393,117.3818177263351,114.17756204068584,116.4140853881836,1446100
2016-11-23,115.23846827559792,115.31732061622648,113.48939888554554,115.00908660888672,1060500
2016-11-25,114.66498251062676,115.7689040898298,114.66498251062676,115.33879852294922,425600
2016-11-28,115.8764239583822,118.07711361930674,115.84775535860246,117.14522552490234,808800
2016-11-29,117.5466660758356,118.8584761731512,117.31010908077474,118.10579681396484,747200
2016-11-30,117.11654389894878,118.87278803265968,116.47856097893012,117.9122314453125,1064700
2016-12-01,117.15959782054254,118.2061715426624,115.83344774824832,117.20260620117188,1105600
2016-12-02,117.84770852117236,120.05556236245263,117.17389258672372,118.01258850097656,752400
2016-12-05,117.99828297094416,118.6864498104854,117.03772610032772,118.00544738769533,888200
2016-12-06,118.08425985604748,119.25986915073425,117.25990374831144,117.70433807373048,875500
2016-12-07,117.8406112383834,120.55741352006396,117.64706255159038,120.50007629394533,743800
2016-12-08,120.03408059346788,121.42474296221825,118.57174125049684,120.98030853271484,709600
2016-12-09,120.93013350052809,122.49284040822695,120.63622835238628,121.1810302734375,533000
2016-12-12,121.23120184928648,122.56451615831944,120.64340249693883,122.14875030517578,593300
2016-12-13,122.77238039989328,122.91574526703803,121.03764034995346,122.31360626220705,600700
2016-12-14,122.3136506173186,123.95519917677872,120.98750050473598,121.883544921875,1353900
2016-12-15,121.85486752448548,123.52509551013252,120.76527452917948,121.57530212402344,1002600
2016-12-16,122.63620237246526,125.10928233155263,122.41398514705152,123.96234130859376,1119700
2016-12-19,124.84407824007576,125.50356561357954,123.7759893651604,125.2956771850586,925100
2016-12-20,124.68635583811934,125.96948643884348,124.42829464705228,125.61106872558594,687600
2016-12-21,125.44619584687032,126.57163268272728,123.96234130859376,123.96234130859376,883900
2016-12-22,123.55375178074652,124.77954514533454,122.79390799576788,124.52864837646484,686000
2016-12-23,124.99455400064326,125.66121644403296,124.32072714273616,125.08058166503906,367700
2016-12-27,124.92288447681804,126.80815378262147,124.59313544275508,126.0339813232422,647900
2016-12-28,126.27956883796558,126.66243033484209,124.40860250075076,125.6511001586914,751800
2016-12-29,125.6222301266779,127.26204041484488,125.21047810294633,126.85028839111328,601700
2016-12-30,126.60465402736573,128.4178397396925,126.33737623852892,127.96995544433594,756300
2017-01-03,128.80068147639068,128.80068147639068,126.60463455783665,127.58707427978516,858200
2017-01-04,127.91945565089168,128.86577467543736,126.83588222931807,128.114501953125,759700
2017-01-05,127.05979230277434,129.03912330554866,126.30128886234804,128.89463806152344,840600
2017-01-06,128.65621120126454,130.52717753724818,128.65621120126454,130.0287322998047,732800
2017-01-09,129.90594029875805,130.05041447633548,127.76768499352372,128.02052307128906,637000
2017-01-10,127.56544209447854,128.36728660164815,126.87918135941948,127.73159790039062,602900
2017-01-11,127.56543874227944,128.504537576318,125.88228730667896,126.53965759277344,1118300
2017-01-12,126.34461750493276,127.87607496294603,125.43442008023348,127.56544494628906,679100
2017-01-13,127.38482587324124,127.8110285630952,126.7563571264168,127.32703399658205,471400
2017-01-17,127.29815507546688,128.69234702436157,126.30849527707686,127.36316680908205,807800
2017-01-18,127.61602950737404,128.41064323537418,126.7563930105538,127.55101776123048,609900
2017-01-19,127.01642860817353,127.01642860817353,125.63667634028258,126.57577514648438,594400
2017-01-20,126.6913355194269,128.128868382036,126.2940232875478,127.83992004394533,564000
2017-01-23,127.55823402107376,128.2228242380654,126.96587540131472,127.78939056396484,519100
2017-01-24,128.08552598353683,128.5767513807039,126.06285456862469,126.82135772705078,746900
2017-01-25,126.24343817478017,126.92970969625785,125.19598677947886,125.2826690673828,957600
2017-01-26,125.49215934303128,126.45292839976872,125.09484717330216,125.84613037109376,671000
2017-01-27,126.07014141143662,126.21461564321228,124.33641756209671,125.05879974365234,577900
2017-01-30,124.99380638552196,125.60060486187616,123.91023295374131,124.32921600341795,692600
2017-01-31,124.61095513012629,125.99070806135808,124.35811689905115,125.19608306884766,963000
2017-02-01,124.40140618365656,125.3982858251086,122.44374615910074,122.52320861816406,1181200
2017-02-02,123.77292836777428,127.75326021441164,123.59233286903898,126.8069305419922,1514700
2017-02-03,127.63766422317258,129.30636470801133,124.9142812767726,125.3549346923828,908100
2017-02-06,125.47051673639024,126.79969681620562,124.7409039468198,126.28681182861328,645000
2017-02-07,126.1279546948744,127.51492739591428,125.90400692157073,126.93701934814452,697200
2017-02-08,126.92971940547572,129.54473816887514,126.3879330192904,128.94515991210938,928100
2017-02-09,128.9451981767866,129.38585167588877,128.47565424515702,128.7646026611328,634900
2017-02-10,128.0205671748793,130.22383496565692,127.96999513283468,129.93487548828125,591900
2017-02-13,130.32496977644752,130.32496977644752,127.70993882881136,128.98133850097656,884300
2017-02-14,128.5406637895003,129.02465844046324,126.92975490373688,128.9163055419922,536100
2017-02-15,128.09275560456612,129.02462334597678,126.96583065361212,128.46116638183594,637000
2017-02-16,128.78626090503985,129.48697232047087,128.07832963783744,129.35694885253906,569500
2017-02-17,129.50143742624928,129.96376151246636,127.98443066255308,128.97409057617188,498600
2017-02-21,128.60569157228943,131.2423819756519,128.51177836678184,130.8234100341797,609900
2017-02-22,130.9678898472979,131.35797136978044,129.0752410632727,130.54168701171875,497900
2017-02-23,131.191804726961,132.2898285308631,130.7150299278446,132.01531982421875,675500
2017-02-24,132.18875781203624,132.43436517974618,130.92458862668855,132.23931884765625,515900
2017-02-27,132.60045725572627,133.0194401987962,132.0225493679513,132.54989624023438,362100
2017-02-28,132.71601248440524,133.22889749523634,132.08031284235383,132.7593536376953,794300
2017-03-01,132.43431156817695,133.55400602646472,131.3290678382224,132.41986083984375,594000
2017-03-02,132.39814151830936,133.1205233515706,131.0617307177072,132.08029174804688,524000
2017-03-03,131.47355619065763,131.6902730482546,129.62425958149433,130.8739776611328,420400
2017-03-06,130.20213808876952,132.41262528657663,130.12989547834553,132.07310485839844,719100
2017-03-07,132.13092260327969,132.39820047334635,131.22794490962,132.2320556640625,428000
2017-03-08,132.54989166942622,133.0916782287807,130.99676358567137,131.13401794433594,806800
2017-03-09,131.3001534298386,131.76970836160325,128.71402444709972,129.06077575683594,698600
2017-03-10,129.06076619601782,131.11954820952147,127.24758038570232,128.4178466796875,576700
2017-03-13,128.36729561478913,129.50144079074022,128.0855670396605,128.5912322998047,833600
2017-03-14,128.88016566353178,129.53030500602486,127.91939635239066,129.0463104248047,585600
2017-03-15,129.38588218309386,133.04835437231563,129.38588218309386,132.6077117919922,1018400
2017-03-16,132.224819730059,134.55812193754824,131.9430911413211,133.56845092773438,1009100
2017-03-17,134.15356422481793,134.99874983047224,133.47452339052958,134.2619171142578,1673300
2017-03-20,134.32691455498852,134.78201868755988,133.10608735805295,133.5250701904297,714100
2017-03-21,133.77070487222372,134.9987631950476,133.09889484583994,134.0524444580078,803800
2017-03-22,134.76036689320162,134.76036689320162,133.27226170824397,134.4641876220703,529400
2017-03-23,134.26194180172794,135.73559648245126,134.1896991803681,134.9048614501953,957000
2017-03-24,135.31658925821435,135.8078036827794,134.50029414499318,134.8109130859375,524800
2017-03-27,134.42082707529084,135.12153840949074,133.3228034862343,133.53952026367188,471600
2017-03-28,133.54681237173156,134.12472041669142,132.10204777067148,133.68406677246094,586200
2017-03-29,133.3418671485612,134.3610287834107,132.79589127171928,133.56753540039062,708200
2017-03-30,133.2108495831042,133.7422630381475,131.88594267765188,133.45108032226562,424300
2017-03-31,132.8832519430306,134.49206584549563,132.8541381153069,133.6549072265625,659400
2017-04-03,133.66947258005092,133.94610395797343,132.4974437261023,133.6039581298828,395800
2017-04-04,133.57489985512686,135.03811205700327,133.1017138219846,134.0917510986328,493700
2017-04-05,133.9024136521199,135.3073863290141,133.21084638755872,134.93612670898438,538800
2017-04-06,134.76871443525548,135.67138761297602,134.2664147564737,135.27828979492188,518900
2017-04-07,135.27826645566216,135.88975678176277,134.41198293973238,134.50662231445312,814100
2017-04-10,134.58671127948767,136.35566797588078,134.41927066184124,135.9625701904297,391600
2017-04-11,135.97712632083025,136.95988748079472,135.73690667612794,136.31199645996094,418000
2017-04-12,135.72963340001883,137.3020469693373,135.6204426415566,136.4430389404297,659700
2017-04-13,136.406596688582,136.5376255480782,135.48935024048433,135.7514190673828,449100
2017-04-17,136.2610404799683,137.4476318359375,135.43844422008007,137.4476318359375,582000
2017-04-18,137.2364999530183,138.1901360436932,137.06178367302218,137.3238525390625,553600
2017-04-19,136.85066217827304,137.4694281049038,136.2246094650366,136.87977600097656,814700
2017-04-20,136.94534070763265,136.95262749691344,135.67868345875274,136.1591339111328,565300
2017-04-21,135.8897773590412,136.6177453168919,135.74418598905297,135.92617797851562,443700
2017-04-24,136.73419976616913,136.98170616414444,133.47290697593698,135.627685546875,764100
2017-04-25,136.0353741488695,137.85529411600442,135.4675600077562,137.78977966308594,702300
2017-04-26,137.54952073502002,139.0127431981046,136.55948403126482,137.35296630859375,757500
2017-04-27,137.3530045391958,137.8625910538353,135.10358596012213,137.02542114257812,617200
2017-04-28,136.95990529584657,138.26296318754572,136.21009911042623,138.19744873046875,706300
2017-05-01,138.8161505722622,139.83530082160124,137.76787539699652,139.05638122558594,625200
2017-05-02,139.15834039637488,140.0828515915964,138.6633164697253,139.1874542236328,685800
2017-05-03,139.79895919343733,139.79895919343733,137.03996557088473,137.64418029785156,748000
2017-05-04,137.39663370829896,139.35485757633558,136.15180399935605,139.0636749267578,782000
2017-05-05,139.28937376379704,140.4177262177715,138.08094439740097,140.31581115722656,862400
2017-05-08,140.49779059320232,140.7016206961039,138.86713866208217,139.66790771484375,689000
2017-05-09,139.58057963631262,139.98823991368872,138.53230400425443,139.86448669433594,563000
2017-05-10,139.87170810280435,140.86902025926435,139.47861044726477,139.9590606689453,538100
2017-05-11,139.10736943376304,140.09740612307144,138.2847733424041,139.6387939453125,395200
2017-05-12,139.84265286337785,140.4541432983279,139.45683072409437,139.79896545410156,445200
2017-05-15,139.61696747388635,140.5123760451484,139.13651707154423,139.99551391601562,524000
2017-05-16,140.12651256163986,140.83991782792123,139.1364760030039,139.8426055908203,655900
2017-05-17,138.3648625471962,140.62155634737317,137.36026330182918,139.0345916748047,805500
2017-05-18,139.52959205046608,141.30583532538623,138.52499289480292,139.66790771484375,705500
2017-05-19,139.84263885614092,139.92271576992852,138.3139018139808,139.22386169433594,1166900
2017-05-22,139.28934734164562,140.20659382046375,137.25832219608876,139.7479705810547,749300
2017-05-23,139.8935900337355,140.526918552312,139.13650830508718,139.5878448486328,615200
2017-05-24,140.09742898413782,140.62156679388315,139.2821084391603,139.99551391601562,583300
2017-05-25,140.5268830460564,141.2330126193943,139.07094761367418,139.8935546875,713400
2017-05-26,139.6606328529025,140.52690524135105,138.75067306394146,139.27481079101562,685100
2017-05-30,139.33303844255045,139.89357678276457,138.63419554505663,139.27481079101562,811700
2017-05-31,139.5005361543944,140.1484273450718,139.2166290283203,139.2166290283203,1561700
2017-06-01,139.26023409977805,139.58781736876227,137.498553461241,138.7579345703125,1148300
2017-06-02,139.34031608566886,142.56520803431653,138.9544940491017,142.41961669921875,953400
2017-06-05,142.1356897355639,145.24411484409163,141.36404577085847,144.93836975097656,900200
2017-06-06,144.5816919632689,144.63993072294113,140.89817650028488,141.00009155273438,805400
2017-06-07,141.40777230148277,141.85910886961292,141.0583508006049,141.7644805908203,735200
2017-06-08,141.76448423875163,142.08478080985128,139.2311477454479,141.378662109375,671500
2017-06-09,141.22577991081366,142.12117736395115,140.73804272551408,141.94647216796875,761400
2017-06-12,141.48781495294503,141.9027508020133,140.01004128172718,140.89816284179688,851800
2017-06-13,141.021929699123,141.4732662016982,140.03189300051045,141.00009155273438,555100
2017-06-14,142.33231871390902,142.7327033699329,141.5897881798203,142.20127868652344,829500
2017-06-15,141.65526436095482,143.75181536929773,141.57518745138873,142.652587890625,523400
2017-06-16,142.7181312381022,143.4606617219302,142.2376696833952,142.75453186035156,1143800
2017-06-19,143.16948213048866,143.91928837038242,142.4415140445404,143.1767578125,588100
2017-06-20,143.28593125263174,143.96293610640308,140.94914927303066,142.23765563964844,829300
2017-06-21,142.15756059120642,142.19396120521932,140.19204962149567,141.6334228515625,614700
2017-06-22,142.25949631955098,142.25949631955098,140.59973027210913,141.11659240722656,614300
2017-06-23,141.15298024142533,141.9683118940648,140.87635997541148,141.24761962890625,655100
2017-06-26,141.74989921098998,141.9828431445285,140.95641692839067,141.52423095703125,428000
2017-06-27,141.17478691568564,142.3468154913815,140.17747460686795,140.35946655273438,878300
2017-06-28,141.12952560178692,141.39353887714915,140.43282732217955,141.19552612304688,748700
2017-06-29,141.10753278266827,141.23953383206822,139.52345304793147,140.81417846679688,625400
2017-06-30,141.32752877726188,142.41291164004474,140.54281866550346,140.93150329589844,617400
2017-07-03,141.4009045798961,142.7649716519002,140.82887753586132,142.4789581298828,637300
2017-07-05,142.63295833602928,143.83568319596077,141.34956242858854,142.0829315185547,634500
2017-07-06,141.75288566687428,141.99489877387515,137.8953688484421,138.01271057128906,843700
2017-07-07,138.35735038253046,139.39873265958792,138.1813378548783,138.8267059326172,422500
2017-07-10,138.7974263697946,139.2227817738774,136.91267367600994,137.02267456054688,421400
2017-07-11,137.24268508783123,137.39669751377764,135.37993260396428,136.6339874267578,444900
2017-07-12,137.60200710551405,138.59204838342407,136.81729702930818,137.11798095703125,524000
2017-07-13,137.02267673160705,138.04940016162362,136.5899916584741,137.1033477783203,485200
2017-07-14,137.85139276564323,138.48942031165996,137.39670749747725,137.6607208251953,505100
2017-07-17,137.61666412960255,139.48675698820824,137.16930867080137,139.36941528320312,464200
2017-07-18,139.6407964067666,139.6407964067666,138.09338734221393,138.16671752929688,594200
2017-07-19,138.24002756643856,139.50142287765505,137.99068484430336,139.46475219726562,453800
2017-07-20,139.58939682012243,140.64544954725696,139.33272448720288,139.4280548095703,445000
2017-07-21,139.3327873602506,140.3448290218333,138.53340660532007,140.18348693847656,397600
2017-07-24,140.38148514035575,140.38148514035575,138.7240753173828,138.7240753173828,537600
2017-07-25,139.0907641434572,139.17143517928247,136.72931512056056,137.7560272216797,642100
2017-07-26,137.74871960452492,140.44751252525782,137.41870574708986,140.1614990234375,429800
2017-07-27,139.69946888745764,140.47683825953663,138.4160731002607,139.74346923828125,666800
2017-07-28,139.9707529318229,141.22481835408547,139.64806890783396,141.17347717285156,458200
2017-07-31,141.17350793480804,141.45219168721843,140.13212547885473,141.06350708007812,577200
2017-08-01,141.31289269884388,141.65757706870235,140.4328520229533,140.89486694335938,607600
2017-08-02,140.52083151760033,141.09285843008072,139.72146201045751,140.28614807128906,520200
2017-08-03,137.8733659421809,139.9634719764759,135.4825871357421,137.73402404785156,1108300
2017-08-04,137.63132834853877,138.89272364387722,137.43331562918485,137.7779998779297,513600
2017-08-07,137.7927201950894,138.72410208837934,137.27936406150124,138.19607543945312,448800
2017-08-08,138.1887062559881,139.12742880965794,137.4846783286384,138.27671813964844,726000
2017-08-09,138.1007093979321,139.0760914740327,137.90269664209993,138.80474853515625,610700
2017-08-10,138.49674579046433,139.31078586137042,138.19606180248928,138.64341735839844,427300
2017-08-11,138.90010406193636,139.00277528906113,137.93939232448506,138.24740600585938,397300
2017-08-14,138.6874082401488,140.87284466701797,138.6874082401488,140.4915008544922,736400
2017-08-15,140.3741281911386,140.9461549741652,139.5820885245663,140.858154296875,633100
2017-08-16,141.23220663293014,141.8409042598627,139.64812687057488,140.22015380859375,537500
2017-08-17,140.29347245753817,140.8141581086573,139.56743321983652,139.6187744140625,578400
2017-08-18,139.4354205194901,139.4354205194901,138.07868369530328,138.59938049316406,577300
2017-08-21,138.7900745468546,139.9121281512679,138.24737749236942,139.56744384765625,604100
2017-08-22,139.6554312944633,140.22012846877973,137.98335113314295,138.66539001464844,594800
2017-08-23,138.6140442991846,139.5600963958406,138.59204412859452,139.17874145507812,624700
2017-08-24,139.34012062292996,140.01481881152844,138.6800929487403,138.85609436035156,706700
2017-08-25,139.1494071207554,139.58942170863622,138.57738032328604,138.59938049316406,599100
2017-08-28,138.6360573769707,139.01008269246563,137.68268672178567,138.11537170410156,839500
2017-08-29,138.20336189393902,139.25941486162614,137.30132131333997,137.34532165527344,538500
2017-08-30,137.2573113738724,137.2573113738724,136.17191746057705,137.081298828125,627600
2017-08-31,137.38932532530035,138.11536455575293,137.2426537851955,137.6753387451172,997500
2017-09-01,137.96138327420155,138.9294357997603,137.62403977492409,137.87338256835938,572100
2017-09-05,136.7732876773912,137.70466923078968,133.57579911034983,136.90528869628906,1037100
2017-09-06,137.0592868666775,137.57998360909815,135.8272327234071,136.06190490722656,1238000
2017-09-07,136.28195027713133,137.05198989549493,135.66592305856918,136.3992919921875,1334100
2017-09-08,136.2819614649123,137.93204170101342,136.05461886727892,136.9639892578125,999900
2017-09-11,137.28666557830536,138.27671813964844,136.6192971462985,138.27671813964844,909600
2017-09-12,138.06403825542782,138.30605135835202,134.3531930579013,135.40191650390625,844200
2017-09-13,135.3579689321992,135.7906541074998,134.69060022365483,134.82260131835938,668200
2017-09-14,134.8152236998512,134.96189526079337,133.74450004336023,134.74188232421875,908200
2017-09-15,134.86655533667022,135.65859520369509,133.86184338226343,134.77122497558594,1318400
2017-09-18,134.8078732452509,135.37255922729543,133.7078199223761,134.3311767578125,964900
2017-09-19,134.3311436087715,134.64649796914222,132.82040587528118,133.26776123046875,993900
2017-09-20,133.36314877067954,133.83250445366062,132.10908293550702,132.59310913085938,618400
2017-09-21,132.63708969587327,133.12111581903693,131.85237966071514,131.86705017089844,544400
2017-09-22,132.04312020981888,132.27779252331823,130.869725071346,130.9210662841797,464600
2017-09-25,131.6250833918988,132.34379316942875,130.81838409329143,131.5004119873047,1268100
2017-09-26,131.51509206063938,131.75710522490746,131.03839539514453,131.34642028808594,1053400
2017-09-27,131.50772359490128,131.50772359490128,130.2609874455657,130.65701293945312,865000
2017-09-28,130.59790523384115,132.06902801578255,130.59790523384115,132.03207397460938,766000
2017-09-29,131.5662606389615,132.51990221755196,131.37405686969447,131.89892578125,894600
2017-10-02,132.32769992244732,132.63079959600438,131.15227780916138,131.28533935546875,630400
2017-10-03,131.28538333864296,131.68459067175942,130.7531144146409,131.35931396484375,632000
2017-10-04,131.4184672765744,133.20007820365328,130.9749060424769,133.0670166015625,662900
2017-10-05,133.63621517596926,135.3882601500298,133.2591848436682,133.3922576904297,679200
2017-10-06,133.20745252508726,133.20745252508726,131.66978816297922,132.25379943847656,651000
2017-10-09,132.11336359478196,132.71955186524852,131.96550234226004,132.14292907714844,672800
2017-10-10,132.2316376385005,133.27399856211352,131.90636092926837,131.95811462402344,734500
2017-10-11,132.04683512743958,133.651030616604,131.9581273909683,133.05223083496094,645900
2017-10-12,133.25183769914062,134.0354528039352,132.80827644574725,133.77671813964844,575500
2017-10-13,134.4568123869746,134.54552010924144,133.47359377101034,133.51055908203125,815000
2017-10-16,133.49578523433456,133.51796216731552,132.40168184642934,132.47560119628906,514200
2017-10-17,132.253791838429,133.08177185058594,132.23161491026863,133.08177185058594,575000
2017-10-18,132.8822021157419,133.15572515298223,132.30557927601697,133.12615966796875,524600
2017-10-19,133.05960936012627,133.54751311282297,132.5199406357253,133.51055908203125,736900
2017-10-20,133.76927435070436,134.05758568660016,132.80823280430917,133.9467010498047,722000
2017-10-23,134.13151995879628,134.64900041167803,133.5844627484768,134.5307159423828,624400
2017-10-24,134.13156834301122,134.32377221477725,132.55693820816995,132.7047882080078,638800
2017-10-25,132.85260634509677,133.92453259611028,132.55689516121936,133.4218292236328,539200
2017-10-26,134.10202367536374,134.10202367536374,132.92660066697474,133.5549774169922,537400
2017-10-27,133.31834344995767,134.61945019928487,133.14092800612514,134.28677368164062,452900
2017-10-30,133.96889929066103,134.6638065390743,133.51056101201794,134.46420288085938,555300
2017-10-31,133.54749805930047,135.6691848462678,131.54410702240315,134.05020141601562,661500
2017-11-01,134.05021031418107,135.68397095144053,133.62882609248268,135.58047485351562,609900
2017-11-02,135.61007425341262,135.92056259902395,132.12076054049876,133.3257598876953,723800
2017-11-03,132.7121584722576,135.173899337889,132.017251219588,134.52334594726562,492000
2017-11-06,134.84861689652266,136.63762736427574,134.84861689652266,135.57308959960938,489500
2017-11-07,135.73573399700527,136.72634118546048,134.81904615203254,135.84661865234375,520800
2017-11-08,135.7727044307488,138.08658414119293,135.42525079060832,138.01266479492188,605000
2017-11-09,137.75394085663166,139.26942869980888,137.56173698939114,138.5893096923828,627200
2017-11-10,138.3083537313979,139.6538143210553,137.90915770866587,138.360107421875,460400
2017-11-13,138.4857856814211,139.45421593482075,137.90176308509825,139.06240844726562,399900
2017-11-14,139.0328464170447,139.16590800620574,137.85741264497392,138.6188507080078,757300
2017-11-15,138.64846758656472,139.0402751972102,136.39371822703598,136.5341796875,576000
2017-11-16,136.74852671388126,138.15312969110929,136.27540002097598,137.56910705566406,752000
2017-11-17,137.56907620378573,137.56907620378573,135.88356203329744,136.29754638671875,472100
2017-11-20,136.3936749690494,136.51195945405536,135.772698343112,135.9796905517578,415500
2017-11-21,136.26064132053085,136.82986437089747,135.8170800509316,136.7781219482422,455300
2017-11-22,137.0811823862951,137.0811823862951,135.69876771851875,136.4676055908203,325100
2017-11-24,136.67456132215827,136.85937655056654,136.27535411186966,136.48974609375,202100
2017-11-27,136.275380230441,136.6080454492893,134.85600035785393,135.16648864746094,575400
2017-11-28,135.22566644249957,135.6322623858839,133.5401516955896,134.00588989257812,721800
2017-11-29,134.01323891899926,134.9373152085887,132.3499015977383,134.5750732421875,519600
2017-11-30,134.81902790953376,135.34390819431584,133.78406699898474,134.05020141601562,901000
2017-12-01,134.4937512575818,135.9722732899249,133.63621705179602,134.05020141601562,628300
2017-12-04,134.52335023450937,134.86340404118766,133.72494685154368,133.8949737548828,538700
2017-12-05,134.07238911691803,134.14631973656674,131.89157120002687,132.18727111816406,636400
2017-12-06,132.61603112728696,132.71952721669322,131.3075359910433,132.608642578125,465100
2017-12-07,132.40905337527752,133.0374298095703,131.88417304166754,133.0374298095703,549200
2017-12-08,133.5992990014759,134.82647542965032,132.71218772432803,134.70819091796875,523200
2017-12-11,134.41987527350983,135.21827878208163,134.41987527350983,135.14434814453125,576200
2017-12-12,135.2848230303686,136.2976074401018,134.4790308900665,135.75794982910156,583700
2017-12-13,136.25322634013426,136.31975713910788,134.3755079054202,134.7747039794922,509000
2017-12-14,134.95211888701365,135.52874165467006,133.98368863057084,134.8190460205078,341200
2017-12-15,135.57310814355594,135.57310814355594,134.1167627080022,134.294189453125,1272800
2017-12-18,134.3459512529983,136.21628141678235,134.3089859324024,134.8856201171875,605800
2017-12-19,135.1442899253157,135.75048930743415,130.4056246176003,131.38145446777344,789100
2017-12-20,131.26317178283654,132.1576824909048,131.1227103982432,131.30752563476562,803400
2017-12-21,131.43320483396363,131.6771623112936,129.50373322256073,129.7772674560547,540000
2017-12-22,130.3242905701211,131.8989197937599,130.12469826194393,131.67713928222656,660500
2017-12-26,131.78070470767307,132.74174657663934,131.26322409522393,132.32037353515625,444700
2017-12-27,132.74170308812734,133.09654520894975,131.71413075140362,132.0098419189453,438600
2017-12-28,132.12909463105802,133.19471786895562,131.71179176358635,133.0754852294922,412200
2017-12-29,133.4331737329707,133.4331737329707,132.68053900529574,132.9488067626953,403800
2018-01-02,133.08294571684513,133.537510248898,131.89810109696433,132.0769500732422,594800
2018-01-03,132.4643854206658,132.6432343244237,131.62977994442247,132.4867401123047,515500
2018-01-04,132.07698776266017,132.47193608198933,130.05007760238553,130.1171417236328,517800
2018-01-05,130.0947274676295,130.10963438907925,129.0067496147866,129.85626220703125,678200
2018-01-08,129.54328519841863,130.2661173856221,129.1408892841046,129.95314025878906,546300
2018-01-09,129.8860743514728,130.19160369862547,128.61179979444412,128.96949768066406,515400
2018-01-10,128.4478683276077,128.91733973519362,126.48057527433592,127.39716339111328,604200
2018-01-11,127.8815170653526,128.39569781631116,126.34643395826704,126.5103759765625,468100
2018-01-12,126.51782727472806,126.80844970240832,124.82624987738431,125.36278533935548,494100
2018-01-16,125.57893541157688,127.81449674959838,125.57893541157688,125.95897674560548,613700
2018-01-17,126.77119082702558,126.8531618402293,125.94403291947886,126.61470794677734,540200
2018-01-18,125.99617888079344,126.74136564159492,124.51325313336534,125.03488159179688,639500
2018-01-19,125.34040407638516,125.72045658094028,124.94545602429037,125.71299743652344,722100
2018-01-22,125.69073160950325,126.82341940892933,125.3703065511503,126.75635528564452,629000
2018-01-23,127.05437904001374,128.7236019548535,127.03947211675468,128.68634033203125,757800
2018-01-24,128.60433130603155,128.93221529693258,127.6504931710363,128.02308654785156,567900
2018-01-25,128.03801245357087,128.41060588563832,125.67576008809196,126.8158950805664,682800
2018-01-26,127.2183347026002,127.2183347026002,125.4745997261004,126.74886322021484,550600
2018-01-29,126.3389792531088,126.37624087142184,125.05726827420628,125.37769317626952,395300
2018-01-30,125.1615970817926,125.70558033655232,124.33443916562248,124.34933471679688,560300
2018-01-31,124.28230753836228,126.99478821287283,123.85755679073874,126.9798812866211,1184100
2018-02-01,126.61471971984228,128.0380295493375,122.06162691721848,122.29263305664062,1403700
2018-02-02,118.24624993806056,122.6055977814202,118.24624993806056,122.18084716796876,1754200
2018-02-05,122.1212114261357,123.45509074047612,118.35056819171164,118.49960327148438,1469400
2018-02-06,117.29982573366702,120.24331053703378,116.25655766862316,119.41615295410156,1879800
2018-02-07,119.11068630158616,121.10779335672876,117.896039234331,117.9481964111328,1153900
2018-02-08,118.12698264084588,120.12407726459745,115.3697945037262,115.45921325683594,1479900
2018-02-09,116.24918240098827,119.74411156298902,115.45928592961928,118.9393081665039,1348700
2018-02-12,119.244783579289,119.72915040496515,116.05538528826102,118.29839324951172,1427400
2018-02-13,117.56814418361374,119.46837311394944,117.47126624488544,118.78279113769533,1109200
2018-02-14,117.70227760520908,118.53689472924172,117.18064900934527,118.42510986328124,874700
2018-02-15,118.9095091347982,120.43713356925072,118.61887525454242,120.04964447021484,799600
2018-02-16,120.22843918233782,121.465452036326,119.60993275534372,121.14502716064452,877800
2018-02-20,120.6607037148569,121.94987431928564,119.47585885811624,119.5429229736328,894200
2018-02-21,119.17026181686336,119.72915187055276,116.05538670887856,116.2640380859375,1011200
2018-02-22,116.7409454778058,117.84381855642944,116.58445127532626,117.08372497558594,884200
2018-02-23,117.68737542487727,119.3044411931958,116.97200228476454,119.23736572265624,520200
2018-02-26,119.54287080469034,119.76642912950425,118.46235216718006,119.34166717529295,603100
2018-02-27,118.9765240037135,119.31185578052744,116.03303849733892,116.30875396728516,949800
2018-02-28,116.30874747092908,117.29238805268582,115.8392761872229,116.2640380859375,1442100
2018-03-01,115.6380958114364,117.67246420235948,114.870554226518,115.54122924804688,1268100
2018-03-02,115.42947511114772,115.93620824253392,113.9540078641646,114.68428802490234,902800
2018-03-05,114.08064140202724,116.8005799709578,113.7527573995788,116.30875396728516,1094300
2018-03-06,116.2715251575263,116.68882805268484,114.54269725320498,116.21936798095705,853900
2018-03-07,116.09267111548546,118.20901071665575,115.89147882381218,117.8215103149414,914700
2018-03-08,117.91834578163072,118.94669568059282,117.314735012091,118.8572769165039,714800
2018-03-09,118.93927663550812,120.28806304931642,118.3505840119868,120.2880630493164,635300
2018-03-12,120.0198006533303,120.72027816072736,119.42364885741898,120.3774871826172,738700
2018-03-13,121.06311049816924,121.4431518547062,120.04965551008378,120.36263275146484,593100
2018-03-14,120.60104605119037,121.83061126759432,120.444563168607,121.81570434570312,798400
2018-03-15,121.6293898952244,122.31496038386956,121.29405811076128,121.9647216796875,882100
2018-03-16,122.23297974404488,123.71590544633514,121.74861291252628,123.51470184326172,1442200
2018-03-19,123.38803381526176,123.42529543002765,122.06160219826552,123.02288818359376,829800
2018-03-20,122.91859250058648,123.81281462008862,121.88278303278835,122.4416732788086,1096700
2018-03-21,122.41187460446592,123.49239350620456,121.18976835003332,121.6443328857422,675900
2018-03-22,121.11523015446718,122.38204565434197,119.2001056676803,119.42365264892578,1073300
2018-03-23,119.45345539972884,119.92291538739508,117.46380785687454,117.7469711303711,810300
2018-03-26,118.55179964546991,118.92439315346672,117.43401912147948,118.3580551147461,550500
2018-03-27,118.29097466982655,121.27917009769368,116.5472286516128,119.70682525634766,741600
2018-03-28,120.72211993692028,123.72286792346884,120.31599624771098,123.37692260742188,842100
2018-03-29,123.70032059489414,124.42231196991422,121.24857949501472,123.68528747558594,842900
2018-04-02,123.56496646146331,123.8281837845746,121.3388366773422,122.33157348632812,668300
2018-04-03,122.37667108892532,124.38469398271744,121.46666253111152,124.06130981445312,670500
2018-04-04,123.30170175918173,125.3473302162876,122.96327302763244,124.85848999023438,635300
2018-04-05,124.97128090281508,125.12169237945882,123.49723236578222,125.0164031982422,591800
2018-04-06,125.4602158709502,125.98666212667293,124.3922672834828,124.84351348876952,600800
2018-04-09,124.993862337767,125.43006372379398,123.78303081942062,124.4072494506836,470000
2018-04-10,125.04653151559218,125.59553874121524,124.33958473088276,125.4375991821289,588600
2018-04-11,125.1292565990269,126.31752711677466,124.7080997523646,124.86602783203124,847400
2018-04-12,125.02397195403604,125.02397195403604,123.74544529697252,124.24181365966795,663600
2018-04-13,124.30197906125731,125.40000498887578,123.75297183527996,125.2420654296875,568500
2018-04-16,125.49781015833436,126.52062494473893,124.67054074953228,124.84351348876952,604500
2018-04-17,125.08410444836272,126.09187401611167,124.48996359340546,125.57294464111328,628000
2018-04-18,125.73840147828044,125.9865855928555,124.68549813078074,124.80583190917967,617800
2018-04-19,124.46740869814847,124.64790937372224,121.6697113428925,122.24127960205078,669400
2018-04-20,122.51957121553968,122.51957121553968,120.6469151570477,120.98534393310548,1129800
2018-04-23,121.3763981449934,121.66970455414696,120.42126743799156,121.08309173583984,602300
2018-04-24,121.3764585706048,122.27142283465156,120.83496778018436,121.760009765625,840600
2018-04-25,121.35386191178138,122.30146477998788,120.54914252298197,121.67724609375,773500
2018-04-26,120.57170719191244,123.06105373762225,118.75169011931338,121.5193099975586,766500
2018-04-27,121.15834428026714,124.06133164930866,121.15834428026714,123.5875244140625,476000
2018-04-30,123.94097628142468,124.4523777046035,122.1886540949516,122.58724975585938,748200
2018-05-01,122.70003399254068,124.06880487150256,122.11342118031716,123.75293731689452,529200
2018-05-02,123.20393689856176,123.64765481050152,122.19615581676798,122.30144500732422,749500
2018-05-03,121.89533759045244,123.67022078308922,121.48921392842536,122.47443389892578,408700
2018-05-04,122.24882017538734,123.9108862652598,122.16609212505462,123.60254669189452,510800
2018-05-07,124.06884097897004,124.39222518530374,123.18139346909057,124.24181365966795,340400
2018-05-08,124.04623755864964,124.04623755864964,123.1136680563926,123.69276428222656,678800
2018-05-09,123.96354777210324,124.70810029217344,123.39197940282509,124.63288879394533,481800
2018-05-10,125.36237797536285,126.25734188241309,124.693037053599,126.12196350097656,778900
2018-05-11,126.51309241025608,126.5807758898038,124.94878696526636,125.12928771972656,615900
2018-05-14,125.09913336873088,125.25707288108386,122.99333823276626,123.7454071044922,380500
2018-05-15,123.19641058736993,123.29418322127526,120.5792139029072,120.8198699951172,749200
2018-05-16,121.12822759906445,121.47418437777438,119.44360043501428,119.95500183105467,689900
2018-05-17,119.76700190937,120.30097600956088,118.9547659196554,119.2179946899414,729200
2018-05-18,119.34580756084054,119.66167510054494,118.09737051653748,118.64637756347656,627000
2018-05-21,119.06004144101708,119.97756653820018,118.02218254978912,119.40599822998048,890200
2018-05-22,119.4737146475829,120.0227219553436,118.8720569870284,119.76702117919922,819100
2018-05-23,120.07534196102512,122.26386555379104,119.63162399532912,121.45162963867188,1026100
2018-05-24,121.56445318385738,121.71486471406838,119.91741996023616,120.87255096435548,863400
2018-05-25,121.18089787350448,122.29395692940516,121.03047487282664,121.65469360351562,462200
2018-05-29,121.30117559938648,122.0382113095376,120.7070462775907,121.43655395507812,627500
2018-05-30,121.03800345269514,125.2044612402112,120.80486386652508,124.7381820678711,749500
2018-05-31,123.50481785451716,124.65548293276628,122.74523201434174,124.49754333496094,1244100
2018-06-01,124.51255146761666,125.9189169345562,123.57246514465427,125.67826080322266,688200
2018-06-04,126.14454706831624,127.09967803955078,125.6030563976686,127.09967803955078,735100
2018-06-05,127.48320996503082,127.62610490878994,125.46767058645108,125.5203094482422,811600
2018-06-06,125.3097103341602,126.3250078899062,124.48244146990432,125.91888427734376,618700
2018-06-07,126.06177202980894,126.3926841469602,125.21945862299442,125.49020385742188,485400
2018-06-08,125.97156689081136,126.75371365982674,125.4150316580849,126.21223449707033,384400
2018-06-11,126.01665580680208,126.43781253049612,124.67797415977746,125.30219268798828,595300
2018-06-12,125.14428380844669,127.41553552502236,124.46742626193992,126.73867797851562,843500
2018-06-13,127.09213617967929,127.77651020368862,124.48997255954022,125.2646026611328,782600
2018-06-14,125.6256053295162,127.58850595071158,124.90362548934242,126.48296356201172,760700
2018-06-15,126.58828368349366,127.72390395841246,126.2799325806423,126.88910675048828,1194100
2018-06-18,126.4679473821834,127.09216613581674,125.00893143702405,126.03174591064452,640400
2018-06-19,125.33227500578148,126.64087899598788,125.33227500578148,125.8135986328125,742500
2018-06-20,126.61082958418189,127.54338786489836,125.87379365022224,127.3328094482422,891200
2018-06-21,127.54336716293862,128.25031379367894,127.15229958157428,127.7840347290039,905600
2018-06-22,128.15255650227965,128.91967011637124,125.94899978054391,128.4759521484375,1178900
2018-06-25,128.74667724330135,129.98758634204853,127.94948604283002,129.52882385253906,1203400
2018-06-26,129.49876900324605,130.24331000364717,128.75421652718214,128.83694458007812,840900
2018-06-27,129.2280277614429,129.70183494073854,127.55843353271484,127.55843353271484,888900
2018-06-28,127.6343141783014,130.3578442872439,127.6343141783014,130.03921508789062,989000
2018-06-29,129.6977869294131,131.5943969819982,128.79499869222437,130.4033203125,1234800
2018-07-02,130.37298770208486,130.9343769037106,128.2184297514458,129.4246826171875,755100
2018-07-03,129.43228752782883,131.0785440540172,128.84054597743824,129.71298217773438,304500
2018-07-05,130.21368593525324,130.8509442650004,129.65228507752846,130.7826690673828,557900
2018-07-06,131.30611627052886,131.72337282183022,130.6536819110367,131.16197204589844,499700
2018-07-09,131.38957658374494,131.73096412147837,129.78125475869552,130.41091918945312,893500
2018-07-10,130.50953925693656,132.02682740648044,130.19091013465115,131.63992309570312,631600
2018-07-11,131.7385693057338,132.6261932645927,131.54132596820546,131.95098876953125,479900
2018-07-12,132.14824064494738,132.7627406208049,131.70064332623537,132.2013397216797,458600
2018-07-13,132.53511837226873,132.88409974227122,131.3516354604177,131.51095581054688,438000
2018-07-16,131.20746915798043,131.670242431651,129.79639094449217,130.97987365722656,431500
2018-07-17,131.21508774751234,131.3440558545267,129.74331635124597,130.0088348388672,716600
2018-07-18,129.94814929062403,131.18474293974828,129.3715839131627,129.94056701660156,750700
2018-07-19,129.54609180051625,131.8903114002194,129.54609180051625,130.79026794433594,392400
2018-07-20,130.27438711232054,130.48680656902795,128.77227478960606,129.37918090820312,431500
2018-07-23,129.04541580615498,129.49301321953115,128.47643251172923,129.23507690429688,340200
2018-07-24,129.21988482370816,129.58403084591035,128.1729519868844,129.4095458984375,704100
2018-07-25,129.9253812970769,132.25442418495356,129.667445087472,130.86610412597656,659900
2018-07-26,131.22269414816924,132.24686849498997,130.79026137809177,131.1544189453125,349000
2018-07-27,131.51854167918012,131.53371780246204,130.05435254621827,130.66127014160156,426300
2018-07-30,130.72199342707287,131.3440872902582,129.71299515024333,130.61578369140625,453000
2018-07-31,131.29857007677774,135.93387547863955,128.7495248527268,134.16624450683594,1323500
2018-08-01,133.4075519683016,135.38761327041954,131.13920224200143,135.1979522705078,983200
2018-08-02,135.07656600769135,136.07797006441473,132.48200492655823,135.41795349121094,611900
2018-08-03,135.5545294415073,136.83663989085966,134.5834658679368,136.61663818359375,825300
2018-08-06,136.33594891101896,138.1035796405951,135.78213033209596,136.71527099609375,725700
2018-08-07,136.8518250902054,137.23114718553566,134.50002346876124,135.86558532714844,841900
2018-08-08,136.20693371998323,136.20693371998323,134.84896610273515,135.23587036132812,319500
2018-08-09,135.4179507213358,135.97935143509946,134.95517742950068,135.7138214111328,341200
2018-08-10,135.71385796295075,136.1993897789241,134.40140676252142,134.43174743652344,479200
2018-08-13,134.48484654260707,135.06141190708894,133.9537979732171,134.78829956054688,466400
2018-08-14,134.82621746061628,135.97935962341305,134.4544777198755,135.51658630371094,502400
2018-08-15,135.23591339828465,137.20081070997898,135.03867007003387,136.78355407714844,554600
2018-08-16,136.92007273961264,137.69389289966463,136.36626583313895,137.55734252929688,392000
2018-08-17,137.73183866718134,139.0974003623495,137.18561398911407,138.9835968017578,541700
2018-08-20,139.49186993437826,139.8332689984946,138.5890817134266,138.8849639892578,537400
2018-08-21,138.57391950703888,138.63461241777316,136.93524564518052,137.3373260498047,384900
2018-08-22,137.5118535577769,137.67117394483765,136.76080315361355,137.54220581054688,378700
2018-08-23,137.65600135937737,137.90635535920256,137.20082174005307,137.42840576171875,235200
2018-08-24,137.20079156820518,138.9304992084417,137.20079156820518,138.68014526367188,318200
2018-08-27,138.97603432619317,139.02913340124138,137.10976448093552,138.4298095703125,521600
2018-08-28,138.36151029237672,140.0001726988694,138.03528732016505,139.96224975585938,391700
2018-08-29,140.32642325502314,140.607117914017,139.41605250002246,139.78778076171875,382200
2018-08-30,140.24295807585497,140.24295807585497,138.59670165895955,138.70291137695312,301600
2018-08-31,138.99881131824012,139.7726317552393,138.2401670087097,139.05191040039062,532600
2018-09-04,138.49046917689816,139.5525661822537,137.9973436147059,138.72564697265625,381600
2018-09-05,138.2401016390686,140.18981057308562,137.56490898590485,139.51461791992188,543600
2018-09-06,139.93187649851603,140.4553426845395,139.4463448257964,139.77256774902344,570900
2018-09-07,139.14292605429785,139.45397293341995,138.1794447444276,138.9684295654297,472000
2018-09-10,139.87123980548043,140.455399132361,139.3933017889353,139.810546875,501100
2018-09-11,138.89258781279557,140.09124709217798,138.89258781279557,139.52984619140625,527500
2018-09-12,139.7573889905035,140.19740386934828,138.74080887868345,139.37806701660156,344500
2018-09-13,140.08364615481636,140.93333552597323,139.4691462082422,140.89540100097656,546400
2018-09-14,140.5312760647697,140.63748580506422,138.16429794735927,139.05191040039062,619500
2018-09-17,139.12773733820956,140.24294506164867,138.82428433667087,140.14431762695312,644400
2018-09-18,140.14431334725958,140.39466727507923,138.97600659342416,139.6511993408203,398700
2018-09-19,139.82567514283411,139.92430256810627,137.6559528187687,138.14907836914062,479300
2018-09-20,138.31600392029722,139.78776381486014,137.55735978710382,139.68914794921875,446800
2018-09-21,140.25052972544097,141.10021898101286,139.2111910226676,140.49330139160156,974800
2018-09-24,140.13679626630616,140.5085361943655,136.6091043920915,137.1022186279297,560900
2018-09-25,137.31461240915087,137.80772655259872,136.13871147939878,137.4208221435547,580900
2018-09-26,137.3600807239082,137.56491784508972,135.076566452327,135.1979522705078,666600
2018-09-27,136.2076974327199,136.8579129541793,135.32800506582387,135.95526123046875,507000
2018-09-28,135.79460616992392,138.63257832185604,135.79460616992392,138.57138061523438,874000
2018-10-01,138.3495867727811,138.9462499842973,137.59227807865412,137.6611328125,538300
2018-10-02,137.85238813147896,138.96156927931565,137.5387541385888,137.68409729003906,372400
2018-10-03,137.98238965408603,138.63259347249516,135.34328933378606,136.62841796875,470300
2018-10-04,135.96296500289444,136.33013975414897,134.3106611138367,135.565185546875,545600
2018-10-05,135.83288293049253,136.94206385968252,135.44274893302605,135.6339874267578,374500
2018-10-08,135.70281686690737,138.17362636203933,135.70281686690737,137.17918395996094,526800
2018-10-09,137.14093715359706,138.67084498589713,136.26889015607685,138.5561065673828,556700
2018-10-10,137.78349424216,138.9385821140658,136.25358642540132,136.4371795654297,504800
2018-10-11,136.83498168966176,136.83498168966176,132.18405975028398,132.48239135742188,833800
2018-10-12,133.1784911089496,134.19586961946032,131.61797847059552,132.1763916015625,559400
2018-10-15,131.74038069849104,134.00463803441187,131.74038069849104,132.2605438232422,454100
2018-10-16,132.63541995415764,135.2745098421641,131.90871573460166,134.73904418945312,518200
2018-10-17,134.6625205197726,135.28978851190715,133.71398486452844,134.63192749023438,523400
2018-10-18,134.63191586426757,135.7793469653835,134.34888659445292,134.8614044189453,321500
2018-10-19,134.853741393741,136.46014953256898,134.853741393741,136.1388702392578,444300
2018-10-22,135.70281806587587,136.23063812784162,132.00044396735402,132.21463012695312,500500
2018-10-23,131.5414880412743,133.7139544854023,130.63119096169933,132.88015747070312,494300
2018-10-24,133.20912179472984,136.8426541867288,132.79605166912447,135.1444549560547,544900
2018-10-25,135.07561062725978,136.8885483003719,134.1729586244605,135.91705322265625,404400
2018-10-26,136.0164862194741,136.0164862194741,132.49004736283433,133.78282165527344,735500
2018-10-29,134.50187882104828,136.72789802058125,134.50187882104828,136.2689208984375,548900
2018-10-30,137.71465111738968,139.6958789376775,135.55748716650533,136.62841796875,933400
2018-10-31,136.71258215216008,136.71258215216008,133.40797521294655,134.1576385498047,906300
2018-11-01,134.24950191146073,135.20569494501814,133.4004020307706,134.1194610595703,537300
2018-11-02,134.8766672001272,134.8766672001272,131.57970633209882,132.47470092773438,644000
2018-11-05,133.07904689197366,136.30715367126652,132.78836063995237,135.45040893554688,787100
2018-11-06,135.83290069167543,138.25014669759207,135.69520288860244,137.77587890625,727100
2018-11-07,138.3648661901388,139.74943089181247,137.90588917783722,139.48934936523438,570800
2018-11-08,139.4205015429528,139.78003083018632,138.00534375081332,139.38226318359375,313400
2018-11-09,139.32106776419275,140.12426008030727,138.6555498852196,139.62704467773438,359100
2018-11-12,139.6576472580827,141.47058437152523,139.6576472580827,140.94276428222656,565200
2018-11-13,141.57770351972843,142.47269839893082,140.4532200804624,142.2432098388672,675600
2018-11-14,142.3350031775862,142.83986397076112,141.08046735231537,141.91427612304688,446300
2018-11-15,141.2716816198882,141.3328793329811,138.8773838335824,139.6805877685547,666100
2018-11-16,139.7188487523817,142.65628109518235,139.19868561526133,141.9295654296875,681700
2018-11-19,141.9295787474726,143.65838248578933,141.18758400807903,143.62013244628906,534700
2018-11-20,143.6277645790213,144.26267782507244,141.98311808219074,142.68687438964844,576200
2018-11-21,142.54918298985592,144.2703294949385,141.6082811630418,142.62567138671875,489100
2018-11-23,142.4420947966085,142.9240078974652,140.92747741599555,142.1208038330078,177000
2018-11-26,142.78629851273195,143.09227540540405,141.22578601220175,142.5797576904297,445400
2018-11-27,142.51856630935552,143.96432878516438,141.8683624654721,143.81134033203125,453100
2018-11-28,143.8266910773363,144.44630210800324,143.1994230344601,144.43099975585938,581900
2018-11-29,144.2627275457528,144.48457082755152,143.05409836021082,143.86495971679688,492700
2018-11-30,144.73694485553787,145.83846876044598,143.82664776961136,145.77728271484375,945900
2018-12-03,146.35099125994074,146.35099125994074,144.48450180611522,145.88436889648438,678800
2018-12-04,145.80026261509548,145.88440803672978,142.90107991064713,143.2912139892578,738300
2018-12-06,142.48033961312495,146.70288931032937,140.90453611045774,146.61874389648438,1463900
2018-12-07,146.08327665381324,146.80233533227295,143.58953063931932,144.27798461914062,789100
2018-12-10,144.36211984846952,144.36211984846952,139.84123890603803,143.390625,705800
2018-12-11,144.24741030854045,144.85171895392256,143.75018310546875,143.75018310546875,478900
2018-12-12,144.59161916178024,144.62221218826863,140.52205797474036,140.6215057373047,670600
2018-12-13,140.9121929966732,143.7119159946499,140.7362451582522,142.7404327392578,670800
2018-12-14,142.77102581365952,143.6048229407635,142.25850799225782,142.96990966796875,675500
2018-12-17,143.26814763872926,143.81891513771768,137.08733312299714,137.59219360351562,856800
2018-12-18,138.47194728707709,140.0171456387501,138.15831341155433,139.1527557373047,729600
2018-12-19,139.45110914108287,140.22370843810364,137.6917126999076,138.2883758544922,646200
2018-12-20,138.7550206111143,140.06309722849218,136.9956238862335,137.9900665283203,668300
2018-12-21,138.2424811111022,142.4803209298312,135.4274444580078,135.4274444580078,1454200
2018-12-24,135.54220152002026,135.8328877759889,128.68820852437523,129.1548309326172,628800
2018-12-26,129.55260490691774,132.55886840820312,127.75495840738768,132.55886840820312,678300
2018-12-27,131.54148440677733,132.68891531458416,129.02477941251598,132.65066528320312,950200
2018-12-28,133.87733716170365,134.61025402125003,131.40084830478705,133.21385192871094,740700
2018-12-31,133.5764867446545,134.28625989731964,131.75576021492546,134.27854919433594,589800
2019-01-02,133.1367318547932,134.2708172609204,129.8733035965355,130.5367889404297,657800
2019-01-03,130.49821703189656,133.2833110912155,130.49821703189656,131.15399169921875,636500
2019-01-04,131.59369411709224,132.8743647907426,131.26965638383888,132.07972717285156,574900
2019-01-07,132.28810855251538,133.76166526791778,131.41631635832294,131.70948791503906,544700
2019-01-08,132.218611832012,134.49451619828832,131.77885471335736,134.4405059814453,746100
2019-01-09,134.7799965812224,135.70578700713452,133.0287019422632,135.5977783203125,746700
2019-01-10,135.42802222044443,137.44934406723965,134.77225952584772,137.3181915283203,569300
2019-01-11,137.33362952240432,137.8813953895445,136.469560092388,137.78109741210938,499400
2019-01-14,137.4493613121384,138.28257616868916,136.8244531127411,137.46478271484375,344800
2019-01-15,137.64224026085446,139.38581237291643,137.64224026085446,138.70689392089844,422000
2019-01-16,138.7146131807478,140.7050689645408,137.54193909226734,140.53533935546875,633700
2019-01-17,140.51993392814128,141.76203989140575,140.365637463625,141.4457244873047,430100
2019-01-18,141.8545776535715,142.16318227251824,140.41959854864118,142.02430725097656,481700
2019-01-22,141.9472032771283,142.41009267251985,140.55078907172305,141.97805786132812,453900
2019-01-23,142.0860610178609,142.76497956441273,141.60001598820992,142.68011474609375,512400
2019-01-24,142.54895715787288,142.996425114006,141.183409410024,142.6878204345703,429100
2019-01-25,143.1584182754359,144.2230837142972,143.00412183683403,143.9993438720703,572500
2019-01-28,143.69849330460244,145.78153688613858,143.11987270352378,145.68894958496094,693100
2019-01-29,145.75832715086338,147.17788477891276,145.00226647548814,147.1470184326172,553100
2019-01-30,146.37555016268715,148.0651238697293,146.14409961327272,147.5327911376953,593300
2019-01-31,147.0390416756835,149.1760833960586,145.83551289432307,148.8366241455078,890400
2019-02-01,149.16835687670854,149.53095996752407,145.42660658725626,146.73814392089844,796600
2019-02-04,146.35238627205374,148.40456281240614,145.0639929087065,148.38912963867188,754400
2019-02-05,150.44133478081318,150.44133478081318,146.7844488666594,150.0555877685547,692000
2019-02-06,150.24074141144672,150.24074141144672,149.14522137607972,149.63897705078125,487200
2019-02-07,149.28409024314203,150.9273762438868,148.65918198146846,150.6573486328125,599200
2019-02-08,150.03244388958433,151.3362706745484,149.26094986506735,150.0555877685547,561500
2019-02-11,150.20989180255432,151.30541196002923,149.5772727919855,150.47991943359375,495200
2019-02-12,150.5647415270201,150.5647415270201,148.35054618816912,149.25320434570312,591900
2019-02-13,148.8752244304472,151.3748696701184,148.62062995280849,151.26686096191406,630500
2019-02-14,151.14342720798638,151.94577597324144,150.47221926825094,150.99684143066406,553600
2019-02-15,151.93805709346483,151.93805709346483,150.83481435703044,151.26686096191406,598800
2019-02-19,150.81938507751804,152.2003543297639,150.81938507751804,151.5600128173828,686400
2019-02-20,151.39025285022112,151.49826153115276,148.33514343411844,149.74697875976562,512400
2019-02-21,149.09895085708655,151.28228065077008,148.6206282650516,151.14341735839844,414600
2019-02-22,151.3362701489525,152.25434991846956,149.0835090178346,151.24368286132812,538800
2019-02-25,151.46742279954017,151.46742279954017,149.97843321513835,150.14816284179688,456700
2019-02-26,150.64963073920455,150.69591849385012,149.77012808474757,150.38731384277344,405400
2019-02-27,149.6698671086508,150.12504583796357,148.18859973341935,149.878173828125,588600
2019-02-28,149.60813306225788,152.50123591024104,149.15295437280426,150.15589904785156,1148200
2019-03-01,150.27163817345894,150.32564841763403,148.22718326807828,149.8627471923828,574800
2019-03-04,150.0015798512275,151.3516944149686,149.17608735372804,150.95823669433594,600200
2019-03-05,150.8270703995342,152.35462515650767,150.47990046913984,151.55227661132812,438100
2019-03-06,151.49053838241977,151.90713989690784,150.74989907969808,150.8039093017578,427400
2019-03-07,150.95051400487543,152.42407032272413,150.27159553967522,150.8270721435547,769500
2019-03-08,150.5416213990865,151.98431134889125,150.16358511768695,151.55227661132812,633700
2019-03-11,151.8839885879346,152.57061763498754,150.91191058700198,152.32374572753906,363700
2019-03-12,152.71720352621415,153.71243717381506,152.05371835183414,153.4192657470703,795800
2019-03-13,153.60444925123463,154.60738196269057,153.60444925123463,153.812744140625,543900
2019-03-14,153.7587448310299,154.49937242220454,153.18783507661595,154.35279846191406,462400
2019-03-15,154.2987728703533,154.44535858811008,153.1955422949201,153.50413513183594,970500
2019-03-18,153.6353418657038,154.105953759833,151.12027521875626,152.13864135742188,492100
2019-03-19,152.08461589496247,152.35463173156043,151.01995040854666,151.53684997558594,610000
2019-03-20,151.6988715022408,152.78666911350777,150.13273959803934,151.72201538085938,551200
2019-03-21,151.07393435422557,153.89759295446734,151.07393435422557,153.2803955078125,562400
2019-03-22,153.57354638168994,155.69515422721065,153.5118254680821,153.98243713378906,639000
2019-03-25,154.14452283104632,154.51483670117815,153.21873226968387,153.65847778320312,318900
2019-03-26,154.15997226918907,155.03175268515753,153.88994459811374,154.97003173828125,444300
2019-03-27,154.81569954350894,155.40975321959544,153.95163003070255,154.95457458496094,513300
2019-03-28,155.38990011100643,156.2450196220811,154.6280739132152,156.1905975341797,572900
2019-03-29,156.408306503295,156.64929156241644,155.24224058225377,156.04293823242188,737800
2019-04-01,156.0429148096687,156.14397763677647,153.76520541281067,156.00404357910156,666300
2019-04-02,156.0506903316839,157.63653446768933,154.45706483275586,157.1934356689453,673200
2019-04-03,157.5121571272808,157.72982178418968,155.90299256643078,157.31004333496094,529400
2019-04-04,157.66758602848523,157.66758602848523,155.91848803147647,156.8202362060547,358200
2019-04-05,156.75808082509192,157.44994594028955,156.29943120237462,157.1700897216797,405000
2019-04-08,157.15453311108973,157.30223663517094,155.8485336166417,156.64923095703125,383300
2019-04-09,156.75810054729718,156.898034605124,155.7241993564606,155.94186401367188,464200
2019-04-10,156.54819540965542,157.3177911038991,155.92629139218465,157.18563842773438,621000
2019-04-11,157.55094999271495,158.2505962092076,156.68029179814093,157.92408752441406,358600
2019-04-12,157.76091579527204,158.69376597379156,156.56374837900788,158.64712524414062,375700
2019-04-15,158.6238130419924,158.99695076023494,157.861986740879,158.68600463867188,392500
2019-04-16,158.64711830632862,158.85701344241247,153.51642475609168,153.8740234375,621400
2019-04-17,154.35599112193702,154.35599112193702,150.07264768097977,150.6790008544922,730500
2019-04-18,150.97438160185104,152.77012044564964,150.3757980333079,152.48248291015625,593400
2019-04-22,152.00827384936008,152.03160606925036,148.80548481624888,150.53903198242188,462000
2019-04-23,151.2775564655056,152.99555285115846,150.67120340447158,152.5679931640625,517800
2019-04-24,153.55526217198715,154.28599837521935,151.84503531909098,154.04501342773438,482000
2019-04-25,152.4902848974898,155.81745772085551,152.4902848974898,155.43653869628906,580700
2019-04-26,156.5870120676829,156.61034428589696,155.18774323728115,155.87960815429688,340100
2019-04-29,155.21111561955107,156.01181308869462,153.757412367263,153.92843627929688,343400
2019-04-30,154.24712200502302,156.29162703363195,153.6640893340658,156.19833374023438,621100
2019-05-01,156.11290710276,158.19627246662463,155.4832215579927,156.37721252441406,389500
2019-05-02,156.58703675399315,158.0640601082491,155.58422568586585,156.59481811523438,448000
2019-05-03,156.78920331435833,157.29449373012193,155.5143052300385,157.15457153320312,317200
2019-05-06,156.5637152470269,157.3644125681475,154.8379374441494,155.9185028076172,428000
2019-05-07,155.0400516403528,155.8018776850031,152.086017032621,152.97999572753906,400500
2019-05-08,152.49029462021264,154.36377627605458,151.70513615847676,152.71572875976562,473400
2019-05-09,152.63796558083982,154.4881146158387,152.07047187907725,154.3326416015625,572000
2019-05-10,154.33267080555405,156.31498473271827,153.83514994862716,156.02735900878906,403600
2019-05-13,154.86905692012283,156.1672751707912,154.60475156984285,155.97293090820312,406700
2019-05-14,155.73970120675042,156.69588343193465,155.0167463095847,155.2810516357422,572600
2019-05-15,155.3899186889162,156.60262515009467,154.7991163227055,156.01959228515625,383000
2019-05-16,156.8669149669243,157.89305840105547,156.0584480269872,157.6209716796875,488400
2019-05-17,156.8979894235546,158.02518361562483,156.52485181319173,157.91635131835938,470900
2019-05-20,157.95522883309812,157.95522883309812,155.1955382102275,155.9029541015625,508800
2019-05-21,156.0273699665834,157.504381778175,155.9496275083591,157.1934356689453,616400
2019-05-22,157.37996303098788,158.13401963042216,156.92908297119402,158.0485076904297,466600
2019-05-23,157.65207613790747,158.62379749987457,156.7658667302668,158.3828125,517200
2019-05-24,158.89584527790157,160.147422653238,158.7792434790753,159.57994079589844,545000
2019-05-28,160.30289618341453,160.59829134013515,157.5820770263672,157.5820770263672,1347200
2019-05-29,157.9630011843543,158.11847420918951,155.67751094759927,156.49375915527344,811200
2019-05-30,156.56373873880014,157.4188582691931,156.10508910969523,156.55596923828125,500300
2019-05-31,156.33826576334656,158.7481388507542,155.7941043163987,157.81527709960938,657600
2019-06-03,158.16514554781838,158.86478017345658,156.99907993053284,158.46054077148438,632500
2019-06-04,158.33609285453187,158.56153875765722,155.69301661407104,157.0301055908203,550400
2019-06-05,157.854173449952,161.56226510185303,157.14675752536917,161.50784301757812,461400
2019-06-06,161.50783062868263,162.40182123699114,160.5438908036454,162.26966857910156,326500
2019-06-07,162.7750142974885,163.9721699873447,162.137571150427,162.5184783935547,352700
2019-06-10,162.66615125617164,162.76721407065966,161.03365467087485,162.7516632080078,460300
2019-06-11,162.98486557823432,163.29581163524043,161.22021645705374,162.73609924316406,528000
2019-06-12,162.51841884433867,163.692265598451,160.25624913458967,161.06472778320312,815300
2019-06-13,161.0647724884909,161.37571860159912,160.06973069234388,160.98703002929688,616200
2019-06-14,160.76931702363655,161.91983153030077,160.64493387107007,161.7643585205078,518700
2019-06-17,162.33965906622208,163.3968923826923,162.33965906622208,162.96156311035156,672500
2019-06-18,163.76226278750755,164.60960097995044,160.9326106170363,162.17640686035156,639500
2019-06-19,161.35236330993845,163.2958057507728,160.94035446142803,162.61949157714844,621000
2019-06-20,163.3268915544888,164.5940078363734,163.2802389765173,163.61451721191406,772400
2019-06-21,164.0576497751722,164.0576497751722,160.34956973379636,161.53895568847656,1434400
2019-06-24,161.91208548262938,162.79052531484584,160.97146592695395,161.80325317382812,488000
2019-06-25,162.07534043688094,162.6661427064393,158.84144916156436,158.9036407470703,623400
2019-06-26,159.0435597324658,159.0435597324658,155.52204282382277,156.47044372558594,680500
2019-06-27,157.21457701446508,159.00048220947443,156.91692216460018,157.786376953125,482500
2019-06-28,157.95088625647557,159.66629829215125,157.59057849451602,159.14932250976562,818300
2019-07-01,159.8542649380266,159.8542649380266,156.09446019158096,158.46783447265625,513000
2019-07-02,158.92214591231755,161.13103554118786,158.69499644476846,161.01353454589844,672900
2019-07-03,161.71066744147726,163.9978791625141,161.3895147806236,163.966552734375,405400
2019-07-05,162.88558655392978,163.1440743760219,160.04224441509388,162.8229217529297,294700
2019-07-08,162.9012699200837,164.71850149889178,162.8777721116747,164.5775146484375,509300
2019-07-09,164.42868639426212,165.91694864780524,163.8882128994122,165.6741180419922,582400
2019-07-10,166.62193767384392,167.7028848638311,165.29034316495782,167.44439697265625,624700
2019-07-11,167.13889408625542,167.256383135859,164.6558592372125,165.5879669189453,577300
2019-07-12,165.66630148418696,165.82295753488864,164.2642136950846,164.86734008789062,410900
2019-07-15,164.906533186972,166.48094646664268,164.41305519467704,165.5018310546875,409300
2019-07-16,165.50182210495362,165.66631874418738,164.40521768370115,165.28250122070312,446100
2019-07-17,165.46263663443148,166.16759478248463,163.8803831585622,165.2511444091797,465900
2019-07-18,164.96919434956635,165.1885152408137,163.2067866471266,164.6402130126953,355600
2019-07-19,164.8673431210267,165.32165404288315,161.42869075326837,162.00833129882812,562100
2019-07-22,162.20411210082494,162.35293949619282,160.35554246505785,160.69235229492188,411600
2019-07-23,161.06051126053794,162.48610856185843,159.84641811633344,162.01612854003906,488900
2019-07-24,162.384294514033,162.384294514033,161.0840266700466,162.02398681640625,333200
2019-07-25,162.02398681640625,162.31380108868296,160.87254639399646,162.02398681640625,372400
2019-07-26,162.12579599485167,163.3164033369868,161.73414994368386,163.222412109375,527900
2019-07-29,163.82554498947027,165.90127631511703,163.1754230363104,164.83599853515625,456900
2019-07-30,164.41305789605357,166.98225582306958,164.41305789605357,165.16502380371094,767100
2019-07-31,165.16498434121388,167.27987077006205,162.6819496432152,163.54356384277344,912600
2019-08-01,159.58794576560848,160.25373691693952,156.16495096795745,159.1179656982422,1511400
2019-08-02,159.50180739860463,162.50181820125994,159.19632389400482,161.1702117919922,857300
2019-08-05,160.52793261908553,162.1336842919713,154.97439284724976,157.14410400390625,716000
2019-08-06,157.14406386247637,159.5331072580074,156.2432826905646,159.07879638671875,689900
2019-08-07,158.6401497044831,161.47566331126453,156.87774246117857,160.00308227539062,604300
2019-08-08,159.76810549793254,161.8673227847658,158.7498232825192,161.7655029296875,548400
2019-08-09,161.42869264461712,162.5174683651032,159.51745769306663,161.36602783203125,847000
2019-08-12,161.2563532032374,162.5879594373115,160.48873023279072,161.01353454589844,452400
2019-08-13,160.93522857488813,160.93522857488813,158.6401761010848,159.94827270507812,911700
2019-08-14,159.79945073540276,160.44175612992976,157.6062419543141,157.9038848876953,552000
2019-08-15,158.3817107546454,160.47309989456502,158.1310634177731,160.12062072753906,607600
2019-08-16,160.6688626260843,162.02396648782712,159.6584211332409,161.2328338623047,544600
2019-08-19,162.07096527117238,163.30072760749613,160.78636675287885,162.69760131835938,374100
2019-08-20,163.12845269851124,163.809925137809,161.49137463388823,161.78118896484375,634600
2019-08-21,162.2119579163735,163.5043970510005,161.60099103530945,162.88558959960938,422000
2019-08-22,163.1205815952184,163.95870988831663,162.11014003417202,163.6140594482422,347700
2019-08-23,163.41825317027144,164.48353102509864,160.97437341385,161.4835205078125,602700
2019-08-26,162.27460434820966,163.59054114066902,161.42081892543837,163.4808807373047,381900
2019-08-27,164.3817165623857,165.16500883382523,162.96395946341477,162.98745727539062,670500
2019-08-28,163.06577761295787,164.25638519958545,162.98745555789415,164.06056213378906,382400
2019-08-29,164.93781969250654,166.23024684892036,164.25634745271844,166.034423828125,560900
2019-08-30,166.93519313689748,166.9508623240378,165.35295184627478,166.49655151367188,502100
2019-09-03,165.9952950640746,168.07102673382212,165.9952950640746,167.69503784179688,505200
2019-09-04,168.77599368311255,169.81777388158525,168.21202226811846,169.31646728515625,720100
2019-09-05,168.79161567375098,169.37908473741172,167.52267436882352,168.18064880371094,594900
2019-09-06,168.36866411235647,169.62976509320572,168.28250148812114,168.99530029296875,694500
2019-09-09,168.82296013420697,168.82296013420697,166.91172533057895,167.53053283691406,601200
2019-09-10,166.84123304369334,166.84123304369334,163.08926878956464,164.6871795654297,698200
2019-09-11,164.28773340177014,164.40522246743302,162.14150816962197,164.27206420898438,679800
2019-09-12,165.9169297127963,166.8412086056279,163.31639433931184,164.12318420410156,776800
2019-09-13,163.4339259593941,164.17806317121446,160.95089091894326,162.2276611328125,733300
2019-09-16,163.11275382030828,164.7889984630832,161.88297946660091,164.4130096435547,561000
2019-09-17,164.9143237017089,166.48090799885554,164.82816108728224,165.6741180419922,470200
2019-09-18,166.08142733756068,166.33991517155167,164.49917390771705,165.5174560546875,359700
2019-09-19,165.9247830281659,166.39475116237543,164.64801295698769,165.08665466308594,347000
2019-09-20,165.2747009040829,165.47052400941948,163.74728307287626,163.75511169433594,993300
2019-09-23,162.92476381651284,165.53312805609525,162.92476381651284,164.83599853515625,465600
2019-09-24,165.27463886256362,166.62973089622616,164.71066757473275,165.564453125,554200
2019-09-25,165.5722954596119,167.4443631857459,165.5331284624112,166.6375732421875,1531900
2019-09-26,167.46784739118957,169.29291935327834,167.06053216714733,168.8621063232422,963300
2019-09-27,169.1145912282439,169.84821996053162,167.88398042765712,169.02781677246094,689600
2019-09-30,168.79900996360644,170.6528220563357,168.6964671078311,169.8639678955078,907700
2019-10-01,169.39066429080106,169.98230495929573,167.33175428296116,168.81480407714844,724400
2019-10-02,168.58602116540246,169.72985724479307,167.33963019743908,169.6036376953125,887500
2019-10-03,169.27233324388578,172.317310893534,169.27233324388578,171.94654846191406,876900
2019-10-04,172.12010896945432,172.89318275618257,171.3706998470267,172.7590789794922,656900
2019-10-07,172.73539125974503,173.16926344228057,171.49688448750342,172.9168243408203,514300
2019-10-08,172.0096412415958,173.0903675214034,170.0138413045271,171.7572021484375,831300
2019-10-09,172.02545925500138,173.31917979751847,171.66258098859342,172.56187438964844,599700
2019-10-10,172.443524574037,173.23237873579023,170.8184748897796,172.50662231445312,466300
2019-10-11,172.7354049510786,172.81429518577764,170.9368183399708,172.0333251953125,410900
2019-10-14,171.9780996236312,172.11220339305171,171.02359278335584,172.0333251953125,371200
2019-10-15,172.12798652389606,172.5776392021448,170.07697279638668,171.47323608398438,658600
2019-10-16,171.58365153072032,173.01937177525508,170.30571173627914,172.92471313476562,585600
2019-10-17,172.71175021830211,173.64259244907947,172.5224208663146,172.8221893310547,516700
2019-10-18,173.0194330789681,173.86350100863618,172.15958469130766,173.68206787109375,573300
2019-10-21,173.72935661400487,175.1571807861328,172.83006330997648,175.1571807861328,762200
2019-10-22,175.53584270451177,175.81193445666145,174.20267715971116,174.9915313720703,765000
2019-10-23,175.22028863642385,175.23606909055502,172.91683584861656,174.75486755371094,554200
2019-10-24,174.5576620091717,175.1808635878484,173.13772199625802,173.7372589111328,406500
2019-10-25,173.34278175972725,174.2026297282109,172.64070218336664,173.08245849609375,522200
2019-10-28,173.0903871009042,173.0903871009042,170.70015983811868,171.17347717285156,1122400
2019-10-29,170.944681770893,170.944681770893,168.8621074197425,169.84817504882812,1830500
2019-10-30,170.47927847274775,172.80639591207392,169.43010096182616,172.7432861328125,985000
2019-10-31,172.90895709286366,173.98968351421826,171.39435844641633,171.70201110839844,838400
2019-11-01,171.96235300463462,173.0825246649898,169.22502762363328,171.37071228027344,916700
2019-11-04,170.90523382351228,170.90523382351228,168.00225654937623,169.0041046142578,766600
2019-11-05,168.36514058885544,168.36514058885544,164.54708927534404,166.18002319335938,1132600
2019-11-06,166.66909724466564,168.08115285790905,166.66121303678332,167.46583557128906,597200
2019-11-07,166.9136781732531,166.9136781732531,163.53738273777012,164.98098754882812,667500
2019-11-08,165.0282685177266,166.42454358758462,164.57073171413023,165.54103088378906,449800
2019-11-11,165.24917072012838,166.65333020151496,165.24917072012838,166.03802490234375,358900
2019-11-12,166.14846451668723,167.6157337815928,164.5786523929112,164.86264038085938,559600
2019-11-13,165.39903683429225,167.678824689846,164.66540830288346,166.91363525390625,474500
2019-11-14,167.33175391880204,168.1442728054763,166.8663328161362,167.72618103027344,471500
2019-11-15,167.7498451116497,169.23289489746094,167.33175333789825,169.23289489746094,530900
2019-11-18,169.69833028424551,171.03939220105562,169.4459031717493,169.81666564941406,335400
2019-11-19,170.86583252220345,171.66257096814283,169.76142936840031,171.22869873046875,421600
2019-11-20,171.63891686302694,172.1437831242082,170.3688609820452,170.676513671875,432200
2019-11-21,170.28209994275406,170.28209994275406,167.57632327145106,167.78143310546875,349500
2019-11-22,167.9154734844424,168.60177265578886,166.07744210438358,166.66908264160156,397100
2019-11-25,167.32385884423724,168.7753476313251,166.8347731096001,167.35540771484375,583600
2019-11-26,167.63944641539732,170.08489990234375,167.36335459394402,170.08489990234375,1026300
2019-11-27,170.08484782068598,170.100628274411,168.81479212740794,170.0532989501953,556300
2019-11-29,169.8166138134202,171.34699258821877,168.7358755855195,169.13819885253906,292500
2019-12-02,169.14611426674978,169.5563218166051,166.41668550534524,166.6060028076172,578300
2019-12-03,166.40881400300296,168.64127314092693,166.0538319715013,168.42039489746094,766900
2019-12-04,167.82876341521904,170.2978813892074,167.82876341521904,169.8561248779297,618200
2019-12-05,169.3275235815747,170.44770696852044,168.47557176707207,170.3214874267578,699600
2019-12-06,170.36096478111835,170.9210445436353,169.4616714405337,170.34518432617188,468700
2019-12-09,170.51870094690267,170.51870094690267,168.7989927920215,170.3214874267578,370400
2019-12-10,170.32153650916874,171.05516523778115,168.2784067405592,169.82455444335938,388900
2019-12-11,170.05331777740727,170.37673887434133,166.8900045065647,167.29232788085938,406700
2019-12-12,167.01619928927565,167.86816320391864,164.18421581884346,164.99673461914062,763300
2019-12-13,165.13085920208218,166.31414055992133,162.73273557616366,164.5865478515625,599100
2019-12-16,164.65756351193386,165.62786301965804,163.32439774741954,165.1624298095703,723200
2019-12-17,165.31228770693397,165.6593854881561,162.74062729409013,163.0088348388672,561900
2019-12-18,163.76615964850447,164.2552454691089,162.5670977263862,163.66360473632812,669100
2019-12-19,163.8134618764503,164.7285356139462,163.4111385410729,163.87657165527344,798200
2019-12-20,164.12108421749278,165.1860299414546,163.81343162564283,164.0895233154297,1481400
2019-12-23,164.83895007092366,164.9336087065252,163.0245833211617,163.36378479003906,413000
2019-12-24,163.70304543599906,164.24735682136398,163.08774005348943,164.03436279296875,112700
2019-12-26,164.46822548099638,164.7837623634594,163.36382231845474,164.33412170410156,275600
2019-12-27,165.11508620228932,165.5489584604794,164.02646345209612,164.74432373046875,356700
2019-12-30,164.21988141004786,165.84889163014023,164.10067844259945,164.98272705078125,492200
2019-12-31,164.86348983215566,166.65936672619452,164.6409922390963,166.63552856445312,576000
2020-01-02,167.23947501634927,167.59705959765787,163.75101559495877,164.6807403564453,817400
2020-01-03,163.9973742137229,166.5322710629746,163.94174374044076,166.2620849609375,672100
2020-01-06,166.12699182008396,166.7706465572992,165.47539506921348,166.5402069091797,602000
2020-01-07,165.43564154578203,165.74554979532496,162.72592380285965,162.91664123535156,850500
2020-01-08,163.13121060964858,164.35495977667276,162.55112833253855,163.59210205078125,872300
2020-01-09,163.2821828229456,164.39468309352313,162.82924555133633,163.97352600097656,738800
2020-01-10,164.31522907023125,165.9760194225079,163.90201395440118,165.64227294921875,736100
2020-01-13,165.46740230353728,167.69239025398878,165.46740230353728,167.6844482421875,490200
2020-01-14,167.0408142555887,167.0408142555887,165.14957244568564,166.48455810546875,550600
2020-01-15,168.1453768858721,168.82081179519898,167.29510855122288,168.38375854492188,796600
2020-01-16,168.62215725066946,170.79946942682705,167.9387681826209,170.75973510742188,545200
2020-01-17,171.0537513236898,172.3172348097102,170.5769758550967,171.69741821289062,1213300
2020-01-21,171.97552296199393,174.35149451128078,171.87221616087365,174.2640838623047,730100
2020-01-22,174.70118415924108,175.37661924214177,171.49083957331015,172.150390625,718900
2020-01-23,172.32515883134377,173.7952436544094,171.64971183151124,173.62042236328125,554300
2020-01-24,173.89059917267005,174.34353643425155,172.96087435922377,174.2879180908203,566900
2020-01-27,173.58068229127167,174.3594239371586,172.547650730281,173.9144287109375,786500
2020-01-28,173.74755069223394,175.51960172222263,173.26282114762884,174.240234375,516200
2020-01-29,174.84419413553357,174.84419413553357,171.88019785898624,172.1344757080078,734400
2020-01-30,171.6338537563943,173.50919978778694,171.13322797199487,173.239013671875,536500
2020-01-31,173.18336070726377,174.12898161092505,171.67354164147162,172.1900634765625,609600
2020-02-03,172.69068916090325,173.85085353624456,171.72123009372197,172.1900634765625,499900
2020-02-04,172.3887373033108,174.55809524107056,171.79275891517372,173.84292602539062,655700
2020-02-05,173.7316765780965,174.63756323975483,172.79399761240174,172.921142578125,464500
2020-02-06,172.92112970988174,174.24023134937156,171.3874724723519,174.1289825439453,569000
2020-02-07,174.62959999736304,174.91567009272129,173.27077613831935,174.1607666015625,471500
2020-02-10,175.60701711873998,176.2109375,174.11309412931507,176.2109375,884700
2020-02-11,176.01229777723373,177.92737805813402,175.90899096844777,177.10890197753906,814700
2020-02-12,177.0612018047935,178.96832768966686,176.66388290167734,178.30877685546875,851500
2020-02-13,177.99887312633578,179.84243870381695,177.99887312633578,179.26234436035156,730500
2020-02-14,179.73118909471728,181.1853778638028,179.32592814276035,180.803955078125,456900
2020-02-18,181.22510860539677,181.35225357318353,179.44512755722835,181.23306274414065,443500
2020-02-19,181.60651425072527,182.2899032315935,179.38153815041971,179.42921447753906,692400
2020-02-20,179.1987780473402,180.53377594684883,178.80941325910916,180.50198364257812,779200
2020-02-21,180.3430605241867,182.01974689958016,180.29538419245603,181.19332885742188,811800
2020-02-24,180.049019992302,182.04355634806936,178.3961720435107,179.42124938964844,726700
2020-02-25,180.12849802743457,180.70859237523567,175.59906480781933,175.94076538085938,855900
2020-02-26,176.33808169939587,177.3790553044662,175.01103799386863,175.78977966308594,907500
2020-02-27,173.89055901766287,174.70109281857913,164.89525496784546,165.02239990234375,1120900
2020-02-28,162.2412131222417,162.36835809200923,155.407334687595,159.3964080810547,1702900
2020-03-02,160.32612155373909,166.61170959472656,158.77658023600918,166.61170959472656,1275700
2020-03-03,166.6116922450094,172.09469988513845,164.79197716910778,165.86473083496094,1099200
2020-03-04,168.2327908875739,173.2548959833975,167.5255636594762,173.00856018066406,990200
2020-03-05,170.6485073233032,172.01528562787712,167.45405922770945,169.5042266845703,801400
2020-03-06,165.65816544627688,166.9613711287796,161.20024630289154,166.1269989013672,919000
2020-03-09,159.3169604196552,161.79622684179824,156.6787567138672,156.6787567138672,1306000
2020-03-10,160.06390910564485,166.0793239312966,155.7410890411282,165.95217895507812,1354400
2020-03-11,161.48633029214977,161.510168461389,154.95440516590827,155.62985229492188,1101600
2020-03-12,144.8227251361095,156.26550350665664,142.33550518100262,144.60816955566406,1766900
2020-03-13,150.90170640775176,154.104095623986,142.3593504518711,153.4922332763672,1343500
2020-03-16,139.72909405751398,141.64417387663968,129.89942932128906,129.89942932128906,1463000
2020-03-17,132.9031753810412,144.95782965414978,128.77900315564062,144.29827880859375,1992200
2020-03-18,134.89772659316918,140.45224992265494,116.86740268643771,122.27888488769533,1562900
2020-03-19,121.96893012899274,123.62177779933428,115.46878822711076,116.47003936767578,1292700
2020-03-20,117.38391600306652,119.95059312220108,102.17454650613236,104.59024047851562,1569000
2020-03-23,104.59022149582276,104.59022149582276,93.90234570094596,96.2147445678711,2070100
2020-03-24,100.27534332730848,102.77844748245391,97.7404468708678,101.28453063964844,2236300
2020-03-25,99.7906246060705,118.6155975800927,98.29670153883951,111.8691177368164,1937900
2020-03-26,111.7737867211082,120.72140645465556,109.93022069596036,120.03801727294922,1761900
2020-03-27,116.0250834217516,131.05963207238173,115.7628514416274,127.35662841796876,1374300
2020-03-30,128.6006240256458,129.7322932240526,115.71888862586869,122.07549285888672,2100300
2020-03-31,120.73515539019633,122.18787219804696,114.57921265365702,118.11868286132812,2165100
2020-04-01,112.0831016920596,112.72518423644264,104.97206414960296,110.77487182617188,2248000
2020-04-02,108.35903423727792,114.04144437005073,105.8870244791764,108.62389373779295,1555300
2020-04-03,107.27555839628708,110.80699479650488,104.55474388541109,106.11981201171876,1147600
2020-04-06,112.13931852577603,117.40437470473672,111.76209539282831,116.43323516845705,1175800
2020-04-07,123.05470141821552,123.90545589803342,117.13150644080432,118.26317596435548,998700
2020-04-08,119.59546172949804,129.6761313999771,117.6451489533572,129.00193786621094,1195500
2020-04-09,130.66331105187572,138.77759931798246,130.66331105187572,134.3231658935547,1751300
2020-04-13,132.99086404868834,133.64096831651375,127.62950005259512,129.54771423339844,758400
2020-04-14,133.1593955721642,135.28628109887686,130.30214096016286,134.0583038330078,1021400
2020-04-15,129.4032220409365,132.21232263725884,127.07568644552352,129.2828369140625,907500
2020-04-16,129.8526950310295,132.37285944206656,127.62146721314927,129.41929626464844,865900
2020-04-17,132.3246971110599,137.3168715632696,132.0277389424155,136.73899841308594,1232800
2020-04-20,133.4483642951269,134.59607692298198,128.67289463793733,128.82537841796875,1299800
2020-04-21,128.41604030904423,129.684150176701,126.52190322461752,127.01148986816406,2160700
2020-04-22,129.21861671589687,130.12555875216546,127.54118543811106,128.28759765625,1551800
2020-04-23,127.99069450649228,128.4000163264256,124.1221544661662,126.36943817138672,1567200
2020-04-24,126.85900674144658,128.3999979120146,124.83645047214075,127.1158447265625,1001600
2020-04-27,128.88958637677075,130.1496747959851,127.75791695187938,129.01800537109375,1495200
2020-04-28,132.31669767348683,133.92992001063195,130.1095466528939,130.3984832763672,578500
2020-04-29,133.4884813099378,134.8127668421228,130.53490598068288,133.0791473388672,821100
2020-04-30,131.22510862581842,131.8190370736726,129.61990852030382,130.78367614746094,1075100
2020-05-01,127.70974850036696,129.6119194301506,126.257044000068,127.16398620605467,979500
2020-05-04,125.53468927443164,127.40474904696498,124.66787966441362,126.93923950195312,1210300
2020-05-05,128.65682365681803,129.8928226641462,127.31648269712493,127.88632202148438,774300
2020-05-06,127.9826445741527,129.71625185163435,125.8156140455612,125.84772491455078,1067300
2020-05-07,128.11104224393046,131.08067283319363,124.49934128081216,128.76918029785156,1158100
2020-05-08,131.152912496827,131.85919240363313,129.11430096162286,131.59434509277344,1371700
2020-05-11,130.50278871540007,130.767635986635,126.096509502442,126.20085144042967,1024100
2020-05-12,126.65034871809983,127.0917813984167,121.19266341306982,121.59396362304688,1859900
2020-05-13,120.8394911974052,122.24404162928975,119.81216386124912,121.24079132080078,1790300
2020-05-14,119.2021618132172,121.88284301757812,116.49739134059834,121.88284301757812,1666500
2020-05-15,120.56662513796616,124.08201857770298,117.07530872890898,120.67096710205078,1980900
2020-05-18,125.83167265278048,128.80932512116792,123.6084664174636,127.1960906982422,1040300
2020-05-19,126.2008831868335,127.6856864832961,123.92148888995776,124.12213897705078,1174500
2020-05-20,125.5908762117534,125.5908762117534,122.05944022074011,125.0691909790039,1448000
2020-05-21,124.53144528972436,126.8108268328263,123.3837206785828,123.74488830566406,820300
2020-05-22,123.76899756771483,124.17029771744302,122.77376878757386,123.33558654785156,1015700
2020-05-26,127.47702235115436,130.4707183988002,126.3614082907152,128.74513244628906,983600
2020-05-27,132.42900725680764,132.42900725680764,126.32924202387277,127.53314208984376,1015300
2020-05-28,129.17049701089738,129.17049701089738,125.73536863298467,127.63752746582033,1226500
2020-05-29,126.17681436006744,127.50110012230186,123.77703475358727,125.21368408203124,3918100
2020-06-01,125.1976297314428,129.86073568353075,124.59567948468356,128.75314331054688,1047500
2020-06-02,129.82056255118258,129.9730585253987,126.00821218260072,127.42881774902344,1483800
2020-06-03,128.87349750944355,130.8238097767771,128.42403118862242,130.02120971679688,1294400
2020-06-04,129.32294763882075,129.90082064411604,126.6181771914316,127.50906372070312,1431600
2020-06-05,132.42903103642422,139.66045432238658,132.42100944335775,138.6010284423828,2109900
2020-06-08,140.8403229189334,142.9591876077677,138.52080811847955,142.9190673828125,1378800
2020-06-09,140.45502186871204,140.88039895520652,138.36825664512307,139.82899475097656,917200
2020-06-10,138.84183780368252,140.46308167960422,136.32167321545458,137.52557373046875,802900
2020-06-11,131.41781775932878,134.05836816608,129.796561227965,129.9169464111328,1187400
2020-06-12,133.58479323228465,133.58479323228465,128.15920747439483,131.42579650878906,1562800
2020-06-15,126.7145405378078,130.6232001185687,126.7145405378078,128.98590087890625,1600500
2020-06-16,134.14662201601084,136.90756917962594,132.82233633712673,134.2991180419922,1116600
2020-06-17,135.1097117540736,135.6715294323626,129.43533483329435,130.6151580810547,1214400
2020-06-18,129.0581192191041,129.8286085804688,127.3485768130955,128.6648406982422,1376400
2020-06-19,131.38562974604545,131.71469871579905,124.4752426147461,124.4752426147461,3239600
2020-06-22,124.78027170091988,126.52191291134932,122.26010720677512,125.39024353027344,1447700
2020-06-23,126.4577139537214,127.12387373893937,123.92149381290086,124.65186309814452,1127200
2020-06-24,123.16703755170536,123.72082142707076,119.73189727614375,121.6501235961914,998800
2020-06-25,120.92775453720682,123.19109267778256,120.34988149053665,123.0947723388672,869000
2020-06-26,122.55706089408488,123.95358979679357,120.49438453288664,121.49763488769533,1183100
2020-06-29,122.7791967905656,124.10132598876952,120.83251427475734,124.10132598876952,680100
2020-06-30,123.87421581324492,126.02367831463984,123.25776922599913,125.43156433105467,1405000
2020-07-01,125.7479009134562,129.58449408091406,125.39912534218996,129.00860595703125,690000
2020-07-02,131.05261887775637,131.84751273652367,127.5810150955076,129.71426391601562,947300
2020-07-06,132.3910138325279,132.7803479859951,128.40841146831696,129.36553955078125,1240400
2020-07-07,127.31332638032988,128.35155838456342,125.37475120622332,125.49641418457033,1060300
2020-07-08,125.49642333668707,126.33998226038216,124.05263146373603,124.34463500976562,841800
2020-07-09,123.65518914552725,124.46630880194488,121.5787248053707,122.99818420410156,1307600
2020-07-10,122.98196416143382,124.83131607538738,122.53585823067031,123.8904266357422,504600
2020-07-13,124.05266878614832,125.1638989927531,122.19519744440775,123.40377044677734,624500
2020-07-14,123.1766538452126,126.03990576121342,122.77920068591366,125.23689270019533,523200
2020-07-15,126.59146558564434,126.69690273720332,123.72009473373932,125.3504409790039,869700
2020-07-16,123.91474807473644,126.04798426368627,123.91474807473644,125.21253204345705,768000
2020-07-17,125.55322213221312,125.75600207209612,123.93910173183576,124.8232192993164,893000
2020-07-20,122.70617717489942,124.17430173137144,120.09437096469829,121.31105041503906,908300
2020-07-21,122.08975053148689,122.6413060310409,119.49416975801564,119.62393951416016,931400
2020-07-22,118.94258658228694,122.24384954305044,118.082801721984,122.0005111694336,2345300
2020-07-23,122.11411480104492,123.19290585379022,119.0075238093142,120.16741943359376,826200
2020-07-24,120.58916940771871,121.12451140274167,118.93449059557176,119.1129379272461,725600
2020-07-27,118.42348552959578,118.6343722125962,116.24157138442833,118.19637298583984,851400
2020-07-28,118.26128137997492,122.34932014327282,117.24738152654014,121.86265563964844,872800
2020-07-29,122.811635063876,123.0874127876865,118.96692328296668,122.94952392578124,1258000
2020-07-30,121.4651828511593,122.64130401611328,118.16391951999545,122.64130401611328,1312000
2020-07-31,122.57638452951274,124.29596642104698,119.21024329018744,124.19862365722656,1412200
2020-08-03,122.73052472835954,122.8846394577873,121.1407369838208,121.61117553710938,951100
2020-08-04,121.41653613536822,123.48489429308984,120.71086580427888,123.04688262939452,1087000
2020-08-05,123.29021403351696,124.3122205626542,121.59497656096563,122.42230987548828,727300
2020-08-06,121.4651905402988,123.16854707785684,121.4651905402988,122.45475769042967,584400
2020-08-07,121.66792914153989,124.81507686921228,121.4732559993008,124.7988510131836,884700
2020-08-10,125.03410574171072,127.0213590501224,124.60421326011851,124.7502212524414,501300
2020-08-11,125.9831097537752,127.34578482252331,122.50339953053694,123.0792999267578,643700
2020-08-12,123.24962476655172,124.1175287076906,122.37361408476131,124.02830505371094,539200
2020-08-13,123.11985051107604,125.65055232327734,122.15462849042711,122.23573303222656,825800
2020-08-14,121.9193737503276,125.44774863267028,121.5138139880676,124.141845703125,652700
2020-08-17,124.23922804511476,126.0480218757954,123.70388596463124,126.02368927001952,591400
2020-08-18,126.03179495785028,126.07234104535094,124.4501014907454,125.45589447021484,739700
2020-08-19,125.18821173114144,125.18821173114144,122.60885702176564,123.41185760498048,1082100
2020-08-20,123.07118353778702,125.6424313954966,122.85219013904954,124.6690902709961,728800
2020-08-21,124.85564229039016,125.69110691984812,122.511506987445,123.62274932861328,616300
2020-08-24,123.40377124292722,126.3562469482422,122.12220041799566,126.3562469482422,839500
2020-08-25,126.38867070850831,127.19167124666588,125.16387210715088,126.14533233642578,649500
2020-08-26,125.35852980984582,125.64241422832193,123.48484561643517,124.7907485961914,969100
2020-08-27,125.47213585431363,128.789613183502,125.47213585431363,128.52194213867188,611400
2020-08-28,128.83822921632645,129.8845803900454,127.20788334018825,129.4709014892578,839700
2020-08-31,128.7003651920169,128.93559684305978,127.14301680629274,128.20558166503906,979100
2020-09-01,127.38638513915772,128.4651761114233,126.3968178526196,128.3191680908203,1127300
2020-09-02,128.3029011639978,130.85793550480173,127.50800736709832,130.83360290527344,965600
2020-09-03,132.1070413052905,133.12094077469732,128.6435696290225,130.0386962890625,923500
2020-09-04,130.0630689916578,132.46397674458927,129.0897152995277,131.48252868652344,855600
2020-09-08,130.46051668541537,130.53351450317422,128.10827401733485,128.53005981445312,1135500
2020-09-09,128.46515422751116,129.2032638182028,126.47790087271784,126.81046295166016,1214600
2020-09-10,126.30758671502556,126.6401488309991,122.76299685578137,123.71200561523438,1855900
2020-09-11,123.5822079298974,123.6389798775787,120.45128514093024,121.56251525878906,1353300
2020-09-14,122.37364223999973,126.59958191193748,121.78152824192338,125.3666763305664,1386100
2020-09-15,125.3504504926853,126.4535739337628,123.6714389151613,123.75255584716795,896400
2020-09-16,123.84173912885612,125.6505448144169,123.44429843137056,124.17430114746094,966900
2020-09-17,123.26583171887202,125.6018598453621,122.0815918001093,124.50684356689452,850200
2020-09-18,123.54164780081516,124.50688228873356,122.45475030043026,122.52774810791016,1945400
2020-09-21,121.4651904347788,121.57063996965871,118.1071549472094,118.36670684814452,1579100
2020-09-22,118.45592444195334,122.04919141880512,118.45592444195334,121.0190658569336,1055900
2020-09-23,120.8730719897474,122.60886780820712,118.84527255805584,119.28327178955078,1294700
2020-09-24,118.78036275675552,120.54859764148227,117.62045522888408,119.2021484375,1287300
2020-09-25,118.7965972769377,120.12683309624306,117.86380219144576,120.07815551757812,1225400
2020-09-28,121.9761864069027,123.95532048698334,121.32728816113296,122.84407806396484,1126100
2020-09-29,122.41784349395768,123.59825060408068,120.04064376408743,120.92594909667967,851800
2020-09-30,121.85221109993356,123.35231051861383,120.75378174680831,122.4178237915039,1204300
2020-10-01,122.72930354848651,127.57388428256274,122.6391332426604,127.5492935180664,1140100
2020-10-02,125.68035465857685,130.35278880797648,124.26222014293486,129.4674835205078,1487300
2020-10-05,130.36917245259343,131.84468124394263,128.45922254014954,131.5085906982422,1135300
2020-10-06,132.3775058839716,133.0660724601015,129.34451083135963,130.0084991455078,1100700
2020-10-07,130.4347428494144,131.26267377008637,127.67227138132262,128.573974609375,1024900
2020-10-08,129.4838403677914,131.82825570548738,128.98380733222632,131.23805236816406,716100
2020-10-09,131.9840615308378,132.64805001091742,128.93468020819432,129.79539489746094,883700
2020-10-12,130.32817990184563,130.87739456238583,128.96743238037695,130.41835021972656,867300
2020-10-13,127.4673500811602,129.6478235089111,125.3114674244874,126.97550964355467,1042500
2020-10-14,126.87713905800165,127.73785351891313,125.90986876472556,125.92625427246094,836300
2020-10-15,124.77044223903286,127.32798217322984,124.77044223903286,125.54917907714844,682700
2020-10-16,125.32784898577334,125.96723396589668,122.08993530273438,122.08993530273438,1420600
2020-10-19,122.73749675117595,123.42607568365676,119.065129979359,119.1962890625,1158200
2020-10-20,120.35210531439913,120.77016082137742,118.9831527064122,119.31105041503906,1045100
2020-10-21,118.93397960000354,119.99962533947708,118.26181113874824,119.65534210205078,948000
2020-10-22,119.94229392016734,120.69644021091447,118.80286296629372,120.0734405517578,521600
2020-10-23,121.08984333136478,121.52429681512145,119.40121092159092,119.5077667236328,788200
2020-10-26,118.8602239417182,119.09793888607228,116.41744491054124,117.5322723388672,912800
2020-10-27,117.23716900337736,118.01590588945368,114.6632308959961,114.6632308959961,969500
2020-10-28,112.7122854056836,112.9418076044134,107.69556805055755,108.78580474853516,2059900
2020-10-29,108.78578863817911,112.97458690670176,108.2529594994472,111.58924865722656,1638800
2020-10-30,110.89249754070885,114.8353763642619,110.89249754070885,114.04844665527344,1330500
2020-11-02,114.84355451112384,119.14711364685944,113.04014829544778,119.13890838623048,1180800
2020-11-03,120.52425429672762,125.65573206386374,120.29473212874198,123.90151977539062,1330700
2020-11-04,123.43431069692136,123.73760523600968,120.44230406496426,121.58992767333984,1178200
2020-11-05,121.9669905907802,123.5326697976934,120.72101643866036,121.51615142822266,951200
2020-11-06,121.39315005028196,123.294919272992,120.45866345167968,121.27838897705078,956100
2020-11-09,130.31995696703137,151.23116255406816,130.31995696703137,135.00059509277344,3047800
2020-11-10,135.492446744471,143.0339327063695,134.8858577705764,140.82066345214844,2680500
2020-11-11,140.33704719602167,140.33704719602167,137.06634942841347,138.3861083984375,1526900
2020-11-12,137.86966765967867,138.19755293688718,134.77110551037845,136.4843292236328,980900
2020-11-13,137.21388479438355,138.9599045426803,137.13190722095283,138.81234741210938,894700
2020-11-16,144.5012315961093,144.91928716029904,139.82879805391102,142.0994415283203,962000
2020-11-17,140.55016068888838,143.82085791640193,139.36154853025715,142.73062133789062,664600
2020-11-18,143.41921238121242,144.00121061725056,138.99268614560688,139.02548217773438,832600
2020-11-19,138.23858660930867,139.8206642301897,135.11543267553768,139.59933471679688,961200
2020-11-20,140.18946242325802,141.51741376773936,139.1648055196721,140.9108123779297,984700
2020-11-23,141.27971132705488,142.66503707611912,139.81239550724786,140.2140655517578,1130500
2020-11-24,142.49294183998597,143.75531410854387,141.28794387507807,142.06668090820312,907700
2020-11-25,141.30430209426774,141.51742624611916,139.1156362561836,140.2140655517578,660600
2020-11-27,140.10751140088163,140.10751140088163,137.05813087768635,137.6073455810547,324500
2020-11-30,136.64011358032272,138.18120228964327,134.6645711404852,136.55813598632812,2290100
2020-12-01,138.76314558133038,139.12382683885212,136.93516103491217,137.26304626464844,907200
2020-12-02,138.13196084141703,141.8043406545176,137.57455341915485,138.76315307617188,967900
2020-12-03,138.5418210261994,140.98461235300036,138.29591334929074,140.27964782714844,1204500
2020-12-04,141.10756758184493,142.78800760272657,139.96814947153365,142.5010986328125,1012400
2020-12-07,141.36166804249908,142.76340423104008,141.18953268216373,141.55020141601562,550200
2020-12-08,140.6976611883258,141.21409217098807,138.77130157682095,138.82049560546875,1168100
2020-12-09,138.66479082224836,139.79600368823,135.05799053894572,136.44332885742188,1415100
2020-12-10,135.9760801447854,137.55814447463806,133.05785914711566,133.2218017578125,1071000
2020-12-11,132.0578178255349,133.48413256596797,131.8118976091776,133.09066772460938,1052400
2020-12-14,133.8120004972038,135.1235538450689,130.8199947972242,130.8855743408203,971900
2020-12-15,131.27905887757922,132.77915832984888,129.7051871181539,132.77096557617188,839700
2020-12-16,132.79559107804374,133.82024841660888,130.918424337323,132.3939208984375,1109900
2020-12-17,133.21359907389356,133.88578005117824,131.57414791917347,133.80380249023438,1006000
2020-12-18,133.36116862352063,133.95956484857356,128.70512040557324,129.87733459472656,2432900
2020-12-21,127.05747798966138,129.72977915287896,127.05747798966138,129.48387145996094,952800
2020-12-22,129.77077657805546,130.0248895496707,128.04936007290956,129.9757080078125,823600
2020-12-23,130.8118231289133,131.88566174883945,128.2952593333737,128.4674072265625,564100
2020-12-24,129.01660362794863,129.60680702373824,127.95916317350348,129.3035125732422,246100
2020-12-28,129.51665813774633,131.42662048339844,129.074011771691,131.42662048339844,973900
2020-12-29,131.97583441191156,132.50865110042818,128.81169278842316,128.86907958984375,550000
2020-12-30,129.55641139197945,131.50245398360352,129.48188532740315,130.88137817382812,577100
2020-12-31,131.23745457947928,133.0427214901873,129.8131197223106,132.8522491455078,430400
2021-01-04,132.55410078153167,133.90389648971845,128.35562367109856,128.78623962402344,1499100
2021-01-05,128.93528435813136,129.6805826152577,128.22311720708956,128.41358947753906,1236500
2021-01-06,129.31622704423629,132.35535553640867,128.67858587500294,131.85848999023438,1185400
2021-01-07,131.10496940562672,131.5521384302763,129.10095366708154,130.06155395507812,834800
2021-01-08,129.92901754917503,131.41132513804445,129.4984142074864,131.2042999267578,784200
2021-01-11,130.83994133830572,131.44445145329576,129.4984219326022,130.32652282714844,597700
2021-01-12,129.66403958434807,130.7819682104954,128.8856227217439,130.32652282714844,838600
2021-01-13,130.5998380293979,132.69493292968676,130.3431160586057,131.82542419433594,867000
2021-01-14,132.8273778205188,134.3842115385731,131.33680632583855,132.90191650390625,869500
2021-01-15,132.6037866265581,136.06524194397667,132.2311311537491,135.80853271484375,847200
2021-01-19,136.47931960903253,136.89337009635358,133.61409731282902,134.49188232421875,752100
2021-01-20,133.8542277269508,138.45846666644292,133.2745596294998,137.39849853515625,926700
2021-01-21,136.13153443222208,137.71321050898763,134.83142232256284,137.01760864257812,521300
2021-01-22,136.39651775692656,137.16664560189938,135.05498557912057,136.41307067871094,911300
2021-01-25,135.99898009987203,138.62405791215096,134.98869619283542,137.96986389160156,845800
2021-01-26,138.29290430458326,140.25550016053262,137.79603851622608,139.21209716796875,776300
2021-01-27,138.13551600611885,139.11268168754586,134.82311224068872,135.70089721679688,845800
2021-01-28,135.89967756174576,140.0650252535384,134.74034102885295,137.48135375976562,555500
2021-01-29,136.23089540921742,138.1189647399998,134.74032366920312,135.53529357910156,976400
2021-02-01,136.33854138669966,137.0341431596755,133.40706955154852,136.82711791992188,1267500
2021-02-02,137.3570628265955,138.75655506964603,136.41302850817888,137.82908630371094,893500
2021-02-03,136.67804848995888,139.78342669268827,135.98244680514338,138.94703674316406,1438800
2021-02-04,137.3985129480744,144.1392544131093,135.97417825303148,142.3091583251953,2339900
2021-02-05,142.6238160109766,143.16208918328644,139.94905361308665,142.61553955078125,1121900
2021-02-08,142.43335330219014,143.81628027434942,141.18292550523356,143.53472900390625,801000
2021-02-09,144.03159401847927,144.51189409194714,142.91366530310944,143.94879150390625,554400
2021-02-10,144.18066647497625,145.76234242700195,143.43538062486058,145.62156677246094,576500
2021-02-11,145.91137669413945,148.74348026828895,144.16408328202715,148.17208862304688,1150600
2021-02-12,147.20324315665508,148.79319571098372,146.51591774524192,148.6524200439453,765600
2021-02-16,148.85945675841774,149.01679799715166,147.3771612737858,147.86573791503906,806900
2021-02-17,147.6752306922279,148.43708198163762,145.62982051821254,148.2300567626953,805100
2021-02-18,147.9319304888263,148.34598090025227,146.61525321308764,147.21148681640625,501500
2021-02-19,147.32747578840153,148.0893273154134,146.6401503308557,147.4102783203125,855100
2021-02-22,147.9733745513572,149.530208525737,146.69809189358938,147.63385009765625,843700
2021-02-23,148.94224183017317,150.90483709695064,147.94023409092395,149.6709747314453,966900
2021-02-24,149.9276434771339,153.45534812706347,149.41421241922356,153.19863891601562,1103000
2021-02-25,153.28147166828012,153.7452061203681,148.67722034985323,149.32315063476562,770700
2021-02-26,149.44737956305943,149.5053400589752,145.4807689336962,145.5387420654297,1412000
2021-03-01,147.48477406452164,150.15953641028256,146.5324504562953,146.59042358398438,745600
2021-03-02,145.8534544296241,148.4785334658955,145.59674510394314,147.5841827392578,910600
2021-03-03,148.03961703389857,151.8902815704187,147.52618582942912,150.21751403808594,1070000
2021-03-04,150.0601766321642,150.6729632397588,145.76233073942308,147.44337463378906,1076500
2021-03-05,148.14724771935434,149.05816377452553,144.7934491430812,147.11212158203125,1136500
2021-03-08,148.1804327707587,153.27325016589083,146.5987564245891,152.2960968017578,1109300
2021-03-09,152.29600584526915,154.39937610598938,150.67292288073227,150.73089599609375,686500
2021-03-10,151.00423292891793,153.9688235960217,147.94024890671167,153.34774780273438,830400
2021-03-11,153.39744317223642,155.93143036550978,153.08276072952535,154.2917938232422,1341300
2021-03-12,154.82176907008417,157.74496459960938,154.82176907008417,157.74496459960938,1056500
2021-03-15,157.81121487890687,161.86062829538764,156.32063053999585,160.17129516601562,774200
2021-03-16,160.23753652427243,160.82549376843662,156.55248976185973,157.58761596679688,741200
2021-03-17,158.29976709240543,158.29976709240543,155.0039164955693,157.1072998046875,876300
2021-03-18,156.86712906679224,157.016193781975,155.0287569088517,156.2626190185547,641700
2021-03-19,155.40966596997546,155.6829407333051,151.0704134985156,151.3685302734375,1691600
2021-03-22,151.37681348731343,154.10954837863653,150.25059600756026,153.30628967285156,709100
2021-03-23,153.68725522110776,154.71410496766694,151.94825077429542,152.9916534423828,833800
2021-03-24,150.7060636656584,154.5898456624735,150.08498808822245,153.07443237304688,1019700
2021-03-25,153.07446555585858,155.29377003512974,151.2857644725006,155.1364288330078,645500
2021-03-26,155.34343457370412,156.89199174713366,155.02876484477122,156.6104278564453,561200
2021-03-29,156.1798405184067,156.81746913698797,153.5713150063126,155.14471435546875,458200
2021-03-30,155.24494112426558,156.8067405338011,155.01943651763548,156.48936462402344,434400
2021-03-31,154.53499452672858,155.887996408691,153.01495742071668,154.10069274902344,894800
2021-04-01,154.44317658023,156.28059016728244,153.4075374431031,156.0968475341797,603700
2021-04-05,156.9069693236914,157.01554798281506,153.32401375632577,155.33682250976562,544700
2021-04-06,154.6770080441594,155.84628034945348,154.2844681748646,155.76275634765625,560900
2021-04-07,156.33068382913982,157.52501082475894,154.70206769327177,156.83180236816406,417700
2021-04-08,155.62077636428216,156.88190723505127,154.9693299283645,155.05284118652344,397400
2021-04-09,155.7961650045228,156.09683358236515,154.61019804302637,155.29505920410156,538600
2021-04-12,155.65418679509764,156.47268127985228,154.3847085525736,156.28057861328125,490300
2021-04-13,155.98823666475494,157.0572774526123,155.34513763419386,156.84848022460938,530900
2021-04-14,156.59795596447373,157.56677837726107,155.45375097763173,155.56231689453125,392000
2021-04-15,157.06563600316616,157.6419184327639,156.26386172683465,157.39971923828125,958200
2021-04-16,158.393588381447,158.769433625745,157.1575122326543,158.5272216796875,661900
2021-04-19,159.57121730862136,159.63803396166983,158.0678744749644,158.98658752441406,492900
2021-04-20,158.79450290744975,161.16643682189044,158.79450290744975,160.92422485351562,733400
2021-04-21,161.12467500519213,162.32734931361236,159.7299107776135,161.7093048095703,625000
2021-04-22,162.1519340970864,163.0873544132479,160.63189679227906,160.6903533935547,925600
2021-04-23,160.8156800097352,162.46935102658256,160.42314007353764,161.92648315429688,564900
2021-04-26,162.85352716738316,163.3212310242627,162.1853733387091,162.66978454589844,613500
2021-04-27,163.29616862542744,164.06454103156665,161.77611841869268,163.1207733154297,506900
2021-04-28,163.0539400857302,163.10404938521452,159.81341552734375,159.81341552734375,1043900
2021-04-29,160.6235811675888,163.8724664052631,158.54395562574527,159.9470672607422,695600
2021-04-30,160.0138621659668,160.81564923693804,159.01998518764836,160.35629272460938,714900
2021-05-03,161.29167830280034,161.63410881462684,159.69647716931084,160.06394958496094,555000
2021-05-04,160.34795003142813,161.40028364485258,158.23492275795002,159.0116424560547,606500
2021-05-05,158.37691147006828,159.52946375022373,155.85463684588973,156.98214721679688,739100
2021-05-06,157.29951693650742,161.46711526319015,157.29951693650742,161.43370056152344,710900
2021-05-07,160.8490316624692,163.43812242200897,160.8490316624692,163.3044891357422,750900
2021-05-10,164.36523779355275,166.60353874176928,164.04786181815828,164.52392578125,490400
2021-05-11,163.697084169593,164.5656753353884,162.4944096754333,163.847412109375,626900
2021-05-12,164.27331330077214,164.29002064774727,160.09736863501035,161.05783081054688,1001000
2021-05-13,160.96598813494398,165.70150869852998,160.96598813494398,164.11465454101562,842900
2021-05-14,164.1063163723006,166.14416713997676,164.1063163723006,165.33404541015625,993400
2021-05-17,165.57620341988653,166.27775905425997,164.79112379590936,165.59291076660156,454900
2021-05-18,165.25052162117544,166.8791378743984,164.5990751198863,166.20263671875,930700
2021-05-19,165.3674098734848,165.3674098734848,162.5361198808643,164.25660705566406,1260000
2021-05-20,163.6970539575441,167.24660742346023,163.28780673481975,166.93759155273438,944200
2021-05-21,167.47212033333687,168.70819662145854,166.67869324455555,167.3802490234375,779200
2021-05-24,168.4074981935441,170.74602978602647,168.24046295350362,169.87742614746094,656000
2021-05-25,170.00272820232843,171.10517108596432,169.21764848157167,170.71263122558594,797000
2021-05-26,170.5372411805453,172.03222385892784,169.67699754402827,171.10516357421875,720700
2021-05-27,171.77330636551454,171.87352495942966,169.96094790970974,170.43701171875,1009700
2021-05-28,171.08848803375986,173.2098626883487,170.39527956849557,172.8340301513672,862100
2021-06-01,173.36850278123885,176.02439720359365,172.55002127764132,175.95758056640625,684900
2021-06-02,177.0851252938497,178.4548347645366,175.82399447285488,177.68646240234375,940200
2021-06-03,178.20431270554988,178.27948941778172,176.99329093351147,177.97882080078125,790700
2021-06-04,177.69483955705994,178.0038682094906,176.09963796067643,176.85130310058594,629800
2021-06-07,177.31068106860792,178.91424290606665,176.61747245891883,177.1770477294922,789400
2021-06-08,176.8846933498939,178.5717788951349,176.07457164978567,176.2499542236328,1082900
2021-06-09,176.97655961430956,177.41086150093366,175.6486120457188,176.02444458007812,1438600
2021-06-10,175.99103048377984,180.93534792958104,175.0723174685241,179.28167724609375,1882900
2021-06-11,179.11464096714636,179.66585602917385,177.7282241498627,179.2649688720703,1039100
2021-06-14,177.95372307993472,178.9058380126953,177.40249529150162,178.9058380126953,572000
2021-06-15,178.4882516111106,178.4882516111106,175.70707063682644,176.1998291015625,568700
2021-06-16,176.2081866341026,177.4275682851307,175.0055123328074,175.13079833984375,1094200
2021-06-17,175.17255068042303,175.79894244913402,173.63579318909913,175.40640258789062,706900
2021-06-18,175.38967806991502,176.08288642203942,171.9737583508209,172.1324462890625,1899900
2021-06-21,173.10130564643472,177.78671747730843,172.55843777455533,177.1436309814453,799600
2021-06-22,177.2103953027004,177.33568129865972,175.54837735447205,176.70928955078125,790400
2021-06-23,177.0099618034947,178.08735002504224,175.82399493197153,177.65306091308594,1107800
2021-06-24,177.6531098738951,178.08739910554056,175.9743713356536,177.08517456054688,778300
2021-06-25,176.901402017745,178.74717554429247,176.69260474181755,178.68035888671875,836000
2021-06-28,178.8306620896924,178.8306620896924,176.11629787782414,177.37744140625,689900
2021-06-29,176.93143373339032,178.87528368297626,176.72106152950488,176.9735107421875,888200
2021-06-30,176.72953353766846,178.2357932846372,174.97081166805867,175.6103515625,930600
2021-07-01,175.904810382675,178.67331568232694,175.15588587585822,177.1417999267578,672700
2021-07-02,177.4699860182956,178.98466845392022,177.4699860182956,177.8318328857422,467400
2021-07-06,177.75612902583103,179.994479856792,176.2162027186004,179.69996643066406,680400
2021-07-07,179.8514155429135,181.97197112535991,178.69016961451538,181.53439331054688,690600
2021-07-08,180.44887668731724,183.2005489080333,179.9103243200919,182.83029174804688,596800
2021-07-09,184.21872681881808,186.03634571104325,182.88076270652735,185.8259735107422,656500
2021-07-12,185.82597215703217,188.8385035842096,185.43888166165408,188.46824645996097,645100
2021-07-13,188.08119414574105,188.24107910367837,185.43050903919897,186.15419006347656,346000
2021-07-14,186.81052584698637,188.75436304800508,186.4234353239653,188.5524139404297,345900
2021-07-15,187.92967253965503,189.595816567128,187.7361337342659,189.2760467529297,618200
2021-07-16,190.3784678021884,191.1526361081113,189.4780684476276,190.06710815429688,613500
2021-07-19,187.82028758075896,189.5369318317142,186.095233064688,187.7950439453125,703100
2021-07-20,188.86378782833435,193.07964297566804,188.46828698240515,192.4821929931641,604200
2021-07-21,192.86085260053096,194.04735508993951,191.78374778237492,192.0109405517578,609100
2021-07-22,191.05159937851656,191.11892001905653,188.51872287368505,188.8721466064453,938600
2021-07-23,188.8806198199334,190.97591913716929,188.64499109548373,190.8497009277344,803300
2021-07-26,190.31114894721793,191.69960061467097,189.5538011685231,190.3448028564453,333500
2021-07-27,190.3448093701437,193.09648199736992,189.2929481193802,192.09510803222656,458000
2021-07-28,192.1455921651199,193.1217224714368,191.0937309316153,191.39666748046875,604700
2021-07-29,191.4808035708318,195.43579887015144,191.4808035708318,193.47512817382812,416400
2021-07-30,194.3755233800712,195.83129556496615,191.64909475324168,191.71641540527344,784100
2021-08-02,193.29840906919765,195.13284859596985,191.4387130640737,192.5410614013672,588600
2021-08-03,192.8861039243784,192.90293729911133,190.41212428285053,192.6168212890625,344100
2021-08-04,192.70090129168045,193.26469714766097,191.11048825313904,191.75843811035156,405000
2021-08-05,193.0796070555827,193.6349927580461,190.8244231826955,192.86082458496097,324500
2021-08-06,193.54243069205592,193.54243069205592,191.54810627593085,192.6336212158203,299200
2021-08-09,192.38959893345103,192.4148425716182,190.47100539214173,191.4723663330078,414400
2021-08-10,191.4639605388349,191.53128118888665,187.4248114164394,187.4668884277344,705400
2021-08-11,188.48507765826685,188.8805784146004,186.44025323295708,186.9788055419922,641100
2021-08-12,187.6267537036565,188.28311392274907,186.5833029973582,187.06295776367188,412200
2021-08-13,187.7109142483948,189.50327667515492,187.0713745377253,188.9563140869141,401300
2021-08-16,188.6281698368507,190.78237953695503,187.66887292851976,189.42758178710935,474300
2021-08-17,188.40092014599097,189.6294993994715,187.06295608371047,188.98995971679688,324600
2021-08-18,188.3672861241105,189.11621069462257,186.65064166219688,187.54261779785156,356600
2021-08-19,186.4318631073876,189.00681701438177,185.69134878743068,188.4514312744141,415900
2021-08-20,188.0391106747809,189.94928118649548,186.86101853934449,189.02365112304688,473800
2021-08-23,189.53696558851797,190.10076161406732,186.8526139270967,187.7782440185547,332700
2021-08-24,187.86235295983295,187.86235295983295,185.38837411839856,186.63377380371097,425700
2021-08-25,186.43189264500867,188.7375643136479,185.52308297382777,187.0293426513672,339900
2021-08-26,188.0727612152168,189.26767386199128,187.19761844578375,188.8216857910156,451000
2021-08-27,189.73889678994095,190.85807846873544,189.00680562054404,189.8567047119141,271000
2021-08-30,189.90719731432736,192.24654812787443,189.18352923054985,192.04458618164065,451100
2021-08-31,191.47239643187208,193.28160543889263,190.80762578880223,193.1890411376953,662400
2021-09-01,192.8608210006884,195.81444207964168,192.1455503814059,195.7303009033203,572900
2021-09-02,195.74712174945844,196.4455589985603,193.8874386804922,196.0837249755859,820900
2021-09-03,195.56200882222888,196.47081834529115,193.49195338644915,195.9406890869141,480700
2021-09-07,195.4358224567221,195.4358224567221,190.43737568586667,191.5144805908203,655400
2021-09-08,190.78234132646404,195.02343921911117,190.34476355623772,193.9547576904297,412000
2021-09-09,193.34888425164763,193.59291035284295,190.11755751653996,190.1764678955078,544300
2021-09-10,190.92543833714936,190.92543833714936,188.00547048543532,188.1148681640625,488500
2021-09-13,190.0670411878283,191.2872100275791,187.80343461821352,188.2494354248047,626500
2021-09-14,189.2929652178981,189.84835109009308,187.50060221596607,188.73757934570312,305500
2021-09-15,188.80486389228844,190.4289441763178,188.2242344860837,189.1246337890625,470300
2021-09-16,188.9311189603553,189.730530963851,186.9788582645602,188.22425842285156,560100
2021-09-17,187.0797976211435,188.45141564444705,184.5384978303287,185.03497314453125,1239100
2021-09-20,183.54554936381905,186.04477235056217,182.35905980817333,185.53146362304688,529100
2021-09-21,186.81896201238385,188.384132013582,185.6661262298167,185.72503662109375,399100
2021-09-22,187.4668838385077,189.09096398600752,187.18919097888025,188.0559234619141,566300
2021-09-23,189.34337495321196,192.9702021735916,189.0909386057068,191.24514770507812,798400
2021-09-24,191.37979371552265,193.66864430378357,190.1596375101873,190.521484375,770200
2021-09-27,190.92542821320328,192.06985370397015,186.33089287583127,186.52444458007812,495500
2021-09-28,185.29586667194957,187.68569223992313,184.0336332302604,186.936767578125,551200
2021-09-29,188.03066601447244,191.27881323082167,187.55102408496043,189.33497619628903,479400
2021-09-30,189.4864794293324,190.57200738724003,186.3982164611973,186.5076141357422,577200
2021-10-01,188.03322627579172,189.9233019111052,185.4227116699984,188.80450439453125,338600
2021-10-04,188.0840646842626,191.09293761742163,188.0840646842626,190.52505493164065,568200
2021-10-05,191.3217800928413,191.47434926452723,188.72822057008935,190.2453765869141,847200
2021-10-06,189.64357481970225,192.36427715897833,186.4312938126636,191.8472595214844,442200
2021-10-07,193.1694814833458,193.78820332050935,190.94884159182655,191.5845184326172,446800
2021-10-08,191.66927532245677,191.89812260014415,189.36388634104935,189.7283477783203,251600
2021-10-11,190.27084239138696,190.82175727938676,187.8806906875271,189.69448852539065,294100
2021-10-12,191.1607541365973,192.66095526110192,188.75366068152383,191.97442626953125,388300
2021-10-13,191.3811228329836,193.6102209750652,190.2284282344677,193.5000457763672,376100
2021-10-14,194.53409420650271,197.28021024758576,194.30524689211907,196.96661376953125,417000
2021-10-15,198.33118802998536,198.33118802998536,194.11876817266688,195.47488403320312,485000
2021-10-18,194.2882708492476,195.97493809809623,193.75431108400832,194.94090270996097,494300
2021-10-19,195.62742296768113,195.73761108980253,192.6609311015172,193.66954040527344,457000
2021-10-20,194.06792441363615,197.59381545593268,193.6695658475033,197.4836273193359,419400
2021-10-21,197.4836294386448,197.75485779844593,195.8223880670628,196.64453125,390200
2021-10-22,197.2463153230812,198.8482206755029,196.73776860398087,197.28021240234375,367900
2021-10-25,197.17002186276125,198.0175910400997,195.55963266609064,197.28868103027344,393100
2021-10-26,197.51753227098553,199.87378668353708,196.2122813168398,198.6787109375,355000
2021-10-27,199.1787608081206,202.1452529903692,198.01759514959048,200.560302734375,602100
2021-10-28,200.14498108697688,204.80661147074753,199.22960484149095,202.7385406494141,776900
2021-10-29,202.0689958213459,203.29796869486083,200.05177678970907,200.60269165039065,923800
2021-11-01,201.14509309460792,201.14509309460792,195.5680871953033,199.26348876953125,589800
2021-11-02,200.46704840186467,200.95864003487205,198.22098251314765,199.68728637695312,631500
2021-11-03,200.4839640943856,200.9670846286116,198.49218471876696,200.64500427246097,785500
2021-11-04,200.67894522780787,201.6282185087208,196.16987127771455,198.09385681152344,518000
2021-11-05,199.77203334035417,202.2977856252249,198.7295269734814,201.58583068847656,771000
2021-11-08,204.05229884553484,204.26419116001617,199.47543002589,202.04356384277344,644200
2021-11-09,202.297808757561,203.60307255706516,201.46719456970897,203.52679443359375,457900
2021-11-10,202.99281546305212,204.45063546468225,202.99281546305212,203.7217254638672,389900
2021-11-11,204.0268545884334,204.34045104734847,202.34867122876335,204.2811279296875,533800
2021-11-12,204.53538607477736,205.25581206644657,203.0945082256821,204.2726287841797,386200
2021-11-15,204.30656128283636,208.05281565056495,203.73869146234264,208.01890563964844,383100
2021-11-16,208.01885167857327,208.4172101397877,204.41668345945985,205.0184631347656,471100
2021-11-17,204.1285625160981,206.83231032663008,199.365227762474,206.7221221923828,623800
2021-11-18,206.89163362671428,208.79018023593147,205.81521719053063,208.6037139892578,551300
2021-11-19,208.6545861241605,208.6545861241605,204.7303493969619,205.12022399902344,495500
2021-11-22,205.28975565257332,205.53554504690425,201.96727278057097,202.04356384277344,717800
2021-11-23,202.70463839003452,206.467847436509,201.15358531369685,205.73045349121097,795800
2021-11-24,205.51008337497717,209.73097392647273,205.34057213935597,209.2309112548828,323700
2021-11-26,206.069495242384,206.8492573223044,201.62822816157228,202.8995819091797,395500
2021-11-29,204.77269535002205,206.28983831608144,202.82328387517327,204.0776824951172,1087000
2021-11-30,203.10303851810056,204.8659842402651,201.8825366386881,202.45887756347656,1285800
2021-12-01,204.4845431037739,204.4845431037739,194.94091844777603,195.0256805419922,1386100
2021-12-02,196.491945835413,202.7300549233459,195.56809862110083,202.07742309570312,1077500
2021-12-03,202.6876710919568,203.14535270879583,199.78898636430145,201.6875457763672,772800
2021-12-06,203.95905680805336,207.47646390177425,203.45899407159396,204.14552307128903,569700
2021-12-07,204.47603092974245,206.63733456863227,201.48411325273744,204.4590759277344,1655100
2021-12-08,204.61168418588383,209.06142249697476,203.88277415475184,208.0443420410156,1022000
2021-12-09,207.4934026489718,208.10365347485703,205.3066726783627,205.5524749755859,625900
2021-12-10,208.55284449787024,208.55284449787024,205.78977396956884,207.5442352294922,711100
2021-12-13,207.50190031017777,211.3668138405695,206.22206252535503,210.25650024414065,606300
2021-12-14,210.1293480346884,210.55313262162497,205.41686549721427,207.0102996826172,700400
2021-12-15,207.8832786129144,211.71428166705337,207.5018751011239,210.95994567871097,894100
2021-12-16,211.08708666808045,212.08721199700312,206.95941636207135,208.42572021484375,1086000
2021-12-17,208.50198527124053,210.6124368511633,206.7475111386161,207.2560577392578,1547900
2021-12-20,205.45074212848155,207.400153620972,203.46743356287632,204.73031616210935,807200
2021-12-21,205.86609659286293,209.53607303256467,205.57792614898588,207.79855346679688,557300
2021-12-22,207.58664972711853,210.12088632532175,207.5442686799679,209.5021514892578,319900
2021-12-23,209.78182987437376,210.41750671934028,207.3408395840598,208.30706787109375,404500
2021-12-27,209.0360002334448,211.799071226432,207.73073639618883,211.63803100585935,396800
2021-12-28,211.1464659754938,213.09587800837005,210.97695469717448,212.2398376464844,384500
2021-12-29,212.8585132760439,214.81639591994195,210.67178334316804,214.0535888671875,393800
2021-12-30,214.0877192737409,215.43536464608684,213.12389390270695,214.3094787597656,564000
2021-12-31,214.44597139248737,217.16684951385335,214.44597139248737,215.44390869140625,452400
2022-01-03,218.27565949431545,218.27565949431545,212.14302496574948,215.469482421875,626200
2022-01-04,215.8532919970106,219.64885515817292,215.8532919970106,217.601806640625,651400
2022-01-05,217.1327311442932,217.806547363284,213.66978717542096,214.21566772460935,826700
2022-01-06,214.93212294607093,216.43329103798533,213.3030061835687,214.8809356689453,623200
2022-01-07,213.83184580804243,214.3265520849319,212.04920607887055,212.27096557617188,612700
2022-01-10,211.95537236839735,213.3627167174313,210.1556702957028,212.0747833251953,734100
2022-01-11,212.26239449662543,213.33709292312085,209.2173960993312,212.56092834472656,504200
2022-01-12,212.60358022935193,214.36917028763872,212.1344741696373,213.848876953125,455100
2022-01-13,214.02802169955848,215.79361204522343,213.64420167240232,214.14744567871097,426300
2022-01-14,213.9256511457455,213.9256511457455,209.72919238344429,212.10888671875,637300
2022-01-18,212.70596340559769,212.72301281744848,208.3815557896857,211.5118408203125,810400
2022-01-19,212.33066984127,213.27743279944764,209.60126721876375,209.7974395751953,715300
2022-01-20,209.78035726546125,212.04065356246423,207.2130154039202,207.57977294921875,830400
2022-01-21,208.91888238612393,209.74623426381876,205.22565492528804,206.41123962402344,671900
2022-01-24,204.7053791817661,205.95067596497483,198.3595103447605,205.03802490234375,805700
2022-01-25,202.63274266356777,206.735377539412,199.53656965094248,205.9847869873047,1126900
2022-01-26,205.9932996692008,210.41153059555933,203.53684412218675,205.1318359375,699800
2022-01-27,206.84625027685968,208.29625711540007,202.27449631683209,202.32568359375,971400
2022-01-28,202.36830998655967,207.92095141270443,199.5962581333874,207.5712432861328,853700
2022-01-31,206.7012695093304,208.876266934502,204.9186298178223,208.31332397460935,1193700
2022-02-01,208.30477556679637,209.40506121337503,206.3515378564873,208.5265350341797,590600
2022-02-02,208.56920329754257,215.5888886555925,208.0744970430213,214.6250762939453,984000
2022-02-03,212.09182130143796,215.87033493902,209.14918426507975,213.41387939453125,696100
2022-02-04,212.20274060188348,213.92568145244547,209.00421856027603,210.9318695068359,641700
2022-02-07,210.6418461624303,212.8168304586728,208.16831496001785,208.43272399902344,597300
2022-02-08,209.5245084134406,209.5842204043086,204.47510993195957,205.12335205078125,750100
2022-02-09,206.8718221138545,212.74857138224584,206.8718221138545,212.1685791015625,710700
2022-02-10,209.72917183953595,212.1429907903056,204.9697706203115,206.41123962402344,881000
2022-02-11,207.5626927810289,208.05738590491185,203.4941704611739,205.2768096923828,712200
2022-02-14,205.57538547268953,206.88038125416475,201.9845061361035,203.12744140625,538800
2022-02-15,204.3642060631178,205.97626038234185,203.5709659615347,204.6712646484375,562700
2022-02-16,205.13185347821772,205.24273972592064,201.95039428048003,204.5944976806641,519000
2022-02-17,203.2298200198011,204.1254087527621,200.6539400779456,201.41305541992188,455400
2022-02-18,202.146588292045,203.5709951794132,200.30423651570015,200.51747131347656,1150300
2022-02-22,200.4407077365451,202.76070335238344,199.41718332127977,201.5068817138672,610200
2022-02-23,201.79685330815545,204.40684480404676,199.71567987579783,199.911865234375,710000
2022-02-24,196.84979060346976,202.47919333865644,195.32303548493215,201.60919189453125,663200
2022-02-25,202.8374602362984,208.29627868746493,201.73717444273504,208.15980529785156,685400
2022-02-28,204.76509052827623,207.13626012191253,200.86715269802175,203.5027313232422,893000
2022-03-01,203.8695071034074,204.5092114277085,198.47892575018443,199.74127197265625,778300
2022-03-02,201.36187291270983,206.43685817207268,199.80951743712063,205.2853851318359,818400
2022-03-03,206.46242340848084,207.9550667390972,204.5262481297612,207.3494873046875,716100
2022-03-04,205.16596905495933,210.99154477387353,205.16596905495933,210.96595764160156,803500
2022-03-07,211.03414453966028,213.13237999461447,208.56915159879804,208.61180114746097,670700
2022-03-08,208.73128927154312,208.73128927154312,203.767176709046,204.6627655029297,605900
2022-03-09,208.3303832810965,210.36890728882233,206.98273788888167,208.5095062255859,523800
2022-03-10,206.3686108807607,208.5862577277611,205.20008848847533,208.1342010498047,467700
2022-03-11,209.64389915031876,210.65889877857612,205.25126791816584,205.66067504882812,450000
2022-03-14,206.41125189650955,207.8356585606289,203.2383175617084,204.12538146972656,406600
2022-03-15,206.06155831514255,206.47950316813697,202.3342185356519,204.89303588867188,533600
2022-03-16,205.99329655730205,208.80799790607583,202.87154965775457,207.272705078125,601400
2022-03-17,205.93362634407495,209.7974395751953,205.78862825325004,209.7974395751953,554300
2022-03-18,211.5289010339014,211.5289010339014,208.10008213912215,209.2942047119141,1081600
2022-03-21,209.95951444592953,211.06833799754097,207.34952260302248,208.8251037597656,468600
2022-03-22,209.8315127125855,210.5735784714697,206.09564884934423,207.32388305664065,566300
2022-03-23,207.4859513323949,207.4859513323949,205.06360752225729,205.93360900878903,433800
2022-03-24,205.28537378614692,207.56273260784525,205.13185099717003,207.43478393554688,390700
2022-03-25,208.6203495640528,211.00858139766865,207.78447297747303,210.88064575195312,550000
2022-03-28,211.45214237594956,213.4565415181422,210.0021484611081,213.22625732421875,457400
2022-03-29,215.34152023124184,220.9538476551807,215.34152023124184,220.2800445556641,1088600
2022-03-30,219.4561434247976,219.4561434247976,214.50419452983004,216.22921752929688,566700
2022-03-31,216.6326043842731,217.75687419218767,212.9851573701227,213.15679931640625,943000
2022-04-01,214.075111904098,218.4348855964171,213.71465987500693,218.36622619628903,460400
2022-04-04,218.0143525790186,219.2931093577153,213.56017383011516,215.42251586914065,431900
2022-04-05,214.83034403699995,218.2975584911884,213.0280708646693,214.0751037597656,665600
2022-04-06,214.04934562764225,218.88113094987511,211.61199608758955,218.80389404296875,596400
2022-04-07,212.49595860529888,214.9333080777513,211.14854259902577,213.9892578125,1975200
2022-04-08,213.69749183311535,215.09639928344777,212.2556837161979,214.22100830078125,726500
2022-04-11,214.5557074377379,215.07922388770368,210.05861509548416,211.33737182617188,1204100
2022-04-12,211.17430750425245,213.036649474338,209.844059498351,211.5347595214844,649700
2022-04-13,211.5261412147929,213.07952214261903,210.59925916547056,212.5130920410156,564600
2022-04-14,213.33701642242917,214.1094116724898,211.26869641657865,211.6463165283203,618900
2022-04-18,211.58626161937923,213.26838421461568,208.1190469699972,209.4492950439453,754900
2022-04-19,210.98550178601295,213.30270085626768,210.7452004362349,211.91238403320312,592700
2022-04-20,212.59037453351868,218.0486720392381,212.53029265199444,217.5594787597656,1008300
2022-04-21,219.0528030501669,222.1166517884877,217.94568824981337,219.7136383056641,1181600
2022-04-22,219.85093818289477,219.85093818289477,215.1478679816798,215.28518676757812,874800
2022-04-25,215.39673989440504,215.39673989440504,211.1399624319983,213.19969177246097,951000
2022-04-26,212.87357238804532,214.82174176352763,209.37203497294172,209.7067413330078,783500
2022-04-27,209.57798820941528,210.99406357227704,206.43688987227424,206.6428680419922,620300
2022-04-28,205.0551792483209,207.51828773252447,202.96970400879923,205.54437255859375,694300
2022-04-29,203.69918342478832,204.78911693391404,194.72216732434092,195.228515625,1427100
2022-05-02,196.08673391921823,197.1251892281263,186.2085945963998,189.79595947265625,1363200
2022-05-03,190.6541994725664,192.3363220080607,188.688874922665,190.9030914306641,851900
2022-05-04,190.88588666422513,191.40940302215725,184.989901050885,190.9373779296875,855500
2022-05-05,191.0661490397634,191.46092420027796,183.94289707310952,185.9940490722656,1107900
2022-05-06,183.89138031007943,184.61228423013395,179.85773626736776,182.3122406005859,1167400
2022-05-09,181.08500363343737,181.08500363343737,173.7128732161002,174.83714294433594,1140000
2022-05-10,176.19314843405886,177.16293132054187,170.78634202230472,171.7218017578125,1098100
2022-05-11,172.39982334674133,177.5319927114495,172.15093136795656,174.63119506835938,1037000
2022-05-12,174.64831484918182,175.9270713528532,173.39530397819706,175.1546630859375,1103400
2022-05-13,176.4677674836068,178.08980804754395,174.88864067864546,177.8323516845703,692900
2022-05-16,178.1841980627098,178.9737613986503,175.58378425229975,175.8069305419922,568600
2022-05-17,177.47189501667103,178.4502685287723,174.5453650898348,178.37303161621094,1032200
2022-05-18,178.21000397796155,179.16263204923857,172.22818851069448,172.98342895507812,838300
2022-05-19,171.50721910308644,173.16359570322095,169.6019636850245,171.09527587890625,712100
2022-05-20,172.79460633042132,172.97483891266756,169.83373975966697,172.45989990234375,846600
2022-05-23,174.356525448282,175.59236822144035,170.8635528020515,175.24049377441406,576700
2022-05-24,175.09462741337748,176.37337106338276,171.79046424252468,175.9442596435547,490200
2022-05-25,174.98306439684168,176.4677863287875,173.77296697987543,175.8842010498047,578400
2022-05-26,176.95695847295792,177.97824568433222,176.09014507736774,176.32186889648438,625900
2022-05-27,177.04278356427653,181.35965648905733,176.33904764644686,181.00778198242188,702300
2022-05-31,179.4286716634993,179.84919251202854,177.22303247951572,178.47604370117188,1272600
2022-06-01,178.70774404434778,179.2398511271325,174.3479703057131,178.14132690429688,538300
2022-06-02,178.16705817070127,179.60886618607782,175.3263297080713,179.3428192138672,609300
2022-06-03,178.2443037533819,178.75065208612858,175.72112650824926,175.95285034179688,683200
2022-06-06,177.12859301555957,177.12859301555957,171.42141696085864,172.3311309814453,750500
2022-06-07,171.64454508549315,175.99574058922138,170.64900358109182,175.8069305419922,577600
2022-06-08,174.14202248592676,175.35211999221417,170.46023868517022,172.06512451171875,719700
2022-06-09,171.56733281481883,171.97927611544316,167.08740849727516,167.24188232421875,635800
2022-06-10,165.41388744989186,168.54639581545416,163.79184668300624,166.87286376953125,870100
2022-06-13,163.81759509762338,164.8045462170697,159.46639860907152,160.28170776367188,1087800
2022-06-14,160.94250312733558,162.11826404488286,158.13611120992124,158.93426513671875,969300
2022-06-15,160.32459266056415,163.2597129458907,159.08017227019891,160.9854278564453,628500
2022-06-16,157.78427681908096,160.66790613001768,157.35516539242633,159.9641571044922,683600
2022-06-17,160.3675227335082,164.76161954753513,160.3503546097355,163.9119873046875,2294400
2022-06-21,164.5556301421664,168.41763240786543,164.08360502393748,164.26382446289062,1087900
2022-06-22,163.15672130038172,166.88140475034504,162.57312304302263,164.68435668945312,693500
2022-06-23,165.08775274326902,168.8639281547366,165.08775274326902,168.63221740722656,678300
2022-06-24,168.70941243283335,169.07844189160724,166.71832957159097,167.48214721679688,1164300
2022-06-27,166.86424671100116,173.11212051788033,166.52096284153578,170.5889434814453,1126500
2022-06-28,170.86355949556264,173.4639733095205,168.72659328741403,169.12136840820312,470000
2022-06-29,168.62823775352012,169.19927550589424,167.46022038944298,168.7839813232422,386600
2022-06-30,167.3563530126076,170.8950463410352,166.05854740321752,168.06582641601562,867500
2022-07-01,167.8235857395206,170.2202040134425,166.80263836861582,169.79624938964844,996600
2022-07-05,168.80991287548764,168.80991287548764,163.27261387139006,168.03123474121094,852200
2022-07-06,168.8185527589106,170.28074921984162,166.9064598499713,167.86683654785156,600500
2022-07-07,168.41191057078305,169.13869177979595,166.03260017472957,166.6295928955078,1231300
2022-07-08,166.28351636458038,166.8285989698676,163.9907184295185,164.87322998046875,749800
2022-07-11,164.21567543046044,165.58269894835394,163.80038132437937,164.8645782470703,611900
2022-07-12,163.5494619172352,167.25253286830528,163.5494619172352,165.54808044433594,614800
2022-07-13,164.18105988714277,165.6432563462175,161.99209544193576,164.8645782470703,484500
2022-07-14,161.88827549107103,164.66558535974497,161.88827549107103,163.64463806152344,559900
2022-07-15,166.2662206650726,167.54671865416057,164.6482937058208,166.80264282226562,563400
2022-07-18,167.45155197669683,167.46021246469402,164.76076740029188,165.4615936279297,542400
2022-07-19,166.8632269991492,169.40692861278538,165.90285012873483,169.11276245117188,425600
2022-07-20,168.63686353412973,170.53166183032735,167.52940380701207,168.3946075439453,451200
2022-07-21,168.15235571410545,169.76163523269577,167.01028041615547,169.62319946289062,573800
2022-07-22,170.39325737195915,172.6254850076312,169.58861088374582,171.52667236328125,472400
2022-07-25,171.12002245847654,173.06673118993535,170.46247226189064,170.91236877441406,619900
2022-07-26,170.8518113677897,172.35727087282473,169.9692997129786,170.91236877441406,488400
2022-07-27,171.0161831148171,175.10859331660942,171.0161831148171,174.84902954101562,818600
2022-07-28,175.6104310399644,185.0238533964537,175.3508672378476,183.63087463378903,1619000
2022-07-29,184.22783555721355,186.56389633770124,183.16363859847803,185.10169982910156,890100
2022-08-01,184.8940337193985,184.8940337193985,179.30482503910298,179.7633819580078,837200
2022-08-02,179.6509243411444,181.50246002583864,176.25067959575154,177.00340270996094,910900
2022-08-03,177.80802022835908,179.4259602392904,174.09630190132242,174.81442260742188,960900
2022-08-04,174.4510916154862,176.5362232802116,172.68606801310432,176.32858276367188,716100
2022-08-05,175.61907486502707,177.42736095622766,174.2347566176242,177.28892517089844,431200
2022-08-08,178.63861069473853,180.34306305611167,177.7647597021305,178.61265563964844,352100
2022-08-09,179.3221507017374,182.5926202989519,178.65595322220503,182.0561981201172,538800
2022-08-10,184.24515105556577,185.60352739158108,182.80890954412553,184.9113616943359,464400
2022-08-11,186.01017803587828,188.6663469556817,185.67274906686183,186.08804321289065,663300
2022-08-12,187.36853725873237,188.951861834513,186.97919817989245,188.75286865234375,343700
2022-08-15,188.9345615580936,190.08528426927435,187.10033361044825,188.94322204589844,310500
2022-08-16,188.1385490434649,190.6303400183777,188.1385490434649,189.6872711181641,292000
2022-08-17,188.3375465834515,190.7082096189668,187.91360519381044,190.53517150878903,406400
2022-08-18,190.3534915423577,190.5611452160716,186.39951686986444,187.3339385986328,475300
2022-08-19,186.754262229628,187.06573615359065,185.12767471538268,186.00152587890625,574600
2022-08-22,184.86809479098056,185.15361362987895,178.41368182109397,181.9783172607422,452500
2022-08-23,181.90047559344663,181.90047559344663,177.56579553596995,178.8116912841797,422300
2022-08-24,179.3307618978299,182.0561480790715,178.83758948680835,181.66680908203125,739300
2022-08-25,182.84352150922223,184.7383199525622,181.80527958466897,184.62583923339844,589100
2022-08-26,184.62586530246983,185.9755813151645,180.8449283692208,181.1044921875,692000
2022-08-29,180.49017808065415,180.49017808065415,177.7907462573267,177.9551239013672,585100
2022-08-30,178.24063797429162,179.01066886229498,175.00478406832735,175.73155212402344,748700
2022-08-31,177.06393262518824,177.7820532832665,173.60311781148735,173.8280792236328,1108200
2022-09-01,172.97154909426658,176.64001810706148,171.13732118885056,176.46697998046875,711700
2022-09-02,176.9687340333361,179.2009608487869,174.9441608293082,175.21237182617188,689200
2022-09-06,176.4150531833674,179.5730550397787,176.11223976828964,179.2096710205078,536900
2022-09-07,179.27887115963637,182.24651362416765,179.27887115963637,182.0821228027344,558000
2022-09-08,181.0784979956771,183.81254517973576,180.96603047869937,183.276123046875,358200
2022-09-09,183.61354403857632,186.49467415985563,182.0907901650972,185.55160522460935,557100
2022-09-12,186.2437391224454,186.97916753011745,184.93728632032685,185.34393310546875,793200
2022-09-13,182.28112616543055,183.2847657194281,179.32213081992367,179.83261108398438,730900
2022-09-14,179.1231340780974,179.48651807448502,175.06532631549297,177.4359893798828,644900
2022-09-15,177.4359767172305,177.66092492695185,174.09628990080918,174.1828155517578,434000
2022-09-16,174.60676216537806,175.08262685597956,171.85542064838225,174.75384521484375,1654100
2022-09-19,172.90231222334606,173.04074799020896,169.16463893177743,172.7206268310547,627000
2022-09-20,171.13732506157191,171.13732506157191,165.1241609131516,166.88052368164062,839100
2022-09-21,168.26482664642097,168.74069136357514,163.488911308697,163.49755859375,653000
2022-09-22,163.42836041660956,164.00804543215656,161.50760674624735,163.07362365722656,787600
2022-09-23,161.33454844745523,166.03259859324402,161.10960021940463,163.36778259277344,703300
2022-09-26,162.59773094845056,162.59773094845056,157.72664291670233,159.36187744140625,749100
2022-09-27,160.51264243045674,161.09232749969078,156.97394819891656,157.29408264160156,757100
2022-09-28,159.09368911119944,161.91424892630988,157.18158278243504,161.28265380859375,710100
2022-09-29,159.69442295042938,160.72414016050925,157.08520326819195,158.3854522705078,694100
2022-09-30,159.9212956886502,161.79749486010093,158.43779834728417,160.7328643798828,1123400
2022-10-03,162.87085022461085,163.60387057493878,160.72413255232166,162.8533935546875,612400
2022-10-04,163.65623062935825,165.637143266892,161.99820647211618,164.19728088378906,791600
2022-10-05,161.84987193028547,162.11166874478982,157.25101760906898,159.26683044433594,626800
2022-10-06,158.9614065266688,159.42390844652343,154.56325747583048,155.00831604003906,679400
2022-10-07,153.54227431526917,154.3014864444096,149.2313949567454,150.33966064453125,728700
2022-10-10,151.2122834405311,151.5438935885772,149.01320909263677,149.10047912597656,650200
2022-10-11,149.37102639346602,152.91397205549467,148.2453173133026,152.460205078125,652200
2022-10-12,152.18094396749908,152.18094396749908,149.01323038526124,149.80734252929688,835400
2022-10-13,147.651873334219,153.94366421634552,146.6483345859838,153.47242736816406,748700
2022-10-14,155.4271843709745,155.88968629508813,147.8177001600886,147.98350524902344,711900
2022-10-17,150.94176297158756,153.42007742524297,150.13892927458105,153.0448455810547,1001500
2022-10-18,155.4097097431426,157.8094891276218,153.6033372759958,155.12173461914062,596500
2022-10-19,153.12338401127806,153.85640436187984,149.73750908392077,151.27337646484375,572300
2022-10-20,151.90171358857333,153.28048452943426,149.99061397568508,150.1215057373047,1038600
2022-10-21,150.4967525984484,152.70454910511293,148.4809262390438,152.61727905273438,663700
2022-10-24,153.67315583012075,154.65923797413214,150.7410611141198,151.14247131347656,837900
2022-10-25,152.0325717453096,156.09911023761254,152.01511507577214,156.029296875,617800
2022-10-26,155.76748536970922,156.84957241461,151.58751220938038,152.32925415039062,1078000
2022-10-27,153.0535901427831,154.3451042558118,149.17903448815744,150.3920135498047,1173200
2022-10-28,149.32737805214518,153.50736541347436,148.611814303617,153.23684692382812,1123900
2022-10-31,152.2769408863063,153.8651652285568,151.52646373957458,152.81797790527344,937900
2022-11-01,153.82152770703985,154.98215009625682,152.57363527045266,152.96632385253906,741700
2022-11-02,152.2420095274352,154.07456033499503,149.3099149198023,149.3797149658203,958500
2022-11-03,148.21038959473083,150.25238074149843,145.26957294364573,148.43728637695312,847800
2022-11-04,143.4981015159298,146.97123349394028,140.17331795766304,145.98513793945312,1839500
2022-11-07,143.5068021473006,145.97639485257432,140.2343757682247,141.3862762451172,1349100
2022-11-08,142.41599601348514,142.4945310523205,139.62352811430645,140.53981018066406,907200
2022-11-09,140.61834984231683,141.33392683888508,138.18367034962012,138.73342895507812,1011900
2022-11-10,144.58890139122258,150.06040248431958,144.42309631028962,149.938232421875,1099500
2022-11-11,149.66770605112174,150.12148629185813,145.62735885117786,145.82806396484375,753200
2022-11-14,145.67970244565703,148.78632385130382,144.61507196634605,145.20846557617188,1711600
2022-11-15,147.13700318071713,148.00092845720908,145.47024430586,147.45115661621094,1070700
2022-11-16,147.16320414747543,148.15802129355,144.85941637153755,144.92922973632812,754600
2022-11-17,142.9657455573688,145.12990617632755,142.62541379343762,144.10018920898438,612600
2022-11-18,146.07242078347082,147.9660636939752,145.68845386787726,147.6431884765625,1210800
2022-11-21,147.19812840907207,149.615364965248,146.16841106882256,147.2068634033203,813800
2022-11-22,147.91366921943478,148.03583926905944,146.5174286675499,147.39007568359375,478300
2022-11-23,146.79670538782108,148.27148120933782,145.67971809536058,147.05850219726562,559700
2022-11-25,147.6868105186817,148.5594576808484,147.5820838046552,148.40237426757812,220000
2022-11-28,147.80901368625084,150.13898053309882,146.29060249048322,146.6658477783203,1788200
2022-11-29,146.43892845430523,149.2837669250406,146.02006151534994,149.03941345214844,707800
2022-11-30,148.0882289888737,152.68708351749555,147.17194675455434,152.62599182128906,1176300
2022-12-01,154.00477185758547,155.05194581904198,150.4269263796474,151.9976806640625,706200
2022-12-02,149.09175836532856,151.03775761782217,148.8648616034654,150.59271240234375,734400
2022-12-05,149.17901642614794,150.6363354593396,148.01839420594524,148.61180114746094,919000
2022-12-06,149.2837341395141,149.29245581623985,144.96412067915278,145.6360626220703,599000
2022-12-07,145.3830298349359,148.53328678098174,145.3830298349359,146.57855224609375,1021700
2022-12-08,146.00257682969595,149.51062172366673,145.93276346734152,148.00094604492188,666800
2022-12-09,147.77406513949435,149.46700274045614,147.6344383998083,147.98350524902344,483700
2022-12-12,147.6344386569332,149.71134313787945,145.65353921078477,149.70262145996094,680900
2022-12-13,154.04840655246556,154.24911167672926,149.37101710673622,151.3170166015625,791400
2022-12-14,151.59625607535838,153.01867511681922,149.0481281278077,150.1651153564453,716000
2022-12-15,148.41982011418298,149.5368073350458,146.51744251532915,147.29409790039062,1083500
2022-12-16,144.71108465191597,145.6186318677709,141.41247934952773,143.98678588867188,2021800
2022-12-19,143.81223727333676,143.81223727333676,139.97258224344998,141.56080627441406,783900
2022-12-20,140.93253572933193,141.21178925041,139.35304628291388,140.67947387695312,642900
2022-12-21,141.9884521537632,142.99199125160882,140.82782961328712,141.69174194335938,718900
2022-12-22,140.7056454675568,141.8837112496905,139.1785128008523,141.2379608154297,650300
2022-12-23,141.22051086404844,142.34621999596237,140.01625335715477,142.26768493652344,396400
2022-12-27,142.63418619495818,142.895983025441,140.81907836996106,142.0669708251953,456000
2022-12-28,142.4247522780946,143.13159436425923,140.12096425274274,140.56600952148438,420900
2022-12-29,141.88804852101725,143.76530835585544,140.79517347550478,143.35107421875,839800
2022-12-30,142.63718760599042,143.10430041508664,140.62771762957607,142.35516357421875,613100
2023-01-03,143.04260462403712,144.26767627765705,140.62770927556713,142.3375244140625,646000
2023-01-04,142.69005052809888,146.04799334416012,142.2229377705403,144.8229217529297,539800
2023-01-05,143.32461721086233,143.81816928400454,138.97958379354165,139.23516845703125,890000
2023-01-06,139.50838053230126,144.61138608938722,139.2616045015504,144.21478271484375,586500
2023-01-09,143.82698409156308,145.45746757592704,142.47852458547874,143.19241333007812,1787300
2023-01-10,142.79581880754552,144.16190909944393,142.46090270483498,143.65072631835938,661300
2023-01-11,144.94627776080932,150.0140210607029,144.77881974352238,149.72317504882812,764100
2023-01-12,150.60456245411552,151.08048386248603,148.5245832338598,150.0669403076172,650900
2023-01-13,148.35710947383842,149.69676038453298,147.0967765480987,147.93406677246094,555000
2023-01-17,149.37067102552516,151.11574759574887,148.36593608279935,149.83778381347656,736200
2023-01-18,150.10216852668032,150.63979060247695,147.39644089479447,148.63912963867188,1061000
2023-01-19,147.96929310584676,150.4458751171986,147.74014781114323,148.6831817626953,879500
2023-01-20,148.70966003593978,150.33134856751698,147.14968569139273,150.137451171875,1568400
2023-01-23,151.05401100450598,151.54756300683724,149.4852149478315,150.14622497558594,715900
2023-01-24,151.31844218227678,153.20452389529402,149.7320151693918,152.5523223876953,454300
2023-01-25,152.34959458425746,153.50415663593765,151.75027182144325,152.79026794433594,802100
2023-01-26,153.41607317123228,154.90553825055483,152.4377774988444,152.86962890625,681800
2023-01-27,152.76386502614676,157.3644970776774,152.76386502614676,156.4567108154297,835600
2023-01-30,155.25805980196708,156.3773605861037,152.61401932897016,152.71096801757812,554500
2023-01-31,152.5611277671146,156.38616943359375,152.5346884404838,156.38616943359375,1746600
2023-02-01,155.45194597616975,157.6905608313972,153.9712764248911,156.89735412597656,762800
2023-02-02,158.6423994855183,163.73658212646842,158.46613284241317,162.60845947265625,1058800
2023-02-03,159.52375723617914,159.8057946433751,157.14412376816912,158.8627471923828,936500
2023-02-06,157.18819225207747,158.17529627101246,156.03361675701447,157.5759735107422,750600
2023-02-07,156.20109105319133,159.3122442103029,155.5489030220198,158.3868408203125,652200
2023-02-08,157.1970283443848,160.76648585920535,156.95906092385383,160.05259704589844,1064700
2023-02-09,162.58204844807204,162.67018850910793,157.60244431010426,158.96852111816406,881400
2023-02-10,158.36037724564707,159.20647604107992,156.8180204364505,158.88919067382812,793700
2023-02-13,159.01258236723135,161.27765001757052,159.00377374092832,159.69122314453125,1215500
2023-02-14,159.62951582678778,160.83696999469075,157.77869575820566,158.71292114257812,990400
2023-02-15,157.89324063955755,159.6647559419531,157.36444073972234,159.64712524414062,621500
2023-02-16,157.69058587162624,160.8986880524905,156.97669703372995,158.74819946289062,766900
2023-02-17,158.74817537931904,158.74817537931904,155.49600365714372,157.99903869628906,2510000
2023-02-21,157.77871152326833,157.77871152326833,154.3414508553964,154.99365234375,746800
2023-02-22,155.7604162452179,156.89736114859858,154.7468728042277,155.6282196044922,732600
2023-02-23,156.37735738332114,157.69937759274316,154.86145324893943,156.7299041748047,577400
2023-02-24,154.77335526815617,155.43436555257998,153.20455860232002,154.23573303222656,737300
2023-02-27,155.96313570934305,156.23635106572976,152.06757101725134,152.6845245361328,623500
2023-02-28,152.51703940317594,154.43836863153382,151.9529780890607,152.0499267578125,945500
2023-03-01,150.77199501702674,151.6357110667326,146.71779458665495,148.2513427734375,614400
2023-03-02,147.21132460616545,150.01401384598742,146.62963261039155,149.5557098388672,697400
2023-03-03,150.71027730915114,153.02822330454936,150.46350132275316,152.19093322753906,759200
2023-03-06,153.30146423372145,154.42958705957736,152.82552943164433,153.97128295898438,540000
2023-03-07,153.8919587584286,153.98890744024783,150.1286043165358,150.48995971679688,676600
2023-03-08,150.33131400077477,154.08584612453458,150.33131400077477,153.0899200439453,550300
2023-03-09,153.31027381231596,153.96247528842954,150.59572404315483,150.6926727294922,1030500
2023-03-10,150.71031161557696,151.697415785865,144.25884620703127,145.88934326171875,1079000
2023-03-13,145.42222748227633,149.84659235059036,144.93748403434498,148.40118408203125,874500
2023-03-14,150.64862602801367,151.58286508115455,148.6920481932612,150.01406860351562,1218700
2023-03-15,148.86829362265937,150.71911386361458,147.04389926198374,149.7672576904297,727300
2023-03-16,148.98284619617473,148.98284619617473,144.7876405781398,145.82763671875,930500
2023-03-17,145.72188887554606,146.0568049910164,142.1083747622094,142.34632873535156,1099300
2023-03-20,142.4344919998203,143.68600315055687,141.28873818770455,143.3599090576172,709900
2023-03-21,144.06495590890464,144.5408772704766,140.40735856754043,141.96734619140625,879600
2023-03-22,140.56601737652915,141.50024290859082,137.1463872116671,137.30502319335938,847400
2023-03-23,137.55178642398303,139.04125105583708,135.7538316184113,135.78909301757812,735200
2023-03-24,135.02233148431404,139.06771020097182,134.90776554140254,139.01483154296875,679900
2023-03-27,139.93142397771487,141.21818267146526,139.5171899390775,139.7904052734375,803100
2023-03-28,138.53890876914363,140.46906045641316,137.9660252672485,138.6534881591797,805300
2023-03-29,141.09482523379745,143.17480450349777,140.6365345180386,142.9544677734375,814500
2023-03-30,144.70858658455498,145.93733592459927,144.48598539273192,145.3674774169922,520700
2023-03-31,146.17772965567684,149.83729330802197,146.17772965567684,149.6414031982422,1381400
2023-04-03,149.8194697108047,151.6626137125676,148.3414084340261,148.768798828125,1225000
2023-04-04,149.24962373113672,149.73934900805514,146.1866295480434,148.0653839111328,1206100
2023-04-05,147.7448159849752,149.24070264864417,147.45099444849046,148.0920867919922,1099900
2023-04-06,149.33864989435892,149.77495300822338,147.4509966253442,149.75714111328125,544600
2023-04-10,149.5879377558666,150.3714979679798,148.3769872400975,150.13998413085938,842000
2023-04-11,149.96192990469865,152.8112216946568,149.8639848625519,151.63589477539062,867600
2023-04-12,153.03381724030163,154.36052483793927,151.19958614206743,151.4488983154297,1056700
2023-04-13,151.52012360168317,152.41052805153956,149.73041554860956,151.43109130859375,857200
2023-04-14,151.80503866376168,152.650920057461,149.70368390771833,151.24407958984375,836100
2023-04-17,151.52903277192405,154.95709556508191,151.2352112401627,154.9481964111328,1425600
2023-04-18,154.6365540899055,155.54477052056902,154.01327363219326,154.32492065429688,921600
2023-04-19,153.46122503292244,156.12352586236406,153.46122503292244,156.0522918701172,737000
2023-04-20,155.71397260626122,156.23040894381137,153.36330482742778,154.2447967529297,707000
2023-04-21,155.03726077520852,155.03726077520852,152.36604669659226,154.33384704589844,423700
2023-04-24,154.485159002875,154.6454252687967,152.62421712060146,154.11119079589844,1177500
2023-04-25,153.49682641711993,153.77284962965933,152.1701188624212,152.7845001220703,587900
2023-04-26,152.16123966178185,154.44958597689495,151.511248116069,152.31260681152344,1164900
2023-04-27,155.40230110840494,158.4385838081487,155.02833283720844,158.18035888671875,1575700
2023-04-28,159.24885926999636,162.917321669882,157.89544054920066,160.60226440429688,1095300
2023-05-01,160.98511814512128,162.27620180708345,160.31731484550366,161.759765625,672500
2023-05-02,160.8871887287786,161.58170314085098,156.23037707180745,158.714599609375,896300
2023-05-03,159.84541585802646,160.69129739569152,158.07350605385895,158.3139190673828,676600
2023-05-04,158.17149307428875,159.53381120170778,156.87149621195866,158.73245239257812,625500
2023-05-05,159.13310108203,161.3591124405113,158.50982061895425,160.0502166748047,755700
2023-05-08,159.00844948514313,160.9317266140076,158.66119224686167,160.59336853027344,533200
2023-05-09,159.24885193333049,160.33514652166718,157.8776213804817,159.66734313964844,340100
2023-05-10,160.98511254416226,161.83099397694963,159.3556709194073,160.40634155273438,489300
2023-05-11,159.231050627285,160.85157987709997,158.11804491657574,160.59336853027344,573800
2023-05-12,161.0474715421126,161.0474715421126,158.9906391424714,160.43309020996094,404200
2023-05-15,161.0652952033983,161.85775479159142,158.26052601473089,159.07969665527344,703500
2023-05-16,159.07967041927927,159.257748601072,156.02557593488137,156.07009887695312,611200
2023-05-17,156.63105545060628,157.84200608774006,155.70502718230122,157.75296020507812,582300
2023-05-18,156.85363701580644,157.96664247785122,155.33103956567248,156.64883422851562,567900
2023-05-19,157.97556704390948,158.93720554819387,156.2570928555781,156.92489624023438,598200
2023-05-22,156.88038159201935,158.37625473122318,156.2748994262735,157.352294921875,529500
2023-05-23,157.48583046203368,158.45638163665552,155.69612241164643,155.9454345703125,528100
2023-05-24,155.55367370183703,155.55367370183703,152.5263036365779,153.19410705566406,773500
2023-05-25,153.9331401500945,154.0310851922717,151.31534864689908,151.78726196289062,577200
2023-05-26,150.71879195796757,152.9715145316433,149.24071704638305,152.9091796875,767600
2023-05-30,153.67491971075543,155.1797055906139,152.7310930512335,153.79957580566406,557500
2023-05-31,154.2180375429972,155.87419025091506,153.6214682324156,154.9125518798828,1204500
2023-06-01,154.83247144337622,157.6372407902974,153.211941967921,157.3256072998047,783200
2023-06-02,158.90159369045432,161.83101852923966,158.85707074797543,161.34129333496094,702000
2023-06-05,161.6084256747481,163.26457867966815,160.8159661694447,161.61732482910156,664000
2023-06-06,162.427607026497,163.34472268618725,160.79816496282024,163.00637817382812,463000
2023-06-07,163.71868466400102,166.38989838584274,163.04198207893953,165.71319580078125,452400
2023-06-08,164.8851255349555,166.18512229388912,163.14883919560657,165.97142028808594,606800
2023-06-09,166.73716107256445,168.10839176967093,166.21182561753483,167.67208862304688,697000
2023-06-12,167.50290502082575,167.60976280910174,165.90018764813777,166.97756958007812,619500
2023-06-13,165.92688084006562,168.6871265854428,165.59742194254272,168.35768127441406,525600
2023-06-14,168.98094739733622,170.0672418615915,167.89465293308095,169.31930541992188,723600
2023-06-15,169.4439534759293,169.97818794334643,167.77888807359037,169.64874267578125,599500
2023-06-16,170.44123706299249,171.7590319907046,169.88027784969483,171.3583526611328,1636400
2023-06-20,170.84192398302343,171.02891492459568,168.52688020569892,169.35494995117188,975200
2023-06-21,168.26861647190668,168.81176368892145,166.64808756004643,168.62478637695312,741500
2023-06-22,168.74056116133582,168.74056116133582,162.6145871040678,164.7159423828125,617100
2023-06-23,164.29744286160437,164.50223209328013,161.3323942332785,161.49266052246094,965800
2023-06-26,160.11255119973825,165.7577127329952,159.82761522489488,165.633056640625,605600
2023-06-27,166.21182662196907,167.77003468669082,165.03649960384263,167.31593322753906,445300
2023-06-28,166.7015690688877,167.97484126873528,165.4817189772159,166.29197692871094,577800
2023-06-29,166.04939818244955,169.34630902078385,165.33072242005844,168.92408752441406,583100
2023-06-30,170.02006054898433,171.1070594960806,167.3969057360475,170.029052734375,1160100
2023-07-03,169.36426938268943,171.98742410440116,169.11273493729237,171.13400268554688,412400
2023-07-05,170.61296543253437,172.91271679722843,168.65458812302435,170.819580078125,740500
2023-07-06,168.8791865986222,173.12833712652514,165.8966868910198,172.849853515625,761600
2023-07-07,172.0503232161425,172.77797744886735,171.1609604274788,171.6460723876953,537400
2023-07-10,170.80161726449748,173.01152894699686,170.6219380578692,172.75999450683594,558900
2023-07-11,173.47866872955953,174.4848064816138,172.3557422357137,174.430908203125,607300
2023-07-12,176.5060895091013,178.05123759551606,174.39499574177412,174.5746612548828,710700
2023-07-13,174.57464007039687,175.92215181659267,173.94580399702517,175.82333374023438,402600
2023-07-14,175.8592837347787,177.8985222749899,175.18552777594064,177.7907257080078,639700
2023-07-17,177.28763769127792,177.70985914328418,173.77512038101233,174.34107971191406,984800
2023-07-18,174.7812644688401,174.7812644688401,171.88860466205628,173.42477416992188,831000
2023-07-19,174.43094118473593,174.7094248146499,172.1401679626285,174.6645050048828,956600
2023-07-20,174.97891535797163,176.96425564008388,173.0564655458033,176.78457641601562,551100
2023-07-21,177.06306076629022,177.87156238500052,176.6048979691017,177.30560302734375,527600
2023-07-24,177.4224001870693,178.46447934634642,176.0928589503777,176.50608825683594,512200
2023-07-25,175.85029676385403,176.70371819564534,172.64321197502645,172.89476013183594,757600
2023-07-26,172.70609809646706,174.40396243972265,170.71177950818603,172.25692749023438,963400
2023-07-27,172.6162651971298,172.68813414183052,166.43568673646269,167.43284606933594,984300
2023-07-28,168.81627666988433,169.84937727450972,165.51038763332036,167.208251953125,770300
2023-07-31,167.4867498701836,170.57704605615206,167.18131712584022,169.47207641601562,1542800
2023-08-01,170.22668441682546,170.98128775935666,167.66640643115258,168.7713623046875,801400
2023-08-02,167.72030408213996,169.09476506073395,166.50755165210958,167.1992645263672,828000
2023-08-03,166.66925007246155,166.66925007246155,162.02482748116324,165.6451416015625,880400
2023-08-04,165.78890548727682,168.2413736323286,165.33074260766375,166.05841064453125,615500
2023-08-07,167.05553211639184,169.14865500626564,166.15719093503537,168.7623748779297,575000
2023-08-08,166.88487897755903,167.83711862989264,165.39362902394907,166.5884246826172,563700
2023-08-09,165.91465562654236,167.3070873724571,165.47446345815888,166.48959350585938,454200
2023-08-10,166.90283823844308,169.27445892310226,165.98653990427132,166.3458709716797,371700
2023-08-11,165.8158296322102,168.5917008059292,165.69006240546693,168.24134826660156,426300
2023-08-14,168.11556802694153,168.11556802694153,163.96523615806885,164.16287231445312,676200
2023-08-15,163.11183393488176,163.32742707073194,161.3600574604979,162.10568237304688,495000
2023-08-16,162.15956934217203,162.86027439999316,161.1624100356421,161.64752197265625,461500
2023-08-17,161.7103987186793,163.5879422936995,160.78510835501825,160.8120574951172,604700
2023-08-18,160.00356668674362,162.04280524012776,159.22201415587492,161.08157348632812,365800
2023-08-21,161.06360014582364,161.3061561266692,158.09908492313315,159.5364227294922,458600
2023-08-22,160.6413811707628,161.4319121115359,159.40166591901553,159.62625122070312,651900
2023-08-23,160.7671541758192,162.33025915894228,159.563366497686,162.28533935546875,317300
2023-08-24,162.4919849470422,165.69905638278595,162.06976342328082,162.47401428222656,550100
2023-08-25,163.16573688442423,164.51324885241957,162.76147232794517,163.0040283203125,398600
2023-08-28,163.53402066438167,165.36664432865743,163.53402066438167,163.75860595703125,335900
2023-08-29,163.76760725845995,165.36665353453523,163.0758806804636,165.22291564941406,551800
2023-08-30,165.9775235634173,167.11842078318978,165.33970895544655,166.3368682861328,390400
2023-08-31,166.4356637869537,166.45362073995315,164.6749091535721,165.13307189941406,750500
2023-09-01,165.82478579812755,166.28294854701733,162.55482463517873,162.91416931152344,552100
2023-09-05,163.09383657552928,163.96522857722655,161.47681978332824,161.50376892089844,641200
2023-09-06,161.34208061035335,161.77328053648586,159.74303441449675,161.1354522705078,519300
2023-09-07,160.80309030471605,164.71985886267683,160.20120328759367,162.7974090576172,822600
2023-09-08,163.12977721017904,163.21062462934253,160.63238974029096,161.0546112060547,520800
2023-09-11,161.56671167710812,161.79129703462004,160.00359265408838,161.27923583984375,435300
2023-09-12,160.84799726269108,162.88723565855722,159.4465871607211,162.55484008789062,482800
2023-09-13,162.5728234173342,163.34539747061595,160.83901760960646,161.70143127441406,481800
2023-09-14,163.7136997997198,165.29477532461107,162.7255190294137,164.80967712402344,717900
2023-09-15,164.8725500071422,165.77986963304977,164.1538743463015,165.19595336914062,1391200
2023-09-18,165.35769207753484,165.35769207753484,162.26739576733755,163.4801483154297,450900
2023-09-19,163.7675711177315,164.25266923846354,162.00681668256377,162.82431030273438,381400
2023-09-20,164.28862694237705,165.2408663278431,163.3902858304132,164.10894775390625,500300
2023-09-21,163.25554911087485,163.43521461669883,161.1624123844069,161.26123046875,690000
2023-09-22,161.23428927166628,161.66550295600743,159.3567592842479,159.5813446044922,772500
2023-09-25,159.01538314837205,160.2012002035282,158.3685763378505,159.5364227294922,841400
2023-09-26,158.15296461835507,159.2309712733262,156.71561327332802,157.18275451660156,715300
2023-09-27,157.5870263316579,158.34162972009358,153.99366119708785,154.90997314453125,872100
2023-09-28,155.39071821378514,157.23196824181647,155.10046508619848,155.36349487304688,732800
2023-09-29,157.3680181868696,158.2750384646037,154.12088393177774,155.77166748046875,930200
2023-10-02,154.91902898690677,156.02559456710114,151.61747652272803,152.46099853515625,713700
2023-10-03,151.0551062034429,152.27958875155664,150.247858949065,151.84422302246094,658100
2023-10-04,152.98709756638362,153.57666900846814,150.79211031315512,152.65150451660156,906200
2023-10-05,152.40657888686312,154.6559847503049,152.37936939238813,154.42922973632812,741700
2023-10-06,153.19570860725307,157.2772995702175,151.7444845688838,156.00747680664062,556800
2023-10-09,155.04600356659523,158.58337608881268,155.04600356659523,158.011962890625,438300
2023-10-10,157.45870166423978,159.83508999957772,157.35892889535,157.81243896484375,558900
2023-10-11,158.93711634697104,161.0686189583807,158.41104306755872,160.92349243164062,794800
2023-10-12,160.41557796986697,160.59697922472256,159.02783830218016,160.22509765625,461400
2023-10-13,160.86908057454238,160.99606283106155,159.15481319151982,160.0164794921875,603800
2023-10-16,161.28630028606295,162.1751759956603,159.08223452692695,161.70352172851562,648400
2023-10-17,160.68770204801575,163.05502532500782,160.64234826998313,162.61058044433594,815800
2023-10-18,161.60378423572664,162.14800188117283,158.80109519374685,159.13668823242188,545800
2023-10-19,158.05732549226968,159.99834804905424,156.63331106137193,156.9598388671875,773900
2023-10-20,158.04826418567626,158.19339073408224,153.6764203351453,153.83969116210938,831100
2023-10-23,152.56986853002587,153.9848177775262,151.18211494033042,151.31817626953125,842500
2023-10-24,151.9984265536291,153.72175916833015,151.66283355308883,153.55850219726562,655300
2023-10-25,152.44286492547144,153.15033945020926,149.7671447326506,149.82156372070312,716600
2023-10-26,150.69234270094626,153.99389583367315,149.42251989606305,152.1798553466797,1336900
2023-10-27,152.3068314726642,153.56758900657803,146.91912922959816,147.472412109375,1053500
2023-10-30,149.04156081262096,149.87601770729364,145.5313833473868,147.52682495117188,767900
2023-10-31,148.7331342492357,150.40206155109894,146.9281733247596,150.32949829101562,1082100
2023-11-01,149.86694033127506,150.2297567069662,146.80122153685508,148.63339233398438,747000
2023-11-02,151.05514661322857,153.70365792715174,150.45652376559042,152.3068389892578,924200
2023-11-03,154.96440070923978,158.5561928118288,154.5471653437727,155.3907012939453,609300
2023-11-06,154.2024804805974,154.49273355253962,151.76260806472067,153.39523315429688,568000
2023-11-07,153.6945856854322,154.50183319157458,151.44517923686092,151.8261260986328,492800
2023-11-08,152.38842367659126,153.73082322783583,151.9077041886546,153.27731323242188,494200
2023-11-09,153.73991747761946,153.73991747761946,150.2932380935962,150.90093994140625,526100
2023-11-10,152.19798848080774,152.9689473273018,150.23882157672358,152.560791015625,457000
2023-11-13,151.3635133688497,151.97121515357506,149.44062141356983,149.9213409423828,512000
2023-11-14,154.2750620407365,158.74667881034495,153.8759709395104,155.88955688476562,1245300
2023-11-15,155.56299788575336,157.01423544665525,154.86460243859406,155.06414794921875,701900
2023-11-16,155.75348392430772,156.23420344308423,153.80339635493337,154.0301513671875,670700
2023-11-17,155.50861493675748,155.50861493675748,151.80797075489562,153.32269287109375,833000
2023-11-20,152.63335097075023,155.2727829502301,151.10956374962532,155.254638671875,1035800
2023-11-21,154.8555434662685,156.17071989140476,154.06644037919253,154.87368774414062,682800
2023-11-22,156.77842901002853,157.10495679794062,155.59930011812224,156.47911071777344,799600
2023-11-24,156.27955678220164,157.25006103515625,155.5811474711789,157.25006103515625,414800
2023-11-27,156.78751178196742,157.3317294360924,155.6355922567531,155.8986358642578,881100
2023-11-28,155.2818409921669,157.44961851442332,154.45644936552642,156.16165161132812,890400
2023-11-29,158.57435487010224,158.8464637180878,154.6741649557254,154.94627380371094,899700
2023-11-30,154.991602414162,157.05052812014398,154.69228411399078,156.8600616455078,1353400
2023-12-01,156.82375303451667,161.43141631208266,156.27954933655298,161.3951416015625,1174600
2023-12-04,160.24324220878896,162.42009879087837,160.24324220878896,161.21376037597656,1011000
2023-12-05,160.34302639777283,160.89630926146586,158.1480392218186,159.41786193847656,1195900
2023-12-06,159.86227687651316,160.60603992845657,158.50174686054285,158.7194366455078,933800
2023-12-07,158.93711984052393,159.84413989254546,157.63100875120853,159.07318115234375,679000
2023-12-08,158.72851788234576,159.46320195071092,157.776144007046,159.40878295898438,588600
2023-12-11,158.674102267729,159.30901358476575,157.51311761942512,159.10040283203125,691800
2023-12-12,159.36344395352768,160.30675269762895,158.03012317255948,158.5743408203125,842100
2023-12-13,158.45643415952492,168.07991952023033,158.45643415952492,166.8735809326172,954600
2023-12-14,169.7578783328053,175.3541904613752,169.7578783328053,173.63992309570312,1794500
2023-12-15,172.85989981697423,172.95059352689125,167.88035426956552,170.42001342773438,1647000
2023-12-18,170.51979165611718,172.88711484919955,169.48578921776104,172.18870544433594,844400
2023-12-19,172.74196704502438,173.69434087264497,170.19324289988768,171.97100830078125,834700
2023-12-20,171.9710072148876,172.6331279769456,168.77829275998766,168.8871307373047,902600
2023-12-21,170.40185366256796,170.746525713002,168.29757432735494,169.2952880859375,841400
2023-12-22,170.39280157251582,171.84403931139258,169.6127637098746,169.87579345703125,627100
2023-12-26,169.70347022885244,171.25446688583753,169.70347022885244,170.7283935546875,700400
2023-12-27,170.95513198792207,171.98913427220282,170.1388194940263,171.87123107910156,638000
2023-12-28,171.36798057965774,173.54565501586853,171.15753739110946,173.4816131591797,538700
2023-12-29,172.731333296034,173.46332606361833,171.20330589806215,171.303955078125,800700
2024-01-02,169.97719282622697,172.26466105194936,169.96803401790132,172.17315673828125,758600
2024-01-03,170.9928382261582,170.9928382261582,167.28713671422312,167.70802307128906,1105200
2024-01-04,167.41524098220444,168.8792263656333,166.76559380338807,167.98252868652344,661600
2024-01-05,166.1983263358056,168.65964490607217,166.10682200259973,167.14076232910156,678100
2024-01-08,166.60092989334598,169.4007894803758,166.60092989334598,168.85179138183594,814800
2024-01-09,167.18652090389674,168.57730584464798,166.20747755515166,167.54336547851562,787600
2024-01-10,168.4400625001364,168.81521076372934,167.4061360148229,168.09237670898438,800000
2024-01-11,166.99435672309968,168.4857907544047,166.3355646332963,167.21395874023438,1018800
2024-01-12,168.99818107400506,169.86741636870718,166.79305794456445,167.0218048095703,1002600
2024-01-16,166.1800088048516,166.76560018832376,164.08469378071533,164.83497619628906,862700
2024-01-17,162.3645085740149,165.2101198980427,160.21429659757428,163.2154541015625,1353800
2024-01-18,162.6664889816221,163.74618157361778,161.16590992617225,162.41029357910156,986100
2024-01-19,162.41027987274052,165.5395354208119,161.96193097536613,165.0911865234375,1046600
2024-01-22,165.57613416941243,166.74731698193662,163.90170546988165,165.81402587890625,701700
2024-01-23,166.0793756380937,166.55517304602208,162.95012007216684,164.32260131835938,639400
2024-01-24,165.64016833512,165.64016833512,160.91882998807816,161.0652313232422,908900
2024-01-25,162.66646550468656,162.97755788261972,160.50709459395003,161.1475830078125,1041700
2024-01-26,161.98024830452732,162.5475361298796,160.4613655884396,162.41029357910156,790000
2024-01-29,162.4926188243756,163.85595515885177,161.69658420603346,163.12396240234375,667400
2024-01-30,162.42858366523768,164.3226005156991,161.98023476749503,163.27037048339844,709400
2024-01-31,164.77094392120188,167.19565511216908,162.72136697904045,163.79190063476562,1542500
2024-02-01,157.6614816485282,163.48994710322802,157.3778377794097,163.0050048828125,1716200
2024-02-02,161.04693915939347,162.126631631283,158.5764757889897,160.17770385742188,1446400
2024-02-05,158.12815856417092,158.66799787973824,155.42893406312956,155.5387420654297,874900
2024-02-06,155.54787134813677,158.26538527626462,155.54787134813677,158.0640869140625,1291400
2024-02-07,158.2013418468682,159.03398386834482,156.41711891627685,158.67713928222656,995500
2024-02-08,158.52156627409798,159.92149587231788,158.17386659608792,159.6927490234375,818500
2024-02-09,159.35422599925494,159.78427124023438,158.4575281988801,159.78427124023438,799600
2024-02-12,160.01301358124192,160.7358475410635,158.68627057747693,159.53721618652344,625700
2024-02-13,157.0118465503083,157.63403129312638,154.97141455533716,157.47848510742188,825400
2024-02-14,158.3202803474188,159.50062199871303,157.52424571859297,158.4849853515625,830400
2024-02-15,158.78691326963678,162.8494597134304,158.78691326963678,162.6847686767578,673500
2024-02-16,160.95543411867865,162.74880157336284,160.66263145414277,162.06256103515625,627400
2024-02-20,161.3305720001694,163.0141453289991,160.22343119275504,161.34886169433594,738600
2024-02-21,161.66915561374182,163.51743441023575,161.29400736010055,163.11483764648438,543700
2024-02-22,163.15140772958247,163.2337532481647,161.07438233742818,161.1475830078125,818100
2024-02-23,161.02865327836642,161.38549784075218,160.16856280451333,160.48880004882812,601400
2024-02-26,160.64434401555687,161.71487759480618,158.29281970336675,158.860107421875,581600
2024-02-27,159.94896820782867,161.03780560457955,158.9882285070719,159.54637145996094,735900
2024-02-28,158.56733837598694,162.501787463805,158.1555967885458,161.3763427734375,750500
2024-02-29,162.81288186379075,163.68211721718492,161.00121047986582,161.98023986816406,1445900
2024-03-01,161.0744007046601,163.3161313512026,159.62873267492185,162.99588012695312,832800
2024-03-04,163.48083374022693,169.53804721873556,163.22463832770774,169.42825317382812,910900
2024-03-05,168.45833763701307,169.67527260399422,167.2780099860195,168.1197967529297,729700
2024-03-06,169.11712498874883,169.1262698366903,167.12244517110653,168.57728576660156,778000
2024-03-07,169.36418094452011,170.5628122585919,168.2478951493692,169.3001251220703,665100
2024-03-08,170.52622084245226,171.13926080980195,168.6779560913149,171.05691528320312,781900
2024-03-11,171.05689547487512,171.39545031435748,168.93413191928855,168.98902893066406,507600
2024-03-12,168.31194246628698,169.66612001386255,166.93031641151467,168.2021484375,578900
2024-03-13,168.39428872495634,171.02945712018445,168.32110201317855,170.4072723388672,742300
2024-03-14,169.59294127919574,169.59294127919574,165.54868418171085,166.87542724609375,649000
2024-03-15,164.65198237755212,168.79687424656197,164.65198237755212,168.1929931640625,1318300
2024-03-18,168.40342585981364,168.9615687060862,166.63749300065004,167.03094482421875,839600
2024-03-19,167.33289480697857,167.87273400486146,165.93296524685556,166.67410278320312,386800
2024-03-20,165.4388559579245,168.48576542480257,164.5879244474551,168.0648651123047,751100
2024-03-21,168.83351454973393,170.3889906653303,167.60742056444025,169.08055114746094,570200
2024-03-22,169.37334466911042,169.6386849135162,167.15907649010384,167.5982666015625,544600
2024-03-25,168.5315297475887,168.5315297475887,166.3721589468075,166.53684997558594,481200
2024-03-26,166.92116399983314,167.04011684331263,165.29248735625862,165.310791015625,552300
2024-03-27,167.11195346717614,169.94765392207916,166.66859162494328,169.67054748535156,984600
2024-03-28,170.7050680837003,172.46929788451033,170.7050680837003,171.3978271484375,730700
2024-04-01,171.1853921940991,171.1853921940991,167.38907179562207,167.4814453125,456900
2024-04-02,166.3453158650105,167.12120269378082,165.15377638470034,166.12364196777344,581000
2024-04-03,165.56943710337586,166.86258188099973,164.7011767123051,166.41921997070312,532000
2024-04-04,168.15574075284462,169.07017381194257,165.89273034489233,166.41921997070312,414400
2024-04-05,165.7079627314193,167.93403190984878,165.53247560740778,167.25975036621094,392100
2024-04-08,168.74685993608637,172.46005216796564,167.91554066936934,171.97048950195312,635500
2024-04-09,172.58936432498857,174.52908106644193,172.58936432498857,174.44595336914062,873800
2024-04-10,170.2062576760107,172.19216100624448,169.3564750647647,171.89659118652344,1004500
2024-04-11,172.96807351914453,173.40220364881137,169.81833976849333,171.758056640625,1033600
2024-04-12,171.23156898687856,171.6749308348053,168.78381187427135,169.75367736816406,1393600
2024-04-15,170.95447089366314,170.95447089366314,166.04973880972534,166.92723083496094,658500
2024-04-16,166.21600746042031,166.45617298348694,163.86062355676302,165.32003784179688,901200
2024-04-17,166.0127896718943,168.27579995250375,164.68268992163007,167.13967895507812,790400
2024-04-18,167.61996464962664,168.8392131306801,166.419179593616,168.12799072265625,671400
2024-04-19,169.0978681547965,170.4741404119886,168.86694847736493,170.07696533203125,543000
2024-04-22,170.5018475574603,173.34677963987886,169.88298452082975,172.6078338623047,633800
2024-04-23,172.8018315327609,175.33271651776403,172.8018315327609,174.26124572753906,746300
2024-04-24,172.7371635282868,177.8081651030674,172.1183004371565,176.7366943359375,904500
2024-04-25,175.76679873648362,177.0507114569849,174.51984105361507,176.71820068359375,1073200
2024-04-26,179.0089225276441,181.1056769783541,176.63506166721015,176.83827209472656,945600
2024-04-29,178.29772094027987,178.53787235881063,175.78531343018793,176.44113159179688,903500
2024-04-30,174.97247807096562,176.72747634531345,174.4736976926226,175.101806640625,809200
2024-05-01,174.26120959427837,176.4503233854204,173.07890210339673,173.5869140625,657200
2024-05-02,174.704588650515,178.92580707223385,173.5869312227224,177.761962890625,798300
2024-05-03,179.63705489409273,180.52379277226123,176.88449592734912,178.09451293945312,573000
2024-05-06,178.8796183932962,181.20727854302655,177.98364893693315,180.2835998535156,505400
2024-05-07,181.53980813345527,181.7245551515135,180.24666357235935,180.93942260742188,486400
2024-05-08,180.86552966366648,181.6506622209747,179.6093260285046,180.0249786376953,436100
2024-05-09,180.5884540801812,182.28803394346215,179.74791700482075,182.09405517578125,376000
2024-05-10,182.7405747556947,182.88836671747248,181.46590784445883,181.8630828857422,305300
2024-05-13,181.355060024746,183.44258276257924,181.355060024746,181.95545959472656,333700
2024-05-14,183.2116768725645,183.71968888521175,181.7430170192218,182.4173126220703,491000
2024-05-15,185.07749377663865,185.39155524143865,182.62975089678343,183.3132781982422,802100
2024-05-16,183.14702774474125,184.60644191142688,182.31572247873208,182.93458557128903,468600
2024-05-17,183.78436046822344,184.31085002229827,182.19563190405736,183.71046447753903,442600
2024-05-20,183.81207542870465,184.3755200427825,181.98319540850903,182.3434295654297,648400
2024-05-21,182.5281303399726,183.4887498910967,182.10323197872228,183.3224945068359,422700
2024-05-22,183.0639032655375,185.373100260977,182.30647988580776,182.51893615722656,568200
2024-05-23,182.1402012132826,182.1402012132826,178.88884831242672,179.15672302246094,495200
2024-05-24,180.1635358589579,180.97636354264264,179.6832189816315,180.431396484375,388900
2024-05-28,181.41973139043117,181.9092799591625,177.46638780093045,177.5772247314453,514400
2024-05-29,175.0279136755594,175.10180967626553,171.9705247850051,174.19659423828125,674300
2024-05-30,175.30498279218392,176.11782459784172,174.5752827851732,175.48048400878906,653700
2024-05-31,176.78290196322862,178.40857173359294,175.49898887156863,177.9744415283203,1495000
2024-06-03,179.32300731805535,180.79165327371433,178.28849153961187,179.61859130859375,796700
2024-06-04,179.5446853238243,182.87916627517083,179.5446853238243,181.90005493164065,614400
2024-06-05,181.59523499040725,183.3871597989968,179.89565549950842,183.3317413330078,395800
2024-06-06,182.38963973733055,183.83980826497137,181.7892400025727,183.1378173828125,376300
2024-06-07,180.80086737923273,183.2116692642279,180.80086737923273,182.15867614746097,557500
2024-06-10,182.14944198137204,185.2068163099112,181.84462631043053,184.12611389160156,612800
2024-06-11,183.61807501120623,184.0983918618107,181.59523058063888,182.14942932128903,533100
2024-06-12,185.1698746245264,185.7887376772865,182.88838705244575,183.5903778076172,445300
2024-06-13,184.08915860656603,185.0590240123494,182.90685105669107,184.6526031494141,555700
2024-06-14,184.05221161192136,186.54615536271396,183.27632489107043,186.4814910888672,410000
2024-06-17,184.68954480500128,186.6939258010857,183.54419228964892,186.213623046875,478800
2024-06-18,186.6108190520005,187.50678857816277,185.52088487869264,186.95257568359375,520000
2024-06-20,186.29677399074603,187.008010592373,185.38232693151133,186.51844787597656,645500
2024-06-21,188.62444138340896,188.62444138340896,185.66865814494548,188.328857421875,1234300
2024-06-24,189.0585654834873,192.23602273433912,188.05175899825215,190.6565399169922,932200
2024-06-25,190.67499036773,191.2199715211733,187.8854907963332,188.6983184814453,434300
2024-06-26,187.5160157673353,189.7051439632646,186.54616436656983,188.3196258544922,861300
2024-06-27,189.03085322502432,190.6288276329771,188.1810704543043,190.554931640625,709300
2024-06-28,191.90538014014595,194.14062272309883,189.94022380319728,192.68771362304688,1079000
2024-07-01,192.2406843909134,192.37107331588228,190.20101789857185,190.29415893554688,688200
2024-07-02,190.66668082360923,191.16960543732577,189.43728743912837,190.182373046875,787500
2024-07-03,190.60149224336436,190.85296167301493,187.1461786414216,187.15548706054688,400200
2024-07-05,187.30451134250015,189.35348629200487,186.46629883948867,189.3162384033203,540600
2024-07-08,189.5117862061641,189.9774629070323,188.2172055462034,189.1764984130859,802500
2024-07-09,189.23236565141644,191.29997121242775,188.13337552670595,189.8284454345703,645500
2024-07-10,190.9274522930652,190.9647001771148,188.45937139917285,189.73532104492188,817400
2024-07-11,192.27792760906792,193.60044787629724,188.42212467997427,188.9343719482422,646600
2024-07-12,189.80051060287343,189.80051060287343,187.0623434366222,188.0495758056641,717900
2024-07-15,189.13928020892425,191.2348256916553,187.6304920089826,189.26036071777344,546200
2024-07-16,189.73531894197768,191.86811201048295,188.76670343151852,191.4024353027344,461100
2024-07-17,191.3931277349423,194.652864703664,190.88088051187816,193.73081970214844,453500
2024-07-18,192.73428261839967,196.70184314583236,192.26860589967785,194.3268890380859,434100
2024-07-19,195.59353823133463,195.59353823133463,192.46418998587907,193.134765625,449400
2024-07-22,193.09751466424655,195.58422669833777,192.43624745433067,194.9043426513672,436400
2024-07-23,194.71807888639736,195.12786248008612,193.44211495508657,193.8984832763672,386600
2024-07-24,194.18719278413144,194.90433891411217,191.2254956580688,191.91468811035156,411100
2024-07-25,192.29654376224977,194.41072002678695,187.87261497128551,188.9064178466797,494700
2024-07-26,189.1671907393924,193.49797838997569,188.23583733399167,192.30584716796875,375600
2024-07-29,192.21271864457063,194.78324890453575,191.17891580531807,194.01954650878903,438500
2024-07-30,194.5597426083673,194.82984308468508,189.99611609263377,191.9892120361328,805500
2024-07-31,191.6259608133861,193.84258643870564,190.49901695367552,190.8529357910156,878400
2024-08-01,194.9788756817677,199.20721463913677,194.3455478638949,198.40625,997500
2024-08-02,199.55178910954416,203.77081918631336,193.9543598781186,195.6028594970703,1051300
2024-08-05,194.57836562595375,196.59940095443028,189.67012885032435,190.06130981445312,1191500
2024-08-06,189.80983997534045,195.54698075965905,189.6328805422776,194.80189514160156,776700
2024-08-07,195.23031661209632,197.31655357340708,193.03232177812976,193.62838745117188,847000
2024-08-08,193.172024901162,195.90088372249585,191.9612625586915,194.08474731445312,599100
2024-08-09,194.0847562193189,196.50628101536265,193.1627111338575,196.01266479492188,394000
2024-08-12,195.6028558684121,195.63079533505177,193.6842700320831,194.9881591796875,601800
2024-08-13,196.6459546728167,198.2292525973897,195.9753790934853,197.21408081054688,597700
2024-08-14,197.25135802294147,199.77533234423717,196.9812717520101,198.86260986328125,575300
2024-08-15,198.84394198760023,201.00468860018927,197.64250240843307,199.94293212890625,737400
2024-08-16,199.51453943075072,200.93950908830635,198.5645549219383,200.43658447265625,1603100
2024-08-19,201.11646790759823,202.22478079595243,200.58558961533072,201.2095947265625,411800
2024-08-20,201.56351970439567,201.97331751198615,200.55765623430804,201.71253967285156,360000
2024-08-21,201.3679345812453,202.38310642550053,200.40862745854793,202.1409454345703,457200
2024-08-22,202.20613018599155,203.16542301760873,201.3027162826123,203.0536651611328,424600
2024-08-23,203.89190168633397,206.68596212016865,202.88603822479436,206.50900268554688,420200
2024-08-26,207.66387295752617,207.66387295752617,204.2178681497204,204.8232421875,456000
2024-08-27,203.5845595667089,206.36000324811943,202.51350871880877,206.2109832763672,526600
2024-08-28,206.70460028780985,208.8373935727735,206.50900979772172,207.7570343017578,610800
2024-08-29,207.32860307326044,208.57661335175837,206.76047687016413,207.83152770996097,522100
2024-08-30,208.56728913290053,210.6535117183004,207.44966786053263,210.23440551757812,875700
2024-09-03,209.2564869340079,212.6652439816539,208.8373807225525,211.5476226806641,906600
2024-09-04,211.8736020067666,214.24854194137313,210.0760824537094,211.56625366210935,674600
2024-09-05,213.37310876185265,214.22995234165757,210.1319881032057,210.97021484375,590500
2024-09-06,207.18889848540024,208.45553976875073,205.36343943741747,208.25064086914065,1865900
2024-09-09,209.18197557391673,210.5417435551942,207.72905235845445,210.01087951660156,1746900
2024-09-10,210.59764398889635,213.8480727446008,209.77806259160343,213.615234375,824600
2024-09-11,211.8456576798609,214.5000064315611,209.41482465636457,214.1647186279297,896300
2024-09-12,214.4348484619188,216.38137398879925,212.96330813387695,215.79461669921875,1046900
2024-09-13,216.8190869951206,218.68179390365032,215.14264793517873,218.63522338867188,608700
2024-09-16,219.6317974579558,220.0415810758649,216.46518691197468,216.87498474121097,685700
2024-09-17,216.87497582044065,218.35582446954643,214.5372836596888,214.9470672607422,875600
2024-09-18,215.6828367540176,217.48966474677957,213.7735593118312,214.59315490722656,598000
2024-09-19,215.97155147506976,215.97155147506976,212.8701427736999,214.7235412597656,657200
2024-09-20,213.89463045317132,214.95637278652268,212.85150495611833,214.2671661376953,1696600
2024-09-23,216.07398402293455,217.78767083032955,215.35683794161855,217.1636657714844,677100
2024-09-24,215.2916587099236,216.4279110125375,214.2951037349568,214.3509826660156,626200
2024-09-25,215.46862718163652,216.0460617752623,212.4603452942597,213.88531494140625,681800
2024-09-26,213.7921989985027,213.99709790563043,210.23442180321783,210.97950744628903,780900
2024-09-27,211.96674796640363,212.35791474638376,209.54523729824183,209.7687530517578,931600
2024-09-30,209.27134557251924,211.64558884086136,208.2953778847372,211.38282775878903,1205000
2024-10-01,211.3640869000939,212.32129631168445,207.9294195751052,208.51124572753903,908100
2024-10-02,207.10359848186596,209.5810708074702,206.52177230763857,209.365234375,1149500
2024-10-03,209.36523273768677,209.57168995648988,206.70006163661256,207.11297607421875,362700
2024-10-04,205.883643038474,207.92004911738465,204.71997628506415,207.41329956054688,367100
2024-10-07,206.1839107355827,206.1839107355827,203.5750438257616,204.5791778564453,536400
2024-10-08,205.90239695964053,206.19331004154537,203.3686207682736,205.0484161376953,473100
2024-10-09,205.4894514268486,205.4894514268486,202.9556756189504,205.02023315429688,494200
2024-10-10,204.5229183252722,206.1370307655793,202.78680451884833,203.54693603515625,548200
2024-10-11,204.8231823437281,206.37161144015053,203.78151706773735,206.09945678710935,444100
2024-10-14,206.09946607696256,208.6332566545167,205.03904232975563,207.98573303222656,539300
2024-10-15,209.15877203721368,212.31191985805535,208.6144770439211,209.8719787597656,773400
2024-10-16,210.528881122819,212.0397647487323,209.81567440179063,211.7957763671875,576600
2024-10-17,211.8708588264593,212.2180758249828,209.68429958621132,211.58932495117188,571000
2024-10-18,212.11484409973303,213.7008043984679,211.457941279981,213.1565093994141,533200
2024-10-21,212.37759729198245,212.5934337133916,209.17752485891128,210.35057067871097,606800
2024-10-22,210.0127292672011,211.88022333491733,209.9751981021576,210.8854827880859,455300
2024-10-23,210.96054178885103,216.13132208527335,210.96054178885103,215.40872192382812,708800
2024-10-24,216.6381012892063,217.1354715564654,214.62045394747744,215.6245880126953,650000
2024-10-25,215.69967421734975,215.84043399001516,212.15238475210992,212.41514587402344,658900
2024-10-28,213.6914171743068,215.0615266727886,213.1377286646833,214.7143096923828,648700
2024-10-29,214.3764584764854,215.4087301413814,212.23682418121024,213.60693359375,653200
2024-10-30,213.494353892837,214.9677064171935,211.8708623759653,213.73834228515625,654400
2024-10-31,211.392237555122,212.18991444644513,207.0285127998785,207.96694946289065,1658800
2024-11-01,207.31005438441997,209.27138364651196,202.88063202446585,202.965087890625,893700
2024-11-04,203.65014031888637,205.55516564820573,202.96508554671627,205.0484161376953,624600
2024-11-05,206.934650476166,212.4995869862123,205.12347470303357,212.4432830810547,771500
2024-11-06,216.7976558355097,216.7976558355097,209.30892047328035,211.0825653076172,854800
2024-11-07,211.167015053856,214.6580004722965,210.48194600216056,214.00108337402344,654800
2024-11-08,215.3336863183471,220.94553364032808,214.72369388633155,219.3595733642578,782600
2024-11-11,219.35955372922336,220.6076761168991,217.76421438416477,217.91436767578125,586500
2024-11-12,217.04162586644708,218.18651971761463,215.8404281077478,216.0375061035156,423600
2024-11-13,217.9331433182291,219.70678804730565,217.9331433182291,218.75897216796875,511800
2024-11-14,217.538996431583,220.31677520189965,213.45680561662817,213.8978576660156,640200
2024-11-15,213.0251226270259,215.93428201180976,211.96468461499825,215.28675842285156,645900
2024-11-18,214.4984661357036,216.5348718925438,214.2169322844717,215.1084442138672,547900
2024-11-19,214.24507745752564,215.6151868670714,212.73419396711577,215.2585906982422,486100
2024-11-20,214.0761674428124,215.81228100086764,212.349447415828,214.09494018554688,429900
2024-11-21,215.01459217503768,217.72667341366352,213.85093993940976,216.431640625,453400
2024-11-22,216.22518857693663,219.14372708550675,215.40873896702604,217.66099548339844,333900
2024-11-25,219.11556285620657,221.6211868137623,217.41698061316748,218.56187438964844,977400
2024-11-26,219.07802079784057,221.9308760727869,218.69325835625136,220.89859008789065,730100
2024-11-27,222.65345845606433,224.55848357338985,222.1560882127866,223.1696014404297,532300
2024-11-29,223.55437729741763,224.4552684520273,220.68276347306343,220.8610687255859,616800
2024-12-02,219.67863687038505,220.1009305084395,215.9061317630644,216.5911865234375,652800
2024-12-03,216.66627240141608,216.93841274704596,214.170027313688,214.3577117919922,447100
2024-12-04,214.4891009388882,214.52664642769565,213.08144581618524,213.77589416503903,444500
2024-12-05,212.18992630344923,213.45682159707155,211.6174793342477,212.46206665039065,342900
2024-12-06,213.30665647711615,213.5412656429908,211.88022873916427,212.6028289794922,383200
2024-12-09,212.4526793347554,213.5600420628424,210.73533849265436,213.0157470703125,621700
2024-12-10,213.53185788410397,214.76122185967543,209.83442970458455,211.19515991210935,620100
2024-12-11,211.9646770234873,213.73832168130727,210.96993648685057,212.23683166503903,717300
2024-12-12,212.4245195791508,216.97594303611,211.8051479566643,213.8978576660156,475500
2024-12-13,213.822776171807,214.20752427910512,211.80512897382312,212.48080444335935,331000
2024-12-16,212.92189205699387,216.05626704769497,211.7300734958397,213.4943389892578,464600
2024-12-17,214.24510077455568,215.25861412557632,211.63624790262395,212.9688262939453,761200
2024-12-18,212.34943738751585,214.50784447901805,206.13699154066057,206.29652404785156,890600
2024-12-19,207.33819824779312,209.1024637533245,203.19030992299457,203.79090881347656,757700
2024-12-20,203.6595341977916,210.32242609613576,203.48122893582757,208.4924774169922,2120900
2024-12-23,207.00972589071884,208.6895354214227,206.48420368650068,208.0232391357422,602300
2024-12-24,208.00447759055643,209.77812228496543,207.6197294470909,209.5341339111328,255400
2024-12-26,209.534149679697,209.8344563033894,208.60509217198265,209.5623016357422,583900
2024-12-27,207.57280905845215,209.96582542772143,206.79390490503627,207.56341552734375,362500
2024-12-30,206.65312813751945,206.74696320503617,203.9035014780304,206.25897216796875,314700
2024-12-31,208.2166976954061,208.81251145319405,206.01309450310677,208.03700256347656,557900
2025-01-02,207.69654516844443,208.18834012569957,204.67014241423337,205.2943420410156,409300
2025-01-03,205.23756840044888,207.46954295900716,204.51880231349895,207.2803955078125,474300
2025-01-06,209.0111254056186,209.0111254056186,200.6695884964749,201.2370452880859,540400
2025-01-07,202.6556635997372,203.497381995948,198.87265697748185,199.7711181640625,453500
2025-01-08,200.2345408803598,201.038435556827,197.97419500972225,200.84927368164065,472900
2025-01-10,200.49936063959353,202.92994943839037,198.93887610513903,199.33609008789065,857400
2025-01-13,199.5630704401408,204.67959084205935,198.88212802952188,204.0743103027344,583300
2025-01-14,203.66763189342,206.7507772027992,203.14746557853343,206.3724822998047,617800
2025-01-15,210.97829215558377,211.43224893345243,204.80253467429475,205.3321533203125,823800
2025-01-16,206.09821900238776,206.4103188106631,203.62980636514288,206.0792999267578,453200
2025-01-17,206.52380853835976,206.96831302289388,205.46457117829203,206.30628967285156,553900
2025-01-21,206.69403242578343,209.09623534188623,205.83339493405543,207.3466033935547,568600
2025-01-22,205.8995934912764,205.8995934912764,202.40030091929208,202.7786102294922,438200
2025-01-23,202.892100597374,203.2514908427933,199.78058401427148,202.2017059326172,592700
2025-01-24,200.97224776209163,203.9513600153309,199.77113899360253,203.1001892089844,487500
2025-01-27,203.6960057198018,208.7084781838954,203.6960057198018,208.3963928222656,458200
2025-01-28,207.4695577209186,209.44618985496723,206.41032037404105,207.45065307617188,761600
2025-01-29,207.17636190381904,208.05591847541277,202.79752698229743,203.2893218994141,671200
2025-01-30,205.53075190664765,208.65172075218865,205.11461887896897,207.95187377929688,664400
2025-01-31,206.9682835960522,210.4864808200888,206.4481173124669,209.49343872070312,1061800
2025-02-03,207.6303181886096,210.1743925254862,205.3226962035681,208.35855102539065,778800
2025-02-04,206.4575848419732,209.55964905082112,204.84034319619605,208.7746734619141,678300
2025-02-05,209.88120001426137,213.3426544437775,208.92599606305563,212.11317443847656,578300
2025-02-06,210.84586990577137,210.84586990577137,205.65368828148945,209.7487945556641,1381400
2025-02-07,210.39193719772996,211.57412686580557,207.50739152142023,208.2167053222656,638900
2025-02-10,207.99917623515907,207.99917623515907,204.58502625856664,207.3655242919922,1006600
2025-02-11,205.28484670172048,207.2520118257876,205.28484670172048,207.0439453125,500800
2025-02-12,203.43118414393845,207.22364303649536,203.27986041764055,205.98471069335935,405600
2025-02-13,207.32769176004592,208.6801097832765,206.40085912162797,208.1599578857422,401500
2025-02-14,208.65174412939737,209.82448148142788,206.08876499698707,206.50489807128903,741100
2025-02-18,205.5496671962906,207.38442776917245,204.17833014296951,206.18331909179688,931100
2025-02-19,205.86177842894824,206.76970644421397,204.72687923313572,205.7672119140625,345300
2025-02-20,204.79305822274955,208.301803232988,204.79305822274955,207.47900390625,560600
2025-02-21,207.32767368798537,208.2166825300279,205.10515158287896,207.0439453125,587200
2025-02-24,207.61142046814052,210.2689804776947,206.84536388813677,208.98275756835935,662000
2025-02-25,209.28538003848797,212.49147761234187,209.28538003848797,211.48898315429688,459400
2025-02-26,211.48900436856024,211.68761858820196,208.88818702345316,209.55967712402344,364100
2025-02-27,209.0111320328583,212.22668213787645,209.0111320328583,210.9215545654297,602500
2025-02-28,212.45364406472325,215.15849428439665,211.40385918569905,213.91009521484375,1009700
2025-03-03,213.81552800974853,216.5676686877603,212.63333848459135,215.70703125,432000
2025-03-04,216.5676989913316,217.72151728381675,210.8837217231809,210.8931884765625,892900
2025-03-05,208.39639993778457,212.93599670698129,208.07483338129504,212.2928924560547,807800
2025-03-06,210.2689899964923,211.139079881751,205.19030767616772,206.64675903320312,612500
2025-03-07,206.71295680465093,209.58803563424829,205.4929290255032,206.59945678710935,548000
2025-03-10,206.97775290809884,210.3162550544575,204.29180727355467,204.6322784423828,784200
2025-03-11,204.81198319095867,205.56858742736668,200.03593428159783,201.38836669921875,593400
2025-03-12,200.9627942467628,202.23009812638736,198.2106531950058,198.64569091796875,643100
2025-03-13,198.64567026929032,200.7168686923063,195.80841531853417,196.5839385986328,652500
2025-03-14,197.35000658370896,198.36196783512096,195.59090783487304,198.2579345703125,995700
2025-03-17,198.1066114543052,201.16138543084443,197.8607212053634,200.2629241943359,932900
2025-03-18,200.0264889675145,200.82091694961295,197.80396665102057,198.84429931640625,856800
2025-03-19,198.88211639950728,200.8114579271143,197.48240793998636,199.40228271484375,609800
2025-03-20,199.8846170239164,200.71686866291935,198.04038976137497,200.02647399902344,627600
2025-03-21,198.87266907247167,199.7049351979124,196.66906584926673,198.1917266845703,1486900
2025-03-24,199.66708271657245,202.99613254836137,198.1255173479943,202.7313232421875,512700
2025-03-25,202.83537399027912,205.1146391151898,199.2131431451084,201.12356567382812,816500
2025-03-26,202.2962875299012,203.11910134100268,200.95332181660663,202.4759826660156,712800
2025-03-27,203.10017544672263,205.5307642171449,201.07626740717208,201.5775146484375,659400
2025-03-28,203.0528743042632,203.3271503613485,200.11158612542764,201.99363708496097,452400
2025-03-31,203.3000380701307,205.80791846625576,200.954276514651,204.6540985107422,880000
2025-04-01,205.5600006511266,205.8937396492502,201.6122278399092,204.54920959472656,597700
2025-04-02,204.5778078423582,206.41819567086975,202.55625490452303,205.59812927246097,542600
2025-04-03,202.9090706398037,205.5313741402749,195.65244109830823,196.3008728027344,1186100
2025-04-04,193.7548513913908,195.96711435937888,182.59814514232175,182.7983856201172,1707900
2025-04-07,181.13921100226065,186.31706188810855,174.08282138118216,180.0426025390625,1792700
2025-04-08,184.91530112867497,185.58279363948137,176.50486639202367,178.53594970703125,1277100
2025-04-09,174.91240230779098,192.44847475543693,172.02310183001546,191.0848693847656,1695100
2025-04-10,188.8821434971007,191.08487616222055,179.6516273882104,184.6006317138672,1300700
2025-04-11,183.0844600064767,184.9915897982108,179.3560177715775,184.03802490234375,1234600
2025-04-14,186.5077531332911,192.40079171299135,185.0583449782979,191.5902557373047,1034300
2025-04-15,192.26730661526176,192.95387454717616,190.61762876622612,191.1897735595703,1384800
2025-04-16,191.46630098004587,193.6499728759061,189.65453338500384,190.77020263671875,1028600
2025-04-17,191.35186785997595,195.48080564723733,191.35186785997595,193.93603515625,1172900
2025-04-21,192.0670464717909,193.39250114259983,189.70220951924776,192.41986083984375,641400
2025-04-22,195.5761693803602,197.59772233884885,194.37466827841288,196.85394287109375,626200
2025-04-23,198.80875575673733,200.4965551919133,195.78595670107796,196.8348693847656,613400
2025-04-24,196.64414979804687,198.94224464015912,195.55708642194017,197.1304626464844,536300
2025-04-25,197.55005071347503,197.55005071347503,194.7465674073454,196.2055206298828,642800
2025-04-28,196.4343827654697,198.6180401329385,195.9671306945893,198.1508026123047,510400
2025-04-29,197.74074997274496,198.54175555226175,195.47127538981024,197.5595703125,714500
2025-04-30,197.26396580764893,201.10683118285112,194.7084188649394,200.22955322265625,1114400
2025-05-01,199.2950439453125,202.518097637444,195.53799629122304,199.2950439453125,1195200
2025-05-02,202.59440224717275,203.43352945337136,200.610985536643,202.34646606445312,780200
2025-05-05,200.849390657299,201.82201643294343,199.25693893220844,200.26771545410156,709000
2025-05-06,198.35102779964612,199.51437813104252,197.36885712563455,198.217529296875,590600
2025-05-07,198.24614845345965,199.93396249897745,197.39747622496705,198.2366180419922,1012000
2025-05-08,198.54175800887103,198.7229231211118,194.6702722189998,194.9563446044922,744900
2025-05-09,195.66199745870912,196.72045515166516,194.13628769490427,195.9862060546875,522100
2025-05-12,197.90285245815056,199.5525302072784,197.53096273007316,198.9040985107422,672600
2025-05-13,199.02808320725737,199.02808320725737,194.47004378021407,195.1947479248047,794800
2025-05-14,194.1362627020497,194.708407427381,191.36138551960903,192.2386779785156,858400
2025-05-15,193.2685275627733,196.23411499321827,192.7917451112564,196.03387451171875,1029700
2025-05-16,196.99698198503495,198.6943264531815,195.46174181438033,198.43687438964844,806800
2025-05-19,196.33901099660596,199.02807105223013,195.92898506556529,198.9327087402344,849100
2025-05-20,197.84564089233027,199.4953186414581,197.3402526605904,198.9040985107422,603400
2025-05-21,197.2830459054093,197.8551906780547,192.36264742144593,192.3721923828125,626300
2025-05-22,192.6391867248883,192.6391867248883,189.19681682613032,190.57948303222656,902800
2025-05-23,190.14083666416784,190.1503816253966,187.68065200795584,188.83445739746097,882100
2025-05-27,191.04673645461205,192.74408083853064,188.8249284576296,192.10519409179688,857400
2025-05-28,192.56289224967608,193.50691215918113,191.56164622574312,192.6010284423828,752000
2025-05-29,193.4401768483497,196.6346250942206,191.79051363985528,196.4534454345703,856300
2025-05-30,196.24366573074153,197.66446816592529,194.84192411800265,197.1686248779297,2083700
2025-06-02,196.1387786504642,197.5882014615165,193.77394162735,197.53097534179688,545100
2025-06-03,196.41529586444267,197.28304342361517,191.84772635284332,194.48910522460935,1001000
2025-06-04,194.06953497425383,196.0243459540032,191.8286516108407,195.10891723632812,943300
2025-06-05,194.89911954811956,196.3389972367719,193.24945642797547,193.54505920410156,875300
2025-06-06,194.89913104677564,195.8908321494081,192.69639843640067,193.7167053222656,597400
2025-06-09,193.50693131903375,198.75153862533315,193.4211139642626,197.31166076660156,1150300
2025-06-10,198.20800400575428,199.78138029692877,196.94929133261795,198.3128967285156,1125000
2025-06-11,198.02681273305035,199.40947887002145,196.14828879480345,196.94927978515625,836200
2025-06-12,197.06373094610785,199.62882292309425,197.00651937863168,199.13296508789065,587700
2025-06-13,197.4737350268456,199.0852619002367,194.92771870418267,196.60598754882812,664900
2025-06-16,198.4464047779191,199.666966764977,197.14002543636025,197.5977325439453,733300
2025-06-17,197.5309804901123,198.16988183320407,195.5094273813946,196.720458984375,681300
2025-06-18,197.0923411112744,198.46547696221216,196.18645732218937,196.93023681640625,883300
2025-06-20,197.58817028051865,199.00897253237383,196.16735347841916,197.39744567871097,1264800
2025-06-23,197.9124170669611,200.1151498711907,195.6143219434002,198.02684020996097,975900
2025-06-24,198.26520909218905,199.05666969256495,195.95758381711187,196.5583343505859,1351900
2025-06-25,194.0504542905922,195.1470480893352,191.6760724864912,191.87632751464844,1483900
2025-06-26,192.5056934984829,195.2805563977527,191.8477313660981,194.65121459960935,990100
2025-06-27,195.13752430180597,197.0255787659992,194.08859707156196,194.8896026611328,1483700
2025-06-30,194.92806811304763,195.8994811480357,191.97534877696836,195.7263641357422,1317000
2025-07-01,195.79368554231849,198.59251313907765,193.53344906592315,195.51475524902344,1077800
2025-07-02,194.68761525416315,195.98605153145556,191.65795017502472,194.28366088867188,866400
2025-07-03,194.49527317777756,196.14957099830647,193.50461996472825,194.8319091796875,347800
2025-07-07,194.3509879585897,196.85165985961623,193.7835146445628,194.72608947753903,883700
2025-07-08,193.6007788343912,195.37050256663417,193.3026230850629,193.77391052246097,782300
2025-07-09,193.81239304794843,195.36089227680583,192.8698327665294,192.9660186767578,934900
2025-07-10,193.0236959462362,196.42846239898319,192.86019166363747,194.9569091796875,825100
2025-07-11,192.32158744210287,195.03385655786482,192.32158744210287,194.1490020751953,513200
2025-07-14,194.38947202469086,195.9283584764222,193.85086616935754,194.23558044433594,678300
2025-07-15,194.0528433118933,194.27406797042406,190.86928633782338,191.8599395751953,621300
2025-07-16,192.2831072129957,194.41830497531615,191.72526129820042,194.1490020751953,606500
2025-07-17,194.2163348570598,195.3224140493068,193.05256466869085,194.40870666503906,667500
2025-07-18,194.72611361456492,195.54363514134965,193.6104216388136,194.88961791992188,474900
2025-07-21,195.56288489644203,197.16908986742354,192.53320471000634,193.11990356445312,645100
2025-07-22,193.79314289811924,196.86127345085316,193.64886405117207,196.69776916503906,662500
2025-07-23,196.86127560462032,196.86127560462032,194.65875940584257,195.6205596923828,500500
2025-07-24,195.3993769664599,195.51478832063793,193.6585205533627,193.88934326171875,506400
2025-07-25,193.5527000149719,195.35126190160804,192.75440399513073,194.043212890625,319700
2025-07-28,193.6584942385018,194.51449590946223,191.0520089955168,191.1770477294922,588900
2025-07-29,191.99458433955678,195.52438992120676,191.18667555444043,195.3608856201172,533600
2025-07-30,194.35099917509493,194.35099917509493,187.02207070170968,188.81101989746094,1078300
2025-07-31,185.9352362072353,186.78161046961728,178.72173414474307,179.16415405273438,1582900
2025-08-01,180.41449188227574,181.04928356677073,174.3070544506089,177.39443969726562,1843800
2025-08-04,176.9712613336509,179.0679790158853,175.29772347032088,175.7401580810547,1301400
2025-08-05,177.1443691232536,182.26115367454184,175.9709862795322,179.19300842285156,1919200
2025-08-06,179.58736018777074,180.5299204092438,177.51949533255865,179.37576293945312,1283600
2025-08-07,179.8951441611262,182.1361409016043,179.8951441611262,181.04931640625,1001800
2025-08-08,181.61675892856536,181.8668217322136,179.2026453722466,179.6450653076172,720400
2025-08-11,179.279578590636,179.99131612987048,177.48101664024182,178.010009765625,831100
2025-08-12,178.2793030694201,179.88550779916991,177.25016971048203,179.78932189941406,701800
2025-08-13,181.58788765137876,184.22321090775162,179.63543434465745,183.7615509033203,826300
2025-08-14,181.1935612858518,182.66511459803385,180.13557506589368,182.08804321289062,1030200
2025-08-15,182.05916568004258,183.386454741855,181.25125697976867,183.29989624023438,767500
2025-08-18,183.03062324366158,183.3576318649266,180.86657229413936,181.05892944335938,690100
2025-08-19,181.64561360421428,185.32931068384386,181.52057486316957,184.1366729736328,1436200
2025-08-20,184.80030417410305,186.49306737406772,183.23256503021892,183.33836364746094,843400
2025-08-21,181.91492361340562,184.45407603413688,181.91492361340562,183.1556396484375,681000
2025-08-22,184.56947244484957,187.60876492733883,184.38674271487443,186.22377014160156,1211700
2025-08-25,185.80056582161774,186.84893925102932,183.8096469294704,184.9253387451172,582800
2025-08-26,185.18503071528747,186.291109910095,184.46368046142067,184.67527770996094,1353400
2025-08-27,184.7041348843297,186.84896025619162,184.60796365376706,186.70468139648438,613500
2025-08-28,187.00284790784053,187.28177824709346,185.26199150238003,187.1759796142578,895000
2025-08-29,186.45461856571472,188.9553053746141,186.2141684754709,188.3686065673828,886000
2025-09-02,187.47411549552194,187.47411549552194,181.28011912350684,181.79949951171875,877400
2025-09-03,181.0012048360298,183.79041989778227,181.0012048360298,183.7711944580078,699500
2025-09-04,184.7137498593939,185.7236431057987,183.761562282628,185.358154296875,672600
2025-09-05,186.52194415570654,189.33041423290777,186.48347859718336,187.94541931152344,600400
2025-09-08,186.0602803053528,187.26253077860514,185.42548853325735,187.04132080078125,604500
2025-09-09,186.58925324548198,187.86844937162434,186.10835310825135,187.78189086914062,675100
2025-09-10,187.05092861036886,188.60905516241476,184.95421088450075,185.28121948242188,852500
2025-09-11,186.72391203839246,189.77281726720113,185.93524341379765,189.3111572265625,656700
2025-09-12,189.4361986767071,190.71538019555769,187.66647492308013,187.69532775878906,545800
2025-09-15,187.75304853491184,188.2339486990364,185.3100674826504,185.47357177734375,941800
2025-09-16,185.15617700857356,186.24301608224647,184.56947821781765,184.93496704101562,1052000
2025-09-17,185.04076389781787,187.80112613365222,184.5791038511767,185.18502807617188,781000
2025-09-18,185.53127364561726,186.87780288310802,184.82916352964256,186.2333984375,727600
2025-09-19,185.98333151177212,187.67610954336806,185.36777986643963,185.58900451660156,1878900
2025-09-22,186.1179851480891,186.54117966092795,184.3578887020051,185.6370849609375,1079500
2025-09-23,185.48320495015804,187.24328669087308,185.0696231646574,186.97398376464844,792500
2025-09-24,186.97397452679905,187.0413075929829,185.00229563062126,185.40625,1193200
2025-09-25,185.146557688368,186.51231235280443,183.70385723884826,184.25209045410156,926000
2025-09-26,184.8868878494199,187.83962213889174,184.8868878494199,187.4164276123047,695800
2025-09-29,186.33922363064215,187.43567555168843,185.40627602425337,186.1660919189453,787900
2025-09-30,186.17578552615774,187.62193343419216,184.48697895155414,187.48605346679688,944100
2025-10-01,186.76782124908812,188.1072200698855,185.6225493604337,185.739013671875,792300
2025-10-02,185.23434031726427,185.82639196535442,183.6717131680301,184.50640869140625,555500
2025-10-03,184.79756534483982,186.9619593268571,184.6519849468595,185.07904052734375,519100
2025-10-06,185.3799131766939,185.3993288326728,181.8276034326718,182.060546875,964100
2025-10-07,182.45849099927855,184.17639894695196,180.94438080042787,182.0023193359375,722500
2025-10-08,180.96377794205964,181.9343533290482,180.27467771078858,180.93466186523438,583600
2025-10-09,181.54612669599877,182.00229830663187,179.55644421703818,180.38143920898438,403600
2025-10-10,181.4393865323467,181.69173083108439,178.25590007374885,179.1002960205078,742300
2025-10-13,178.85764061669792,180.07085991478698,178.41118420849244,179.24586486816406,490100
2025-10-14,179.24586491315682,180.4979155225903,178.3432368638588,179.96409606933594,606700
2025-10-15,180.0708556658811,181.75966222050255,177.88706098084904,178.58587646484375,889700
2025-10-16,178.73145781213498,180.30380006446129,177.72206589084152,179.0323486328125,993600
2025-10-17,179.09057507526907,181.555830049083,178.9546951130873,181.5170135498047,762800
2025-10-20,182.47787138822466,183.54551022737311,181.28406782067134,181.54612731933594,502200
2025-10-21,181.95376675344667,183.76873796573278,181.21613479990583,181.6140594482422,864200
2025-10-22,182.58464153132485,184.8363835929736,180.82790240743455,183.7493438720703,866600
2025-10-23,183.7105282889188,184.43845990929748,181.69172948455844,183.4775848388672,560400
2025-10-24,183.93374217098398,185.20520840905874,183.2931736504262,183.85609436035156,642700
2025-10-27,183.32228870539586,183.95315679978196,180.93466667363782,182.82728576660156,670300
2025-10-28,182.32260388697514,182.32260388697514,178.37235470368947,178.7023468017578,587100
2025-10-29,177.02325352172073,177.02325352172073,170.43305281486064,171.1027374267578,1636600
2025-10-30,166.45367567716278,170.2680297661897,161.82402702324504,169.56922912597656,1574200
2025-10-31,169.21983010655885,171.5006734537079,168.22013861048228,168.80247497558594,1273500
2025-11-03,166.9389589254304,170.5397999627522,166.23044307208517,170.2097930908203,1256000
2025-11-04,170.151569797935,170.9668495738008,167.86101127778446,170.87950134277344,1283200
2025-11-05,171.37451455863402,173.07302159854666,170.15158001162104,172.5100860595703,1021200
2025-11-06,172.17037999352468,173.72330665107063,169.87982131903783,170.08364868164062,910600
2025-11-07,170.73392797749926,172.44213540809037,170.07392898194433,172.16067504882812,910900
2025-11-10,172.422736906216,172.422736906216,169.57895771324993,171.54922485351562,741700
2025-11-11,172.62655320151384,173.87858903798082,172.08303330941013,173.5777130126953,823300
2025-11-12,172.31595591304233,173.8203507966296,172.23832291100686,172.8109588623047,1120300
2025-11-13,171.38422140752576,173.0924289344698,171.14157753558337,171.77244567871094,1435500
2025-11-14,172.84977626998932,173.47094395817197,171.21921664218712,172.47125244140625,836800
2025-11-17,173.5000693386297,173.94654058054473,171.67539748728043,172.28684997558594,1209200
2025-11-18,172.16068799675244,173.00508394785058,170.830989482838,172.18980407714844,744200
2025-11-19,172.6168522365241,172.98566084226172,171.11245730501247,171.7627410888672,824500
2025-11-20,173.02449169868825,174.1018310535344,171.4909806920726,171.83067321777344,1263300
2025-11-21,172.607125330566,176.22738223035964,172.607125330566,175.36355590820312,1284400
2025-11-24,174.88798894443983,175.6450365943765,173.42241056817838,175.1015167236328,1858600
2025-11-25,177.42118964447573,178.19765294202773,176.22738602525033,176.29531860351562,824900
2025-11-26,175.67415877396755,177.47942972724147,174.78123112533186,176.5185546875,608700
2025-11-28,176.64473423339555,177.21737020210637,175.722690505677,176.5865020751953,478200
2025-12-01,175.29563530537837,176.77091415875023,173.9271203455362,174.36387634277344,1054500
2025-12-02,174.8491595352061,176.30502269473257,172.9565403897829,175.79061889648438,1048200
2025-12-03,176.07208438171716,177.0329445358717,174.8006329952425,176.17884826660156,836200
2025-12-04,173.97565945872714,176.40209822384188,173.59713560376153,174.14065551757812,1130900
2025-12-05,173.41271320893034,175.0238720041017,172.3159582155007,172.78184509277344,1549700
2025-12-08,172.10245076068233,172.78185063289868,169.07424520053635,172.3839111328125,1298000
2025-12-09,173.17975596680006,175.01415763146207,169.88950605857033,170.21951293945312,1052500
2025-12-10,170.25834797532002,172.33537889854938,169.70512765590334,171.15127563476562,1311400
2025-12-11,172.1315565433734,173.29624408461692,170.0836418161797,170.88922119140625,1388300
2025-12-12,171.79185717151898,171.79185717151898,170.1904135794358,171.69479370117188,1176800
2025-12-15,172.18980039505718,172.83038376968508,171.2483409895665,172.55860900878906,873000
2025-12-16,172.72361845290644,172.8983149301096,170.7727522652993,171.73362731933594,1022900
2025-12-17,172.17037621030798,177.16883378790152,171.80155280503882,175.92649841308594,1148100
2025-12-18,176.3438405693162,177.55705977648051,175.09179005403195,175.89736938476562,1123600
2025-12-19,175.41208839427682,175.84884436355827,173.6456488623503,173.8591766357422,2031400
2025-12-22,173.42242340097823,177.76089707500776,173.12154736525292,177.14944458007812,1200700
2025-12-23,177.56677003347679,177.56677003347679,174.51916380867482,176.29531860351562,722300
2025-12-24,176.4020913300209,178.12971447848227,176.38267567391284,177.68325805664062,241900
2025-12-26,177.57649370683626,178.18794617951093,176.59620300828024,177.8191375732422,353700
2025-12-29,178.34323491732127,178.70234308658837,177.44060687787504,178.4888153076172,587400
2025-12-30,180.09997739975114,180.17762521261199,178.3044217104394,179.55645751953125,623800
2025-12-31,179.67402473943875,179.67402473943875,177.35179878831866,177.65554809570312,729000
2026-01-02,177.332191977702,178.05728203890345,174.9903650321992,176.84226989746094,979800
2026-01-05,175.71546750038365,177.3420125099281,175.38232405059352,176.6463165283203,1759200
2026-01-06,175.78404020611654,180.4971032788535,175.65667062934332,180.0365753173828,738600
2026-01-07,180.5852894627484,183.00550583837565,175.75464977107134,175.8820343017578,1279700
2026-01-08,174.92178914965837,181.64352089742954,174.92178914965837,180.36972045898438,758000
2026-01-09,180.20315508680054,180.5852937366681,174.42206518603223,175.75465393066406,1145600
2026-01-12,175.5390792722483,176.17598696146186,174.36326924377764,174.79440307617188,1086900
2026-01-13,175.32352440153093,176.03882146861793,171.47274367725814,175.20594787597656,932800
2026-01-14,175.27453293667435,178.86075129778112,174.69641350346546,176.5287322998047,1094300
2026-01-15,176.61692070130675,178.27285982573872,176.1955948631897,177.1558380126953,898600
2026-01-16,176.51892877417086,179.31149075827784,174.5690483614922,178.74317932128906,1642400
2026-01-20,175.48029518986172,176.96966256869652,173.06988681681563,174.66702270507812,1143200
2026-01-21,175.24513707468392,175.960419137702,173.60878414165418,175.35292053222656,931400
2026-01-22,175.48030567913452,175.7938630202577,170.9534299631365,172.21742248535156,2148800
2026-01-23,171.8352688679007,175.22553630541083,171.55112063456568,175.166748046875,1198800
2026-01-26,175.9310417715357,176.3719687030459,173.49122415536488,174.18692016601562,1047400
2026-01-27,174.07913025644396,175.41171901315988,172.40359003722372,172.4819793701172,1168800
2026-01-28,172.6093633260894,173.15807370326692,168.60180400948394,169.48365783691406,1125500
2026-01-29,171.07099006176026,172.10962248982182,169.30726756541256,171.27676391601562,1968200
2026-01-30,171.25716389314493,174.15750923278347,170.27731971709937,174.0889129638672,1341600
2026-02-02,174.1966936625981,174.4024675148526,171.60011261769262,171.78628540039062,1127200
2026-02-03,171.08080283442945,173.79496049614553,169.75800718753868,170.77703857421875,1387800
2026-02-04,172.77592429226806,176.509128187814,171.29636497799555,174.22608947753906,1404200
2026-02-05,173.43242186119645,177.71433619280904,165.42709661237313,166.27955627441406,1771100
2026-02-06,166.12276945714368,170.43409265790137,166.11297639815643,170.32630920410156,1804000
2026-02-09,169.16029624194925,170.28711105250002,168.29802859136302,169.96377563476562,839100
2026-02-10,170.10095447986453,174.41226286225756,170.10095447986453,173.85374450683594,1128900
2026-02-11,173.45202350628244,177.52816399268752,172.17822306311515,176.20538330078125,1479400
2026-02-12,176.6855019184223,177.35178875483106,170.24791876327015,171.72747802734375,1896200
2026-02-13,171.73729331904678,174.02033204866143,170.7182470009106,172.6387481689453,979000
2026-02-17,174.1281238912792,174.3926710672727,170.0421603138766,174.06932067871094,1186900
2026-02-18,174.30448235899868,175.0687596310908,172.96210060310995,174.47105407714844,678100
2026-02-19,173.14828488073093,175.30393925149772,172.06065715962433,173.99095153808594,532700
2026-02-20,174.62783550422287,175.5978866501346,173.3834291768639,173.82435607910156,681500
2026-02-23,174.90217897168256,176.0779889493124,171.81567591149982,172.80531311035156,960200
2026-02-24,172.6289567286113,174.12813222046734,171.5707380715461,174.00074768066406,639500
2026-02-25,173.78517227375923,175.2451455508638,172.66815045576047,174.6768341064453,740300
2026-02-26,175.61748064000358,176.54832968672008,174.7356267960062,176.04861450195312,1470400
2026-02-27,174.81401511999152,175.6272876364722,171.18859440827555,173.6577911376953,2092200
2026-03-02,173.42264185339866,176.16619383454523,173.00130104478455,175.40191650390625,1303600
2026-03-03,172.65835923950397,174.43187491277538,170.855434484043,173.74598693847656,1051900
2026-03-04,171.7373081074866,174.53966329682072,171.7373081074866,174.51026916503906,592200
2026-03-05,172.6975345807884,175.71545641186617,172.59954418351077,175.67625427246094,661800
2026-03-06,174.3142821955779,174.6180464653224,171.45313884372217,174.3044891357422,772800
2026-03-09,172.97188992828762,173.73616718387984,169.53264227812267,173.1482696533203,1108100
2026-03-10,172.33500765290808,173.5010246767498,169.57183975258704,170.93382263183594,841000
2026-03-11,170.3263235522819,170.3263235522819,166.53433118311384,168.35684204101562,1119300
2026-03-12,167.80811147469046,170.3753134327588,167.10262245810148,167.59254455566406,1064000
2026-03-13,169.65021524029487,170.00295973173576,165.28010376029005,165.55447387695312,945600
2026-03-16,166.88705880486899,168.20004634610464,165.71123389206141,165.7308349609375,1053400
2026-03-17,167.4357836150698,167.98449398121224,166.38734313236208,167.1320343017578,853600
2026-03-18,165.51527686407772,166.1619776102859,162.00743291034829,162.7619171142578,1651200
2026-03-19,162.07602605871872,163.68296988272053,161.84085807792505,161.90945434570312,1028800
2026-03-20,161.19417251138228,161.87026743744886,157.48056937490847,158.11746215820312,1646900
2026-03-23,160.6944538550848,162.30139779558615,158.81315472605166,159.9791717529297,858400
2026-03-24,158.83274158773153,161.52731298143854,157.78430117795088,160.2633056640625,898800
2026-03-25,161.21376916736892,161.59590781712686,159.31286897838555,160.35150146484375,594300
2026-03-26,159.92038241200663,161.8702628493951,159.71460854637837,160.11634826660156,1133900
2026-03-27,160.11635720924434,160.93942281525375,157.11803610789784,157.56875610351562,840200
2026-03-30,159.04832584237326,160.85123567414195,157.6863279816365,158.3036346435547,1061000
2026-03-31,160.39413621024696,161.90009564712645,158.62068245748986,161.8406524658203,1878100
2026-04-01,161.39479232495606,164.3175463172763,161.28580812404448,163.37631225585938,1385800
2026-04-02,163.1187235539431,165.8234940837946,162.39547299686438,164.48597717285156,1108000
2026-04-06,163.99058955195113,165.72441944748155,163.61409593694094,164.9318084716797,673500
2026-04-07,164.99125161788265,167.04213195046268,164.63457743472947,166.18016052246094,889500
2026-04-08,168.58771937034294,169.33078934452345,166.328787858258,166.94305419921875,932700
2026-04-09,166.1801655859079,168.2013243912922,165.87303241396162,166.9529571533203,915400
2026-04-10,167.47805959277602,169.2416262573932,166.9727774477201,168.2112274169922,717500
2026-04-13,167.55731802108647,168.28058366989583,166.14053854815853,167.9833526611328,1025300
2026-04-14,167.68612247043185,169.66764238145618,167.68612247043185,169.41995239257812,740300
2026-04-15,169.41996163967536,169.74691425697543,167.93382162529227,169.707275390625,627600
2026-04-16,169.78653477884436,170.73767102180494,167.36907798254234,168.0626220703125,773900
2026-04-17,168.65706381819766,173.1749268185675,168.21122485959748,172.2832489013672,999400
2026-04-20,171.45101000327003,174.74032513058913,171.16368115577174,174.7304229736328,748500
2026-04-21,174.3836595221313,174.6214473609448,170.53952106033032,170.54942321777344,690500
2026-04-22,171.153778017795,172.50121212817518,168.5777961510163,169.72708129882812,625900
2026-04-23,170.35127006636048,172.09500215483413,169.05337693665481,171.7482452392578,605500
2026-04-24,171.54017302929105,172.29314513084773,170.4305267495661,170.78720092773438,623400
2026-04-27,170.8070136262827,173.0758624347788,170.56924090769618,172.66964721679688,1310200
2026-04-28,176.20667070783014,182.08187020663172,174.98802503227822,181.80445861816406,1683800
2026-04-29,182.1512280496363,184.4795049278613,180.98212341403854,182.66641235351562,1693000
2026-04-30,183.45901400147417,184.38042859550657,180.24894639325984,181.30906677246094,1436600
2026-05-01,181.31897652477318,183.49866055129783,180.50656121126642,181.75491333007812,744700
2026-05-04,181.07129254156584,183.35004356995765,180.32822253999012,180.75425720214844,651700
2026-05-05,180.87313756565393,184.75691483094008,180.32821655901233,183.5382843017578,747700
2026-05-06,183.96429792840115,186.1836056306867,183.34012944791215,184.71728515625,937200
2026-05-07,184.35071466352338,185.26221202074484,183.38967628429913,184.0732879638672,1560200
2026-05-08,184.35070705454254,184.35070705454254,181.56665895798818,182.37908935546875,2001200
2026-05-11,183.25097392312657,185.64861127852228,182.92402131314566,185.5396270751953,714900
2026-05-12,186.27277383311957,186.27277383311957,183.49865805133223,185.29193115234375,845200
2026-05-13,184.50922065067533,185.11358482290603,183.08252390850464,184.7371063232422,948600
2026-05-14,185.45043596582062,185.84674900748354,181.4973135306366,181.8440704345703,1172900
2026-05-15,182.1214970743128,182.9339123533619,178.68355891750758,179.1690216064453,997300
2026-05-18,179.59506385716486,183.69680952510762,179.59506385716486,183.5382843017578,599600
2026-05-19,182.8843824826448,184.39034189677878,181.54686557006463,183.3995819091797,858100
2026-05-20,184.44978166210558,185.64860787673524,183.4590216928504,184.96498107910156,915800
2026-05-21,183.34013024063592,184.1228239427717,178.8321694822065,182.4088134765625,2509700
2026-05-22,183.40948398751192,184.89562396826935,181.88372025909862,183.93458557128906,1311900
2026-05-26,183.91477959639792,185.4702649009632,183.3698585848123,183.3797607421875,1027500
2026-05-27,184.42006679517087,186.35204578208604,183.9445062255759,184.5092315673828,877000
2026-05-28,183.53827922667338,184.67764711267566,183.0428992557512,183.12216186523438,799500
2026-05-29,181.90353297531658,182.11158409897396,179.57524104431286,180.82359313964844,1769100
2026-06-01,181.82427037257204,184.2417270709564,180.89295360013244,181.18026733398438,1276600
2026-06-02,180.93257490607584,181.87380894071737,179.80310918230288,181.68556213378906,895900
2026-06-03,181.19018129289816,183.04289752897412,180.5858171293626,181.497314453125,758200
2026-06-04,183.91477623330934,187.55086347278518,182.8249342300671,187.44187927246094,1693400
2026-06-05,187.02576104623515,189.12616731435185,186.60964367903074,187.96697998046875,874700
2026-06-08,188.5713484524889,188.6307916323294,184.9748848941652,185.87648010253906,1687000
2026-06-09,185.5099004184968,187.22391091692052,183.71661219131212,185.12350463867188,1293900
2026-06-10,186.18361838291108,186.93659054453616,183.87514575641305,184.86590576171875,1232600
2026-06-11,184.93526036302464,186.12416930818742,182.41872156326252,182.65650939941406,875200
2026-06-12,183.07262419648058,185.32165353862823,183.07262419648058,185.3018341064453,1077100
2026-06-15,184.8758119908507,185.43063514182361,181.99269691940546,182.775390625,1146400
2026-06-16,184.15255231833672,185.0640496841846,182.2205733843223,183.02308654785156,899900
2026-06-17,182.94381891317755,183.40947729959206,177.4252938471163,177.97021484375,1264600
2026-06-18,179.57524373875083,180.5561015469585,175.55276069785037,175.6815643310547,2822000
2026-06-22,175.54284750012528,179.03032689251415,174.50256160647254,178.22781372070312,1364100
2026-06-23,179.64460918795524,180.78397713279028,178.5151282828453,180.5561065673828,1511700
2026-06-24,181.05147976883038,182.61688231316057,179.62478301360298,181.90353393554688,1113000
2026-06-25,183.19151061400598,185.76749255792814,182.7952126770013,184.41015625,898100
2026-06-26,185.7476755257012,188.5416259064145,185.0244249783141,188.36328125,1437300
2026-06-29,187.74901489957708,190.95908265477902,187.50132490630585,190.86000061035156,1138500
2026-06-30,188.52999877929688,190.58999633789062,187.0,188.69000244140625,1377300
2026-07-01,189.75999450683594,193.08999633789062,189.50999450683594,190.42999267578125,919800
2026-07-02,190.60000610351562,193.99000549316406,190.52000427246094,193.9600067138672,659200
2026-07-06,193.94000244140625,195.10000610351562,192.0,194.35000610351562,1015200
2026-07-07,195.7899932861328,198.6300048828125,194.9600067138672,195.38999938964844,722900
2026-07-08,194.38999938964844,195.97999572753906,188.85000610351562,189.1199951171875,815700
2026-07-09,190.02000427246094,190.77000427246094,188.8699951171875,189.4600067138672,705700
2026-07-10,190.25,192.13999938964844,189.64999389648438,191.83999633789062,924300
2026-07-13,193.38999938964844,195.92999267578125,192.8699951171875,194.52999877929688,1074800
2026-07-14,193.69000244140625,194.52000427246094,191.61000061035156,191.75,685200
2026-07-15,193.1300048828125,193.58999633789062,189.8800048828125,190.2899932861328,1138500
2026-07-16,191.25,195.72999572753906,190.61000061035156,195.5,745200
2026-07-17,195.5,197.22000122070312,191.0500030517578,192.52999877929688,1014100
2026-07-20,192.47999572753906,193.24000549316406,191.25,191.83999633789062,776700
2026-07-21,191.97000122070312,192.0800018310547,190.24000549316406,190.64999389648438,613400
2026-07-22,191.25,191.72000122070312,189.52000427246094,190.27000427246094,621300
2026-07-23,189.67999267578125,192.9600067138672,189.58999633789062,190.8000030517578,950800
2026-07-24,191.89999389648438,192.4199981689453,188.5,189.61000061035156,711800
2026-07-27,188.9600067138672,190.3000030517578,187.47000122070312,187.55999755859375,539700
2026-07-28,189.38999938964844,191.99000549316406,188.6300048828125,190.38999938964844,965000
2026-07-29,192.00999450683594,192.85000610351562,190.82000732421875,192.4499969482422,557700
2026-07-30,190.72000122070312,191.85000610351562,186.1199951171875,187.77999877929688,647700
2026-07-31,186.67999267578125,187.24000549316406,185.10000610351562,185.61000061035156,729900
2026-08-03,185.60000610351562,189.22000122070312,184.97000122070312,188.77999877929688,606300
2026-08-04,187.14999389648438,189.57000732421875,186.47999572753906,189.25,452000
2026-08-05,190.02000427246094,190.52000427246094,188.22999572753906,189.61000061035156,591600
2026-08-06,191.69000244140625,191.69000244140625,185.92999267578125,186.5500030517578,642300
2026-08-07,187.05999755859375,188.41000366210938,185.5500030517578,187.5500030517578,666100
2026-08-10,186.39999389648438,186.39999389648438,183.0800018310547,183.83999633789062,451300
2026-08-11,183.22000122070312,184.1300048828125,181.7100067138672,181.75999450683594,554800
2026-08-12,181.08999633789062,182.08999633789062,179.4600067138672,179.7899932861328,3706000
2026-08-13,180.27000427246094,186.0,180.27000427246094,183.91000366210938,1745300
2026-08-14,184.5500030517578,185.6199951171875,182.8000030517578,184.05999755859375,2468994
