Date,Open,High,Low,Close,Volume
2015-01-02,33.27466326870388,33.46452097180719,32.949195641623255,33.13905334472656,3964594
2015-01-05,32.77290536867056,32.85879135077012,32.16264949748705,32.31634521484375,6754997
2015-01-06,32.420293871024654,32.56494502684713,32.05414057331255,32.14455032348633,6930076
2015-01-07,32.415782592676344,32.47906848370375,32.054149836694634,32.29825210571289,6065359
2015-01-08,32.67345596118209,33.206860774939834,32.65537336593169,33.13453674316406,5669175
2015-01-09,33.10287978584337,33.20684832031271,32.673443706614776,32.71864700317383,4221229
2015-01-12,32.85427762961061,32.95824940431595,32.6056577543076,32.87236022949219,4674299
2015-01-13,33.06221258360997,33.41028352657908,32.366070697671745,32.5333251953125,5311653
2015-01-14,32.311825326216265,32.43387650332518,32.094846866739594,32.424835205078125,4985428
2015-01-15,32.60111122043793,32.68700032706938,32.19427526840907,32.311805725097656,3731891
2015-01-16,32.29824049902792,32.57850467308389,32.02249697089309,32.55138397216797,4149246
2015-01-20,32.82714050809989,32.83618180352478,32.289212001827856,32.46098709106445,5047102
2015-01-21,32.470014568908546,32.58302436440426,32.243994977917126,32.2575569152832,5576205
2015-01-22,32.492623148932516,32.677960132958916,32.11290788781335,32.664398193359375,5022616
2015-01-23,32.596599437642624,32.63728209152447,32.266611209753265,32.28921127319336,3247156
2015-01-26,32.2846836090614,32.34796948724133,31.9637367461452,32.040584564208984,8382073
2015-01-27,31.918531534627867,32.12646856856098,31.66086739077829,31.941131591796875,5441812
2015-01-28,32.12196216778841,32.1626448284237,31.715126037597653,31.715126037597656,8207178
2015-01-29,32.22139509991172,32.50165929490337,31.764835224659183,32.2666015625,9036917
2015-01-30,32.11291863382433,32.488113373962484,31.733206420252625,31.782930374145508,10089048
2015-02-02,31.81004258973841,31.895931705053435,31.276638008941458,31.886890411376953,5441996
2015-02-03,31.936618987749664,32.05414947338099,31.475538340213262,31.84621238708496,5848305
2015-02-04,31.66992164305384,31.977309847994174,31.597594446371556,31.67444229125977,4705964
2015-02-05,32.09482319072268,32.46549392311986,31.959210166283498,32.2575569152832,6125928
2015-02-06,32.189757484119184,32.36605318482706,32.01346178341131,32.081268310546875,5213896
2015-02-09,31.923054160416577,32.049622742400196,31.339922490441324,31.516218185424805,6066279
2015-02-10,31.71058661979739,31.80099635888898,31.493608325354742,31.74675178527832,3660644
2015-02-11,31.715114634769456,31.90045162709171,31.199789478422463,31.502656936645508,5275754
2015-02-12,31.561430303978764,31.701560865061825,31.44842045568727,31.6789608001709,3860761
2015-02-13,31.529780530314643,31.855251252025763,31.40773258111121,31.8190860748291,3999020
2015-02-17,31.611145069499216,31.67895159369076,31.394166731775368,31.54785919189453,5919551
2015-02-18,31.190751924776087,31.190751924776087,30.679947353918276,30.91952896118164,10539909
2015-02-19,30.824602787201197,30.847202849761384,30.440366802946436,30.476531982421875,10845147
2015-02-20,30.422282020127565,30.7206288562329,29.807508934094447,30.69350814819336,19788541
2015-02-23,30.756788418082404,31.235951527217413,30.71158512986108,31.028011322021484,7395665
2015-02-24,31.028013081451544,31.249512063446065,30.969247851048223,31.217870712280273,8988130
2015-02-25,31.190755911843244,31.276645046484145,31.018980817173706,31.127470016479492,5560556
2015-02-26,31.055140233894875,31.258556651171087,30.97829240923345,31.04157829284668,4364643
2015-02-27,31.08677182042272,31.389639202274783,31.023485956694948,31.258546829223633,6061124
2015-03-02,31.258554836287004,31.656349528322853,31.217872190116143,31.62470817565918,6627784
2015-03-03,31.529773682638176,31.55237691347709,31.244988847123235,31.38060188293457,4455772
2015-03-04,31.380617914809232,31.461983238175467,31.136515595485143,31.303770065307617,4009882
2015-03-05,31.416760434797663,31.471005008255485,31.17266144154284,31.28567123413086,3744594
2015-03-06,31.14554240403296,31.154583696781724,30.54884882872696,30.616655349731445,7265875
2015-03-09,30.798873662013506,30.94464719456325,30.61665834591299,30.839874267578125,5373327
2015-03-10,30.689545112187865,31.022086384505293,30.62576959159402,30.839874267578125,6968369
2015-03-11,30.971987877591324,30.971987877591324,30.470897993558346,30.525562286376953,6679332
2015-03-12,30.58933297076286,30.712328409868615,30.489115649704058,30.5210018157959,6117275
2015-03-13,30.51644716981968,30.735104313379814,30.411674221794954,30.684995651245117,7141423
2015-03-16,30.867200275311504,31.195185876652552,30.862644653139583,31.17241096496582,5460774
2015-03-17,31.026633977636887,31.36828640721552,30.953747230225144,31.190629959106445,6266028
2015-03-18,31.10864529792146,31.377411095250128,30.762437098336715,31.22708511352539,8128751
2015-03-19,31.19519083344761,31.268077600606897,30.862649557095125,30.96742248535156,8700198
2015-03-20,31.14508697954984,31.304524207948212,30.894543677544924,31.058536529541016,12609561
2015-03-23,31.05853234325479,31.518624671218475,31.00386806662413,31.35918426513672,7451448
2015-03-24,31.277186688889348,31.391070855081608,31.158746900115545,31.204299926757812,7361054
2015-03-25,31.18608727600551,31.422963704817658,30.99931630791289,31.040313720703125,6207852
2015-03-26,30.97654358224349,31.268087544423484,30.885437493701044,30.985654830932617,6112488
2015-03-27,31.14964271126932,31.258971279646197,30.976538611476947,31.22708511352539,3893163
2015-03-30,31.345514850856276,31.3637341402786,31.1086352958104,31.322736740112305,4841278
2015-03-31,31.195188681594725,31.35007345102088,31.113193873473268,31.204299926757812,5482130
2015-04-01,31.06764773009816,31.11775639042392,30.6303302595912,30.766992568969727,7211197
2015-04-02,30.748763647184056,31.090416150040785,30.571103961797775,30.976531982421875,4774634
2015-04-06,31.044867885648888,31.354634276732064,30.86720817300652,31.263525009155273,4122367
2015-04-07,31.254411540045652,31.728170740070613,31.2316366241512,31.58695602416992,5838363
2015-04-08,31.58698270158209,31.750975671054213,31.49587336353569,31.659866333007812,5346632
2015-04-09,31.655296449130283,31.978729814720584,31.550523476864655,31.955951690673828,6593910
2015-04-10,31.89216748929432,32.15637763417205,31.810169472374447,32.14726638793945,4562366
2015-04-13,32.1700561351116,32.1700561351116,31.805625349083098,31.82840347290039,5710782
2015-04-14,31.67352170678098,31.93317954682842,31.586971226215173,31.878515243530273,6542362
2015-04-15,32.001485085445054,32.11992485939734,31.892159754688446,31.978710174560547,5051336
2015-04-16,31.914954266564393,32.02883848844872,31.823848168726823,31.955951690673828,5277779
2015-04-17,31.773720446833572,31.97415824094084,31.70538930795216,31.846607208251953,4423187
2015-04-20,31.919498550424944,32.19737556919246,31.914942927234197,32.051605224609375,4399438
2015-04-21,32.097159909446454,32.16093543822595,31.823838499801305,31.910388946533203,7221875
2015-04-22,32.02427293367933,32.09260408545702,31.773726443552384,32.06071472167969,4915286
2015-04-23,32.12449699799975,32.83058038272993,31.89672857701252,32.57548141479492,8504131
2015-04-24,32.52081642333555,32.52537204759142,32.174608174935884,32.40692901611328,5532021
2015-04-27,32.397823452066184,32.54359384191312,32.02883705408164,32.05616760253906,5341846
2015-04-28,31.89215524109435,32.05159239141233,31.69171749847597,31.992372512817383,4016326
2015-04-29,31.919497139608517,31.98327266228653,31.641620133122945,31.77372360229492,3677582
2015-04-30,31.641616060191907,31.641616060191907,31.19974308131338,31.313627243041992,4471605
2015-05-01,31.39107298208544,31.67350560541246,31.336408706576123,31.627952575683594,3735941
2015-05-04,31.66439877651735,31.9422790148892,31.627956987485646,31.860280990600582,3681632
2015-05-05,31.805612786112412,31.887610800291387,31.614286219143757,31.72817039489746,4530517
2015-05-06,31.869380295100186,31.88304716055581,31.286292694052943,31.39106559753418,4594952
2015-05-07,31.536850148008646,31.773726569712107,31.240750621912134,31.5824031829834,4856006
2015-05-08,31.85572349694603,31.91949902338786,31.541404687168768,31.700841903686523,3635423
2015-05-11,31.614292695914983,31.655290111816832,31.4502998331335,31.555072784423828,5230281
2015-05-12,31.504949758928333,31.609722662457045,31.236184067375643,31.268070220947266,6034982
2015-05-13,31.249866975848605,31.37286244239451,30.94921494559705,31.02209854125977,5204323
2015-05-14,31.20431310477596,31.48219020373569,31.085873265983352,31.45030403137207,4589613
2015-05-15,31.523174950333505,31.71449828652061,31.45028819412404,31.59606170654297,6252772
2015-05-18,31.627950630008076,31.65528116649474,30.735096586051004,31.090415954589844,13369894
2015-05-19,31.14964311418279,31.45485390436751,31.03120329704687,31.1951961517334,9495326
2015-05-20,31.208866116038273,31.277197278723833,30.894547246528653,30.953763961791992,8035045
2015-05-21,30.921874173537883,30.98564970463627,30.60299651804595,30.766992568969727,9988898
2015-05-22,30.74877030773678,31.01298048214139,30.662216658027784,30.689550399780273,6295484
2015-05-26,30.703215749682705,30.794321819330012,30.57110906943774,30.621217727661133,6649508
2015-05-27,30.69866185508218,30.725992397846,30.39345106598035,30.53922462463379,10562553
2015-05-28,30.686127417618373,30.87435837347702,30.663174467604534,30.828449249267575,8872331
2015-05-29,30.851404551269596,30.924861090113794,30.37853634442648,30.580537796020508,11771538
2015-06-01,30.663180619482816,30.72286346018364,30.314266046798377,30.4611759185791,8751930
2015-06-02,30.369359059204573,30.566769309314587,30.309676215737756,30.470359802246097,8825386
2015-06-03,30.56676552330423,30.58972170032602,30.20407727145298,30.25457763671875,12395821
2015-06-04,30.121436826218464,30.22243754113681,29.90565846811624,30.12602806091309,10515056
2015-06-05,30.070942221010785,30.116851352557266,29.823028396804595,29.85057258605957,7974660
2015-06-08,29.887297593116205,29.91025054305244,29.62561010489808,29.63020133972168,6931549
2015-06-09,29.611845743685173,29.63020746259213,29.38688486338753,29.419023513793945,9781417
2015-06-10,29.52001342377377,30.369346591547988,29.451148136632447,30.309663772583008,17805232
2015-06-11,30.314265237706746,31.40232682437938,30.263761645691947,31.33805274963379,23528532
2015-06-12,31.2737786748882,31.47119213476267,31.12686880702852,31.33805274963379,18214118
2015-06-15,31.19573104736672,31.310508714694215,30.934046735636013,31.191143035888672,11330066
2015-06-16,31.1911395367181,31.4665975245278,30.92026955987174,31.149818420410156,17176530
2015-06-17,31.255413230934423,31.42528249843992,30.934046086544225,31.287551879882812,11603639
2015-06-18,31.305918597643483,31.911926260463243,31.292144890170142,31.792560577392575,13697040
2015-06-19,31.8247080150371,32.10934859383033,31.682386113548805,31.866025924682617,14188219
2015-06-22,31.861433478295535,32.34807879812043,31.751250240633908,32.150665283203125,12785929
2015-06-23,32.127697411395104,32.5179297990104,31.92569275331622,32.44447326660156,12088742
2015-06-24,32.57302949658095,33.02753606011446,32.53630283332964,32.889808654785156,19227036
2015-06-25,32.7337112941228,33.3029955006186,32.66484598312729,33.21117401123047,17348664
2015-06-26,33.188217949683875,33.44071976744976,32.91275673149264,33.018348693847656,24021736
2015-06-29,32.66484781978142,32.99080945037278,32.412345964176886,32.435298919677734,12327336
2015-06-30,32.655667041147304,32.66484628840778,32.04506493202055,32.1047477722168,18308193
2015-07-01,31.737261555028535,32.91208912059244,31.6358384507694,32.84447479248047,24435200
2015-07-02,32.76840362232296,32.836017944170614,32.286639891498425,32.371158599853516,20257100
2015-07-06,32.24438166612451,32.46413225004996,31.906300372504575,32.15140914916992,17521500
2015-07-07,32.02462470786274,32.11759721567194,30.832892940143243,31.36536979675293,17082700
2015-07-08,31.2555073189955,31.399193049383776,30.76529281197374,30.84981155395508,7799300
2015-07-09,31.340017894543333,31.348468475996743,31.04419595675929,31.289304733276367,10327200
2015-07-10,31.55976332968586,31.88094018361561,31.21323151135011,31.78796768188477,10109600
2015-07-13,31.889395028197093,31.889395028197093,31.51750819572364,31.779518127441406,8969100
2015-07-14,31.678098555204592,31.940111740244657,31.551320477939345,31.8893985748291,11631000
2015-07-15,31.914759862769863,31.95702245440632,31.72036419313782,31.864049911499023,12867400
2015-07-16,31.914742989071648,31.973909941243814,31.728801225749702,31.92319679260254,8280700
2015-07-17,31.897863907791972,31.973932071312134,31.50061869561069,31.57668685913086,8858100
2015-07-20,31.635829419765702,31.906293103369684,31.49214377424903,31.830224990844727,12162900
2015-07-21,31.821778709385207,32.02462488739531,31.77951613346639,31.990816116333008,7290900
2015-07-22,31.88939622377342,31.999273128648536,31.821781899053327,31.87249183654785,8715400
2015-07-23,31.948553728612993,32.29508553861701,31.91474496076344,32.09223937988281,10271800
2015-07-24,31.948550084354707,32.092235719234814,31.77105890966269,31.813318252563477,6612600
2015-07-27,31.779527952409175,32.03309060549565,31.695009217502395,31.864049911499023,8898000
2015-07-28,32.08379146190031,32.24438152655665,31.8471364919,32.193668365478516,8299900
2015-07-29,32.269731760715196,32.75994601582257,32.15985487325702,32.54019546508789,8413900
2015-07-30,31.965457896188596,33.867157548403746,31.872485397322365,33.816444396972656,14504000
2015-07-31,33.596692863204275,33.93477408106004,33.5713379003286,33.8756103515625,11660300
2015-08-03,33.74038797635072,33.86716928678014,33.29243293475004,33.393856048583984,6949200
2015-08-04,34.15452984422764,34.720815487197704,33.59669800629789,34.070011138916016,76058800
2015-08-05,34.28131264508091,36.715486287057416,34.146080776082215,35.6082763671875,40376600
2015-08-06,35.40541929188043,35.971704837425676,35.31244679752364,35.43922805786133,23178500
2015-08-07,35.44769404717652,36.09849856641201,35.04199835158481,35.3969841003418,11530500
2015-08-10,35.52375749756703,35.87874319941685,35.439238781222116,35.53221130371094,9214300
2015-08-11,35.2363875567787,35.481496335573325,35.06735013268246,35.29555130004883,6935500
2015-08-12,35.12651372930145,35.19412805382122,34.154532423895056,34.50106430053711,7711300
2015-08-13,34.492613719040456,34.687009335285296,34.239051135590316,34.50106430053711,4966900
2015-08-14,34.73771722298705,34.73771722298705,34.36583039961543,34.56867980957031,4402500
2015-08-17,34.441897319688394,34.4926104764474,34.20524236984346,34.450347900390625,6676300
2015-08-18,34.39119368442492,34.63630250701443,34.247511203434165,34.30667495727539,4176100
2015-08-19,34.21369872148151,34.298220663669774,33.858716236838056,33.92633056640625,6773900
2015-08-20,33.80799813242595,33.92632561002033,33.39384873666367,33.478370666503906,7850000
2015-08-21,33.17409681458817,33.30932867263577,32.126047496582835,32.354251861572266,15192700
2015-08-24,30.73991183076538,31.703438961754586,29.15938931281258,31.41607093811035,15628800
2015-08-25,32.1091479572848,32.1091479572848,31.170975484113875,31.24704360961914,10118100
2015-08-26,31.796434248789744,31.957024368588044,31.027302108009053,31.838693618774418,8622300
2015-08-27,32.092237553445884,32.76839675104748,31.897841985646757,32.61626052856445,9217800
2015-08-28,32.540206761513986,33.00506621327049,32.4049748623815,32.75150680541992,6382400
2015-08-31,32.666980705289,32.88673128271771,32.43032251707876,32.49794006347656,4810100
2015-09-01,31.838672149865552,32.109139028594,31.230130539224533,31.466785430908203,6330700
2015-09-02,31.90342346456495,31.928856994518767,31.369296696329503,31.708425521850582,3414100
2015-09-03,31.827103118713374,32.03905771609293,31.301453388609353,31.411670684814453,5842300
2015-09-04,30.996260489410993,31.123431385307025,30.445176904677428,30.640174865722656,8565000
2015-09-08,31.2251796813249,31.242133217619468,30.809746890295948,30.953874588012695,8096800
2015-09-09,31.403199364542495,31.589717243314688,30.73342194458362,30.784292221069336,4296900
2015-09-10,30.73343154125404,30.79277859859994,30.309522140685026,30.58082389831543,5880800
2015-09-11,30.43670333012649,30.691048382760933,30.419746562061153,30.538440704345703,3885200
2015-09-14,30.487556532279235,30.64016414127786,30.284081876395295,30.496036529541016,3269900
2015-09-15,30.45366045173884,30.85213646278636,30.428226913730935,30.733442306518555,3137800
2015-09-16,30.758865261449955,30.83516908339332,30.50452026636278,30.69951820373535,3037700
2015-09-17,30.733441432168593,31.267568354351305,30.623224046981314,30.81822204589844,3351200
2015-09-18,30.428226913730935,30.758875844526457,30.411270143667934,30.733442306518555,6928100
2015-09-21,30.89450758175382,31.114942221483936,30.445164773784946,30.47907829284668,4207200
2015-09-22,30.173868946355903,30.199302473503245,29.538004894297977,30.08060836791992,6022300
2015-09-23,30.165394477440262,30.50452005717354,29.953439777292445,30.3179988861084,4406300
2015-09-24,30.13995468207816,30.165391442773934,29.47865711907917,29.919523239135746,6047300
2015-09-25,30.122996066338175,30.13147606410561,29.03778921245715,29.207353591918945,3936200
2015-09-28,29.037794048604088,29.114097870361466,27.571067905198603,27.630414962768555,7741700
2015-09-29,27.588021927292296,28.189972442341062,27.316720195603505,27.715192794799805,9033800
2015-09-30,28.071280028535934,28.189974139022205,27.61345711594153,27.850845336914062,6117600
2015-10-01,27.715201454633785,27.85933236384991,27.393032568946477,27.749114990234375,5616100
2015-10-02,27.48628635252797,28.46127935164633,27.282811633831557,28.44432258605957,7624300
2015-10-05,28.68171468143403,28.7071482132701,28.07128404398918,28.23236846923828,7007100
2015-10-06,28.25780674620707,28.401934413214573,27.282813674173955,27.35911750793457,9273700
2015-10-07,27.44390081398955,27.93563739874793,27.34216343700168,27.901723861694336,7084700
2015-10-08,27.91867019712953,28.25779897258862,27.655845234440147,28.189971923828125,6958900
2015-10-09,28.13910250242524,28.384970710483984,28.10519221117408,28.15605926513672,4960200
2015-10-12,28.12215470315326,28.427370060898276,28.062807631833152,28.376502990722656,3747600
2015-10-13,28.266273535301604,28.427357912305453,28.037362114819437,28.06279563903809,6068300
2015-10-14,28.088235681780414,28.20692978757491,27.91019128891685,28.020408630371097,3246800
2015-10-15,28.113670237556057,28.639316968522657,27.94410583700078,28.57149314880371,4024800
2015-10-16,28.70714380839082,28.96996555482872,28.51214588116622,28.758010864257812,4708300
2015-10-19,28.70714164859359,28.902139561147425,28.639314600311387,28.842792510986328,4482500
2015-10-20,28.800409161354217,29.249752144876553,28.72410533073981,29.046274185180664,5599700
2015-10-21,29.241277635418623,30.25018104324563,29.173450565561662,30.182353973388672,12740800
2015-10-22,30.2247397733261,30.2332165378023,29.190399861948407,29.6058292388916,7132700
2015-10-23,29.783877293541465,30.207786721209747,29.707573467194287,30.012788772583008,4959200
2015-10-26,30.07213415236071,30.665604730576977,30.01278709453909,30.445173263549805,6671300
2015-10-27,30.563873586425863,31.352345496669592,30.563873586425863,31.0640869140625,5736100
2015-10-28,31.004741576380308,31.84408383662621,30.572355295399216,31.58125877380371,10065200
2015-10-29,31.53037238223932,32.01362872263249,31.445591816411888,31.8695011138916,6967200
2015-10-30,31.8779866274425,31.911900156751383,31.632121625383498,31.6999454498291,6100600
2015-11-02,31.801682907688896,32.098421438854785,31.708425553042424,32.022117614746094,3848400
2015-11-03,32.030590804048465,32.54776075036138,31.877983172868536,32.40363311767578,4684600
2015-11-04,32.344285002261145,32.8868884578867,31.759288023900325,31.852548599243164,5725000
2015-11-05,31.98820181463057,32.106895925002505,31.55581566482252,31.835594177246097,3445200
2015-11-06,31.750818506046947,32.19168472290039,31.58125407892294,32.19168472290039,2964400
2015-11-09,32.05601660511424,32.183187431502105,31.750801447110227,31.928842544555664,3454300
2015-11-10,31.86102404194116,32.276453338305906,31.750806720097533,32.20014953613281,3779100
2015-11-11,32.21712434472657,32.31038495898162,32.047559885551294,32.115386962890625,3579900
2015-11-12,31.78473700218679,32.047558832810545,31.666039620742083,31.759300231933594,2826100
2015-11-13,31.81015831067961,32.08993680253642,31.708420971292743,31.852548599243164,3127500
2015-11-16,31.69147606196296,32.18320941472244,31.64060575615767,32.15777587890625,3842300
2015-11-17,32.14081173354358,32.225592322921166,31.8355964371088,32.022117614746094,3157100
2015-11-18,32.140804074355415,32.35275873146252,32.02210998384286,32.27645492553711,3950400
2015-11-19,32.17473690594992,32.318864606881355,31.979738892480327,32.14082336425781,2783000
2015-11-20,32.31038169443165,32.69190088048513,32.21712108959938,32.47994613647461,6891900
2015-11-23,32.42058577413908,32.454496061305946,32.13232731110655,32.27645492553711,5250300
2015-11-24,31.971244412557063,32.60710847756817,31.971244412557063,32.25102615356445,6299500
2015-11-25,32.2849514220659,32.2849514220659,31.979736042385017,32.115386962890625,2677900
2015-11-27,32.08146310220255,32.11537662996074,31.92037869660916,31.945812225341797,1737200
2015-11-30,31.98819772781393,32.089935061681615,31.76776629873867,31.920373916625977,5449200
2015-12-01,32.11536221341575,32.251013029383024,31.894927616112323,32.166229248046875,3693900
2015-12-02,32.23853233856126,32.31506815605951,31.728295717909816,31.770814895629883,2976500
2015-12-03,31.864356260073308,32.0599470557689,31.31159726579943,31.354116439819336,6117100
2015-12-04,31.388145894896468,32.08547101441195,31.388145894896468,31.92389678955078,4767900
2015-12-07,31.889873641816607,32.12798366026035,31.753810310705084,32.08546447753906,3592500
2015-12-08,31.889859053091666,31.906867367200487,31.490171781544905,31.634740829467773,2260200
2015-12-09,31.388132282872395,31.889866309231163,31.16703063715724,31.26907730102539,2123700
2015-12-10,31.32861025581714,31.983416014182055,31.1840411497858,31.702783584594727,3727400
2015-12-11,31.371130555779043,32.655231258922015,31.073493038629685,31.328611373901367,3339600
2015-12-14,31.33711768691324,31.447670168314627,30.682315070320303,31.064990997314453,4524700
2015-12-15,31.286084029264888,31.80482634724366,31.26907571215028,31.685768127441406,3423400
2015-12-16,31.804834719471252,32.22152724445151,31.60073810437485,32.17050552368164,4320300
2015-12-17,32.13649599047639,32.17901518186024,31.77932764603806,31.92389678955078,2666700
2015-12-18,31.75381241731075,31.787829063346784,31.16703987121582,31.16703987121582,5620700
2015-12-21,31.2435718071744,31.41364852813663,30.91191441568482,31.192546844482425,2578400
2015-12-22,31.30309754107061,32.07695825617967,31.158528443607864,31.99191665649414,4051100
2015-12-23,32.0684494441395,32.60420011751796,31.94089192267179,32.434120178222656,4177100
2015-12-24,32.36609875169396,32.638225429294685,32.36609875169396,32.44263458251953,2762200
2015-12-28,32.332073512247476,32.57868926202542,32.19601020961224,32.434120178222656,2698700
2015-12-29,32.64672878674649,32.90184714788894,32.57019295400316,32.791297912597656,3281800
2015-12-30,32.723252800653555,32.867821874289916,32.30656038488804,32.357582092285156,2909400
2015-12-31,32.19601876719204,32.78279130751749,32.07696375124246,32.44263458251953,3521700
2016-01-04,32.025933400701746,32.05144425868785,31.337111039028855,31.60923767089844,6261000
2016-01-05,31.600734021613764,31.83034146743021,31.35411825640293,31.736797332763672,4345700
2016-01-06,31.28608858012603,31.91538018487906,31.25207194094877,31.81333351135254,10814700
2016-01-07,31.37112156080804,31.498682313871495,30.750332600175636,31.286083221435547,7258200
2016-01-08,31.354103742732693,31.430639522576783,30.70780412494107,30.784339904785156,5440500
2016-01-11,30.87790206020679,31.039476248177195,29.9679779475204,30.265615463256836,5010800
2016-01-12,30.43568787887404,30.80135858972537,29.72135477442084,30.17206382751465,5281800
2016-01-13,30.393165159460917,30.784346678515004,29.559773931556904,29.619304656982425,5592500
2016-01-14,29.738357670668545,30.231585804973097,29.5512694590336,30.02749252319336,11573500
2016-01-15,29.398206004538817,30.155058351422575,29.372695148263443,29.848915100097656,6550600
2016-01-19,30.146550753597204,30.189069921587254,29.69583848968983,30.07001495361328,6271000
2016-01-20,29.610806987965752,29.81490358303047,28.964507050937243,29.55978202819824,5797500
2016-01-21,29.5937975949448,30.13805083670849,29.398206788936303,29.976476669311523,3436500
2016-01-22,30.40166913100836,30.724820648274623,30.3676524988741,30.67379570007324,3005700
2016-01-25,30.639785274847732,31.03947267338117,30.55474692128988,30.65679359436035,3870000
2016-01-26,30.73332079914493,31.09048892082625,30.59725752517213,31.0734806060791,2262800
2016-01-27,30.9799469875344,31.6772719082767,30.894908629006977,31.039474487304688,6976800
2016-01-28,31.43064986666229,31.66025728176024,30.12103864455016,30.35915184020996,6941500
2016-01-29,30.308120684110737,31.15001436711565,30.29961814929434,31.124500274658203,8212200
2016-02-01,30.92892282361901,31.88136933251644,30.852387001368424,31.702783584594727,9933100
2016-02-02,31.889858283245538,32.561672076306905,30.92890964532258,32.27253723144531,9251800
2016-02-03,32.510656289047176,32.69774454840089,31.821833988339925,32.53616714477539,8133600
2016-02-04,32.59569265691262,32.757266790635306,32.12797208349651,32.561676025390625,6869800
2016-02-05,32.400107816573055,32.570187778309446,31.685774572484565,31.88136863708496,5029500
2016-02-08,31.532704785119375,31.592232282501858,30.223093354694154,30.614274978637695,6256000
2016-02-09,30.512240785011947,31.107519246346246,30.427199151103256,30.775861740112305,4552800
2016-02-10,31.0224594858607,31.85584754717329,30.945923682066443,31.38813018798828,3779900
2016-02-11,30.86088852599424,31.090495961067273,30.39317111855144,30.512226104736328,5006500
2016-02-12,30.707812689644083,31.15001918052291,30.43568611741167,31.133010864257812,3560900
2016-02-16,31.36262439627224,31.855852688321484,31.184038662594247,31.81333351135254,4289100
2016-02-17,32.03443741480794,32.79979562971137,32.03443741480794,32.49365234375,4610400
2016-02-18,32.43411931796632,32.60419925275057,32.23852852836617,32.37459182739258,3962900
2016-02-19,32.29806235655959,32.34058153759765,31.770817374875328,32.017433166503906,12723900
2016-02-22,32.45963023570292,32.71475176037629,32.22152027294638,32.663726806640625,4695000
2016-02-23,32.442628101710625,32.66372976659126,32.05144324229836,32.60420227050781,3495100
2016-02-24,32.255529310147246,33.182461331950215,32.12796857786079,33.13994216918945,3975500
2016-02-25,33.22498192946286,33.89679575970796,33.08041612103266,33.87978744506836,4347300
2016-02-26,33.87129161652253,34.492080625769724,33.49711510837,33.531131744384766,6168300
2016-02-29,33.57366363483981,34.05838952764324,33.48862525659598,33.59917449951172,6517000
2016-03-01,33.71821883400782,34.01585627884578,33.37805897361743,33.99884796142578,4163700
2016-03-02,33.7046245951627,34.06281995070391,33.7046245951627,33.86666488647461,3541400
2016-03-03,33.6705051515278,33.71314698507744,33.2526106280327,33.542579650878906,4829600
2016-03-04,33.45729496210399,33.909304283934325,33.252612846067585,33.65345001220703,4913000
2016-03-07,33.50847037061912,34.105465898178345,33.440240823074575,33.960479736328125,3799800
2016-03-08,33.83254405572469,33.986057253002095,33.61080457819246,33.75579071044922,3128600
2016-03-09,33.90929943250724,34.020170793959934,33.31230730167683,33.76431655883789,2609100
2016-03-10,33.9007747621541,34.25897006595113,33.61933280628785,33.943416595458984,3806300
2016-03-11,34.088409218211865,34.54041859329456,34.01165260231443,34.52336120605469,2612900
2016-03-14,34.27603011723145,34.685397604868434,34.15663167334112,34.48924255371094,2475700
2016-03-15,34.16515115147621,34.31866431729809,34.02016504892775,34.2163200378418,2225100
2016-03-16,34.18221341140037,34.369838110464634,33.84959933572571,34.13956832885742,2298100
2016-03-17,34.11396839909492,34.11396839909492,33.49991592683551,33.87517166137695,2477800
2016-03-18,33.92635043825747,34.46364650837394,33.738725769562244,34.224849700927734,6178300
2016-03-21,34.22484572133855,34.33571379569708,34.00310306589725,34.1566162109375,3641000
2016-03-22,34.079871022809954,34.830379621118595,34.037229191245835,34.625694274902344,4553800
2016-03-23,34.72804131693077,35.02653741481301,34.38690013075381,34.70245361328125,8920800
2016-03-24,34.42102191974371,34.548947450626144,34.0287117529883,34.20780944824219,4569200
2016-03-28,34.24192245000673,34.668347370911604,34.096936285149816,34.52336120605469,2631000
2016-03-29,34.52334847032527,35.282384028988034,34.34425085042203,35.20562744140625,3976400
2016-03-30,35.21415962939348,35.3506154308592,34.9156603270002,35.18857192993164,5153600
2016-03-31,35.24827326889354,35.393256129980514,35.009473183922616,35.03506088256836,5681100
2016-04-01,34.72805087425564,35.589427889030496,34.55748023422531,35.55531311035156,3811700
2016-04-04,35.606467035686634,36.08406393240582,35.48706862484752,35.887908935546875,4351500
2016-04-05,35.64912247225567,35.81116602314917,35.086241710975564,35.23122787475586,5425300
2016-04-06,35.13740575307855,36.01583983956248,35.13740575307855,36.0073127746582,4387900
2016-04-07,35.85379723100868,36.07553669099073,35.26532893690017,35.589412689208984,3392800
2016-04-08,35.75146910355466,35.81969866262221,35.44444584784404,35.68324279785156,2115400
2016-04-11,35.78556629251506,36.01583606113111,35.649110494819936,35.76850891113281,3530000
2016-04-12,35.75145807611001,35.94761637124247,35.58089073778108,35.845272064208984,2815600
2016-04-13,35.990258847293944,36.17788357347257,35.91350224233249,36.109657287597656,2205100
2016-04-14,36.51049450948844,36.655477387666366,36.11818119984742,36.37403869628906,3522800
2016-04-15,36.365519318881645,36.40816116333008,36.186421620179715,36.40816116333008,3798700
2016-04-18,36.27170736186095,36.88576036743591,36.27170736186095,36.75783157348633,6143800
2016-04-19,36.740766575113646,37.09896188688987,36.646952587735086,36.98809051513672,5773200
2016-04-20,36.98808965046868,37.11601840360584,36.74929278153353,36.8942756652832,5090500
2016-04-21,36.91986089733414,37.06484377138188,36.56166236453793,36.681060791015625,4023500
2016-04-22,36.757810462540384,37.1757081298506,36.67252681779748,36.945438385009766,33386700
2016-04-25,36.93692339606678,37.2610039547174,36.88575124047605,37.209835052490234,16409400
2016-04-26,37.5253899024784,38.16502723036155,37.12454946926191,37.49980545043945,14621000
2016-04-27,37.815353671750216,38.19060634714096,37.58508387547752,37.678897857666016,11937900
2016-04-28,37.56803366746903,38.09679964136819,37.482749987388594,37.74713134765625,16267800
2016-04-29,37.627725777997775,38.04562353943182,37.38892891624303,37.7130126953125,8992200
2016-05-02,37.8579935373733,38.13943546932122,37.73006804833039,38.13090515136719,6968800
2016-05-03,37.83240963208744,38.335591037601006,37.78976780179574,37.85799407958984,16850800
2016-05-04,37.75566214105384,38.59145457910369,37.65332107300143,38.48058319091797,15993100
2016-05-05,38.44646570350163,38.7705462442636,38.30147956401263,38.634090423583984,21337300
2016-05-06,38.54880624499777,38.77054573065339,38.04562480290191,38.43793487548828,21284100
2016-05-09,38.41234675955872,38.82171417709922,38.41234675955872,38.506160736083984,20858400
2016-05-10,38.420874009945095,38.94963985348919,38.22471899142653,38.804656982421875,21345800
2016-05-11,38.63406541866824,39.66601209799182,38.58289655238325,39.56367111206055,34540700
2016-05-12,39.70868550029612,40.041296381999,38.56586670605131,38.91553497314453,21637800
2016-05-13,38.85583871136818,39.15433484503262,38.57439671102983,38.82172393798828,24874100
2016-05-16,38.71083085524977,39.12872846152826,38.63407428484605,38.77906036376953,25229800
2016-05-17,38.676735249836234,39.04346090629073,37.71301736507315,38.0370979309082,33325900
2016-05-18,38.02855922392224,38.44645690917969,37.559492650966526,38.44645690917969,36029500
2016-05-19,37.84094560949472,38.07974577142656,36.71518410715449,36.80899810791016,18350100
2016-05-20,36.97102702269438,37.107482821783535,36.5787170069834,36.60430145263672,11681600
2016-05-23,36.62988795004472,36.74075929984353,36.30580421782814,36.41667556762695,4981100
2016-05-24,36.519011336463166,37.45714438253547,36.49342689533682,37.23540496826172,18388300
2016-05-25,37.465674939904574,37.465674939904574,36.80898050207748,37.09894943237305,9703300
2016-05-26,37.20983144633267,37.303645429142,36.88574766572677,37.03926086425781,14075700
2016-05-27,37.07337215350472,37.14159842791642,36.800460549132,36.93691635131836,7582500
2016-05-31,36.936926882279494,37.04779501647812,36.60431271959199,36.80899810791016,7448900
2016-06-01,36.80898994066235,37.12549999790893,36.646460130351606,37.06562042236328,4804700
2016-06-02,37.04851476475092,37.2965859153204,36.87742884963263,37.15116500854492,4482900
2016-06-03,36.91165019590469,37.27948380627574,36.84321451807159,37.193939208984375,3582700
2016-06-06,37.211042936641846,37.613094329833984,37.14260726835711,37.613094329833984,7498700
2016-06-07,37.58742169116976,37.80127821635136,37.44200082037823,37.5788688659668,3446900
2016-06-08,37.51900198486767,38.169124605417075,37.476231318009226,38.15201568603515,4372500
2016-06-09,38.092132013442,38.31454467835482,37.82695194945134,38.28032684326172,3770100
2016-06-10,37.989482876407095,38.14345987561264,37.690084968614336,38.057918548583984,3331000
2016-06-13,37.741397093404075,38.305978166065096,37.741397093404075,37.989471435546875,3145200
2016-06-14,37.9039412764465,38.152012428320326,37.690084697222304,38.01514434814453,3924800
2016-06-15,38.152005574121354,38.177670577988266,37.792728151903056,37.818389892578125,2429400
2016-06-16,37.75850927242632,38.16911342777075,37.64730296060644,38.1263427734375,3558800
2016-06-17,38.177677436798085,38.2118920094477,37.63875794345922,38.01514434814453,5158100
2016-06-20,38.348761685334566,38.53695324789806,38.10068728105509,38.459964752197266,7286300
2016-06-21,38.536956790136145,38.58828354638529,38.14346144847048,38.50273895263672,2810200
2016-06-22,38.57117873705288,38.63105832746023,38.30599536296826,38.44286346435547,5368900
2016-06-23,38.648137578207475,39.31536865234375,38.63102867076931,39.31536865234375,3274700
2016-06-24,38.35730647221633,38.35730647221633,37.39923015346816,37.51043319702149,11205000
2016-06-27,37.25381868815652,37.25381868815652,36.11610328459751,36.2273063659668,7807600
2016-06-28,36.52668944536922,37.134041098803806,36.19307384033308,37.10837936401367,6167400
2016-06-29,37.4505582932162,38.35731124726371,37.4505582932162,38.34020233154297,4085100
2016-06-30,38.485629211625245,38.69948577850578,38.28887829848598,38.682376861572266,5242500
2016-07-01,38.64815820882382,38.921894347575574,38.51984296613736,38.87912368774414,2377200
2016-07-05,38.70803452170425,38.990326726537184,38.62249320925349,38.75936126708984,3980800
2016-07-06,38.6909347624642,39.44371089029836,38.48563425872295,39.341060638427734,4877000
2016-07-07,39.28116176086174,39.657551302787766,39.22983828746553,39.452247619628906,2485400
2016-07-08,39.614790778460616,39.922741487116525,39.495028362481335,39.905635833740234,3256800
2016-07-11,40.09382409435783,40.11948909869725,39.66611100487573,39.76876449584961,4482500
2016-07-12,39.7773195029315,40.32479176537724,39.68322209597512,40.076717376708984,3544600
2016-07-13,40.31624305474121,40.39323155345677,39.982627314704565,40.05105972290039,2485200
2016-07-14,40.2820249384908,40.38467518166581,39.98262703623352,40.16226577758789,2907000
2016-07-15,40.27346883085501,40.37611906566892,39.82864679573856,40.00828552246094,2961700
2016-07-18,40.04251540774992,40.08528607986349,39.64046391085754,39.82010269165039,2811800
2016-07-19,39.72600288121496,39.8029913916961,39.264075081521064,39.52070236206055,3484900
2016-07-20,39.76021140171263,40.085274287898955,39.743102485261545,39.94840621948242,1663200
2016-07-21,39.89706954204747,39.96550519082212,39.23839110695246,39.43513870239258,2355900
2016-07-22,39.503573856629856,39.62333297729492,39.06730475913136,39.62333297729492,2980500
2016-07-25,39.68321303441368,39.725983683302175,39.23839110695246,39.43513870239258,2601100
2016-07-26,39.82009018101956,41.13744735266758,39.75165777977649,41.06901168823242,6844600
2016-07-27,41.06899572275182,41.488155846489384,40.60706822015614,41.33417892456055,5926400
2016-07-28,41.325645724083365,41.479622719125096,41.0262445611945,41.2486572265625,3776900
2016-07-29,41.21443994820573,41.35130802751498,40.90648595396182,41.07757186889648,5489200
2016-08-01,41.111772930950465,41.71056849412505,41.051893374633,41.4881591796875,4063900
2016-08-02,41.46250506645296,41.65069659381831,41.24864853652604,41.4710578918457,4180200
2016-08-03,41.39407813295314,41.42829596811771,41.026244562914954,41.16311264038086,2531100
2016-08-04,41.13745144791526,41.35986085308629,40.84660637149628,41.12889862060547,4607900
2016-08-05,41.31709019073105,41.40263477979219,41.07757186774468,41.11178970336914,2323800
2016-08-08,41.12888715554563,41.32563476074965,41.00057193932098,41.04334259033203,2609600
2016-08-09,41.111778002844495,41.29141669395861,41.02623343812957,41.18876647949219,1897700
2016-08-10,41.23155422817954,41.659267439544074,41.08613003945533,41.57372283935547,4132200
2016-08-11,41.5822699402663,42.33504594320052,41.57371385050098,41.94154739379883,3499900
2016-08-12,42.01853753832102,42.01853753832102,41.44540350280375,41.565162658691406,2273600
2016-08-15,41.659260623430534,41.898778938383984,41.39407730102329,41.41118621826172,2312200
2016-08-16,41.27431134001754,41.36840873772205,41.10322545902678,41.2657585144043,3383100
2016-08-17,41.31707867263254,41.35984932364359,40.67550911789231,41.04334259033203,3768800
2016-08-18,40.974917544422205,41.26576259188746,40.932143622554186,41.06901168823242,3314000
2016-08-19,40.94926070253636,41.11179380637732,40.709742355645766,41.017696380615234,3084600
2016-08-22,40.77815933295712,41.137439980471235,40.77815933295712,41.04334259033203,2887300
2016-08-23,41.12033106742851,41.35984932364359,41.00912476424659,41.04334259033203,2280500
2016-08-24,41.08612031502663,41.35130361805741,40.179370609990414,40.2563591003418,3513500
2016-08-25,40.19648278404017,40.71829007961372,40.12804711453997,40.29057693481445,5112700
2016-08-26,40.41033935588421,40.66696659012178,40.1365999410795,40.359012603759766,3197900
2016-08-29,40.453109190972974,40.66696575899902,40.333350034989145,40.55575942993164,3494500
2016-08-30,40.82948948844561,40.82948948844561,40.016833998471675,40.110931396484375,3304300
2016-08-31,40.17957174683247,40.256774299700766,39.90507450824858,40.08521270751953,3553700
2016-09-01,40.102355377294046,40.128088461962456,39.381799556201834,39.613407135009766,4249300
2016-09-02,39.784970639340365,39.83643681122723,39.527629963113355,39.699188232421875,3081400
2016-09-06,39.66487120337692,39.80211975678942,39.01293812046981,39.416107177734375,5956600
2016-09-07,39.33032189317968,39.57050929817885,39.26169925765377,39.37321472167969,3992300
2016-09-08,39.31317556857723,39.784967314273686,39.24454964877791,39.519046783447266,5145200
2016-09-09,39.22739625961631,39.441847367490176,38.66982534250278,38.67840194702149,4613300
2016-09-12,38.489700524683485,39.33034883742947,38.33529539864181,39.227413177490234,4486100
2016-09-13,38.94432246639476,39.41611424887185,38.74702456772246,38.92716598510742,5529700
2016-09-14,38.90142870294568,39.33891078471998,38.798493089931085,38.97005462646485,3772200
2016-09-15,39.06441053164773,40.5569882547041,38.961471654547104,40.37685012817383,6337500
2016-09-16,40.39400991678342,40.65993046268186,40.1023562856337,40.55699157714844,14557000
2016-09-19,40.6256166363268,40.985892911234664,40.41974214190511,40.53125762939453,3026200
2016-09-20,40.685657255854345,40.96015436363057,40.63418782104744,40.651344299316406,4296100
2016-09-21,40.65134846632308,41.16603305035948,40.59130242235843,41.10598373413086,2752000
2016-09-22,41.24325194279838,41.397653779797274,41.17462599545196,41.346187591552734,5580400
2016-09-23,41.157451502101814,41.16603137789903,40.61703385611164,40.73712921142578,3310700
2016-09-26,40.60845725640144,40.67707990146643,40.3253802558158,40.48836517333984,2418400
2016-09-27,40.57414005137185,40.71996847430173,40.3253760354855,40.599876403808594,3377000
2016-09-28,40.65134846632308,41.12314021415847,40.45405385440152,41.10598373413086,3488500
2016-09-29,41.02879330268,41.02879330268,40.07662972616946,40.24818801879883,3310900
2016-09-30,40.43690408832668,40.977321846000926,40.32538858576369,40.83149337768555,3176100
2016-10-03,40.57414912606593,40.90011572764024,40.35112141273461,40.86580276489258,2601500
2016-10-04,40.81434256863895,40.96874437908083,40.28250138497637,40.56557846069336,2548200
2016-10-05,40.642771862441265,41.12314021415847,40.625615382413656,41.10598373413086,3071000
2016-10-06,40.99447089210423,41.36332702636719,40.88295540977117,41.36332702636719,2955800
2016-10-07,41.49198963056076,41.646394653524865,41.208915936635535,41.56061553955078,3583300
2016-10-10,41.74075970627005,41.89516475166581,41.32901400930265,41.43194961547851,2885900
2016-10-11,41.29469818634626,41.32043126803985,40.05946118109845,40.32537841796875,2886500
2016-10-12,40.44548821263112,40.59989330246471,40.17956760852553,40.299659729003906,2782600
2016-10-13,40.273923106423865,41.08025818197311,40.00800252563735,40.93443298339844,6311800
2016-10-14,41.17461545319768,41.38906657534975,40.64277758649459,40.702823638916016,4489800
2016-10-17,40.694250927497016,40.78860996142211,40.59131528697191,40.63420486450195,2470800
2016-10-18,40.98589438397791,41.268971414946506,40.62561809612426,41.22608184814453,2720300
2016-10-19,41.27755033054905,41.38906582828934,40.745712473445465,41.02878952026367,2822200
2016-10-20,40.994477063174074,41.46626887477699,40.93443101109358,41.33759689331055,2066700
2016-10-21,41.01163091675507,41.38048708290053,40.82291289530459,41.32901763916016,3667000
2016-10-24,41.64640674561902,41.955216881210696,41.43195562615418,41.55204772949219,5544900
2016-10-25,42.83876045919747,43.027478517939905,41.955222770112194,42.169673919677734,9771400
2016-10-26,42.14392818577981,42.19539435198631,40.5741446712041,40.694236755371094,6697600
2016-10-27,40.89154333038577,40.89154333038577,39.93080310356975,40.162410736083984,5657200
2016-10-28,40.23960113141862,40.96015690205207,40.1023525690248,40.48836517333984,4525100
2016-10-31,40.488367126382066,40.925845917532605,40.11951098360668,40.82291030883789,4176500
2016-11-01,40.874379596224465,40.882956200140235,39.95652918082969,40.22244644165039,7288000
2016-11-02,40.18814772724632,40.6084734579227,40.033742623917455,40.09379196166992,5649900
2016-11-03,40.25675293001447,40.56556297756052,40.17955041812796,40.213863372802734,3193500
2016-11-04,40.35970134455717,40.67708809547792,40.22245275451595,40.30823516845703,3187400
2016-11-07,40.8400714663589,42.281183242189584,40.67708652230648,40.84864807128906,2376500
2016-11-08,40.75429256909795,41.47484851913127,40.61704397253278,41.24324417114258,4412500
2016-11-09,41.05452557982094,41.17461769119124,39.287447059225386,39.973690032958984,7559700
2016-11-10,40.342538428094706,41.15745323312071,40.20528985994135,41.03736114501953,4331100
2016-11-11,40.99448223745754,41.19177690094785,40.13667764544846,40.162410736083984,3402200
2016-11-14,40.23960460309616,40.31680713061983,38.56688535492613,38.61835479736328,5467200
2016-11-15,38.76417802697457,39.62198239088228,38.62692945963989,39.519046783447266,4520300
2016-11-16,39.52763724887715,40.033738817792226,39.44185482614717,39.49332427978515,4743800
2016-11-17,39.53620684440161,40.445480730516586,39.493317276774285,40.402587890625,4135600
2016-11-18,40.402595364804675,40.47979790972147,40.14525463917032,40.299659729003906,2399300
2016-11-21,40.505519428882174,40.68565754358483,40.24817552529134,40.36827087402344,1998700
2016-11-22,40.2224474687654,40.2224474687654,39.11587901632664,39.613407135009766,5318700
2016-11-23,39.47616163736414,40.14524806896315,39.45900515549438,39.93937683105469,2321000
2016-11-25,40.12809199784637,40.35112299217188,39.99084341374773,40.07662582397461,1117000
2016-11-28,39.956536198578455,40.26534307774314,39.91364335467418,39.982269287109375,2468000
2016-11-29,40.04233079985729,40.12810997625103,38.326721093855745,38.39534378051758,10201500
2016-11-30,38.43834125006108,38.52437024393973,37.199506016511464,38.17164611816406,9351100
2016-12-01,38.21465187877926,38.524361436812306,37.268320035273824,37.53501510620117,8849700
2016-12-02,37.66406536005819,38.025394336859094,37.58663795658626,37.861934661865234,5933600
2016-12-05,37.973773256147794,38.12862805608658,37.42317987049672,37.758697509765625,7128100
2016-12-06,37.922165423397495,38.24047667835596,37.39737996302511,37.8447380065918,5269900
2016-12-07,37.53503433165739,38.08562792493258,37.10488267668656,37.956581115722656,5871300
2016-12-08,37.793110526675065,38.025392727258456,37.63825572628614,37.922157287597656,2771400
2016-12-09,38.0340119752704,38.601812079771314,37.93077648766941,38.57600402832031,2493100
2016-12-12,38.446950198080565,38.98034056400164,38.446950198080565,38.70504379272461,2516900
2016-12-13,38.80827381619916,39.074965679942984,38.51577062753477,38.7308464050293,2564700
2016-12-14,38.80826782085147,39.04915160425739,38.636206569077785,38.748046875,3210400
2016-12-15,38.67922870274519,38.98033677328261,38.49856582950038,38.79106903076172,3640700
2016-12-16,38.8598891991761,38.89430211058345,38.343708655249266,38.472755432128906,6990900
2016-12-19,38.584589698576465,38.799665456721925,38.36951394043101,38.403926849365234,2179600
2016-12-20,38.45554921590003,38.507165301536624,37.85333638970464,37.93936538696289,3283600
2016-12-21,37.91355678906999,38.12863256086268,37.68987943039577,37.930763244628906,2103400
2016-12-22,37.98238046926761,38.18024977434243,37.87054015533988,37.99098205566406,1728700
2016-12-23,38.02539989693945,38.19746118334653,37.8791466548648,38.042606353759766,1998400
2016-12-27,38.068400343958814,38.29207763645335,38.042592309154216,38.18024063110352,1610500
2016-12-28,38.2146731175482,38.23187957831241,37.810332775878265,38.01680374145508,1765000
2016-12-29,37.97377946685058,38.31790203006229,37.93076496689811,38.0770149230957,1568800
2016-12-30,38.23187633528341,38.49857153181087,38.04261184652521,38.14584732055664,2206500
2017-01-03,38.18026408666938,38.489973821770306,37.90496727364564,38.23188018798828,2937400
2017-01-04,38.3178952077219,38.60179348229808,38.24906939461531,38.498558044433594,2161500
2017-01-05,38.49856256615917,38.920112516460335,38.34370775027677,38.75665283203125,2345000
2017-01-06,38.76526064161496,39.23842671191115,38.61040581398405,39.1609992980957,2930900
2017-01-09,39.34165222200778,39.76320209770013,39.135181358571074,39.720184326171875,4265700
2017-01-10,39.763206119399726,40.2191656639177,39.62555776925493,40.012691497802734,2990700
2017-01-11,40.10733698183807,40.442854727477545,40.01270309834047,40.42565155029297,3649800
2017-01-12,40.27078502589532,40.382622054153536,39.58253999337581,40.012691497802734,2510400
2017-01-13,40.08152820206409,40.28800242426852,39.86645239142452,39.96108627319336,1240100
2017-01-17,39.73739966656098,40.08152222498629,39.39328038993162,40.02130126953125,2570800
2017-01-18,40.02130572823368,40.40844282914341,39.90946539201613,40.23638153076172,2376800
2017-01-19,40.15894201620347,40.322398395451145,39.81481952307695,40.064308166503906,1928500
2017-01-20,40.176155951423915,40.77836878565345,39.74600439580224,39.77181243896485,3541200
2017-01-23,39.62554983346628,39.909448062998216,39.27282580174788,39.59113693237305,2700300
2017-01-24,39.54813543518309,39.57394347858137,39.11798387563329,39.44489669799805,1911500
2017-01-25,39.45350549609934,39.88365709848718,39.41909258027721,39.69438934326172,2662600
2017-01-26,39.539535012164286,39.849244694952446,39.16960436681136,39.61696243286133,2315100
2017-01-27,39.685774768457094,40.57188572923084,39.61694895933534,40.5030632019043,2349500
2017-01-30,40.4256482433781,40.44285141915541,40.00409823731711,40.34822082519531,2451100
2017-01-31,40.31380353144461,41.36337435685949,40.15894871189829,41.21712112426758,6331700
2017-02-01,41.879554452104465,42.40433985918917,40.30519823085035,41.380577087402344,6030200
2017-02-02,41.225713595653495,42.12903427053578,41.225713595653495,41.40637969970703,3928800
2017-02-03,41.612851992163115,42.05160832623977,41.58704395432163,41.83653259277344,2526600
2017-02-06,41.72470031153493,41.82793576453692,41.39778421493346,41.59565353393555,1893400
2017-02-07,41.70749777793251,41.87955907031381,41.58705585780446,41.80213165283203,1854400
2017-02-08,41.72470031153493,41.8623486761362,41.423595539530865,41.59565353393555,1883500
2017-02-09,41.68168987571143,42.180664015353344,41.63867537291757,42.094635009765625,2299500
2017-02-10,42.09463667284818,42.27529956079777,41.95698828939188,42.15485763549805,1397500
2017-02-13,42.18926955672832,42.53338886635446,42.051621176518616,42.352725982666016,1685900
2017-02-14,42.14625657992406,42.42155335031561,41.956988819606224,42.12044525146485,2737600
2017-02-15,41.802126122146035,42.65382760176007,41.793524535473296,42.53338241577149,2594500
2017-02-16,42.49897495687981,42.62801845433312,42.16345398719102,42.51617813110352,1640000
2017-02-17,42.43015846890564,42.79148756123083,42.4129520091,42.78288269042969,2835800
2017-02-21,42.800088136611976,43.187225268578835,42.66243974322338,42.980751037597656,3427300
2017-02-22,42.8517042867519,43.20442847335146,42.84309941680276,43.06678009033203,1685000
2017-02-23,43.23022795977057,43.668981068208005,43.06677156286166,43.35066986083984,1828500
2017-02-24,43.25603279357066,43.51412631306276,43.21301830092045,43.43669891357422,2470000
2017-02-27,43.44530757056339,43.677589806835385,43.35067370225303,43.3936882019043,2445300
2017-02-28,43.367883627886194,44.219585229019295,43.33347071269378,43.806636810302734,6405700
2017-03-01,44.22063958568756,44.22063958568756,43.64275942232064,44.168888092041016,3649400
2017-03-02,44.134382989523154,44.134382989523154,43.64275536131365,43.78938293457031,2145600
2017-03-03,43.823887977353195,43.927387674384974,43.57376069351334,43.91013717651367,2582500
2017-03-06,43.651378758179106,43.97913158079847,43.5651262837027,43.71175384521485,5087200
2017-03-07,43.59100245409255,44.17750610337512,43.42712440226057,44.022254943847656,3717500
2017-03-08,44.056766962640054,44.358642464967424,43.78076227311705,44.29826736450195,4059500
2017-03-09,44.298269107603346,45.02277363189392,44.25514450417341,44.962398529052734,5026200
2017-03-10,45.091759645251294,45.13488752673635,44.64325665740912,44.858882904052734,2320600
2017-03-13,44.85026554450865,45.13489380898898,44.651889764808374,45.10901641845703,2410400
2017-03-14,44.92788997932424,45.00551556853035,44.7295142047299,44.764015197753906,1758000
2017-03-15,44.76402749941189,45.07452665136921,44.71227599565399,44.988277435302734,2914900
2017-03-16,44.88476355523496,44.9796396370893,44.16888278502179,44.35863494873047,2665500
2017-03-17,44.38451179541805,44.70364105235895,44.35863769519965,44.5311393737793,3494600
2017-03-20,44.53975831524208,44.600133402896255,44.134379906539344,44.15163040161133,2335000
2017-03-21,44.367261375494074,44.75538933042252,44.013634414380576,44.332763671875,3180900
2017-03-22,44.23789486834436,44.83302230376644,44.11714466030479,44.66914749145508,3170600
2017-03-23,44.479393667053934,44.82439706907598,44.32414246516364,44.58289337158203,1348200
2017-03-24,44.60876469277021,45.01413985123666,44.4880145055591,44.86751556396485,2655500
2017-03-27,44.669138991200185,44.83301377232721,44.32413564228501,44.70363998413086,1568500
2017-03-28,44.63464378122737,44.84164647543533,44.47939258312044,44.755393981933594,2372700
2017-03-29,44.60876555988572,45.01414072623195,44.4707648732197,44.83301544189453,2500800
2017-03-30,44.729522377309394,45.11765039425525,44.574271170531055,45.06589889526367,2530700
2017-03-31,44.89338986044482,44.996889551336345,44.63463898811809,44.729515075683594,2198900
2017-04-03,44.772630962588,45.1090073601933,44.479379153615014,45.10038375854492,2655100
2017-04-04,45.47988444181352,45.47988444181352,44.74675656936246,45.178009033203125,2816600
2017-04-05,45.32464218139648,45.86802131366643,45.17801789422609,45.32464218139648,2839800
2017-04-06,45.212523645782305,45.30739974975586,44.93652222887546,45.30739974975586,2552900
2017-04-07,45.24700329212982,45.61788063798292,45.16937772462115,45.53163146972656,3417500
2017-04-10,45.54026707393202,45.68689464684962,45.42814049348865,45.57476806640625,4972000
2017-04-11,45.66102369942488,45.738649298345734,45.410899694187634,45.6869010925293,2774500
2017-04-12,45.62651934898574,46.17852206529659,45.59201835666738,46.16989517211914,3741300
2017-04-13,46.023266577817715,46.13539314724859,45.781766234608504,45.92839050292969,3923800
2017-04-17,45.462641920258505,45.88527085661574,45.08314087000391,45.557518005371094,3764600
2017-04-18,45.46264223419187,45.91114527315113,45.36776614842413,45.47989273071289,2933700
2017-04-19,45.61789767738245,45.85939807086245,45.44539598624127,45.462646484375,4243000
2017-04-20,45.41089763939973,45.66102163331917,45.17802085317456,45.617897033691406,2998300
2017-04-21,45.58339461204979,45.69552119973146,45.35914472688239,45.60927200317383,3217500
2017-04-24,46.08365205893891,46.325152456624565,45.988775962649214,46.10090255737305,2664000
2017-04-25,45.96291146249791,46.24753652063366,45.74728512231753,45.8939094543457,4410500
2017-04-26,46.57527954031491,47.96391340118902,46.359653246146785,47.94666290283203,7921700
2017-04-27,47.99841264811126,48.7315407054781,47.67928337543514,47.80003356933594,6411300
2017-04-28,47.91215777823093,48.19678604130476,47.70515839617346,48.02428436279297,3456600
2017-05-01,48.0674131011348,48.25716529286551,47.731036608663906,47.94666290283203,2548900
2017-05-02,48.13641094735501,48.22266014151298,47.90353417489347,48.02428436279297,2408900
2017-05-03,48.0673974760556,48.30889779415758,47.73964469420644,48.22264862060547,2838700
2017-05-04,48.23991111682032,48.34341080887555,47.946659247500605,48.26578521728515,1776200
2017-05-05,48.30027332868025,48.43827397801153,48.041522522458465,48.25714874267578,1760800
2017-05-08,48.22265970403419,48.27441119417699,47.97253243697106,48.041534423828125,2219400
2017-05-09,48.11916787964056,48.51591949833537,47.920792070293146,48.421043395996094,5019600
2017-05-10,48.386531519138025,48.53315908711616,48.06740557499119,48.46415710449219,1889800
2017-05-11,48.39515822608823,48.619408088363144,48.21403295768976,48.60215759277344,2130700
2017-05-12,48.60215777954451,48.731534851866655,48.283031835397686,48.46415710449219,1508200
2017-05-15,48.34340032954368,48.96440492765253,48.2485242614776,48.904029846191406,1396500
2017-05-16,49.162789451242766,49.84416925258241,48.99891467087576,49.66304397583008,4913600
2017-05-17,49.66304651945979,49.66304651945979,49.033414884832055,49.04204177856445,3144900
2017-05-18,49.01616423245166,49.28353869583567,48.76603697492829,49.22316360473633,3274300
2017-05-19,49.335286614978685,49.44741318613555,49.15416135478369,49.34391021728515,2054700
2017-05-22,49.49054242297636,49.887293970220135,49.30941385558614,49.723419189453125,1440100
2017-05-23,49.71478703997358,49.99078837324041,49.663038846358184,49.9562873840332,1646300
2017-05-24,50.042548727672006,50.42204980563601,49.89592114264764,50.31855010986328,2402200
2017-05-25,50.413428969853136,51.24143316188854,50.30130237399537,51.0085563659668,3216100
2017-05-26,50.9481746571792,50.982675649921084,50.41342243046305,50.57729721069336,2014100
2017-05-30,50.62904051253164,51.3104202031163,50.48241296218781,51.189666748046875,2559900
2017-05-31,51.40587576142688,51.69992027701585,51.16372261885567,51.29344940185547,4111600
2017-06-01,51.46641878689552,52.175587753759466,51.189671370158614,51.89019012451172,2820200
2017-06-02,51.91613799549716,52.02856767280976,51.56155513544019,51.648040771484375,3219800
2017-06-05,52.218824135412774,52.279362421085125,51.49236140825542,51.53560256958008,2714500
2017-06-06,51.47507387522101,51.73452419060129,51.267511643462925,51.36264419555664,3043900
2017-06-07,51.49237003502878,51.63074375390361,51.276160893093746,51.54425811767578,2088000
2017-06-08,51.570209872900115,51.8556042491597,51.423185928271266,51.68263626098633,4531100
2017-06-09,51.77775187830276,51.94207289789384,50.65346527166552,50.947509765625,3069900
2017-06-12,50.757253115459726,50.83508853260446,49.41675719715776,49.42540740966797,5790900
2017-06-13,49.62432153757652,50.29024606857794,49.50324494995619,50.056739807128906,3731600
2017-06-14,50.2556524841631,50.8437416025093,49.88377250347095,50.14322280883789,2427700
2017-06-15,49.77135197137481,50.24701150177668,49.572439924082765,50.09999084472656,3264900
2017-06-16,50.22971767078627,50.46322067914937,49.93567305759581,50.09999084472656,6522800
2017-06-19,50.350791298923795,51.648046286296214,50.350791298923795,51.50102233886719,4703700
2017-06-20,51.61344332310536,51.99397020088285,51.61344332310536,51.78641128540039,3074900
2017-06-21,51.91614403288903,52.296674277556434,51.82966168587738,51.933441162109375,2411000
2017-06-22,51.89019757340495,52.746387284965685,51.81236214508124,52.47828674316406,3070500
2017-06-23,52.478296602010595,53.19610942110133,52.27938453650134,53.083683013916016,3900600
2017-06-26,53.083667870018594,53.204744458040416,52.72043480686355,52.73773193359375,1911300
2017-06-27,52.685835206348905,52.81556199411472,52.400440891989064,52.48692321777344,2546800
2017-06-28,52.7031393090656,52.9712398330357,52.55611867594921,52.642601013183594,2152500
2017-06-29,52.5907172176378,52.5907172176378,51.65669206373483,52.02857208251953,2062100
2017-06-30,52.2447785708604,52.54747005946796,52.12370197541738,52.357208251953125,2428600
2017-07-03,52.5647608147975,52.6512464432648,52.0285631146578,52.09775161743164,1354600
2017-07-05,52.244780172636624,52.633957312128,52.08046240222466,52.50423049926758,1782900
2017-07-06,52.27072528578773,52.46963731691374,51.89884526700302,52.02857208251953,3123100
2017-07-07,52.21883384754719,52.60801097003011,52.089107040356296,52.51287841796875,2561800
2017-07-10,52.42637919310769,52.51286480851757,52.11503757580994,52.365840911865234,1542600
2017-07-11,53.04908038097405,53.09232155376854,52.19289064364702,52.4350471496582,2592400
2017-07-12,52.57341289102038,53.135554650084615,52.52152151210035,52.9971809387207,1505500
2017-07-13,53.06636433535033,53.11825241018569,52.57340782987928,53.01447296142578,1736200
2017-07-14,52.99718421242317,53.836076745124174,52.93664591615503,53.71500015258789,1951300
2017-07-17,53.706357216395986,53.948513733369715,53.54203943270217,53.792842864990234,2730000
2017-07-18,53.9485137958624,54.04364635988119,53.58528066952613,53.74095153808594,2239100
2017-07-19,53.913915904304176,54.06093654854495,53.71500387434258,54.00904846191406,3049300
2017-07-20,54.06094048996744,54.55390044253071,53.84473131566905,54.51930618286133,2394400
2017-07-21,54.38958307421812,54.605792263286624,54.13877962311696,54.199317932128906,2798800
2017-07-24,54.329037058625985,54.38092844431417,54.02634555650307,54.25120162963867,1669200
2017-07-25,54.46740835687648,54.49335239901759,53.343121443201305,53.69770431518555,3074400
2017-07-26,52.79827710908388,53.37771938325383,52.00262897033112,52.9453010559082,4118900
2017-07-27,53.308534357387174,53.308534357387174,51.78642319707862,52.218841552734375,3414600
2017-07-28,52.23612438618,52.61665124733697,52.01991526752708,52.52151870727539,2054400
2017-07-31,52.5647710776247,52.78963045645218,52.20154126441266,52.305320739746094,2042600
2017-08-01,52.65125444044872,52.91070476707967,52.37450698549705,52.50423049926758,2650200
2017-08-02,52.48692553962273,52.48692553962273,51.258859303894845,51.45777130126953,3536800
2017-08-03,51.11183127078448,51.70857051396786,50.8610312154658,51.53560256958008,2017900
2017-08-04,51.68262852856969,52.0112673270213,51.414531321147386,51.78641128540039,1594200
2017-08-07,51.75182888558456,51.81236719138918,51.44913735656144,51.65669631958008,1858600
2017-08-08,51.596149389857864,51.89019395422874,51.336699079904655,51.648040771484375,1969600
2017-08-09,51.6480546557008,51.976690263744686,51.4577895043455,51.90750503540039,2196800
2017-08-10,51.59615168238465,51.87289913184318,51.39723965927946,51.6393928527832,2939200
2017-08-11,51.56155831335872,52.210185777763755,51.56155831335872,51.75182342529297,2213800
2017-08-14,51.95073759530622,52.391806136790464,51.942090680356934,52.089111328125,1976400
2017-08-15,52.05451471876843,52.71179239428493,52.00262663323652,52.58206558227539,2161200
2017-08-16,52.75503402018606,53.21339637481661,52.5907162494349,53.066375732421875,2965500
2017-08-17,52.78096865702502,53.17014572796413,52.55611262664315,52.5993537902832,2608700
2017-08-18,52.512877507332014,52.988536960300515,52.42639187100794,52.642601013183594,2308200
2017-08-21,52.573415071895525,52.88475676015192,52.3485557196705,52.85016250610352,1677800
2017-08-22,52.77232936702735,53.80148372631754,52.77232936702735,53.74959564208984,1789700
2017-08-23,53.61987029532833,53.68040859463781,53.031781131387866,53.14421081542969,2734200
2017-08-24,53.35176535520538,53.472845242926354,53.15285334544105,53.19609451293945,2286100
2017-08-25,53.43825098929179,53.43825098929179,53.14420643157722,53.19609451293945,2389300
2017-08-28,53.30852127075195,53.45554519110914,53.22203894048732,53.30852127075195,2386400
2017-08-29,53.118250794349066,53.29121873641342,52.927989027258455,53.10960388183594,1562200
2017-08-30,53.152954981185786,53.50846401386149,53.14428548133332,53.30903244018555,1918700
2017-08-31,53.56917756786615,53.87266308307068,53.42177286928439,53.79462432861328,3532700
2017-09-01,53.855330514648266,54.19349740924861,53.69925297749295,53.959381103515625,2214900
2017-09-05,53.751268618308245,54.14145907140493,53.61253342643417,53.916015625,1772600
2017-09-06,54.02006604960244,54.34956336982541,53.91601548289809,54.21949768066406,1498200
2017-09-07,54.31488430412166,54.6270393438915,54.063425710117265,54.488304138183594,1724600
2017-09-08,54.566322268234494,55.84095376282528,54.392902499737374,54.86980438232422,2583000
2017-09-11,55.1733015408063,55.77159639630071,55.1212746068777,55.73691177368164,2711600
2017-09-12,55.84095372363039,55.97968556908235,55.34670953377005,55.62417984008789,1840400
2017-09-13,55.62419278557696,56.14444890407604,55.528811725386994,56.02305603027344,2482500
2017-09-14,55.8062834400418,56.13577744609484,55.65020593919234,55.77159881591797,1864500
2017-09-15,55.58950017406552,55.7802622670329,55.39006858037564,55.459434509277344,4525600
2017-09-18,55.55482687223082,55.7629280090332,55.43343399114477,55.7629280090332,1547200
2017-09-19,55.7369137271984,55.797610165055275,55.424758728101445,55.51146697998047,1825500
2017-09-20,55.62419171173117,55.93634669988744,55.54614965698443,55.73691177368164,1680100
2017-09-21,55.67622316751629,55.77160423927801,54.93052021487892,54.95653533935547,1595000
2017-09-22,55.04324401189454,55.277360287685006,54.92185112245684,55.06925582885742,2352300
2017-09-25,55.06924803268486,55.10393265553051,54.254179242058406,54.41892623901367,1679000
2017-09-26,54.50563189121859,54.52297420076262,54.1327805052903,54.210819244384766,1301600
2017-09-27,54.2975257525989,54.50563015278251,53.70790047773712,54.158790588378906,2310900
2017-09-28,54.00271778898346,54.2194917085702,53.63853919177733,54.054744720458984,1529100
2017-09-29,54.011399775559816,54.42760537496204,53.89000688919768,54.41026306152344,1579100
2017-10-02,54.557654112920474,54.97386291588813,54.540315111528464,54.7657585144043,1811600
2017-10-03,54.60102043977278,54.731082817657175,54.15013025281641,54.29753494262695,1648800
2017-10-04,54.401589974135454,54.63570292086068,54.28886659806592,54.54032516479492,1902800
2017-10-05,54.40158350909877,54.531645874299855,54.23683321572027,54.37556838989258,1792300
2017-10-06,54.29752980471207,54.70506582714379,54.12411000956831,54.54898834228515,2513100
2017-10-09,54.67038717552759,54.67038717552759,52.98822258670028,53.28303527832031,2610200
2017-10-10,53.21366737295905,53.551834199708445,52.702080727753895,53.50848007202149,2264700
2017-10-11,53.52581473734095,53.89866613605335,53.430433685432085,53.76860046386719,2280900
2017-10-12,53.768607481334705,54.262855115523095,53.64721460222832,54.21949768066406,1460000
2017-10-13,54.2715194681842,54.514305203359655,54.01139142225227,54.470951080322266,2837100
2017-10-16,54.54033283674917,55.2426783911365,54.54033283674917,55.19065475463867,2715100
2017-10-17,55.13862282782409,55.65020948930924,54.91317937205295,55.42476272583008,2484400
2017-10-18,55.40741557321207,55.589504873142026,55.09526059749926,55.35538864135742,1340100
2017-10-19,55.44210922929248,55.54615980845803,54.46229326904268,55.034576416015625,3306700
2017-10-20,55.242669032314765,55.416088842580734,54.97387146872487,55.13861846923828,2738600
2017-10-23,55.277358657202825,56.075085225810824,55.242674030469935,55.59818649291992,1798900
2017-10-24,55.61551431500801,55.83228822693599,55.06057362970558,55.797603607177734,4001500
2017-10-25,54.83514205703299,56.361229271136814,54.21083199740919,55.82362747192383,3117200
2017-10-26,55.95368605234541,56.734073527601595,55.676215685078255,56.3005256652832,2264900
2017-10-27,56.30920241165444,56.968190445351894,56.144452095522155,56.95085144042969,2460400
2017-10-30,56.68205205496971,56.725402873599656,55.70222961503113,55.988372802734375,2891500
2017-10-31,56.20515076236351,56.31787083736273,55.66754897265685,55.901668548583984,2679300
2017-11-01,56.01438878522804,56.239835551293176,55.65888293817929,55.66754913330078,1848700
2017-11-02,55.52880920197373,55.84963699125282,55.286020157693926,55.5548210144043,1775000
2017-11-03,55.39006019914597,56.44791443570759,55.303348666505336,56.27449798583984,1629300
2017-11-06,56.44793103515136,56.5086274719952,55.77159742020119,55.80628204345703,2178900
2017-11-07,55.875652688289485,56.326539571068146,55.667544943546446,55.77159881591797,2233800
2017-11-08,55.71089377984321,56.49128116365545,55.57215530475899,56.36988830566406,1887300
2017-11-09,56.30918860575191,56.71672458337041,56.101080905214246,56.69937896728515,1626600
2017-11-10,56.41324715923359,56.47394359688152,54.557662790664864,55.528812408447266,4103000
2017-11-13,55.22531527627941,56.023044915107775,54.9218331519848,55.84962844848633,1657600
2017-11-14,55.54615428731405,55.99704780353309,55.15596382730008,55.89299392700195,2304500
2017-11-15,55.84964069032489,56.196473699591074,55.61552113211305,55.858306884765625,2508100
2017-11-16,55.988371882093624,56.6126818757565,55.78027075601117,56.3525505065918,2557500
2017-11-17,56.06641259643547,56.24850190432422,54.64437283295484,55.39007568359375,4883400
2017-11-20,55.502799053685315,55.67621555203212,55.28602181533645,55.39007568359375,2582400
2017-11-21,55.676214730786526,55.98836971553865,55.49412542558366,55.710899353027344,2952900
2017-11-22,55.762925349256264,56.02305671941341,55.33805028572076,55.528812408447266,1553400
2017-11-24,55.56350186618704,55.771603011168224,55.372739726864225,55.59818649291992,692500
2017-11-27,55.70223243374058,56.17046496038114,55.50280410403677,56.135780334472656,2563100
2017-11-28,56.239829083289195,57.38439517222413,55.75425759568508,57.27167510986328,5399700
2017-11-29,57.2283256077618,57.2283256077618,56.06642035415554,56.51730728149414,4770100
2017-11-30,56.6650745821815,57.23876261741888,56.17830154098877,56.96060943603515,4236400
2017-12-01,56.88238097419162,57.29960742317148,56.082684788873024,56.925838470458984,2598400
2017-12-04,57.021454264766334,57.12576419289191,55.83930160612246,55.84799575805664,2945900
2017-12-05,55.75238121950363,56.32607588938742,55.54376799031635,55.6480712890625,2562400
2017-12-06,55.63069708143337,55.63069708143337,55.10046646934028,55.38731384277344,2387100
2017-12-07,55.25690837423478,55.38729410038354,54.94398528415516,55.21344757080078,2794400
2017-12-08,55.38730125134736,55.70022438182797,55.326455455514704,55.67414855957031,1723900
2017-12-11,55.54375954423402,55.934910118443014,55.38729798821163,55.75237274169922,1805400
2017-12-12,55.8827762530215,56.134853653002864,55.674162989197505,55.9001579284668,2577000
2017-12-13,55.95230178219813,56.46514397171941,55.71760611821481,56.25653076171875,3067400
2017-12-14,56.42170467013365,57.03016282535588,56.27393057669695,56.30870056152344,3405300
2017-12-15,56.560768320009146,56.96930728234182,56.27392096794212,56.78676986694336,4988900
2017-12-18,56.925833663280144,57.0475252532641,56.59552886642289,56.89106369018555,3157200
2017-12-19,57.021452095383125,57.36045105927547,56.89106634811039,57.17791366577149,2642900
2017-12-20,57.29093131908632,57.369158806972585,56.71723654780244,56.75200653076172,1665700
2017-12-21,56.925829020029674,56.98667481005866,55.995753868618735,56.09136962890625,3603500
2017-12-22,55.987071755813965,56.48253227437451,55.987071755813965,56.25653076171875,1293900
2017-12-26,56.36083427136615,56.74329735094227,56.36083427136615,56.517295837402344,1563200
2017-12-27,56.49993216222086,56.58685380843882,56.07401145356529,56.30870056152344,1853000
2017-12-28,56.46513075834916,56.5781281723874,56.20436596479334,56.41297912597656,1626500
2017-12-29,56.58683740733266,56.760687281076514,56.18699264526367,56.18699264526367,1539600
2018-01-02,57.4473808050071,59.10761251625094,57.21269173207978,58.38615036010742,5571300
2018-01-03,58.7772970510593,59.68998398296893,58.446985619963534,59.32490921020508,4259900
2018-01-04,59.6639121430691,59.85514369347874,59.11629994737358,59.463993072509766,3698000
2018-01-05,59.62914226585744,60.28106438967883,59.36837739534575,60.133296966552734,2190000
2018-01-08,60.1333084624181,60.24630593140575,59.71607530546299,60.22023010253906,2634900
2018-01-09,60.26368285433867,60.54183602919888,60.055062999422425,60.3071403503418,3141700
2018-01-10,60.037659911043455,60.185427281793906,59.32489224023796,59.481353759765625,2074100
2018-01-11,59.49876358026304,59.689995153697325,59.107612912198775,59.5074577331543,2104500
2018-01-12,59.64653085306893,59.64653085306893,59.33360770161179,59.40314102172851,2372000
2018-01-16,59.542217036493696,59.542217036493696,58.70775756434032,58.82075500488281,4247000
2018-01-17,59.124986791320694,59.36837661831875,58.94244939484317,59.28144836425781,3151900
2018-01-18,59.38575341420636,60.38536856858084,59.38575341420636,60.150672912597656,4383100
2018-01-19,60.289751155811295,60.86343910601385,60.289751155811295,60.85475158691406,3530500
2018-01-22,60.872141480043325,61.0633730331757,60.66352825466931,61.0199089050293,3381200
2018-01-23,60.9329628162738,60.96773277849205,60.324505056684934,60.498348236083984,2344100
2018-01-24,60.7591335452482,61.23720571387718,60.58528369436098,60.96774673461914,2491400
2018-01-25,61.28067966788458,61.767446065089985,61.141599764857446,61.758758544921875,2357300
2018-01-26,62.149896402412224,62.81051254272461,61.48059274371597,62.81051254272461,2885900
2018-01-29,62.47152914090551,63.0104472089508,62.47152914090551,62.62799072265625,2581900
2018-01-30,62.17598265923644,62.65406151834749,61.715292103199175,62.36721420288086,2710100
2018-01-31,62.67144913566143,63.08868223698816,62.19337686288796,62.61060333251953,4320700
2018-02-01,60.480978806383234,61.50666968840057,60.11590407677373,60.802589416503906,5971600
2018-02-02,60.55051551344897,60.79389865353319,59.524824686170355,59.585670471191406,4100000
2018-02-05,59.403130807336694,59.68129056675319,56.89975265783124,56.951904296875,4634300
2018-02-06,55.88276658814699,58.38614521616611,55.50899762960329,57.95153045654297,5225300
2018-02-07,57.786388270440426,58.19492062273527,56.91715864720796,56.978004455566406,3943300
2018-02-08,56.97799542316816,57.10837454062818,54.34422782751347,54.378997802734375,4900700
2018-02-09,54.996161592149406,56.43908271101621,54.6223925689627,55.9001579284668,5678000
2018-02-12,56.26523843207352,56.87369653731092,55.93492691920524,56.49992752075195,4232700
2018-02-13,56.03922568176462,56.37822464870183,55.49161018048672,56.17829895019531,2871300
2018-02-14,55.92622547863004,57.46476547978159,55.80453387343891,57.395225524902344,3556400
2018-02-15,57.847221756272134,58.02975914246363,57.177911375209,57.75160598754883,2064700
2018-02-16,57.63860992505418,58.333996224810505,57.60383994689684,57.65599822998047,3732200
2018-02-20,58.02975298316015,58.76859660076006,57.30829103453126,58.273136138916016,3784200
2018-02-21,58.31661225651793,59.40314928587648,58.15146313760853,58.2818489074707,2517100
2018-02-22,58.62083862194401,59.36837650998002,58.333991300133626,58.61214447021485,4542100
2018-02-23,58.61214848444705,59.472683877119906,58.42091692347638,59.4205322265625,2079900
2018-02-26,59.6117633958163,60.185451443263375,59.26407025376302,60.09852981567383,2493000
2018-02-27,60.107227014683936,60.289764431383055,59.70738220214844,59.70738220214844,1767500
2018-02-28,59.82905574702661,60.26367040746115,58.87290482040928,58.92505645751953,3590100
2018-03-01,58.89891904960224,58.986046300568034,57.26961884965412,57.774959564208984,3217600
2018-03-02,57.19121021676936,57.818537175216235,57.11279767065569,57.74883270263672,2824200
2018-03-05,57.443867798946215,58.52426023073209,57.313173611439105,58.24544906616211,4767600
2018-03-06,58.39357287923498,58.48070677936197,57.93179245704841,58.384864807128906,2046200
2018-03-07,57.94050805144776,58.55912019686743,57.72268659260772,58.39357376098633,2840200
2018-03-08,58.55041462348108,59.28229829615142,58.46328735581149,59.090614318847656,3553900
2018-03-09,59.543685823657874,60.101315014599194,59.090619999787826,60.02289581298828,2438000
2018-03-12,60.08388096696942,60.24942743194113,59.630815177816,59.68309020996094,1976600
2018-03-13,59.857336350616855,60.101301976961736,59.24743890321369,59.32585144042969,2441700
2018-03-14,59.58724123848741,59.6220934716291,58.45456692722564,58.620113372802734,2484500
2018-03-15,58.785662955075416,59.13417865770472,58.62883122126144,58.89021301269531,2120900
2018-03-16,59.07318353325574,59.35199474051345,58.959912117961856,59.15159606933594,4669900
2018-03-19,59.07319530333103,59.230027054123,57.72269930221213,58.16705703735352,3247300
2018-03-20,58.29774475097656,58.65496852553837,58.053779106841155,58.29774475097656,1837400
2018-03-21,58.315152623620456,58.46326959840874,57.67911113279074,57.90564727783203,4014200
2018-03-22,57.43517983988468,58.2106239603599,57.07795598480712,57.11280822753906,3790200
2018-03-23,57.11280647742513,57.252208796695555,55.91914212812984,56.014984130859375,2419900
2018-03-26,56.6422914538245,57.15634688267158,55.997535178730175,57.06050491333008,2790700
2018-03-27,57.287050120662514,57.626851102895486,56.22408021834024,56.520320892333984,3761000
2018-03-28,56.651002261347365,56.85140092893407,55.622888030313966,55.63159942626953,3629200
2018-03-29,55.93655431639967,57.40902967235305,55.71002143593334,56.66843795776367,3967900
2018-04-02,56.56387723545779,56.96466793903764,54.67318848790164,55.265663146972656,2859200
2018-04-03,55.50091240841741,55.93655203404792,55.004279712085186,55.77972030639648,2461000
2018-04-04,55.11754625534312,56.27635480942337,54.60348742569163,56.119529724121094,2759600
2018-04-05,56.47675713413445,57.33932839576141,56.35477762834416,57.08665466308594,3909400
2018-04-06,56.61616326035611,56.860122259777754,55.03041979303919,55.66645812988281,3003800
2018-04-09,56.189230294174656,57.19992520922237,55.91041904991743,56.45061874389648,2733400
2018-04-10,56.90368278240107,58.15833666687181,56.90368278240107,57.67912673950195,3359600
2018-04-11,57.0692090266049,57.26960764727153,56.43316758894129,56.58129119873047,3989500
2018-04-12,56.929824443162715,57.531013914485534,56.86012661469279,57.30447769165039,2229800
2018-04-13,57.58328923307632,57.68784594737644,56.94725416805859,57.26091766357422,2280600
2018-04-16,57.818527583339886,58.21060354363307,57.59199140873015,57.757537841796875,1894900
2018-04-17,58.09734916657107,58.32388538168058,57.513589157812376,58.254180908203125,2944100
2018-04-18,58.24545101177825,58.96861977907593,56.99080405299466,58.56782913208008,3947400
2018-04-19,58.463284187443115,58.79437709298247,58.12348320877783,58.358734130859375,2430000
2018-04-20,58.4284392143449,58.72467992204548,58.16705739301663,58.41973114013672,2890700
2018-04-23,58.64624663652451,58.81179307010673,58.2106037248941,58.532981872558594,2824300
2018-04-24,58.5939915578416,59.125476622722154,57.33933741813856,57.63557815551758,3787500
2018-04-25,57.41774988609109,58.01022464392119,56.80784568537449,57.95794296264648,2914900
2018-04-26,59.61338916862337,61.12071694032619,59.61338916862337,60.98130798339844,5460100
2018-04-27,61.024871867871475,61.4953671027064,60.44111184678142,61.17298889160156,3351300
2018-04-30,61.14684556614442,61.6870452246081,60.54565615974,60.55437088012695,4030500
2018-05-01,60.53695227426247,61.36467128891179,60.35397637039927,61.12071228027344,3192900
2018-05-02,60.90288552332774,61.75674197976236,60.65892653577499,61.36466598510742,3371000
2018-05-03,60.89417145199288,61.04228846067344,60.092590013668065,60.780906677246094,2710400
2018-05-04,60.449827482710454,61.58250207649455,60.26685819861649,61.32111358642578,1656300
2018-05-07,61.44308192360555,61.800312351840994,61.155562613734546,61.27754211425781,1580200
2018-05-08,61.12073046124225,61.20785775490363,60.13617276544818,60.51082611083984,3476600
2018-05-09,60.60665163821059,60.75477530925845,59.735365643883775,60.39754486083984,2286700
2018-05-10,60.963871547366026,61.54763146727391,60.78090231787475,61.51277923583984,2291600
2018-05-11,61.38208353103052,61.69574695889491,61.16426207542376,61.44307327270508,2215000
2018-05-14,61.32979844651344,62.471180559464486,61.18168147637428,62.03553771972656,2981900
2018-05-15,61.54763797719268,61.9048684016387,61.007438303902646,61.3820915222168,2304300
2018-05-16,61.36466531238515,62.192384246419934,61.14684384054613,61.634761810302734,2206300
2018-05-17,61.74804615101,61.90487790944712,61.18170887624344,61.55636215209961,2709500
2018-05-18,61.634758722167355,61.809019879337704,61.31238721432326,61.51277923583984,3478400
2018-05-21,62.00942118536538,62.99397859048859,62.00942118536538,62.81971740722656,3227700
2018-05-22,62.86327393065338,63.07238066847519,62.349211834586534,62.48862075805664,2515600
2018-05-23,62.31436392238892,63.06367031951274,62.262088896156406,63.03753280639648,2816700
2018-05-24,63.03754299444765,63.48190073139201,62.57576246173787,63.08982467651367,5207400
2018-05-25,63.10724300234981,63.63872797524559,62.91555902558288,63.19437026977539,2537100
2018-05-29,62.67159950412595,62.8981357154831,61.88744080895455,62.497344970703125,2074100
2018-05-30,62.802289156763166,63.054962865004214,62.148824732914065,62.61931991577149,3023600
2018-05-31,62.61057614613052,63.10852522116659,61.83307683010936,61.88549041748047,4969800
2018-06-01,62.38346263390948,63.55407749439759,62.261153122734,63.51039505004883,3546500
2018-06-04,63.58023657176964,65.06535191983393,63.47540944802409,64.82073974609375,5339100
2018-06-05,64.7683884615266,64.94310494576598,64.20054989023862,64.87322235107422,4334700
2018-06-06,64.90812453564853,65.83413329358571,64.7683461076568,65.76424407958984,3993000
2018-06-07,65.76426440862328,65.92151185622112,64.58491188414165,64.95182037353516,2965500
2018-06-08,64.9343459889249,65.37987483250822,64.75089175950757,65.32746124267578,3039600
2018-06-11,65.3973503541698,65.84288586195107,65.08285548573642,65.68563842773438,2987200
2018-06-12,65.54585109040967,66.06127575803067,65.31871445730535,65.82540130615234,3591500
2018-06-13,65.88657277778684,66.04382023860515,65.04792187509085,65.15275573730469,2770000
2018-06-14,65.53711458698055,65.95644325151203,65.28377782247541,65.87782287597656,2573500
2018-06-15,65.79921124228348,66.0263479331304,65.22264169167768,65.71185302734375,3173000
2018-06-18,65.15274773997979,65.34493979794497,64.60237836216962,64.90814208984375,2410100
2018-06-19,64.35776563339867,64.81203893226125,64.21799384798175,64.79456329345703,2726900
2018-06-20,64.75087861760177,64.95180178118241,64.01705518386622,64.06073760986328,2371900
2018-06-21,64.26165976540797,65.10904816243998,64.09568121222811,64.41890716552734,2830400
2018-06-22,64.65480094734781,65.397355744856,64.41892644407781,64.92561340332031,3249900
2018-06-25,64.69847083328443,64.75962224245563,63.78993085059541,64.28787994384766,3631800
2018-06-26,64.3053586703763,64.56743995940676,63.87729878563032,63.89476776123047,2148300
2018-06-27,64.16557541861367,64.54995950318104,63.37934494018555,63.37934494018555,2539700
2018-06-28,63.37059691186928,64.75961008733296,63.1871427187893,64.47132873535156,2835000
2018-06-29,64.4888252715387,65.24885582344916,64.45388064863423,64.50629425048828,2602700
2018-07-02,64.11317080903514,64.47134814981403,63.72005551476979,64.42766571044922,1391900
2018-07-03,64.3839808886697,64.462607943616,63.70257751582148,63.8336181640625,1531800
2018-07-05,64.28786787726912,64.61110050222095,63.96464191731976,64.47132873535156,1595700
2018-07-06,64.54120240885153,65.14398514963382,64.45384423344869,64.96926879882812,1440100
2018-07-09,65.17022522742838,65.42356873101616,64.93435736684938,65.23137664794922,1564500
2018-07-10,65.48473748067488,65.62451600171477,65.01299496967535,65.19644927978516,2229700
2018-07-11,64.92561340332031,65.43230036256283,64.73342133843492,64.92561340332031,1296400
2018-07-12,65.3099922677329,65.554597906956,64.84698778420291,65.32746124267578,1769700
2018-07-13,65.34493688262245,65.46723970223401,65.091593423426,65.32746124267578,2088000
2018-07-16,64.86446145454954,64.89940607196867,64.28788526464038,64.65480041503906,2132800
2018-07-17,64.48881030722013,65.35366786215268,64.41018992268253,65.30125427246094,2701000
2018-07-18,65.34493322420957,65.38860899162343,64.92560453401528,65.257568359375,1746800
2018-07-19,65.17020817728388,65.50217865754958,64.89065794732514,65.29251098632812,1951100
2018-07-20,65.2750628828071,66.04382459473331,65.16149119166657,65.51966857910156,4220500
2018-07-23,65.51964533395449,65.80793337302461,65.2138883220633,65.46723175048828,2405600
2018-07-24,65.61572501510271,66.1486185310476,65.53709799447083,65.99137115478516,3279700
2018-07-25,65.82538690006251,66.83876037597656,65.82538690006251,66.83876037597656,2549500
2018-07-26,62.03402526487482,65.51966983383322,62.03402526487482,64.39273071289062,6801900
2018-07-27,64.01705973671487,64.39270596599702,62.26986921261238,62.64551544189453,6406600
2018-07-30,62.584380757762446,63.02117850546598,61.981597733130066,62.33977508544922,4136900
2018-07-31,62.70668101455701,63.5191250584669,62.56690920684367,63.291988372802734,4379800
2018-08-01,63.300714638150986,63.88602188954977,63.222094260352584,63.55405807495117,4001200
2018-08-02,63.28326268729934,63.405565528997194,62.479549729707,63.10853958129883,2263100
2018-08-03,63.13472351484583,63.239557340477475,62.5756231081489,63.204612731933594,1749100
2018-08-06,63.117281536769696,63.527872531506645,63.021185488426774,63.3531494140625,1814200
2018-08-07,63.38807062684273,63.56279367975753,62.986217602643144,63.370601654052734,2810500
2018-08-08,63.274496593739954,63.85106592340919,63.25702762344781,63.48415756225586,3328600
2018-08-09,63.70257289073977,63.77246212006128,62.88139777372509,62.960018157958984,3638600
2018-08-10,62.85518188638469,62.85518188638469,62.19125422848376,62.462066650390625,2341600
2018-08-13,62.374702105035745,62.8027619107999,61.736974640731624,61.77191925048828,1936300
2018-08-14,61.74571245942149,62.26986827576576,61.7195056683547,61.77191925048828,2133600
2018-08-15,61.536057514174466,62.32228798346692,61.317658680481344,62.24366760253906,2811400
2018-08-16,62.6979343005482,62.84645057299606,62.20872304543564,62.53195571899414,2162300
2018-08-17,62.33101691580354,63.02115793167329,62.0689423517407,62.933799743652344,1898100
2018-08-20,62.97748948260223,63.28325320604157,62.86392447947024,63.073585510253906,1697300
2018-08-21,63.3094476738438,63.56279109150198,62.50574165817126,62.5843620300293,5024700
2018-08-22,62.41838483331908,63.13473275075593,62.22619945571702,63.02116775512695,1783600
2018-08-23,63.07358262883413,63.18715429178176,62.76782558436682,62.88139724731445,2553600
2018-08-24,63.09978557130454,63.34439116610912,62.77655294102557,63.204612731933594,2232100
2018-08-27,63.42302672525144,63.93845149345538,63.34440633595147,63.75499725341797,2133700
2018-08-28,63.90350192614284,63.990860129154605,63.54532462928984,63.82487487792969,2728000
2018-08-29,64.03454500805861,64.72467950370407,63.80740833955281,64.61111450195312,2336300
2018-08-30,64.60236538098762,64.97897920995139,64.30457443888633,64.72498321533203,2982600
2018-08-31,64.53226903493488,65.20666684058835,64.505994750349,65.13660430908203,2980300
2018-09-04,65.51323877962244,65.80226268399707,65.14537863212453,65.50447845458984,5077300
2018-09-05,65.32929216796342,65.46943061149592,64.52351616415783,64.87385559082031,4173800
2018-09-06,64.76877369075027,65.45193881105753,64.53229833992273,65.26800537109375,2367100
2018-09-07,65.1366195672702,65.54826125915558,64.82131471404385,65.32929992675781,2950700
2018-09-10,65.54826895931649,65.81102526192844,65.37310254568874,65.5920639038086,2404000
2018-09-11,65.53076837080441,66.67812398332342,65.46069911817854,66.45040893554688,2713000
2018-09-12,66.45038877002426,66.75693330452158,66.14383755335724,66.63431549072266,2351900
2018-09-13,66.75693921783251,67.63278464093254,66.73066492428674,67.553955078125,2903500
2018-09-14,67.58897507148589,68.18455009760561,67.58897507148589,68.04441833496094,2305000
2018-09-17,67.83422897115435,67.89553788676076,67.38755259266644,67.47513580322266,2657200
2018-09-18,67.46635711671252,67.87800544468536,67.37877392999184,67.65028381347656,2228000
2018-09-19,67.7904322242797,68.14952534727772,67.70284902468285,68.0006332397461,3124800
2018-09-20,68.22834503215203,68.64874700225488,67.95682846586809,68.04441833496094,2293500
2018-09-21,68.18456987770452,68.2458787945537,67.72037283839335,67.76416778564453,4064300
2018-09-24,67.78166477335766,68.17579247119127,67.65028664669009,68.09696960449219,1575300
2018-09-25,68.1845509123613,68.28089442377961,67.65904510236892,67.84297180175781,1960400
2018-09-26,67.84297980112372,68.04442717116073,67.2561650221437,67.35250854492188,2964000
2018-09-27,67.52769022885161,67.55396452607204,67.04597918807772,67.08976745605469,2182000
2018-09-28,67.07224454091421,67.91305535069787,67.04597024719759,67.5189208984375,3484800
2018-10-01,67.87802128424475,68.51739139262551,67.72912916385826,68.14077758789062,2786400
2018-10-02,67.99186657590779,68.12324470413893,67.59773887338362,67.70284271240234,1788900
2018-10-03,67.78169086924684,67.87803442041731,66.28399568583114,66.48544311523438,3536800
2018-10-04,66.17887229533233,66.17887229533233,64.72497249372627,65.0315170288086,3137200
2018-10-05,65.03151612051563,65.42564384837819,64.42718070110142,64.97020721435547,2367800
2018-10-08,64.71620207563032,64.94392370138992,63.691464782965106,64.2257308959961,2903800
2018-10-09,63.945479006608274,64.40091570637257,63.682722695325026,63.91920471191406,3180100
2018-10-10,63.84037503867582,63.84037503867582,62.29013151478023,62.3514404296875,3101600
2018-10-11,62.11496059505817,62.78936536489474,60.88877557167688,61.45807647705078,4111500
2018-10-12,62.430254546087234,63.008315675891936,61.63323876422364,62.40398025512695,2340500
2018-10-15,62.36019090080713,62.64046116643571,61.69455319629563,62.0711669921875,2127200
2018-10-16,62.062411405099674,62.92073623566542,61.59821436866727,62.85067367553711,3099000
2018-10-17,62.561641317451254,63.53383031017529,62.18502750331338,63.44624710083008,3257200
2018-10-18,63.30610711256896,63.30610711256896,61.300420260125634,61.720829010009766,4250000
2018-10-19,61.878477936566625,62.10619960822581,60.608498115938474,60.836219787597656,3166500
2018-10-22,60.83621406873897,61.07269604304667,59.89029953584689,60.45083999633789,4823500
2018-10-23,59.37354934819593,60.46835589315712,58.71666542121921,60.19684600830078,3943000
2018-10-24,60.28444184873872,60.67856961478183,59.03198263113409,59.11080551147461,2822800
2018-10-25,59.29474436388065,59.89907996532708,58.60283222116314,59.417362213134766,2772800
2018-10-26,58.87433375123429,59.268461541129184,57.97221398339038,58.769229888916016,2447300
2018-10-29,59.68885595083473,59.93409155508507,57.98971400400155,58.71666717529297,3843500
2018-10-30,58.87433187372055,60.33699216294278,58.68164480670053,60.13555145263672,5427700
2018-10-31,55.00308422646635,56.13292212536528,53.47035494994254,54.74908828735352,14749300
2018-11-01,54.85420741012248,55.668744034129666,54.34621539038225,55.23957824707031,9031800
2018-11-02,55.800106245857215,56.40444167347698,54.00462395303477,54.46006393432617,4037000
2018-11-05,54.67027194608376,55.04688576073386,54.09221407679748,54.74034118652344,4806900
2018-11-06,54.495106021734514,55.58991285540109,54.33745357039971,55.55487823486328,3764600
2018-11-07,55.98403386779746,56.15044662467109,55.265840939110454,55.616180419921875,5380300
2018-11-08,55.38846259059499,56.14168680121908,55.362184957594366,55.940242767333984,3232300
2018-11-09,55.84389896295808,55.84389896295808,55.12570603145113,55.598663330078125,2345500
2018-11-12,55.56363258751936,55.56363258751936,53.85573668076729,53.91704559326172,4020300
2018-11-13,54.6527562221275,56.22052034522819,54.34620831667524,55.20453643798828,5074500
2018-11-14,55.493564003173795,56.22927091747501,54.941780476362894,55.90521240234375,5966300
2018-11-15,55.537358454843314,57.665659771046904,55.02936984397668,57.65690612792969,8750000
2018-11-16,57.33283169938229,58.60281137514888,57.280283120443414,58.252471923828125,7508000
2018-11-19,58.366328098972744,58.436397324102145,56.746015690327624,56.94745635986328,4066300
2018-11-20,56.60588925582804,56.859885239211145,55.83514766230621,56.211761474609375,4253700
2018-11-21,56.55333145432286,57.43793708928919,56.34313045072621,57.394142150878906,5319500
2018-11-23,56.894911707736114,57.402903601721064,56.8598770927541,57.34159469604492,1503900
2018-11-26,57.70945473847901,57.89338147656911,57.08760528622096,57.78828430175781,2990200
2018-11-27,57.525520150500135,57.77951609191789,57.06132320597331,57.770755767822266,4012400
2018-11-28,58.24371875920941,59.85527107833838,57.884618939868886,59.8377571105957,3562300
2018-11-29,59.52246742292097,60.00418518589606,59.373575271518405,59.57501602172851,3098700
2018-11-30,59.610138782036785,60.28642587349712,59.3202985853162,60.20738220214844,4091000
2018-12-03,60.54113300770931,60.927586601368915,60.10198363341892,60.77827072143555,5702100
2018-12-04,60.69042986125497,60.85730873387827,59.021661237680874,59.074363708496094,6602500
2018-12-06,58.27511034780594,58.723044506810325,57.054275838717906,58.661563873291016,4274100
2018-12-07,58.42442353689816,58.7669661768985,56.87862272993563,57.10697555541992,4614400
2018-12-10,57.08063040105231,57.70422167137088,56.184768679141946,57.51100158691406,4465100
2018-12-11,58.02042226396785,58.68793129356625,57.598842551192135,58.13460540771485,3499100
2018-12-12,58.819664226971746,59.50473613169656,58.793316338464976,58.84601211547851,3159600
2018-12-13,58.86357414496407,59.29394531958403,58.4419945342139,58.802093505859375,2796000
2018-12-14,58.21363850223763,58.37173254099414,57.36168766565465,57.7042236328125,2731100
2018-12-17,57.38803654390233,57.94136903952591,56.15842031626749,56.37799835205078,5682800
2018-12-18,56.948894527658496,57.59005564004051,56.44826444846811,57.186038970947266,4907500
2018-12-19,57.44952998076995,57.92380545461574,55.91250366995885,56.25504302978515,4905700
2018-12-20,56.27259235917963,56.46581912787195,54.67408913757047,55.0517578125,4756000
2018-12-21,55.113248958781746,56.46582989669744,54.64775167318431,55.2449951171875,7910800
2018-12-24,54.87611282560949,54.93759347828355,53.927551791177976,53.971466064453125,3202700
2018-12-26,54.22617913071631,56.32530975341797,54.22617913071631,56.32530975341797,4321400
2018-12-27,55.76319337744779,57.642748959714496,55.62266570071551,57.581268310546875,4110700
2018-12-28,57.82719828862666,57.96772933374126,57.06308250870543,57.27387237548828,2881100
2018-12-31,57.6076196591922,58.16973710073477,57.28265336590424,57.80963134765625,2230900
2019-01-02,57.96772707846078,58.67914703923021,57.01038449919767,57.35292053222656,4816900
2019-01-03,57.10697726452512,57.46708293999887,56.32529197485794,56.6327018737793,4642400
2019-01-04,57.203588786135825,58.48590401380806,57.18602576148801,58.4068603515625,4759900
2019-01-07,58.15215622018283,58.91627850278064,58.05554282695021,58.11702346801758,4908000
2019-01-08,58.53861134399162,58.92505822627302,57.32655481528464,57.95893096923828,4764500
2019-01-09,58.27510712464249,59.44324579778673,58.18727861031358,58.95140075683594,3848100
2019-01-10,58.75819850772387,59.16221520282604,58.44201036357627,59.1182975769043,2668300
2019-01-11,58.758188556687465,58.88114984737745,58.36295009299442,58.67913818359375,2490100
2019-01-14,58.248788678712245,58.3805348672317,58.00286603395032,58.0731315612793,4054100
2019-01-15,58.52105723081533,59.39935618988986,58.1258253795875,59.3203125,3893400
2019-01-16,59.19734116732591,60.08442484217132,59.19734116732591,59.95267868041992,4253100
2019-01-17,59.908756553341526,60.94514933980232,59.85606077295988,60.708011627197266,6282400
2019-01-18,61.10326118537331,62.20113493579392,60.70802931557773,62.03425598144531,3396600
2019-01-22,61.52482123581664,61.849787437834735,60.80461663282457,61.18228530883789,4291000
2019-01-23,61.155945207460285,61.472133322780536,60.33034886269146,61.16473007202149,3209800
2019-01-24,61.21742176682185,61.5950905070566,60.936366427639335,61.43699645996094,2613400
2019-01-25,61.612680741594374,61.9903496075289,61.60389587469634,61.770774841308594,1962300
2019-01-28,61.41944009791211,61.8498046669177,61.357959445197025,61.63022994995117,2213500
2019-01-29,61.75317719058064,62.007884608356704,61.41064124619936,61.70048141479492,2427300
2019-01-30,61.972755054175174,63.21115945611455,61.753180375892654,62.99158477783203,4267200
2019-01-31,62.31527759281353,64.14214013081036,61.48089667542993,63.6678581237793,5555800
2019-02-01,64.77453091597269,64.77453091597269,63.28142576504424,63.3516845703125,3831600
2019-02-04,63.483440263154336,63.83476114586273,63.06186056461506,63.7381477355957,2601400
2019-02-05,63.694201047951694,63.85229503798575,63.23748879945632,63.28140640258789,2676800
2019-02-06,63.070647594841525,63.509797084739354,62.97403417099285,63.03551483154297,2052000
2019-02-07,62.72808478494298,62.938881274862155,62.06936083094036,62.455814361572266,2204700
2019-02-08,62.21868232105878,62.807147595976886,61.98154459899321,62.798362731933594,2571100
2019-02-11,63.00914818818071,63.2726404840825,62.88618690366319,63.000370025634766,1760800
2019-02-12,63.29901282224904,63.720599318348945,63.176051490238656,63.65911865234375,3458700
2019-02-13,63.834739299061376,64.08066182252618,63.509766421119345,63.82595443725586,2421100
2019-02-14,63.67666199992923,64.08067863747739,63.57126373326486,63.623966217041016,2200700
2019-02-15,64.12458541863758,64.5725128992534,64.03675689503959,64.49346923828125,2372300
2019-02-19,64.26511792415815,64.75696978072251,64.26511792415815,64.52861022949219,1999500
2019-02-20,64.55495063123902,65.18732672997265,64.33537596922801,65.1082763671875,2816700
2019-02-21,65.02923927035394,65.33664248802604,64.82722761251935,65.02045440673828,2388300
2019-02-22,65.12584950501078,65.72309288500968,65.12584950501078,65.59134674072266,2136500
2019-02-25,65.84605943869268,66.51356837588001,65.67039566528138,65.6879653930664,3457200
2019-02-26,65.61770170024131,65.88997218045652,65.38056397568096,65.79336547851562,3350500
2019-02-27,65.47717886428596,66.4345213492746,65.47717886428596,65.93389129638672,2997900
2019-02-28,65.7929964354597,66.03954298775162,65.15901574791494,65.80180358886719,3375100
2019-03-01,66.18046060600797,67.00815201892836,66.13643153687812,66.77921295166016,2420500
2019-03-04,67.07857326565335,67.14020991095434,65.78419699644198,66.45339965820312,3723900
2019-03-05,66.37416580572977,66.8056291518964,66.18045538336634,66.66474151611328,2162600
2019-03-06,66.8232116937751,66.90246263866304,65.55525031868555,65.80180358886719,2382200
2019-03-07,65.75779262094208,66.00433924102619,65.50243884502882,65.79301452636719,2916900
2019-03-08,65.44960040883983,65.66973224926949,64.63070969372588,65.27349090576172,2818400
2019-03-11,65.63453312438105,66.16284838116388,65.50245263071211,66.1452407836914,2015800
2019-03-12,66.34773764181115,66.66472804035378,66.05716199016527,66.63831329345703,3579400
2019-03-13,66.84964262596975,67.5012377781349,66.60309601396837,67.25468444824219,2485500
2019-03-14,67.16663161801445,67.43959297294045,66.62070890816246,67.36915588378906,1993200
2019-03-15,67.17543569649544,67.91507548289081,67.17543569649544,67.7477798461914,5042400
2019-03-18,67.92389417989435,67.92389417989435,67.36035708938834,67.756591796875,1862200
2019-03-19,67.93269425448494,68.45220222649381,67.62451098991264,68.32012176513672,2064000
2019-03-20,68.39936247585061,68.45219196531762,67.68613749648463,67.95909881591797,2728800
2019-03-21,67.72135596831986,69.08616921430912,67.72135596831986,69.07736206054688,2115000
2019-03-22,68.76920187953463,69.13902184667337,67.95031097064614,68.01194763183594,3152200
2019-03-25,68.03836383964101,68.72518100202481,67.89748291871852,68.35535430908203,2050900
2019-03-26,68.83083011076603,69.51764045644819,68.62831255647072,69.38556671142578,3571500
2019-03-27,69.3239236111298,69.86984628749907,68.73396516069573,69.64090728759766,4062700
2019-03-28,69.81703808515415,70.31013141879639,69.47363283952576,70.16925048828125,3170100
2019-03-29,70.44220651366967,71.69255406699315,70.43339935684561,71.59569549560547,4078700
2019-04-01,72.1063599398591,72.42335021684107,71.30508381374064,72.00069427490234,3661300
2019-04-02,72.07117150786625,72.07117150786625,71.20825835608684,71.79821014404297,2412200
2019-04-03,72.08876388953682,72.15920095955697,70.97049058961365,71.20823669433594,4269700
2019-04-04,70.95288263636557,71.17301443403271,70.48620430017354,70.92646789550781,2246700
2019-04-05,70.9000774180557,71.27870454420791,70.52145029190348,71.03215789794922,2061900
2019-04-08,70.26608028976018,70.6359001385329,69.5616557720016,70.14280700683594,3637800
2019-04-09,69.97551484984069,70.90006460624242,69.93148579186825,70.50382995605469,1966600
2019-04-10,70.4510036444504,70.93528971457663,70.4069745844883,70.58308410644531,1807300
2019-04-11,70.83844910678738,70.83844910678738,69.84345524770052,70.29252624511719,1909600
2019-04-12,70.45979602708714,70.54785413694442,69.60569013533055,69.84342956542969,2226200
2019-04-15,70.07236302728035,70.39815382362796,69.75537266691128,70.0987777709961,1846300
2019-04-16,70.44217952194698,70.67111848640245,68.17041762007067,68.34652709960938,2384400
2019-04-17,68.39938570810996,68.40819286530932,65.14143620518257,65.50244903564453,5641700
2019-04-18,65.6785401523116,65.91628632902126,64.61310272966048,65.4496078491211,4054400
2019-04-22,65.22948135754427,66.51505075156011,65.18545229366958,66.25969696044922,3086400
2019-04-23,66.64712965356405,67.68615238831923,66.32133205509368,67.21946716308594,3411800
2019-04-24,67.07856696470762,67.80940620311924,66.90246419978693,67.16661834716797,4393700
2019-04-25,65.97789464287506,67.2898781164305,65.20303322774679,67.14019012451172,6132900
2019-04-26,67.06097517018866,67.31632222409839,65.91628677492702,67.07858276367188,2408000
2019-04-29,67.07857630708266,67.07857630708266,66.0131389797769,66.4886245727539,2390300
2019-04-30,66.65591287314848,67.3163083377486,66.2420706916934,67.18423461914062,2877900
2019-05-01,67.09617887403749,67.17542982587729,66.2244587111415,66.43578338623047,1782800
2019-05-02,66.48864271474105,67.59810268318878,66.38297698150632,67.17545318603516,2453300
2019-05-03,67.58928793749706,68.31132016703988,67.47481507124961,68.06477355957031,2539200
2019-05-06,66.98171538299916,68.26728451048584,66.73516879935659,68.0823745727539,2489500
2019-05-07,67.63330027373446,68.05595633679611,66.9200753050763,67.52764129638672,2403500
2019-05-08,67.55405604072365,67.87104640854734,67.131399977662,67.52764129638672,1637900
2019-05-09,66.80561594925224,67.13140678630397,66.048361851303,66.92008209228516,2376400
2019-05-10,66.62071715666185,67.19305468554474,65.19426011794634,66.86726379394531,3406700
2019-05-13,66.23326959879721,66.8320284768757,65.9955234477667,66.42698669433594,1930900
2019-05-14,66.63832740827681,67.33394500142512,66.47983217543425,66.8144302368164,2315100
2019-05-15,66.48863668157655,67.0169518640257,66.09239525632069,66.86726379394531,2511800
2019-05-16,66.94647862831958,67.98550094161959,66.83201251642409,67.71253967285156,2544600
2019-05-17,67.07859153792938,67.9327043682547,66.7616010706356,66.9024887084961,2349100
2019-05-20,66.67355487257835,66.89368678553964,65.96913006394509,66.32134246826172,2281400
2019-05-21,66.72637565185765,67.06978085371662,66.2068676298271,66.30372619628906,2649300
2019-05-22,66.1716382187228,66.7351752408403,66.01314301138405,66.54145812988281,2429100
2019-05-23,66.3477322188032,66.49742025091038,65.59928534037695,66.06596374511719,1480800
2019-05-24,66.22444488683654,66.51502045310785,65.94267647290677,66.1275863647461,1641900
2019-05-28,66.19805523799907,66.78800702859711,65.1590325582199,65.3175277709961,2609400
2019-05-29,65.15900737687268,65.33511011506005,64.61307813986971,65.01811981201172,1437200
2019-05-30,65.2030414419549,65.74896400311307,65.05334671328922,65.48480987548828,2104100
2019-05-31,64.34013415884294,64.99172252658673,63.76779002919785,64.66593170166016,2825500
2019-06-03,64.86844084720623,65.79299714617801,64.67472377748722,65.12379455566406,3111900
2019-06-04,65.8458262409332,67.32511227978168,65.44959166823209,67.10498046875,3890500
2019-06-05,67.58048436697479,68.32893138446394,67.41318199536381,67.79180908203125,3195700
2019-06-06,67.79180396819085,68.32163981458753,67.47391189235255,67.8624496459961,2378900
2019-06-07,68.31281543932222,68.99276164086936,68.25100214827249,68.50708770751953,2441500
2019-06-10,68.9309476681315,69.26651130520592,68.76317258673765,69.02808380126953,1386000
2019-06-11,69.3194852374412,69.56673837435802,67.93309580217807,68.56889343261719,1594200
2019-06-12,68.63954825067493,69.09873174650019,68.51591492861132,68.85147857666016,1721900
2019-06-13,69.06343078613281,69.12524409817902,68.4364652676224,69.06343078613281,1833000
2019-06-14,69.28415499997143,69.69035750112283,68.70134505906448,68.8161392211914,1580700
2019-06-17,68.82495239549233,69.79630651718887,68.74547435379657,69.62852478027344,2010900
2019-06-18,70.29967709941755,71.20038598147143,69.87580973677014,71.1385726928711,3411800
2019-06-19,71.05027326987886,71.88917565139468,70.59108977485421,71.80086517333984,2108100
2019-06-20,72.36598703819578,73.11658536595715,71.83615807641307,72.44546508789062,2845500
2019-06-21,72.56025694095024,73.04593740393139,71.71252928140723,72.7721939086914,3514300
2019-06-24,72.82519665131728,72.97531366235837,72.30419320392299,72.6485824584961,1617800
2019-06-25,72.41013543504957,72.99295195408577,72.11872717553146,72.17171478271484,1900800
2019-06-26,72.09226770114344,72.35718563941117,70.13189382196275,71.19155883789062,2373100
2019-06-27,71.52710915349871,72.2865333205196,71.5006187095328,72.1187515258789,1629300
2019-06-28,72.4013249668234,72.43664780326105,71.84500545150023,72.32185363769531,5095100
2019-07-01,73.06360101668676,73.0900914553878,71.61539864580718,71.90680694580078,2254100
2019-07-02,72.11876040993313,72.1805736991823,71.37700093894308,72.15408325195312,1826700
2019-07-03,72.49846767933977,72.84285694451499,72.06577468360679,72.47197723388672,1072900
2019-07-05,72.07462462801656,72.53380818101404,71.79204857913862,72.41901397705078,1296800
2019-07-08,72.2776968424094,72.4013233986925,71.69488689666653,72.03927612304688,1807000
2019-07-09,71.92447380824875,72.85167969927814,71.65073025859748,71.88032531738281,1835200
2019-07-10,72.1099184251022,73.03711755390262,71.94213664778233,72.51612091064453,2758600
2019-07-11,72.93997947231239,73.16074212612516,72.1099164752326,72.87816619873047,1988300
2019-07-12,72.83403857385231,72.96649081436821,71.79203827988523,72.10110473632812,1147500
2019-07-15,72.2159092838833,72.56913102926684,71.75672573088583,72.41901397705078,1732800
2019-07-16,72.5691133586431,73.08128442787802,72.24238214472231,72.47197723388672,2092600
2019-07-17,72.85167954217357,73.05478415857297,72.28652765802988,72.98413848876953,2427700
2019-07-18,72.85169001002988,74.1144529063561,72.7015729929841,73.36386108398438,3647900
2019-07-19,73.65526581491598,73.99082267237422,72.91349968639969,73.38151550292969,2838700
2019-07-22,73.57578977371647,73.63760305803565,72.87817885803263,73.01947021484375,1633600
2019-07-23,73.151903918734,73.78770138911796,72.90465084406048,73.55811309814453,1741400
2019-07-24,73.77888409817805,74.24689986217146,73.38150726556991,74.11444091796875,2843600
2019-07-25,75.20059204101562,76.04831980530291,74.00846834588091,75.20059204101562,4909900
2019-07-26,75.75692440009465,76.51634858155128,74.25573408778017,75.1917724609375,2545100
2019-07-29,75.23590272443641,75.96000389208481,75.2005866317968,75.91585540771484,1987900
2019-07-30,75.46550917262533,76.18961044988067,75.35071501131797,76.08364868164062,2028600
2019-07-31,75.84522846915462,76.03066831841909,73.54929786383977,74.14977264404297,2768800
2019-08-01,74.3616949804724,76.07481541008445,74.29104931103353,75.12995147705078,2164600
2019-08-02,74.8562163651746,75.4478655452215,73.97316552962526,74.79440307617188,1573800
2019-08-05,73.9025254920892,74.17626909118276,71.7125564879113,72.33069610595703,2305000
2019-08-06,72.74571034719159,73.6729162274233,72.10991953641931,73.65525817871094,1781700
2019-08-07,72.93114071114823,74.12326432734987,72.0480901730083,74.01729583740234,1689100
2019-08-08,73.97315006499625,75.76574854560587,73.85835590574496,75.71276092529297,2310800
2019-08-09,75.72158321249243,76.54282047775204,75.48316253290005,75.91585540771484,2132800
2019-08-12,75.83638732011646,76.65762469327356,75.4036943884527,75.5891342163086,2115400
2019-08-13,75.94236545318803,77.95572011051577,75.7569256018176,77.86741638183594,3379000
2019-08-14,76.83423017097662,77.1344641238718,75.74807503113716,75.80105590820312,2448700
2019-08-15,76.06598380057994,76.88722118912509,75.45667668539234,75.74808502197266,2720400
2019-08-16,76.21610298781943,77.18746413767767,76.03066315115798,76.79891967773438,1583100
2019-08-19,77.45237473330418,77.91156486206903,77.09915311205631,77.59366607666016,1339200
2019-08-20,77.86741020543631,78.1323281076053,76.7635968416357,76.79891967773438,1665600
2019-08-21,77.17863731196367,77.54068461809413,76.94904222933057,77.09915924072266,1405200
2019-08-22,77.12565080282637,77.5230276905035,76.50751796040775,77.01085662841797,1485400
2019-08-23,77.04618163737594,77.12565297486385,74.72376047872103,75.08580780029297,1809000
2019-08-26,75.74808257587654,75.96001284239033,75.05047176407939,75.73925018310547,1918800
2019-08-27,75.96000440982684,76.86955212430766,75.73041612039995,76.28673553466797,1891900
2019-08-28,76.0130038534246,77.05500392122677,75.96001623157568,76.76359558105469,1285400
2019-08-29,77.4186844146571,77.65771673357912,76.54224833848752,77.46295166015625,1163400
2019-08-30,77.92331348571729,78.09152094276583,77.31246726792044,77.86134338378906,3789700
2019-09-03,77.56921812488898,77.90562635261396,76.9937774884827,77.71086120605469,3392400
2019-09-04,78.25085999956087,78.26856959945388,77.02030622209821,77.46295166015625,1653000
2019-09-05,78.01186095924528,78.19777129593199,77.39215308272063,77.8259506225586,1930800
2019-09-06,78.3482510602802,79.61421742102812,78.10922546958643,79.4814224243164,2994600
2019-09-09,79.37520208313472,79.50799034276442,77.05573700423463,77.19738006591797,2838000
2019-09-10,76.8078549436006,77.22394282619882,74.77168278569927,76.05535888671875,3847500
2019-09-11,75.88716676717857,77.64003965371987,75.88716676717857,76.76360321044922,2585300
2019-09-12,77.28590562733453,78.10037171183481,77.1088433779426,77.74625396728516,1948500
2019-09-13,77.69315202894593,78.10038514121993,76.8078608924628,76.95835876464844,1869200
2019-09-16,76.63078810244193,77.65772892194678,76.62194005534009,76.94949340820312,1765500
2019-09-17,77.21512035563724,78.10926659981288,76.58656424473759,77.52497100830078,1960200
2019-09-18,77.63118148649943,78.09152990303907,76.83441811726225,77.40985870361328,1807200
2019-09-19,77.35674161223048,78.06497726465727,77.14427361819675,77.42756652832031,1683400
2019-09-20,77.64002633015942,78.2685889513391,77.10885302400399,77.37444305419922,10427500
2019-09-23,77.3567200282405,77.51607266786235,76.66619417462385,76.878662109375,3625100
2019-09-24,77.0202988675313,77.62229687597556,76.09959563377932,76.53338623046875,2675300
2019-09-25,76.44488430492493,76.93179710633721,76.35635654673223,76.84326934814453,1883300
2019-09-26,77.3390580940437,77.87908639431585,77.11773524161208,77.66661834716797,2657800
2019-09-27,77.83480196668994,77.83480196668994,75.87830919293037,76.07307434082031,2169800
2019-09-30,76.26784011270647,77.80824494752892,76.21471804651534,77.4364242553711,2801100
2019-10-01,77.58690865184238,77.85249867391119,75.97567917840418,76.05535888671875,1991500
2019-10-02,75.71009673561437,75.92257147623403,74.15198916314989,74.56807708740234,2129100
2019-10-03,74.36446757091046,75.72781695355219,73.90411907685933,75.46222686767578,3113100
2019-10-04,75.97569867624496,76.73704973037923,75.68355092784161,76.7016372680664,1319300
2019-10-07,76.33864978906114,76.57767539936933,75.92256191719626,75.9491195678711,1205200
2019-10-08,75.5330364073743,76.1350346257473,74.9664506435215,75.25859832763672,2497900
2019-10-09,75.94911961194347,77.17967362497916,75.94911961194347,76.93179321289062,2214200
2019-10-10,76.46259703436165,77.89676433671296,76.46259703436165,77.56035614013672,2691400
2019-10-11,78.34827792178167,78.79092355975784,77.79939489916612,77.93218994140625,2283400
2019-10-14,77.90561563703959,78.18005371258761,77.13540996001245,77.19738006591797,1632100
2019-10-15,77.61347544475686,77.87021069519982,77.03803483198715,77.67544555664062,1350200
2019-10-16,77.24166011668538,77.95874385440737,76.4626062627928,77.03804016113281,2301700
2019-10-17,77.46296899391429,78.03840954300176,77.17082131840658,77.77281951904297,1529200
2019-10-18,77.57807650353298,78.14466241210921,77.46299106262234,77.89678192138672,1769400
2019-10-21,78.33055763102134,78.87943377721558,78.22432027003136,78.30399322509766,1694200
2019-10-22,78.41907397114925,78.53415936312376,77.01145784846317,77.05572509765625,1475400
2019-10-23,77.27705481621366,78.20660634513692,77.27705481621366,77.86134338378906,2784800
2019-10-24,70.3806402092237,72.74436574995107,68.19397018116521,70.00881958007812,12806500
2019-10-25,68.29135824221197,69.02615151204253,66.98997918110457,68.41529846191406,9896900
2019-10-28,68.47727625376784,69.86718323426737,68.17628047336333,68.919921875,3658800
2019-10-29,68.84025944449272,69.336020454817,68.22055142735016,68.92878723144531,2965900
2019-10-30,68.99072304219602,69.03499029077268,67.48573114986358,68.06116485595703,5089500
2019-10-31,68.05232192571239,68.2028197754131,67.65393692127398,67.90181732177734,4535700
2019-11-01,68.2736644428022,69.39798137179821,68.20283952094391,68.9730453491211,5046700
2019-11-04,69.23861459998616,69.48649502186501,68.2824986119664,68.90220642089844,3026000
2019-11-05,69.08813001865148,69.08813001865148,68.26480888528914,68.59236907958984,2638000
2019-11-06,68.66318146600538,69.61044275438775,68.45071347489939,69.3802719116211,3214900
2019-11-07,69.00843660197316,69.32714192934621,68.6100583198743,69.05270385742188,3535500
2019-11-08,68.8579534603375,69.64586214526862,68.76942568474992,69.50421905517578,3037500
2019-11-11,69.3359908168094,70.24783946569764,69.22975346533565,69.81404876708984,3040500
2019-11-12,70.14160539048584,71.57577241597966,69.9379854988162,70.91180419921875,4688100
2019-11-13,71.53153778818509,71.82367877598698,70.93838750016407,71.60235595703125,3788300
2019-11-14,71.46071358903932,71.7174488721372,71.20397830594143,71.4784164428711,1995300
2019-11-15,71.30135062123483,72.16008412451501,71.30135062123483,72.09811401367188,2030400
2019-11-18,71.92102702743553,72.48761263318153,71.57576413500385,71.8147964477539,2556100
2019-11-19,71.89450175893577,72.53191254100503,71.47841378984967,72.3017349243164,2310700
2019-11-20,72.11580647433549,72.80633239687646,72.01842392072233,72.59386444091797,3250900
2019-11-21,72.46106779215275,72.9745381987883,72.00071943897788,72.815185546875,2243900
2019-11-22,72.62042706771516,72.81519218828848,72.27516408278426,72.611572265625,3072500
2019-11-25,73.07192562470443,73.24898113675945,72.47878222966177,72.62928009033203,2271100
2019-11-26,72.72668530404769,73.32868368849807,72.44339234396733,72.60274505615234,3778900
2019-11-27,72.51420018996055,73.14275608599642,72.37255036617115,73.00110626220703,1374800
2019-11-29,72.77978977718124,73.36408521952922,72.50535166263131,72.56732177734375,854300
2019-12-02,72.68243114355055,72.96572415472338,71.8414069162607,72.46996307373047,1929500
2019-12-03,71.97417298740233,72.24861108174895,71.28364021885253,71.71743774414062,1657600
2019-12-04,71.86794193764983,73.13390865995646,71.86794193764983,72.97455596923828,1928100
2019-12-05,73.00117481016183,73.3828689767711,72.46858003106541,73.21421813964844,1454700
2019-12-06,73.5071400847,74.14625652174531,73.47163286349638,73.82669830322266,2005500
2019-12-09,73.79119278539687,73.79119278539687,72.25554437367387,72.3886947631836,2988400
2019-12-10,71.74070858690962,73.24085673239217,71.57205095474929,73.04557037353516,3200500
2019-12-11,73.18758279318635,73.79119201667348,72.84139584745358,73.68467712402344,2939200
2019-12-12,73.80893609605225,74.39478822002529,73.44499221703308,74.12849426269531,2319600
2019-12-13,74.24389549090277,74.59896091056167,73.8355726286034,74.52794647216797,1836600
2019-12-16,75.02502293701708,75.17593028943614,74.27939176072404,74.43917083740234,2870200
2019-12-17,73.39174665717125,73.9154629319572,72.14902100492515,73.89771270751953,3486000
2019-12-18,73.96873581437899,74.35043002144423,73.66692778510586,74.26166534423828,3911300
2019-12-19,74.21728395495066,74.27941990985562,72.8769149022165,72.98343658447266,2814900
2019-12-20,73.23195436347457,73.64915567190256,73.01003935025193,73.22307586669922,3904900
2019-12-23,73.489361374248,75.14928776746814,73.23193919953638,75.02500915527344,2201600
2019-12-24,75.02504932058655,75.25584290635213,74.69661932747384,75.17595672607422,628600
2019-12-26,75.31795691266959,75.37122112297853,74.43917532412577,74.85637664794922,838600
2019-12-27,75.06943716271911,75.06943716271911,74.50133506813755,74.60785675048828,798100
2019-12-30,74.65221047952194,74.7587321258775,73.73792169164068,74.05747985839844,866300
2019-12-31,74.01309957496268,74.26165010135713,73.8089415365254,74.22614288330078,1292700
2020-01-02,75.45110670641262,76.22337341308594,74.72322571260781,76.22337341308594,2957800
2020-01-03,74.98954039757965,76.12574442640036,74.9096474540134,75.89495086669922,1871700
2020-01-06,75.71741273837955,75.97482821964458,74.6966022217386,75.70853424072266,3500000
2020-01-07,75.19368124441269,76.27662757777134,75.18480274775814,75.88605499267578,4803200
2020-01-08,75.99258125629821,77.21754974906976,75.93044532055565,76.98676300048828,3576600
2020-01-09,76.88025881362563,77.29746023650678,76.21451359132011,76.81812286376953,2098900
2020-01-10,77.19979598697407,77.27081041665464,76.02808498647981,76.25,3118900
2020-01-13,77.64362940563625,80.15570909377136,77.31519273324848,79.33018493652344,5007700
2020-01-14,78.78870420387096,79.24140593187481,78.016437558904,79.18814849853516,3836300
2020-01-15,79.1792897371233,79.84503490903512,78.72658789628652,79.49884796142578,2561000
2020-01-16,79.88942506885658,79.88942506885658,79.28581580855503,79.88054656982422,2243900
2020-01-17,79.74740142118728,79.82729437311477,79.18817784693854,79.64976501464844,4474900
2020-01-21,79.46337205087546,81.54937982933927,79.27696414196626,80.83924865722656,4284900
2020-01-22,81.31854990319545,81.54046494893666,80.4042609983112,80.91910552978516,2815400
2020-01-23,80.80369353496044,81.15875891059557,80.35986350849373,80.86582946777344,2129400
2020-01-24,80.99010229650844,81.19426709092684,80.34211424265426,80.58177947998047,1610800
2020-01-27,79.60535359285196,80.74155737382436,79.10826613175372,80.35986328125,2222400
2020-01-28,80.51076046642125,80.72380374559339,80.12019466588922,80.37761688232422,1952200
2020-01-29,80.5196827326828,80.92800574792801,80.31552461121625,80.3332748413086,1548200
2020-01-30,79.75625960164001,80.510769341365,79.24141511201715,80.45751190185547,1608500
2020-01-31,80.13796202033008,80.1734692411171,79.04614376344617,79.1970443725586,1796500
2020-02-03,79.87168777703461,80.4575401341408,79.57875821232574,79.61426544189453,1498500
2020-02-04,80.47528191754722,81.32743494912505,79.95155884583077,80.66168975830078,2213300
2020-02-05,81.07001835136748,81.35406938182537,80.28887293837523,81.05226135253906,3185000
2020-02-06,83.35131284161521,84.32773792629956,82.3305020280451,82.81871795654297,3888400
2020-02-07,82.29496824249867,82.51688327069189,80.9368493535256,80.99898529052734,2306000
2020-02-10,80.51080530481471,81.12329322200401,80.11136078544651,81.02565002441406,2597700
2020-02-11,81.51384309741482,81.9310445021417,81.14989914101552,81.5315933227539,1706500
2020-02-12,81.54048483101498,81.83341438817297,80.87473953146215,81.1587905883789,1590900
2020-02-13,81.09663210103867,82.45475105124386,80.76819540647348,82.17070007324219,2146100
2020-02-14,82.46362210916733,82.93408086413389,81.5759620364579,82.6766586303711,1740200
2020-02-18,82.18847641333892,82.24174064460269,80.81260680268687,81.86004638671875,1820600
2020-02-19,81.98428905736799,83.05835698769495,81.85113868517837,82.69441986083984,1616300
2020-02-20,82.64116670701911,82.99623215626731,82.02868574868388,82.60565948486328,1778200
2020-02-21,82.25947570800781,82.69443411696597,81.87778152049356,82.25947570800781,1529500
2020-02-24,80.57292592714394,81.07002032176011,79.17042773959548,79.47222900390625,2380600
2020-02-25,79.72964771309769,80.09359168606726,76.51631499559532,77.21756744384766,2620400
2020-02-26,77.92768297663748,78.73545016661204,77.11990901435362,77.25305938720703,3126900
2020-02-27,75.8648364478472,77.43997434625742,74.95713112815703,74.99272155761719,3004200
2020-02-28,72.80352335343751,74.38756181529928,71.7178322397192,74.28077697753906,4659600
2020-03-02,74.19178956555105,77.62684226522056,73.77353083323514,77.58234405517578,3370100
2020-03-03,77.35094466051515,79.1841631447901,75.25075735660761,76.45214080810547,3240700
2020-03-04,77.65353349475647,81.1063811832939,77.50224366399213,81.03518676757812,4342500
2020-03-05,79.23757691827238,80.03849717209232,76.90601057703512,78.00060272216797,3821800
2020-03-06,75.72241699721248,76.70132314899001,73.81801068470944,75.9804916381836,3442800
2020-03-09,71.77122554482641,72.7323297424572,69.50195287644364,69.76892852783203,4109100
2020-03-10,71.64664061871107,74.13838401005574,70.06260224511578,73.84471893310547,3490500
2020-03-11,72.01151566205881,72.88363045053612,67.97132344218646,69.38628387451172,3652900
2020-03-12,65.05241018581272,68.75443850661804,63.43277449282877,67.1614990234375,6982400
2020-03-13,69.90241624782398,72.36746336209484,65.48845774452145,72.07379150390625,5774200
2020-03-16,64.66085846855968,68.64765113409898,61.4927745158212,63.69085311889648,4351900
2020-03-17,65.28379469942661,72.33187989816504,64.85663493459059,71.64665222167969,5921700
2020-03-18,67.8111369763648,75.83812870528448,67.58865948393647,75.27748107910156,7524300
2020-03-19,75.80253333017471,75.8203285426319,68.66545818734932,69.56426239013672,6492100
2020-03-20,68.38956684254728,70.07149582312184,65.88892247460294,67.4106674194336,6097400
2020-03-23,66.60974548346587,66.82332192899902,62.01781456240295,63.9044189453125,4664000
2020-03-24,65.02571134413496,67.39287476317241,64.16249771823745,65.77323913574219,4685100
2020-03-25,64.76762786025243,66.61864169374971,64.26037959515169,65.47065734863281,5993700
2020-03-26,66.23599692347662,71.85132645678978,65.77324674331882,71.34407806396484,4465700
2020-03-27,69.41295830510597,71.78901563299969,67.96240790268368,71.00589752197266,4446300
2020-03-30,71.96699736512561,73.85360151785218,71.46864333372163,73.14167785644531,2371200
2020-03-31,72.67003633437751,75.07279003915735,71.86911616962662,72.25177764892578,2767600
2020-04-01,70.09820428346535,71.94921862238863,69.25279254061223,70.00032043457031,3017800
2020-04-02,69.72444210088773,73.29298284392792,69.39517976995774,73.16839599609375,3161100
2020-04-03,72.46535241471543,73.58664061934573,71.37076041671183,72.45645141601562,3271000
2020-04-06,74.78801324562814,76.02498720602746,73.67562610214154,75.58003234863281,2874100
2020-04-07,77.19077495733292,77.42215340880247,73.39976405815007,73.42646026611328,2793000
2020-04-08,73.95150835996492,75.80252250704562,73.11499770442676,75.1795883178711,2951500
2020-04-09,75.13507974758551,78.13407802069698,74.30746341639882,77.32425689697266,3891200
2020-04-13,76.18516995208907,77.06617865394355,75.25966304945042,76.53223419189453,2498200
2020-04-14,78.14298338364947,78.82821778452852,77.44885477250595,78.5345458984375,3784200
2020-04-15,77.76921176772953,78.60572909738367,76.99498784840246,77.32425689697266,2059200
2020-04-16,78.07177191219333,80.85718650588062,77.03947352099128,80.56351470947266,4647200
2020-04-17,81.72041509178061,82.76160788407456,81.05298277013485,82.71710968017578,2503900
2020-04-20,82.67262154030958,84.71051579118982,82.12087502168492,83.77610778808594,4202900
2020-04-21,82.6014414706259,82.61923668229676,80.0029060403363,80.1808853149414,2693100
2020-04-22,81.4089431411135,81.4089431411135,80.07407857803284,80.57242584228516,3960900
2020-04-23,80.86611430941453,82.21877435753758,80.11858646980083,81.26657104492188,3147400
2020-04-24,82.10309265981294,82.74382890054356,80.63473990638427,82.6904296875,2309300
2020-04-27,83.65151523384378,83.66041623226138,82.2899544232681,82.46793365478516,2318400
2020-04-28,82.72601096035342,82.77050916440362,80.8393998138714,80.9817886352539,2174300
2020-04-29,81.47125351956943,82.23657657164323,80.60803983598802,81.41785430908203,3023000
2020-04-30,81.99629269509134,82.99299416715976,78.78371760678392,79.00619506835938,3588900
2020-05-01,78.76591480452694,78.76591480452694,77.06618390299012,78.16967010498047,2644900
2020-05-04,78.463350034398,78.62353407936354,77.03949562885619,77.66242980957031,2679800
2020-05-05,78.49893002283146,79.80709830483028,78.16076679740891,78.9705810546875,2571900
2020-05-06,79.31764991849863,79.70921236308747,78.19636857358519,78.24085998535156,1866300
2020-05-07,79.09518425338334,79.2286720874778,78.08958857688849,78.70362854003906,1526400
2020-05-08,79.63803201493158,79.78932185216594,78.16078516775599,78.38326263427734,1318200
2020-05-11,78.09848611632164,79.60242906470113,77.78701904354914,79.13967895507812,2401800
2020-05-12,79.56685905655048,79.88722042109536,76.35428330447465,76.43437194824219,2550700
2020-05-13,76.43433327115595,77.41323245110947,75.29525009524849,76.13176727294922,3002300
2020-05-14,75.18847864776538,77.63573064811158,75.01049939989309,77.35095977783203,4521900
2020-05-15,77.26197940216028,78.59684428940525,76.48775532334757,77.5645523071289,3430000
2020-05-18,78.6858326481605,79.41555850311016,76.97720724966477,77.26197814941406,4210300
2020-05-19,77.09288574115327,78.01839277443764,76.68352803614785,76.9949951171875,2393100
2020-05-20,77.80480706514382,79.54902930102348,77.43994082111918,77.79590606689453,3312100
2020-05-21,77.59125678852148,77.93832115303866,76.37207761734916,77.03060913085938,1534100
2020-05-22,77.31535744809892,77.5111386814715,76.77251195173774,77.35985565185547,1345300
2020-05-26,78.23199988509806,78.28539231828523,75.90043298678036,76.0962142944336,3006600
2020-05-27,75.76691226709308,76.97719001746182,74.44984969664445,76.92379760742188,4007700
2020-05-28,78.08958693574267,79.02399496529296,77.11958848802358,78.49004364013672,4514900
2020-05-29,78.84603073404493,80.18979683892219,78.17859818247659,80.1008071899414,5070300
2020-06-01,79.74482856230576,80.91950938642232,79.5312520823229,80.43895721435547,1768000
2020-06-02,80.35885794941696,80.96399688720703,79.89610104962121,80.96399688720703,2041600
2020-06-03,80.9818084312058,81.49795785068075,80.10969366073179,80.51905822753906,1759400
2020-06-04,79.62226944996154,80.35397665823103,78.6763990529971,79.08686828613281,1794400
2020-06-05,79.33671290394561,80.21118862636642,78.68531188760937,79.58656311035156,2837100
2020-06-08,78.15884050767346,79.55087386509895,77.40036467769039,79.22071075439453,4814000
2020-06-09,79.47948598648772,79.82749262318363,77.64129638671875,77.64129638671875,2666000
2020-06-10,78.0071289053647,78.31052325288105,76.9095718557093,77.48957824707031,3076100
2020-06-11,76.74003045732455,76.94526841798003,74.27720896899191,74.5716781616211,4084300
2020-06-12,76.13326594076011,76.1511094680684,73.85783156214274,74.92862701416016,4703800
2020-06-15,74.01843158081043,75.22307700676623,73.58119379071384,74.75906372070312,4328700
2020-06-16,76.16896165339135,76.74897501966718,74.88400980292286,75.83879852294922,3735800
2020-06-17,76.14218103458593,76.55265018745209,75.46401135215577,75.93694305419922,1992700
2020-06-18,75.41046393725964,75.78523918246565,74.53598155720594,74.82152557373047,1856800
2020-06-19,75.84770440461419,76.10647974247284,74.98214715920236,75.39261627197266,4432700
2020-06-22,75.33016982302475,75.54433299467426,74.39323147671332,74.9197006225586,1932300
2020-06-23,75.2587810093092,75.553250260132,74.40214875884031,74.50030517578125,2655400
2020-06-24,74.17908072666641,74.47355003106358,72.59074104778591,73.59014892578125,3289500
2020-06-25,73.70612096587303,76.27602401909633,73.4830394818311,76.14217376708984,3941600
2020-06-26,76.01725348885687,76.29387236803527,74.78583926199649,75.23200225830078,3654600
2020-06-29,75.71385940355906,75.8120158077575,74.65199609763218,75.1606216430664,3412600
2020-06-30,75.09816154964518,77.0255822239915,75.0446173587555,76.82926940917969,3343700
2020-07-01,77.15943830278066,78.21238336417929,76.95420030603941,77.90898895263672,2755900
2020-07-02,78.20345603566119,78.22130636944507,77.56990534448587,77.81975555419922,2536800
2020-07-06,78.3194541147856,78.97085512428441,78.13206646194806,78.62284851074219,2724400
2020-07-07,77.39144067590776,77.8376036972408,75.81201976796065,76.29387664794922,4541600
2020-07-08,76.56156777680178,76.6864928627929,74.71445336775402,75.11599731445312,3722500
2020-07-09,75.13383891593298,76.74895344277684,75.13383891593298,76.46340942382812,2445800
2020-07-10,76.32956687959869,76.67757347506938,75.65139721318346,76.05294799804688,2213300
2020-07-13,76.30279699608697,76.7400348231678,74.27721319472194,74.47352600097656,3028100
2020-07-14,74.03627742025179,75.55322865349143,73.95596455303703,75.53538513183594,4071100
2020-07-15,76.65972368450781,78.0963621642312,76.18678522438269,77.71266174316406,2587000
2020-07-16,77.7305299300276,77.7305299300276,76.29388431237824,76.57050323486328,1187800
2020-07-17,77.007746445555,78.34623561801835,76.75788941471913,78.13207244873047,1980200
2020-07-20,78.08744060065773,78.52467838088297,77.4985022450061,78.36405944824219,1411100
2020-07-21,78.46223157900867,79.35455764868561,78.3640751667116,79.12255096435547,1528400
2020-07-22,79.12255014976402,79.80964502876968,78.74777483825598,79.5954818725586,1619800
2020-07-23,79.49732389751301,81.03212578063084,79.49732389751301,79.85425567626953,2013500
2020-07-24,79.70255471321428,79.79178594789975,78.81915391638661,79.64901733398438,2362000
2020-07-27,79.71147510331703,80.63056970053474,79.44377460739251,79.67578125,1419600
2020-07-28,79.74717373451043,80.12194900493347,79.3010107531763,79.64901733398438,1288600
2020-07-29,79.79178747292839,81.60320812250087,79.66686238039973,80.96073913574219,2220500
2020-07-30,75.84769614200661,76.83817836566999,73.99165676722247,76.74894714355469,8532500
2020-07-31,76.45450648451438,77.31113879039111,75.63356804237105,77.07913208007812,4038200
2020-08-03,77.59666017262658,77.73943558575667,74.17013195238154,74.20582580566406,4450800
2020-08-04,73.85783434221923,74.277228732786,72.21595745172887,72.34980773925781,5473300
2020-08-05,72.67994001939724,73.26887836650576,71.44853275895147,71.79653930664062,5130400
2020-08-06,71.57347212186396,71.73409108423121,70.20821434569613,71.71624755859375,5485200
2020-08-07,71.82332006697996,72.37656465502849,71.37715705310747,72.03748321533203,3401000
2020-08-10,72.1356390698544,74.38430466717742,71.7162515190921,74.15229797363281,5767100
2020-08-11,74.50922955259774,75.2141679904635,73.81321628197048,74.00952911376953,3685200
2020-08-12,74.21476069100554,74.79477402218177,73.54551611070401,74.49138641357422,3170000
2020-08-13,74.22367882313515,75.77632419605581,74.21475365669619,75.52647399902344,3301000
2020-08-14,75.39263252645848,75.60679569852562,74.22368747920139,74.50923156738281,2757000
2020-08-17,74.3932283002573,75.39262916031689,74.3932283002573,74.68769073486328,2583900
2020-08-18,74.9554097316385,75.41941641544945,74.7590968549806,75.19633483886719,2289400
2020-08-19,75.24986422103679,75.40155802932802,73.75968121695865,73.96491241455078,3174500
2020-08-20,73.66152479796831,74.27722519865277,73.53659968432751,73.96491241455078,2391900
2020-08-21,74.06305788056164,74.1879829757276,73.28673181096703,74.14336395263672,2975800
2020-08-24,74.52705639196589,74.85721942678433,73.95596835891682,74.82152557373047,2642800
2020-08-25,74.93754588850432,75.63355912951488,74.79477045039569,75.49078369140625,2775900
2020-08-26,75.05353624400382,75.39261765436012,74.2950605476317,75.26769256591797,2067100
2020-08-27,75.49076684074252,77.53419388917258,75.08029775966443,76.98094940185547,3252200
2020-08-28,77.3075806102492,77.37917162827124,75.93843482023027,76.98542785644531,2516400
2020-08-31,77.18231615520574,78.07718358888928,77.11967570793976,77.91610717773438,2736900
2020-09-01,77.76397781823239,77.83556884822451,76.0368834766267,76.555908203125,3102700
2020-09-02,76.72593435915942,77.10178388233169,76.21586017838662,76.87806701660156,5148500
2020-09-03,76.75277092205211,77.0838743050582,74.0592250680021,74.694580078125,3139700
2020-09-04,74.38138934635609,74.97199834845254,72.92275094622774,73.64759826660156,3143800
2020-09-08,73.20909479679753,73.64758470842852,72.35002297089189,72.74376678466797,2819500
2020-09-09,73.38807624547971,74.68563122440221,73.119613298732,74.14871215820312,2759800
2020-09-10,74.05027269143811,74.77511305510296,73.5849446767227,74.39031982421875,2620400
2020-09-11,74.59613939675981,75.02567188163489,73.79075745349934,74.36347198486328,2342900
2020-09-14,74.80195697374444,75.741570402873,74.34557955026685,74.44401550292969,1833400
2020-09-15,74.8556673871354,74.8556673871354,71.91155250675617,72.04578399658203,3446600
2020-09-16,72.5647829443313,73.37016484498942,72.05470887846373,73.09275817871094,3769300
2020-09-17,72.5379392578086,73.72811437425963,72.04576635204677,73.66547393798828,2607400
2020-09-18,73.52229866827452,74.98092987022919,73.52229866827452,74.24713897705078,5497500
2020-09-21,73.20910134001684,73.25384744187103,70.90929234702129,71.8131103515625,2721000
2020-09-22,71.67887977639606,71.78626632582115,69.8265044694175,70.73927307128906,3184400
2020-09-23,71.05247089122514,71.4730596495511,70.05021697409298,70.09496307373047,2028200
2020-09-24,70.15760740677672,71.01667931453765,69.54909728536731,70.42606353759766,3797400
2020-09-25,70.22025668187628,71.5536073996247,70.02338473147769,71.26725006103516,2231300
2020-09-28,72.09051905138807,72.57374829007166,71.03457519514544,71.1777572631836,1793200
2020-09-29,71.04353318232049,71.9563018929112,70.7124297359615,70.77507019042969,3590500
2020-09-30,71.13300591508003,72.66322831109818,70.72136774076782,71.9652328491211,3055500
2020-10-01,73.39701993011,73.72812332046075,71.0882672650387,71.33882904052734,2110300
2020-10-02,70.99875863178983,71.52673381705047,70.37235433805151,70.5423812866211,1536700
2020-10-05,70.84664122425319,72.20684331899838,70.75715586132681,72.09945678710938,2398800
2020-10-06,72.01893877078528,73.35228942241861,71.83996117598062,72.00103759765625,2565500
2020-10-07,72.4037256245189,73.39702217130908,71.83100419938992,73.06592559814453,1506600
2020-10-08,72.48426143444037,72.752724392894,70.30078273242107,70.56029510498047,4324400
2020-10-09,70.56028777207129,70.73031474990847,69.55804072956816,70.24708557128906,4039100
2020-10-12,70.54240328254546,71.58044598259887,70.2828909007079,71.25829315185547,2714500
2020-10-13,71.12406535473843,72.33213500303708,70.95403836065982,71.67887878417969,1972600
2020-10-14,71.87575252575873,72.78851431077739,71.58939521797868,71.62519073486328,1658700
2020-10-15,70.90929795311877,72.2426554280672,70.90035419387812,72.09052276611328,2154200
2020-10-16,72.15316125683971,73.65653887137572,72.15316125683971,73.21805572509766,1779800
2020-10-19,73.26279168131416,73.92499160215425,72.2605378013512,72.65428161621094,2627900
2020-10-20,72.94064625416584,73.23594731781924,72.28739002515172,72.60954284667969,3188200
2020-10-21,72.7706188064619,73.58495144119333,72.29634016306738,73.1464614868164,2788100
2020-10-22,73.26279713184411,73.75497010973895,72.72587122534573,72.88694763183594,1933800
2020-10-23,73.1375255723047,73.31649634577408,72.34108719666301,72.56480407714844,1677000
2020-10-26,71.82206739970943,72.42162698564108,71.16881112126197,71.59835052490234,2380600
2020-10-27,72.11735905903305,73.37912534511842,71.88469845529944,72.14421081542969,3333400
2020-10-28,71.08826334959434,71.53569701755042,69.89808815428019,69.93388366699219,3098600
2020-10-29,70.75717085437978,71.50886308229113,68.98533025289352,69.87125396728516,3326400
2020-10-30,69.13744927968854,69.90703570131251,68.03675950033937,69.41485595703125,2644200
2020-11-02,69.93390281893345,71.37464017049274,69.68334098862711,70.39923095703125,2228800
2020-11-03,70.51555544775228,71.77731496013082,69.10166328518336,69.13745880126953,3807700
2020-11-04,69.94284750174062,70.53345650513178,67.5803910062842,67.7146224975586,6719400
2020-11-05,68.99429162977329,70.15762225814781,68.06362849253328,69.58490753173828,4611000
2020-11-06,69.9338862583592,70.89139407017333,69.5311918458995,70.63188171386719,3141100
2020-11-09,73.14646529901557,74.13081815342068,72.36793496732008,72.4574203491211,5990800
2020-11-10,72.66323137257656,73.28964265950188,70.83770785385948,72.9764404296875,5213100
2020-11-11,73.37019600388108,73.67445455214033,71.9294585550994,72.42163848876953,5525100
2020-11-12,72.3142396790196,73.54021059809324,72.05472728765523,73.07488250732422,3289200
2020-11-13,73.28069750728314,74.09503019247774,73.07488180984295,73.70128631591797,2195000
2020-11-16,74.12186525422634,74.16660452596145,71.80415523578895,72.46636199951172,3391200
2020-11-17,71.9920837649583,72.37687704231651,71.66098717726886,72.28739166259766,3877200
2020-11-18,72.25159013678596,72.82430471211569,71.92049357663062,71.9652328491211,3946100
2020-11-19,71.88469709096559,71.91154201955639,69.99652640405496,70.5871353149414,2622800
2020-11-20,70.37237135264112,70.65872864577032,68.89583878635452,68.92268371582031,2878800
2020-11-23,68.67211478174907,68.92267653371522,67.39245426795422,67.80409240722656,3049400
2020-11-24,68.0188717085925,68.51104467297411,67.36561551484691,68.0367660522461,4588500
2020-11-25,68.14414369763922,68.1530942819454,67.29401569823412,67.46404266357422,1910700
2020-11-27,67.79515666673313,68.22468919881197,67.43720833846977,67.98307800292969,811800
2020-11-30,68.11730163811035,68.80634645817825,67.66091740142886,68.07255554199219,5824500
2020-12-01,68.55580219991639,68.98533479216032,67.47301330504229,67.57144927978516,3037900
2020-12-02,67.83989850922518,68.33207833263403,66.92713672352676,68.32312774658203,4112900
2020-12-03,67.80692943433975,68.69569835230203,67.67226581664217,68.51615142822266,5419500
2020-12-04,68.40843349263574,70.2757520309936,68.31866001179263,70.02438354492188,3223500
2020-12-07,69.83583752382485,70.5989221701238,69.5754897081651,69.81787872314453,3816400
2020-12-08,69.61138849354371,70.25776822140563,68.93807741856664,69.96150970458984,3628600
2020-12-09,69.98845058808175,72.35850534699435,69.95253983727697,71.19143676757812,5307900
2020-12-10,71.44279504877552,71.88268969755855,71.02983174696041,71.06574249267578,2793700
2020-12-11,70.6707563232795,71.37997839302862,69.78198731024469,71.22735595703125,3881500
2020-12-14,71.64926706555734,72.35848882110366,70.76049844626904,70.76947784423828,3686800
2020-12-15,70.29367913898065,71.7749580281281,70.18594690098243,71.47870635986328,2923500
2020-12-16,71.49666484207263,72.6368088716059,71.26324839638255,71.81985473632812,2331400
2020-12-17,72.05327462957895,73.28318531725053,71.8288375727892,72.7535171508789,2471400
2020-12-18,72.69964355276926,72.95101192281453,72.11610592272164,72.59191131591797,4513700
2020-12-21,71.8557640055159,71.92758550259884,70.05128827463741,70.96699523925781,2472200
2020-12-22,70.26672383073038,71.35300479716973,70.09615639036392,70.61685180664062,2370300
2020-12-23,70.92210703047495,71.27222827673403,70.41937023569785,70.69766998291016,1979200
2020-12-24,70.75152455568859,71.46972576510986,70.60788842336895,71.45176696777344,743200
2020-12-28,71.71212471547499,71.96349996824956,70.77846575299532,71.15552520751953,1254500
2020-12-29,71.69417053848156,72.22383867950994,71.55052754135686,71.81985473632812,1366100
2020-12-30,71.97244772618107,72.13404262266167,71.01185774412221,71.10163116455078,1344700
2020-12-31,71.10165748085957,72.08020661875075,70.6707421636019,72.03531646728516,1770200
2021-01-04,72.2597748662374,72.70864911635564,71.20043136198724,71.9276123046875,3467100
2021-01-05,71.93657371059813,73.37297656780713,71.3620153074251,72.91512298583984,2714100
2021-01-06,71.4607709126136,73.10365212022039,71.4607709126136,72.66375732421875,3062200
2021-01-07,72.68168817572088,73.36397867600547,72.15202006380994,73.1574935913086,1688400
2021-01-08,73.19342323984948,73.74105029146874,72.75352845797181,73.34603881835938,1728300
2021-01-11,73.7948890351981,74.41433739879902,73.00487319483075,74.03728485107422,2285500
2021-01-12,73.65127182453075,73.93855100839538,71.7211115973422,72.32260131835938,2897700
2021-01-13,72.19691224762518,74.37844075780892,72.03531728949025,73.97445678710938,4140100
2021-01-14,73.58842099258175,73.95649419267203,71.67621294453463,71.86474609375,3308800
2021-01-15,71.86475332647504,72.06225219680707,71.1196206022364,71.85577392578125,1646200
2021-01-19,72.3225780785005,72.40337896167607,70.5270820439854,70.76947784423828,3018100
2021-01-20,70.61688924537344,71.59543166956814,70.4911981737101,71.38894653320312,2903700
2021-01-21,71.07472249316132,72.12508623067006,70.7874433465963,71.8288345336914,2278600
2021-01-22,71.84679282171055,71.94554567917324,71.37996673583984,71.37996673583984,1294600
2021-01-25,71.35304545911896,72.46625155129055,71.04780744314871,71.9096450805664,1683500
2021-01-26,71.90067049241797,72.76251503681107,71.03883279730204,72.54705047607422,1606400
2021-01-27,71.91860995040356,72.2148685047628,69.80890301797695,70.04231262207031,2822100
2021-01-28,70.22186656241682,71.11961477855762,69.23434489451702,69.26127624511719,4950500
2021-01-29,67.51065753903954,69.82684938923748,67.32213125113154,68.97399139404297,4084200
2021-02-01,69.54854871802094,69.94356008693794,68.39045280855723,68.56999969482422,3291700
2021-02-02,69.13560322767636,69.84482525507978,68.64183888920675,68.6957015991211,4132600
2021-02-03,68.52513292932845,69.90766620479424,68.08523130808274,69.38697052001953,2488900
2021-02-04,68.83933389707241,72.25975242914383,68.73160164475564,69.2882080078125,3495700
2021-02-05,69.55754529463952,70.07823413310992,69.25230729347624,69.39595031738281,1824500
2021-02-08,69.61139761365426,70.17697652499531,69.1355921542169,69.6652603149414,2204600
2021-02-09,69.71014708742985,69.77298918564469,68.91115176043763,69.11763000488281,1804000
2021-02-10,69.60242623219197,70.07823174644426,69.15355207168587,69.67424774169922,5499600
2021-02-11,70.14107066258484,70.17698141570405,69.6832239711856,69.898681640625,1798900
2021-02-12,70.02437394245482,70.9041703723366,69.80891624812163,70.67973327636719,3542800
2021-02-16,70.63482641105965,71.00289959976972,69.36002565129304,69.84481048583984,2665800
2021-02-17,69.43183028036819,69.90764249601656,68.99193565758657,69.73706817626953,3570500
2021-02-18,69.84479848234682,71.21835185286706,69.60240268209394,70.76947784423828,2185400
2021-02-19,70.76949381640213,71.04779357279459,69.88969754724559,70.41937255859375,2926400
2021-02-22,69.97947863463298,71.01189056998525,69.73708960250212,70.80541229248047,2653500
2021-02-23,71.3260797965925,72.16996515493192,69.9794577222759,70.15003204345703,3434400
2021-02-24,70.24880702646713,70.62585968233562,69.55754382404157,70.48222351074219,2503700
2021-02-25,70.44169325145673,71.05407336089876,70.2255611159821,70.82893371582031,2613100
2021-02-26,70.97301476083966,71.09009176569519,69.1628970825995,69.96439361572266,4875400
2021-03-01,70.30659954670188,70.59477798255455,69.88333596607417,70.18952941894531,3914100
2021-03-02,70.62180235710832,71.13512047406066,69.9103602527855,69.95539093017578,3433400
2021-03-03,69.57715036175243,69.86532880165515,68.90173149910082,69.47808837890625,2469700
2021-03-04,69.496082175334,69.59514413772504,68.35237616052086,68.82066345214844,3920400
2021-03-05,69.26196293330466,70.51373879624843,69.18991659871533,70.29759979248047,2456400
2021-03-08,70.43268108803994,71.41429344849496,69.92837051501571,70.49571990966797,1553500
2021-03-09,70.73887951119578,71.2882207970132,69.55914309424001,69.5861587524414,1976500
2021-03-10,69.65820776883962,70.12650209807464,69.30699045727185,69.99141693115234,2089400
2021-03-11,69.91935257894912,70.279577307696,69.44205773341345,70.00940704345703,1637600
2021-03-12,70.24356558524532,70.58577535438222,69.83831699361698,70.2075424194336,1462500
2021-03-15,70.25257401998043,70.86495410541545,69.84731855229636,70.84693908691406,1482700
2021-03-16,70.85593796685028,71.1080932294291,70.27057360974054,71.0810775756836,1919600
2021-03-17,71.26118554070557,72.23379028654696,70.85593699862942,71.7655029296875,3792700
2021-03-18,71.67544734839574,72.51296702391663,71.60340789051051,71.9186019897461,2060100
2021-03-19,71.8555706784786,72.79215243601578,71.56739220467615,72.31485748291016,3976500
2021-03-22,71.86457727288871,73.43154727481243,71.60341446078196,73.161376953125,3121400
2021-03-23,73.30547147247935,74.36813089615367,73.17038630822847,73.48558044433594,2732400
2021-03-24,73.11633503467583,74.25103361496167,72.97224239994526,73.91783142089844,2282900
2021-03-25,74.32308947579965,75.30470178147962,73.96286471343345,75.11558532714844,3634900
2021-03-26,75.1155873474223,77.52907751754141,74.8994483617599,77.40299987792969,4634100
2021-03-29,76.9797336326752,77.9523314649598,76.29530733752182,77.47503662109375,3124000
2021-03-30,77.24090278069828,77.7902440385324,76.65554522757476,77.0698013305664,3778900
2021-03-31,77.13283844250891,77.32195490680705,75.90807830834517,75.9531021118164,3100200
2021-04-01,75.76398841741413,76.13322072124485,75.08856950420655,75.93509674072266,2298600
2021-04-05,76.3223418788279,77.17786980646899,75.95310955232544,76.79963684082031,1893900
2021-04-06,76.24128545851066,76.78161918118224,76.0341539816166,76.47542572021484,1885800
2021-04-07,76.58349702393231,76.75460534059883,75.91708564590324,76.26830291748047,1017000
2021-04-08,76.40338514504921,76.80864062060677,75.60188857407637,75.64691925048828,2174700
2021-04-09,75.92608448879585,76.48443322896225,75.46680460341884,76.47542572021484,2781300
2021-04-12,76.54748061674458,76.98875240473451,75.98913181408203,76.13322448730469,1726300
2021-04-13,75.44877915405995,76.77260105753359,75.40375535798019,76.35834503173828,1504700
2021-04-14,76.36735925139871,76.49343688464754,75.80000303106328,76.2232666015625,1576500
2021-04-15,76.27730914046145,77.82627100068105,76.23228533379542,77.26792907714844,2879700
2021-04-16,77.68217575307264,78.21350195384535,77.35797415335118,77.95233917236328,2884600
2021-04-19,77.83526620976589,78.0964289817368,77.21387868781042,77.91631317138672,2706600
2021-04-20,78.04241090248854,79.21313294998586,77.96135705641315,78.41163635253906,2041400
2021-04-21,79.01498787112533,79.34819693478244,78.6817856781832,79.1590805053711,1839800
2021-04-22,79.15007870987628,79.51931095874026,78.60974503389171,79.25814819335938,2423000
2021-04-23,79.1230573120208,79.53731332922277,78.78084761191003,79.13206481933594,2377300
2021-04-26,79.24914741342043,79.24914741342043,78.35759642881995,78.67279052734375,1644300
2021-04-27,78.32158566630572,78.53771781512856,77.6011360092734,78.1324691772461,1657200
2021-04-28,78.24953749264118,78.5557309944551,77.84428886425592,78.33959197998047,1999600
2021-04-29,78.85289664328515,78.85289664328515,75.49381743149426,76.86266326904297,2486900
2021-04-30,77.08780754999553,77.41200916522163,76.46642684640901,77.16886138916016,2805500
2021-05-03,77.4660395313444,78.2225122478711,77.17786108474283,77.93433380126953,2004800
2021-05-04,78.28554057101384,78.94295121423914,77.69116873981986,78.74482727050781,2732700
2021-05-05,78.69081031668105,78.69081031668105,77.57411954352861,78.07843017578125,2424000
2021-05-06,77.93432345138933,78.87090499614301,77.76321515963461,78.82587432861328,1989100
2021-05-07,78.77185150928219,79.17710007784142,77.80825420850016,78.00637817382812,2486500
2021-05-10,78.51068500705045,78.86190224869358,77.86228183148911,77.88929748535156,3584400
2021-05-11,77.86228261545632,78.13245289823234,75.23265359539465,75.2686767578125,4241200
2021-05-12,75.15161228714771,75.57487592770453,74.77337932479702,74.83641815185547,2426100
2021-05-13,74.7914037255631,75.49383842109806,74.6112878608633,75.10659790039062,2955300
2021-05-14,75.3947582369288,75.98912327035359,75.20564177762472,75.52083587646484,2193500
2021-05-17,75.51181782900193,75.80900373959595,74.54822064947913,74.61125946044922,2372700
2021-05-18,74.30509374930888,75.10659037241486,73.91785326741478,74.6833267211914,2110800
2021-05-19,74.47619329199476,74.63829411443227,73.8728206804228,74.278076171875,1765600
2021-05-20,74.30507859986001,75.1245832051901,74.24203978406538,74.7103271484375,1950300
2021-05-21,74.8093996603224,75.54785740820739,74.7823840027085,74.8003921508789,1596200
2021-05-24,74.95349333806085,75.22365678855508,74.51221468870193,74.53923034667969,1676400
2021-05-25,74.34110366854789,74.61126708429016,74.06192587368366,74.1609878540039,2330500
2021-05-26,73.60264885128392,74.49419983791884,73.37750922743659,74.22402954101562,2994800
2021-05-27,74.3140859706366,74.32309347962786,73.11634836201631,73.67469024658203,5048600
2021-05-28,74.10696598950045,74.42216011672734,73.73773367566562,73.95387268066406,3617300
2021-06-01,74.2600565102193,74.5482349686808,73.86380855331609,73.97187805175781,3355600
2021-06-02,74.10696807745983,74.2330457319028,73.21541698655105,73.48558044433594,2461100
2021-06-03,73.31389228412422,73.98260527379716,72.88917811311548,73.8199462890625,2397200
2021-06-04,74.21754715500519,74.49768626893726,74.03681802516945,74.32598876953125,1938300
2021-06-07,74.38020421557958,74.47057567254629,73.33196287963285,73.43136596679688,2753000
2021-06-08,73.75668577167124,73.81994165652208,72.52770838510553,73.27774047851562,2489500
2021-06-09,73.53075387682858,74.44344473331527,73.35001789457421,74.41633605957031,1707200
2021-06-10,74.40730469469717,76.06100289595008,74.36212586556705,75.98870849609375,3455700
2021-06-11,76.13329746540634,76.35921229468055,74.20850560196459,74.31694030761719,6107100
2021-06-14,74.37117665126405,74.84107653905913,73.7566879399169,74.79589080810547,2994500
2021-06-15,74.79587089293776,74.91335100438717,73.69341243157967,74.05487060546875,2286300
2021-06-16,74.16331243974943,74.53381603189672,73.70244430383076,73.8922119140625,1911200
2021-06-17,73.64824966274128,74.06393220774588,72.98857519051938,73.33197021484375,2668300
2021-06-18,72.84398479470728,73.60305538150315,72.54577553802002,73.03375244140625,4311300
2021-06-21,73.32292350672626,73.84704761582267,72.66325600249637,73.65727996826172,2042300
2021-06-22,73.66629658169487,73.81088536619538,73.32290856006523,73.4946060180664,1937300
2021-06-23,73.45846609632814,73.76570695225784,73.11507804069373,73.13314819335938,3107200
2021-06-24,73.4132725447244,73.90124934714242,73.17832611325743,73.557861328125,1972700
2021-06-25,73.73860404322129,74.57900754255691,73.71149536491593,74.27176666259766,6398300
2021-06-28,74.48864380963195,74.48864380963195,73.39521677481966,73.7837905883789,2290300
2021-06-29,73.72954941954718,74.13620018845377,73.45845580131522,73.97354125976562,1740600
2021-06-30,74.04585489766059,74.09103373192418,72.54577695487518,72.74458312988281,3139000
2021-07-01,72.69938038693618,73.75666689799911,72.60901584518338,73.6211166381836,4813200
2021-07-02,73.62112431585858,73.93740369216331,73.44942684256173,73.88318634033203,2826400
2021-07-06,73.64823258633277,73.8470387344508,72.49154979114407,73.25965881347656,3312600
2021-07-07,73.3409878638062,73.98258510244622,72.96144573999095,73.96450805664062,1676300
2021-07-08,73.64822643081867,73.89221138669738,73.02469936281247,73.4946060180664,1900500
2021-07-09,73.64822766689929,73.76570088549803,72.50058347174895,72.68131256103516,2441300
2021-07-12,72.63613021454702,73.2867659971876,72.53672714251175,73.02470397949219,2324900
2021-07-13,72.94339089903593,73.54884106751885,72.94339089903593,73.27774047851562,1989400
2021-07-14,73.25965937881882,73.40424817651984,72.71746517618669,73.19640350341797,1751200
2021-07-15,73.04277260263696,73.54881953327899,72.88915219788811,73.2506103515625,1637900
2021-07-16,73.48556319653487,73.93739278010786,73.3229042706737,73.575927734375,1585900
2021-07-19,73.28676676783633,73.5669058348693,72.07586663303445,72.53672790527344,3108600
2021-07-20,72.82589476771282,73.79281677212046,72.52769245854162,72.78071594238281,2108100
2021-07-21,73.00663459517656,73.00663459517656,71.87706048687338,72.53672790527344,1769900
2021-07-22,72.58193407277034,72.94339926812219,72.34698066163536,72.75363159179688,874600
2021-07-23,73.06989822890044,73.48558071757336,72.72651014548558,73.32292175292969,1826700
2021-07-26,72.88915211272491,73.28675746017666,72.48250134875782,72.9885482788086,1890500
2021-07-27,73.0789348452694,75.1392770807168,72.8710901591722,74.19947052001953,2300600
2021-07-28,74.27176129804172,77.42553037662712,73.48557521210205,74.01873779296875,4563800
2021-07-29,71.61500104857345,72.73553667398777,69.86189976307763,69.92515563964844,7327400
2021-07-30,69.61790861353875,70.48542065582414,69.03052872919898,69.89804077148438,7506600
2021-08-02,70.12395670876296,70.46735163757019,69.41910359397143,69.77153015136719,3352200
2021-08-03,69.43715339494749,69.59078066277614,68.67808315360048,68.93110656738281,4447100
2021-08-04,68.89495811500127,69.01243819379295,67.74731425374885,67.90997314453125,5005500
2021-08-05,67.74735202789509,67.74735202789509,66.51837458882048,67.28648376464844,6988400
2021-08-06,67.39491189736894,67.97325329480459,67.28647029995977,67.6208267211914,2991200
2021-08-09,67.60275040511544,67.70215348022158,66.8165712221148,66.87078857421875,2286200
2021-08-10,67.05150882834174,67.15995041261138,66.6358264302001,66.7352294921875,2377700
2021-08-11,66.87078469010149,67.21417272410342,66.70812574886416,66.85271453857422,1774100
2021-08-12,66.95211573693759,67.10574306112439,66.455107247358,66.74427795410156,1445600
2021-08-13,66.69005499290806,67.55756704018701,66.46414018181335,67.3768310546875,2968600
2021-08-16,67.57564412158781,68.51545065944588,67.4400938421554,68.3889389038086,3631100
2021-08-17,68.48834876649916,68.84077539130861,68.21724818078069,68.61486053466797,2979900
2021-08-18,68.73231658350934,68.85882832002895,67.98228468682099,68.01842498779297,3169100
2021-08-19,67.9732622646493,68.34375903953531,67.61179711995926,67.79252624511719,3020700
2021-08-20,67.60275675283395,68.34375717678373,67.45817483552312,67.94615173339844,3286800
2021-08-23,68.17205478569146,68.17205478569146,67.41297744443024,67.60274505615234,2532200
2021-08-24,67.54854526084893,67.81060733400193,67.1961186197336,67.34973907470703,2119100
2021-08-25,67.15094015010831,67.20516441224908,66.50934268550792,66.69007873535156,2951300
2021-08-26,66.51835146875777,66.87077799040064,66.0755604097861,66.66293334960938,3090300
2021-08-27,66.96116220846082,67.22322426979825,66.69006851679659,66.84368896484375,2619900
2021-08-30,67.09671186145984,69.32875172951333,67.09671186145984,68.67811584472656,9337000
2021-08-31,68.66003106469182,69.01245761148571,68.04554251488172,68.87690734863281,5213400
2021-09-01,69.17512424553644,70.38602443452108,68.53352005626266,70.12396240234375,4001300
2021-09-02,73.46146308562616,75.25719078333967,72.7359150034645,73.51587677001953,8205800
2021-09-03,73.50682589648908,75.41138131176199,73.26195043319736,75.0123291015625,5100100
2021-09-07,74.66769086024715,75.95553225394104,74.35933047453258,75.59275817871094,5812300
2021-09-08,75.42951666516161,76.10065118371175,75.00325760912968,75.05767822265625,3050700
2021-09-09,75.21185039465017,75.21185039465017,73.80610341272494,74.11446380615234,3519800
2021-09-10,74.32305461696549,74.3593327175168,73.19846117723579,73.388916015625,2512400
2021-09-13,74.5769887390391,74.60419558002751,72.85381730993711,73.12589263916016,2906600
2021-09-14,73.26192973907074,74.17793254495085,73.080546196219,74.1597900390625,2867700
2021-09-15,74.17793731417312,76.33643205797775,73.86957696829298,75.79227447509766,5895700
2021-09-16,75.78321461793111,76.06436816484828,74.58606498783064,75.47486114501953,2691700
2021-09-17,75.22092486630918,75.84670309617049,75.01232751012844,75.82856750488281,4507900
2021-09-20,75.13929589874542,75.42951378890525,74.29584907432147,74.63141632080078,2811900
2021-09-21,75.13928366875591,75.48392211427235,74.28677264729862,74.32304382324219,2002700
2021-09-22,74.5770004142748,74.72210589537595,73.47054257860063,73.50682067871094,2445500
2021-09-23,73.59750731130964,73.83331148583052,73.21659766585718,73.27101135253906,2738500
2021-09-24,73.10777013752393,73.52495791914491,73.035213935675,73.32543182373047,2008800
2021-09-27,72.94452515734002,73.334506109218,72.4547811536323,73.07149505615234,2264200
2021-09-28,72.98078672867723,73.45238811467912,72.5998771185212,73.21659088134766,2932900
2021-09-29,73.27102327739726,74.63142102056615,73.25288076599087,74.19609069824219,2548300
2021-09-30,74.37748061082466,74.84908211344526,72.92639108044509,72.94452667236328,3095300
2021-10-01,73.07150285940583,74.06006222782987,72.33689023506574,73.72449493408203,2885000
2021-10-04,73.46146206980299,73.99654841051009,72.37314688094901,72.93544006347656,3158300
2021-10-05,73.26195459373128,74.54073183848814,72.99894352383076,73.33451080322266,2756300
2021-10-06,72.99894352383076,73.39799575669237,72.25525967489659,73.33451080322266,2949500
2021-10-07,73.5975095742472,74.27770835604369,72.98986698981724,73.08055877685547,3316000
2021-10-08,73.19846857609124,73.5612426989331,72.5364122022952,72.73593139648438,2641200
2021-10-11,72.48196663038789,72.64521458349257,71.50247891175977,71.57503509521484,2010500
2021-10-12,71.49343208014591,71.67481566384838,70.99461684595383,71.38459777832031,1394400
2021-10-13,71.39366846976581,71.88341244510495,71.16693553225733,71.46622467041016,1491100
2021-10-14,71.73828852204875,72.48197216086118,71.73828852204875,72.45476531982422,1754000
2021-10-15,72.55453007044123,72.88102600930536,72.26431222693304,72.2824478149414,1783600
2021-10-18,72.19174112865464,72.19174112865464,70.68623853863505,70.90390014648438,1822900
2021-10-19,71.13972696807906,72.30966972767725,71.09437761393697,72.26432037353516,2527800
2021-10-20,72.42756737295825,74.12353217236411,72.35501117505706,73.68820190429688,2270000
2021-10-21,74.0963391033194,74.16889532148511,73.2710346095453,73.87867736816406,1349100
2021-10-22,74.00562478156637,74.58606051166966,73.88772615241216,74.54071807861328,1348400
2021-10-25,74.70397454821155,74.91256498651875,73.67913719006926,73.78797149658203,2621100
2021-10-26,73.90588091056951,74.4772524538607,73.61566297024468,74.17796325683594,1557700
2021-10-27,74.57699876240262,74.7221042402897,74.15980408004489,74.3139877319336,2764000
2021-10-28,74.65862321003726,76.45435116348632,71.03996737640814,71.29390716552734,7344300
2021-10-29,70.84043754316355,72.01945155256513,70.34162232703058,71.611328125,7995500
2021-11-01,71.82898103648006,72.69964147464047,71.52062760910837,72.39128112792969,3375600
2021-11-02,72.70871635878316,73.29822337708583,71.95596134955575,72.81755065917969,2152200
2021-11-03,72.88102288477702,73.40704486587771,72.17361735401212,72.59080505371094,1648900
2021-11-04,72.63615740671176,72.76313421203393,70.60463231165458,71.02182006835938,2638900
2021-11-05,70.8767100568489,71.9196828415348,70.52300726577081,70.77694702148438,2606800
2021-11-08,71.03088693540548,71.72922126517317,70.57742110795284,71.41179656982422,1626400
2021-11-09,71.33018676539773,71.37552920335578,70.34162751488212,70.46859741210938,2476800
2021-11-10,70.5502188338582,72.16455617703116,70.5502188338582,71.66574096679688,2494400
2021-11-11,71.70201827414647,71.9559580440662,71.35738671773252,71.79271697998047,1776100
2021-11-12,72.1645518544305,72.29152173318658,71.65667233940617,72.06478881835938,1216200
2021-11-15,72.17362255292477,72.29152117676526,71.33924709342422,72.14641571044922,1609700
2021-11-16,71.93783559937062,72.5092001860928,71.81993694731904,71.92876434326172,1978100
2021-11-17,71.84714896951245,72.6905959455041,71.3846117454289,72.17364501953125,2249700
2021-11-18,72.5545442393973,72.58175108639259,71.7292329773907,71.74737548828125,2099000
2021-11-19,72.02850542013158,72.2189602242476,71.42993416710107,71.8833999633789,2381400
2021-11-22,72.01037737968443,72.4910500670206,71.45714849669837,71.87433624267578,1708000
2021-11-23,71.58411975263878,71.71108963779199,70.79508667832408,71.11251831054688,1707300
2021-11-24,71.13065434153931,71.41180095764608,70.19651578668406,70.39604187011719,1338800
2021-11-26,70.49580318137653,70.74067169272651,68.97215766814422,69.1898193359375,1281100
2021-11-29,69.2170286685657,69.80653567107193,68.91773954000008,68.95401763916016,2506600
2021-11-30,68.83612668478007,69.07193089595353,67.40317274514699,67.6299057006836,3440600
2021-12-01,67.88384800225415,69.48005000539541,67.58455882928875,68.09244537353516,2502400
2021-12-02,68.17436187053006,69.74012481075752,68.07422538398707,69.39420318603516,2726700
2021-12-03,69.77653622669017,71.13292093444394,69.60357194786407,71.05099487304688,2510300
2021-12-06,71.36049358055934,73.37231430652528,71.20573974284811,72.13426971435547,3046400
2021-12-07,72.38918547658191,73.68185483590347,72.31636460956125,72.71690368652344,2793600
2021-12-08,72.88074914557993,73.69093930589332,72.66227269493976,73.38143157958984,1886700
2021-12-09,73.25398092402664,73.98223802008881,72.67137246908065,73.33590698242188,1935500
2021-12-10,73.6545431649864,73.96405093672848,73.20847804183978,73.60902404785156,2131300
2021-12-13,73.70912709070306,76.25803675266305,73.20844481046215,75.73915100097656,3103800
2021-12-14,75.76652054669377,76.24899275361065,74.92901441415093,75.111083984375,2662700
2021-12-15,75.34772679322035,75.7209640189032,74.22802900665285,75.28400421142578,2300500
2021-12-16,75.18388295748724,76.5584782948141,74.79244912237418,76.3855209350586,3076100
2021-12-17,76.78603614341438,77.45967578468704,75.77557320888549,76.13059997558594,4688100
2021-12-20,75.67548228895976,75.79382924591638,74.55578394936849,75.111083984375,2631700
2021-12-21,75.32952986302477,76.79515631688538,75.19297947724598,76.3490982055664,2731000
2021-12-22,76.57669325486853,77.73280524007362,76.03959682896777,77.66908264160156,2301000
2021-12-23,77.87844848632812,78.36092050455022,77.67817551003037,77.87844848632812,2033700
2021-12-27,78.10602481083663,78.89800450537535,77.82381884296626,78.83428192138672,1220700
2021-12-28,78.86159113204035,79.2894457467672,78.66132511334597,78.97083282470703,1227800
2021-12-29,79.08007941375189,79.5898601206121,78.84339253760626,79.37138366699219,1280300
2021-12-30,79.57165837140217,79.66268965028397,78.62491779150032,78.69773864746094,1346600
2021-12-31,78.52477562254415,78.94352503131121,78.12422969014051,78.1424331665039,1788100
2022-01-03,77.85112408763827,79.13468786654074,77.55072160225383,79.08007049560547,1899800
2022-01-04,79.18021921399287,80.11785460129217,78.78877845621108,80.10874938964844,3346300
2022-01-05,80.1178507411145,80.9371461185368,79.88116386647222,79.9813003540039,2966500
2022-01-06,80.07233178848401,80.27260476394294,78.9708373687011,78.9981460571289,1507300
2022-01-07,79.48061756879235,80.11785039077486,79.31675849402441,79.60806274414062,1750600
2022-01-10,79.53524829037444,79.82655256393055,78.23348079864896,78.57029724121094,2912800
2022-01-11,78.55209924113309,78.81609484264924,77.2048125411959,78.6158218383789,2403300
2022-01-12,78.2881060178657,79.0436789404777,77.91486869034324,78.68865203857422,2169400
2022-01-13,78.61579707098716,78.92530474717498,77.80560704186021,78.18794250488281,2568400
2022-01-14,77.96037558226078,78.35181632876834,76.75874465383501,78.05140686035156,2246700
2022-01-18,77.9148600587148,78.58850682714015,77.54162971778226,78.16065216064453,2258900
2022-01-19,78.27898465335603,78.63401148200504,77.55982578512727,77.92395782470703,1827000
2022-01-20,78.06961283666428,79.71730179555978,78.02409372759075,78.27898406982422,2504900
2022-01-21,78.879807377115,79.03456124422097,77.84203552850585,78.54298400878906,2348400
2022-01-24,77.55072999802671,78.33361147731044,76.49474774401938,78.25167846679688,3510600
2022-01-25,77.30493978267323,78.22437167157099,76.38551483901684,77.44149017333984,2697900
2022-01-26,77.18658472866083,77.86932960330907,76.40370338344499,76.71321105957031,3888000
2022-01-27,77.02272822697341,78.46104581063452,76.52204585758498,77.04093170166016,2665400
2022-01-28,77.31405122327226,77.69638679175029,75.71187419719612,77.64176940917969,2588600
2022-01-31,77.64177752595096,77.8784644505703,76.8406924017874,77.77832794189453,2568500
2022-02-01,77.91486079200504,77.91486079200504,76.27627685976582,77.31404876708984,3340700
2022-02-02,76.97722009298822,77.9876832404969,76.44013069768172,77.87844848632812,3203500
2022-02-03,77.77830034997885,78.47924871680462,77.34134056301977,78.37911224365234,4585100
2022-02-04,77.97857143598272,79.42598723935139,77.46878387248555,78.93441009521484,3673200
2022-02-07,79.18020697248043,79.49881987833693,78.34270126177705,79.08007049560547,2676200
2022-02-08,79.080068053015,80.51837869006135,78.97993157923301,80.48197174072266,4744300
2022-02-09,80.8734187377096,81.65630023638865,80.65494227966285,81.42871856689453,2887900
2022-02-10,80.92803387122794,81.23754157287738,79.7172978601486,79.88115692138672,3295100
2022-02-11,79.51702707957763,79.81743652427912,78.12422849354085,78.20616149902344,3490000
2022-02-14,77.91486737638972,78.1151403833666,76.7678606104642,77.78742218017578,2384900
2022-02-15,78.49747141250296,78.85249825638583,77.61445343583586,77.91485595703125,1702200
2022-02-16,77.62355419041009,77.73279589404589,76.28537978338932,77.49610900878906,2879700
2022-02-17,73.55440745406786,76.27628261312718,72.42559723321864,75.37506103515625,5189300
2022-02-18,75.0018069633229,75.68455190371866,73.90031262624663,74.96539306640625,5029000
2022-02-22,75.10196027385244,77.15930076662823,74.59217949325897,76.88619995117188,3888300
2022-02-23,76.93170894387643,78.37001980628996,76.64040468684112,78.05140686035156,3153200
2022-02-24,77.5582206832935,77.71348158516712,76.17912871771489,77.31163024902344,5266900
2022-02-25,77.41208732914454,79.42136471929196,77.14722683324398,78.78205108642578,3174200
2022-02-28,77.8596149449933,78.94645520155039,77.06503337490575,77.60388946533203,4376200
2022-03-01,77.4668833375588,78.36192938796125,76.24305239728984,76.84583282470703,2961700
2022-03-02,77.22028863302039,78.7089799853189,77.05589271323316,77.84133911132812,2454000
2022-03-03,78.06055032917465,78.4806717890086,77.54909932902848,77.80482482910156,1540500
2022-03-04,76.84581731288786,78.68157032072878,76.80928411738915,78.56283569335938,1979600
2022-03-07,78.19755457720949,78.19755457720949,76.55359484392632,77.613037109375,3204700
2022-03-08,77.1928994934801,77.29336407460106,73.46660281989202,73.4757308959961,3159800
2022-03-09,74.27944347790051,74.67216673678023,72.38889359631602,72.82727813720703,3453500
2022-03-10,72.02356384001892,72.66287749078398,70.95499375174178,72.13316345214844,2751000
2022-03-11,72.53500935878306,72.53500935878306,70.023409253828,70.18780517578125,3833000
2022-03-14,70.7358083776997,71.97790968638886,70.50748103372004,71.22899627685547,2452700
2022-03-15,71.77697020918549,72.09663401928498,71.19245284991257,71.85003662109375,1720700
2022-03-16,72.27929462795426,72.79074558626482,71.21985950459714,72.11489868164062,2288900
2022-03-17,71.87743743768785,72.69941718201655,71.21072556639673,72.55329132080078,2662700
2022-03-18,72.62635790683657,72.72682249479705,71.04633660163567,72.26103973388672,3895600
2022-03-21,72.16055694724486,72.99166463949962,72.01442414052119,72.19709014892578,3016700
2022-03-22,72.38887442709631,72.3980025002834,71.24723815917969,71.24723815917969,4193000
2022-03-23,71.2655165450357,71.33858295415851,70.25174276444457,70.38874053955078,4620600
2022-03-24,70.67185105821953,71.23810517191035,70.19693342299126,70.94584655761719,7617400
2022-03-25,70.87279158834586,71.53951036143967,70.1056152151382,70.5166015625,2990100
2022-03-28,70.64445884605978,72.08748892404984,70.09647476915087,72.07835388183594,3536600
2022-03-29,72.74508075091083,73.72232133738022,72.07836195453622,72.61721801757812,6771000
2022-03-30,72.7176809753336,73.10126916681855,71.78610168973157,72.49848175048828,2861100
2022-03-31,72.19709194789905,72.77247421072023,70.49833635138407,70.8179931640625,4662200
2022-04-01,70.94585786322912,71.80437072802185,70.27001101647534,71.76783752441406,3183400
2022-04-04,69.5484949748796,70.34306949652714,68.88177621212176,68.92744445800781,5406800
2022-04-05,68.79043884985151,71.23810743532346,68.79043884985151,69.8590087890625,4263500
2022-04-06,69.4480377790751,70.40700833249667,69.21057541765781,70.32481384277344,3513200
2022-04-07,69.98686725988306,71.47556541276302,69.91380783441244,71.24723815917969,2976400
2022-04-08,71.10112667913927,73.3478666915209,71.10112667913927,73.06474304199219,4260900
2022-04-11,73.0647415705938,73.59446261929982,71.78610719950905,71.94136810302734,3590700
2022-04-12,71.42076777285727,72.67200372976623,71.19244050124584,71.30204010009766,3045100
2022-04-13,71.28378646780351,71.96876837376703,70.86365810030915,71.63997650146484,2459100
2022-04-14,71.85916506165938,71.93223146685378,69.38409807166528,69.8133544921875,3843100
2022-04-18,69.63982162766928,69.7494212324798,68.13286015950416,68.47078704833984,1824000
2022-04-19,68.69911911461594,69.9868814628031,68.5712563841008,69.87728881835938,2523800
2022-04-20,69.85901544875931,71.90483297683606,69.3018963057022,71.74956512451172,2492200
2022-04-21,71.84090681245134,71.84090681245134,71.04632528011048,71.21985626220703,2224300
2022-04-22,70.69013191387003,70.69013191387003,66.57110556171459,66.74463653564453,4266500
2022-04-25,66.48890616773872,66.87249432261521,65.87698376677416,66.58937072753906,3140100
2022-04-26,65.97744523381964,66.35190529697606,64.38828940382766,64.41568756103516,2280900
2022-04-27,64.58924810211697,65.86788277883502,64.20565978950107,64.90890502929688,4639300
2022-04-28,64.99108434143353,68.17853141623523,63.82204274244983,64.66229248046875,8441000
2022-04-29,64.1508440292382,65.85873494863854,63.67592625361727,64.8997573852539,4019200
2022-05-02,65.14633021342847,66.15096868237298,63.67590222081176,64.4887466430664,3854700
2022-05-03,64.95455433530829,66.57110859128932,64.85408976351324,65.8039321899414,4496600
2022-05-04,65.7125737542893,67.24693301271299,65.4385852601386,66.85420989990234,3550800
2022-05-05,66.4340949294181,67.02774717498703,65.84957772491799,66.66242218017578,3029700
2022-05-06,66.22404902562883,66.84509953205135,65.56646531671136,66.47977447509766,3174400
2022-05-09,65.90439293661885,68.05066808876737,65.64866051634931,67.23782348632812,4362400
2022-05-10,67.45700935251226,67.78580117946483,65.95918301550401,66.17837524414062,3417400
2022-05-11,66.10531762303516,67.80407329852703,65.6760681506227,65.75826263427734,2543400
2022-05-12,65.86785312693182,66.49803165168356,65.09153483725987,66.3519058227539,2270600
2022-05-13,66.48891738018412,67.12823107945644,66.28798822669947,66.698974609375,2069400
2022-05-16,66.7263534232201,67.38393701921265,66.25143580833367,67.30174255371094,2864000
2022-05-17,67.74012488901842,67.91365582373356,67.05514315892535,67.8953857421875,1981000
2022-05-18,67.4935558883884,67.72188320400001,65.59387095018069,65.86786651611328,1994300
2022-05-19,65.34727345531792,66.40670846193933,64.99108343888525,66.30624389648438,2580700
2022-05-20,66.79943611968251,66.94556894023465,65.82219552822845,66.88163757324219,1695500
2022-05-23,67.75839643308242,68.0323849502368,66.68069154242137,67.00948333740234,2322900
2022-05-24,67.11908544744202,67.54834184980649,66.60763456870762,67.49354553222656,3259600
2022-05-25,67.42962131672583,70.39787627872396,67.16476080703413,68.67172241210938,4050000
2022-05-26,68.66258057923035,69.68548931192495,68.23332417383175,69.18316650390625,1824200
2022-05-27,69.55762481689453,70.0142793696273,69.04616697959689,69.55762481689453,2576200
2022-05-31,68.84523854727325,69.8772823062465,68.26985631357704,69.45716094970703,3853400
2022-06-01,69.62155560208974,69.84988287657542,67.62140644783669,68.01412963867188,1862400
2022-06-02,68.30752777521786,68.30752777521786,66.29039552491655,68.08747863769531,2189400
2022-06-03,67.8491035356364,68.2433621197746,66.44627859528624,66.51045989990234,1881800
2022-06-06,66.21706017601336,67.1797797674281,65.97866946970402,66.47378540039062,1917700
2022-06-07,66.29040918685601,66.58381042909913,65.85947458210326,66.54713439941406,1989000
2022-06-08,66.47377127210862,66.97805785226738,66.18037007871703,66.794677734375,1526200
2022-06-09,66.290423443282,66.79470322061795,65.55691668230747,66.04286193847656,2865200
2022-06-10,65.49272253052254,67.50985523503944,65.27267334344957,67.04225158691406,3268800
2022-06-13,65.85947682405485,66.61131797009891,65.33685562491735,65.62108612060547,3779600
2022-06-14,65.54773877964115,66.15288284077248,61.641835639611806,61.871055603027344,6008400
2022-06-15,62.20110406636354,63.026297043855095,61.34841281739724,62.19194030761719,3746200
2022-06-16,60.97250271714648,61.24756943727363,59.39546844492367,59.86307907104492,2918100
2022-06-17,59.99143926210589,60.85330842161732,58.01097924303524,58.52443313598633,7244100
2022-06-21,59.20292942750749,59.303786766866416,57.992648350438294,58.69864273071289,3698000
2022-06-22,58.276894998585654,60.12899304815643,58.00182819605578,59.36798095703125,2541700
2022-06-23,59.53299887327179,60.110630562808474,59.00120697134072,59.6705322265625,2413300
2022-06-24,58.45108443253892,61.45844891233981,58.45108443253892,61.22922897338867,4080300
2022-06-27,61.22006105601501,61.816034323971465,60.7982971882157,61.1650505065918,2300600
2022-06-28,61.43095199175721,61.52263858075695,59.76223088910409,59.826412200927734,2548900
2022-06-29,60.04643876403164,60.44069724373052,59.41379664189955,60.339839935302734,2589600
2022-06-30,59.88140663373881,60.06478675760619,58.762812361475376,58.89118194580078,3410800
2022-07-01,58.7719930370512,60.15648347619369,58.414410479196285,60.04645538330078,2517700
2022-07-05,59.60635733129346,59.99144516568827,58.25854291567393,59.95476913452149,1937600
2022-07-06,60.037291864604704,60.27567557397955,59.45965311862967,59.69804382324219,2242100
2022-07-07,59.69803587467222,59.973102573773154,59.20292001343259,59.78972244262695,2509200
2022-07-08,59.93642785492149,60.39486769993171,59.44131198288202,59.7622184753418,2268800
2022-07-11,59.26710673620365,59.59718400724739,58.88201891839841,59.14791488647461,2530700
2022-07-12,58.90951725973571,59.71636882998856,58.808659939049534,59.30377578735352,2648800
2022-07-13,58.762814749048125,59.09289199018422,58.15767780378979,58.47858428955078,2579500
2022-07-14,57.75425870753975,58.386904494695216,57.488362732710534,58.14851379394531,2288600
2022-07-15,59.05622385390287,59.76221813327339,58.70780509673778,59.51466369628906,1855100
2022-07-18,59.53300865282099,60.00978309461386,58.85451952576414,59.0103874206543,1903400
2022-07-19,59.72554440889926,60.13813748485774,59.48715372300206,59.89058303833008,2285200
2022-07-20,59.78056286820838,60.19316299402968,59.40464577071399,60.138145446777344,2526600
2022-07-21,60.44988218017697,61.055019177482045,60.028118334724994,60.54156875610352,2298000
2022-07-22,60.76161693675475,60.917491808024025,60.14730919340222,60.6607666015625,1480600
2022-07-25,60.770794998728974,60.94500440773041,60.38570714274081,60.75246047973633,2115900
2022-07-26,61.09170475541727,61.22923813842197,60.42238635082669,61.19256210327149,2437400
2022-07-27,61.33925661370413,61.495124492193824,60.32151953258635,61.2475700378418,3136400
2022-07-28,56.61731961995614,57.45167997971392,54.013381217368405,54.55434036254883,9053900
2022-07-29,54.48100307182599,54.86609445631148,53.10568319424227,53.784175872802734,6232100
2022-08-01,53.49076645259628,54.25177485048748,53.20653246193253,53.7933349609375,5197900
2022-08-02,53.88502827873038,54.55435013802039,53.48160241080215,53.98588562011719,3866800
2022-08-03,54.050052884424574,54.178415468247344,52.9681346813211,53.34405517578125,4056300
2022-08-04,53.58245319125724,53.72915381644599,52.9498074009343,53.09650802612305,4493500
2022-08-05,52.96814859026451,53.73832779306112,52.71142335520531,53.71998977661133,2448300
2022-08-08,54.08673241873205,54.93026002296387,53.60995457814167,54.746883392333984,3053300
2022-08-09,54.60018670597032,54.84774465044497,53.84834561428517,54.0500602722168,2530900
2022-08-10,54.27928029619241,55.06779741751974,54.123408924534914,54.92109680175781,3130400
2022-08-11,55.076961837073306,55.98467425492858,54.728546580989445,54.98527526855469,2073600
2022-08-12,55.02195084787101,55.66376735593957,55.02195084787101,55.434547424316406,2114000
2022-08-15,55.31535787974823,57.06659809031094,55.131981227295945,56.86488342285156,2991900
2022-08-16,56.55314373901325,56.72734963384666,55.76462658771275,56.69984436035156,2889500
2022-08-17,56.43394786508302,56.62649177299113,55.85631264374,56.278079986572266,2124400
2022-08-18,56.31475801926879,56.44312413469854,55.13198568542761,55.97551345825195,2508400
2022-08-19,56.39726932635198,56.95656650811101,55.74628557279773,56.15888214111328,5992300
2022-08-22,55.96633657422467,56.06719389876543,54.58184629708617,54.710208892822266,3753600
2022-08-23,54.38014921880341,54.60019844054999,53.784175872802734,53.784175872802734,2433300
2022-08-24,53.68330503556933,54.18758816447094,53.4907611405081,53.83000564575195,2938400
2022-08-25,54.12340410106602,54.96693518973569,53.58244497285062,54.93942642211914,2171500
2022-08-26,55.012785942162864,55.11364327600916,52.3721712376058,52.41801452636719,2544700
2022-08-29,52.0787698849643,52.55554778186048,51.71202007801097,52.25297927856445,1859100
2022-08-30,52.436357544071505,52.50970961118284,51.712025118251866,51.78537368774414,2745700
2022-08-31,52.509696869788456,53.99504089218611,52.19795765544641,52.68390274047851,4137300
2022-09-01,52.47194801458738,52.711547925107354,51.73472428098757,52.30607223510742,4454900
2022-09-02,52.55489500958344,52.84978455411366,51.49513680747819,51.79924011230469,2656500
2022-09-06,52.05728340396529,52.09414196922255,50.17735947674692,50.370880126953125,3081200
2022-09-07,50.46302006892832,54.26894288070899,50.232637391720104,54.12149810791016,6328700
2022-09-08,53.56858077707649,54.46246316899822,53.44878080132426,54.09385299682617,4250300
2022-09-09,54.30580566040708,55.11675367904843,54.075422980196755,54.85872268676758,2383600
2022-09-12,55.089107513427734,55.65124183750122,54.96009376994088,55.089107513427734,2252300
2022-09-13,54.130714917446255,54.52696988470016,53.4303496161626,53.568580627441406,2121700
2022-09-14,53.72523856253381,54.812645058744046,53.58701106815084,54.4716796875,3048500
2022-09-15,54.48089029767022,55.59594504057527,53.983266425158334,54.3426628112793,2788700
2022-09-16,54.12148800378312,54.21364316667805,53.54092278130515,53.614646911621094,4271000
2022-09-19,53.34740438446631,53.98326273057212,52.167846374262155,53.84503173828125,2660300
2022-09-20,53.47642591364175,53.47642591364175,51.78080926861675,52.14020919799805,1900500
2022-09-21,52.10335103632643,52.61019226119821,51.09888234760486,51.117313385009766,1903300
2022-09-22,50.8869304217015,51.59650953891832,50.68419252667929,51.0251579284668,2752000
2022-09-23,50.8592738566201,51.21867375276683,50.27871209474688,51.06201171875,2610800
2022-09-26,50.83163236571949,51.135739178674335,49.59678110910639,50.60124969482422,2646700
2022-09-27,50.99750478200512,51.15416330043332,49.559915745594125,50.03911209106445,2546600
2022-09-28,50.564386496241944,51.531992989353,50.269496965300675,51.20024490356445,3031500
2022-09-29,51.0712302839569,51.58728874732047,50.38929952685004,50.96064758300781,3165000
2022-09-30,51.144946029046096,51.33846660276687,49.6244192004169,49.633636474609375,3972800
2022-10-03,49.9930428068436,51.541214736284395,49.58757054546084,51.25553894042969,3253800
2022-10-04,51.76237487164792,53.089381256158866,51.67022321288375,52.94193649291992,3320900
2022-10-05,52.47195477984997,53.66073018093973,52.269220424071314,53.18153381347656,2320300
2022-10-06,53.015655793758725,53.172317828180574,51.568852992034,51.83609771728515,3195900
2022-10-07,51.504352662878475,51.73473534862429,50.92378731049797,51.25553894042969,2686600
2022-10-10,51.49513136431287,51.60571405298266,50.24184917485422,50.66575241088867,1937900
2022-10-11,50.601250692504905,51.75316406969302,50.21420948514281,51.43062973022461,3161800
2022-10-12,51.2739717913908,51.2739717913908,50.5551789113458,50.6841926574707,2391400
2022-10-13,50.03911632242186,51.98354666248163,49.62442680422133,51.679443359375,4562100
2022-10-14,51.99275630655263,52.29686310094431,50.13126753286433,50.223419189453125,3896000
2022-10-17,50.92378743012632,51.4859217471244,50.56439100197628,50.914573669433594,4559100
2022-10-18,52.186289235046885,52.35216505724582,51.09888262968098,51.23711013793945,4374200
2022-10-19,51.05279670626052,52.048047927445126,50.25106255225707,50.97907257080078,6516600
2022-10-20,51.25554075403568,51.919044037376246,50.58282370969801,50.6841926574707,3831100
2022-10-21,50.59203521235219,52.10334494938778,50.06676301144007,52.001976013183594,4516000
2022-10-24,52.45352407308883,52.85899981790558,51.77159334557791,52.001976013183594,3902100
2022-10-25,51.78080254815225,52.71155041196342,51.56885093445273,52.62861251831055,4747400
2022-10-26,52.9695837788102,53.559362859505214,52.610187371221706,53.10781478881836,5030900
2022-10-27,52.94193434670795,53.09859286332836,49.36639458891173,49.735008239746094,8921400
2022-10-28,49.39404816549981,51.2647580303937,49.39404816549981,50.6841926574707,6383000
2022-10-31,50.573595754368235,50.7302542548765,49.88244786665776,50.085182189941406,4766700
2022-11-01,50.39851117081591,50.65654214934256,49.49541153437395,49.5230598449707,3555600
2022-11-02,49.28346695210087,49.74423235387672,47.83666387175361,47.85509490966797,3947000
2022-11-03,47.375888066366656,47.375888066366656,46.47278849904744,46.48200225830078,3176700
2022-11-04,46.86905808338431,46.96120975927079,45.91988246338137,46.61103057861328,3864000
2022-11-07,46.81375223529802,48.24212391518807,46.67552475906616,48.23291015625,4623300
2022-11-08,48.168406396477714,49.08071975052538,47.00727583541294,48.51858901977539,4665200
2022-11-09,48.66603270794018,48.89641536010081,47.57862630851321,47.5970573425293,3358200
2022-11-10,49.15444712984701,49.8732399429069,48.73975761640454,49.51384353637695,5843300
2022-11-11,49.735011807527215,50.850063084017826,49.57834976430823,50.573604583740234,10218300
2022-11-14,50.55518395715461,50.73027355646218,49.4217014118912,49.467777252197266,4128600
2022-11-15,49.79030534185282,50.57360858926575,49.449339948350705,50.07598114013672,4134100
2022-11-16,50.27871946333745,51.24632605696062,50.27871946333745,50.62889862060547,5892600
2022-11-17,50.0206788266173,50.30635457234179,49.48619291746589,50.05754089355469,5058500
2022-11-18,50.6841926574707,50.951437426078535,50.24185830703063,50.6841926574707,4643500
2022-11-21,50.7118274309933,52.07569228741184,50.7118274309933,51.44905471801758,2537100
2022-11-22,51.44905514595595,51.458268905208286,50.46301416866341,50.97907257080078,3429800
2022-11-23,51.043582685722534,52.02962021051559,50.97907582076302,51.88217544555664,3460400
2022-11-25,52.02961996314375,52.2784336619591,51.3292582117587,51.605716705322266,2125100
2022-11-28,51.32925457273657,51.633357839488745,50.70261349022639,50.85927200317383,4321100
2022-11-29,50.69339839281564,51.47670153727342,50.4261571818777,50.99750518798828,3962100
2022-11-30,51.12652489835375,52.11256250632119,50.58282162257501,52.09413146972656,7416300
2022-12-01,52.33495542929072,52.723992339948,48.44456865528322,48.518672943115234,11120100
2022-12-02,48.05554174743042,49.65801020374021,47.9629113683593,49.29676055908203,7442900
2022-12-05,48.88918522260231,49.07444241415503,47.36082134263816,47.518287658691406,5018300
2022-12-06,47.240404214251946,48.04626894382457,47.1292513113595,47.71280670166016,4969200
2022-12-07,47.6850256667627,48.879931014743526,47.54608540314082,48.49089050292969,5133900
2022-12-08,48.564989660320016,49.24117543209935,48.259314752447175,48.74098205566406,3184800
2022-12-09,48.57424762550232,49.18559386616872,48.40751651136721,48.518672943115234,4494200
2022-12-12,48.370468494542635,48.8058188236941,47.95364070408955,48.750244140625,3590500
2022-12-13,49.67652362903497,49.83398993312433,48.639084848556465,49.250431060791016,4534900
2022-12-14,49.07444481067696,49.41716833501963,48.23152790476139,48.44457244873047,6972900
2022-12-15,47.14777943858858,47.694286240730904,46.24001950270155,47.018096923828125,7366100
2022-12-16,46.68465049116859,47.12000096670127,45.82320727907824,46.04551315307617,9392900
2022-12-19,45.387849238584145,46.57348988389636,45.387849238584145,46.267818450927734,5556700
2022-12-20,46.17518997087462,46.63833130873089,45.93435802992408,46.24929428100586,8072500
2022-12-21,46.378965135534,46.65684918269041,46.14739450732243,46.61980056762695,3579800
2022-12-22,46.44380187988281,46.6753724943884,45.39710171294115,46.44380187988281,3015100
2022-12-23,46.27706967117254,46.508640280255854,45.88803274398637,46.471588134765625,1837000
2022-12-27,46.453063833442016,47.25892853310737,45.88803100335372,47.09219741821289,2643200
2022-12-28,47.29598914077298,47.888809418266106,46.5734863357766,46.64759063720703,2247900
2022-12-29,46.98104781889521,47.64796879182363,46.89768225559326,47.351558685302734,2884900
2022-12-30,47.06441472400835,47.27745927330122,46.730952461293505,47.21261978149414,1823000
2023-01-03,46.684645508275246,47.57387597633113,46.416022700168426,47.2774658203125,2787400
2023-01-04,47.80543425844251,48.62982501234145,47.703542631153994,48.47235870361328,3266600
2023-01-05,48.00922830810478,49.20413016306549,48.00922830810478,48.69467544555664,3051500
2023-01-06,46.3141167338287,46.66610501038207,44.3318731029787,44.878379821777344,11099000
2023-01-09,44.09104416097179,44.415245145581515,41.19178257382696,41.40482711791992,13897300
2023-01-10,41.97911600695348,42.998025183112965,41.701232007408784,42.36815643310547,5839600
2023-01-11,42.51636743898142,42.62752034771109,41.93280848454791,42.090274810791016,5362600
2023-01-12,42.04396683822738,42.27553748927158,41.44188526560508,41.766082763671875,8526900
2023-01-13,41.654925466740416,41.738291033702374,41.06210522767198,41.53450775146485,6519100
2023-01-17,41.71050234279849,41.79386791413169,40.96947700510755,41.4418830871582,6301800
2023-01-18,41.49745690161217,41.664188040753125,40.68232728064388,40.75643157958984,7749400
2023-01-19,40.75643210066046,40.8953758962168,40.1636118354634,40.422969818115234,12849500
2023-01-20,40.515596137620946,40.756428021193656,40.06171617992331,40.6452751159668,9199200
2023-01-23,40.75642794244658,42.229217184433566,40.74716667264855,41.8123893737793,7252900
2023-01-24,41.58082771321117,41.95134218767622,41.2751562752422,41.5993537902832,4432500
2023-01-25,41.21956774369996,42.84982325028954,41.136202184451875,42.738670349121094,4504200
2023-01-26,42.896142116529866,42.95171680285597,42.47004949826902,42.757198333740234,3086800
2023-01-27,42.64604949504681,42.91467228286733,42.423740128077675,42.6089973449707,2936800
2023-01-30,42.553414629671806,42.757197900099925,41.74754988473165,41.8123893737793,4313600
2023-01-31,41.9605963998934,42.3866855004002,41.46040300356596,42.32184600830078,5078800
2023-02-01,42.507101389765126,42.951716545142155,41.96059459875202,42.868350982666016,7610800
2023-02-02,42.99802980159292,43.748319861091424,42.608992867140685,43.54453659057617,8985300
2023-02-03,43.359282606140304,43.67421877938726,42.93318999516821,43.23886489868164,4749800
2023-02-06,43.10918819165527,43.22034110174668,41.80313001424741,41.83091735839844,3932300
2023-02-07,41.56229490717692,42.451528795227944,41.25662351869636,42.247745513916016,5983800
2023-02-08,42.02543887160416,42.710889522594485,41.997651525444944,42.31258773803711,4019400
2023-02-09,38.37588207267865,38.44072156130791,35.73597851138126,37.18097686767578,22036000
2023-02-10,37.329178028587535,38.52408310909377,36.93087633508546,37.9312629699707,12300000
2023-02-13,37.977583708586515,37.977583708586515,37.0513011791088,37.514442443847656,7348800
2023-02-14,37.51444433070128,37.718227628151986,36.9586761984563,36.96793746948242,5902200
2023-02-15,36.87530955071961,37.17171968374451,36.56963461345095,37.10688018798828,6183300
2023-02-16,36.78267371773699,37.32918048193737,36.33805858417367,36.86603927612305,5538300
2023-02-17,36.977197981183984,38.014636989186016,36.662265303936536,37.97758483886719,10318700
2023-02-21,37.78306114715227,37.829374561929626,37.16245008197712,37.6996955871582,6028900
2023-02-22,37.81085070924932,38.33883144238119,37.47738844969503,37.98684310913086,6130700
2023-02-23,37.91221846487282,38.285371650482034,37.37115026025724,37.79094314575195,5099800
2023-02-24,37.38980327075405,37.66033555752467,36.98866489544516,37.46443176269531,4388400
2023-02-27,37.58571709079641,37.85625300837893,37.04464525563137,37.14726257324219,5094900
2023-02-28,37.04463918317091,37.380476328062954,36.718132824888315,37.268531799316406,8207200
2023-03-01,36.98866568372359,37.268528762108645,36.27967542258585,36.43826675415039,6337500
2023-03-02,36.11175805165798,37.091280637551435,36.01847154201183,36.96067810058594,4236600
2023-03-03,37.37114531115629,37.623023144288176,37.02597741465035,37.25919723510742,4104400
2023-03-06,37.315171621034075,37.45510493807378,37.03530854560673,37.04463577270508,4330400
2023-03-07,36.96067818402898,37.1752400036213,36.35430875265562,36.37296676635742,6239000
2023-03-08,36.1957167487992,36.89537623579397,36.18638952144622,36.79275894165039,4862600
2023-03-09,37.137927534869945,37.16591277609652,36.3636359801804,36.37296676635742,4225500
2023-03-10,36.18638846323358,36.41027749967941,35.40276971836901,35.46807098388672,5830400
2023-03-13,35.44941250722488,36.606184375899105,35.20686546114023,36.289005279541016,6119800
2023-03-14,36.71812409872249,36.90470064139456,36.205041275362966,36.72745132446289,6177500
2023-03-15,36.17705765875852,36.27034772277268,35.44008572563305,35.66397476196289,7016000
2023-03-16,35.31880413633008,36.02779070340456,35.29081890143218,35.79457092285156,7920500
2023-03-17,35.9811503408248,36.018466362778334,34.84303658180396,35.05760192871094,11701700
2023-03-20,35.066936988277575,35.757269314020554,35.00163571459746,35.62666320800781,6256700
2023-03-21,36.009133606226804,37.04463002750103,35.99980638057501,36.95134353637695,8958300
2023-03-22,36.94201695079435,37.45510338624721,36.50356612229635,36.531551361083984,6557700
2023-03-23,36.61551012721095,36.76477066309045,35.52404312583935,35.56135559082031,4855000
2023-03-24,35.6919648080688,36.82075160340245,35.5800202748296,36.59685897827149,7628700
2023-03-27,37.29651480937872,37.6976532019163,36.86739117599272,37.38047409057617,5650400
2023-03-28,37.21255177142317,37.52040362428566,37.00731720284817,37.175235748291016,2860400
2023-03-29,37.23120905267378,37.88422521006973,37.053963284250614,37.81892395019531,4161700
2023-03-30,38.238728397625906,38.350672929864295,37.55772329999003,37.6043701171875,4395800
2023-03-31,37.762957204711945,37.91221776446763,37.56705338727995,37.837589263916016,4620100
2023-04-03,38.08946601034357,38.10812046594585,37.165913877326915,37.29651641845703,6032200
2023-04-04,37.28719126101997,37.95886201821957,37.00732459031321,37.7816162109375,8661300
2023-04-05,37.958864320306894,39.61939219535251,37.884235813270976,39.423484802246094,11518600
2023-04-06,39.61004925373164,39.85259983414205,39.05032316742582,39.46078872680664,4393700
2023-04-10,39.18093172333864,39.45146758217155,38.81710935529199,39.33951950073242,7271400
2023-04-11,39.60072671382445,40.31904419673108,39.54475267510957,40.011192321777344,4701100
2023-04-12,40.19776894843787,40.52427527810147,39.507436704596415,39.80595779418945,6255800
2023-04-13,39.89925781732959,40.62690270999452,39.89925781732959,40.28173828125,8364400
2023-04-14,40.25374003951335,40.43098581140101,39.98320420980179,40.16044998168945,3531400
2023-04-17,40.30038869759167,40.3936752092832,40.00186758979599,40.0858268737793,5033900
2023-04-18,40.123134292650626,40.169781101276904,39.852602019338285,39.94588851928711,3636900
2023-04-19,40.076499426078875,40.82280225774045,40.03918339483265,40.69219970703125,6144900
2023-04-20,40.54292677657415,40.664202061813526,40.235078509306845,40.347023010253906,3545900
2023-04-21,40.56159389907765,42.39936736586959,40.56159389907765,42.25010681152344,11375900
2023-04-24,42.44599720636453,42.89377872787704,42.28740947440541,42.35271072387695,7830200
2023-04-25,42.06352739338062,42.92177463335252,42.04486938051357,42.39003372192383,6439500
2023-04-26,41.81164971585421,43.46284649498901,41.72769043696084,42.98707962036133,6618300
2023-04-27,43.84532519031305,44.75021921066899,42.03554070825313,43.658748626708984,10785100
2023-04-28,43.78935071159258,44.6662594840839,43.546803672412125,44.47968292236328,6017900
2023-05-01,44.39571760452093,44.992759673837945,44.1345125888576,44.19981384277344,3730000
2023-05-02,44.022574785420126,44.37706993113887,43.686741212196985,43.85465621948242,4229700
2023-05-03,43.99459123712719,44.34908639648879,43.350905748695055,43.37889099121094,3526200
2023-05-04,43.03372561150378,43.2482874359606,42.18480554141277,42.25010681152344,4159800
2023-05-05,42.48332808030454,43.07103953108584,42.26876624862451,42.9590950012207,3290100
2023-05-08,43.37888796348864,44.08787467407419,41.81165043624462,42.54862594604492,7650300
2023-05-09,41.84897022926005,41.97024554703325,39.591400242851286,40.188446044921875,9329700
2023-05-10,40.412332735941554,41.21460953796084,40.20709814231273,40.897430419921875,7169200
2023-05-11,40.869442050730314,40.92541252932581,40.160451813536696,40.46830368041992,7875700
2023-05-12,40.5149441331045,40.58024539272249,39.44213162454884,39.619380950927734,5003200
2023-05-15,39.712668710763175,40.244409589505594,39.39548962882456,39.94588851928711,3811200
2023-05-16,39.76864306347943,40.748165555371145,39.73132703974118,40.12313461303711,4691200
2023-05-17,40.104484331007825,40.32837337941979,39.64737188930066,39.90857696533203,4206600
2023-05-18,39.73132671554748,40.188439105981416,39.62870943043057,40.14179229736328,3338200
2023-05-19,40.347027783932504,40.44964507137999,39.88058815637259,40.1044807434082,3147800
2023-05-22,40.10448817458981,40.38435129125274,39.58207441380707,39.72200775146485,3625900
2023-05-23,39.740659712941856,40.34703272651224,39.339521299408034,39.64737319946289,3967700
2023-05-24,39.47011888736482,39.55407815484826,39.003679303268264,39.292869567871094,4319300
2023-05-25,38.74246944889145,38.835759497849885,38.24804464469195,38.565223693847656,3966400
2023-05-26,38.67717680031613,38.86375338109817,38.145435858211314,38.51858901977539,2695100
2023-05-30,38.35066870416866,38.35066870416866,37.52973392135321,37.623023986816406,9412000
2023-05-31,37.51107647935274,38.201408739681895,37.240540623368865,37.986846923828125,12626500
2023-06-01,38.11837842897575,38.83245408225605,37.78953015718703,38.738494873046875,3516700
2023-06-02,39.123723117305,39.189492779138355,38.35327543510468,38.83245849609375,3666300
2023-06-05,38.917017073183175,39.22707712777211,38.62575244706633,39.13312149047851,2479200
2023-06-06,38.99218657595336,39.020372551842385,38.372070017148694,38.48481750488281,3132500
2023-06-07,38.69152264064327,39.66867705228028,38.46602409019709,39.593509674072266,4682200
2023-06-08,39.69685941714859,39.81900460354029,38.18415011796162,38.84185028076172,4973300
2023-06-09,39.029772561894,39.66868100359095,38.74790203389316,39.43378829956055,3477100
2023-06-12,39.5841135250838,40.54247604329204,39.44317649022054,40.12906265258789,3086200
2023-06-13,40.29818691973056,41.08742645443102,40.213625413006305,40.8431396484375,3956900
2023-06-14,41.51023464434668,41.78271101300812,40.82434844970703,40.82434844970703,5805500
2023-06-15,40.75858086536558,41.89546063293539,40.69281119842703,41.7733154296875,4353900
2023-06-16,42.44041007599062,42.7786561275796,42.08337576302719,42.61893081665039,7918400
2023-06-20,42.017604887139925,42.84442456260019,41.76392035574486,42.224308013916016,5599600
2023-06-21,42.11156017540902,42.17732984031133,41.33171832691963,42.13035202026367,3422100
2023-06-22,42.33705826105842,42.759862220987294,42.102165579241095,42.51557540893555,4618000
2023-06-23,42.2900782622701,42.58134648770383,42.09276926319144,42.318267822265625,12036700
2023-06-26,42.17732842766785,42.29947362304311,41.20957174722293,42.00820541381836,3958900
2023-06-27,41.98941526185167,42.82563623477682,41.5572135797856,42.65651321411133,4666800
2023-06-28,42.63772456191395,42.63772456191395,42.1303554619248,42.35585403442383,3311600
2023-06-29,41.94244190290318,42.21491830786735,41.30353344224569,41.998817443847656,4764900
2023-06-30,42.355849293614085,42.98535994840949,42.20551453932261,42.80684280395508,4265600
2023-07-03,42.57194915257941,42.98535896488856,41.68875041221396,41.980018615722656,2155900
2023-07-05,42.05518592116587,42.60953281663175,41.57600640740697,42.41222381591797,3972200
2023-07-06,42.092767232816115,42.99475425724883,41.8954582432548,42.85382080078125,6381900
2023-07-07,42.684698604385346,42.93838313190614,42.487389611039575,42.56255340576172,3139400
2023-07-10,42.66590845147561,43.05113232316872,42.39343206842539,42.89140701293945,3243500
2023-07-11,42.872621208388495,43.830983957335306,42.77866196779849,43.24844741821289,3428600
2023-07-12,43.66185108671845,43.88734604505229,43.239043559620335,43.57728958129883,3739900
2023-07-13,43.68064674177904,44.09405659091323,43.68064674177904,43.89674758911133,4110800
2023-07-14,44.028282165527344,44.62960682080236,43.99069847852824,44.028282165527344,4290600
2023-07-17,43.78399258803032,43.971907442298054,43.643059135462806,43.73701477050781,3388800
2023-07-18,43.924935654852995,44.2819735685586,43.61487556511907,44.20680618286133,4561000
2023-07-19,44.34774288634213,44.99604545402441,44.26318137019417,44.95846176147461,6409200
2023-07-20,46.367819099569026,47.17585058810516,45.21214740695744,46.31144714355469,9346700
2023-07-21,46.358420984434,46.41479651978193,45.409456103234014,45.62555694580078,6256900
2023-07-24,45.32488861838158,45.89802369007753,44.85510330493482,45.36246871948242,4583200
2023-07-25,45.10878958680945,46.311442569556064,45.024228076961464,45.851051330566406,4918700
2023-07-26,45.7101148349946,46.10473279862951,45.616155616859366,45.99198532104492,6713400
2023-07-27,44.37593081107008,44.84571623602426,42.29948009297543,42.73168182373047,11084300
2023-07-28,42.816239362927064,44.63900535198096,42.055185754952895,44.169219970703125,9516600
2023-07-31,44.112847032608016,44.33834200344037,42.1491440394014,42.49678421020508,11976800
2023-08-01,42.56255210400592,42.731675117180565,42.06458077864598,42.28068161010742,6711600
2023-08-02,42.045793264605074,42.13974891085471,40.99347497306082,41.256553649902344,5458500
2023-08-03,41.05924166498148,41.34111216746956,40.9277023360989,41.28473663330078,3376700
2023-08-04,41.24715717373117,41.923645673456974,41.11561425861147,41.26594543457031,4074100
2023-08-07,41.18138520523721,41.63237870789243,40.81494962416321,40.90890884399414,3120000
2023-08-08,40.63643357829035,40.74918106094933,39.72504883433745,40.18544006347656,3482100
2023-08-09,40.232420284265054,40.67401969529288,40.10088094928096,40.38275146484375,4146200
2023-08-10,40.363957505204475,40.81495102331997,40.25121002172007,40.392147064208984,3113800
2023-08-11,40.25121490825643,40.739792174906434,40.10088371730091,40.627044677734375,2624200
2023-08-14,40.63643612743637,40.73039177151644,40.18544258433151,40.223026275634766,2745600
2023-08-15,40.02570609586615,40.082081622127106,39.60290219352986,39.79081344604492,2806800
2023-08-16,39.63109553631225,39.92236376657295,39.49955620141325,39.537139892578125,2919200
2023-08-17,39.546531671680114,39.71565468768724,38.992184804585165,39.22707748413086,3325500
2023-08-18,39.029767209772054,39.48076070956464,39.01097536592514,39.2646598815918,3956300
2023-08-21,39.518347641227926,39.668678820165795,39.19889343796271,39.49015808105469,3121300
2023-08-22,39.368015468016466,39.46197110841294,38.19355204217084,39.09553909301758,3606900
2023-08-23,39.35861294666258,39.69685894546512,38.76668244875813,38.90761947631836,3156100
2023-08-24,38.841850001075024,39.35861313091924,38.45662618600816,38.95459747314453,2200600
2023-08-25,38.98279037893117,39.27405500548607,38.71031401252099,39.02037048339844,3903000
2023-08-28,39.32103276506571,39.79081811988933,38.88883109883066,39.13312149047851,2453600
2023-08-29,39.321032781809784,39.875379644104825,39.12372379290253,39.772029876708984,2348300
2023-08-30,39.83780403722709,40.035113048409855,39.36801862916629,39.43378829956055,2088200
2023-08-31,39.56624033824913,39.56624033824913,38.39306831876456,38.4119873046875,3672500
2023-09-01,38.67690002611625,38.83773667027302,38.31737793860893,38.4119873046875,2548900
2023-09-05,38.26060963341122,38.26060963341122,36.54815631050124,36.88875579833984,5005200
2023-09-06,36.74682993842099,37.655092630479864,35.942639689869615,37.50371551513672,7249800
2023-09-07,37.52264432664445,37.768630826441466,36.70899084335972,36.86983108520508,5980400
2023-09-08,36.86983000847168,36.88875260161357,36.19809058383933,36.585994720458984,2449900
2023-09-11,36.83198428710953,37.03066609853956,36.491384833734855,36.6143798828125,2790700
2023-09-12,36.84144708138783,36.88875537235371,36.16025172269289,36.26432418823242,2127900
2023-09-13,36.16971639854787,37.02121523033143,36.16971639854787,37.00229263305664,3529800
2023-09-14,37.18204082417478,37.27665378238188,36.70898686048523,37.04012680053711,3233500
2023-09-15,37.20097140090821,37.4753436249291,36.888757594597195,36.973907470703125,6595100
2023-09-18,36.92659674377863,37.03066920873029,36.491387898631565,36.642765045166016,3291800
2023-09-19,36.529230464868135,36.87928941438677,36.387312821193106,36.86036682128906,3682000
2023-09-20,37.12527785260223,37.15365993641969,36.23593406242391,36.39677429199219,3122200
2023-09-21,36.18862594126227,36.37784823663438,35.933176383877196,36.05617141723633,3970500
2023-09-22,35.96156510913621,36.07510067280499,35.40336121966985,35.66827392578125,4388600
2023-09-25,35.57366286299424,35.658812735752434,35.35605843463796,35.47905349731445,2949300
2023-09-26,35.32767274561816,35.469590388787374,35.195218203521875,35.30875015258789,4231600
2023-09-27,35.384445511582996,35.61150944171607,35.05330550055778,35.31821823120117,3639300
2023-09-28,35.488509599904525,35.753422294908695,35.365518158093764,35.51689529418945,4066100
2023-09-29,35.75342421821894,35.88587876828844,35.33713436472529,35.706119537353516,3609800
2023-10-02,35.43174446342132,35.668271457691,35.22359955354703,35.33713150024414,3953400
2023-10-03,35.20467443751535,35.37497414991204,34.68431580924336,34.797847747802734,5685300
2023-10-04,34.90193143567566,35.04384911141683,34.684326979557895,34.96815872192383,3686600
2023-10-05,34.987072417421636,35.19521732645199,34.807313201787096,35.02491760253906,5590300
2023-10-06,34.778931298836774,35.04384401441527,34.608635165479306,34.64647674560547,6766200
2023-10-09,34.409947715277106,34.55186536208187,34.06934825023821,34.52348327636719,6186400
2023-10-10,34.722164205111945,35.34659533864843,34.39102424075564,35.30875015258789,5493500
2023-10-11,33.870664467434935,34.32479585810766,30.55928658580356,30.975576400756836,19699700
2023-10-12,31.221567512203784,31.524321817532236,29.925398612388587,30.001087188720703,18394900
2023-10-13,29.84970845543506,30.45521703402867,29.774019883110856,30.124080657958984,6349200
2023-10-16,30.12408002875473,30.606593539394524,29.338810430583912,30.256534576416016,8613100
2023-10-17,29.934858324869523,30.824202207655237,29.632104035572716,30.124080657958984,6261200
2023-10-18,30.095695086773492,30.672819741822888,29.95377924715668,30.33222389221191,7611500
2023-10-19,30.30383855071143,31.448631991229412,29.991624782654274,30.852582931518555,6037100
2023-10-20,30.82419958692613,31.35401774359154,30.79581389345083,30.928268432617188,5810800
2023-10-23,30.74851447436721,31.212109049837995,30.74851447436721,31.07965087890625,4269400
2023-10-24,31.14587560466819,31.420247808272233,30.73905245923067,30.81473922729492,4201400
2023-10-25,30.644432757326,30.672814837977064,30.16191753612519,30.426828384399418,4167100
2023-10-26,30.275453111376343,30.90934367852046,30.171380663847547,30.701202392578125,5123100
2023-10-27,30.918804900669752,31.003954751737982,30.332219042819172,30.426828384399418,4608900
2023-10-30,30.701207152540572,30.805279616204924,30.038930791225816,30.313302993774418,4730000
2023-10-31,30.341687708913433,30.739055003770748,30.33222821554079,30.682287216186523,5732000
2023-11-01,30.701203706756715,31.0796447213791,30.483599311297876,31.02288055419922,5278500
2023-11-02,31.10803079570858,32.67856986799114,30.54036385313791,32.404197692871094,8537600
2023-11-03,33.19892860193959,33.37868781582244,31.69461679477804,32.129825592041016,6502400
2023-11-06,32.22443703877917,32.7353325724026,32.0162921415637,32.631263732910156,4231500
2023-11-07,32.593419577155174,32.71641462112383,32.31904740565408,32.36635208129883,4745000
2023-11-08,32.60287368583758,32.60287368583758,32.00682837471435,32.214969635009766,3910700
2023-11-09,32.12036804647372,32.243363099800916,31.041805479599343,31.060728073120117,4905000
2023-11-10,31.22156353539916,31.22156353539916,30.767432135250857,31.0512638092041,4841500
2023-11-13,31.477014773798533,32.29066826177722,31.23102466346669,31.893301010131836,9132800
2023-11-14,32.16767344324252,32.858331881135896,32.16767344324252,32.498809814453125,4244400
2023-11-15,32.48935179170124,33.426000384105464,32.43258400730476,33.40707778930664,5844500
2023-11-16,33.388146966399546,33.634133419932,33.13269741324178,33.53952407836914,5426800
2023-11-17,33.738218333874464,33.81390872239892,33.369236712608654,33.54899597167969,4437200
2023-11-20,33.58683502097816,33.936893981066945,33.31246282645,33.70036697387695,3717500
2023-11-21,33.8328185492307,33.89904942581393,33.63413674682722,33.77605438232422,2688400
2023-11-22,34.01258001345066,34.04096209577297,33.80443511877973,33.9368896484375,2403400
2023-11-24,33.88958173080879,34.286948890859705,33.88958173080879,34.07880401611328,1289400
2023-11-27,33.99366159177628,34.53294287673856,33.97473899820199,34.457252502441406,3529400
2023-11-28,34.381561279296875,34.58970617250998,34.17341638608377,34.381561279296875,2636100
2023-11-29,34.391023318139595,34.84515832045166,34.31533655716458,34.438331604003906,2890300
2023-11-30,34.495555263978716,34.71491091539303,34.247593225741994,34.409725189208984,5290200
2023-12-01,34.4287912436692,34.97240346891975,34.28573750118767,34.85795974731445,4206900
2023-12-04,34.59091989444446,35.458792280121564,34.49554710376018,35.18221664428711,3930700
2023-12-05,34.9914790549817,35.09638731873808,34.06638651788544,34.14268112182617,3015700
2023-12-06,34.190368164820974,34.45740839308417,33.971016160315955,34.266666412353516,3338700
2023-12-07,34.400186049557526,34.88657830130232,34.247593186639726,34.838890075683594,3973800
2023-12-08,34.93426868546458,34.97241417894789,34.40973085952937,34.47649002075195,3086500
2023-12-11,34.524169171755695,34.800744874977234,34.409725433150555,34.73398208618164,3452800
2023-12-12,34.91518717112137,35.08685459098736,34.2952766395941,34.99148178100586,3783500
2023-12-13,34.87703254363084,35.92610782118124,34.72443970983987,35.887962341308594,3886800
2023-12-14,36.498337690865654,37.39482023322775,36.37435486286753,37.14685821533203,6347000
2023-12-15,36.95612041057182,37.356675324217306,36.727229289845155,36.9084358215332,6879700
2023-12-18,37.051492830178056,37.051492830178056,36.54602959356552,36.55556869506836,2721400
2023-12-19,36.670007790085265,36.9275089264458,36.50787582803568,36.898895263671875,2196900
2023-12-20,36.91796520727804,37.08009714904299,36.708152322423864,36.81305694580078,4702400
2023-12-21,36.91796925888396,37.204080415521325,36.364821507798474,37.10871124267578,5045500
2023-12-22,37.33760287942043,37.63324950228741,36.526950346354255,36.603248596191406,4402800
2023-12-26,36.49834082383208,37.03241766573719,36.43158167335655,36.79399108886719,2396200
2023-12-27,36.56509552923708,36.96565038339645,36.51741094728006,36.87028121948242,2889200
2023-12-28,36.85120659362492,37.1659313825629,36.63185460653197,37.00379943847656,2368800
2023-12-29,36.92750490069107,37.185006008979414,36.81305753827377,36.87028121948242,2475600
2024-01-02,36.68908120744313,37.957508649073034,36.53648835044779,37.05148696899414,5707000
2024-01-03,36.81306187663602,37.08010211564628,36.288524137092146,36.36482238769531,4911700
2024-01-04,36.39342791830338,37.16593123880831,36.193150492354086,36.841670989990234,4271400
2024-01-05,36.69861314696491,37.81445126260084,36.60324398478421,37.34713363647461,3453700
2024-01-08,37.547414047801546,40.28455360502338,37.404360293146794,38.7872314453125,11038200
2024-01-09,38.57741726938968,39.33084605521607,38.50111902561462,38.77769470214844,4144500
2024-01-10,38.82537861963467,38.92075142271793,38.26269181479502,38.42482376098633,2353400
2024-01-11,38.377139522264905,38.49158324888952,37.947970999797015,38.186397552490234,2459700
2024-01-12,38.38667714595795,38.539270002753256,38.005193184919335,38.148250579833984,2910800
2024-01-16,37.843053807295306,37.881202919870915,37.13730977704501,37.242218017578125,4272800
2024-01-17,37.02287810075675,37.34713838675512,36.774916064687794,36.898895263671875,4003300
2024-01-18,36.72722542273179,37.05148568739341,36.250372306352986,37.04195022583008,3508500
2024-01-19,37.08009714904299,37.08009714904299,36.55555947975704,36.81305694580078,2790200
2024-01-22,36.917962580047515,37.442500212005264,36.79398340539756,36.9275016784668,2799000
2024-01-23,37.146854664622126,37.213613802985925,36.43157506378127,36.641387939453125,1882900
2024-01-24,36.526947227644825,36.80352290253899,36.11685326503637,36.12639236450195,2073800
2024-01-25,36.450651000142514,37.2040761098697,36.383891859256565,37.18500518798828,2840700
2024-01-26,37.39481753487925,37.49972579422301,36.84166985574894,36.9942626953125,2228900
2024-01-29,36.8226003860121,37.547415564604826,36.69861754982228,37.270843505859375,3052800
2024-01-30,37.356675324217306,37.356675324217306,36.8512121318263,36.9084358215332,2026600
2024-01-31,37.19454552499712,37.56649039815096,36.822600651843274,36.898895263671875,3080700
2024-02-01,36.774915345670976,37.69047249831821,36.660467973014526,37.37574768066406,2862100
2024-02-02,37.22315684834062,37.45204796801376,36.670009069456995,37.17547225952149,2688400
2024-02-05,36.90842786244468,37.35666726846856,36.736760468444,36.74629592895508,2609800
2024-02-06,36.75583533698934,37.89074432857,36.69861165914067,37.87166976928711,3651900
2024-02-07,37.95750831194316,38.04334202062198,37.28037774242174,37.55695343017578,5802200
2024-02-08,37.19454569933887,39.397608562016,36.34574767445009,38.58695602416992,7956200
2024-02-09,38.62510355384149,38.62510355384149,36.98472762143675,37.71908187866211,4745100
2024-02-12,37.852600555047005,38.48204654786372,37.34713739602622,38.44390106201172,3560500
2024-02-13,38.17685462782705,38.56787398954081,37.27083672885377,37.78583526611328,3567800
2024-02-14,37.90981700423466,38.14824352627387,37.65231592386031,37.804908752441406,4198700
2024-02-15,37.9098257575934,39.3499206824634,37.9098257575934,39.044734954833984,6525600
2024-02-16,39.01611737009941,39.93167437559137,38.88259909489435,39.311767578125,5250000
2024-02-20,39.25454617446214,40.103344091510586,39.140102451672554,39.836307525634766,5002700
2024-02-21,39.740939944667645,40.32270137225173,39.45482878106422,40.27501678466797,3910400
2024-02-22,40.12242067429651,40.179644357626216,39.340381859293146,40.0651969909668,4115900
2024-02-23,40.04613455287323,40.885393590926725,39.6932605547244,40.58020782470703,3262600
2024-02-26,40.475285809831504,40.57065860324656,39.874453582766975,40.05565643310547,2346200
2024-02-27,39.97936443239485,40.227330095839456,39.6360332368649,39.91260528564453,2137600
2024-02-28,39.71232671084117,39.721865810447625,39.25454815844566,39.63603210449219,2792000
2024-02-29,39.760887616324545,39.760887616324545,39.002164513393225,39.29988861083984,5249100
2024-03-01,39.29988897979993,39.57840814632605,38.675626051412294,39.38632583618164,2825000
2024-03-04,39.376721460679,40.95178973291973,39.223056352744905,40.81733322143555,6431100
2024-03-05,41.83537038615907,42.19072029134465,40.567632222669296,40.730899810791016,6879200
2024-03-06,40.769312253109426,41.31674441152658,40.40435625960964,41.287933349609375,3445700
2024-03-07,41.585659049789754,41.95061505754115,41.335954621537866,41.76813888549805,3949700
2024-03-08,41.662497458862205,42.267551823162535,41.57606059772422,42.03705596923828,2816300
2024-03-11,41.92180089012047,42.22913108536381,41.66249035094674,41.75852966308594,1973200
2024-03-12,41.547236735683704,41.65288217203757,41.12465865393296,41.19188690185547,3648600
2024-03-13,41.25912453970684,41.633683052994385,40.69248370421231,40.990211486816406,3852000
2024-03-14,40.721294511650704,40.951790345165264,40.02019355357544,40.35633850097656,3795700
2024-03-15,39.67444478842539,40.25068796303946,39.66483865943846,39.96256637573242,5489400
2024-03-18,39.991383102006786,40.26990226345686,39.607222152384686,39.89534378051758,2697300
2024-03-19,39.904943687719914,40.31791933823297,39.799298242658665,40.28910827636719,3372300
2024-03-20,40.260291824469206,40.481188834851565,39.933756700885446,40.173858642578125,2059700
2024-03-21,40.317918217499546,40.67326807073819,39.8377143268714,40.34672927856445,3736100
2024-03-22,40.404360738272146,40.54842339115703,39.94336537817215,40.27950668334961,2060500
2024-03-25,40.48119589836341,40.65406961963984,39.91455507054966,40.13544845581055,4388200
2024-03-26,40.18346540865047,40.26029613310878,39.6168246190675,39.89534378051758,4566400
2024-03-27,40.19306653506688,41.09585224708858,40.087424750417554,40.99980926513672,4168600
2024-03-28,41.04783248901367,41.41278482855569,40.922978444609754,41.04783248901367,3951700
2024-04-01,41.77774403967776,42.24834552708002,41.34555974791352,41.82576370239258,4552700
2024-04-02,41.27832596883116,41.59526229497515,40.99020436739614,41.21109771728515,2900600
2024-04-03,41.25911422374904,41.98902613290362,41.05742948450817,41.566444396972656,2544700
2024-04-04,41.85456866694246,41.9698165633056,40.702078712317395,40.94218063354492,3126300
2024-04-05,40.76931907352416,41.10546039767573,40.702090808693846,40.932586669921875,2970200
2024-04-08,40.86534630449781,41.08623963262688,40.43316211308678,40.57722473144531,2397900
2024-04-09,40.73090029208566,41.16308459466984,40.50040077615225,41.134273529052734,2773000
2024-04-10,40.56762333355263,40.59643439251626,39.69365246289748,40.33712387084961,3615400
2024-04-11,40.75969984862996,40.798117034382145,40.03939410226658,40.452369689941406,3060600
2024-04-12,40.08742456232001,40.241089669056805,38.61799808650519,38.73324966430664,4126900
2024-04-15,39.098202485047,39.23265899714123,38.24344008930636,38.45473098754883,3062100
2024-04-16,38.416313523579106,38.46433318275055,37.792046963354885,38.00333786010742,2658800
2024-04-17,38.13779462244715,38.27225113447885,37.89769266134336,37.955318450927734,2809400
2024-04-18,38.16660652388007,38.16660652388007,37.7344222931516,38.080169677734375,2332100
2024-04-19,38.34908963297184,38.49315229054881,37.83046846209345,37.90730285644531,2808400
2024-04-22,38.205016852071225,39.20384173198979,37.964914928840685,38.80047225952149,3272900
2024-04-23,38.800483147712384,39.549600186036216,38.65642048788136,39.39593505859375,2646300
2024-04-24,39.1654313740312,39.4343480662307,38.9349355391919,39.30949401855469,2161900
2024-04-25,39.13661954856476,39.175036741511704,38.19542030335566,38.63720703125,3568000
2024-04-26,38.617995113815006,38.81967986394479,38.38749930328521,38.54116439819336,2013200
2024-04-29,38.589184828325266,39.338301723087405,38.483539386517286,39.03097152709961,3263000
2024-04-30,38.70443540973386,39.09820247952501,38.4643334485523,38.77166366577149,3465100
2024-05-01,38.54116649621555,39.08859865560483,38.37789526317635,38.74285125732422,3358200
2024-05-02,37.55194608167114,37.599969405886135,34.766765469468815,35.44865417480469,10810800
2024-05-03,35.75597830994196,35.94806058309703,35.0548811270409,35.429439544677734,6246800
2024-05-06,35.58310855286329,35.63112821052919,34.843594101080186,35.06448745727539,5784400
2024-05-07,35.31420040349952,35.35261760039019,34.54587478401376,34.68993377685547,5717600
2024-05-08,34.56508279623996,34.77637004822417,34.29616608623158,34.3345832824707,5194200
2024-05-09,34.33457862770009,34.52666091918945,34.16170493172616,34.52666091918945,5067900
2024-05-10,34.20972639485792,34.7187450437292,34.14249813883693,34.276954650878906,3963000
2024-05-13,34.28655508242447,34.65151102849937,33.988827381196984,34.027244567871094,4461700
2024-05-14,34.065673371469074,34.34418891067307,33.55665463361525,33.84477996826172,4472900
2024-05-15,33.96001632302369,34.16170105756591,33.84476842666593,34.027244567871094,4906900
2024-05-16,34.07526986481143,34.17131284740865,33.72952245479179,33.77754211425781,5884000
2024-05-17,33.78715329524377,34.0368577599949,33.49903163171071,33.8543815612793,3583400
2024-05-20,33.80635759558793,33.940814110560574,33.5374409019774,33.63348388671875,2307400
2024-05-21,33.63348025734487,33.71031097318193,33.05723340207505,33.0860481262207,4961100
2024-05-22,33.01882785366617,33.32615811859818,32.990013122558594,32.990013122558594,2781300
2024-05-23,32.6922830062112,32.84594811055499,32.25049628918093,32.653865814208984,6329300
2024-05-24,32.99960985317711,33.028420912411214,32.442571616886546,32.557823181152344,4982200
2024-05-28,32.42337452932527,32.74031094803429,32.192878646324175,32.50981140136719,3571400
2024-05-29,32.3657465830859,32.5290141656114,31.837522977014995,31.87593650817871,4258800
2024-05-30,31.693454445120736,32.250492675745534,31.693454445120736,32.10643005371094,3888200
2024-05-31,32.19363056752857,33.04618638083587,32.1645673827117,33.02680969238281,5923100
2024-06-03,32.842733875948035,33.3077632717199,32.65865719931066,33.017120361328125,4443500
2024-06-04,32.93961334090163,33.09462313820628,32.203317727635806,32.261444091796875,5622200
2024-06-05,32.232379637743364,32.232379637743364,31.738283387522102,32.15487289428711,7123300
2024-06-06,32.11612645107091,32.48427243237061,31.93204976469575,32.28082275390625,4845900
2024-06-07,32.116126034598594,32.36801558147013,31.8545462960828,32.12581253051758,5069500
2024-06-10,32.04830778388828,32.096747652376195,31.670467939942444,31.86423110961914,4333600
2024-06-11,31.815791172972933,31.864231041357066,31.46701820744706,31.8448543548584,4440000
2024-06-12,32.125810124872025,32.47458308344292,31.873920596862487,32.27113342285156,4349100
2024-06-13,32.11612572457933,32.73616493771654,31.88360917179026,32.68772506713867,5476800
2024-06-14,32.513334802318894,32.774914507945375,32.36801151172925,32.726470947265625,4085300
2024-06-17,32.464894457409635,33.12368703408226,32.41645458765654,32.852420806884766,4010300
2024-06-18,32.939615478962786,33.09462528632889,32.6199056724247,32.678035736083984,4219500
2024-06-20,32.53271024266552,33.172126044489715,32.455203505123364,32.93960952758789,3964700
2024-06-21,33.02680264841916,33.28838234315749,32.89116955390106,33.22056579589844,6948300
2024-06-24,33.201194493987195,33.29807423557017,32.862108006996316,33.123687744140625,3766600
2024-06-25,33.017123780236425,33.15275690608233,32.784607210410954,32.90086364746094,3642000
2024-06-26,32.61021494707369,32.910548026774684,32.42614197961332,32.84273147583008,3279900
2024-06-27,32.84273231213932,32.84273231213932,32.377699242784914,32.47458267211914,3628000
2024-06-28,32.610214635017805,32.697407870501465,32.06767853692781,32.40676498413086,7320100
2024-07-01,32.45521054047196,33.11400316948883,32.028934478759766,32.028934478759766,4474800
2024-07-02,32.06768640281657,32.242072916559195,31.670473498341856,31.825483322143555,3932200
2024-07-03,31.87392298364604,32.17425240156303,31.709222987221164,32.12581253051758,1988700
2024-07-05,32.242067010518205,34.10218825113082,31.777037624296312,33.821231842041016,11285400
2024-07-08,33.685597093454184,33.78247682497145,32.368012048760136,32.56177520751953,7364000
2024-07-09,32.73616270350129,33.046182288911325,32.33894987871188,32.94929885864258,4687400
2024-07-10,32.84273332723647,33.23025596937603,32.61990328074304,33.18181610107422,2990000
2024-07-11,33.40464412032044,34.286263072058276,33.40464412032044,34.12156677246094,4238600
2024-07-12,34.160310956571635,34.43158084127963,33.92779813622151,34.218441009521484,3670900
2024-07-15,33.133379350249456,33.811548657458076,32.881486098219625,32.910552978515625,3645000
2024-07-16,33.03648793554988,34.46064276740003,32.82335180726294,34.43157958984375,11147600
2024-07-17,34.50909252770281,35.23570174083812,34.354082710062976,34.567222595214844,6069100
2024-07-18,34.412212777575,35.23570174083812,34.37345939923365,34.567222595214844,5912100
2024-07-19,34.751291778565985,34.751291778565985,34.0731225150452,34.24750900268555,4497400
2024-07-22,34.32501871106562,34.421898458898504,33.86967576565498,34.2572021484375,3177200
2024-07-23,34.305638911295986,34.32501559825046,34.02468249404389,34.170005798339844,4712700
2024-07-24,34.325018128211426,34.50909112425846,34.03437519392253,34.383148193359375,3977900
2024-07-25,34.34439371579713,34.974119437285054,33.97624403977747,33.99562072753906,3403400
2024-07-26,34.247505626060374,34.74160185756778,34.00530260552041,34.40251541137695,3470500
2024-07-29,34.45095760685041,35.070996723545974,34.32501100635767,34.896610260009766,3824900
2024-07-30,34.67379026023238,35.109756498622104,34.65441357233447,34.79004669189453,3242900
2024-07-31,34.790039757397835,35.20662922485328,34.605966802645845,34.70284652709961,5261000
2024-08-01,34.828798378503045,34.95474499586844,33.69528621366481,34.886924743652344,9462800
2024-08-02,34.838484867505905,34.93536830227826,33.82123282460967,34.170005798339844,6025400
2024-08-05,34.16031288598524,34.39282941519281,33.1043075532954,33.55965042114258,6023100
2024-08-06,33.88904897978281,36.48546586933342,32.89117363565761,35.7685432434082,11776700
2024-08-07,36.34983680141972,36.70829630639363,35.390711028329456,35.4488410949707,5157400
2024-08-08,35.536026102667314,36.36920505259907,35.303509585771955,36.25294494628906,3730600
2024-08-09,36.23357418087193,36.51452688238168,35.91386441248944,35.991371154785156,3892900
2024-08-12,35.99137242758872,36.330455197811624,35.74916939293665,35.77823257446289,2839800
2024-08-13,34.392829993713654,35.05162252587095,32.794288529800376,33.4337043762207,9722800
2024-08-14,33.73403834262064,34.518777504701575,33.501525499154084,34.42189407348633,6968700
2024-08-15,34.654411179516465,34.97411726844364,34.470338200784155,34.615657806396484,4298200
2024-08-16,34.68347633005632,35.12912905905523,34.49940334087641,34.99349594116211,2923900
2024-08-19,34.99349872507806,35.35196193171355,34.974122035876775,35.32289505004883,2477000
2024-08-20,35.20663423264293,35.31320416213532,34.85786126184058,35.09037780761719,2947200
2024-08-21,35.226010782820566,35.361643894112106,34.91599118680416,35.0516242980957,2577700
2024-08-22,35.2550757899174,35.584472089700775,35.148505855322,35.351959228515625,3393200
2024-08-23,35.51665355591271,36.41764915829412,35.41008362724232,36.36920928955078,2702100
2024-08-26,36.446710525208054,37.19269629302275,36.2820142405382,36.74704360961914,2397100
2024-08-27,36.75672812659931,36.931114592585985,36.63078522006148,36.727664947509766,2621900
2024-08-28,36.75673265320655,36.91174245364815,36.272326564860904,36.64047622680664,2339900
2024-08-29,36.86329778940757,37.21207071897,36.437021817567185,36.96986770629883,2353400
2024-08-30,37.05772926073306,37.555609174922914,36.84296096498873,37.038204193115234,4248900
2024-09-03,36.93082274166034,37.487274147250105,36.82343672934899,36.95034408569336,3255400
2024-09-04,36.70628677425404,37.428699405252594,36.49151847100527,36.6379508972168,2640000
2024-09-05,36.677004148627425,38.08277566938416,36.247463781625,37.89729309082031,6375700
2024-09-06,37.89729049344158,38.54160286179893,37.497035896795744,38.03396224975586,6154900
2024-09-09,38.12182069002083,38.77589741169565,37.682515985019215,38.29754257202149,3392900
2024-09-10,38.29754783613333,38.48303041528434,37.97539349086828,38.27802276611328,4576000
2024-09-11,38.10230032967346,38.414693997593936,37.57513834257408,38.33659744262695,3649300
2024-09-12,38.25849867741654,38.46351005587243,37.62395064360726,38.44398498535156,2877300
2024-09-13,38.56112975348528,39.10782052861452,38.531844011183686,38.775901794433594,3239800
2024-09-16,38.93210108103546,39.35188079261035,38.76613984146967,39.30306625366211,2617900
2024-09-17,39.20543745314392,39.52759547595256,38.717321945149585,38.8637580871582,2198600
2024-09-18,38.805184388828216,39.09805296016513,38.26825805403955,38.4342155456543,3101200
2024-09-19,38.73685302491408,38.76613876825109,37.702046646698776,37.83871841430664,3340900
2024-09-20,37.58489876483696,37.877767361056414,37.360366050267835,37.575138092041016,5224000
2024-09-23,37.78990538988131,38.29754601417331,37.350600645395346,38.07301330566406,3278800
2024-09-24,38.02420013055867,38.287782960860355,37.92657479117328,38.05348587036133,1754400
2024-09-25,38.238977142184886,38.238977142184886,37.01868805201008,37.428707122802734,3648900
2024-09-26,37.51656581483184,37.88753471851233,37.50680141724664,37.78990936279297,2558700
2024-09-27,38.0437284068133,38.629465596419514,37.682520206664115,37.98515319824219,2662600
2024-09-30,36.85272521280726,37.22369408549134,36.43294552835517,37.06749725341797,4866400
2024-10-01,37.10654474162589,37.18464502193453,35.82768430579573,36.032691955566406,4316300
2024-10-02,35.97411284206996,35.97411284206996,35.007646184285306,35.11503219604492,6463000
2024-10-03,35.056455097073886,35.19312684137025,34.10950983441227,34.246185302734375,4135400
2024-10-04,34.41214761051016,35.50552544221604,34.1095146171158,35.45671463012695,5152700
2024-10-07,35.1638461458467,35.46647914020739,34.74406645729289,34.9197883605957,3850700
2024-10-08,35.105269667652976,36.501280446743856,35.085744598655594,36.23769760131836,5034200
2024-10-09,35.983872598234505,37.37011872832015,35.97410820350125,36.94057846069336,4758300
2024-10-10,36.88200305629624,37.1358251815725,36.03268319654199,36.14982986450195,3764400
2024-10-11,36.25721920400016,36.48175188996478,35.622671280367726,35.67148208618164,3294800
2024-10-14,35.72029828238451,36.1010278388233,35.446954749356934,36.032691955566406,2045600
2024-10-15,36.04245257921828,36.647718578702104,35.720298233452276,35.778873443603516,3927300
2024-10-16,35.89602156905799,36.276751140133754,35.77887486811772,35.88625717163086,2832100
2024-10-17,35.65196235028899,36.12055285941993,35.15408237406927,35.778873443603516,3868900
2024-10-18,36.022929227281814,36.11079017560304,35.730056916860335,35.98387908935547,1984300
2024-10-21,35.91554336729653,35.97411485041645,35.564099572472436,35.70077133178711,1593200
2024-10-22,35.749584510589806,35.8764956058003,35.36885494898472,35.720298767089844,1827200
2024-10-23,35.57385613716128,35.80815321466439,35.368848521862134,35.603145599365234,1818500
2024-10-24,35.83744285710419,36.218172391002305,35.61291015054957,35.85696792602539,2767200
2024-10-25,35.730055078625725,35.90577696622765,34.98812111632666,35.11503219604492,2171900
2024-10-28,35.36885530384473,35.603152426274335,35.134561905441544,35.154083251953125,1886500
2024-10-29,35.095505682341745,35.485995853350886,35.04669487646882,35.13455581665039,2515300
2024-10-30,34.94907326032046,35.329802800286295,34.86121231078786,35.00764846801758,2671800
2024-10-31,34.85145568847656,35.16384938444729,34.74406965723164,34.85145568847656,2722400
2024-11-01,35.144321370440935,35.62267627211017,34.96859946566663,35.01741027832031,3167100
2024-11-04,35.15408143552043,35.37861787309232,34.929548721974776,34.949073791503906,2725800
2024-11-05,34.851445585231346,35.24193572998047,34.4609517164567,35.24193572998047,2615200
2024-11-06,35.90578209632487,35.94483223782152,34.84168994671306,35.251708984375,3696300
2024-11-07,34.8514575272713,35.26147287835568,34.28524159593367,35.18337631225586,5612400
2024-11-08,34.617151919220674,34.617151919220674,32.97708346772223,33.81664276123047,6636800
2024-11-11,34.16808668079881,34.16808668079881,33.064944553805766,33.4066276550293,5636800
2024-11-12,33.406623632074904,33.406623632074904,32.664686039470034,33.02589416503906,6113100
2024-11-13,32.908749259821185,33.03566034467149,31.84465721921344,31.854421615600582,5369100
2024-11-14,31.90323353897666,31.90323353897666,30.8586665306586,30.9465274810791,5660000
2024-11-15,30.995336454876163,31.483451989598624,30.848902166862025,31.20034408569336,4847300
2024-11-18,31.014864253990257,32.43040017412776,30.995339183999064,32.23515319824219,7004300
2024-11-19,31.93251854951785,32.20586579124478,31.54202834194901,31.74703598022461,4518600
2024-11-20,31.74703559949849,31.893468029070917,31.00509974518399,31.854421615600582,6315400
2024-11-21,31.71775218490351,32.36206460475068,31.561555347486816,32.205867767333984,3782800
2024-11-22,32.25467771733752,32.89899011993691,32.22538825083783,32.42063522338867,4646300
2024-11-25,32.74279127990677,32.86969863886439,32.45968337326096,32.625640869140625,5928900
2024-11-26,32.61588027727772,32.80136284207538,31.825131760775204,32.088714599609375,4311100
2024-11-27,32.36206032435609,32.57682861988106,32.196099111787014,32.51825714111328,3605700
2024-11-29,32.488818617580115,33.17568655476153,32.488818617580115,33.07756042480469,2928300
2024-12-02,33.05793558455404,33.14624723098111,32.73412870974088,32.920562744140625,4065100
2024-12-03,32.881313825943636,32.95000399248459,32.4790060274773,32.508445739746094,3717600
2024-12-04,32.4888243563082,32.58694676046797,32.066891280787594,32.4005126953125,3554400
2024-12-05,32.20426314856843,32.5084485810703,31.291710594192473,31.301523208618164,3549100
2024-12-06,31.370210364171413,31.517395840834045,31.056214181540497,31.203399658203125,3573600
2024-12-09,31.272087616174357,31.880456616991577,31.07583906841013,31.25246238708496,4419300
2024-12-10,31.23283362818131,31.262271468488457,30.69315299016959,30.85015106201172,3730700
2024-12-11,30.889401686858037,30.958088113885513,30.192722930933908,30.418407440185547,6650800
2024-12-12,30.52634472862716,30.79127782616804,30.212348560012195,30.261409759521484,3785900
2024-12-13,30.124037248183186,30.231972262651073,29.49604303220586,29.75116539001465,4259300
2024-12-16,29.45679141225885,29.58435164224146,28.75029822600246,28.8680477142334,6759000
2024-12-17,28.62274168394415,29.72173018662951,28.603116454782924,29.08392333984375,4614300
2024-12-18,29.034861361906938,29.152608990595148,28.357805946472865,28.367618560791016,4872300
2024-12-19,28.181181941803036,28.858237340658057,28.083059544153855,28.357805252075195,8152100
2024-12-20,28.789550382693267,29.427355313473345,28.62273968957558,28.946548461914062,12194900
2024-12-23,28.75029881230484,28.98579779356923,28.210618169855213,28.632551193237305,4988400
2024-12-24,28.46574121805536,28.622739295112492,28.328368368521545,28.534427642822266,1577900
2024-12-26,28.45593041575384,28.88767609092757,28.259681871157195,28.750301361083984,2534200
2024-12-27,28.534428314322746,28.809175891420715,28.47555450193202,28.652177810668945,2773300
2024-12-30,28.51480183020178,28.55405228444303,27.80831049794122,28.09286880493164,4993700
2024-12-31,28.32836817229609,28.701238134832803,28.240056520617586,28.612926483154297,3524200
2025-01-02,28.85823932643318,29.191860741778697,28.48536932364019,28.7110538482666,4014400
2025-01-03,28.730676570876653,29.044672729318243,28.53442803606829,28.946548461914062,2821200
2025-01-06,28.917112119350037,29.68247919890328,28.838613075670075,29.10354804992676,4164200
2025-01-07,29.16242206910588,29.427357045218677,28.887676350083577,29.025049209594727,4538700
2025-01-08,28.995610154704455,29.33904416069814,28.74048967529005,29.03486061096191,4035700
2025-01-10,28.73067487093449,28.94654674919915,28.50498850778891,28.8680477142334,5954500
2025-01-13,28.926923609082017,30.34972082597364,28.691426487198218,29.92778778076172,7315200
2025-01-14,30.07497010133884,30.24178077916588,29.71191277825704,30.045534133911133,4608100
2025-01-15,30.23197034485676,30.457656716932583,29.603978040281557,29.643226623535156,4328600
2025-01-16,29.62360478303969,30.614656359121057,29.554918355158815,30.369346618652344,6862500
2025-01-17,30.428220572858063,30.43803318710991,29.93760108965474,30.39878273010254,3877700
2025-01-21,30.58521694367711,31.007149975036036,30.52634313303031,30.889400482177734,6291100
2025-01-22,30.702967708747035,31.664581432604024,30.50671916970632,31.23283576965332,7346900
2025-01-23,31.321146388425053,31.96876579719915,31.19358615236581,31.841203689575195,4224400
2025-01-24,31.70383083973221,31.91970085671572,31.468331852051787,31.841203689575195,3244500
2025-01-27,32.135573785892184,32.95000386480161,32.1061378168668,32.832252502441406,4216900
2025-01-28,32.61638269289016,32.93037884153525,31.87063903251107,32.076698303222656,4277100
2025-01-29,32.07670450648594,32.36126474095412,32.02764330060903,32.165016174316406,3844300
2025-01-30,32.33182412444644,32.69488148757058,32.25332321180904,32.479007720947266,3816000
2025-01-31,32.30238534373826,32.61638526022862,31.890266769875936,31.949142456054688,3828100
2025-02-03,31.16414956878295,31.41927192276275,30.055348496810556,31.04640007019043,7195000
2025-02-04,30.91883991557787,30.99733895767114,30.63427971826177,30.830528259277344,4198200
2025-02-05,31.085648313434906,31.115084282313433,30.761839554818483,30.87958717346191,2708700
2025-02-06,30.7422164475313,31.026776643408542,30.21234838397216,30.231971740722656,2958500
2025-02-07,30.379153618000664,30.398778843995505,29.937597262504056,30.045534133911133,2894300
2025-02-10,30.281034811510864,30.330096010734284,29.93760080225255,30.231971740722656,5195800
2025-02-11,30.231970606059075,30.30065703101985,29.986660876019336,30.02591133117676,4715400
2025-02-12,29.957226406609596,29.957226406609596,29.32923219359107,29.721729278564453,2908600
2025-02-13,29.90815942351179,30.045534133911133,29.55491471342742,30.045534133911133,5124900
2025-02-14,30.379157907670905,30.506720023085155,30.03572576208983,30.241785049438477,3855400
2025-02-18,30.14365844489739,30.65390312394608,29.996472983669996,30.614654541015625,4416700
2025-02-19,30.487094794319145,30.663718110083597,29.9866626901748,30.241785049438477,9790800
2025-02-20,32.65563161475645,33.048128698697695,31.733268333563025,32.81262969970703,10688000
2025-02-21,32.8813156756063,33.3817496379038,32.626195194744696,33.18550109863281,7264400
2025-02-24,33.38174893971687,34.47092475391744,32.81262856204724,34.4218635559082,7796500
2025-02-25,34.33355394967341,35.373664884760835,34.29430349167359,35.26572799682617,8927400
2025-02-26,35.26572294245672,35.57971907519322,34.35317051196341,34.598480224609375,6660600
2025-02-27,34.39242896801914,34.89286299442842,34.09805799296487,34.441490173339844,3729300
2025-02-28,34.46120779947799,34.67812843347561,33.52449326480953,34.02735900878906,4783300
2025-03-03,34.38232553130101,34.74715361475777,33.82029755136126,34.372467041015625,3896600
2025-03-04,34.382326932928066,34.8161757501095,34.10624405751957,34.30344772338867,4423200
2025-03-05,34.3626080391697,34.954219068610065,34.27386657282101,34.66827392578125,3354600
2025-03-06,34.75700980250222,34.973934187879266,34.23442334101752,34.94435119628906,2745900
2025-03-07,34.845754343335074,36.12757250591416,34.56967147299875,36.05855178833008,4549800
2025-03-10,36.17686997031728,37.21218818491723,35.85148714733908,36.04869079589844,5310600
2025-03-11,35.93036624654604,36.05854918194272,35.180996897793285,35.34861755371094,4151500
2025-03-12,34.993661982861724,35.26974488438138,33.73156065874163,33.92876434326172,6203700
2025-03-13,33.74142012309459,34.35274810936998,33.57379568863451,34.066802978515625,4771200
2025-03-14,34.14568843702834,34.530233549324855,33.731560327468515,34.10624694824219,2992100
2025-03-17,34.02736094639232,34.54008897099999,33.91890250389104,34.362606048583984,3691500
2025-03-18,34.41190782635793,34.43162480652848,33.92875906254895,34.02735900878906,3361800
2025-03-19,33.899180590017615,34.066801254648546,33.36673184116597,33.61323547363281,5109400
2025-03-20,33.60338071475583,33.68225993000382,32.90330746218791,32.972328186035156,5791700
2025-03-21,32.75540544374944,33.16952976054394,32.53848103323016,32.72582244873047,8139300
2025-03-24,32.83428140001019,33.40617160330414,32.83428140001019,33.13008499145508,3543800
2025-03-25,33.287848311359525,33.37658976800331,32.341275281390296,32.47931671142578,3684000
2025-03-26,32.49904052882183,33.061068553641626,32.34127834222939,32.89344787597656,2719500
2025-03-27,33.208966546271085,33.43574941546869,32.844142257678996,33.22868728637695,2761500
2025-03-28,33.13008475848215,33.534350541594904,33.02162632608088,33.27798843383789,2513100
2025-03-31,33.15967069236565,34.0372230485899,33.15967069236565,33.751277923583984,3598900
2025-04-01,33.63295379305862,33.81043669655866,33.3272879567315,33.544212341308594,3495900
2025-04-02,33.24841066879573,33.3568728673244,32.95260330504595,33.17938995361328,2491700
2025-04-03,32.83428144491594,33.13008503676538,30.85239399431264,30.91155433654785,5555500
2025-04-04,30.3002264800557,30.75379414816055,28.298618159743448,28.387359619140625,5995400
2025-04-07,27.953511046498473,28.90008405007328,26.74071368041573,28.23945426940918,8172000
2025-04-08,28.959246806942353,29.11700897711195,27.125259227879,27.57882499694824,6382800
2025-04-09,26.918195465337337,30.38896700409733,25.882880978467988,30.3199462890625,12042100
2025-04-10,29.679035950424208,29.82693774492553,27.2238601435475,27.74644660949707,6546800
2025-04-11,27.86476970026518,27.86476970026518,26.40546870709796,27.45064353942871,6639000
2025-04-14,27.983091354370117,28.29861758171148,27.66756700770221,27.983091354370117,4535700
2025-04-15,27.894352162664298,28.101414312771976,27.135120517589172,27.411203384399418,5152400
2025-04-16,27.480225315988186,28.190155088594626,27.18441983356376,27.430923461914062,5393700
2025-04-17,27.57882653723815,28.69302404204697,27.52952656155926,28.485960006713867,5523400
2025-04-21,28.34791793923484,28.40707828486728,27.874631412828386,28.14085578918457,4066800
2025-04-22,28.48595666224696,28.73246027304708,28.10141163121422,28.21973419189453,4604400
2025-04-23,28.831065498265907,29.876240404898372,28.762044779998696,29.186031341552734,4590500
2025-04-24,29.304348752741273,30.05371995980281,29.07756588079027,29.984699249267575,3601300
2025-04-25,29.79735565185547,30.004419661872703,29.54099167218681,29.79735565185547,3466700
2025-04-28,29.886099134218263,30.38896675768896,29.669176620057215,30.103023529052734,3970800
2025-04-29,30.093162376150996,30.911554319193236,29.984700181552856,30.546728134155273,3422700
2025-04-30,30.67491138875008,30.94113387176464,30.20162300419148,30.734071731567383,5553200
2025-05-01,31.70036492690289,32.14406840429736,30.093160378284068,30.24106216430664,7085600
2025-05-02,30.62560774684541,30.81295101560883,29.807215843097772,30.280502319335938,4175300
2025-05-05,29.895959038406257,30.645330276550077,29.75791761161013,30.00442123413086,3911600
2025-05-06,29.886100179251493,30.08330383951059,29.45225513575905,29.511415481567383,3321700
2025-05-07,29.570576936662423,30.46785005122129,29.442395869156968,30.290367126464844,3696900
2025-05-08,30.477707697050676,31.62148435355589,30.379105872040217,30.763652801513672,4087100
2025-05-09,30.852394759850725,31.04959653241905,30.418547851122952,30.46784782409668,2642400
2025-05-12,31.118616822710116,32.22295388059977,31.118616822710116,31.434141159057617,6269000
2025-05-13,31.19749853895914,31.217219280548814,30.47770839699695,30.714351654052734,5922300
2025-05-14,30.5270085431819,30.596031139136652,29.817078767993987,29.895959854125977,3704600
2025-05-15,29.93540012866522,30.63546950473197,29.61987579687889,30.60589027404785,2838400
2025-05-16,30.635471575097952,31.256661790871934,30.477709398543112,31.217220306396484,3022300
2025-05-19,30.793231553694596,31.18763696692984,30.605890157828703,31.029874801635746,2749700
2025-05-20,30.862251647073467,31.177777852008056,30.812951676660138,31.0200138092041,1999800
2025-05-21,31.039735696448563,31.059456437611836,29.984700492967587,30.00442123413086,2789700
2025-05-22,29.738196512246876,30.093162326216603,29.64945505875444,29.84665870666504,2894900
2025-05-23,29.432532808817843,29.807217486327236,29.30434987234933,29.69875717163086,2096500
2025-05-27,30.32980646390315,30.517149746839635,29.97484063953369,30.438268661499023,2885100
2025-05-28,30.49743014300511,30.605892344647035,30.063583217110914,30.152324676513672,2723600
2025-05-29,30.231203659869447,30.35938659482546,29.67903608033336,30.27064514160156,3459800
2025-05-30,30.102089956132733,30.42928650386698,29.675742538236022,30.24090003967285,4932100
2025-06-02,30.082259053704455,30.230984411644165,29.0510930418508,29.298969268798828,4023900
2025-06-03,29.061008497201524,29.883957500101577,28.91228313834403,29.834383010864254,3134400
2025-06-04,29.854214581812933,29.97319411650097,29.427867151698653,29.715402603149418,3594900
2025-06-05,29.87404266227762,30.240900317910423,29.43778185538176,29.89387321472168,3903900
2025-06-06,30.26073073139542,30.44911530531219,29.755062993267405,30.002939224243164,2349700
2025-06-09,30.161579450561003,30.925038685457785,29.923618498998152,30.587926864624023,3224900
2025-06-10,30.92503843266387,31.480280648438416,30.706906143821875,31.45053482055664,4686400
2025-06-11,31.450538212608237,31.767821404130753,30.87546538288887,31.133256912231445,4152700
2025-06-12,30.97461407992865,31.381130953791132,30.855634546242136,31.093595504760746,2603500
2025-06-13,30.687076984186145,31.063848008836143,30.280560132137932,30.359880447387695,2890200
2025-06-16,30.488774816883392,30.71682048359005,30.072342694958188,30.55817985534668,3233300
2025-06-17,30.20123846214427,30.44911468809547,29.5964217568023,29.66582679748535,3364900
2025-06-18,29.616253323978302,29.844299005795733,29.289056770152467,29.546846389770508,3513800
2025-06-20,29.675743539238837,29.933535053898677,29.52701817455121,29.73523330688477,5596100
2025-06-23,29.52701817455121,29.84429945685698,29.070924912877455,29.73523330688477,3008200
2025-06-24,29.86412871861336,30.36979455845973,29.70548619317376,30.330135345458984,3914700
2025-06-25,30.32022022093598,30.538350621393956,30.102089820478003,30.349966049194336,3648400
2025-06-26,30.399540675474572,30.5780118635379,30.121918617248784,30.24090003967285,2863400
2025-06-27,30.340052968081014,30.379712184149117,29.943451351671563,30.1318359375,3863900
2025-06-30,30.19132584153775,30.28056143643062,29.864129290645767,30.022769927978516,2916200
2025-07-01,29.804636101321005,31.49019515027523,29.804636101321005,30.964696884155273,3945400
2025-07-02,31.15308451335324,31.172915065533523,30.38962527472227,30.86554718017578,2959200
2025-07-03,30.835804276465893,30.954783811243914,30.617671977463505,30.74656867980957,1430700
2025-07-07,30.607758422937124,30.736653233424843,29.31880086233195,29.437782287597656,4929900
2025-07-08,29.43778087959947,30.667246723194097,29.43778087959947,30.39953994750977,6298000
2025-07-09,30.696991054320716,30.885377516425233,29.427865981984272,29.556760787963867,7165000
2025-07-10,29.477442532136404,30.459032233088305,29.120502026155684,29.44769859313965,6549900
2025-07-11,29.01143424337629,29.26922575002237,28.267805551909124,28.45619201660156,6805800
2025-07-14,28.25788997506809,28.68423738955591,28.15873910569839,28.287635803222656,6091200
2025-07-15,28.466106867507836,28.65449334190145,27.910864612140276,28.0100154876709,3586000
2025-07-16,28.16865319943306,28.238058237735064,27.87120249495434,28.12899398803711,4832400
2025-07-17,28.109163677229695,28.178568716125433,27.395278954541023,27.6530704498291,5476800
2025-07-18,27.811712115390623,27.99018330271305,27.385366590409387,27.53409194946289,3771000
2025-07-21,27.75143199229144,27.80098736468259,27.127025604248047,27.127025604248047,4306300
2025-07-22,27.28560430716073,27.92983358244825,27.12702485141046,27.26578140258789,6501300
2025-07-23,27.84063251011137,28.45512743091952,27.672141601422123,28.306459426879883,6781000
2025-07-24,28.05867957152828,28.891222685838574,28.019035651541085,28.51459693908691,5127000
2025-07-25,28.50468443890508,29.049801079005295,28.44521761590162,28.960599899291992,4031200
2025-07-28,28.782199358060247,29.08944681495943,28.2271693766999,28.266815185546875,6889700
2025-07-29,28.118149790948888,28.742556214867975,28.078503978425065,28.58397674560547,6929800
2025-07-30,28.574063526336204,28.68308761362164,27.65231923670983,27.800987243652344,7798700
2025-07-31,23.549072953018246,23.94552161072906,21.27940131569731,21.56682777404785,47022900
2025-08-01,21.31904686256824,22.16150143127728,21.14064449620441,21.765050888061523,22649400
2025-08-04,21.636204083950233,22.557948310759336,21.60646972842163,22.24078941345215,11387100
2025-08-05,22.39937026826373,23.02377665023339,22.24079080965505,22.63723945617676,14223600
2025-08-06,22.7264397157492,22.775995085647445,22.092121907053905,22.300256729125977,10175900
2025-08-07,22.696704494973577,23.44995780931361,22.59759186853639,23.331024169921875,12327700
2025-08-08,23.32111490544937,23.64818528007568,23.073334261325915,23.47969436645508,10460200
2025-08-11,23.350848327038435,23.628363340346365,23.07333520414687,23.25173568725586,7591800
2025-08-12,23.459869108053184,23.85631772080117,23.25173240485043,23.76711654663086,5662200
2025-08-13,23.866231218760255,24.173478683681942,23.687828855123065,23.895965576171875,8316600
2025-08-14,23.76711760111349,24.272590313699663,23.509425518790177,24.232946395874023,4145400
2025-08-15,24.45099329624656,24.629395657072028,23.826586923773647,23.965343475341797,7713400
2025-08-18,23.98516643132427,24.193301259122126,23.241824519904092,23.40040397644043,8252200
2025-08-19,23.5094263991128,24.262679770167797,23.46978247980267,24.114011764526367,5168700
2025-08-20,24.17347617798984,24.66903740765206,24.004985284288043,24.054542541503903,5385900
2025-08-21,23.905876781828688,24.08427725320774,23.61845033439932,23.638273239135746,6018900
2025-08-22,23.886054807624376,24.391527555597403,23.668006627861708,24.3221492767334,6488100
2025-08-25,24.292415070061004,24.401439160622676,24.084278341753844,24.341970443725582,9755900
2025-08-26,24.292414580668265,24.42125968385027,24.123923667020232,24.28250312805176,5085500
2025-08-27,24.24285661957076,24.480727694685413,24.094188615436284,24.312236785888672,5559800
2025-08-28,24.32215002344929,24.32215002344929,23.94552236888707,24.18339157104492,4495900
2025-08-29,24.203349644807503,24.672444808268875,24.173406671262537,24.64250373840332,4048500
2025-09-02,24.3630407998301,24.552675817944447,23.754213685908915,24.12350273132324,14049000
2025-09-03,23.943849829978102,24.233292866167815,23.315062608538938,23.49471664428711,7474600
2025-09-04,23.49471729595773,23.684350424570027,23.07552516881138,23.534639358520508,5967800
2025-09-05,23.734255746574185,24.54269703859069,23.564582694799903,24.373023986816406,7373500
2025-09-08,24.203351272492103,24.313140279194265,23.744237069336787,24.04365921020508,5637100
2025-09-09,24.04365935879679,24.53271654053317,23.97379431907439,24.40296745300293,4552100
2025-09-10,24.3730244407368,24.582619559589936,23.923889323652148,23.93387031555176,4466800
2025-09-11,23.89394892308862,24.4728331437766,23.85402495436826,24.442890167236328,4029100
2025-09-12,24.27321465757956,24.37302266562699,23.864003537896572,23.943849563598633,5749900
2025-09-15,23.96381225393846,24.123504310060575,23.534639139230475,23.754215240478516,7038000
2025-09-16,23.80411943859998,24.043657515143245,23.724273413085555,23.82408142089844,5747100
2025-09-17,23.88396791517919,24.063621966943284,23.05556460157334,23.155372619628903,5187500
2025-09-18,23.424850247211044,23.764196343990367,23.305082156394505,23.644428253173828,3610100
2025-09-19,23.66439080525861,23.704314775488832,22.975719451904297,22.975719451904297,13671600
2025-09-22,22.955755949343292,23.015639997050435,22.756139918746747,22.76612091064453,4954300
2025-09-23,22.76611982316835,23.115446908186115,22.706235778321705,22.81602478027344,4805500
2025-09-24,22.686272693709487,22.865926723203888,22.476677595085594,22.516599655151367,5869900
2025-09-25,22.29702492024092,22.38685194044554,21.548467687655428,21.668235778808594,7394200
2025-09-26,21.708160337040137,22.00758247676888,21.6382952980154,21.93771743774414,10542500
2025-09-29,21.957678335612407,22.54654349781637,21.75806231654415,22.33694648742676,6710200
2025-09-30,22.307006067097426,22.816025217241176,22.037525004607296,22.726198196411133,6033700
2025-10-01,22.905852337091968,23.404890497780865,22.71621730299993,23.3150634765625,6332800
2025-10-02,23.145390208551085,23.58454241518642,22.965736167800497,23.185312271118164,4734400
2025-10-03,23.32504499281866,24.223313321525616,23.215255985820413,23.81410217285156,6547600
2025-10-06,23.854022126967052,23.87398410896115,23.065542874993916,23.105464935302734,6328600
2025-10-07,23.225236572904855,23.235217564610693,22.835985511095156,22.855947494506836,4806700
2025-10-08,22.666311919747383,22.87590893322028,22.50661986361541,22.706235885620117,4836800
2025-10-09,22.895872749316,22.99568076830949,22.38685356576086,22.466699600219727,5581400
2025-10-10,22.60643012547525,22.78608418243123,21.588391738511095,21.907777786254883,5515400
2025-10-13,21.99760170217136,22.346926870513773,21.907774686403485,22.067466735839844,4315500
2025-10-14,21.947696931397633,22.82600511435935,21.837907932607568,22.776100158691406,6023500
2025-10-15,22.726197868556483,23.25517709061387,22.566505812424506,22.706235885620117,4611900
2025-10-16,22.546545489607364,23.275140787316488,22.496642432271525,22.92581367492676,5414900
2025-10-17,22.885891656757657,23.045583724975582,22.526583551427507,23.045583724975582,3953000
2025-10-20,23.195295453075243,23.55460356850687,23.065546357880304,23.085506439208984,4500700
2025-10-21,22.985697935690823,23.09548503448189,22.53656283801995,22.706235885620117,6574500
2025-10-22,22.845966993013334,23.44481318245674,22.806044929012877,22.88589096069336,4731800
2025-10-23,22.92581400102765,23.06554599017888,22.486661759922743,22.945775985717773,5681400
2025-10-24,23.19529557713151,23.235219547361737,22.89587341512352,22.975719451904297,3719500
2025-10-27,23.215254262664978,23.305081279236205,22.965735195229215,23.12542724609375,6408700
2025-10-28,22.995678818492827,23.16534996161174,22.72619776116374,22.81602478027344,5722700
2025-10-29,22.696255225941737,22.875909267636388,22.29702507977555,22.37687110900879,7770300
2025-10-30,18.903566136167555,19.77189147320784,18.384565990074787,19.12314224243164,24018300
2025-10-31,18.7738172716929,18.91354926755935,18.404530055576643,18.434471130371097,11557700
2025-11-03,18.264797656591316,18.364605678956018,18.015278552519412,18.174970626831055,11396800
2025-11-04,18.145028979139894,18.284759063825845,17.70587483682453,17.90549087524414,11712400
2025-11-05,17.83562409643287,18.045219203055712,17.436392058462705,17.915470123291016,11329600
2025-11-06,17.905489619452673,18.125065723370692,17.47631649952607,17.945411682128906,10346300
2025-11-07,17.915470937744733,18.085143990491712,17.745797884997753,17.965373992919922,7414100
2025-11-10,17.94541174103588,17.96537372427927,17.53620060294388,17.71585464477539,7892800
2025-11-11,17.795701198985924,18.27477738888151,17.665952111435704,18.214893341064453,12070300
2025-11-12,18.26479611202692,18.88360427541472,18.23485504042526,18.66402816772461,12362500
2025-11-13,18.594161225401844,18.88360427541472,18.484374123396552,18.66402816772461,9828700
2025-11-14,18.564222133412816,18.654049165155634,18.274779052534917,18.434471130371097,7472600
2025-11-17,18.344642226297683,18.43446924887238,17.715854971954354,17.735816955566406,7790700
2025-11-18,17.65597138874256,18.184950642605124,17.366528329800747,18.11508560180664,9780700
2025-11-19,18.10510279574709,18.13504576895192,17.506258561085605,17.655969619750977,7690300
2025-11-20,17.626029894249527,17.825645945036758,17.366529789698024,17.386491775512695,8313700
2025-11-21,17.546181219064458,18.574200489944698,17.52621923624827,18.27477645874023,8278400
2025-11-24,18.27477624003808,18.424487302008924,18.075162125303432,18.14502716064453,8506100
2025-11-25,18.304719435752737,18.683987590920808,18.16498936337705,18.624103546142575,7339900
2025-11-26,18.554240654333555,18.913548771888355,18.494356602634312,18.873624801635746,7170000
2025-11-28,18.693873661562392,18.81370702749154,18.584028472871303,18.71384620666504,3766200
2025-12-01,18.594014330454492,19.17320479269815,18.51412605651353,19.05337142944336,9634800
2025-12-02,18.963497633162103,18.963497633162103,18.574042520383166,18.81370735168457,8457500
2025-12-03,18.973483107494097,19.14324592727493,18.833679104622824,18.863636016845703,6094200
2025-12-04,18.813708502660777,18.90358305798295,18.30441999073074,18.45421028137207,7934100
2025-12-05,18.61398473663156,18.78374755470971,18.43423564635038,18.51412582397461,8572200
2025-12-08,18.623970905903327,18.65392972234684,18.084725542726773,18.134654998779297,9194800
2025-12-09,18.074739270578934,18.274458999475687,17.98486472593507,18.134654998779297,6331000
2025-12-10,18.174600414519965,18.36433387468415,17.894990503407442,18.234516143798828,11642800
2025-12-11,18.354350000863363,18.88361107526832,18.224532253013734,18.873624801635746,8940700
2025-12-12,18.973483570656313,19.313009218506153,18.893595294967337,19.123273849487305,10800100
2025-12-15,19.22313475617825,19.792338961091833,19.093317021861033,19.502744674682617,9150200
2025-12-16,19.512730527495368,19.542687439938938,18.793734153862463,19.023412704467773,8966100
2025-12-17,18.97348251587282,19.382910144103565,18.943523699897412,19.263078689575195,8587500
2025-12-18,19.283049366209376,19.4028827256564,19.003441368644033,19.043384552001953,7948800
2025-12-19,19.033399257442703,19.28305035648199,18.91356779652842,18.93353843688965,15927000
2025-12-22,18.823692555763024,19.193175102119156,18.813706283606553,18.953510284423828,8131500
2025-12-23,18.95351298983392,18.963499263415823,18.62397358037881,18.903583526611328,5030600
2025-12-24,18.943526140556564,19.113288976915968,18.893596678851335,19.083332061767575,2312700
2025-12-26,19.053372390928725,19.362939229985713,19.003442931453556,19.35295295715332,3814600
2025-12-29,19.3429683624049,19.44282728018539,19.073344713149332,19.223134994506836,6447900
2025-12-30,19.243108651826216,19.46280095019884,19.213149831948954,19.2730655670166,4435100
2025-12-31,19.183190985178037,19.33298317966747,19.01343005350551,19.083332061767575,5064600
2026-01-02,19.273062418510868,19.612588036239732,19.14324469629057,19.4727840423584,6113200
2026-01-05,19.56266117422286,20.31161450584032,19.51273171398976,19.862241744995117,12216100
2026-01-06,19.992059354196456,20.591222339441625,19.96210053829388,20.521318435668945,7682700
2026-01-07,20.69108365418544,20.780958207650567,20.201767699034654,20.37153053283691,10850700
2026-01-08,20.25169753913361,20.78095664224095,20.051975900992197,20.66112518310547,15301700
2026-01-09,20.870831279203724,21.220343195119504,20.581236997801536,21.04059410095215,11530000
2026-01-12,21.000650582325942,21.000650582325942,19.772365759925,20.12187767028809,11066800
2026-01-13,20.241711315879183,20.44143104981856,19.37292466394845,19.622575759887695,9384000
2026-01-14,19.582634506045753,19.99206219138543,19.332983385488056,19.812313079833984,8110600
2026-01-15,19.86224026380934,20.43144444864148,19.74240880631135,20.341571807861328,8914200
2026-01-16,20.171808518589923,20.381514516662627,20.032002615188155,20.081933975219727,7638900
2026-01-20,19.912172807646524,19.912172807646524,19.332982316175325,19.35295295715332,11486200
2026-01-21,19.54268729959304,19.982073757581393,19.492757842754525,19.68249130249023,10132600
2026-01-22,19.942129457834337,20.42146102401873,19.772366631301416,20.041990280151367,9629100
2026-01-23,19.85225626868603,19.99206219138543,19.40288539449431,19.812313079833984,7414800
2026-01-26,19.842269943313728,19.90218567302687,19.57264630257453,19.622575759887695,5744700
2026-01-27,19.50274327958,19.63256100461088,19.243105924831628,19.542686462402344,5869000
2026-01-28,19.49275752024763,19.752394881822937,19.462798703828177,19.582632064819336,5981800
2026-01-29,19.702465057373047,19.77236706311555,19.20316283957026,19.702465057373047,6487700
2026-01-30,19.772366631301416,20.161823647869156,19.5826331640545,20.041990280151367,7301500
2026-02-02,19.86224244679635,20.08193665083292,19.712452156117617,19.84227180480957,7084400
2026-02-03,19.522717269342905,20.24171373041296,19.522717269342905,19.88221549987793,7999900
2026-02-04,19.872228215741124,21.10051123469239,19.872228215741124,21.000652313232425,10132700
2026-02-05,21.01063754462966,21.8993948534302,21.01063754462966,21.7396183013916,13910200
2026-02-06,21.709660879553613,21.839480526861564,21.280260654082007,21.69967460632324,13553700
2026-02-09,21.460009762854945,21.71964715278398,21.070554630304823,21.69967460632324,8335800
2026-02-10,21.659730757371864,22.308823260050858,21.639758211520377,21.90938186645508,8142700
2026-02-11,21.70966106161373,22.378726136164495,21.589829591218088,22.238922119140625,10787000
2026-02-12,19.492758420178323,20.081935170821783,18.554069747251777,18.683887481689453,28020700
2026-02-13,18.64394471199859,20.10190625989592,18.58402897974321,19.76238250732422,15813300
2026-02-17,20.061963253731214,20.89080485868489,19.94212988345584,20.71105575561523,11817300
2026-02-18,20.55127883372663,22.049185459813668,20.501349374731777,21.839479446411133,14098100
2026-02-19,21.859450488816627,21.899395580495835,21.180399167764534,21.310218811035156,6569000
2026-02-20,21.46999461293329,21.809520261512755,20.900790409340285,21.549882888793945,7378800
2026-02-23,21.22034514756069,21.450023720268256,21.04059603685498,21.23033142089844,6047600
2026-02-24,21.170415795591747,21.38012182271376,20.55128017824156,20.60120964050293,7121100
2026-02-25,20.411474590886066,20.900790521238097,20.171809762020995,20.701068878173828,6490000
2026-02-26,20.800930234953917,21.130469621208917,20.25169855942452,20.331586837768555,7145600
2026-02-27,20.171730797409257,20.4714585680552,19.891983480683063,20.3515682220459,36636900
2026-03-02,19.862010696480496,19.951929412217336,19.272546312549657,19.672183990478516,7287600
2026-03-03,19.04275086734464,19.302515805580676,18.453284643197975,19.012779235839844,9039500
2026-03-04,19.09270676255689,19.21259709982118,18.643113233759415,19.012779235839844,8653000
2026-03-05,18.69306718779799,18.942840946516547,18.39333943958474,18.583168029785156,10856300
2026-03-06,18.313412386017628,18.39333991464703,17.524128279005122,17.673992156982422,10709800
2026-03-09,17.244381671567467,17.953738278563474,16.98461671663828,17.8937931060791,10923600
2026-03-10,17.903785278607064,17.973721634654225,17.384255339938473,17.44420051574707,9355900
2026-03-11,17.494154372883795,18.24347565261862,17.2743541501857,18.03366470336914,12638900
2026-03-12,17.733936995223793,18.26345805349967,17.324308180459976,17.993701934814453,12051700
2026-03-13,18.383349561123357,18.54320462556265,17.204417031666523,17.384254455566406,8897400
2026-03-16,17.13447911649684,17.69397179100813,16.82476019559519,17.064542770385742,13190600
2026-03-17,17.32430810805253,17.823855626956878,17.304325749946944,17.604055404663086,7339000
2026-03-18,17.484164207425778,17.484164207425778,17.074535369873047,17.074535369873047,6157900
2026-03-19,16.884706758427214,17.034570641854916,16.345196396962958,16.64492416381836,9493600
2026-03-20,16.515042719146837,16.784796948365624,16.06544916107773,16.135385513305664,19145500
2026-03-23,16.60495997459314,16.894696537789443,16.315221505774325,16.594968795776367,11077900
2026-03-24,16.34519539949748,16.82476055944973,16.215311977662985,16.70486831665039,9013900
2026-03-25,16.964632848766335,17.21440660180102,16.43511371193121,17.104507446289062,6423200
2026-03-26,16.98461615209635,17.484163685981535,16.545013788703052,16.65491485595703,9618200
2026-03-27,16.574987105862906,16.644923454775164,15.855638399867942,15.955548286437988,6517600
2026-03-30,15.985521533995984,16.125394237619197,15.71576540076036,15.7857027053833,7451500
2026-03-31,16.065449850308102,16.93466346465797,15.885612419365184,16.78479766845703,9817300
2026-04-01,16.98461651779762,17.184436297903122,16.744833925044606,16.764816284179688,8409400
2026-04-02,16.475076957194815,17.024580371776853,16.29523954535424,16.664905548095703,6513600
2026-04-06,16.644922743123146,16.834751328927872,16.495058872486787,16.634931564331055,6418900
2026-04-07,16.6948782010626,16.784796912484197,16.36517689439096,16.604961395263672,4742300
2026-04-08,17.384254632718672,17.763911843847872,17.024581686876388,17.22439956665039,6358400
2026-04-09,17.164453379821374,17.484163493080956,16.96463360622284,17.284343719482422,5439800
2026-04-10,17.40423564034802,17.534117156830238,17.104507891159788,17.134479522705078,3536400
2026-04-13,16.944652291329273,17.664001996089382,16.79478840471182,17.614046096801758,12110000
2026-04-14,17.72394529163677,18.03366421191233,17.554099063300658,17.574081420898438,5761000
2026-04-15,17.59406519999186,17.743929082838303,17.514137668765578,17.584074020385742,4005400
2026-04-16,17.5541008375749,18.163549466549433,17.434210491115362,18.123584747314453,6056900
2026-04-17,18.24347591961204,19.17263462498108,18.233484740394648,18.69306755065918,8972800
2026-04-20,18.453286236509324,18.95283379802891,18.403332242606453,18.822952270507812,6730300
2026-04-21,18.84293259564418,19.172633874420807,18.463275422736235,18.4732666015625,7348700
2026-04-22,18.792977866925764,19.092707533433313,18.23348515731668,18.29343032836914,4560700
2026-04-23,18.293431171015147,18.473268598078963,18.063639750043706,18.393341064453125,4793700
2026-04-24,18.313412367964663,18.463276245794237,17.883801187396667,18.143566131591797,5051600
2026-04-27,18.123582965133345,18.65310400919021,18.123582965133345,18.4732666015625,7138200
2026-04-28,18.4832598266992,18.623132534507384,17.913775909911347,17.92376708984375,9652800
2026-04-29,17.773902415601697,17.803874048449924,16.814770146383,16.884706497192383,15301400
2026-04-30,17.713954603650482,18.00369307997875,16.15536687466643,17.564090728759766,21192000
2026-05-01,17.823856556686277,17.833847736260232,17.034570520947785,17.194425582885742,10872000
2026-05-04,17.184436476856938,17.41422789243539,16.50505150417049,16.604961395263672,7425900
2026-05-05,16.724851121113215,16.94465134888557,16.46508617613355,16.73484230041504,7641400
2026-05-06,16.974627029562075,17.294337185088303,16.84474549348811,16.964635848999023,5871200
2026-05-07,17.14447316577085,17.554102037823966,17.14447316577085,17.47417449951172,6617600
2026-05-08,17.693975115261345,17.98371363858192,17.274356959759054,17.973722457885742,7865800
2026-05-11,17.94374654756464,18.07362997384995,17.26436350049592,17.514137268066406,7239900
2026-05-12,17.634029113160434,18.033666794229305,17.484165220962456,17.873811721801758,7160700
2026-05-13,17.69397399336324,17.933758503622094,17.074536074458983,17.294336318969727,7899300
2026-05-14,17.554101231481425,17.96373008471836,17.374263802133946,17.763912200927734,5340600
2026-05-15,17.644018549710744,17.81386478558272,17.214407370409713,17.284343719482422,5357100
2026-05-18,17.384254504968478,17.933757957959973,17.374263325209792,17.773902893066406,6251900
2026-05-19,17.683984527829804,18.333395979904548,17.5441099140865,18.313413619995117,5663100
2026-05-20,18.42331421081845,18.812960690722296,17.99370301214361,18.753015518188477,6801200
2026-05-21,18.47326700128287,19.102697941599335,18.38334829552338,19.012779235839844,8756600
2026-05-22,19.242570960678908,19.652199780198035,19.04275118771332,19.162643432617188,7219800
2026-05-26,19.1626451125758,19.502337613024057,18.922862507369288,19.362462997436523,5290400
2026-05-27,19.58226568966953,19.95192983497799,19.25256436018935,19.312509536743164,8549900
2026-05-28,18.743023827085583,19.29252535583472,18.57317758818851,19.232580184936523,5025300
2026-05-29,19.052649286194363,19.17260384904985,18.762762111431005,18.77275848388672,8486400
2026-06-01,18.56283880313615,18.672796995476443,18.10301710173698,18.39290428161621,8560400
2026-06-02,18.3229308476968,19.072641605633024,18.212972659749976,18.67279624938965,5980600
2026-06-03,18.522853893586216,18.8527265403858,18.412895709115357,18.53285026550293,4591100
2026-06-04,18.982677042994137,19.492480610840463,18.892711595338127,19.342538833618164,5959700
2026-06-05,19.432504405385743,19.742384334506056,19.312549838873895,19.37252616882324,6838800
2026-06-08,19.32254563046119,19.49248014905077,19.04265292142744,19.232580184936523,5044300
2026-06-09,19.4524941490971,20.15222495002546,19.352534240347087,20.022275924682617,6493100
2026-06-10,19.96229884455799,20.971909615477163,19.762377108897052,20.302167892456055,11725700
2026-06-11,20.192210458175964,20.65203214002864,20.032272316086942,20.482097625732425,7528500
2026-06-12,20.66202815836061,20.88194262331331,20.24219006591416,20.85195541381836,7622400
2026-06-15,21.02188971223327,21.291784128018627,20.771986133704356,20.801973342895508,6022400
2026-06-16,20.901935596667467,21.021890155802147,20.35214847494835,20.45210838317871,6841100
2026-06-17,20.412126100173374,20.61204974258268,19.37252621022603,19.382522583007812,7123600
2026-06-18,19.69240268713989,20.092248030172513,19.53246454992684,19.882328033447266,11167800
2026-06-22,19.892325353855508,20.032272660549637,19.62242901945942,19.65241813659668,4801000
2026-06-23,19.492479922309233,20.1622216164172,19.412510850174534,20.092248916625977,5072500
2026-06-24,20.312163494844363,21.121850592780152,20.30216712244848,21.03188705444336,6066500
2026-06-25,21.22181262560353,21.72161981079408,21.13184717974018,21.541688919067383,6650100
2026-06-26,21.461719973942657,22.171447172592917,21.42173639032731,22.03150177001953,10260200
2026-06-29,21.94153624062836,22.081481642672426,21.80158893197119,22.01150894165039,5722100
2026-06-30,22.13146055673032,22.17144604492507,21.30178074281948,21.311777114868164,6891700
2026-07-01,21.3917477199246,21.941536782382492,21.371754974392353,21.681636810302734,6497600
2026-07-02,22.111469592538633,22.75122214708443,22.0115077792376,22.641263961791992,6546600
2026-07-06,22.771216518083992,22.821196474999105,22.151454756625657,22.571292877197266,4891600
2026-07-07,22.99113024504173,23.520926541416877,22.82119572783559,22.851184844970703,5990900
2026-07-08,22.48132683985102,22.641264985720515,21.841574256373057,21.97152328491211,6788800
2026-07-09,22.241419711998837,22.54130326007718,21.721619782490823,22.451337814331055,4063600
2026-07-10,22.631269372880393,22.711238448499245,22.34138218874198,22.611278533935547,3103100
2026-07-13,22.591285581074512,22.911161880614667,22.361374729106668,22.561296463012695,8519500
2026-07-14,21.921542574967525,21.921542574967525,21.151839082823617,21.79159164428711,5047300
2026-07-15,21.921544030401964,22.441343974408586,21.811585836620097,22.14145851135254,5021900
2026-07-16,22.49132319756578,23.370982999271927,22.171446906036273,23.34099578857422,6942200
2026-07-17,23.15106927529674,23.700856430842503,22.5812893742296,22.601282119750977,6546600
2026-07-20,22.451338104080328,22.511316339760537,21.931540074477077,22.06148910522461,4980300
2026-07-21,21.851569694269315,22.23142229781056,21.831576950237405,22.201433181762695,3962000
2026-07-22,22.52131129372208,22.551298503060117,21.6916314852066,21.73161506652832,4511200
2026-07-23,21.55168578853988,21.77160217532731,21.391747638119828,21.661643981933594,4516800
2026-07-24,21.941535919466332,22.6412648260577,21.891554057601397,22.391361236572266,4982900
2026-07-27,22.67125404763729,23.39097570229084,22.59128497489801,23.33099937438965,5445200
2026-07-28,23.840803396201274,24.740455958836332,23.57090705542682,24.36060333251953,7102200
2026-07-29,24.390590299204263,24.92038660282594,24.270637642249277,24.760448455810547,9433100
2026-07-30,29.05878807650063,29.988429702330972,26.03995236221219,26.739683151245117,22670900
2026-07-31,26.909619033793497,27.13952988230708,26.0199628507373,26.149911880493164,9283200
2026-08-03,26.969595778433455,28.289086467873027,26.889626703516303,28.08916473388672,10447100
2026-08-04,27.72930208999738,28.369054669644218,27.469402127862583,28.339067459106445,10209100
2026-08-05,28.18912523239288,28.19911969800238,27.079552701658976,27.319459915161133,9302500
2026-08-06,27.39942956223936,27.93922223392495,26.809656935003513,26.999584197998047,6944500
2026-08-07,26.919615459556113,27.869247973099313,26.549757301405187,27.53937530517578,8162700
2026-08-10,27.10954179613096,27.959212461608885,26.769672767294573,27.769287109375,8306800
2026-08-11,27.539375554399328,28.009195535757357,27.36944103262128,27.599353790283203,7577200
2026-08-12,27.189511208899685,27.38943293586018,26.629725797538914,26.939607620239254,6881500
2026-08-13,27.00958073651838,27.439415220700845,26.889626173201815,27.039567947387695,6711300
2026-08-14,26.99958494625694,27.14952672367624,26.58974319822472,26.71969223022461,4957300
2026-08-17,26.45979074125394,26.45979074125394,25.860023665993523,25.900007247924805,5851200
2026-08-18,26.06994188783835,26.329841844801656,25.740069232195133,25.929996490478516,6688500
2026-08-19,26.02995930862539,26.739684601567465,25.860024788163987,26.62972640991211,5054000
2026-08-20,25.89001106276925,26.7696727509668,25.89001106276925,26.39981460571289,3527900
2026-08-21,26.4997761261924,26.65971426651827,26.07993803118373,26.32984161376953,4360800
2026-08-24,26.35983135704976,26.599738573244952,26.059945906845968,26.47978401184082,4426600
2026-08-25,26.41980684521049,26.48977954271808,25.999968753551947,26.279861450195312,3792500
2026-08-26,26.47978405367483,26.749680387300717,26.11992227550698,26.48978042602539,5186500
2026-08-27,26.049949101258512,26.429803617209775,25.81004188905336,25.920000076293945,4499500
2026-08-28,25.989999771118164,26.309999465942383,25.790000915527344,26.1299991607666,3960400
2026-08-31,25.90999984741211,26.350000381469727,25.86000061035156,26.0,3991300
2026-09-01,26.309999465942383,26.559999465942383,25.170000076293945,25.479999542236328,5275100
2026-09-02,25.549999237060547,26.049999237060547,25.479999542236328,25.700000762939453,4167800
2026-09-03,25.959999084472656,26.09000015258789,25.170000076293945,25.56999969482422,4698400
2026-09-04,25.329999923706055,26.1200008392334,25.260000228881836,25.829999923706055,3415000
2026-09-08,25.59000015258789,25.75,24.65999984741211,24.860000610351562,5908200
2026-09-09,24.709999084472656,25.209999084472656,24.389999389648438,24.389999389648438,5299200
2026-09-10,24.149999618530273,24.3799991607666,23.920000076293945,24.18000030517578,5751300
2026-09-11,24.649999618530273,24.770000457763672,23.670000076293945,23.799999237060547,5450600
