Date,Open,High,Low,Close,Volume
2015-01-02,14.79072716023213,14.79072716023213,14.450814008742404,14.562627792358398,836400
2015-01-05,14.468700949874934,14.468700949874934,14.285327290998609,14.374777793884276,1343600
2015-01-06,14.365837160268928,14.482124472679178,14.173518132629445,14.303221702575684,1146400
2015-01-07,14.38372592986738,14.441869578599706,14.231659106666484,14.432924270629885,887000
2015-01-08,14.517904267397896,14.7683678088753,14.464234117846772,14.710224151611328,1248400
2015-01-09,14.705746750900657,14.72810916252064,14.513426939912051,14.522372245788574,871000
2015-01-12,14.459756411492728,14.57604197239102,14.312161427819888,14.370305061340332,875800
2015-01-13,14.455284988022774,14.625242407181982,14.22271212657934,14.325580596923828,1380600
2015-01-14,14.173513291250805,14.298744163861018,14.07064397765783,14.231656074523926,1218600
2015-01-15,14.236130844286375,14.3255813590122,14.119844407378483,14.177988052368164,1042000
2015-01-16,14.142204704703197,14.321106549640511,14.137732051945854,14.236127853393556,1579400
2015-01-20,14.25402186386856,14.42397844382418,14.048284053320714,14.146679878234863,1524000
2015-01-21,14.115370272650248,14.23612935058471,13.97672143487626,14.142206192016602,978200
2015-01-22,14.240603814615058,14.410561246594524,14.119844721325148,14.392670631408691,1304600
2015-01-23,14.423983175923508,14.432928486506263,14.195882874493778,14.200355529785156,1069800
2015-01-26,14.218238095435469,14.29427063309645,14.17798507369066,14.236127853393556,1634400
2015-01-27,14.27190781402249,14.54920545247326,13.958828954536772,14.084060668945312,3350200
2015-01-28,14.213769921120273,14.271912719142668,13.838075501843328,13.896218299865724,2321400
2015-01-29,13.896217478729769,13.94988847248569,13.766513927849507,13.838074684143066,1528800
2015-01-30,13.717311191926736,13.86937796358467,13.627859848691044,13.79781723022461,3665400
2015-02-02,13.82475306742853,14.134463691974986,13.739471114101672,14.125486373901367,2468600
2015-02-03,14.170372183034091,14.363380242016053,14.147929743855611,14.345425605773926,1443800
2015-02-04,14.314003571357196,14.493546480719482,14.314003571357196,14.399287223815918,1016600
2015-02-05,14.41275197074701,14.587805361120774,14.38582002136334,14.55189609527588,821800
2015-02-06,14.5922923806668,14.62371384272002,14.376841933895802,14.41275119781494,1469400
2015-02-09,14.35440292389499,14.385822681194531,14.228723894696822,14.345425605773926,1596000
2015-02-10,14.403777878957976,14.489059836060198,14.33644970267362,14.462129592895508,831400
2015-02-11,14.457636467900436,14.60575961731804,14.417239400990908,14.574339866638184,933200
2015-02-12,14.632690629834205,14.731439401349952,14.592293560782132,14.726951599121094,906000
2015-02-13,14.717974853102168,14.81672191619873,14.664110950778786,14.81672191619873,813000
2015-02-17,14.821208770225724,14.893025581516577,14.592291507065733,14.848140716552734,1305600
2015-02-18,14.803254139341048,14.870583149034657,14.785299508456374,14.848140716552734,780200
2015-02-19,14.78530083515801,14.87956179963677,14.771835716910184,14.857117652893066,587800
2015-02-20,14.794277012889054,14.87058333899978,14.578826576264207,14.852628707885742,1025600
2015-02-23,14.821211237433548,14.839165871307037,14.587806133822612,14.65513515472412,1050000
2015-02-24,14.64166641262988,14.717972740511057,14.59678154605124,14.623713493347168,774600
2015-02-25,14.62820242907226,14.62820242907226,14.48007927583413,14.55189609527588,989200
2015-02-26,14.533942602362648,14.556385036508068,14.34093458666566,14.524965286254885,927400
2015-02-27,14.498033898553809,14.51598853146362,14.38582001123954,14.426217079162598,925200
2015-03-02,14.354402349269208,14.41275405859604,14.291562837185673,14.367867469787598,1503200
2015-03-03,14.336449051156324,14.41275454244403,14.269120877931686,14.327471733093262,770200
2015-03-04,14.314009689849229,14.314009689849229,14.17037598586272,14.25117015838623,807200
2015-03-05,14.269117360024667,14.327468200800432,14.156903480274076,14.300537109375,1067800
2015-03-06,14.331954370197508,14.47558797435862,14.242182939534906,14.29155731201172,2450600
2015-03-09,14.340940288462976,14.399292010239444,14.287077226525032,14.322985649108888,976000
2015-03-10,14.201795652584584,14.340941551460295,14.138956121559684,14.264636039733888,1669200
2015-03-11,14.26911870184846,14.444172096761193,14.228721632849512,14.430706977844238,1161600
2015-03-12,14.498037319876731,14.65962562970142,14.45764024242056,14.63718318939209,1248800
2015-03-13,14.637179747213391,14.637179747213391,14.426217090970525,14.533943176269531,1158800
2015-03-16,14.54740981651824,14.857119561745897,14.54740981651824,14.79428005218506,907400
2015-03-17,14.731437133881451,14.852628322383872,14.72245981855744,14.830185890197754,1013000
2015-03-18,14.789792058574708,14.8346769327532,14.66411132882818,14.713485717773438,1721400
2015-03-19,14.713483435930424,14.74490318543227,14.632689305140554,14.73592758178711,1022800
2015-03-20,14.77183572140628,14.88853740816827,14.655134034644288,14.87058448791504,2761600
2015-03-23,14.879563135576008,14.960357276812928,14.812234113795856,14.81672191619873,956200
2015-03-24,14.834676361090136,14.933425135175307,14.77632465710816,14.812233924865724,1005600
2015-03-25,14.807748817790198,14.83467906126202,14.587808793362496,14.63718318939209,1435200
2015-03-26,14.605762670093618,14.664112669410333,14.498036565069526,14.61025047302246,925400
2015-03-27,14.614736187193834,14.731437867723796,14.574339122347329,14.704505920410156,752800
2015-03-30,14.771833272147758,14.96484125891409,14.740413526604188,14.924444198608398,1139200
2015-03-31,14.85711613043819,14.884048076422037,14.78081151852236,14.861605644226074,1268400
2015-04-01,14.861608501468211,14.89751605743565,14.717974853102168,14.81672191619873,853000
2015-04-02,14.82121010466066,14.88853740816827,14.76734791940497,14.87058448791504,1075400
2015-04-06,14.758371361453378,14.95586719237042,14.740416728029622,14.915470123291016,1430400
2015-04-07,14.928934470628125,14.982798368115416,14.8391647326453,14.857117652893066,749800
2015-04-08,14.861607171664424,14.9693315421758,14.839164737161887,14.87058448791504,949000
2015-04-09,14.85262739275914,14.973818573676212,14.834672763234895,14.924444198608398,1393200
2015-04-10,14.924445911186586,15.032171988445883,14.879561044473158,14.90649127960205,702800
2015-04-13,14.888541405491376,15.014222154495148,14.888541405491376,14.937915802001951,1107400
2015-04-14,14.94240455350396,14.987289432265063,14.834678447329592,14.955869674682615,891800
2015-04-15,14.996261004457658,15.014215633981902,14.915466883846277,14.924444198608398,966800
2015-04-16,14.93342207507171,14.951376705271295,14.816718691022198,14.888535499572754,1295800
2015-04-17,14.753882790481716,14.78081474233964,14.569852066739712,14.619226455688477,2001400
2015-04-20,14.673089783412252,14.848144915672412,14.655136859698256,14.807747840881348,3842600
2015-04-21,14.659623334737216,14.834676738893204,14.33195896322121,14.569851875305176,3814400
2015-04-22,14.466617396006816,14.569853990051111,14.3050299441492,14.462129592895508,2904600
2015-04-23,14.408265109064216,14.551898774391772,14.408265109064216,14.48457145690918,1338000
2015-04-24,14.475592804302384,14.605761336582969,14.376844026400123,14.556386947631836,1757600
2015-04-27,14.596783245960602,14.60576056277139,14.367865947905774,14.403775215148926,2308600
2015-04-28,14.421731560404345,14.529455950422788,14.36337985033284,14.48008155822754,1127400
2015-04-29,14.403779389544711,14.529458436822894,14.39031426655022,14.48906135559082,1032600
2015-04-30,14.4845561721503,14.529594527946587,14.344935379268351,14.389974594116213,2344600
2015-05-01,14.457529282535338,14.51608050803001,14.313405369678938,14.344932556152344,1930600
2015-05-04,14.3944771524969,14.457531535268677,14.331422769725124,14.37646198272705,5026200
2015-05-05,14.349437018043568,14.407987386344969,14.22332740909638,14.26386260986328,1718800
2015-05-06,14.295392990112305,14.3449362152373,14.187299383609096,14.295392990112305,985000
2015-05-07,14.304398866107968,14.38997328060253,14.281878831213875,14.335926055908203,901000
2015-05-08,14.42150004149841,14.439516068877875,14.33142162270402,14.371956825256348,857600
2015-05-11,14.353942640304876,14.52509061687766,14.353942640304876,14.46653938293457,1529000
2015-05-12,14.41699447937385,14.448523384816784,14.295389736640889,14.353940963745115,1285600
2015-05-13,14.40348444248749,14.4305084843604,14.304398866107968,14.335926055908203,991400
2015-05-14,14.403486866632994,14.444022077213049,14.317913296787664,14.439518928527832,1388400
2015-05-15,14.46203686147436,14.471044876171542,14.36295041790848,14.435012817382812,910000
2015-05-18,14.44852294545351,14.619670037780166,14.394474867568755,14.574631690979004,1184800
2015-05-19,14.601654011818582,14.62867805076096,14.511577318216256,14.574631690979004,812600
2015-05-20,14.57463185880287,14.651197392867042,14.48905659355136,14.624175071716309,748800
2015-05-21,14.606160724080652,14.669215104815638,14.543106343345666,14.597152709960938,786800
2015-05-22,14.60165473801922,14.655702818592008,14.54310522788636,14.547608375549316,1072800
2015-05-26,14.493561124225833,14.583639534886649,14.421498739317736,14.5250883102417,1425200
2015-05-27,14.53859924517599,14.601653616230466,14.50707205964875,14.56562328338623,1073800
2015-05-28,14.570129090188011,14.718758750319576,14.525090736386185,14.700742721557615,2366000
2015-05-29,14.687232657213276,14.777311089655235,14.556619016077589,14.588146209716797,1341000
2015-06-01,14.597150346712198,14.673717595282184,14.516079950862911,14.610661506652832,1769800
2015-06-02,14.579134327686612,14.77280230473214,14.525087969797992,14.678220748901367,1374600
2015-06-03,14.736772643102158,14.92143261588956,14.678221417163863,14.80883502960205,1451000
2015-06-04,14.795322709924315,14.907920300465909,14.669213958310651,14.799827575683594,1958200
2015-06-05,14.840362154273032,14.862881327815828,14.74127572896136,14.831354141235352,1041200
2015-06-08,14.808837038975474,14.90792176004312,14.777309847985352,14.813340187072754,1099400
2015-06-09,14.79081553289286,14.84486188056049,14.71424829876984,14.84035873413086,1325800
2015-06-10,14.86738503706884,14.957463452746577,14.826849835919004,14.88990592956543,1154800
2015-06-11,14.907921325193591,15.061054127580183,14.898915029261737,15.056550979614258,1077800
2015-06-12,14.979979982557037,15.06555523548962,14.939444788563328,15.034028053283691,2419000
2015-06-15,14.903411493971642,15.029520197701723,14.772797926192784,14.961962699890137,1376000
2015-06-16,14.921431651968796,15.029524365684464,14.862880429812895,14.993494033813477,1365200
2015-06-17,15.043040312438658,15.164644210651778,14.975481064006429,15.070062637329102,1253400
2015-06-18,15.106093406677246,15.160139769953092,15.038534164005256,15.106093406677246,1384800
2015-06-19,15.133115729263714,15.1646429176832,15.065558204694636,15.106093406677246,1818400
2015-06-22,15.182656450802558,15.205175621959764,15.128610096404737,15.164640426635742,955800
2015-06-23,15.13311303743827,15.227696303975495,15.01601231815292,15.155633926391602,758400
2015-06-24,15.115102314312075,15.22319504725755,15.061054229736328,15.061054229736328,901200
2015-06-25,14.81333682024837,15.115099217272183,14.81333682024837,14.916926383972168,971200
2015-06-26,14.957460917069849,14.988988099496952,14.907917710940808,14.921430587768556,1536800
2015-06-29,14.8133370514327,14.898912310094202,14.754785829943671,14.75929069519043,1292000
2015-06-30,14.903417152809514,14.970976394375624,14.772803535436571,14.799827575683594,1189800
2015-07-01,14.961962699890137,15.110590569557417,14.880892328034449,14.961962699890137,1362600
2015-07-02,14.961965782046626,15.0340281587518,14.89891141719242,14.921430587768556,923000
2015-07-06,14.84486440482605,14.993494033813477,14.808834072955062,14.993494033813477,1598200
2015-07-07,14.993497324406077,15.04754369312536,14.831356500145148,15.02952766418457,906400
2015-07-08,14.94845290521888,14.979980087645982,14.80432815180853,14.921430587768556,1557000
2015-07-09,15.133115562911296,15.151131589839505,14.898914085256148,14.988990783691406,764400
2015-07-10,15.074563536846895,15.17815309724233,15.074563536846895,15.155633926391602,929600
2015-07-13,15.259227063539903,15.344800620072098,15.209683845193842,15.313273429870604,1453400
2015-07-14,15.29975857168468,15.488921667195452,15.268231389099553,15.385332107543944,1246800
2015-07-15,15.376325565713696,15.376325565713696,15.191665599445123,15.349303245544434,732000
2015-07-16,15.44387896939201,15.520444471757475,15.367311748924436,15.511436462402344,976000
2015-07-17,15.51144428397286,15.538468325665,15.376327511718108,15.443886756896973,917000
2015-07-20,15.44839039535274,15.574500875817684,15.407855190578834,15.524957656860352,1623600
2015-07-21,15.214186562495096,15.335792171874017,14.696238653773351,14.862882614135742,5204200
2015-07-22,14.867385797852483,15.034031476719775,14.867385797852483,14.957464218139648,2021000
2015-07-23,14.95295795252984,15.20968028005387,14.95295795252984,15.155633926391602,1703800
2015-07-24,15.146625623477032,15.18716081747074,15.016012029708138,15.034028053283691,1561600
2015-07-27,14.9529608021738,15.0880775711305,14.912425599676496,14.970976829528809,1121600
2015-07-28,15.029525841668187,15.029525841668187,14.795322648147229,14.88990592956543,1324000
2015-07-29,14.867389749818091,15.101593017578123,14.759296991223255,15.101593017578123,1025600
2015-07-30,15.056550191131508,15.137620595096733,15.007006975585773,15.106093406677246,734800
2015-07-31,15.14212493134895,15.200676165053563,15.052046506750246,15.065559387207031,1598800
2015-08-03,15.097088745558093,15.133119089708549,14.970979963876564,15.11960792541504,917600
2015-08-04,15.097085825024177,15.254721771631385,15.097085825024177,15.14212417602539,887600
2015-08-05,15.21442182320321,15.286722486730854,15.137604953819128,15.191828727722168,663600
2015-08-06,15.196348190307615,15.29575815392487,15.047230659267733,15.196348190307615,1766600
2015-08-07,15.173752784729004,15.19182622388946,15.060785602199726,15.173752784729004,1115000
2015-08-10,15.28672211623648,15.476506182168794,15.0607877194165,15.417762756347656,1352200
2015-08-11,15.300279685855076,15.462952749238706,15.209905570226072,15.386134147644045,1213200
2015-08-12,15.291243939634867,15.476510123255505,15.092422240350777,15.300281524658203,1228600
2015-08-13,15.264129734366842,15.39969177309444,15.078863568347776,15.395172119140623,1209000
2015-08-14,15.368062302914687,15.548810573257173,15.264132650777896,15.539772987365724,1105600
2015-08-17,15.476505508482813,15.575917190353904,15.372575897318754,15.517173767089844,1218800
2015-08-18,15.535253355546889,15.63014541140378,15.273168564616729,15.56688404083252,904800
2015-08-19,15.53073644985249,15.53073644985249,15.349989891052246,15.349989891052246,890600
2015-08-20,15.259612315655176,15.372579535886196,15.042715459660778,15.051753044128418,1180400
2015-08-21,14.929745916044986,15.015600369512311,14.762553215026855,14.762553215026855,1690400
2015-08-24,14.053123947104556,14.279058412936232,13.40695123692651,14.206759452819824,2368800
2015-08-25,14.35135350730471,14.419133656422314,13.962746054952444,13.971783638000488,2092000
2015-08-26,14.319722663722022,14.559213440511042,14.098307052821085,14.545656204223633,2751000
2015-08-27,14.658624618276969,14.871003525677615,14.527583964102686,14.866485595703123,1989400
2015-08-28,14.821298268204384,14.843891366463351,14.550177641610944,14.636032104492188,1586000
2015-08-31,14.60892230508134,14.613440235616052,14.468842326102594,14.48691749572754,1350400
2015-09-01,14.274538287968436,14.31520655697234,14.048603843222969,14.08023452758789,2035800
2015-09-02,14.30616766326772,14.428172459115558,14.053121349631462,14.260980606079102,1084800
2015-09-03,14.301647065278958,14.369427211566558,14.247423292997407,14.274535179138184,767800
2015-09-04,14.125419285864115,14.161568756654624,13.998895707161664,14.071194648742676,689600
2015-09-08,14.342317132773283,14.401060565664062,14.233868712672733,14.378466606140137,1056200
2015-09-09,14.48239792497936,14.57277204988228,14.310688121909646,14.324244499206545,1022400
2015-09-10,14.31068487527988,14.44172637860137,14.27453540589416,14.315203666687012,827400
2015-09-11,14.265497487184618,14.500469463594824,14.211273715318455,14.364909172058104,772200
2015-09-14,14.373949606817748,14.414617877161144,14.306169443535932,14.351356506347656,767200
2015-09-15,14.3423208030808,14.53662373348156,14.233872355227474,14.482399940490724,1494200
2015-09-16,14.46883999074177,14.676699236649709,14.38750346430079,14.65410614013672,962400
2015-09-17,14.667661606123753,14.794186048926573,14.5818071501534,14.595362663269045,1273800
2015-09-18,14.450761900774229,14.450761900774229,14.08926725846522,14.184159278869627,2759400
2015-09-21,14.25194309724107,14.42365287083143,14.242905513928056,14.346835136413574,1129000
2015-09-22,14.16156876117003,14.270017173576123,14.120900498783822,14.188680648803713,1454800
2015-09-23,14.22030991277922,14.22030991277922,14.066674461692942,14.107342720031738,1241800
2015-09-24,13.994378634261452,14.301649604653106,13.949192436627424,14.089271545410156,1959200
2015-09-25,14.229349630647254,14.260980311464406,14.062158642936192,14.1344575881958,1013000
2015-09-28,14.048602842683875,14.120901790903586,13.840742720148622,13.890448570251465,1288400
2015-09-29,13.894967362249128,13.94015442035431,13.772962563926574,13.890448570251465,1569600
2015-09-30,14.01697396014246,14.01697396014246,13.818151396076676,13.994379997253418,1994400
2015-10-01,13.96726417541504,14.292609392671052,13.863334560969948,13.96726417541504,1879000
2015-10-02,13.804589709038863,14.102823009499955,13.732290779343522,14.048599243164062,1486200
2015-10-05,14.120900840176514,14.288092685347616,14.080232576807097,14.256461143493652,2016000
2015-10-06,14.238385482852513,14.319722001846715,13.958226457635948,14.233866691589355,1326400
2015-10-07,14.265499778534256,14.455284734292048,14.188682037825831,14.38750457763672,1337200
2015-10-08,14.364912931408687,14.477880157876998,14.27905759796874,14.42365550994873,899000
2015-10-09,14.446246147155762,14.509508369263346,14.364910481939829,14.446246147155762,1175400
2015-10-12,14.450766004667882,14.468841172852132,14.337798789130694,14.342317581176758,1151000
2015-10-13,14.270017966847984,14.351354496141903,14.21127539673094,14.220312118530272,1204600
2015-10-14,14.084750163780871,14.148011518335046,13.732292198683371,13.96726417541504,1878600
2015-10-15,14.039561908318452,14.120898421123522,13.953706604594077,14.102823257446287,1274600
2015-10-16,14.152530670166016,14.188680139670897,14.05311984449543,14.152530670166016,1094600
2015-10-19,14.129936500428984,14.324240207443813,14.08474945151626,14.125417709350586,1620200
2015-10-20,14.075712768891588,14.410095573221016,13.7548863386637,14.066675186157228,3288200
2015-10-21,14.11638309772104,14.256462203143355,13.985341576357312,14.021491050720217,2330200
2015-10-22,14.089266605178434,14.351350424168048,14.089266605178434,14.283570289611816,1165400
2015-10-23,14.373951492637396,14.500475112735437,14.283578217028785,14.482399940490724,1058800
2015-10-26,14.509508099086704,14.554694291630362,14.414615198627994,14.464320182800291,836000
2015-10-27,14.387505661990478,14.459804616121364,14.220313791893108,14.297131538391112,1539000
2015-10-28,14.36491377134644,14.721890641557604,14.315207912995112,14.717370986938477,2082400
2015-10-29,14.6676653318528,14.78063256649198,14.617959472812649,14.744483947753906,1255800
2015-10-30,14.739961499230825,14.74899908313814,14.55469533848801,14.58180809020996,1160400
2015-11-02,14.583165260934212,14.705635104755697,14.519660135922312,14.69656467437744,1162400
2015-11-03,14.664816752194296,14.728320163216107,14.60131161083431,14.633063316345217,1433200
2015-11-04,14.646671897370512,14.769143498636486,14.5650241631932,14.587703704833984,818600
2015-11-05,14.60584838482296,14.637600089958418,14.537808027910886,14.5740966796875,734400
2015-11-06,14.660278530489556,14.968725126059644,14.474303529955062,14.565023422241213,1632400
2015-11-09,14.542342562341554,14.705636277235511,14.356366713511456,14.433478355407717,952400
2015-11-10,14.424411891738949,14.506059646606444,14.379052796963023,14.506059646606444,1053400
2015-11-11,14.54687560386439,14.628523314278068,14.492444373701142,14.5604829788208,867400
2015-11-12,14.48791005180186,14.605845551692392,14.433477949864342,14.438014030456545,1423800
2015-11-13,14.401731462050275,14.44709141921656,14.184004705855168,14.2157564163208,1281800
2015-11-16,14.179466445858512,14.374513626098633,14.17493036432164,14.374513626098633,888400
2015-11-17,14.37451423306682,14.474305435584483,14.31100995403819,14.315546035766602,876200
2015-11-18,14.338227611124095,14.623994727083256,14.324619364831545,14.592241287231444,1509200
2015-11-19,14.569555190855343,14.655739846786874,14.501515720324267,14.623988151550291,963200
2015-11-20,14.67842050870519,14.828106836263023,14.67842050870519,14.778212547302246,688400
2015-11-23,14.76914370759201,14.900685743104876,14.678423809407242,14.710175514221191,892400
2015-11-24,14.642136033581426,14.809968460877784,14.619456490263556,14.741928100585938,1072400
2015-11-25,14.755532399494175,14.81450058407843,14.655742083664526,14.692028999328612,552000
2015-11-27,14.701099889566567,14.737388532430511,14.605844797555312,14.69656467437744,297400
2015-11-30,14.72831948585382,14.782750731320888,14.633062643363834,14.723782539367676,1167600
2015-12-01,14.764608435784329,14.878007888793944,14.732856727368704,14.878007888793944,816800
2015-12-02,14.878006549300538,14.927902580986672,14.819038354549816,14.841719627380373,775400
2015-12-03,14.87347105796804,14.900685816320497,14.619455687870198,14.678423881530762,981800
2015-12-04,14.696569266862998,14.995943742690216,14.682960156367486,14.97779941558838,580400
2015-12-07,14.93244313076117,15.009555679183304,14.900691413863466,15.000483512878418,790400
2015-12-08,14.88254424569794,14.946047660010798,14.619456694586647,14.791824340820312,1088600
2015-12-09,14.710175837113256,14.87800652771921,14.560487742271976,14.633063316345217,1143800
2015-12-10,14.655746436596676,14.669353817720028,14.56502652498474,14.592241287231444,983600
2015-12-11,14.456161897896962,14.664817330462103,14.419874109429433,14.52420139312744,1225200
2015-12-14,14.528735444972025,14.660279208352366,14.406264709442633,14.47430419921875,1317600
2015-12-15,14.5877037713898,14.764606619468392,14.5877037713898,14.70110321044922,819600
2015-12-16,14.76007133591255,14.76007133591255,14.410800857562505,14.587703704833984,1428000
2015-12-17,14.619456243481226,14.62852840672288,14.301938316545291,14.360905647277832,1071000
2015-12-18,14.279257853882854,14.32008172314521,14.120498458436924,14.174930572509766,2713400
2015-12-21,14.238433356607754,14.356368877589562,14.143178242643062,14.347296714782717,1632400
2015-12-22,14.397194531352316,14.397194531352316,14.070604416306466,14.36997890472412,1046000
2015-12-23,14.424409113334914,14.555952885321329,14.342762239363363,14.546880722045898,1022000
2015-12-24,14.528733221343678,14.605845727168646,14.44708636520985,14.551414489746094,358200
2015-12-28,14.510592720878805,14.57863221410647,14.438017146080083,14.569560050964355,775800
2015-12-29,14.628526023346888,14.77821409693869,14.587702160579845,14.719245910644531,760600
2015-12-30,14.71017257624858,14.764603812152966,14.637597018263463,14.66934871673584,596600
2015-12-31,14.628523314278068,14.819033485018242,14.5604829788208,14.5604829788208,930800
2016-01-04,14.365441040396409,14.365441040396409,14.206681651952858,14.347296714782717,1395400
2016-01-05,14.347293822801854,14.515125340222488,14.311006044058054,14.483373641967772,1508600
2016-01-06,14.279254287681873,14.365438086285936,14.156782710481714,14.233894348144531,964200
2016-01-07,13.485459374709007,13.871017591637756,13.485459374709007,13.807514190673828,3214200
2016-01-08,13.802980502273378,13.920916028196858,13.675972813162913,13.698653221130373,1297600
2016-01-11,13.748547554016112,13.798443583347575,13.603396412509005,13.748547554016112,1071000
2016-01-12,13.843803051680071,13.85741042999422,13.617004184641416,13.784834861755373,920400
2016-01-13,13.857412790946118,13.902772745115838,13.499070969860568,13.56257438659668,1277000
2016-01-14,13.59886086804149,13.898235325510756,13.548965701909331,13.82565975189209,1089600
2016-01-15,13.539892338237134,13.621540067610123,13.421956825272703,13.548964500427246,1438600
2016-01-19,13.675970319304126,13.834729685449632,13.440099310469028,13.444635391235352,1615400
2016-01-20,13.245054581295877,13.32216623302554,12.88671194526712,13.199694633483888,2339200
2016-01-21,13.226910397473146,13.35845416101695,13.136190500879552,13.20876693725586,1310400
2016-01-22,13.362987179102676,13.417419281139049,13.22690822176511,13.335771560668944,2108600
2016-01-25,13.281340505611324,13.362987362030193,13.054541663498098,13.095365524291992,2611400
2016-01-26,13.29041486082351,13.662365774243073,13.190623658785553,13.47638988494873,3423000
2016-01-27,13.158870079790445,13.403812400913385,12.959286838941711,13.18608570098877,2546600
2016-01-28,13.281342082298975,13.299485541934086,13.15887048537814,13.254125595092772,1001200
2016-01-29,13.317632662612477,13.730406621704118,13.272272706248394,13.72133445739746,2254200
2016-02-01,13.686263123912823,13.909434241148151,13.581509901505296,13.877552032470703,1996800
2016-02-02,13.72269623903514,13.836558640472774,13.622497638502448,13.781905174255373,2467400
2016-02-03,13.85022549339031,14.023296868185897,13.686263321205306,14.00963306427002,3327400
2016-02-04,13.9640875764194,14.34666538963922,13.9640875764194,14.314784049987791,4169000
2016-02-05,14.30567293846899,14.437753749342743,14.287455404828506,14.34666347503662,2046000
2016-02-08,14.164486090097808,14.501518769715528,13.822898809156712,14.455973625183104,2449400
2016-02-09,14.31933943999482,14.56983643851353,14.31933943999482,14.373992919921877,1456400
2016-02-10,14.428644624226097,14.601715972579752,14.223691940307615,14.223691940307615,1393000
2016-02-11,13.954977889783878,14.260129209532089,13.954977889783878,14.141712188720703,1879600
2016-02-12,14.292011198666664,14.319338806121884,14.191812577434945,14.287457466125488,1071000
2016-02-16,14.428642991447612,14.428642991447612,14.287453863337303,14.29656219482422,1427000
2016-02-17,14.410428723991126,14.410428723991126,14.305675497888616,14.337556838989258,1231200
2016-02-18,14.333001718430737,14.4468641432096,14.301120378484873,14.383101463317873,1274600
2016-02-19,14.292011693687742,14.364884447391002,14.26923955538768,14.337556838989258,835800
2016-02-22,14.474188000144672,14.556168195034028,14.40586986801851,14.510623931884766,1117400
2016-02-23,14.465079010976586,14.615377340183883,14.442306010368725,14.4878511428833,1454200
2016-02-24,14.351218001261731,14.519733878543294,14.292009062659169,14.469635009765623,919200
2016-02-25,14.496961311716342,14.610824584960938,14.446861575732864,14.610824584960938,923600
2016-02-26,14.665479283592624,14.843104371604602,14.619933275510988,14.779341697692873,1318600
2016-02-29,14.76567799263597,14.947858562076856,14.715579986572266,14.715579986572266,1105400
2016-03-01,14.811221351284765,15.025283221432929,14.742903215628264,14.975183486938477,908200
2016-03-02,14.947860987518649,15.020732879638672,14.874989095398629,15.020732879638672,787800
2016-03-03,14.984294224826252,15.06171983160486,14.947857418763938,15.05716609954834,817400
2016-03-04,15.029837754566945,15.325880708330002,14.970628816333845,15.316771507263184,1852600
2016-03-07,15.225686239202156,15.3896484375,15.152814344114564,15.3896484375,1039000
2016-03-08,15.303109191628495,15.312218394096936,15.130039556936312,15.207465171813965,845400
2016-03-09,15.243902528126794,15.394200030736863,15.207465716946908,15.385090827941896,1400800
2016-03-10,15.439741855003382,15.476176918893511,15.216570790592948,15.403305053710938,1144600
2016-03-11,15.485286937171184,15.658358277647531,15.40786133643848,15.649249076843262,1598000
2016-03-14,15.62192315136706,15.72667636575732,15.375979915458144,15.61281394958496,1536800
2016-03-15,15.517175590665609,15.699356217879997,15.503512651715656,15.67658233642578,832400
2016-03-16,15.594595377060363,15.70390231027814,15.594595377060363,15.644693374633787,1289000
2016-03-17,15.667472727773474,16.03183219500944,15.608263771409195,15.954404830932615,1269600
2016-03-18,16.036379750759583,16.141132948649584,15.927072821397106,16.03182601928711,3540800
2016-03-21,16.104698181152344,16.214005112527172,16.081926048566118,16.104698181152344,1431000
2016-03-22,16.059148975365073,16.21400187842722,16.004495520579024,16.154794692993164,1102600
2016-03-23,16.14569011087893,16.14569011087893,15.963509559631348,15.963509559631348,985600
2016-03-24,15.895191782909963,16.05004471687318,15.845092048774458,16.040935516357422,1247400
2016-03-28,16.086476688474523,16.154794810505543,16.036376963972042,16.100139617919922,809000
2016-03-29,16.08648573855127,16.245892463101406,16.009060111599204,16.2413387298584,1378800
2016-03-30,16.28232413823229,16.314205473077195,16.20034306651613,16.227670669555664,745000
2016-03-31,16.227677666111575,16.355203060473702,16.186687112580433,16.305103302001953,1010800
2016-04-01,16.16390960572761,16.24588894818586,16.16390960572761,16.218563079833984,1707800
2016-04-04,16.227667863177558,16.291430521840386,16.11380547630761,16.136577606201172,1114600
2016-04-05,15.981732442501436,16.122922496169178,15.93618816062306,15.954404830932615,1248200
2016-04-06,15.9316303590953,16.027274379488357,15.89063981644074,15.968067169189451,1247600
2016-04-07,15.89519347477978,15.927074811277183,15.681131583380743,15.781331062316896,1306000
2016-04-08,15.913410867500115,15.945292205454315,15.754004177729112,15.776776313781738,607800
2016-04-11,15.863307649797656,16.01815881902598,15.813207924505177,15.822317123413086,1125800
2016-04-12,15.858758476309722,15.981730104273396,15.785886593524143,15.968067169189451,993400
2016-04-13,16.063713331111423,16.173020301160648,15.986285968040509,16.168466567993164,1095600
2016-04-14,16.21400731998416,16.26866253051496,16.122918777237995,16.17757225036621,1548000
2016-04-15,16.182125982542484,16.223116521739293,16.086481970217463,16.17757225036621,1704200
2016-04-18,16.16846577326457,16.409853579544386,16.127475227160176,16.396190643310547,2277400
2016-04-19,15.77222642175922,15.940742354462111,15.590045814175582,15.713017463684082,4375600
2016-04-20,15.713013637873338,15.817766853637512,15.621923356260217,15.776776313781738,1973800
2016-04-21,15.740340373754938,15.87241945052243,15.612813291582766,15.621922492980955,1222600
2016-04-22,15.617369326752812,15.804103618674272,15.617369326752812,15.799548149108888,1506800
2016-04-25,15.781330097884556,15.940736770629885,15.722121160549536,15.940736770629885,1580400
2016-04-26,15.899747692704905,16.086481985354386,15.88608475876064,16.081928253173828,1442800
2016-04-27,16.063711763697253,16.16391125763456,15.949849334187691,16.050048828125,1067000
2016-04-28,15.949846036957268,16.01360870631684,15.872418697447472,15.913409233093262,1300000
2016-04-29,15.813209186767288,16.02271556616655,15.776772388227146,15.99083423614502,2345200
2016-05-02,16.045494923635566,16.173020301160648,16.013613579254294,16.168466567993164,1215200
2016-05-03,16.050044419748712,16.113807084776283,15.917963620818847,16.09558868408203,1101400
2016-05-04,15.949845670423862,16.059152604699094,15.890636734206712,16.027271270751953,1438000
2016-05-05,16.042355819006424,16.165758770659913,16.005792950088733,16.056068420410156,1174600
2016-05-06,15.996652272352552,16.046927744167995,15.896101328721668,15.94637680053711,1750200
2016-05-09,15.900674953474905,16.06521224975586,15.900674953474905,16.06521224975586,1165400
2016-05-10,16.13376380534062,16.24345588684082,16.088059788421823,16.24345588684082,1106800
2016-05-11,16.17489824239273,16.29373147689012,16.065207903545218,16.08348846435547,1231600
2016-05-12,16.14291275203472,16.220611710509434,16.060644087060243,16.129201889038086,1617400
2016-05-13,16.110913595535035,16.12919590174222,15.978369490777954,16.056068420410156,1957200
2016-05-16,16.042351340373703,16.26173546661989,16.042351340373703,16.18860626220703,1043400
2016-05-17,16.170331435458927,16.238887473648344,15.923525513584668,16.024076461791992,1220800
2016-05-18,16.00579201888346,16.23888530722551,15.950946846949437,16.16118812561035,1227000
2016-05-19,16.07435166088527,16.120057434017184,15.941809277545143,16.06521224975586,920200
2016-05-20,16.09719962301458,16.170327090197365,16.019500708416174,16.088058471679688,1483200
2016-05-23,16.09263249998141,16.09720394862546,15.987511846626852,16.024076461791992,872400
2016-05-24,16.083488576426067,16.270877838134766,16.074347424208995,16.270877838134766,1683400
2016-05-25,16.307444320055023,16.43084727391463,16.257168848834805,16.33943748474121,1145800
2016-05-26,16.33943211062324,16.44912417025244,16.293728102817155,16.389707565307617,1485400
2016-05-27,16.37599705823877,16.444553071398786,16.32572160249039,16.439983367919922,1248800
2016-05-31,16.453697606229955,16.60452400449873,16.43084559714283,16.481121063232422,1171600
2016-06-01,16.380572395054113,16.462841033935547,16.33029692201582,16.462841033935547,1089400
2016-06-02,16.44456201787151,16.526830673217773,16.385145379344294,16.526830673217773,768400
2016-06-03,16.471982558700716,16.508545430418135,16.334868738640964,16.44455909729004,852200
2016-06-06,16.44456201787151,16.558823845463863,16.44456201787151,16.526830673217773,706400
2016-06-07,16.5496791328087,16.636519218951424,16.5496791328087,16.59995460510254,877200
2016-06-08,16.581668060449374,16.673077828213508,16.56338750169359,16.641084671020508,1348600
2016-06-09,16.604525878900603,16.732498539031916,16.56796126543638,16.714216232299805,598400
2016-06-10,16.599950362701463,16.70507098540651,16.58623950776055,16.641084671020508,855400
2016-06-13,16.61365692246174,16.645650071383454,16.430839177694217,16.449121475219727,699400
2016-06-14,16.39885410922844,16.458268990218958,16.312014024940172,16.33943748474121,721200
2016-06-15,16.34857682545749,16.380569986596626,16.2160327330259,16.24802589416504,981200
2016-06-16,16.14290400349348,16.30744124427256,16.11548054886484,16.30286979675293,905200
2016-06-17,16.26174651880434,16.33030257929076,16.156624087763216,16.27545738220215,1765600
2016-06-20,16.44455611709227,16.545107047212056,16.407993252001027,16.430845260620117,900000
2016-06-21,16.43084762479332,16.63194777047194,16.43084762479332,16.59995460510254,1284400
2016-06-22,16.618243706818365,16.695940927770607,16.558827056768294,16.613672256469727,761600
2016-06-23,16.769059604431224,16.906175146669916,16.75534874760597,16.90160369873047,1060200
2016-06-24,16.302879108997764,16.503981070818305,16.24346420527568,16.27545738220215,2187800
2016-06-27,16.124625188724224,16.138337790753248,15.859538710618814,15.914383888244627,1793600
2016-06-28,15.663007480273286,16.376001727507337,15.663007480273286,16.35771942138672,1816800
2016-06-29,16.47655236839678,16.709647433124466,16.471982663214416,16.677654266357422,1207800
2016-06-30,16.746205116470044,17.134696189481435,16.700501104819896,17.12555503845215,1968200
2016-07-01,17.120986770758083,17.139269076211896,16.87418087762145,16.956449508666992,1633600
2016-07-05,16.837620594328826,16.910748083870555,16.723358782951323,16.7782039642334,1687000
2016-07-06,16.668517555020706,16.892469782078177,16.668517555020706,16.874187469482422,1079400
2016-07-07,16.910745418164016,16.95644943811176,16.7782013194203,16.81476593017578,789600
2016-07-08,16.929027328400572,17.084423433491054,16.887893014009077,17.06614112854004,1569800
2016-07-11,17.14383813462481,17.14840958256426,16.90160369873047,16.90160369873047,2426400
2016-07-12,16.95645169218336,17.025009474715176,16.837620178424626,16.86504364013672,1718600
2016-07-13,16.92445566388674,16.92445566388674,16.68222122862289,16.691362380981445,3159000
2016-07-14,16.81475696043371,16.81475696043371,16.444548319754997,16.499393463134766,3441200
2016-07-15,16.567962457939363,16.567962457939363,16.40342517250102,16.471982955932617,2147400
2016-07-18,16.49025810897654,16.50853866559589,16.366855198441417,16.407989501953125,2061600
2016-07-19,17.10270088346768,17.312943865161895,16.77362817170015,17.09813117980957,5752600
2016-07-20,17.212394591363463,17.212394591363463,17.025005340576172,17.025005340576172,2151000
2016-07-21,17.038719862924147,17.075284477529735,16.846760866735163,16.860471725463867,1609400
2016-07-22,16.933596427197163,16.979302187939858,16.79191292763606,16.942737579345703,1535800
2016-07-25,16.99301649796219,17.034150819242235,16.892465547389456,16.961023330688477,884800
2016-07-26,16.947311069883465,17.043290563767098,16.865042434127005,16.897035598754883,1156600
2016-07-27,16.887900692509014,16.92903502560325,16.819342889519504,16.83305549621582,1112600
2016-07-28,16.819339379394698,16.887897168076485,16.759922745436945,16.837621688842773,1234200
2016-07-29,16.810191460997757,16.82847376308985,16.65936682747873,16.755346298217773,1069600
2016-08-01,16.737070083618164,16.828479883829278,16.700507209631873,16.737070083618164,942600
2016-08-02,16.727927997350754,16.76906231797936,16.663941663816672,16.677654266357422,1178000
2016-08-03,16.700504539042,16.75991941770576,16.62737705926636,16.72792625427246,1242600
2016-08-04,16.73249783598553,16.778201857398738,16.682222366333008,16.682222366333008,618600
2016-08-05,16.81659827679303,16.917489259441123,16.76156762689081,16.899145126342773,1318200
2016-08-08,16.889967271713157,16.986271303412725,16.880795209257194,16.949583053588867,916400
2016-08-09,16.949590617666818,16.967934750765167,16.857871701567902,16.899145126342773,830800
2016-08-10,16.85786045459139,16.912892817170757,16.83951808312325,16.853275299072266,695400
2016-08-11,16.903726982037753,16.91289904584553,16.816593250560008,16.86703872680664,852600
2016-08-12,16.830349277150162,16.862450620166353,16.70652906149115,16.743215560913086,726200
2016-08-15,16.738627727060024,16.78448628135008,16.711111544850965,16.770729064941406,749800
2016-08-16,16.7111130586227,16.73404408723664,16.60563697468768,16.614809036254883,871400
2016-08-17,16.614807604767677,16.701939558061238,16.564362145190245,16.67442512512207,1211800
2016-08-18,16.67900565462144,16.75238037109375,16.64690432550176,16.75238037109375,936600
2016-08-19,16.674425051297263,16.77990112567776,16.619394436270856,16.770729064941406,1027400
2016-08-22,16.729464945039116,16.880801407037595,16.729464945039116,16.862457275390625,821600
2016-08-23,16.92206487760065,16.972508585877595,16.83493117821248,16.853275299072266,786400
2016-08-24,16.825770343342207,16.90373203431377,16.825770343342207,16.899145126342773,798200
2016-08-25,16.889963360179074,17.032125921843097,16.889963360179074,16.94499397277832,887200
2016-08-26,16.986271862656764,17.077990740844054,16.793662043524247,16.91289710998535,955200
2016-08-29,16.926645946932126,17.16969936677909,16.926645946932126,17.137598037719727,608600
2016-08-30,17.14677990496004,17.20639744277147,17.05506101972528,17.142194747924805,597800
2016-08-31,17.15136461433039,17.215567300952813,17.073402959580303,17.1834659576416,1268400
2016-09-01,17.188051202607173,17.275183170701755,17.15594985913064,17.233911514282227,1242400
2016-09-02,17.31645639643734,17.4265193939209,17.284355053294636,17.4265193939209,857800
2016-09-06,17.431107911066047,17.476968231106074,17.32104664175465,17.366905212402344,1078600
2016-09-07,17.32562854826203,17.426519484027633,17.307286173079927,17.330215454101562,1572600
2016-09-08,17.325622177933205,17.3806545314211,17.29352084642761,17.316450119018555,1162400
2016-09-09,17.210984285085516,17.224743256322938,16.88079871505813,16.889970779418945,1239000
2016-09-12,16.789076026227296,17.21098039511292,16.770731901651743,17.1834659576416,1101400
2016-09-13,17.00920429966133,17.091751130401168,16.958758819832273,17.04589080810547,1510200
2016-09-14,17.045889217619063,17.073405408429053,16.816592875712587,16.857866287231445,1485000
2016-09-15,16.84868811266512,17.128428049795502,16.839516053340798,17.09174156188965,1055600
2016-09-16,16.935819737086636,17.05505300730175,16.867030168129684,16.940404891967773,1615600
2016-09-19,17.027544398893134,17.10091914780919,16.899137276246034,17.03671646118164,1260200
2016-09-20,17.12843291713366,17.16053425919522,17.064230233010544,17.068817138671875,1081800
2016-09-21,17.146772592255,17.25683555747583,17.032124471954404,17.247663497924805,961000
2016-09-22,17.371492119102513,17.38983449772619,17.2889452924228,17.366905212402344,939600
2016-09-23,17.29811065365258,17.321039930091647,17.188047677596725,17.19263458251953,628800
2016-09-26,17.12843226891175,17.188049794509265,17.055057525634766,17.055057525634766,1344200
2016-09-27,17.050476052426966,17.233913824937773,17.032131925297435,17.19722557067871,809400
2016-09-28,17.22931872449593,17.29352138952337,17.105498549346688,17.27976417541504,709000
2016-09-29,17.2522521882352,17.26601115507689,17.0091986831981,17.096330642700195,944200
2016-09-30,17.142189164093356,17.357726462385678,17.137602259160012,17.29352378845215,1352000
2016-10-03,17.22015207722139,17.22015207722139,16.94499721223091,17.027544021606445,1976800
2016-10-04,17.03671428790897,17.238494384340232,17.027542226790487,17.2247371673584,2421800
2016-10-05,17.311872011472648,17.417348107840663,17.311872011472648,17.399003982543945,1599000
2016-10-06,17.412760191520707,17.742945647571236,17.30728411186925,17.715431213378906,3511400
2016-10-07,17.678744892232586,17.697089016618037,17.380660743232966,17.522823333740234,2161000
2016-10-10,17.522817563207155,17.678739070352158,17.36689605606215,17.376068115234375,1036000
2016-10-11,17.330215386654643,17.334800543084324,17.04588670503852,17.087160110473633,1021600
2016-10-12,17.12384331807318,17.32103822494153,17.105499198971128,17.247663497924805,831400
2016-10-13,17.096325250950198,17.26141880584937,17.096325250950198,17.201801300048828,623200
2016-10-14,17.33938879266508,17.33938879266508,17.169708251953125,17.169708251953125,1460200
2016-10-17,17.18346435159413,17.22473775333551,17.096330642700195,17.096330642700195,673800
2016-10-18,17.270599378946653,17.270599378946653,17.10550574265485,17.123849868774414,800800
2016-10-19,17.11467636517929,17.940142727766997,17.055058835004754,17.1834659576416,755800
2016-10-20,17.11926635065159,17.11926635065159,16.963344762494255,17.018375396728516,1399000
2016-10-21,17.697084033472596,17.697084033472596,17.06422591551067,17.252248764038086,2468400
2016-10-24,17.24766404178212,17.24766404178212,16.766142271214445,16.775314331054688,2458600
2016-10-25,16.747798151533964,16.839517000544838,16.646907242682843,16.775314331054688,2155800
2016-10-26,16.749996234810958,17.003156039824137,16.749996234810958,16.897289276123047,1887200
2016-10-27,16.970938740323938,16.970938740323938,16.837455605644408,16.860469818115234,867600
2016-10-28,16.883488575429975,17.067605836502572,16.842062279482256,16.920310974121094,1035600
2016-10-31,16.984749276960148,17.035379843849068,16.874278594948137,16.966337203979492,1796400
2016-11-01,16.96173654650031,16.975546481808653,16.71778267847739,16.786827087402344,851200
2016-11-02,16.76841324427652,16.84205978663041,16.66714859008789,16.66714859008789,942200
2016-11-03,16.708569641628507,16.911098886511166,16.708569641628507,16.819040298461914,1023600
2016-11-04,16.699369430541992,16.828252201102792,16.59350263192314,16.699369430541992,1994600
2016-11-07,16.865079126490745,16.98475589160069,16.832858864162514,16.95253562927246,1363800
2016-11-08,16.93411812884222,17.095219388918014,16.906500017455492,17.030778884887695,1079200
2016-11-09,17.016976780588845,17.329975131194512,16.83746338218585,17.30695915222168,1902400
2016-11-10,17.412823299184005,17.619953010144815,17.334572853548316,17.569320678710938,1319800
2016-11-11,17.555513342936948,18.061834925727876,17.537101265917862,18.020408630371097,3243000
2016-11-14,18.153889308558025,18.53593195286642,18.094052700263415,18.503711700439453,2163800
2016-11-15,18.42085812060346,18.729252450189517,18.342607686193645,18.71084213256836,1755200
2016-11-16,18.678615651862472,18.950185743883313,18.641791517158463,18.87653923034668,2123600
2016-11-17,18.858137411666583,19.64063131193928,18.858137411666583,19.45191192626953,6891600
2016-11-18,19.40128427499585,19.51635713129862,19.27700537948417,19.488739013671875,2810600
2016-11-21,19.53016119233738,19.56238144483558,19.410484463739436,19.461116790771484,1837200
2016-11-22,19.54396514164334,19.65443580907221,19.456510440337933,19.62681770324707,1035800
2016-11-23,19.636025693779903,19.95822993700328,19.566981300277803,19.921405792236328,1668200
2016-11-25,19.87998170304617,19.916805851880337,19.783320946164572,19.87537956237793,810200
2016-11-28,19.76490915656677,19.85236563337216,19.677454435633457,19.732688903808594,1434200
2016-11-29,19.79253211961718,19.806340301077245,19.654445037399007,19.76951789855957,1043200
2016-11-30,19.879980096844424,20.03647920500118,19.820143493631488,19.95362663269043,1279000
2016-12-01,19.9720369712156,20.114727890219687,19.9720369712156,20.077903747558594,1412800
2016-12-02,20.03188016266172,20.09171853100066,19.76491033151276,19.8937931060791,1536800
2016-12-05,20.050287104415503,20.34026932222527,20.02727113765165,20.073301315307617,1313200
2016-12-06,20.110125509507487,20.400109509259227,20.077905260187503,20.39090347290039,1559200
2016-12-07,20.377101305254488,20.496776301466262,20.340277148960148,20.418527603149418,1965400
2016-12-08,20.478359490461976,20.538196091671956,20.312654351387252,20.335668563842773,1793200
2016-12-09,20.39090011407793,20.464546636945553,20.308047556367892,20.446134567260746,1586600
2016-12-12,20.524387516484552,20.662474544405832,20.496769408551565,20.57501983642578,1021000
2016-12-13,20.671681929637263,20.828181039728666,20.61184356981268,20.76374053955078,818800
2016-12-14,20.736124478863086,20.883417566930763,20.58883139079541,20.593435287475582,1483000
2016-12-15,20.58882759191259,20.809767183248137,20.58882759191259,20.667078018188477,1210600
2016-12-16,20.85579661908299,20.99848577905849,20.602635033568287,20.65787124633789,3103000
2016-12-19,20.6716788356773,20.791353781542597,20.54279785461134,20.676280975341797,953200
2016-12-20,20.70850650486497,20.77294700637754,20.598035819506293,20.67168235778809,1199600
2016-12-21,20.64866887321741,20.68088912511188,20.552008117534005,20.607242584228516,1249600
2016-12-22,20.60264015197754,20.61645008653667,20.50137724848617,20.60264015197754,821000
2016-12-23,20.57962111413349,20.667077574320693,20.556606903089612,20.662473678588867,584400
2016-12-27,20.648665946609235,20.71310644126479,20.62104783924037,20.667078018188477,571200
2016-12-28,20.722316593430605,20.73612477192206,20.510582995824947,20.524391174316406,466200
2016-12-29,20.52899097924367,20.70390216234533,20.52899097924367,20.61644744873047,511400
2016-12-30,20.69930061383579,20.731520864818933,20.561211817197194,20.64866828918457,832600
2017-01-03,20.731527054413903,20.855805954970094,20.487571395156557,20.63026237487793,1223600
2017-01-04,20.713105343498157,21.067529801191505,20.713105343498157,20.970869064331055,1936200
2017-01-05,20.91103568217073,20.984682226214343,20.7407283782959,20.7407283782959,1358600
2017-01-06,20.726916822531436,20.81437329390305,20.653270284249643,20.67168235778809,1606400
2017-01-09,20.67168485447609,20.713111147004987,20.51978961911826,20.556612014770508,1191200
2017-01-10,20.556612163099732,20.70390525851592,20.45074536051136,20.533597946166992,1110200
2017-01-11,20.561208089741747,20.579620160071975,20.30804826825192,20.381694793701172,1800000
2017-01-12,20.280433497392373,20.4093144879936,20.07330207973196,20.229801177978516,1519400
2017-01-13,20.29883769815731,20.49676302030995,20.29883769815731,20.37248420715332,1139000
2017-01-17,20.317262659865907,20.427733371412003,20.12854325104031,20.243616104125977,1178000
2017-01-18,20.312655076530763,20.31725721683742,20.105523645292955,20.271228790283203,1436200
2017-01-19,20.321868779897272,20.47376404952962,20.08711915063921,20.197589874267575,1022000
2017-01-20,20.257420908629793,20.335671348740917,20.14695197136622,20.174570083618164,1337000
2017-01-23,20.160757182874637,20.248213647533746,19.949023621049573,19.990449905395508,2020800
2017-01-24,19.90759497348803,20.119328510178363,19.40587748079994,19.91219711303711,2966000
2017-01-25,19.97203914139524,20.09171586217621,19.77871763903331,19.884584426879883,1831400
2017-01-26,19.879982875110652,20.06870225933194,19.86617469641978,20.01346778869629,1033200
2017-01-27,20.05028588171237,20.087108265719905,19.8615665545107,19.91219711303711,1827400
2017-01-30,19.85697164850354,19.86617768764098,19.4196944467734,19.51175308227539,2592200
2017-01-31,19.516355376647752,19.636030363859177,19.332238120767716,19.39207649230957,3461800
2017-02-01,19.44055861548065,19.551384431802603,19.274322533272606,19.371294021606445,1565800
2017-02-02,19.348208248157327,19.55138688177171,19.311265717581904,19.51444435119629,1884800
2017-02-03,19.652976338479267,19.652976338479267,19.505209744781556,19.639122009277344,1000400
2017-02-06,19.56061843090918,19.62526608440341,19.431323123920727,19.491352081298828,1043800
2017-02-07,19.51444100648451,19.597559924516084,19.394381325725853,19.398998260498047,1237200
2017-02-08,19.380534224723952,19.38976985838907,19.24662017885524,19.343591690063477,1183200
2017-02-09,19.34358739844117,19.569855969243477,19.283556673694985,19.459030151367188,1846000
2017-02-10,19.53753612534253,19.879245757268947,19.468269754848727,19.846921920776367,1769000
2017-02-13,19.86076853637371,19.93927051683436,19.73147322916375,19.920799255371097,1292000
2017-02-14,19.83306200055701,19.985445493041716,19.73147183122299,19.902326583862305,1237400
2017-02-15,19.86538842307242,20.077802658081055,19.856152791787277,20.077802658081055,1364400
2017-02-16,20.073180073006608,20.216327913841752,20.027001929579097,20.20709228515625,787200
2017-02-17,20.045478378412263,20.26251130493953,19.96235946023231,20.257892608642575,1015800
2017-02-21,20.216330895900825,20.244037786044306,19.990064125036184,20.008535385131836,911400
2017-02-22,19.930034637451172,20.06856557366442,19.846915723419936,19.930034637451172,1180800
2017-02-23,19.9069456858796,19.999300227020903,19.8422980355356,19.925416946411133,1003200
2017-02-24,19.83306533385537,20.05471520841389,19.786887175707793,20.05009651184082,1116400
2017-02-27,20.01776763922678,20.13782905864923,19.994679446727435,20.096269607543945,1036400
2017-02-28,19.94388603845201,20.114742552607648,19.897709649581813,19.902326583862305,1483600
2017-03-01,20.10089040336006,20.299452067732553,20.008537615619236,20.257892608642575,1969000
2017-03-02,20.24403826375644,20.24403826375644,19.91618131614537,19.925416946411133,945400
2017-03-03,19.893093695437557,20.137831739237267,19.893093695437557,20.13321304321289,1134200
2017-03-06,19.99930190099768,20.077802122552757,19.9300355489649,19.966978073120117,820400
2017-03-07,19.957741778297624,20.003918170439334,19.82844470957122,19.920799255371097,1130400
2017-03-08,19.98083520190042,20.036247239271063,19.796126061975713,19.809980392456055,890600
2017-03-09,19.809968333337736,19.89308721955438,19.78226145076024,19.860761642456055,868000
2017-03-10,19.953125,20.008538789715978,19.851536575220607,19.953125,817000
2017-03-13,19.906947857570383,20.040861868758412,19.906947857570383,19.98083114624023,617400
2017-03-14,19.91156668769908,19.98544998340139,19.89309718491104,19.948509216308594,719000
2017-03-15,19.957738691031725,20.128593429346257,19.925414869229417,20.096269607543945,1027800
2017-03-16,20.114740355405388,20.193240560213138,20.04547401814997,20.082416534423828,411000
2017-03-17,20.096268263962333,20.25788736216848,19.971589918982136,20.20709228515625,2169800
2017-03-20,20.174774118429887,20.202481012249788,19.96697858008856,19.98083114624023,741200
2017-03-21,20.063947363612662,20.063947363612662,19.62988155981804,19.643735885620117,1105200
2017-03-22,19.6252672865632,19.713003141463055,19.468265077810035,19.64835548400879,1095400
2017-03-23,19.63449617713098,19.796115265281237,19.60678929279839,19.620643615722656,729600
2017-03-24,19.671448654728188,19.74071502609321,19.56062457436455,19.67606735229492,705200
2017-03-27,19.4359428827632,19.65759276760133,19.375912155145578,19.625268936157227,842800
2017-03-28,19.569856911136995,19.69453530167984,19.51444311877349,19.6575927734375,1157800
2017-03-29,19.65297108091493,19.666823644894272,19.53752835037705,19.555997848510746,940800
2017-03-30,19.514444339784024,19.532915605060932,19.39900157407856,19.41747283935547,1131600
2017-03-31,19.431324973359462,19.431324973359462,19.246615864495865,19.265087127685547,1637800
2017-04-03,19.30202283843744,19.371289176503492,19.10346121493197,19.10807991027832,1484800
2017-04-04,19.06652479764442,19.27432209760325,18.978787181263723,19.218908309936523,1373800
2017-04-05,19.3251127353412,19.422085969491174,19.16811054852255,19.181964874267575,1672200
2017-04-06,19.186582757024137,19.37590877741364,19.061904388253037,19.315879821777344,961800
2017-04-07,19.218908728753227,19.352822742924552,19.186584899334857,19.3066463470459,1818600
2017-04-10,19.30202766621565,19.445177311982217,19.292792034729104,19.371294021606445,1286800
2017-04-11,19.3204944153871,19.468260961616295,19.200434757144446,19.46364402770996,1412800
2017-04-12,19.412854717816373,19.51906184439493,19.1819692005108,19.22814559936523,1124200
2017-04-13,19.209672895047724,19.27432231472048,19.075760643802727,19.08037757873535,1058600
2017-04-17,19.080378040866417,19.362058639526367,19.080378040866417,19.362058639526367,1001000
2017-04-18,19.78688177721944,20.073180995073063,19.44978924153643,19.546762466430664,2139000
2017-04-19,19.57447171819665,19.625266808248877,19.311262398395577,19.366674423217773,1685400
2017-04-20,19.454411301699704,19.8376802877058,19.380528017558984,19.759180068969727,1178000
2017-04-21,19.70376916637384,19.70376916637384,19.49135491359356,19.625268936157227,1236200
2017-04-24,19.90694527965912,19.985445493041716,19.773031285812696,19.902326583862305,1061600
2017-04-25,20.00392098516875,20.06395171261299,19.879242595023022,19.893096923828125,880200
2017-04-26,19.897709586074235,20.110123792625295,19.87462139171283,20.008535385131836,885400
2017-04-27,20.05009500893968,20.160920818670043,19.994682984832743,20.073184967041016,666800
2017-04-28,20.013159037159703,20.013159037159703,19.773037859864353,19.809980392456055,1279400
2017-05-01,19.8884778249682,19.920801655665446,19.680680512259705,19.870006561279297,830600
2017-05-02,19.814593504424433,19.911564991488607,19.722238952284787,19.777652740478516,834600
2017-05-03,19.72685484599028,19.814590689223575,19.699147955829936,19.77303123474121,731400
2017-05-04,19.798507361175258,19.94674124196013,19.78924252274029,19.9235782623291,1041200
2017-05-05,19.988438787606828,20.034761228119947,19.886527297972563,19.95601272583008,874000
2017-05-08,19.956004386964935,20.057914066927136,19.89578382579152,19.94210624694824,795200
2017-05-09,19.951375955828222,19.997698388294804,19.69659904308698,19.747554779052734,807200
2017-05-10,19.72902700123398,19.817040338240535,19.65954157874775,19.807775497436523,1064000
2017-05-11,19.719760541039125,19.77071627773284,19.529835737872816,19.724393844604492,1032800
2017-05-12,19.636375984960537,19.7614486573148,19.580788719609963,19.59005355834961,1389200
2017-05-15,19.603949942750603,19.78924318346187,19.603949942750603,19.65027236938477,1406000
2017-05-16,19.738286466087743,19.77997735480695,19.61784533552683,19.68269920349121,778800
2017-05-17,19.682707750603264,19.682707750603264,19.321385969105677,19.38623809814453,1173200
2017-05-18,19.349175422823865,19.63637839058854,19.31211606332518,19.50204086303711,2208600
2017-05-19,19.534468263721532,19.63174820555813,19.45571976999742,19.48814582824707,1072800
2017-05-22,19.534463344102736,19.729021411690187,19.534463344102736,19.66416931152344,814600
2017-05-23,19.678070562572827,19.766083896458436,19.58079238821174,19.673439025878903,652400
2017-05-24,19.687339575625252,19.766088085725507,19.63638382575426,19.66880989074707,825800
2017-05-25,19.701237157750647,19.932852931595217,19.664179552821334,19.900426864624023,1269000
2017-05-26,19.858728408813477,19.91894898191538,19.78924476331508,19.858728408813477,664200
2017-05-30,19.77072090801118,19.93285122901867,19.60395728235321,19.918954849243164,1655200
2017-05-31,19.93747930887782,20.122770803316552,19.844832678114702,20.118139266967773,1877200
2017-06-01,20.13203488939258,20.45629720137991,20.118138513778995,20.433135986328125,1804200
2017-06-02,20.419245001793517,20.50262504457642,20.294172286987305,20.294172286987305,915600
2017-06-05,20.294167405102,20.32196015698128,20.09034446685402,20.141300201416016,1197600
2017-06-06,20.03475583811654,20.076446730197272,19.9004183228467,19.95137405395508,859800
2017-06-07,19.96990889529926,20.01623133532696,19.90042346816989,19.937482833862305,853600
2017-06-08,19.92358529460108,20.13667311964262,19.914322219983852,20.113510131835938,791600
2017-06-09,20.150564279434544,20.326592692062356,20.094977010689547,20.312694549560547,1027200
2017-06-12,20.308065623844534,20.42850501612118,20.28953594285193,20.38681411743164,966000
2017-06-13,20.414610472747356,20.507257118945105,20.368288033192385,20.42850685119629,790200
2017-06-14,20.423871781502942,20.507253571950177,20.31269547187747,20.40534210205078,1097800
2017-06-15,20.308066457439224,20.52115249633789,20.252479179267336,20.52115249633789,995800
2017-06-16,20.423869327512,20.646220152959316,20.409972953136315,20.535045623779297,2094000
2017-06-19,20.613798791711982,20.613798791711982,20.298801275550268,20.382183074951172,1573000
2017-06-20,20.37291951974355,20.41924372627134,20.229317130139098,20.266376495361328,1169000
2017-06-21,20.3126955315948,20.33585851452184,20.1135058946172,20.15983009338379,510400
2017-06-22,20.14130211522419,20.14130211522419,19.9699069830287,19.997699737548828,548400
2017-06-23,20.002333969227763,20.090347307770333,19.8726297298834,19.88652610778809,1424600
2017-06-26,19.886526168740545,20.039391627423832,19.74292378396362,19.98843765258789,558000
2017-06-27,19.988430435192058,20.011591645770416,19.918945036369884,19.94210624694824,617800
2017-06-28,20.071814024852852,20.271001867536913,20.071814024852852,20.169092178344727,626400
2017-06-29,20.31733239183877,20.33586207458928,19.965275487930345,20.182994842529297,1040600
2017-06-30,20.284901190600927,20.32195877962415,19.95137405395508,19.95137405395508,924000
2017-07-03,20.104242821951377,20.3126955315948,20.057918623184783,20.15983009338379,452200
2017-07-05,20.1737281735561,20.252478434567635,19.872628808032964,19.997699737548828,994800
2017-07-06,19.90968846290913,20.006966647969097,19.830939960838062,19.854101181030273,1160800
2017-07-07,19.877257043536904,20.03938730826983,19.85872736554247,19.993064880371097,851000
2017-07-10,19.942114524595784,20.02549633095799,19.844836339535824,19.854101181030273,1011400
2017-07-11,19.85873343789058,19.93285040544425,19.75219040747518,19.78461647033691,808800
2017-07-12,19.812410332898867,19.993070324823005,19.68733762300804,19.95601272583008,926800
2017-07-13,19.974540641782625,20.04402606964014,19.83094001593925,19.95601272583008,529200
2017-07-14,19.86799564135438,20.150567094843684,19.78924714688695,20.057920455932617,821600
2017-07-17,20.062549071766263,20.127401173723737,19.9235782623291,19.9235782623291,1335800
2017-07-18,19.7799825228323,20.15056731544595,19.59468924298163,19.93284797668457,2324000
2017-07-19,20.011594941305983,20.275636672973633,19.96527074543344,20.275636672973633,1085400
2017-07-20,20.284910118013432,20.41461438730877,20.215424678269137,20.326601028442383,900200
2017-07-21,20.33122430737432,20.437767309170376,20.308063092564296,20.41460609436035,713400
2017-07-24,20.40533922274339,20.53967672918455,20.38217801024011,20.49798583984375,651200
2017-07-25,20.650860604044485,20.771300013527135,20.586006711305327,20.683286666870117,1416400
2017-07-26,20.669384850018808,20.67864969019339,20.55357699846792,20.59990119934082,1236200
2017-07-27,20.590637074175003,20.604533451375634,20.28953594285193,20.38681411743164,743800
2017-07-28,20.382184731285477,20.664756211430532,20.34049382819706,20.650859832763672,644600
2017-07-31,20.674018154181997,20.78056116556105,20.61379757658946,20.660120010375977,1574800
2017-08-01,20.738876509520303,20.7759341142842,20.61380378015196,20.655494689941406,1197000
2017-08-02,20.63232789451694,20.701811547343898,20.451667923244177,20.572107315063477,1333200
2017-08-03,20.59063978954023,20.59063978954023,20.345125901730487,20.35902404785156,789800
2017-08-04,20.4146084959004,20.5118866697986,20.321961858674083,20.409976959228516,823400
2017-08-07,20.393707275390625,20.472699545585556,20.34259494276769,20.393707275390625,796200
2017-08-08,20.351893548402643,20.46341155517606,20.272903030182015,20.314722061157227,900000
2017-08-09,20.2450264692158,20.384422671593025,20.221794064239408,20.356544494628903,695200
2017-08-10,20.27290217414908,20.370479318131466,20.19390988674536,20.203203201293945,1008400
2017-08-11,20.105622039008168,20.286837205191706,20.0545097054655,20.2310791015625,1024400
2017-08-14,20.324016982858826,20.440180770027037,20.2682570888046,20.40300750732422,493800
2017-08-15,20.48664451425651,20.70503299002172,20.47735119906239,20.514524459838867,998600
2017-08-16,20.551691332217256,20.612096981152693,20.44017511997147,20.463407516479492,908000
2017-08-17,20.416945255552346,20.47735091722341,20.14744620870667,20.15209197998047,652400
2017-08-18,20.128859716646403,20.34724819090385,20.091688228645193,20.272903442382812,1283800
2017-08-21,20.249674540105385,20.393716518214653,20.170682234109623,20.36119079589844,434800
2017-08-22,20.39836143578951,20.49593859017145,20.379774804711417,20.491291046142575,473400
2017-08-23,20.36582938252652,20.430880798545807,20.258957173331243,20.305423736572266,773800
2017-08-24,20.36119026661663,20.379776899605297,20.226439836227133,20.356544494628903,1040200
2017-08-25,20.45412128803861,20.691094650529717,20.430888883483615,20.579578399658203,1539600
2017-08-28,20.653922842743963,21.072111435912447,20.653922842743963,20.983827590942383,2283400
2017-08-29,20.853723991253293,20.91877542978248,20.67715453487495,20.797964096069336,1404200
2017-08-30,20.77937859062539,20.9234205507407,20.77008527505042,20.86766242980957,666000
2017-08-31,20.928063375377047,20.988467254214857,20.825838699623365,20.89089012145996,703400
2017-09-01,20.93736009868732,21.016350617347964,20.853722036271,20.93271255493164,773400
2017-09-05,20.90947693102066,21.25796821320434,20.86765790625789,21.132511138916016,2043000
2017-09-06,21.15574997778931,21.36019939333026,21.06746613086317,21.31838035583496,1037200
2017-09-07,21.304434910536585,21.42989199602565,21.244031025778447,21.388072967529297,1707400
2017-09-08,21.360192909817503,22.447485782147677,21.336958739635552,22.363847732543945,4144400
2017-09-11,22.30344980387251,22.452139327430142,21.536768007856818,21.792329788208008,4034600
2017-09-12,21.91778483766596,21.927078154327724,21.643639972478937,21.759803771972656,1856000
2017-09-13,21.759795266547208,21.759795266547208,21.55534592494091,21.648277282714844,1554600
2017-09-14,21.71333305271731,21.72262636760889,21.45777309701386,21.53211784362793,927600
2017-09-15,21.522825357404507,21.704040573471,21.471713009792182,21.569290161132812,2176800
2017-09-18,21.60181985949363,21.801619953969297,21.592526543294028,21.796974182128903,1095800
2017-09-19,21.824853232644532,22.0339466347157,21.053525745005196,21.82020568847656,1035200
2017-09-20,21.810918947304067,22.033953276591472,21.810918947304067,21.99213600158691,1318000
2017-09-21,21.968892146195472,22.047884433414364,21.82485020232571,21.871315002441406,589600
2017-09-22,21.843444117503363,22.04789357684359,21.83879834457256,22.033952713012695,883000
2017-09-25,22.006067047525228,22.191928034385008,21.978187101862872,22.154756546020508,781600
2017-09-26,22.150110844366377,22.475369814070948,22.108293581172877,22.41031837463379,1147000
2017-09-27,22.535773110825193,22.75416158240409,22.401022701871465,22.70769500732422,1212200
2017-09-28,22.633347169342052,22.730924304908633,22.42425204132913,22.44283866882324,885400
2017-09-29,22.41960739014301,22.47071973204473,22.359201734030204,22.39172744750977,1064600
2017-10-02,22.442839637084735,22.48465866449154,22.33596918316034,22.48001289367676,1028600
2017-10-03,22.45213374742128,22.651935577392575,22.396375633074413,22.651935577392575,1054600
2017-10-04,22.624058068099064,22.74951516826641,22.49395519645235,22.656583786010746,843000
2017-10-05,22.70304923607553,22.75416158240409,22.549712197089853,22.70769500732422,791800
2017-10-06,22.73558009556329,22.823863949408516,22.614768745544552,22.642648696899418,1154000
2017-10-09,22.651939504209597,22.786689928716076,22.6472937324247,22.69840431213379,660000
2017-10-10,22.70305524821655,22.828512375377407,22.656588660831563,22.74022674560547,632400
2017-10-11,22.795981812743246,22.82385998673891,22.56830001417273,22.71698951721191,837200
2017-10-12,22.740221870127293,22.97254943968424,22.740221870127293,22.85173988342285,753400
2017-10-13,23.000430283027523,23.056188405590216,22.89820558123029,22.949317932128903,964800
2017-10-16,23.009721796674803,23.014367567975007,22.6751695424644,22.754161834716797,1480200
2017-10-17,22.94931648471241,23.34427440696156,22.619411769288703,22.77274703979492,1891000
2017-10-18,22.772752470515425,22.87033141776436,22.68911615826059,22.74022674560547,1047600
2017-10-19,22.679820704286353,22.7773978698242,22.619415032635775,22.768104553222656,710600
2017-10-20,22.874970977515808,23.116591848737507,22.851738576392652,22.91679000854492,1516600
2017-10-23,22.98183807960311,23.084062756616937,22.879615175107617,23.07012367248535,815400
2017-10-24,23.06547574393726,23.125881395028447,22.93072535785626,22.977191925048828,1137000
2017-10-25,22.98184832219485,23.05619309156129,22.76346155922294,22.865684509277344,878600
2017-10-26,22.930930125838252,23.089395971790843,22.77246427988566,23.01482391357422,1142800
2017-10-27,23.010159886085805,23.20125087750429,22.865677537658375,23.154644012451172,1351400
2017-10-30,23.154645297165008,23.22921735215032,23.0148229163098,23.066091537475582,868400
2017-10-31,23.014824981566107,23.26650457851496,23.014824981566107,23.229219436645508,1706600
2017-11-01,23.33175765808403,23.508865200718176,23.252523839168106,23.345739364624023,1639400
2017-11-02,23.42496891811274,23.681312030380095,23.266503075046593,23.49022102355957,1443000
2017-11-03,23.490223124910447,23.532170021766788,23.383024116770052,23.48556137084961,888000
2017-11-06,23.44361244570289,23.65800688755826,23.401665552475706,23.55547142028809,603400
2017-11-07,23.52285066424697,23.634707881854354,23.29447269656274,23.410991668701172,930400
2017-11-08,22.982201643591807,23.359721958010248,22.632644743314977,23.163970947265625,1357200
2017-11-09,22.99618064808799,23.15930647120418,22.89830515421827,23.010162353515625,903400
2017-11-10,22.93559309409157,23.108042445792112,22.809752396068873,23.061433792114254,1451800
2017-11-13,22.916944229777226,23.06609010844574,22.77246188228454,23.02414321899414,1171800
2017-11-14,23.140661432000343,23.359715822978178,23.056767655732113,23.303787231445312,1565000
2017-11-15,23.196591372052897,23.373700663130624,23.103375862120515,23.28048515319824,941800
2017-11-16,23.341076018913707,23.406326343931855,23.23387702445474,23.271163940429688,715800
2017-11-17,23.20125131097214,23.294466820757854,23.122019283313964,23.247859954833984,976800
2017-11-20,23.25718462761649,23.471579082706167,23.25718462761649,23.42963218688965,739600
2017-11-21,23.485558144632854,23.578773655723936,23.448273006959216,23.541486740112305,1402200
2017-11-22,23.5787719912343,23.667325742653684,23.43428787034575,23.471574783325195,681200
2017-11-24,23.466915506943756,23.504202423858484,23.25718282208162,23.32709312438965,288000
2017-11-27,23.359717363219698,23.58343352203993,23.303788767999137,23.44361114501953,891400
2017-11-28,23.49488223104557,23.685973247884537,23.41565019432759,23.667329788208008,1489400
2017-11-29,23.71393362240825,23.942309734291513,23.68130846356778,23.71859359741211,1309600
2017-11-30,23.830456365310877,23.95163529210372,23.662668791337637,23.886384963989254,1387600
2017-12-01,23.928328119160145,24.13806255385988,23.564789617639136,24.11941909790039,1090000
2017-12-04,24.324493787064068,24.431691000771064,23.974936959695967,24.016883850097656,1228800
2017-12-05,24.063488853487403,24.11941743958272,23.718592053701265,23.746557235717773,1145000
2017-12-06,24.04951289460337,24.38508807199634,24.04951289460337,24.08213806152344,1268200
2017-12-07,24.002899251214217,24.11941817961817,23.86773686756057,24.06814956665039,948600
2017-12-08,24.170688667266152,24.282545851564457,24.035526273129303,24.20331382751465,820600
2017-12-11,24.124084927155863,24.16137184812333,23.956299116617007,24.04951286315918,830600
2017-12-12,24.09611996074652,24.170692019935096,23.956297572010207,24.077476501464844,851000
2017-12-13,24.072815996834656,24.10544116089189,23.86308152936811,23.886384963989254,847800
2017-12-14,23.900368157237065,24.21263989000477,23.718598866761603,23.79317092895508,989000
2017-12-15,23.793161803331383,24.14271854415781,23.793161803331383,23.85375213623047,3006000
2017-12-18,23.88638297447362,24.138064314470743,23.877061245813955,23.988920211791992,847600
2017-12-19,24.07281506371072,24.16136882301376,23.98425952646965,24.00290298461914,894600
2017-12-20,24.063498168845747,24.21730228463229,23.942317444467616,23.95163917541504,790600
2017-12-21,23.993577553803693,24.05882786932203,23.83045176500784,23.93298721313477,840600
2017-12-22,24.00290576779831,24.00290576779831,23.75122438741137,23.821136474609375,512800
2017-12-26,23.895707310966337,24.077476594822144,23.849098662581422,23.974939346313477,425200
2017-12-27,23.993577804640022,24.17534705060932,23.937649216173572,24.030864715576172,642000
2017-12-28,24.035530188734512,24.152049145157676,23.970279857607657,24.133405685424805,766200
2017-12-29,24.124081026879026,24.231280018359904,23.97959867633499,23.9842586517334,579200
2018-01-02,24.07281677653175,24.13340535292153,23.727919887978285,23.807153701782227,1385200
2018-01-03,23.94697584236937,24.15204856065342,23.858420299750467,24.077476501464844,637000
2018-01-04,24.19865741002305,24.37576673180772,24.13806882930952,24.142728805541992,1043800
2018-01-05,24.245264508618455,24.431693770923346,24.1613707183029,24.371105194091797,725000
2018-01-08,24.408383123947416,24.431686552608284,24.28254247565356,24.296525955200195,692200
2018-01-09,24.338484464493252,24.63677276089544,24.338484464493252,24.49228858947754,1013400
2018-01-10,24.51558752798623,24.55287444715953,24.30585483041998,24.33847999572754,814200
2018-01-11,24.333818758985597,24.45033771697109,24.25924669699241,24.329158782958984,749800
2018-01-12,24.427030240808588,24.47363710511888,24.28720786993981,24.431690216064453,542800
2018-01-16,24.5015940763825,24.61811297603353,24.366431726082357,24.40837860107422,595200
2018-01-17,24.4643187484715,24.613462857506743,24.431691807803144,24.50626564025879,903800
2018-01-18,24.506263811796767,24.566852379239307,24.291867615359372,24.40372657775879,1613200
2018-01-19,24.501602134884923,24.60413936924195,24.305851172499217,24.468976974487305,1450600
2018-01-22,24.473637871622188,24.61812200020992,24.24059998689628,24.352458953857425,3395400
2018-01-23,24.953696677858034,25.037590457097316,24.11942063872178,24.25924301147461,5738200
2018-01-24,24.34313924430695,24.88378711059868,24.2825488914298,24.65074920654297,3297000
2018-01-25,24.632105588238662,24.813876645694773,24.515586636964237,24.68803596496582,2152000
2018-01-26,24.716002808524696,25.06089973449707,24.66473417837247,25.06089973449707,927200
2018-01-29,24.99098512231214,25.051575477102705,24.753287234961725,24.77193069458008,928600
2018-01-30,24.692700440845975,24.94904182477904,24.594824930643277,24.64143180847168,1021000
2018-01-31,24.59481815932269,24.62278334508355,24.389745464223495,24.45965576171875,1765800
2018-02-01,24.45498177681056,24.908371729297993,24.417589765273615,24.861629486083984,1235000
2018-02-02,24.777497200652345,24.992507970457343,24.702711388600207,24.76347541809082,1072800
2018-02-05,24.562483490395373,24.833583121347083,24.05300468656721,24.062353134155273,1757600
2018-02-06,23.730493939244916,24.202579005852908,23.51548496962283,24.1464900970459,2187400
2018-02-07,24.11844366843437,24.380194869507353,23.90810982409153,24.197904586791992,1426200
2018-02-08,24.1932311006394,24.366174729816574,23.417327676416143,23.4220027923584,1504000
2018-02-09,23.63234141001936,23.716475677232197,23.0994904566599,23.59962272644043,1880200
2018-02-12,23.73049344754022,24.109097585969803,23.63701074610936,23.894086837768555,2374600
2018-02-13,23.786583718511448,24.19790655856164,23.735168140625884,24.099750518798828,1611200
2018-02-14,23.987569617980636,24.515745367220564,23.9314807101516,24.511070251464844,1042400
2018-02-15,24.64195083746942,24.800870921892955,24.50640098660106,24.604557037353516,1179200
2018-02-16,24.51106892899192,24.740101446740766,24.51106892899192,24.632596969604492,897600
2018-02-20,24.595207543503964,24.810218318976297,24.483029713986134,24.59053421020508,779600
2018-02-21,24.58586209864671,24.93642097904397,24.534448293937576,24.539121627807617,790200
2018-02-22,24.60922759162172,24.70738362417719,24.3474763884396,24.42226219177246,896000
2018-02-23,24.46433493435695,24.740107981780568,24.398897564296192,24.716737747192383,459200
2018-02-26,24.80554117024911,24.95511278604099,24.641947772674964,24.950439453125,570400
2018-02-27,24.93174471377861,25.151428823568885,24.805543317709795,24.88032913208008,1236200
2018-02-28,24.941094106258536,25.17947334137657,24.590535253827316,24.604557037353516,1224000
2018-03-01,24.655972750031783,24.71206166746465,24.127796910354892,24.277368545532227,1036400
2018-03-02,24.16985890994633,24.48769901294015,23.996917077828392,24.431610107421875,728800
2018-03-05,24.32410904024261,24.782172362790167,24.14649206765171,24.69803810119629,1128800
2018-03-06,24.749456584123795,24.8055455040866,24.459661750775556,24.77750015258789,1893000
2018-03-07,24.61857746996973,24.72608374788643,24.497051192330684,24.562488555908203,2333800
2018-03-08,24.646626109333795,24.66999634472695,24.389549953939703,24.571840286254883,1773600
2018-03-09,24.641948537190864,25.100011847644183,24.641948537190864,25.067293167114254,1480000
2018-03-12,25.02989424924121,25.15609561247847,24.82423375898456,24.927064895629883,854800
2018-03-13,24.987833981407388,24.987833981407388,24.604556454471854,24.67934226989746,1038600
2018-03-14,24.730755491754508,24.76814928741529,24.454982489376345,24.55781364440918,988400
2018-03-15,24.57651054223957,24.69336347912804,24.47835272014718,24.55781364440918,1243600
2018-03-16,24.60455404236743,24.744777209664363,24.454982426179456,24.655969619750977,2349400
2018-03-19,24.627923986227223,24.768148934925215,24.46433059012529,24.595205307006836,859200
2018-03-20,24.62792318893834,24.84760727062128,24.62792318893834,24.70738410949707,1490400
2018-03-21,24.651301226233223,24.716738598547938,24.426941973961828,24.571840286254883,1306600
2018-03-22,24.42226405576993,24.562487224842123,23.795932236415418,23.805280685424805,1169200
2018-03-23,23.809954408231484,23.95485269569783,23.323847533024903,23.34254264831543,1511200
2018-03-26,23.618317970471697,23.91278790730017,23.40798408434304,23.856698989868164,849200
2018-03-27,23.987575506400862,24.0389910941298,23.5388605675505,23.632343292236328,982600
2018-03-28,23.57625136499195,24.067035198382907,23.42200639283861,23.84735107421875,1426600
2018-03-29,23.735171505785555,23.978225864682855,23.52016249781145,23.78191375732422,1504000
2018-04-02,23.781910387930782,23.781910387930782,22.753604179218996,23.22101593017578,1775800
2018-04-03,23.249060051943225,23.68842643279645,23.20231780949018,23.501461029052734,1621300
2018-04-04,23.323849843817765,23.69777893219048,23.25841069319732,23.660385131835938,1213800
2018-04-05,23.791257201270803,23.940828808651215,23.688426052558945,23.80060386657715,1136700
2018-04-06,23.566901187309902,23.679080799499957,23.258409482580312,23.454723358154297,1261700
2018-04-09,23.51081248273372,23.866046438646514,23.38928620289058,23.61364364624023,1696800
2018-04-10,23.92213413729005,23.968874600306563,23.763214066785793,23.828651428222656,996900
2018-04-11,23.679079276924885,23.903436703844264,23.594945018950824,23.83799934387207,796900
2018-04-12,23.931485490102062,24.165191399608855,23.800608968314744,24.07170867919922,1499600
2018-04-13,24.19323274324344,24.258671889637817,23.95018018877345,24.04366111755371,939100
2018-04-16,24.193227483601945,24.473675558076195,24.07170123278693,24.361495971679688,1044400
2018-04-17,24.46433059012529,24.641947550917596,24.445633692560985,24.595205307006836,1031300
2018-04-18,24.66999637258483,24.735433744973435,24.51107627548335,24.539121627807617,528900
2018-04-19,24.520418739474344,24.66064190079012,24.35215023268172,24.445632934570312,782100
2018-04-20,24.333452789934267,24.539113287979355,24.20257630660188,24.2586669921875,1142300
2018-04-23,24.29605986938618,24.83825736822038,24.25866786069113,24.82890892028809,1905400
2018-04-24,24.941094055432306,24.941094055432306,24.15584208494384,24.669994354248047,2686600
2018-04-25,24.754131157231942,25.174802535601497,24.53912213408071,25.08131980895996,1989800
2018-04-26,25.165446565844835,25.67959873420575,24.885000252745098,25.632858276367188,1297000
2018-04-27,25.632854663120543,25.97874006468558,25.56741731815703,25.92264938354492,1034400
2018-04-30,25.969390287517584,26.081568077984624,25.43653954218074,25.455236434936523,1848000
2018-05-01,25.399155684837037,25.483289946184847,24.969135928722185,25.44589614868164,1485500
2018-05-02,25.483291753373823,25.483291753373823,24.997183049565383,25.156103134155273,1373300
2018-05-03,25.034573278525027,25.361760068035675,24.90369677968649,25.315019607543945,981800
2018-05-04,25.202844972066146,25.913311166342663,25.193498304553557,25.71699905395508,898600
2018-05-07,25.74504142737104,25.8385223559599,25.59546801895315,25.735692977905273,856300
2018-05-08,25.749753468482947,25.834117567470653,25.524783133817497,25.68413734436035,857600
2018-05-09,25.749749000500135,25.81536690114229,25.50603073325849,25.702880859375,692300
2018-05-10,25.740379319616988,25.85286538019689,25.637269034316127,25.76850128173828,645700
2018-05-11,25.80599099322626,25.918475238710396,25.646636822203032,25.731000900268555,656000
2018-05-14,25.79662115344859,25.843489298614212,25.50603293212532,25.534154891967773,1522900
2018-05-15,25.431036496489735,25.65600854341609,25.41229031583311,25.5247745513916,763900
2018-05-16,25.552902722761043,25.69350894537928,25.543528736199143,25.590396881103516,524600
2018-05-17,25.60914327144252,25.87160951523847,25.515405199522174,25.796619415283203,490100
2018-05-18,25.80600086042469,26.02159723662555,25.702888772717525,25.880990982055664,1195300
2018-05-21,25.974725524229207,26.246565814069523,25.974725524229207,26.115333557128903,720300
2018-05-22,26.115326705736944,26.2653068994374,25.984092695320346,26.04033660888672,591800
2018-05-23,26.002845456665764,26.162199665316308,25.94660332064359,26.143451690673828,462900
2018-05-24,26.07783288264007,26.237187074885245,26.012216766051782,26.21843910217285,398100
2018-05-25,26.152826472374585,26.274686523346876,25.955978096365172,26.068462371826172,573700
2018-05-29,25.84349106711353,25.90910718999763,25.48728849092612,25.618520736694336,940700
2018-05-30,25.81536744436589,26.218438115076648,25.81536744436589,26.08720588684082,992600
2018-05-31,26.096578734548153,26.171568831398385,25.862234458403076,26.04033660888672,997700
2018-06-01,26.274683630613566,26.359047721873843,26.19031953935329,26.2840576171875,955700
2018-06-04,26.41528971060417,26.490279814885096,26.255935515519063,26.34029960632324,587300
2018-06-05,26.25593094953776,26.405911132017632,26.16219288851164,26.387163162231445,438400
2018-06-06,26.48090582836184,26.593391878735787,26.255935515519063,26.34029960632324,611200
2018-06-07,26.34967104307036,26.4715292802706,26.26530696042983,26.359045028686523,520900
2018-06-08,26.359048103524913,26.73399863238551,26.359048103524913,26.696502685546875,661700
2018-06-11,26.73399973820875,26.83711002046974,26.66838361643215,26.79961585998535,943500
2018-06-12,26.79961424831792,26.846482393081168,26.537147989090403,26.659008026123047,876400
2018-06-13,26.677750671123,26.733994582861424,26.48090234375316,26.51839828491211,451300
2018-06-14,26.649634839277667,26.649634839277667,26.396542558989168,26.555896759033203,656500
2018-06-15,26.51839638317377,26.565264518356475,26.312172297398448,26.49027442932129,1689500
2018-06-18,26.284063784592277,26.70588255196589,26.124709551254103,26.64026641845703,756200
2018-06-19,26.51840418261419,26.75274850326124,26.377796159901745,26.724626541137695,940300
2018-06-20,26.837112110615383,26.837112110615383,26.3777974345013,26.39654541015625,1268200
2018-06-21,26.38716584960966,26.424661793000773,26.24655963770296,26.312175750732425,550200
2018-06-22,26.46215566299274,26.555893732554217,26.143447299226704,26.452781677246097,1322700
2018-06-25,26.37779583485044,26.499655881312187,26.096583368701452,26.255937576293945,799400
2018-06-26,26.22781068322549,26.274680610708117,26.09657846208397,26.152820587158203,598900
2018-06-27,26.11533166294647,26.359049970948533,25.76850128173828,25.76850128173828,991400
2018-06-28,25.749748716766316,25.96534681211922,25.731002533265812,25.843486785888672,645500
2018-06-29,25.918473428515096,26.17156564503523,25.83410935634172,25.99346351623535,674000
2018-07-02,25.83411188909975,26.030962006104915,25.805991720888223,25.97471809387207,546300
2018-07-03,26.04971032250626,26.37779087536006,25.93722428445287,26.152820587158203,444400
2018-07-05,26.321549086221868,26.359045028686523,26.049710654972895,26.359045028686523,769100
2018-07-06,26.293430504024645,26.724624958185455,26.255936344652714,26.527774810791016,722200
2018-07-09,26.630893005270178,26.9964696358098,26.59339883727139,26.96834945678711,870500
2018-07-10,26.968344539682487,27.024586675378888,26.705878259923843,26.865232467651367,812100
2018-07-11,26.77149772644043,26.86523582291177,26.649639452561523,26.77149772644043,592600
2018-07-12,26.883980926044387,26.949597050188697,26.71525272801314,26.930849075317383,880400
2018-07-13,26.9308446185633,27.03395667538634,26.84648053350899,26.94959259033203,487900
2018-07-16,26.9495934145518,27.202685677455236,26.87460331308838,27.19331169128418,524300
2018-07-17,27.193312671302017,27.427656970308856,27.13707054015381,27.32454490661621,823200
2018-07-18,27.343295261529775,27.76511575164924,27.343295261529775,27.73699378967285,875700
2018-07-19,27.65263114414247,27.76511721005124,27.502650914867687,27.615135192871097,1079600
2018-07-20,27.62450504866804,27.915093263839495,27.57763690449463,27.811981201171875,1257500
2018-07-23,27.76511829191796,27.886976562487416,27.446409845314243,27.74637031555176,1390900
2018-07-24,26.67775569535286,27.249556390380068,26.255937005302727,27.14644432067871,2717100
2018-07-25,27.080831042374477,27.427661448207115,27.043336878122663,27.30580139160156,1486200
2018-07-26,27.39953897051629,27.61513532766297,27.230810764782237,27.58701515197754,1063100
2018-07-27,27.521389778529855,27.643248004005436,27.2495495855312,27.446399688720703,1251200
2018-07-30,27.51202377821402,27.690125963662943,27.455781641511045,27.568265914916992,884000
2018-07-31,27.577640213238865,27.671378300737405,27.31517392582401,27.42765998840332,1544400
2018-08-01,27.42765984377006,27.55889209283281,27.155819570248305,27.165193557739254,1204100
2018-08-02,27.015211116312088,27.427657592534334,26.86523090457766,27.362041473388672,1012800
2018-08-03,27.01520783177744,27.47452239785837,27.01520783177744,27.45577621459961,398400
2018-08-06,27.502653578504813,27.60576566658216,27.44641143405605,27.596391677856445,799100
2018-08-07,27.64807046699025,27.86421742601931,27.554092982747186,27.78903579711914,677800
2018-08-08,27.76084426969312,28.04277493465417,27.61047921691292,27.98638916015625,843000
2018-08-09,28.03337954286396,28.18374281677532,27.920606191194636,27.930004119873047,778000
2018-08-10,27.79843786185708,27.995790787385456,27.79843786185708,27.864221572875977,509700
2018-08-13,27.911211962649137,28.052177317516712,27.72325696117788,27.807836532592773,1693400
2018-08-14,27.911207307410468,28.014580927753673,27.760844048300857,27.94879722595215,787100
2018-08-15,27.84542033182766,27.967591593649647,27.742046716983683,27.93939781188965,692600
2018-08-16,28.07097031452496,28.230731511747504,27.97699282336966,28.03337860107422,657700
2018-08-17,27.97699514846208,28.080368784099615,27.948801361030913,28.023983001708984,660900
2018-08-20,28.03337786513312,28.22133284250947,27.99578794514076,28.089763641357425,752100
2018-08-21,28.09916465713018,28.53146043560969,28.061574733007273,28.475072860717773,987400
2018-08-22,28.418682940521556,28.559648272283308,28.324705455189903,28.399887084960938,541900
2018-08-23,28.428082155324063,28.47507000388144,28.324706737531997,28.456275939941406,566600
2018-08-24,28.55025100708008,28.616036503068955,28.409285672046888,28.55025100708008,908800
2018-08-27,28.681820839465576,28.7945923929919,28.428082155324063,28.456275939941406,876000
2018-08-28,28.475069344192843,28.531456912121183,28.183740746449008,28.305912017822266,748500
2018-08-29,28.34350131075052,28.437478796082175,28.22133183454939,28.399887084960938,515700
2018-08-30,28.371696672766173,28.40928659350757,28.22133340485751,28.32470703125,508200
2018-08-31,28.249525856127065,28.67242367428364,28.249525856127065,28.644229888916016,666600
2018-09-04,28.64422691575183,28.794590170495564,28.51265951596891,28.625431060791016,1209400
2018-09-05,28.663023238993897,28.91676190769616,28.644227383726005,28.822784423828125,867900
2018-09-06,28.832187548880547,29.18929990098804,28.832187548880547,28.916767120361328,1528400
2018-09-07,28.879173181607275,29.001344461002635,28.710014051657765,28.96375274658203,916800
2018-09-10,29.06712987784516,29.19869730110992,28.90736866710722,29.13291358947754,1027100
2018-09-11,29.057728380931906,29.4054445471878,29.057728380931906,29.29267120361328,922000
2018-09-12,29.264482291245404,29.377255653593245,29.142312791801043,29.31147193908691,796300
2018-09-13,29.39604685643968,29.59339796869855,29.349057216041263,29.45243263244629,910800
2018-09-14,29.499424614633103,29.649787900038035,29.057732687815086,29.19869804382324,1636300
2018-09-17,29.28326995517231,29.32086166292511,28.766396520870273,28.78519058227539,1201600
2018-09-18,28.75700546096899,28.87917495539653,28.25892596913305,28.26832389831543,1831600
2018-09-19,28.268313841499857,28.70060946773612,28.21192807893723,28.56904029846191,1296800
2018-09-20,28.653619838541378,28.70060946773612,28.399881218302987,28.56904029846191,1008800
2018-09-21,28.57844776128499,28.672425258564868,28.39049276672524,28.446880340576172,2020200
2018-09-24,28.390492645253627,28.39989057418857,28.08036816028711,28.202539443969727,740900
2018-09-25,28.15554849937344,28.2589239204134,27.88301574272935,27.901811599731445,688200
2018-09-26,27.911216546754883,27.977000270332542,27.723261514414112,27.751455307006836,1039800
2018-09-27,27.817234884806123,28.07097360290827,27.751451171032624,27.798439025878903,1068500
2018-09-28,27.742047951233317,27.930001127248023,27.70445624054752,27.78903579711914,921700
2018-10-01,27.92060436202476,28.03337770630593,27.66686747421723,27.72325325012207,768000
2018-10-02,27.723256745268404,27.7890404575295,27.591689320746216,27.64807510375977,797100
2018-10-03,27.732648203160743,27.798431900071353,27.619874870977345,27.70445442199707,810700
2018-10-04,27.666871279115114,27.901814135579304,27.666871279115114,27.84542655944824,728600
2018-10-05,27.836030634660716,27.99579184997253,27.535302270418892,27.55409812927246,706000
2018-10-08,27.488316519366187,27.789043114150076,27.431930730962183,27.7138614654541,1383200
2018-10-09,27.74204971657731,27.760845573116267,27.50710688725495,27.544696807861328,815600
2018-10-10,27.469517254257564,27.525904828144288,26.896257926182606,26.924449920654297,1393800
2018-10-11,26.896252831742032,26.98083059160883,26.332389746978276,26.416969299316406,1305400
2018-10-12,26.642519075591544,26.642519075591544,25.82491718341637,26.229019165039062,1128900
2018-10-15,26.16323746391706,26.313600753395864,26.059862030223456,26.144441604614254,938100
2018-10-16,26.238420870304893,26.689510769027496,26.116251361577827,26.680112838745117,886000
2018-10-17,26.670707193955177,26.858662160292873,26.36998068179198,26.764684677124023,1366400
2018-10-18,26.727101336106863,26.952646275729357,26.46396467697804,26.501556396484375,1543200
2018-10-19,26.510948985336565,27.178187577487847,26.45456320609627,27.112403869628903,1314700
2018-10-22,27.16878693343426,27.723252119216298,27.09360530447083,27.37553596496582,2725400
2018-10-23,26.962035523673876,26.962035523673876,25.96587678718697,26.3135929107666,2243200
2018-10-24,26.34178648175147,26.614319188359744,25.92828666597999,25.94708251953125,2451400
2018-10-25,26.13558936823548,26.66339197117781,25.98478913816068,26.465465545654297,2153700
2018-10-26,26.29581421177433,26.5691407458323,26.022489475396863,26.333515167236328,1358400
2018-10-29,26.616257578567712,26.880158798763706,26.04133075492072,26.31465721130371,1530200
2018-10-30,26.41833939405591,26.47488902715967,26.088463238536526,26.446613311767575,962600
2018-10-31,26.62569396896098,26.93671970270887,26.493744202425734,26.55971908569336,1939500
2018-11-01,26.59741298804703,26.71993928789395,26.267538636952352,26.60683822631836,918500
2018-11-02,26.776494215767183,26.89902053984769,26.295817754942128,26.55971908569336,1168700
2018-11-05,26.62568801628696,26.90843796641433,26.47488780319498,26.785913467407227,821500
2018-11-06,26.719937858969576,27.191188961252355,26.701087383434995,27.172338485717773,938500
2018-11-07,27.257167825482252,27.370268897596866,27.00269176148479,27.360843658447266,884900
2018-11-08,27.304289373937884,27.568190649542885,27.228889266290793,27.558765411376953,869500
2018-11-09,27.464511608460455,27.68128846550915,27.407961983773045,27.60588836669922,913900
2018-11-12,27.643595832679495,27.72842119406684,27.087519262553887,27.134645462036133,829700
2018-11-13,27.181766975885893,27.52106838538588,27.13464257909112,27.228891372680664,681900
2018-11-14,27.389119120953875,27.389119120953875,26.65396840268225,26.899019241333008,973500
2018-11-15,26.710508005505808,27.172333790215713,26.67280706095154,27.16290855407715,1016200
2018-11-16,27.04039035165783,27.35141602565307,26.93671452776595,27.210041046142575,635200
2018-11-19,27.21004151405974,27.39854089075512,27.0780899729245,27.257165908813477,649500
2018-11-20,27.096941949244535,27.21946646099212,26.748215296657435,26.79534149169922,757200
2018-11-21,26.81419237388259,27.04039272045107,26.59741546878399,26.653966903686523,617600
2018-11-23,26.50315934433231,26.983833824330123,26.408908776569582,26.8236083984375,284200
2018-11-26,27.06865904648257,27.172334850371843,26.814184851532612,26.946134567260746,896800
2018-11-27,26.899017728555844,27.04039272045107,26.606840707934413,26.653966903686523,701800
2018-11-28,26.625687133079182,27.19118881225586,26.625687133079182,27.19118881225586,942300
2018-11-29,27.030966462141816,27.398541786746684,27.00269074575664,27.370267868041992,1030100
2018-11-30,27.37026801919813,27.54934216425175,27.181766837616895,27.351417541503903,1184400
2018-12-03,27.464514336725827,27.605891109008653,26.880163962320783,27.4079647064209,1103900
2018-12-04,27.304284566099973,27.50221093737222,26.823608290358862,26.946134567260746,1029700
2018-12-06,26.569133195312705,26.69165767038371,25.852831424220717,26.31465721130371,1364200
2018-12-07,26.21098716241565,26.522012834115152,25.88111101420578,26.003637313842773,1390200
2018-12-10,26.107309861756633,26.107309861756633,25.428707173958554,25.947084426879883,930400
2018-12-11,26.210989326889845,26.286389441477382,25.683188524777087,25.77743911743164,910600
2018-12-12,26.11673744395257,26.173288875359727,25.796288321047545,25.909387588500977,773400
2018-12-13,26.01306257118732,26.145012311495943,25.73031081636549,26.10731315612793,1624100
2018-12-14,25.93766126937147,26.305236556279183,25.890535080229263,26.031911849975582,1626100
2018-12-17,26.05076039090973,26.12616049546031,25.55123537239224,25.63606071472168,1376200
2018-12-18,25.833982284282317,25.975357239018994,25.617207233840745,25.749156951904297,1172600
2018-12-19,25.777440706783548,26.145016063351207,25.41928879214988,25.504114151000977,1650300
2018-12-20,25.43813778073781,25.645487647067487,25.202512197221143,25.466413497924805,1523300
2018-12-21,25.419283021581652,25.93766029662326,25.00458335876465,25.00458335876465,3769100
2018-12-24,24.957461195511176,25.023436070793423,24.542761465828317,24.571035385131836,801200
2018-12-26,24.580462190995,25.315614700317383,24.241160756279957,25.315614700317383,1093500
2018-12-27,24.938605582085668,25.438132359856542,24.627579950030636,25.428707122802734,1603400
2018-12-28,25.50410933185965,25.81513498965012,25.37215959754863,25.617210388183594,1156600
2018-12-31,25.626636053104647,25.975360870361328,25.626636053104647,25.975360870361328,1078600
2019-01-02,25.6266356021169,25.824560203398836,25.391010049535375,25.51353454589844,1181300
2019-01-03,25.49467935868904,25.758580575974833,25.155379848098704,25.193078994750977,1132800
2019-01-04,25.466409249731075,25.86226023591219,25.40043438498093,25.81513404846191,832100
2019-01-07,25.768013727035292,26.050763705657538,25.636063976702317,25.796289443969727,1057900
2019-01-08,26.06961091800995,26.13558578491211,25.6454842055242,26.13558578491211,940300
2019-01-09,26.13558724193737,26.34293888968123,25.890536438582146,26.192138671875,1074200
2019-01-10,26.11673684178455,26.380638122558594,25.994212338588284,26.380638122558594,725100
2019-01-11,26.229840768847637,26.267541726367103,26.003640416772644,26.182716369628903,703000
2019-01-14,26.02249207365882,26.286391597520307,25.937666713080297,26.25811767578125,824700
2019-01-15,26.173282263858713,26.39005730311971,26.04133075492072,26.31465721130371,674300
2019-01-16,26.493739130155557,26.719939457058437,26.371212829532915,26.69166374206543,653100
2019-01-17,26.57856956596432,26.785919455902665,26.418344079022635,26.55971908569336,1222500
2019-01-18,26.7199366451663,27.0309622866368,26.63511130679433,26.993261337280273,785300
2019-01-22,26.851889198331683,27.059239048572557,26.55028876246118,26.69166374206543,950500
2019-01-23,26.710516138304538,26.804766730707577,26.51258971449009,26.79534149169922,822600
2019-01-24,26.71050952044422,26.823608765161705,26.51258314566849,26.682233810424805,1494400
2019-01-25,26.889591284843004,26.955566158259956,26.52201416516495,26.57856559753418,1246700
2019-01-28,26.484318965354294,26.578569569039267,26.182718471707,26.352367401123047,1332600
2019-01-29,25.67375898518557,25.68318422264028,24.721831574422964,25.211933135986328,4456100
2019-01-30,25.193085444789872,25.334460426871257,24.948034636931272,25.22136116027832,2822700
2019-01-31,25.070564927711988,25.63606674367315,25.05171444772111,25.598365783691406,2035100
2019-02-01,25.73973552494478,26.26753807067871,25.654910180011843,26.26753807067871,1753600
2019-02-04,26.229837886233593,26.314663233649632,26.097888144777713,26.27696228027344,1082200
2019-02-05,26.3714837974195,26.541622693346977,26.239154346299713,26.51326560974121,1325200
2019-02-06,26.437645591328614,26.494359752251153,26.28641143457523,26.409290313720703,937900
2019-02-07,26.352577915397408,26.352577915397408,25.92723249714917,26.286413192749023,1408700
2019-02-08,26.191894200984795,26.43765019925622,26.14463419483223,26.305320739746097,1256500
2019-02-11,26.38093780279596,26.61724143901079,26.27696362594826,26.588884353637695,1114400
2019-02-12,26.71176315119131,26.98587443066091,26.664501342418163,26.91025733947754,1432300
2019-02-13,26.966970696078807,27.108752512411613,26.815736518276665,26.891353607177734,1095400
2019-02-14,26.749565564649423,27.061486230143455,26.645593211386956,26.91970443725586,1135700
2019-02-15,27.10874916290095,27.46792984008789,27.05203680394583,27.46792984008789,1236900
2019-02-19,27.392317402589757,27.666430489223497,27.326152672120564,27.524648666381836,1381900
2019-02-20,27.562457186783305,27.846020841475255,27.48684009200853,27.827117919921875,956900
2019-02-21,27.827117919921875,27.98780447167498,27.751500825147104,27.827117919921875,561600
2019-02-22,27.84601631860688,27.997252286445782,27.789303957450706,27.89327812194824,525800
2019-02-25,27.959442843772692,28.139034090762955,27.81766103945552,27.89327812194824,592900
2019-02-26,27.817664416128753,27.893281507800328,27.581360779298375,27.600265502929688,756500
2019-02-27,27.420669052125145,27.83656387914898,27.420669052125145,27.732589721679688,718000
2019-02-28,27.770400358468745,28.072870503517574,27.60026326812404,27.99725341796875,1142600
2019-03-01,28.12958638044735,28.31862821650462,27.978352190460033,28.23356056213379,937900
2019-03-04,28.186298750979155,28.29972529489652,27.968899828229105,28.23356056213379,1068300
2019-03-05,28.299725212977627,28.479314686284116,27.798760833311174,27.827117919921875,1322300
2019-03-06,27.798754150724793,27.912180667047046,27.64751999753067,27.68532943725586,965000
2019-03-07,27.60026729066703,27.723144396522265,27.363963638530684,27.477388381958008,802800
2019-03-08,27.307246349411464,27.401768160055997,27.11820453097599,27.28834342956543,636600
2019-03-11,27.401768144961316,27.609714685981864,27.363960502436484,27.57190704345703,767300
2019-03-12,27.6380737582743,27.723143213641976,27.47738720956354,27.534099578857425,735500
2019-03-13,27.59081176614624,27.685333576738703,27.47738523286457,27.57190704345703,1039200
2019-03-14,27.600259848452133,27.760946360691023,27.50573805251397,27.562450408935547,718500
2019-03-15,27.562456101348097,27.93108919850127,27.55300373951677,27.846019744873047,1402400
2019-03-18,27.902736285215735,28.02561339374965,27.770405011194025,27.8554744720459,532000
2019-03-19,27.959442693488917,28.02560741495773,27.439575479502448,27.486835479736328,838400
2019-03-20,27.420673285216655,27.505742735759963,27.12765729048616,27.137107849121097,797300
2019-03-21,27.070943858765872,27.53409876719587,27.042588576381657,27.515195846557617,713300
2019-03-22,27.326151426458168,27.48683796578147,27.259986699005093,27.297794342041016,711700
2019-03-25,27.32614585571454,27.51518944091632,27.23162406311365,27.42066764831543,813100
2019-03-26,27.63807159190771,27.77040104417224,27.486837417075808,27.60971450805664,835700
2019-03-27,27.6002600007275,27.7798494308622,27.552998201071013,27.68532943725586,757500
2019-03-28,27.704231943345647,27.836563177567708,27.467928357128105,27.79875373840332,805300
2019-03-29,27.98779992577751,28.035059926265415,27.75149631763107,27.89327812194824,825200
2019-04-01,28.063416556046985,28.214650718595394,27.95944239322492,28.167388916015625,634300
2019-04-02,28.14848741160326,28.195747413703252,27.98780088046837,28.03506088256836,715300
2019-04-03,28.176839080064568,28.176839080064568,27.94053549414656,28.120126724243164,807600
2019-04-04,28.176843776751387,28.30917503286348,28.063419046202263,28.29972267150879,784800
2019-04-05,28.346986038384493,28.3847954882888,28.195751844474874,28.290273666381836,608900
2019-04-08,28.252460938181283,28.328078026361805,28.139036207337295,28.261913299560547,709600
2019-04-09,28.252457784768243,28.252457784768243,27.997251267427487,28.07286834716797,872900
2019-04-10,28.129579352888133,28.44150001716715,28.10122227327975,28.32807350158691,755100
2019-04-11,28.422597325007377,28.6494485694974,28.33752788296694,28.61164093017578,937900
2019-04-12,28.78178669524624,28.895211443181495,28.66836014445712,28.838499069213867,728000
2019-04-15,28.84794567113947,29.11260456537245,28.84794567113947,28.99917984008789,886200
2019-04-16,29.14095619107144,29.197668543093545,28.923557339275735,29.04643440246582,879900
2019-04-17,29.140961006432875,29.150413367140697,28.583284344645637,28.74397087097168,964600
2019-04-18,28.72506565993356,28.933013986254203,28.715613299386852,28.895204544067383,905200
2019-04-22,28.772334332442657,28.904663805985074,28.554933593668004,28.838499069213867,1058600
2019-04-23,30.067272941814444,30.407548938155696,29.31110205788544,29.840421676635746,2925900
2019-04-24,29.85932718662527,30.07672609612942,29.717545367507505,29.736448287963867,1090900
2019-04-25,29.57575779031669,29.840416653716055,29.377261839913864,29.77425193786621,931500
2019-04-26,29.736448619634075,29.963301696177115,29.47178970175663,29.94439697265625,794800
2019-04-29,29.963297734444932,30.067270094355184,29.764801769428225,29.821514129638672,987700
2019-04-30,29.7837059352164,30.04836661602035,29.679731774391023,30.010557174682617,920400
2019-05-01,30.114533577545117,30.190150662996903,29.56630925730626,29.613569259643555,1113100
2019-05-02,29.70809524527923,30.06727600097656,29.396174498565784,30.06727600097656,920500
2019-05-03,30.114538532030256,30.606050569757887,30.076729081657135,30.56824111938477,766700
2019-05-06,30.256310600636272,30.75727667198537,30.227955323171745,30.681657791137695,1034800
2019-05-07,30.520580722006475,30.69113998932268,30.179463994682035,30.359498977661133,785700
2019-05-08,30.28369532929276,30.59638854568976,30.236318555037023,30.27422142028809,913500
2019-05-09,30.027851116864458,30.283688167574468,29.866767592257883,30.008899688720703,2026000
2019-05-10,29.961527548758664,30.56795707716239,29.82886933859078,30.501628875732425,1161200
2019-05-13,30.084705991619938,30.141558473274447,29.71516214990389,29.753063201904297,957500
2019-05-14,29.819389612111365,29.97099742564682,29.62040503458646,29.715160369873047,2335400
2019-05-15,29.563551842964262,30.1320802263497,29.487747938025695,30.056276321411133,904100
2019-05-16,30.160508799382228,30.482674055175263,30.09418060532755,30.321592330932617,644600
2019-05-17,30.13208225883875,30.293165793612175,30.01837729741502,30.02785301208496,779500
2019-05-20,29.84781838140177,30.103657258424796,29.75306304095163,29.838342666625977,733000
2019-05-21,29.9236215159535,30.236312866210938,29.9236215159535,30.236312866210938,813300
2019-05-22,30.207887343993495,30.38792231511026,30.00890275010747,30.350019454956055,528000
2019-05-23,30.08470711704879,30.160511031193135,29.885722520160343,30.14155960083008,799100
2019-05-24,30.245786808679902,30.293163571246172,29.98994795328369,30.179458618164062,1041800
2019-05-28,30.151033856054188,30.350018443307512,29.93309783935547,29.93309783935547,689100
2019-05-29,29.8004394131139,30.02785112900791,29.724635507815893,29.98994827270508,620900
2019-05-30,30.04680265413501,30.21736190369201,29.90467054860677,29.999425888061523,658600
2019-05-31,29.75306099051939,29.961523086605084,29.554076415864145,29.91414451599121,1227900
2019-06-03,29.82887179831389,30.28369533760291,29.69621538451495,30.264745712280273,1349700
2019-06-04,30.39739991645448,30.501627360225864,29.847819286637364,30.378448486328125,967600
2019-06-05,30.35948672643253,30.899589650109416,30.35948672643253,30.871164321899418,1071900
2019-06-06,30.94697983400285,30.94697983400285,30.672189493323216,30.81432342529297,658400
2019-06-07,30.890128549802572,31.221773218525698,30.814326429413775,31.145967483520508,699500
2019-06-10,31.212284525183016,31.40179518026417,30.87116968357506,30.97539710998535,1010100
2019-06-11,31.098593280297543,31.25020114823922,30.86170576072513,30.88065719604492,996400
2019-06-12,30.890126674570233,31.145965592757072,30.738518828379828,31.12701416015625,916900
2019-06-13,31.240713472945004,31.250187379122263,30.766938642549672,30.97539710998535,604500
2019-06-14,30.98487636053658,31.18386093290349,30.92802207645376,31.09858131408691,654400
2019-06-17,31.174383471898423,31.2217602292582,30.92801855024376,30.96592140197754,803900
2019-06-18,30.97540860914397,31.269150414297776,30.89960648774016,31.022789001464844,930500
2019-06-19,31.013304863970244,31.487079769221147,31.013304863970244,31.420751571655273,854900
2019-06-20,31.59132188344696,31.70502688841071,31.259680779545633,31.648176193237305,771700
2019-06-21,31.524983217179507,31.591311415982588,31.17439079284668,31.17439079284668,1323200
2019-06-24,31.221772612992005,31.572365094050436,31.19334365560823,31.477611541748047,1083700
2019-06-25,31.52497869561343,31.619732218994457,31.41127374463316,31.430221557617188,713300
2019-06-26,31.420748940485947,31.47760322561673,30.833269119262695,30.833269119262695,558700
2019-06-27,30.880641073534104,31.44916937783761,30.880641073534104,31.41127014160156,588700
2019-06-28,31.5060248873127,31.76186371864768,31.411271371091576,31.74291229248047,1505400
2019-07-01,31.91347065781897,32.254589090454076,31.75238534702357,32.23563766479492,785500
2019-07-02,32.311441200800374,32.53885470428655,32.178784829856355,32.529380798339844,1104900
2019-07-03,32.614671115421864,32.936838278285116,32.56729433565716,32.90841293334961,812900
2019-07-05,32.8326011742301,32.94630613522306,32.5578108717662,32.93682861328125,578200
2019-07-08,32.87051045370651,32.97474153919554,32.69995115283656,32.718902587890625,995300
2019-07-09,32.595713730302364,32.955780042549335,32.58623620836055,32.93682861328125,796800
2019-07-10,33.05054100126478,33.23057417815507,32.898933164247715,32.95578384399414,828300
2019-07-11,32.936828547209046,33.031585693359375,32.756795391446715,33.031585693359375,547100
2019-07-12,33.14528093422564,33.22108662891578,32.91787107938415,33.15475845336914,799800
2019-07-15,33.164241843080035,33.38217785572356,33.003160117714806,33.088436126708984,584800
2019-07-16,33.18318557739258,33.42007296419754,33.10737987859995,33.18318557739258,844700
2019-07-17,33.06001079037759,33.296898232113875,33.022107932192064,33.088436126708984,793100
2019-07-18,33.09791530905335,33.28742599487305,33.04106101892273,33.28742599487305,960300
2019-07-19,33.35375694090708,33.37270837251213,32.879981994628906,32.879981994628906,943000
2019-07-22,32.86102497515856,33.02210669448626,32.68099182744841,32.83259963989258,1296900
2019-07-23,33.164235105467746,33.90332261685573,33.03157874338424,33.70433807373047,1662900
2019-07-24,33.81805345225187,34.26340304642268,33.600117416593946,34.253929138183594,1313600
2019-07-25,34.30131187675902,34.42449439299526,33.960193286945774,34.11180114746094,1566100
2019-07-26,34.10232450209663,34.56662195628654,33.97914199574133,34.48134231567383,962600
2019-07-29,34.680325177106674,34.78455624529565,34.29182985952163,34.41501235961914,1103200
2019-07-30,34.28235009450023,34.585565724007225,34.159167615445696,34.50028610229492,973000
2019-07-31,34.509757058907645,34.61398810037982,33.86542661225395,34.04545974731445,2155200
2019-08-01,34.111791783212105,34.557141332614336,33.89385576946211,34.00756072998047,1119900
2019-08-02,34.03598609285434,34.17812000457417,33.72329654753244,33.96965789794922,926700
2019-08-05,33.562206542272634,33.71381795483174,32.88944716480919,33.42955017089844,2058600
2019-08-06,33.5340337527811,34.217817847255205,33.40107221221379,34.179832458496094,954300
2019-08-07,33.72395922075886,34.464730184298816,33.53402147799344,34.32227325439453,1059600
2019-08-08,34.5977030721719,35.0535603737902,34.49323509460342,34.95859146118164,2145500
2019-08-09,34.96806037693995,35.02504385497714,34.55968784141266,34.892086029052734,836900
2019-08-12,34.72115479277542,34.93958612232371,34.30328301204769,34.3792610168457,678800
2019-08-13,34.37926662213421,34.816129352458056,34.24630871489054,34.66417694091797,849500
2019-08-14,34.17033554080822,34.540719370006265,33.57202125057887,33.63850021362305,1116600
2019-08-15,33.92340807122507,34.05636597330974,33.69547765134342,33.866424560546875,995500
2019-08-16,34.03737033842665,34.35077057966221,33.695476531383484,34.26530075073242,1453000
2019-08-19,34.58820140337028,34.71166387873243,34.464742550839645,34.55971145629883,621600
2019-08-20,34.455241480127924,34.521720434644315,33.99938423937351,34.02787780761719,780300
2019-08-21,34.26529918478407,34.36026807225325,34.141836732809466,34.22731018066406,782900
2019-08-22,34.322276392214825,34.54070771462872,34.07535513034755,34.39825439453125,780800
2019-08-23,34.27480351782957,34.540719370006265,33.51504135244488,33.63850021362305,952700
2019-08-26,33.923405818215855,33.961391199980746,33.496038573590624,33.90441131591797,941800
2019-08-27,34.03736376517935,34.141831699693505,33.58150665143328,33.676475524902344,769100
2019-08-28,33.600513660906564,33.88542401022249,33.43906216850083,33.847434997558594,901300
2019-08-29,34.18931851099163,34.55970221520782,34.09434963092666,34.39825439453125,704700
2019-08-30,34.616677849163125,35.15800831272551,34.379252080132964,35.0345458984375,1975800
2019-09-03,34.673666784170315,34.91109261530025,34.50272351876098,34.69266128540039,1122600
2019-09-04,35.00607075864753,35.00607075864753,34.61669247780419,34.85411834716797,937600
2019-09-05,35.15801888590427,35.32896578084175,34.87310860195208,34.9870719909668,735200
2019-09-06,34.98708141039785,35.25299726396724,34.882613432829366,34.95859146118164,959000
2019-09-09,35.129533239102074,35.13902867983465,34.34127761354137,34.66417694091797,991300
2019-09-10,34.71166757814271,34.71166757814271,33.05918526091725,33.11616516113281,2632400
2019-09-11,33.19212935769515,33.790443420410156,33.078165981930994,33.790443420410156,2176000
2019-09-12,33.99938045853738,34.265299869863206,33.7144701676027,34.15133285522461,1007700
2019-09-13,34.20831141760097,34.34126929262885,33.80943416968692,34.17032241821289,936100
2019-09-16,33.93290528485712,34.2842945619911,33.790451934963976,34.02787780761719,824200
2019-09-17,34.04685518281329,34.79712151224327,34.04685518281329,34.56919479370117,1127500
2019-09-18,34.55970942782111,34.65468195053741,34.246309159935585,34.531219482421875,604800
2019-09-19,34.55970071731292,34.89209902879456,34.55970071731292,34.67366409301758,874200
2019-09-20,34.81612187359759,34.86360631272286,34.16082791887569,34.40774917602539,3124500
2019-09-23,34.23679941304907,34.626177577606654,34.21780491443282,34.455230712890625,1303300
2019-09-24,34.493226653478594,34.749647002169084,33.99938045853738,34.15133285522461,1928500
2019-09-25,34.01836916945266,34.51221528031807,34.01836916945266,34.31277847290039,1811900
2019-09-26,34.341274479781966,34.445742432463575,34.018375181871036,34.27479553222656,796500
2019-09-27,34.540713352935654,34.55021241619107,33.79994582358294,33.98988723754883,1039200
2019-09-30,33.980387946147566,34.2842927573201,33.94240256187434,34.246307373046875,769900
2019-10-01,34.40776144391791,34.59770289097203,33.61950932946623,33.63850021362305,1074700
2019-10-02,33.52452736684582,33.733463262132126,33.22062258615522,33.353580474853516,1502400
2019-10-03,33.30609409084158,33.875914615715665,33.28709959030171,33.82843017578125,1602600
2019-10-04,33.99938511021909,34.58820027508794,33.98988966911552,34.578704833984375,1116300
2019-10-07,34.49322169961515,34.55970063719128,34.17982151144631,34.36026382446289,1202200
2019-10-08,34.141840556983176,34.18932500603643,33.524531850797246,33.53403091430664,1723100
2019-10-09,33.970896575614546,33.970896575614546,33.562523757396185,33.799949645996094,1484500
2019-10-10,33.76194817823082,34.30327871469397,33.704968304601145,34.13233184814453,1265000
2019-10-11,34.51222046590243,34.62618385543161,34.22731018066406,34.22731018066406,918200
2019-10-14,34.19880925486972,34.53120753512483,34.15132482135615,34.28428268432617,703600
2019-10-15,34.36974865364298,34.51220554609271,34.17981096081569,34.217796325683594,789600
2019-10-16,34.12284379018744,34.35077057966221,33.91390788080973,34.26530075073242,1389300
2019-10-17,34.34127762737076,34.58819893766111,34.24630872868168,34.47423553466797,1030700
2019-10-18,34.36025960941968,34.63567438720959,34.30327611727454,34.49321746826172,985100
2019-10-21,34.7021590131655,34.863606833167616,34.550206631997995,34.778133392333984,892400
2019-10-22,34.71165687668977,34.93958727577777,34.474231038103895,34.550209045410156,1202000
2019-10-23,34.49321746826172,34.66416432186718,34.179817318538326,34.49321746826172,1344100
2019-10-24,34.56920381602564,35.05355093646128,34.512220310102876,34.9870719909668,1349000
2019-10-25,35.034557293103774,35.034557293103774,33.96139145365785,34.15133285522461,1451400
2019-10-28,34.284292763803826,34.626186582145365,34.00888151932302,34.056365966796875,1958500
2019-10-29,33.95189864765869,35.73734216436186,33.95189864765869,35.43343734741211,2742500
2019-10-30,35.423935413613926,35.879792602100125,35.05355167439581,35.79431915283203,1930300
2019-10-31,35.59487537803488,36.01274348036939,35.46191751014799,35.78481674194336,2081200
2019-11-01,35.97476486355284,36.06023831222596,35.642366508565885,35.73733901977539,1740900
2019-11-04,35.91777701312397,36.00325045146039,35.148516068096185,35.30046844482422,1396700
2019-11-05,35.385942753337424,35.471416193775724,34.91109111153143,35.22449493408203,1524600
2019-11-06,35.25298894835568,35.91778204829697,35.25298894835568,35.85130310058594,1694000
2019-11-07,35.99883203918072,36.16064782196387,35.71327883362892,35.82749938964844,1158400
2019-11-08,35.789430573026785,36.01787535381073,35.69424736578733,35.93220901489258,1549000
2019-11-11,35.8179960942323,36.19873263555931,35.70377186392755,36.05595779418945,988700
2019-11-12,36.17017481374368,36.29391590215688,35.98932524683749,36.017879486083984,1230400
2019-11-13,35.89413498389498,36.34150405491307,35.75136017023432,36.2272834777832,1599000
2019-11-14,36.1892012561273,36.21775548675175,35.9607565181139,36.065460205078125,1922400
2019-11-15,36.21776518676288,36.24632305604176,35.89413717265512,36.04643249511719,1947100
2019-11-18,35.91316938186286,36.14161414823665,35.79894881417915,35.98931884765625,1452800
2019-11-19,36.13210013554995,36.34150757306593,36.06547115652341,36.14162063598633,1676800
2019-11-20,36.09402067960484,36.49379813253429,35.951245870778045,36.255836486816406,1833300
2019-11-21,36.24632988187248,36.32247574193969,35.84655231574499,35.91318130493164,1242000
2019-11-22,35.932206326249855,36.12257635749086,35.78942789506752,36.02738952636719,1339100
2019-11-25,36.11306559495139,36.45573101736646,35.97980762645827,36.132102966308594,1981400
2019-11-26,36.1987181226668,36.52234605009899,35.95123965157438,36.065460205078125,18629300
2019-11-27,36.103548724776445,36.208252451737415,35.50388423555007,36.132102966308594,1974700
2019-11-29,36.08451118387437,36.389101862143896,35.89414110220409,35.922698974609375,789500
2019-12-02,36.09401826567495,36.30342566182384,35.77039393490858,35.81798553466797,2484100
2019-12-03,35.570504440871886,35.8370239430875,35.48483810641086,35.7894287109375,2052500
2019-12-04,35.78942466063993,36.08449836394686,35.72279570037804,35.82749938964844,1417300
2019-12-05,36.24632017789309,36.360540752918205,35.998838029164304,36.303428649902344,1277100
2019-12-06,36.49379988903815,36.61754096744914,36.265355100510696,36.52235412597656,1957100
2019-12-09,36.48426986498964,36.51282409163204,36.29389988169434,36.37956619262695,970100
2019-12-10,36.44621414719152,36.44621414719152,36.04643661070483,36.132102966308594,1349000
2019-12-11,36.1511278529971,36.427164195837406,35.99883256574143,36.40812683105469,2300800
2019-12-12,36.42715216142421,36.76981735229492,36.31293164146892,36.76981735229492,2303100
2019-12-13,36.61753850786662,36.9887580871582,36.51283480478305,36.9887580871582,1357600
2019-12-16,37.14106394162346,37.42661726595426,36.988768593246526,37.102989196777344,1091100
2019-12-17,37.01730382415569,37.6455222674312,36.96971223304502,37.63600540161133,1315800
2019-12-18,37.778788984365576,37.778788984365576,37.264794597107006,37.48371887207031,2535100
2019-12-19,37.4837235511274,37.64553574503572,37.25527874860199,37.616981506347656,1672600
2019-12-20,37.912050978351466,38.40700800406604,37.7597520399697,38.311824798583984,3104600
2019-12-23,38.40700699870819,38.4546022312099,37.3790146085862,37.436126708984375,1349300
2019-12-24,37.42661483313431,37.50276431787664,37.283836364746094,37.283836364746094,372300
2019-12-26,37.35045614930719,37.51226830229032,37.27430669072264,37.47419357299805,714300
2019-12-27,37.49323622273414,37.65505202953305,37.33142404694178,37.407569885253906,587600
2019-12-30,37.38853406025489,37.57890411039807,37.22672187778755,37.46468353271485,727000
2019-12-31,37.45515832186559,37.664565713783496,37.436124587151454,37.57889938354492,967900
2020-01-02,37.712165032146935,37.75975664068662,37.31239116320525,37.7026481628418,1354300
2020-01-03,37.31238337736283,37.807343991109185,37.2838255133925,37.74071502685547,910800
2020-01-06,37.53130867102016,37.78830766780472,37.36949287407892,37.712158203125,1476300
2020-01-07,37.75023000944911,37.90252529599783,37.59793472290039,37.59793472290039,782400
2020-01-08,37.67409453810058,38.12146002287511,37.626499297778,37.87398147583008,1767500
2020-01-09,38.07386267544486,38.49267385771241,37.921567369983336,38.38797378540039,1731300
2020-01-10,38.40701748643515,38.71160817638648,38.24520527096426,38.454612731933594,3513800
2020-01-13,38.4831613707446,38.73063990866596,38.29279130949367,38.435569763183594,1559100
2020-01-14,38.3403830969725,38.42604944338707,38.17857090430438,38.27375411987305,872700
2020-01-15,38.292798268278226,38.71160957433349,38.28328139743933,38.63546371459961,1283000
2020-01-16,38.76870735781173,39.149447408726694,38.68304102790617,39.13992691040039,878800
2020-01-17,39.2827156996595,39.43501103399833,39.15897460581946,39.41597366333008,1320200
2020-01-21,39.31126674119986,39.50163680138381,39.20656302654834,39.21608352661133,1166200
2020-01-22,39.29222528291978,39.5397074247054,39.26367104771625,39.50163269042969,896000
2020-01-23,39.29222422780417,39.86333433358428,39.18752052686084,39.77766799926758,1303700
2020-01-24,39.88237910212628,40.006116561654736,39.61585955089534,39.81575012207031,1179300
2020-01-27,39.34934381677562,39.93948777049402,39.28271483640453,39.653934478759766,2111800
2020-01-28,40.8151888868849,42.77599083105848,40.24407866905204,42.49995803833008,3825200
2020-01-29,42.756946882270576,43.13768696891322,42.328618823555814,42.84261322021485,2089300
2020-01-30,42.56658469689515,43.25191183749695,42.4999557197673,43.17576599121094,1807800
2020-01-31,42.99491427090934,43.25191331906596,42.585623524964035,42.737918853759766,2763000
2020-02-03,43.03299047092689,43.651692307592974,42.985398859877314,43.41373062133789,2709800
2020-02-04,43.790410234573585,44.25768757279878,43.74272976441674,44.02881622314453,1487100
2020-02-05,44.34351787680441,44.44841710329009,44.03835847491173,44.29583740234375,1443800
2020-02-06,44.171848598981086,44.60097998285302,44.16231396279977,44.57237243652344,1288800
2020-02-07,44.51515580990655,44.77263465239841,44.381649070344665,44.5819091796875,1798700
2020-02-10,44.55330572482855,45.24945067205572,44.51515989922499,45.18269729614258,1126400
2020-02-11,45.34480929204777,45.48785431189277,45.04918825312085,45.10640335083008,1663700
2020-02-12,45.01104060165423,45.03964814934715,44.29582280704464,44.64866256713867,2005500
2020-02-13,44.60099108582733,45.35435485419097,44.553310617479895,45.287601470947266,1132300
2020-02-14,45.29712685921654,45.754865809891164,45.1922276676021,45.63089370727539,1325900
2020-02-18,45.64043545118525,46.060028611754035,45.46878287691027,45.87884140014648,984600
2020-02-19,46.08863605851319,46.38425708304778,45.93605277128786,46.21260452270508,1251100
2020-02-20,46.03142815879203,46.35566044487875,45.53554327196606,46.26029586791992,1330900
2020-02-21,46.155398178892334,46.431946344957574,45.79302007859651,46.11725234985352,1402100
2020-02-24,45.27805821078582,45.993276070631865,44.92521841850856,45.115943908691406,1121800
2020-02-25,45.33527363508051,45.56414129634033,43.87622683395914,44.01927185058594,2139900
2020-02-26,44.267208609375714,44.83938498880078,43.952514692809665,44.08602142333984,1595700
2020-02-27,43.49477903705775,43.75225788145991,41.95944424513327,41.96897888183594,1599900
2020-02-28,40.843712832964385,41.34913232906461,39.66121761226678,41.01536178588867,2983900
2020-03-02,41.568461901533176,43.45663660326273,41.33959058717832,43.332664489746094,3366800
2020-03-03,43.27544690416091,43.637821310881016,41.86408418708879,42.45532989501953,2329600
2020-03-04,43.17055079398486,44.915680493989115,42.94167947642083,44.86800003051758,1558200
2020-03-05,43.83808726789968,44.50562101794197,43.0656506799829,43.78086853027344,1854100
2020-03-06,42.37903312766983,43.17054249268481,41.48262821830239,43.065643310546875,1928700
2020-03-09,41.959447388776795,41.959447388776795,39.07950306328551,40.2333869934082,2946400
2020-03-10,41.18700931719067,41.87361959569042,39.68982028929561,41.62567901611328,2622000
2020-03-11,40.54808937400361,40.87232165118815,38.97460845635785,39.670753479003906,2219600
2020-03-12,36.800345525298106,37.99237537045834,35.2936180548781,35.84672164916992,2800200
2020-03-13,37.4583362311349,38.020974336503336,34.73097197927385,37.99236679077149,2855000
2020-03-16,34.196951998714766,36.905243890554715,33.37683490193568,35.293617248535156,2717400
2020-03-17,36.16141674031438,38.29753588866334,35.28408449363714,38.06866455078125,3223000
2020-03-18,35.923018382481374,36.76220861564065,33.300552086922494,35.083831787109375,3060600
2020-03-19,34.854959109351086,34.90263958540092,31.479129020888024,33.10982894897461,2787000
2020-03-20,33.02398724913356,33.64384042452929,31.64123226127319,32.06082534790039,2711100
2020-03-23,31.765213290379272,31.765213290379272,29.276254339380397,30.19173240661621,1871400
2020-03-24,31.76521156124212,34.03483369132754,31.402833481850713,33.89179229736328,2863300
2020-03-25,33.805959294558804,34.51163876204153,32.442277176996825,32.547176361083984,2292800
2020-03-26,33.023993311616856,34.31138399036321,32.385063472051975,34.2350959777832,1747500
2020-03-27,32.81419747703927,35.28408346510831,32.68069071624415,34.26370620727539,1163600
2020-03-30,34.53072114175414,35.64646301565509,33.84411439560164,35.57017135620117,1389400
2020-03-31,35.1219598643012,35.57016049447724,34.00621833110371,34.54024887084961,2008500
2020-04-01,33.22425494869068,33.81550071478248,32.36599203195558,32.842803955078125,2277500
2020-04-02,32.42321099893416,33.95854598416479,32.13712457061847,33.24332809448242,1656200
2020-04-03,32.78558715463886,33.681992214084595,31.698456608263836,31.860570907592773,1154900
2020-04-06,33.33869099442539,34.46396749836717,32.74744518926859,34.30185317993164,1465000
2020-04-07,35.81811694245789,35.99930418371311,34.26370888230272,34.29231643676758,1240000
2020-04-08,34.69283647787226,35.67506787351322,33.92993812990907,35.47480773925781,1540700
2020-04-09,35.942087679477474,37.37252369655418,35.81811917720407,37.21994400024414,1430800
2020-04-13,36.91478774751968,36.94339894398992,35.837195142204,36.39982986450195,1470000
2020-04-14,37.13411522029876,37.93515948201767,37.067361834971074,37.792118072509766,1590500
2020-04-15,37.01966631528472,37.410651829448376,36.07558102786316,36.16140365600586,1424400
2020-04-16,36.52378981225861,36.60008146030673,35.36990591892576,35.71321105957031,1260200
2020-04-17,36.76219646706825,36.94338731579553,36.14234318472027,36.333065032958984,1439700
2020-04-20,36.02790711635694,36.256778436075194,35.1601095769767,35.58924102783203,1938700
2020-04-21,34.64515093088799,34.8549456721853,33.786888141717114,33.853641510009766,1460800
2020-04-22,34.52118448900042,34.55933031650168,33.901327524357214,34.04437255859375,1314800
2020-04-23,34.11112779592022,34.235099923159105,32.928632543473114,32.9858512878418,1256700
2020-04-24,33.12887995117469,33.348212906138116,32.480415720072074,33.14794921875,1709600
2020-04-27,33.28146414062029,34.33044861542186,33.28146414062029,34.0825080871582,1867900
2020-04-28,34.33997529688145,35.24591820862692,33.24331062500799,33.94898986816406,2773800
2020-04-29,34.826346785231884,35.27455120189447,33.99669497458523,34.94078063964844,1343600
2020-04-30,34.20648308297056,34.62607986347255,33.92993495865944,34.24462890625,3004500
2020-05-01,33.60571559039159,33.93948257728625,33.06214649521164,33.43406295776367,1402700
2020-05-04,33.21471539288696,34.08251281896733,33.100277929075716,33.92039489746094,1166500
2020-05-05,34.11111557079206,35.17917295171929,34.09204266283806,34.864479064941406,1705400
2020-05-06,35.2840850270775,35.37944596392795,33.968082999379234,33.98715591430664,1467000
2020-05-07,34.39721547320022,35.493884467235226,34.39721547320022,35.408058166503906,1182400
2020-05-08,35.967199172331014,36.167918775914416,35.67089620075598,35.93852233886719,1226500
2020-05-11,35.55619722985749,36.5884720064676,35.55619722985749,36.27305603027344,1847000
2020-05-12,36.30173365211972,36.464223562728115,35.84294440131878,35.852500915527344,1165900
2020-05-13,35.508414647190214,35.71869079235593,34.619509260869,35.106971740722656,1575500
2020-05-14,34.63862990075377,35.32681208952443,34.208513753938625,35.279022216796875,1446000
2020-05-15,34.992266223846144,35.5179619191555,34.619500251647366,35.36503219604492,1984800
2020-05-18,36.32084986228607,37.11417543836922,36.22527013689107,36.85610580444336,1108600
2020-05-19,36.63626858439605,37.23842740206019,36.51201202764657,36.6936149597168,1187800
2020-05-20,36.99946537166995,37.410464642593226,36.63625959663269,36.655372619628906,1345000
2020-05-21,36.52158152106007,37.200207275175394,36.44511844474694,37.01860427856445,1111300
2020-05-22,36.99948019799188,37.02815703624115,36.38776112529568,36.722293853759766,917800
2020-05-26,37.57296142674375,37.69721432976131,37.17151859338683,37.31489181518555,1055200
2020-05-27,37.99352095706518,38.28982394254571,37.649428108412394,38.19424057006836,1334900
2020-05-28,38.51922542081209,38.767738599098806,38.213365852254334,38.471435546875,880000
2020-05-29,38.2993732230566,38.65302251909633,37.98395726878661,38.42362976074219,1753000
2020-06-01,38.56700069584608,38.633907223258376,37.89793542172318,38.46186447143555,1129400
2020-06-02,38.52877941475412,39.13093829299531,38.242032924772886,39.09270858764648,1019100
2020-06-03,39.41768877404671,40.59333710515255,39.293432192215974,40.43084716796875,1228300
2020-06-04,40.19189904622875,40.45952892006181,39.83824958160715,40.182342529296875,1006200
2020-06-05,41.37709863586337,41.79765456545338,40.68891289095872,40.84184265136719,1189200
2020-06-08,40.64112658506942,41.14770577715416,40.52643016624774,41.13814926147461,1500800
2020-06-09,40.77493142840895,41.52046346905198,40.65067487292422,41.14769744873047,1126900
2020-06-10,40.975652013436466,41.53958113736129,40.813165752947114,40.95653533935547,1496200
2020-06-11,40.077190650718975,40.13454067359489,38.83463599080323,38.84419250488281,1636000
2020-06-12,39.991177233723896,40.067640303485575,38.165576322259305,38.87287521362305,1974700
2020-06-15,37.90749211518224,39.752208999504774,37.74500587530117,39.51325607299805,1394100
2020-06-16,40.66979347818077,40.71758334144234,39.561051878301235,39.71398162841797,1412700
2020-06-17,39.78088807798097,40.54553682686873,39.73309821482539,40.12498092651367,1336600
2020-06-18,39.9816036113074,40.621995675339925,39.80955722028598,40.010276794433594,1052900
2020-06-19,40.392606714598,40.50730676050145,39.29342528735267,39.31254196166992,2047600
2020-06-22,39.2743089518018,40.01028451176623,38.891982754424774,39.59928512573242,1319900
2020-06-23,40.17277249565026,40.191889170950866,39.38900703899023,39.39856719970703,983900
2020-06-24,39.18828393578088,39.18828393578088,38.21335545886699,38.2802619934082,1620000
2020-06-25,38.36627584967973,39.22650772142976,37.745000516644055,39.18827438354492,1051400
2020-06-26,38.872854768896154,39.121367818719875,38.18467291844751,38.308929443359375,1648100
2020-06-29,38.69126649620721,38.69126649620721,37.96485103356793,38.20380401611328,1011600
2020-06-30,38.18467627264532,39.07358140176717,38.16555960204643,38.95888137817383,1215100
2020-07-01,38.91109396439206,39.45590634915675,38.796397579739576,39.2743034362793,1266200
2020-07-02,39.5228163291868,39.713979417724765,38.98756405663967,39.0449104309082,1544400
2020-07-06,39.723541291649504,39.75221448002106,38.71037943097181,38.84419250488281,1548100
2020-07-07,38.68169946062373,39.40811472569387,38.547886410173874,38.94932556152344,1055800
2020-07-08,39.05447219254076,39.580167972982274,38.91109895872361,39.25519180297851,1054000
2020-07-09,39.24563834744104,39.38900794629857,38.49054606327221,39.09270858764648,830900
2020-07-10,39.226523392470206,39.59928947043843,38.93978053604336,39.58972930908203,628900
2020-07-13,39.92426071185691,40.01984043672753,39.06402860349025,39.14049530029297,889200
2020-07-14,39.15004683365015,40.0963020324707,39.15004683365015,40.0963020324707,1202900
2020-07-15,40.54553923134317,40.76537917793512,40.32570293088427,40.44040298461914,962000
2020-07-16,40.44995826926116,41.549143384261946,40.35437854018846,41.51091003417969,1553200
2020-07-17,41.577807427276554,42.027040076586424,41.17636827812214,41.76897048950195,868300
2020-07-20,41.58737150318319,41.98881437148074,41.53958164046827,41.826324462890625,730900
2020-07-21,41.979263178637574,42.69612221089136,41.92191678958277,42.332916259765625,1259900
2020-07-22,42.065275191192974,43.00197395215463,42.065275191192974,42.973297119140625,1275100
2020-07-23,43.011532630502224,43.814414718783574,42.99241595624162,43.11667251586914,1555000
2020-07-24,43.15490310480573,43.62324883277687,42.95417986097125,43.393856048583984,1323700
2020-07-27,43.4416441274147,43.852643465556795,43.29827090857167,43.47987747192383,929900
2020-07-28,44.16806518917334,44.426134828989014,41.577815922845005,42.51451110839844,1554700
2020-07-29,42.600531105152115,43.19313339287403,42.514507898375335,42.973297119140625,995800
2020-07-30,42.49539219600246,42.90639156597832,42.208649382239294,42.782135009765625,1004200
2020-07-31,42.915949610787195,43.470318537256055,42.44760024268836,43.46076202392578,1761400
2020-08-03,43.489431369631355,44.053360405764174,43.33650164692409,43.518104553222656,930500
2020-08-04,43.2260467429486,43.53247833251953,43.00579926625403,43.53247833251953,875400
2020-08-05,43.67612573412811,43.84849398354344,43.54206235190578,43.69527816772461,707100
2020-08-06,43.63781258506826,43.91551734008317,43.46544436836608,43.685691833496094,714000
2020-08-07,43.61865877439501,44.12618901993155,43.522900280570504,44.10703659057617,628900
2020-08-10,44.145334101780605,44.3751595818585,43.83890256364481,43.9825439453125,727600
2020-08-11,44.28898295207943,44.46135117796698,43.67611977245822,43.7239990234375,971700
2020-08-12,44.202791509356445,44.34643289142812,43.8006014842791,43.858055114746094,732400
2020-08-13,43.59949639745846,44.05914363825809,43.58992201144144,43.877201080322266,516900
2020-08-14,43.78144260834584,44.260242274131066,43.71441094737203,43.877201080322266,433300
2020-08-17,43.96339932135015,44.17407241107139,43.762304273681366,44.049583435058594,650400
2020-08-18,43.89636138511918,44.32728189227049,43.819751671424626,44.13576126098633,628500
2020-08-19,44.13576904003351,44.375168958095536,44.001705670391225,44.01128005981445,391100
2020-08-20,43.81017918080065,44.20279484810612,43.72399507563835,43.84848403930664,544200
2020-08-21,43.74315109638562,43.74315109638562,43.2930781043683,43.589935302734375,1019700
2020-08-24,43.93466413133418,43.93466413133418,43.4941656046566,43.78144836425781,604400
2020-08-25,44.04000573373877,44.31770683217782,43.81975461853001,44.05915451049805,723300
2020-08-26,44.04958304423035,44.04958304423035,43.54205640853517,43.7239990234375,1105600
2020-08-27,43.91551594997478,44.394315725002066,43.86763670306253,44.10703659057617,739900
2020-08-28,44.39431277084949,44.4134651989304,43.85805574344049,44.25067138671875,710900
2020-08-31,44.11661518185253,44.71032593662366,44.00170424772487,44.43262481689453,882200
2020-09-01,44.43262223017792,44.80608548406562,44.17406990372816,44.710323333740234,725600
2020-09-02,44.67202354341066,45.284886713121026,44.52838213984302,45.17955017089844,826300
2020-09-03,45.38064324461886,45.39979567446043,43.70484398948255,43.934669494628906,771300
2020-09-04,44.231525078089774,44.42304573244369,42.58445621773251,43.33138275146485,959800
2020-09-08,43.04410390248681,43.09198315317758,41.6268568949144,42.31632614135742,1754300
2020-09-09,42.71851308701617,44.02084895513476,42.5557192770253,43.47501754760742,1451400
2020-09-10,43.43671217601571,43.723991283993705,42.93876001747622,42.95791244506836,763900
2020-09-11,43.10156046596136,43.30265917722857,42.59403379889589,42.74724960327149,1022000
2020-09-14,43.19732235778907,43.58036003986629,43.0632589864144,43.25477600097656,947200
2020-09-15,43.43671028136352,43.85805271115604,43.17815799957542,43.24518966674805,674900
2020-09-16,43.51332134702508,43.95381990726003,43.2164678304857,43.264347076416016,1081500
2020-09-17,42.80469846738229,43.15900926027408,42.421657205424744,42.862152099609375,979000
2020-09-18,43.1877384251666,43.58993213739067,42.81427518357079,42.90045928955078,2466500
2020-09-21,42.15353012084961,42.53656772628408,41.60769870206755,42.15353012084961,1663600
2020-09-22,42.07692170766878,42.737667716147335,42.048194890935726,42.62275314331055,864700
2020-09-23,42.59402411213596,42.85257640814832,41.473634482367856,41.50236129760742,919900
2020-09-24,41.531093138453535,42.44081347829505,41.32999810153824,41.71303939819336,1016100
2020-09-25,41.55981484833767,42.134373019237486,41.23423091070732,42.0769157409668,675800
2020-09-28,42.402507264494965,43.082405727002175,42.18225980448224,42.967491149902344,783300
2020-09-29,42.92919561503973,43.494175922132165,42.83343345480575,43.25477600097656,1067100
2020-09-30,43.407986000664,43.71441754074901,43.03451913654279,43.350528717041016,922700
2020-10-01,43.58036605771609,43.77188675167753,42.85259180420671,43.0345344543457,995200
2020-10-02,42.65148661549335,43.9538226423714,42.565302506274875,43.43671798706055,1003600
2020-10-05,43.867636786659304,44.04957938645353,43.446290645942824,43.7910270690918,1004600
2020-10-06,43.98254771005816,44.49965234478162,43.6665381045208,43.7910270690918,1044900
2020-10-07,44.01126741407224,44.44218787335824,43.915508935542825,44.30812454223633,764300
2020-10-08,44.59540976445262,44.863536463574725,44.35600988225008,44.72947311401367,612300
2020-10-09,45.00718046862124,45.48598026084062,44.85396468122915,45.21785354614258,727900
2020-10-12,45.49555977975334,46.31909609971024,45.30404276363093,46.26164245605469,590800
2020-10-13,46.06053942859773,46.395701481313615,45.26573365789365,45.36149215698242,682900
2020-10-14,45.46682157694758,45.91689448867217,44.96886942317723,44.98802185058594,661500
2020-10-15,44.61456284895527,45.629619679472235,44.384737351364734,45.3136100769043,696900
2020-10-16,45.485985791318136,45.86902713284726,45.294465120553575,45.438106536865234,430700
2020-10-19,45.44767370645405,45.68707359363885,44.42304248153929,44.49007415771485,534300
2020-10-20,44.58583728899801,45.016754173085154,44.32728496677424,44.442195892333984,577100
2020-10-21,44.63370926353563,45.00717245046077,44.45176303701691,44.57625198364258,576500
2020-10-22,44.624136395960306,44.95929842142265,44.37516212680316,44.66244125366211,737400
2020-10-23,44.815657882754046,44.82523592383757,44.26982643546873,44.739051818847656,791700
2020-10-26,44.39431553108504,44.74862634023091,43.90593771703714,44.61456298828125,1240900
2020-10-27,45.24658822073481,45.323197954208595,42.862163234184,43.30266189575195,1199400
2020-10-28,42.65148318159069,42.852578202592646,42.07692128207509,42.29716873168945,1168400
2020-10-29,42.07693029371573,42.35463508864353,41.24381956188538,41.61728286743164,1091800
2020-10-30,41.540668195957,42.44081042959733,41.215084213073936,41.66515350341797,1457300
2020-11-02,42.19183956024046,42.91003925801357,42.02904572920989,42.613182067871094,943600
2020-11-03,43.12464381463115,43.12464381463115,42.39534568562859,42.52968978881836,1211100
2020-11-04,42.34737072508316,44.5832485270143,42.2993912060139,44.03627395629883,871000
2020-11-05,44.26658146578344,44.52567526553744,43.614049746536914,43.66202926635742,746400
2020-11-06,43.90192492895929,44.07465410677386,43.662023699839295,43.88273239135742,576500
2020-11-09,46.0610398107538,46.6463994440452,43.92112110881816,44.065059661865234,1854000
2020-11-10,44.23779044114732,45.341337690446885,44.05546680317201,45.28376007080078,795500
2020-11-11,45.63881031689613,45.64840475522172,44.755971906251936,45.0726432800293,640800
2020-11-12,44.77516668712358,45.10143251557524,44.199405183080586,44.47768783569336,630900
2020-11-13,44.74638485615274,45.283761345566454,44.717594215217865,45.254974365234375,428800
2020-11-16,45.6004314248273,45.773160622923825,45.25497302863424,45.73477554321289,643100
2020-11-17,45.370127972894544,45.60043480764252,45.03426765201515,45.475685119628906,611300
2020-11-18,45.45648608709452,45.61002273480025,45.07264629813139,45.09183883666992,702400
2020-11-19,45.14942853077342,45.79236598383334,44.62164634908775,45.52367401123047,839000
2020-11-20,45.57164498757297,45.907505287533134,45.07264992720163,45.274166107177734,1508700
2020-11-23,45.45649421707578,45.533264384960354,44.47769654016597,44.63123321533203,1079900
2020-11-24,44.87112170966726,45.4948663338357,44.4201099140059,44.57364654541016,1090400
2020-11-25,44.448897989989085,44.65041413733827,43.69080925213021,44.00748062133789,1069700
2020-11-27,43.815572433210185,44.103453255489235,43.52769161093114,43.77718734741211,711100
2020-11-30,43.50848883330072,43.61404596411304,43.05747333277624,43.21100997924805,1712600
2020-12-01,43.64283227241289,43.77717637844114,43.08626331020981,43.767581939697266,1690700
2020-12-02,43.86354776413573,44.03627697310041,42.81757807011762,43.2494010925293,1040000
2020-12-03,43.17263435545835,43.51808911091701,42.712020693641016,42.8079833984375,1273200
2020-12-04,42.7983885820297,43.306981804973574,42.70242953047216,42.999908447265625,1091300
2020-12-07,42.92313498359039,43.431724506901624,42.654446731366015,42.8079833984375,1359700
2020-12-08,42.54888323542494,43.67161925943935,42.52009625858427,43.49889373779297,963500
2020-12-09,43.59486059758714,43.777184251328514,43.345361218148426,43.40293884277344,1025400
2020-12-10,43.20142559075743,43.55647848196021,43.05748334968977,43.067081451416016,869400
2020-12-11,42.78878212650884,43.75798145327125,42.78878212650884,43.19181442260742,1125500
2020-12-14,43.53727403903981,44.27617026405787,43.431716912522624,43.614044189453125,1069200
2020-12-15,43.89233951609961,44.82315398728028,43.68122521966958,44.74638748168945,936500
2020-12-16,45.015060477968085,45.04384745022787,44.026668717296616,44.113033294677734,853300
2020-12-17,44.1802178007514,44.82315143327714,44.151427159767685,44.803958892822266,763400
2020-12-18,45.22617470281122,45.25496167507101,43.959496674955936,44.113033294677734,2601400
2020-12-21,43.83476092225338,44.1706212404179,43.19182360670611,44.1418342590332,788100
2020-12-22,43.93070967730112,44.11303694497179,43.70040655896202,43.84434509277344,891900
2020-12-23,44.141823919613664,44.381725136568086,43.70040655896202,43.84434509277344,852900
2020-12-24,43.98830020419236,44.45850833816286,43.89234115347339,44.43931579589844,262600
2020-12-28,44.67920783752345,44.89031843753925,43.99788554023816,44.02667617797851,367300
2020-12-29,44.21860314632539,44.38173425026404,43.89233727784528,44.17061996459961,648000
2020-12-30,44.41051992037761,44.823150378944526,44.14183168153505,44.38173294067383,712000
2020-12-31,44.650423363137165,45.61962654739405,44.30496494738632,45.494876861572266,900000
2021-01-04,45.58123498914519,45.58123498914519,43.76758222474716,44.47768783569336,1370000
2021-01-05,44.60245026325944,44.823159024967715,44.19941782725391,44.44891357421875,932100
2021-01-06,44.69840626539444,45.504471016286026,44.03627641915797,45.322147369384766,1534500
2021-01-07,45.53325429515358,46.262552425434954,45.26456242770064,45.94588470458984,1076900
2021-01-08,46.22416543421106,46.79033246132576,45.533252408001445,46.08022689819336,961700
2021-01-11,45.8403337421563,45.91710024275068,44.97668773170218,45.082244873046875,807900
2021-01-12,44.995874088995855,45.31254546951528,44.82314491064022,44.957489013671875,574900
2021-01-13,44.73677296756568,45.04384619847582,44.324142627167355,44.41050720214844,767200
2021-01-14,44.63123000207703,44.77517222619585,43.86354668151659,43.90193176269531,561100
2021-01-15,43.853948857345074,44.86153336661376,43.815563779128496,44.429710388183594,1000400
2021-01-19,44.87111790462623,45.33173142038133,44.68879431423273,44.84233093261719,794400
2021-01-20,44.755968792885426,45.74436059876423,44.66960421155414,45.68678665161133,823100
2021-01-21,45.60043192928539,46.04184936903631,45.42770272927803,45.54285430908203,937300
2021-01-22,45.51406240068001,45.72517665796192,45.245374190032,45.57164001464844,726800
2021-01-25,45.50447345429136,46.185795877852854,45.360534881321534,45.80195236206055,1129500
2021-01-26,45.37012570008079,46.032255528935025,43.78677956019179,43.82516098022461,1949500
2021-01-27,43.364551239328165,43.55647298298731,42.25140951882843,42.29939270019531,1650200
2021-01-28,42.40495357056508,42.884756183015654,42.08828574986147,42.126670837402344,1498000
2021-01-29,41.80039216803221,42.7024194865607,41.33018414054887,41.3493766784668,1916400
2021-02-01,41.598877648745855,41.934741614185846,40.99432910003887,41.224632263183594,1540700
2021-02-02,41.64685887146746,42.88474655151367,41.560494274198874,42.88474655151367,1228100
2021-02-03,42.60646108231586,42.75999772730825,41.77160214335501,41.963523864746094,926300
2021-02-04,42.05295783624683,42.71649507520875,41.69714833144731,42.22605514526367,1092800
2021-02-05,42.62995295196619,43.21655646257954,42.553019179057046,43.053077697753906,784600
2021-02-08,43.10116254865987,43.764699879553035,42.956913548359225,43.75508499145508,1610300
2021-02-09,43.76469214474479,44.043571539555565,43.51466474593764,43.59159851074219,726400
2021-02-10,43.75508379471311,43.95702945488704,43.22617692208426,43.351192474365234,560900
2021-02-11,43.35118363574989,43.74545998787612,43.226168108957594,43.562744140625,815400
2021-02-12,43.48581169361521,43.56274178165751,42.88958608637116,43.08191680908203,830900
2021-02-16,42.99536606479913,43.15884845505024,42.370295832059135,42.76457214355469,1867900
2021-02-17,42.44724217573402,42.67803985378863,42.226063054650865,42.55302429199219,1200400
2021-02-18,42.45684825940929,42.74534252091804,42.226050649160165,42.62032699584961,985200
2021-02-19,42.86075292640739,43.85125154647068,42.572258574471014,43.84163665771485,1512800
2021-02-22,43.58198823930653,44.58210536142904,43.360809126060985,44.40900802612305,1600000
2021-02-23,44.514785890973464,45.29372015711899,44.07242770669277,45.13024139404297,1335800
2021-02-24,45.13024044139222,46.14959088958631,44.92829479653617,45.95726013183594,1305000
2021-02-25,45.94764608921229,46.06304675623939,44.918680652849595,44.947532653808594,1121200
2021-02-26,45.00522674776302,45.28410617453941,44.13974380493164,44.13974380493164,1117200
2021-03-01,44.6205650147694,45.534129652676384,44.42823426579807,45.0436897277832,987700
2021-03-02,44.85137254365412,45.00523645568499,44.110901320629026,44.60134506225586,1266500
2021-03-03,44.274379498883654,44.9475354244179,43.80316925048828,43.80316925048828,941100
2021-03-04,43.80316173778113,44.014725935681874,43.08192415592391,43.206939697265625,1095400
2021-03-05,43.59159764487164,44.37053182182456,43.2838662601698,44.27436828613281,950000
2021-03-08,44.35131155960324,45.22641320068032,44.18783276667024,44.57249069213867,716600
2021-03-09,44.7263435556443,45.08215672608895,44.28398539976622,44.303218841552734,1321000
2021-03-10,44.32246133684468,44.94753548317315,44.207064330958005,44.72635269165039,925900
2021-03-11,44.74558499121205,44.74558499121205,44.27437842267529,44.63018798828125,871600
2021-03-12,44.774428619844166,45.12061956389432,44.61094620022802,45.02445602416992,863100
2021-03-15,45.09177721321695,45.39950498321339,44.81289777528131,45.3418083190918,802500
2021-03-16,45.18793434802646,45.341798198681865,44.79365800144677,45.14946746826172,643400
2021-03-17,45.15908664265984,45.15908664265984,44.50516429817194,44.59171295166016,1202100
2021-03-18,44.60132720155151,44.60132720155151,43.87047116077414,43.9570198059082,1448500
2021-03-19,43.99548834902266,44.13011876467617,42.89920791481127,43.043453216552734,3497800
2021-03-22,42.83189602184387,43.85124277262645,42.83189602184387,43.60121536254883,1244200
2021-03-23,43.54352216654786,44.19744463032715,43.4954403877062,43.8704833984375,977700
2021-03-24,43.92817933679983,44.51478651779945,43.92817933679983,44.12051010131836,1001100
2021-03-25,43.957027926779546,44.27437424036735,43.8127826038431,44.13974380493164,1050600
2021-03-26,44.24551993530858,44.47631757574536,43.95702563606563,44.41861724853515,1153700
2021-03-29,44.158968269254856,44.67826017354477,44.101271614380735,44.476314544677734,1016400
2021-03-30,44.43785230803908,44.659031401120885,44.1012762247416,44.24552154541016,743900
2021-03-31,44.293599500720056,44.38976303157855,43.783922515640064,43.9570198059082,1206300
2021-04-01,44.05319499793707,44.77443261544381,43.96664633710009,44.735965728759766,1089000
2021-04-05,44.96676165125022,45.2841079774728,44.678267325487035,44.88983154296875,794500
2021-04-06,44.803272887186175,45.16870090814409,44.73595768179966,45.14946746826172,528300
2021-04-07,45.30333906159195,45.341805947930965,44.8705957612885,45.31295394897461,664000
2021-04-08,45.399490103271496,45.6302876893258,45.101380987271874,45.524505615234375,754500
2021-04-09,45.69762225769202,46.02458350329068,45.370661012093365,45.99573516845703,788000
2021-04-12,46.04381153824611,46.20729030763105,45.8226324375701,46.02457809448242,716500
2021-04-13,45.79377085600253,46.65925730225601,45.79377085600253,46.611175537109375,933500
2021-04-14,46.64963954730096,46.95737091999867,46.29383007703659,46.38037872314453,848700
2021-04-15,46.60156307687214,47.14970334170883,46.59194818994694,47.09200668334961,742600
2021-04-16,47.53437182728479,47.84209961171693,47.20741059777506,47.6497688293457,863900
2021-04-19,47.76516308181158,47.77478163799896,47.40935353936989,47.58245086669922,942800
2021-04-20,47.61131122902258,47.96712452977659,47.428598967741934,47.476680755615234,663200
2021-04-21,47.5247505814322,47.94787901238777,47.26510825858771,47.89017868041992,888000
2021-04-22,47.78438921107793,48.31329966828911,47.553595255571025,48.053653717041016,1090400
2021-04-23,48.15944383566067,48.67873215630764,48.10174350296461,48.54410171508789,1207200
2021-04-26,48.64026832238465,48.94799608940451,47.87094523643064,47.89017868041992,844000
2021-04-27,50.26545222591266,50.96745637348998,49.669230178508,49.88079071044922,1499600
2021-04-28,49.87117507132752,50.63087953528985,49.87117507132752,50.419315338134766,1091400
2021-04-29,50.63088038991375,50.9770713523692,49.66923026792796,50.78474426269531,2502000
2021-04-30,50.8905252369361,51.736778413712074,50.88091034933372,51.14055633544922,1781600
2021-05-03,51.22709630032068,51.45789024763707,50.75588618291061,51.06361389160156,1201600
2021-05-04,50.96745766011277,51.42904928927887,50.938609329666185,51.3328857421875,639700
2021-05-05,51.371350060673144,51.371350060673144,50.5635674436279,51.12132263183594,1399400
2021-05-06,51.35212307663548,51.679084297288384,51.21748896473944,51.496368408203125,1465900
2021-05-07,51.33548673222077,52.06761064067073,51.27768602571715,51.7208137512207,1222500
2021-05-10,51.81715717482345,52.37588273465148,51.40292789392965,51.412559509277344,1070300
2021-05-11,51.17172370080018,51.181358989992475,49.97720507598315,50.07353591918945,1116800
2021-05-12,49.93866827058763,50.237299746255815,49.01387900209927,49.033145904541016,844100
2021-05-13,48.93681620566294,50.40106786218341,48.91754930132615,50.2373046875,1042700
2021-05-14,50.43959873927231,50.79602726182159,50.20839957545443,50.5840950012207,827200
2021-05-17,50.45886914843462,50.55519999642674,49.99647446345714,50.31436920166016,531300
2021-05-18,50.38179591266702,50.6226266805811,50.07353282371988,50.15060043334961,768700
2021-05-19,49.81344427583868,50.15060961753571,49.52444803637448,50.11207580566406,784900
2021-05-20,50.15060004573653,50.641893191578255,49.86160018664461,50.34326171875,776200
2021-05-21,50.46848526576164,50.70931598657538,49.86159082037117,50.17948913574219,671400
2021-05-24,50.362538373944254,50.42997070751472,50.102440655263926,50.24694061279297,767100
2021-05-25,50.36254236881567,50.45887690640536,49.86161379770986,49.91941452026367,872200
2021-05-26,49.80381549130815,50.00611250295378,49.582251572631485,49.765281677246094,1364900
2021-05-27,49.9386836826605,50.55521005192506,49.774916798756905,50.48777770996094,1681500
2021-05-28,50.641892529440014,50.79602407070705,50.38179486452955,50.593727111816406,579500
2021-06-01,50.82492039376719,51.04648791989196,50.36252578991351,50.62262344360352,1035500
2021-06-02,50.815294004486,50.815294004486,50.362530967282275,50.4492301940918,655400
2021-06-03,50.26620222830515,50.78639761091566,50.01573615158771,50.352901458740234,1105600
2021-06-04,50.47813238621899,50.52629780671627,50.15060238213702,50.4492301940918,478500
2021-06-07,50.449227674079104,50.449227674079104,49.79416769863637,49.81343460083008,524500
2021-06-08,49.72673592995787,50.15060043334961,49.58223967408096,50.15060043334961,550600
2021-06-09,50.09280364605983,50.198769780199974,49.76527362907491,49.82307434082031,508500
2021-06-10,49.948304914251054,50.18913570684587,49.85197406712763,49.90977478027344,552300
2021-06-11,49.90014035839336,50.266204198443056,49.81344112456018,50.256568908691406,593000
2021-06-14,50.24692689838569,50.26619379911662,50.0060961514274,50.20839309692383,721900
2021-06-15,50.20839316145033,51.181351438292154,50.06389691796099,50.99831771850586,899000
2021-06-16,51.06576013494547,51.25842550582747,50.603365449700455,50.776763916015625,1240000
2021-06-17,50.69006029831507,51.23915416922264,50.41069939322569,50.6996955871582,1239300
2021-06-18,50.352902556699206,50.50703411696844,49.83270716274569,49.90977478027344,1721400
2021-06-21,50.169870489152885,50.62262986243485,49.688208923050205,50.53593063354492,914900
2021-06-22,50.58410248427253,51.17173025756915,50.362538576679576,50.9116325378418,758800
2021-06-23,50.911617368866544,51.22951571207858,50.8441850551159,50.97904968261719,791400
2021-06-24,51.1139348276336,51.4221979848664,50.88273562231564,51.26806640625,1128000
2021-06-25,51.287329292829774,51.71119018210438,51.18136315181452,51.52816009521485,1291400
2021-06-28,51.59559398153591,51.6919248354798,50.85383464685108,51.0272331237793,972600
2021-06-29,51.20062409521726,51.76898486965796,51.05612416069712,51.55705261230469,909300
2021-06-30,51.566689722749025,51.663024247625856,51.09466341260485,51.19099426269531,914100
2021-07-01,51.152455000519886,51.7978833866476,51.152455000519886,51.55705261230469,922400
2021-07-02,51.595579461032024,51.90384251664207,51.47997805908914,51.701541900634766,788300
2021-07-06,51.70155114262626,51.826784179724534,51.19099105452843,51.59558868408203,942000
2021-07-07,51.55705699770609,51.74008707885214,51.39329014633432,51.63412094116211,927900
2021-07-08,51.162106968792614,51.239170930817345,50.2662159021836,50.391448974609375,1171900
2021-07-09,50.64188608711587,51.18134825031661,50.64188608711587,51.00794982910156,764400
2021-07-12,50.89235900343099,51.345118342596315,50.81529139476447,51.32585144042969,721000
2021-07-13,51.37402134103069,51.37402134103069,50.67079226264179,50.68042755126953,691600
2021-07-14,50.786395470219745,51.01759095844407,50.58409482454093,50.84419250488281,721400
2021-07-15,50.56483522540871,51.7786208126695,50.43960218334023,51.566688537597656,910500
2021-07-16,51.711185038544755,52.00981652672135,51.44145574263432,51.768985748291016,912800
2021-07-19,51.345122449277234,51.4414569678154,50.304735372568025,50.73822784423828,778300
2021-07-20,50.84419977680664,52.01945531352539,50.72860201616126,51.431827545166016,1402200
2021-07-21,51.67265551188687,51.96165173498247,51.21026081997665,51.31622695922851,1280200
2021-07-22,51.268055372689545,51.69191620396755,51.21988627897435,51.60521697998047,994000
2021-07-23,51.81715453234387,52.424045487534165,51.653387681492795,52.35661315917969,921600
2021-07-26,52.414412956240845,52.924973054793966,52.0194506078762,52.404781341552734,1682900
2021-07-27,52.09652397437751,54.158035175066,51.40293004712284,52.77084732055664,1845500
2021-07-28,52.77083989926311,52.95387364587407,51.8364189617734,52.115779876708984,1498800
2021-07-29,52.35661003899381,53.03093695713843,52.26027919702432,52.82863998413086,925500
2021-07-30,53.069472998619226,53.33920230732107,52.337349014377274,52.404781341552734,1756500
2021-08-02,52.65523860740586,52.78047163484703,52.03871243351989,52.25064468383789,1778300
2021-08-03,52.3277132777897,52.74194252677742,51.990551644793264,52.135047912597656,1284600
2021-08-04,51.88458887309462,52.289182858914074,51.557058833475175,51.7304573059082,1006200
2021-08-05,51.952022341806696,52.22175167159337,51.72082314857062,52.212120056152344,1053400
2021-08-06,52.4914811452923,52.64561270548642,52.1543158309521,52.48184585571289,812400
2021-08-09,52.4240358316531,52.81900178896172,52.25064107266903,52.78046798706055,718200
2021-08-10,52.92811473451592,53.25620165496343,52.74477345113196,52.94741439819336,985300
2021-08-11,53.15970508613079,53.49743998562869,53.05355878027879,53.439544677734375,817100
2021-08-12,53.47814032265247,53.60358629148069,53.20795240305416,53.439544677734375,578400
2021-08-13,53.61323618297956,53.92202341827541,53.45884256533163,53.79657745361328,967300
2021-08-16,53.82551650482811,54.45274254686855,53.65182325260257,54.40449523925781,763100
2021-08-17,54.26940962476054,54.63609216363962,54.12466399870594,54.58784484863281,816000
2021-08-18,54.529952712931475,55.15717892992472,54.24046510548637,54.73259735107422,1525800
2021-08-19,54.51064886898056,55.07032433853213,54.327303921910165,54.86768341064453,745300
2021-08-20,54.877334085521625,55.85194681100094,54.86768609464107,55.73614883422851,889500
2021-08-23,55.87124883345226,56.45022401762956,55.68790386966971,55.69755554199219,970000
2021-08-24,55.66860642673149,55.88089905388112,55.55281212148378,55.658958435058594,892600
2021-08-25,55.7457987768916,56.09318533436426,55.48525885878711,55.832645416259766,663500
2021-08-26,55.69755026045683,56.00633748687515,55.53350497584042,55.59140396118164,624300
2021-08-27,55.687913923047695,56.20899389149886,55.610718935704064,56.11249923706055,1095900
2021-08-30,56.20897762364142,56.42127021920667,55.97738536656714,55.99668502807617,586500
2021-08-31,55.96774389206503,56.43092477910281,55.909844900797374,56.0159912109375,1079700
2021-09-01,55.96773990211249,56.63356168956876,55.630005013047914,56.41162109375,814400
2021-09-02,56.64321344919709,56.89410169845817,56.295826887886186,56.67216110229492,789900
2021-09-03,56.44056833262135,56.971296125943226,56.305470705763724,56.87479782104492,777400
2021-09-07,57.125701197100845,57.376589478118426,55.88090042185264,56.09319305419922,2508600
2021-09-08,55.99668522568557,56.54671269701469,55.81334396225388,56.517765045166016,1204900
2021-09-09,56.57566046407734,57.038841269633274,56.363367881143176,56.382667541503906,1264100
2021-09-10,56.39232215164455,56.60461475950193,55.68790103043101,55.74580001831055,1147500
2021-09-13,56.26688653426006,56.26688653426006,55.06068508491416,55.43701934814453,1079000
2021-09-14,55.427367399939335,55.64930802379275,53.815884038511875,54.13431930541992,2333200
2021-09-15,54.15360637284956,55.77474103008967,54.06675974188906,55.4659538269043,1390700
2021-09-16,55.427355612723915,55.55280156684527,54.65538758934997,55.4466552734375,1217300
2021-09-17,55.63965444365425,55.687901760335784,54.20186084792502,55.012428283691406,48381800
2021-09-20,53.9220245616977,54.703640657162104,53.67113262705325,54.36590576171875,2672600
2021-09-21,54.66505161820161,54.98348688937882,54.24046634858569,54.645751953125,1626800
2021-09-22,55.06068032930514,55.552808858477704,54.43345415740513,55.38876724243164,1474900
2021-09-23,55.7264937197858,55.97738194198623,55.14751863407168,55.4659538269043,1162400
2021-09-24,55.49490474298447,56.10283119548695,55.44665742984104,56.064231872558594,812300
2021-09-27,56.18003953919784,56.18003953919784,55.26332570709253,55.31157302856445,1044600
2021-09-28,55.2440167236763,55.2440167236763,53.61323397438545,53.835174560546875,1450100
2021-09-29,53.94132656379386,54.61679638397464,53.94132656379386,54.259761810302734,1093500
2021-09-30,54.491360015043576,54.597506335761985,53.49744747825429,53.50709915161133,1631700
2021-10-01,53.74833275316056,55.938794840817984,53.52639214705884,55.581756591796875,2024100
2021-10-04,55.61070875242943,56.03529030765901,54.80014128805702,55.176475524902344,1398000
2021-10-05,55.465966830103234,56.42127999462817,55.17647921937997,56.09319305419922,1602400
2021-10-06,55.630004968570795,56.76865928084131,55.51420699438334,56.739707946777344,933500
2021-10-07,57.10639200478955,57.77221376647284,56.98094604469244,57.3669319152832,946600
2021-10-08,57.415179423349294,57.965206898132266,57.25113782046465,57.88801193237305,757700
2021-10-11,57.98450714273135,58.73717555136196,57.83976151905587,58.13890075683594,939200
2021-10-12,58.39945066818218,59.20036652813466,58.11961104438895,58.62139129638672,967800
2021-10-13,58.56348479432492,59.54774550696496,58.29329687827897,59.470550537109375,1026900
2021-10-14,59.9337346862615,60.95659109940819,59.846888039764664,60.91799545288086,1208200
2021-10-15,61.27502784218967,62.452281523545416,61.1302822095188,62.0662956237793,1530700
2021-10-18,61.8057578335218,62.3268303188343,61.67066019524823,61.76715850830078,1308900
2021-10-19,62.15313967105459,62.15313967105459,61.41976727177277,61.84434509277344,1388800
2021-10-20,62.07594087837255,62.50051869836019,62.07594087837255,62.30752944946289,1619600
2021-10-21,62.606677686380664,63.35935357863622,62.47158371235082,63.33039855957031,1504000
2021-10-22,63.50409675420983,64.27606868989116,63.3400551105503,64.16027069091797,1188400
2021-10-25,64.12165783754719,64.88397793872416,63.90937259396274,64.13130950927734,1645900
2021-10-26,64.02516229987889,64.59449313080178,61.22677754633437,61.6610107421875,2303200
2021-10-27,62.008398971578,62.25928354322994,60.107424530137976,60.454811096191406,1807600
2021-10-28,60.580255544222986,61.20748171987664,60.46446124508372,60.74430084228515,1055400
2021-10-29,60.773235695710966,61.29431545363053,60.474096498157074,60.898681640625,1798000
2021-11-01,61.06273187791046,61.082031539942975,59.24860781926355,59.7021369934082,1523000
2021-11-02,59.80170260726763,61.0099154656739,59.73404298217073,60.63295364379883,1622300
2021-11-03,60.681267119945794,61.39653058591229,58.97043767317296,59.753360748291016,1679800
2021-11-04,59.83069038329386,60.024001452646246,59.202418346381705,59.47305679321289,1437600
2021-11-05,59.85968988560885,60.188323885199985,59.55038773154335,59.89835357666016,1438300
2021-11-08,60.275311258143105,60.72960037925138,59.71469883744164,60.61360931396485,1344500
2021-11-09,60.48795417699775,61.212881698655885,60.42029088277804,60.9035758972168,1391200
2021-11-10,60.88424936361603,61.35786662556925,60.76825830229627,61.07756042480469,1002600
2021-11-11,60.99057550993406,61.763834586262305,60.748932970374625,61.56085205078125,1003800
2021-11-12,62.01513970108985,62.55641658460365,61.754161650578226,62.36309814453125,1236300
2021-11-15,62.45009748859293,62.85605517854632,61.88948503617447,62.15046310424805,1020400
2021-11-16,62.26644657840447,63.36833594680835,62.26644657840447,62.7593994140625,1240800
2021-11-17,62.701406365488424,63.0203689007203,62.053798780314494,62.556419372558594,939500
2021-11-18,62.67239993372325,63.13635681303128,61.95714014520344,61.99580383300781,888500
2021-11-19,62.10212483481368,62.827052362068315,61.5221842878788,62.38243103027344,3440000
2021-11-22,62.74007956190571,63.76464168499213,62.42110960399718,63.09770584106445,1674500
2021-11-23,63.08802140167705,63.65830154308279,62.798054822852805,63.60997009277344,1016100
2021-11-24,63.32968134409396,64.20926383640234,63.29102502241416,64.12226867675781,949300
2021-11-26,63.146033684296626,63.48433178343731,62.208459399288536,62.595088958740234,810400
2021-11-29,63.281353822714614,63.53266414607931,62.614418007546824,63.22336196899414,797600
2021-11-30,62.836734656863506,63.590658279641545,62.07314326667024,62.25679397583008,2310700
2021-12-01,63.05903505861528,63.86129005979544,61.55118797155479,61.56085205078125,1804200
2021-12-02,61.90881163957935,64.10292230159622,61.667165451666406,63.66796875,1379000
2021-12-03,63.870959454840474,63.98694315720562,62.41143641386844,63.0300407409668,1446700
2021-12-06,63.590653720951174,64.17059436040978,63.29101932167238,63.68730926513672,1101800
2021-12-07,64.19958123170782,64.93417653773437,64.0835975447813,64.80852508544922,1715600
2021-12-08,65.05017122365388,65.63977957953145,64.44122733598164,65.41746520996094,1561100
2021-12-09,65.06950183069893,65.34980805751641,64.74087152126495,64.81819152832031,680000
2021-12-10,65.4464502569282,65.5044420939853,64.20924190408697,64.96316528320312,1136100
2021-12-13,64.87618316658859,65.19514567246999,63.861281683814354,64.71186065673828,880300
2021-12-14,64.62489442730876,64.99218850688736,63.6583240737736,64.72154998779297,1155900
2021-12-15,65.02116824740334,65.89108282384659,64.38323580757478,65.78475952148438,1586600
2021-12-16,65.76543900042012,66.23905634590015,64.57655437884057,64.99217987060547,1158200
2021-12-17,64.81818203897326,64.90517717389885,63.42632624925901,63.66796875,3166100
2021-12-20,63.020368888112166,63.87095531347977,62.256784982567765,63.74529647827149,1669500
2021-12-21,64.21894122331304,64.8762094055114,63.832311579488035,64.26726531982422,1090800
2021-12-22,64.27691975473478,65.35948105799997,64.25759159500932,65.31114959716797,749300
2021-12-23,65.7460924274266,66.0940582399847,65.3691306928794,65.7557601928711,661500
2021-12-27,66.12306809923638,67.15729787411668,65.94908517568899,67.1379623413086,514400
2021-12-28,67.2442946967806,67.72757984118016,66.77067732008594,67.02198028564453,590600
2021-12-29,67.17662031488214,67.77589641705949,67.17662031488214,67.49559020996094,523400
2021-12-30,67.65993095621748,67.83391393079307,67.32163277630585,67.47628021240234,701200
2021-12-31,67.3796049257072,68.38483877638753,67.15729791868223,67.93054962158203,938300
2022-01-03,68.04654266633447,68.23985375407212,66.03607490674376,66.49036407470703,1543500
2022-01-04,66.60634734124956,67.10896053503478,65.96840755270293,66.809326171875,1600700
2022-01-05,66.96399306225848,67.05098822893075,65.18550714747656,65.1951675415039,1669300
2022-01-06,65.32081933503764,66.55802807647183,64.90519383211716,66.24872589111328,1207200
2022-01-07,66.16172990822965,66.47103208972842,65.320818519901,66.30671691894531,2321400
2022-01-10,65.92973621811885,66.22937054652627,64.67319969221991,65.80408477783203,1263900
2022-01-11,65.97808332841859,66.17139441695646,64.80853428177016,66.06507110595703,1247000
2022-01-12,66.29704782296267,67.36028096400368,65.94908932830309,67.10897064208984,1430200
2022-01-13,67.21529824774095,67.21529824774095,66.05540948555232,66.28739166259766,1103000
2022-01-14,66.01673765322907,66.22937687070913,64.07392977942267,64.80852508544922,1949000
2022-01-18,64.10292874714507,64.57654603140334,63.32966971728516,63.75496292114258,1724200
2022-01-19,64.3735656172362,64.3735656172362,62.401761776340464,62.46942138671875,1633300
2022-01-20,63.06871011387679,63.68731449669358,61.91848913285217,62.092472076416016,1428700
2022-01-21,62.140790527846214,62.52742002973593,61.00023755316095,61.019569396972656,1798900
2022-01-24,60.62328289407529,62.76906987444055,59.86935564609222,62.45009994506836,2440600
2022-01-25,63.890287165433534,65.10816765213796,60.91325294037098,62.266448974609375,3269000
2022-01-26,62.81738507864664,63.42632892579088,60.45895549927294,61.135555267333984,2021000
2022-01-27,61.68650688529954,62.00547680571412,59.250749656654435,59.89835357666016,2698700
2022-01-28,59.9950048529124,62.266443076730994,59.434396121204216,62.227779388427734,2101300
2022-01-31,62.20845705336175,64.35424402177127,61.90882265890022,64.06427001953125,6616600
2022-02-01,64.06425383208071,64.5572065615937,62.96236470094109,64.44121551513672,2182400
2022-02-02,64.43155720173817,66.22937054652627,64.35422983494155,65.80408477783203,2066300
2022-02-03,65.2939400632363,65.81667970753297,64.3162302963382,64.50983428955078,1524800
2022-02-04,64.26783217413782,65.99093300061348,64.05486332852493,65.37139129638672,1216700
2022-02-07,65.42945790545946,66.07804672857077,65.34233833273122,65.43914031982422,1935100
2022-02-08,65.51658182418856,66.05867883517436,64.08388737091744,65.85539245605469,1464800
2022-02-09,66.45558877216737,67.80115651839995,66.45558877216737,67.78179168701172,1358600
2022-02-10,66.77504538188434,68.24645506413495,66.48463198059508,66.89120483398438,2943300
2022-02-11,66.87183550897312,67.05575707063548,64.5001461811031,64.77120208740234,1919900
2022-02-14,64.59695956654805,65.24554105091455,63.377233761763016,63.87093353271485,1619000
2022-02-15,64.6647205233802,65.10033318153994,64.07421876910765,64.45175170898438,1031600
2022-02-16,64.02581928901698,64.67440081433793,63.60956404124757,64.48079681396484,974900
2022-02-17,64.12262155574399,64.42271735874465,63.2417137492098,63.53211975097656,1597000
2022-02-18,63.52243548054824,64.4323830163425,63.28042682151989,64.02581024169922,1806700
2022-02-22,63.97744173222282,64.45178428971211,63.009406548726474,63.58055114746094,1689700
2022-02-23,63.88061585240022,64.18071166945136,62.09943532450771,62.1768798828125,1341300
2022-02-24,60.86034311226352,64.27750825792265,60.4150480178153,64.0354995727539,2108100
2022-02-25,64.14198562258646,65.58435535506995,63.98709651507511,65.4294662475586,2262700
2022-02-28,64.33557321861846,65.69082302173504,64.27749351086914,65.44881439208984,2465700
2022-03-01,65.27458767092399,65.82636721836303,64.29687044282345,64.73249053955078,2225000
2022-03-02,65.3326701886527,65.98125915343205,64.67440619291354,65.54563903808594,1426600
2022-03-03,65.98123549006552,66.66853910323073,65.25520961038883,65.93283081054688,1349600
2022-03-04,65.4294558709464,66.3200533268564,64.83896155238493,66.22325134277344,1073100
2022-03-07,65.65213290875538,65.83606192073299,63.98711153964674,64.11296081542969,1548800
2022-03-08,64.03549090999297,64.20973743516305,59.166274312032,59.17595672607422,4909300
2022-03-09,60.40536366621394,62.17686884909204,59.65029412777385,61.5089225769043,2700400
2022-03-10,60.60865522054236,61.86709963481927,60.60865522054236,61.16043472290039,2235400
2022-03-11,61.56700221228229,62.13814649578225,60.62801111363044,60.70545196533203,1404000
2022-03-14,61.305642246437664,62.10911285826978,60.73450159849661,61.528289794921875,1117600
2022-03-15,62.60280303813344,63.94837069666281,62.21558767631865,63.87093353271485,2258100
2022-03-16,64.11295545696866,65.38107882803696,63.17396041085662,64.74217224121094,1883700
2022-03-17,64.59695191119226,65.99091670880114,64.56790466944557,65.85539245605469,1815300
2022-03-18,66.15550351863631,67.57851604628999,65.88445492013473,67.36554718017578,2982700
2022-03-21,67.38490319944462,67.98508743584021,66.35878867206067,67.28810119628906,1937900
2022-03-22,67.6075475647845,67.64626984343506,66.37814660608706,66.99768829345703,2653700
2022-03-23,66.59111882472624,67.51074898640054,66.40718983818343,66.48463439941406,1832800
2022-03-24,66.48463293823805,67.19130161927697,66.41687079503045,66.78472137451172,1576000
2022-03-25,67.03641894644105,68.14966059377484,66.83313249727024,68.12062072753906,1558100
2022-03-28,68.48846470682959,69.94051696209806,68.44006001077943,69.80499267578125,1687300
2022-03-29,70.45355290443779,70.831085785616,69.55328048343188,70.16314697265625,1178700
2022-03-30,70.1147698842404,70.40518331582872,69.70819698843306,70.38581848144531,1109000
2022-03-31,70.5503788774649,71.63458059388932,69.95987701416016,69.95987701416016,2290000
2022-04-01,70.23092555580607,71.1602380492479,69.72754333924225,70.2406005859375,1785900
2022-04-04,70.09539889669762,70.98598908279091,69.7081835245426,69.89210510253906,1266300
2022-04-05,69.73721104571393,71.24734260584557,69.70817119040642,70.04698181152344,1057200
2022-04-06,69.59201693708592,70.65685367504291,69.31128597594397,70.55036926269531,1220600
2022-04-07,70.58908159524006,71.49903648693407,70.03730216603617,71.05374145507812,1489800
2022-04-08,71.0634199672576,71.46999270634392,70.53099800975112,70.62779998779297,930500
2022-04-11,70.52132030204464,70.8988532114622,69.59200795690005,70.19219207763672,1067800
2022-04-12,70.34707249794272,71.10213830306273,69.39840272733683,69.64041137695312,945400
2022-04-13,69.55328369140625,69.8824192918935,68.66269364270535,69.55328369140625,1163700
2022-04-14,69.67912559948093,70.06633348573169,68.92405249605112,68.98213958740234,951700
2022-04-18,68.28517415055865,68.80791381712602,67.3655366798215,67.68498992919922,1767200
2022-04-19,67.81085107511106,68.20774156339941,67.32683360101467,67.9173355102539,1553700
2022-04-20,68.13994710711276,68.99181479886221,67.95601819079077,68.78852844238281,1708000
2022-04-21,69.3015924469935,69.73721244188035,68.27547814949084,68.42068481445312,1645900
2022-04-22,68.18836801602053,68.30452745564736,65.46818543163096,65.56499481201172,1370600
2022-04-25,65.30361826014169,66.43621705686263,64.48079026386199,66.26197052001953,1734000
2022-04-26,66.5233789915525,66.649220906619,63.56119369342083,63.58055114746094,2471500
2022-04-27,63.599877564591345,64.06453747554414,62.45759631008106,62.64152526855469,2062700
2022-04-28,63.21267056860351,64.08389591367934,62.2446358425025,63.66764068603515,1901300
2022-04-29,62.88353372682264,62.999700550535024,59.78582192358678,59.9987907409668,3801100
2022-05-02,60.50217300591278,60.695780698083624,56.67843493338718,58.15953063964844,3251900
2022-05-03,58.34345376023186,59.330849630332345,57.781991842960046,58.04336166381836,2099000
2022-05-04,58.004636502565035,59.66965734100958,56.93979982708866,59.5438117980957,2328800
2022-05-05,58.97268002051243,59.35021670580698,56.38802879915321,57.07533264160156,1538200
2022-05-06,56.70004217733544,57.01035508676708,55.769099749818864,56.47700500488281,1880400
2022-05-09,56.1085117205701,56.186088104791736,54.64421908895863,54.86725997924805,2037700
2022-05-10,55.41030697215554,56.234578730180665,54.5375532097562,55.80789566040039,2949300
2022-05-11,55.546069707320434,56.21518500978838,54.2854228885337,54.392093658447266,2079300
2022-05-12,54.188447478924054,55.18726697943283,53.57751728675002,54.362998962402344,2142800
2022-05-13,54.88665028220719,56.46730931042555,54.70240313628114,56.14730072021485,1822600
2022-05-16,56.0309359757161,56.22488250012084,55.274548599682106,55.72062301635742,1521400
2022-05-17,56.29275566829737,56.59337292571098,55.50727771382523,56.51579284667969,1836500
2022-05-18,55.88547151754193,56.030928617326296,53.441754509102346,53.58721160888672,1612800
2022-05-19,53.36417645577759,53.684188746051476,52.27808119942322,53.053863525390625,3081400
2022-05-20,53.55812401440635,53.6938854617154,51.78352214008919,53.335086822509766,5480500
2022-05-23,53.946014561361096,54.46966530565649,52.99568077454567,54.27572250366211,2291100
2022-05-24,53.98480328897721,54.459972053003774,52.96658873660257,54.26602554321289,1830200
2022-05-25,54.09147328840094,54.77028421344623,53.645398911653615,54.479366302490234,2386200
2022-05-26,55.08059700025273,56.60307097283526,54.615127604102206,56.34124374389648,2128300
2022-05-27,56.63215984173718,58.144934307194205,56.52548908856335,58.13523864746094,2452300
2022-05-31,57.66977096416457,58.09645028997599,56.66125215855029,57.57279586791992,8115600
2022-06-01,57.71825204861449,58.03826059258579,55.759399651725566,56.25395965576172,1359000
2022-06-02,56.29275610299677,57.85402006295106,55.86607676269508,57.80553436279297,1310600
2022-06-03,56.97156776130205,57.58249794924792,56.797016279031794,56.96187210083008,1041400
2022-06-06,57.553397213680455,58.02856590721406,56.98125712924845,57.13641357421875,1654400
2022-06-07,56.593366773454235,57.47581973078416,56.26365887185727,57.456424713134766,978200
2022-06-08,56.95217025988352,57.61158611990396,56.6224623298733,56.67094802856445,924400
2022-06-09,56.70003588648932,57.05883445460702,55.090286460205625,55.11937713623047,1058200
2022-06-10,53.94601532170364,54.77028333946291,53.558122313804056,54.062381744384766,1236900
2022-06-13,52.947193646795824,53.7035846640737,52.28777773389819,52.84052658081055,1227200
2022-06-14,52.801736552726304,53.53872885009691,52.45263357531107,53.00537872314453,1372200
2022-06-15,53.66479426158673,54.18844872405403,52.38475248614799,53.27690124511719,1086100
2022-06-16,52.17140415133087,52.24898422419312,51.30834618645638,51.667144775390625,1796300
2022-06-17,51.8804931640625,52.48172401167696,51.49260014669848,51.8804931640625,2002600
2022-06-21,52.44293199989677,53.43205205872298,52.40414196250943,53.209014892578125,1358700
2022-06-22,52.59808840545245,54.66360795507898,52.59808840545245,53.81024932861328,1342400
2022-06-23,54.17875015993131,55.89517067930623,53.975107987943275,55.55576705932617,1578900
2022-06-24,55.972742037213465,57.320664345308806,55.856371929172234,57.272178649902344,1377700
2022-06-27,57.30128680100771,57.466138955504704,56.5836857128108,57.23340606689453,1253500
2022-06-28,57.31096944043269,58.10614674440188,55.93395634792761,55.96304702758789,1061100
2022-06-29,56.00183812503157,56.399426784530455,55.61394512586211,56.24427032470703,1660000
2022-06-30,55.914562543154226,56.76792492420495,55.546064562824306,56.573978424072266,1606600
2022-07-01,56.56428303473243,57.54370750122359,56.34124215401702,57.53401184082031,1434800
2022-07-05,56.884292298306626,58.15463838121335,56.73883149596289,58.08675765991211,2447300
2022-07-06,58.2516036618266,58.978900198672335,57.718253607984025,58.591007232666016,1209400
2022-07-07,58.60071453725317,58.94981751415059,58.338887304580105,58.62010955810547,1238500
2022-07-08,58.66859491522712,58.78496134043385,58.067364069233385,58.26131057739258,992400
2022-07-11,58.06736320562537,58.28070103212784,57.67947019507593,57.84432601928711,606300
2022-07-12,57.5437102744005,58.36797831961003,56.84550431661794,57.25279235839844,1000200
2022-07-13,56.496403896236416,57.63098862901416,56.34124742072739,57.10733413696289,853500
2022-07-14,56.14730126615079,56.74853211063819,55.74001323011472,56.53519058227539,792200
2022-07-15,57.466128519313365,57.84432586826149,57.20430499198128,57.514617919921875,1065300
2022-07-18,57.58249286674003,58.35827510878806,56.835801302762086,56.981258392333984,1228000
2022-07-19,57.621294309960845,59.07588778233347,57.456442158718744,59.00800704956055,1463900
2022-07-20,59.046785621879074,59.4055842395555,58.62010628462122,58.843143463134766,1447200
2022-07-21,59.0177042493603,60.511087714112975,58.89163845058965,60.47229766845703,1010600
2022-07-22,60.71472300047913,60.89897014755871,59.55104765769074,60.09409713745117,938100
2022-07-25,60.2201472818892,60.69531594486333,59.861348719574785,60.50136947631836,1036900
2022-07-26,59.63831604702621,60.69532049566594,59.37648884974244,59.82256317138672,1347400
2022-07-27,60.123185206812465,61.45171261834219,60.123185206812465,61.17049407958984,1036200
2022-07-28,61.306248039351075,62.48931820702838,60.637132885858215,62.431129455566406,1275000
2022-07-29,62.61538228011862,63.71117305497783,62.5378022079756,63.129337310791016,1308700
2022-08-01,62.16931173169711,62.49901596062741,61.15109726803477,61.26746368408203,1040500
2022-08-02,61.083214178423795,61.674745594906376,60.79229260077018,60.97654342651367,915000
2022-08-03,61.25776928712116,62.54751042499963,61.23837796556053,62.343868255615234,672600
2022-08-04,62.208105597023184,62.615389927854665,62.05294913300806,62.363258361816406,1143500
2022-08-05,61.868682994486896,62.97417668893499,61.703830910632774,62.93538665771485,563800
2022-08-08,63.18753132351171,63.701486396962984,62.954791087710625,63.30389404296875,692300
2022-08-09,63.19995181842871,64.11293951298384,63.10282720223062,63.63701629638672,800500
2022-08-10,64.10323902672518,64.61800627571215,64.04496572612585,64.46260833740234,1240000
2022-08-11,64.79284397483335,65.41445064799446,64.35577933000121,64.62773132324219,737500
2022-08-12,65.10364358888141,65.64754754426373,64.91910157110429,65.60870361328125,1393100
2022-08-15,65.34644675601854,66.17201722331383,65.06478014291605,66.03604125976562,784800
2022-08-16,65.73496810716779,66.46341411570904,65.66698010944272,66.18174743652344,714000
2022-08-17,65.58926714715926,66.30799835480718,65.43386920962166,65.98748779296875,614300
2022-08-18,65.9777753281561,66.12346599397176,65.278466060349,65.86122131347656,1668700
2022-08-19,65.61841288990537,65.67669360842578,65.02594288754298,65.33674621582031,916000
2022-08-22,64.66656903114553,64.98708698851135,63.93812316993292,64.03524780273438,864100
2022-08-23,63.83127363486445,64.01581559474613,63.093113205471056,63.1805305480957,633300
2022-08-24,63.36507687684726,63.7147314920769,63.12226158350083,63.47191619873047,816900
2022-08-25,63.73417265954511,64.70543401266758,63.43307660118463,64.65686798095703,712800
2022-08-26,64.79282893413449,64.79282893413449,63.19024659153907,63.219383239746094,625000
2022-08-29,62.58807618566182,63.1416947917117,62.06359423096165,62.52008819580078,990100
2022-08-30,62.87945694966252,62.87945694966252,61.81107095984925,61.96647262573242,636100
2022-08-31,62.41324953310826,62.64635015652724,61.20888396188481,61.228309631347656,1084500
2022-09-01,61.18946539528468,61.859634396741875,60.63584671906611,61.83049774169922,984700
2022-09-02,62.36468325214874,62.61721324906656,60.76210443122025,61.082618713378906,758500
2022-09-06,61.170024202815426,62.06358634976835,61.13117286923767,61.53910446166992,817600
2022-09-07,61.772212839185435,63.50105664557259,61.6750881980659,63.3845100402832,890200
2022-09-08,63.01541386701236,63.72443768959052,62.821164622266025,63.66616439819336,620500
2022-09-09,63.69530976521007,64.28777967598263,63.47191643404389,63.53019714355469,941300
2022-09-12,63.6176081919364,63.73416220283734,63.0931262580844,63.42335891723633,941400
2022-09-13,62.27727568175871,62.43267363264076,60.820380062761394,60.956356048583984,1078500
2022-09-14,61.170026767753114,61.17974145408845,60.21819128558897,60.72324752807617,2609000
2022-09-15,60.78153338461609,60.88836901439622,59.51889074194187,59.72285842895508,2336000
2022-09-16,59.32463265719743,59.907387863567045,58.906990067441214,59.77141189575195,3976800
2022-09-19,59.50917879094088,60.11135974429597,59.32464048243128,59.97538375854492,2024600
2022-09-20,59.470329532300646,60.04337385307198,58.86814855786788,59.674293518066406,1845600
2022-09-21,60.062795616393,60.868940524146545,58.62532941654895,58.664180755615234,1039700
2022-09-22,58.469923573244515,58.47963455478104,57.07130510767562,57.53751373291016,1490900
2022-09-23,57.14901229955477,57.86774725731683,56.48855435082238,57.22671127319336,1469700
2022-09-26,57.00331742357355,57.53751403759455,56.42056219654549,56.93532943725586,1549000
2022-09-27,57.63464245119926,58.76130534767933,57.18786316752404,57.74148178100586,2008600
2022-09-28,58.35338358028813,58.92642421888048,57.76091356505495,58.508785247802734,1393100
2022-09-29,58.31452420679624,59.25664506539918,57.71233958616797,59.14009475708008,2034500
2022-09-30,59.06239649256473,59.92681839097706,58.55734021038805,58.74187850952149,1825100
2022-10-03,58.80986865049307,60.60670420754338,58.80986865049307,60.257049560546875,1644000
2022-10-04,60.78153316787727,62.18014438339226,60.78153316787727,61.480838775634766,1090300
2022-10-05,60.96607451571948,62.18986216905816,60.83009852146718,61.879058837890625,914900
2022-10-06,61.75278719541435,61.86933749882654,60.62612067718293,60.84951400756836,1049400
2022-10-07,60.37359359315162,60.49985858144524,59.05267782195858,59.46060943603515,1114600
2022-10-10,59.76170046620933,60.50957203501553,59.59658784059796,60.28618240356445,807400
2022-10-11,60.218199332341776,60.90779395160879,59.674291681967205,60.17934799194336,1286100
2022-10-12,60.02394204154537,60.02394204154537,58.809865528953154,58.93613052368164,1287000
2022-10-13,57.906597275272645,61.14089916073745,57.4986693104759,60.762107849121094,1723600
2022-10-14,61.25743836845057,61.441976646903605,57.66377149361811,57.77061080932617,1645700
2022-10-17,58.85842619799856,60.257044672529425,58.83900423480108,59.52859878540039,1787400
2022-10-18,60.92721478035441,60.94664044901,59.8005519338025,60.37359619140625,1243600
2022-10-19,60.19876870241228,61.17974458877781,59.77141510844229,61.09233093261719,1598400
2022-10-20,60.917504558017,60.917504558017,58.91670512235701,59.14009475708008,1120400
2022-10-21,59.15951500147133,59.97537449503153,58.10084022655472,59.761695861816406,2300400
2022-10-24,60.315323023640666,61.47112629925991,60.315323023640666,61.26716232299805,1482400
2022-10-25,55.342463039876336,58.71274060828418,53.39022964722407,53.5164909362793,6772900
2022-10-26,53.50678245008032,54.73056999575119,52.29270588668684,54.34206771850586,3454700
2022-10-27,54.69172337695468,55.51729397336234,54.652872036988555,55.07051467895508,1613800
2022-10-28,55.27446510786734,57.02273422208024,55.07050118064031,56.95474624633789,1301800
2022-10-31,56.75079776407977,57.51809507635719,56.401143105063845,57.1004524230957,1933400
2022-11-01,57.45565599706619,57.59189848769468,56.784169847069414,57.07612228393555,1001200
2022-11-02,57.10530681198727,57.29020677476242,55.499583518096095,55.606632232666016,1415800
2022-11-03,55.17845328295037,56.03483947647016,54.96435580648801,55.02274703979492,1046600
2022-11-04,55.62610169126889,55.62610169126889,53.1445321102324,54.27340316772461,2228200
2022-11-07,54.45830189018137,54.70159309274186,53.7868195075529,54.516693115234375,1103900
2022-11-08,54.70159277465689,55.54824882752114,54.30259535327098,54.93515396118164,955300
2022-11-09,54.77945551587744,55.33415923623347,54.21501806718976,54.23448181152344,577500
2022-11-10,55.91805505633218,57.2123661736123,55.178451355264635,57.115047454833984,1353800
2022-11-11,57.58216214505947,57.58216214505947,54.41937639615501,55.14925003051758,1281200
2022-11-14,55.32441724679532,55.81099964549125,54.13715871836104,54.14688873291016,1429800
2022-11-15,54.954619415703974,55.2465681237132,53.80628461351567,54.30259704589844,1109700
2022-11-16,54.302598566151275,55.4509334004883,54.302598566151275,55.32442092895508,1106400
2022-11-17,54.867036189598,55.47039736712149,54.44857500019302,54.876766204833984,953900
2022-11-18,55.73314873048361,56.08348865364435,55.27576008498718,55.41200256347656,1464800
2022-11-21,55.58717168583073,56.65765518069685,55.519050447614504,56.44355773925781,904300
2022-11-22,56.93015004870933,57.03719878807282,55.94725507445583,56.37544631958008,1173600
2022-11-23,56.39490726286543,57.2220959512268,56.12241856374949,57.05665969848633,811200
2022-11-25,57.368067676435984,57.92277133453638,57.212361451571475,57.66974639892578,472500
2022-11-28,57.222093399176494,57.74760331796695,56.29758603367388,56.33651351928711,848600
2022-11-29,55.94724840030936,56.56033957789563,55.77207843176207,55.82073593139648,693800
2022-11-30,55.44119976979208,58.08820549786789,55.29522356505568,57.99089050292969,2010700
2022-12-01,58.23418071756936,58.36069317871232,56.86201852310802,57.3388671875,1160500
2022-12-02,56.68685166730533,58.04928392192334,56.511681699930755,57.92277145385742,959900
2022-12-05,57.46538162231445,57.718406553290635,57.11504169470384,57.46538162231445,1196500
2022-12-06,57.445916158878525,57.48484364129731,55.937511482276456,56.414363861083984,1027300
2022-12-07,56.48249066375031,56.97880312033439,55.626104527811925,55.78181076049805,1001400
2022-12-08,55.8304667644569,56.6868528774221,55.4801268222289,56.21973419189453,1211300
2022-12-09,56.20026905225671,56.55060898577592,55.9375141021173,55.95697784423828,907600
2022-12-12,56.05430297131979,56.50196169633419,55.723426720133446,56.45330047607422,965500
2022-12-13,57.854645756424624,58.11740068724925,56.75496853756506,57.32913589477539,1416000
2022-12-14,57.32914482810712,58.17579726225258,56.26839492533632,56.60900115966797,1022400
2022-12-15,55.820739650079915,55.966712158707594,54.78918351239524,55.06167221069336,890600
2022-12-16,54.341526841201514,54.90596053904544,53.53379821195267,54.010650634765625,2253000
2022-12-19,53.816016456097834,54.604281335589505,53.56299522385138,53.923065185546875,1012000
2022-12-20,53.932788168054856,54.53615298039363,53.796545698277995,54.03983688354492,822300
2022-12-21,54.58481919975292,55.47039910718141,54.26367300195109,55.45093536376953,828100
2022-12-22,55.21737242562529,55.41200241590371,54.283131395575005,55.12978744506836,1202400
2022-12-23,55.12978759188962,55.47039378811306,54.6334714633022,55.41200256347656,766900
2022-12-27,55.50932347894113,55.8401996737161,55.08112857256807,55.82073593139648,784900
2022-12-28,55.99590822719445,56.122416989035905,55.03247336014293,55.05193710327149,677000
2022-12-29,55.44119870244345,56.48248472001765,55.13951628421644,56.10295104980469,728300
2022-12-30,55.59690647701272,55.67475773118069,54.82810538833497,55.441200256347656,665600
2023-01-03,55.528784864865685,55.927782284663,54.60427756172678,55.12978744506836,1162300
2023-01-04,55.5969096252631,56.463025758778095,55.392542182800206,56.05429458618164,1305800
2023-01-05,55.859664564571226,56.21973452406442,54.75998723104249,55.54825210571289,1299400
2023-01-06,56.07376082514421,57.54324191160758,55.72342086513097,57.25129318237305,727900
2023-01-09,57.41673454005442,58.15633830070457,57.20263705382392,57.26102828979492,957700
2023-01-10,57.22209955075028,58.27311950131947,57.19290578956661,58.26338577270508,798200
2023-01-11,58.50667346891462,60.073469571178606,58.399624734623856,60.034542083740234,1398600
2023-01-12,60.28756692044176,60.56005190731203,59.392253272778795,60.005348205566406,1197700
2023-01-13,59.509037591816345,59.82045007576543,59.21708513982565,59.62581634521485,669900
2023-01-17,59.62581588845645,60.08320459489709,59.44091588763109,59.538230895996094,988000
2023-01-18,59.61608580977832,59.8301832960834,58.85701830354009,59.00299453735352,986200
2023-01-19,58.6331787109375,58.96405488867081,58.34123001583848,58.6331787109375,897100
2023-01-20,58.88619618767368,60.14157958052017,58.56505375713669,60.06372833251953,1280700
2023-01-23,60.190249694662946,60.550323393190226,59.48957346643094,60.29729843139648,1589100
2023-01-24,60.112391939074826,60.112391939074826,55.966707688198376,57.13450622558594,2645000
2023-01-25,57.29021500078066,58.02008865510672,56.02510140908139,57.37779998779297,2003300
2023-01-26,57.26102205071195,57.34860703896039,56.11268718804548,56.79390335083008,1520200
2023-01-27,56.706316974364526,56.803631975667365,55.5385183970838,56.05429458618164,1495200
2023-01-30,55.95698015919224,56.424098852432934,55.840201413964415,55.91805267333984,1244400
2023-01-31,55.88886321953037,56.98854064941406,55.72342324808059,56.98854064941406,2631700
2023-02-01,56.482488583008454,57.38753218725885,55.93751493251843,56.83282852172851,1468000
2023-02-02,56.9352091328927,57.23748680380045,56.233146784799274,57.198482513427734,1472300
2023-02-03,56.8669555308592,57.02296897831017,56.22339959516723,56.935211181640625,1256000
2023-02-06,56.70118314871503,57.66651502691715,56.61342536709181,57.53975296020508,949500
2023-02-07,57.21798859789541,58.68061611068486,57.1984864513664,58.47584915161133,1247900
2023-02-08,58.07605811698891,58.49534492252801,57.422749298262566,57.491004943847656,873300
2023-02-09,57.74453158772102,58.11506118837848,56.7401915657972,56.85720443725586,1064100
2023-02-10,56.72068603428045,56.83769889875333,56.17464087868825,56.7986946105957,756900
2023-02-13,56.89619744073524,57.2082242838168,56.7011834535493,57.01321029663086,691500
2023-02-14,57.52026674545763,57.59827161253778,55.80411503384468,55.83336639404297,1070400
2023-02-15,55.51158527074692,56.525674488988194,55.33606968606463,56.4769172668457,655500
2023-02-16,55.73585728406549,56.31115757080446,55.64809948711704,55.94062423706055,591100
2023-02-17,55.84311492352862,56.340406605954726,55.69685069476302,56.23314666748047,884900
2023-02-21,55.92112179976319,55.96987902421142,54.71201851438835,54.84852981567383,773100
2023-02-22,54.89728028464347,55.433576247030935,54.7802711356771,55.07279586791992,851400
2023-02-23,55.13131135678451,55.55059823906767,54.5365088623989,55.05330276489258,518300
2023-02-24,54.68277056249899,55.13130878599898,54.43899930368539,55.06305313110352,618100
2023-02-27,55.61884359971228,55.66759710079118,54.468243119912515,54.56575012207031,712300
2023-02-28,54.497496194645095,55.09229859765823,54.448742692029256,54.67301177978515,1615800
2023-03-01,54.33173775754524,54.93628942012857,54.15622215878651,54.61450958251953,1279500
2023-03-02,54.292719866173826,54.809513599939386,53.99044225076487,54.75101089477539,806000
2023-03-03,54.95578962356151,55.3848256722168,54.45849420477649,55.345821380615234,669900
2023-03-06,55.570088586983175,56.00887380441086,55.43357358016063,55.579837799072266,914500
2023-03-07,55.65785523310112,55.78461360870268,54.507254601467,54.624263763427734,825700
2023-03-08,54.721762990369015,55.52133230267083,54.6047538450612,55.46282958984375,1336600
2023-03-09,55.609100070343146,55.8723734842691,53.75644067851306,54.04896545410156,1323900
2023-03-10,54.00995355138701,54.56575166261634,53.103124271033074,53.55166244506836,1363100
2023-03-13,52.82035017771362,53.73693241513833,52.44982057330959,52.722843170166016,1346900
2023-03-14,53.55166540774042,53.8734452371246,52.76184895316839,53.668678283691406,1478100
2023-03-15,52.54732355216742,52.986112491798465,51.503983028852275,52.098785400390625,1502500
2023-03-16,52.03053592086068,54.20497501303942,51.81601603170223,53.736934661865234,1378000
2023-03-17,53.63941988577535,53.6784241753455,52.157294078647425,52.45956802368164,2966100
2023-03-20,52.66433963144323,53.2786442278232,52.293810006652606,52.99586868286133,1630800
2023-03-21,53.86369410490791,54.61450624074646,53.79543473654143,54.39999008178711,1277500
2023-03-22,54.517001134990124,54.936287974362195,53.50291186210634,53.512664794921875,1246500
2023-03-23,53.2786414003757,54.175721494110356,53.151879314593366,53.68817901611328,948100
2023-03-24,53.25914073706638,54.07821227168188,52.88861112162781,53.98070526123047,929000
2023-03-27,54.40973929460867,54.760770470647095,54.21472156129245,54.39999008178711,862700
2023-03-28,54.39023208618164,54.63400330022104,54.039200942820344,54.39023208618164,789000
2023-03-29,54.96554397611796,55.17031466634601,54.595014330219115,55.01429748535156,819700
2023-03-30,55.32632149598765,55.599344090693386,54.69251479295918,55.20930862426758,878000
2023-03-31,55.79436585516331,56.04788632289975,55.41408329373159,55.9893798828125,852600
2023-04-03,55.82361427568859,56.408663767135536,55.78460998435107,56.21364974975586,1115600
2023-04-04,56.525678102004434,56.80844992237454,55.648100122499834,56.35016250610352,1020000
2023-04-05,56.16488606511987,57.38374213180783,56.16488606511987,57.373992919921875,1071000
2023-04-06,57.34473929568751,57.69576670449581,57.04246166403366,57.6665153503418,799100
2023-04-10,57.266732290797314,57.38374143026588,56.57442294609919,56.964454650878906,801900
2023-04-11,57.12048460657204,57.57877205545796,56.87671334154499,57.4422607421875,756000
2023-04-12,57.62752763915896,57.90055399518331,56.72069820303958,57.02297592163086,1529600
2023-04-13,56.8864533459567,57.56901352146131,56.60367783158778,57.491004943847656,925600
2023-04-14,57.549519244728224,57.77378835654703,57.0229724328123,57.30574798583984,721200
2023-04-17,57.36424904924488,58.31983184814453,57.247236177797184,58.31983184814453,1954200
2023-04-18,59.09013808518331,59.333909288042406,58.44658225842144,58.84636688232422,1873700
2023-04-19,59.09989584288704,59.41192271045709,58.680609042154714,58.8853759765625,1198300
2023-04-20,58.70986573330139,59.480183759958805,58.41734098333075,59.33391952514648,1302900
2023-04-21,59.363167975757634,59.90921312282688,58.92437903996728,59.87021255493164,8431400
2023-04-24,59.90922594109468,60.162750144752906,59.36318067719277,59.5386962890625,1447600
2023-04-25,58.505097533898955,62.58095295966623,58.505097533898955,61.44010162353515,2645700
2023-04-26,61.43036027818021,61.94715418229454,61.09883120090862,61.254844665527344,1738600
2023-04-27,61.39134918962308,62.48344704077619,61.206084383278494,62.44444274902344,1549700
2023-04-28,62.2299189071507,63.08799095322683,62.1714124732417,62.78571701049805,1729800
2023-05-01,62.619962346786394,64.73589509435763,62.619962346786394,64.18984985351562,2168300
2023-05-02,64.07283112521567,64.20934242297183,62.75646793153395,63.302513122558594,1640800
2023-05-03,63.66329761379876,63.9850774344288,63.07824812857641,63.08799362182617,1094000
2023-05-04,63.07825020523127,63.292770092713695,62.366434891249426,62.512699127197266,1017900
2023-05-05,62.83994107999065,63.846082239032754,62.830170620896816,63.797237396240234,985400
2023-05-08,63.660483373548594,64.35403694393743,63.51395629187727,64.22705078125,823400
2023-05-09,64.17818699190201,64.56892327679294,63.8655994545242,64.05120086669922,697500
2023-05-10,64.21726679690488,64.52985436072012,63.56278774964725,64.07073974609375,795300
2023-05-11,63.97307688154609,64.18798229405431,63.55303651691941,64.13914489746094,718400
2023-05-12,64.47127146159242,64.62756903030004,63.51396748495397,64.15868377685547,589600
2023-05-15,64.27589811448568,64.35403943541561,63.885161699127046,64.34427642822266,619600
2023-05-16,64.0902755551382,64.61776842442976,63.7679175595698,64.18795776367188,1044000
2023-05-17,64.52010469621374,64.52010469621374,63.68978705416498,63.84608459472656,794500
2023-05-18,63.95352775272689,64.77406736026991,63.56279141227391,64.73499298095703,922000
2023-05-19,65.0769091888508,65.36995593237121,64.50057125704177,64.82292938232422,1052400
2023-05-22,64.55915313716972,64.9791933412718,64.06097163784558,64.18795776367188,1007900
2023-05-23,63.86561231715032,64.09028814833195,61.62865800095285,61.73611068725586,1232100
2023-05-24,61.32584122109179,61.902175346315715,60.99371640780448,61.628662109375,1143000
2023-05-25,61.74588153572982,61.75565199495678,60.97417921568894,61.628662109375,782100
2023-05-26,61.5700434875253,62.12684035691903,61.29653028188289,61.41374969482422,986300
2023-05-30,61.64819960299974,62.01939880233359,61.306304328813326,61.521209716796875,1128900
2023-05-31,61.247689686305705,61.40398348032342,60.40760914608377,60.886260986328125,1709100
2023-06-01,61.091396768344566,61.31606886757072,60.280620138393715,61.296531677246094,738800
2023-06-02,61.462595537565264,62.4687403989704,61.38445049836832,62.31244659423828,900900
2023-06-05,62.29290970013768,62.51758181261618,61.85333220775007,62.20499420166016,759300
2023-06-06,62.39059163343522,62.42966601620281,61.814257529797096,62.31244659423828,663800
2023-06-07,62.253830386886584,62.37104980012714,61.462590963252424,61.97054672241211,1078800
2023-06-08,61.775187013803105,62.39059177526959,61.56028163443104,62.38082504272461,1163500
2023-06-09,62.195220652954674,62.80086237964024,62.01939339107281,62.54688262939453,882800
2023-06-12,62.51758307985062,62.927852930169735,61.9021745780336,62.82040023803711,827500
2023-06-13,62.712946372524506,63.24043936421237,62.44920360301883,63.00600051879883,1215400
2023-06-14,63.00600504815554,63.45534930611571,62.58596471639409,63.10368728637695,910800
2023-06-15,63.123210958147,64.70568216190756,63.00598783270454,64.52008819580078,1196200
2023-06-16,64.55917943029682,65.15505083351097,64.47126764261498,64.7154769897461,1947900
2023-06-20,64.47124336369767,65.22340459043046,64.22703410853215,64.52008819580078,1180100
2023-06-21,64.57869300649477,64.94012537016864,64.00235531591613,64.86197662353516,1253900
2023-06-22,65.08667539254225,65.08667539254225,64.15868281347947,64.48104095458984,933000
2023-06-23,64.68614625566534,65.7118206169871,64.59822705173791,64.89128112792969,3541600
2023-06-26,64.85221659118757,65.25272339255444,64.45171724249656,64.87175750732422,1003100
2023-06-27,64.87177077205314,65.75091840839474,64.77408107674638,65.27227020263672,1254000
2023-06-28,65.21365693889572,65.49694063590002,64.69593438848942,65.25273132324219,996100
2023-06-29,65.26248700567581,66.21002022487863,65.06712255854522,66.12210845947266,1205000
2023-06-30,66.47377332298355,67.64597496219659,66.47377332298355,67.24546813964844,1373500
2023-07-03,66.81567947802301,67.01104397644743,64.98899086177532,65.8583755493164,924000
2023-07-05,65.3406529210816,66.00490264947368,65.29180807013654,65.8583755493164,1168000
2023-07-06,65.68252534876939,65.99511292661961,65.25272208714765,65.78997802734375,1794600
2023-07-07,65.76068332261886,67.00126335001153,65.682534554035,66.22956848144531,1375100
2023-07-10,66.44446108664947,67.57759578219864,66.23932617507788,67.07940673828125,870000
2023-07-11,67.17709449331157,67.92926335031815,67.13802756161479,67.83158111572266,1371700
2023-07-12,68.17348765522247,68.31024430426577,66.92313689101033,67.06966400146484,1151500
2023-07-13,66.94265747070312,67.18686679020966,66.48354275760252,66.94265747070312,939900
2023-07-14,67.09895382607051,67.21616952764785,66.55191989222783,67.12825775146484,824000
2023-07-17,67.40177926782701,68.65212992268579,67.37247533883466,68.27116394042969,1117300
2023-07-18,68.02694893172732,68.45675972830564,67.8804218462868,68.1148681640625,982100
2023-07-19,67.92925437397928,68.3004497974622,67.72411947263272,68.01716613769531,900300
2023-07-20,68.08555500340276,69.38475036621094,68.0367176113185,69.38475036621094,914900
2023-07-21,69.68755310258318,69.91222890820232,69.40427691020638,69.55079650878906,1661300
2023-07-24,69.43359215073889,69.61918615676232,68.90609915180977,68.99401092529297,1624300
2023-07-25,70.60579563133491,71.2993491883816,70.27367454176755,70.79139709472656,1557500
2023-07-26,71.06490639377323,71.06490639377323,69.61918405668791,69.99038696289062,1255300
2023-07-27,70.11737120767388,70.11737120767388,68.83771689367079,68.92562866210938,1010600
2023-07-28,69.68757647461914,69.9220228163316,68.42746278813469,68.95494842529297,1011500
2023-07-31,68.76933888219405,69.11123040425939,68.51535912894143,68.81817626953125,1177500
2023-08-01,68.4567574736313,68.97448003281606,68.21254815683268,68.37860870361328,1661600
2023-08-02,68.11486526934503,69.17961430312114,68.11486526934503,69.0819320678711,1301200
2023-08-03,68.75956946657013,69.32613682754396,68.72049508450196,68.98424530029297,871100
2023-08-04,69.07216226900013,69.48243213257936,68.2906969268507,68.37860870361328,847400
2023-08-07,68.89631630020584,69.55079533844687,68.39812731538157,69.4921875,728600
2023-08-08,69.60473024452925,69.91782404025133,68.6556625767872,68.72415161132812,1078500
2023-08-09,69.02745491714737,69.58515337973144,68.72413998855347,69.11550903320312,753700
2023-08-10,69.43838346275413,69.74169090217787,68.65564543649174,68.9198226928711,717700
2023-08-11,68.80242297306884,69.35033521791331,68.6360935365617,69.25249481201172,757300
2023-08-14,69.40904145764284,69.97651876526591,69.26227712482459,69.71234893798828,707600
2023-08-15,69.4873097980389,69.5851576637831,69.00788660781751,69.06658935546875,794400
2023-08-16,68.91003808059938,70.92557846954647,68.91003808059938,70.76903533935547,1366400
2023-08-17,70.99407762527726,71.00386390504376,69.53623545932996,69.72213745117188,1468100
2023-08-18,69.65363867851728,70.31896377942564,69.59492847287552,69.84931945800781,1178300
2023-08-21,69.94716115633899,70.29939253780617,69.40903527030103,70.09392547607422,766800
2023-08-22,70.15262827219311,70.33853024165072,69.65364003534914,70.16241455078125,607200
2023-08-23,70.44616018902397,71.36587633576534,70.42659509568092,71.3365249633789,632400
2023-08-24,71.44414035241877,71.84529565955927,70.73968505859375,70.73968505859375,911900
2023-08-25,71.13103962876653,71.93334269942063,70.6027000765307,71.49305725097656,1024100
2023-08-28,71.36587767651332,71.85508713146119,71.27781609295589,71.64962005615234,809200
2023-08-29,71.65939163588519,72.15838731968157,71.24845752675552,72.12903594970703,784700
2023-08-30,72.15839855597348,72.80415865494147,72.12904718142843,72.52041625976562,981400
2023-08-31,72.69651219290833,72.9606819566841,72.43233496439031,72.50082397460938,1085100
2023-09-01,72.71609918460612,72.89221490175046,72.4421430612137,72.59868621826172,595900
2023-09-05,72.48125948617717,72.5203971301615,70.90600477333406,70.93535614013672,1117600
2023-09-06,70.93536839441902,71.24846213563912,70.61248837432663,71.16040802001953,1325100
2023-09-07,71.37564730426008,72.45191393841458,70.85708654311816,72.39320373535156,1319800
2023-09-08,72.61824373334449,72.61824373334449,71.28759358276946,71.54198455810547,810100
2023-09-11,71.65939026706899,71.9039949651752,71.3854341995489,71.8159408569336,836100
2023-09-12,71.80615692455264,72.52040595084188,71.60068986720064,71.96270751953125,816900
2023-09-13,71.93335043006005,72.10946612131326,71.41478963490988,71.56155395507812,940200
2023-09-14,72.04097720890428,72.04097720890428,71.06255835930206,71.69853210449219,1559100
2023-09-15,71.37563945421115,71.60067903425936,70.79837601823782,71.06254577636719,2727300
2023-09-18,71.20932603310058,72.20731748694885,71.00385896077741,71.7474594116211,907600
2023-09-19,72.40298558051703,72.40298558051703,71.8257221163974,72.23665618896484,718000
2023-09-20,72.5595382395822,72.89219703222324,72.17794805869589,72.2464370727539,677700
2023-09-21,71.98227375532375,72.11925179573497,70.74946392687929,70.80817413330078,1194700
2023-09-22,70.81794617832821,71.39521712038018,70.66140306056772,70.71031951904297,826000
2023-09-25,70.43637204586402,70.76903834184151,70.30918028064109,70.54399871826172,698100
2023-09-26,70.32873575563077,70.38744595556464,69.39924094630253,69.54600524902344,800800
2023-09-27,69.42859649658203,69.68298747230774,69.01766239600101,69.42859649658203,940800
2023-09-28,69.71235746559425,70.06458892154738,69.25249931672518,69.34056091308594,1227200
2023-09-29,69.46774854632935,69.46774854632935,68.17623577335357,68.33277893066406,1018500
2023-10-02,68.17621916301485,68.42082385182235,67.68700978539987,68.01966857910156,1318200
2023-10-03,68.02945576629646,68.3914733978789,67.4521922760696,67.78485107421875,856100
2023-10-04,68.10773528806376,68.9980925408421,67.8924819513116,68.86111450195312,919100
2023-10-05,68.81220497753309,69.44817877349477,68.81220497753309,69.23292541503906,1008800
2023-10-06,69.24269997061748,69.86889491340081,68.86111720946023,69.4873046875,855700
2023-10-09,69.19378192998849,70.13306312565317,69.19378192998849,70.09392547607422,727300
2023-10-10,70.31897227598739,70.44616405155035,68.92961170065404,69.40904235839844,1286300
2023-10-11,69.69277638259672,70.36788029769437,69.35032382110201,69.91780853271484,1103100
2023-10-12,69.9080210725626,70.07435794366715,68.39147639408709,68.68499755859375,1061400
2023-10-13,68.91983846672574,69.50688838841057,67.80444137610111,68.2055892944336,1474500
2023-10-16,68.48931535006693,68.76327141710833,67.8631279211886,68.30341339111328,1659000
2023-10-17,67.77507445938329,68.28385647170009,67.2075971660599,67.52069091796875,2125500
2023-10-18,67.46197613338572,67.7946424211517,67.07061456859283,67.3641357421875,1932500
2023-10-19,68.18601423232823,68.18601423232823,66.64989688714601,66.7966537475586,1736100
2023-10-20,66.9629708536585,67.37390487093522,65.53448060450033,65.72037506103516,5591300
2023-10-23,66.09219280724736,67.12931434466773,65.2898896912774,65.33880615234375,1934100
2023-10-24,65.70082947932048,68.42083277940844,65.61276789819324,68.19579315185547,2594700
2023-10-25,68.48932564527912,68.81220568628831,67.4228525861655,67.53047180175781,2136800
2023-10-26,67.9903349875714,68.67523277415152,66.74774612802855,66.9727783203125,1875800
2023-10-27,66.85534581316878,67.02167518632679,65.8475758331929,66.17044830322266,1081600
2023-10-30,66.62053975120641,67.62831749514554,66.19004050843233,67.38371276855469,1197700
2023-10-31,67.56015831905484,68.44240218427838,67.28568411184334,68.05029296875,2585100
2023-11-01,68.32478770653867,68.48163443142461,67.07004382290506,67.93268585205078,1747300
2023-11-02,68.11889930651719,69.55989611486133,68.01106910460982,69.5108871459961,1093800
2023-11-03,69.84417694267775,69.84417694267775,68.63844259738993,69.13838195800781,2353100
2023-11-06,69.42265903586284,69.68732840854284,68.90311759695996,69.5108871459961,1170000
2023-11-07,69.43246995126627,69.7853674652363,68.80509825506633,69.7363510131836,1056600
2023-11-08,69.91279593730931,70.40293051552344,69.3540428172996,70.19707489013672,1041600
2023-11-09,70.54998735685619,70.81465679456143,70.25590355597328,70.41275024414062,766500
2023-11-10,70.6283944617027,71.45181694867063,70.54016635017899,71.41260528564453,914000
2023-11-13,71.50084645211938,72.1380155257656,71.39301622882448,72.06939697265625,1194700
2023-11-14,72.25564620341876,72.53012039939695,71.64787657028066,71.75570678710938,1412400
2023-11-15,71.5106497105123,72.0105891983983,70.82446412232522,70.8832778930664,1369800
2023-11-16,71.16754672731882,72.20663722777175,71.16754672731882,71.75570678710938,950800
2023-11-17,71.76550121041693,72.12820347636085,71.26556186630177,71.56945037841797,819200
2023-11-20,71.40282204108789,72.16743848247737,71.26558491852465,71.9909896850586,1089200
2023-11-21,72.20664787311999,72.99085890883579,72.20664787311999,72.64776611328125,953700
2023-11-22,72.83401236319213,73.23591888929026,72.57914024977546,73.06927490234375,624200
2023-11-24,73.13789447079841,73.45158035364632,72.80459901341298,73.0594711303711,295800
2023-11-27,73.0300483856458,73.65742001507947,72.97123463253006,73.49077606201172,851100
2023-11-28,73.41237166544326,73.62803212094784,71.94196762757934,71.97137451171875,850700
2023-11-29,72.15762229012945,72.46150337365609,71.20675989203001,71.5302505493164,908200
2023-11-30,71.64787410627382,73.35354794352664,71.48123013285532,73.26531982421875,1385300
2023-12-01,73.04965412746255,73.27511932377261,72.37327349625261,72.67715454101562,986900
2023-12-04,72.68696706948627,73.60841508755998,72.53992518482592,73.03005981445312,1123200
2023-12-05,72.83401845763018,73.15750167145836,72.39289274609044,72.58895111083984,787900
2023-12-06,72.62813840792147,73.01045026052212,71.82431799661327,72.46149444580078,851500
2023-12-07,72.61835595519084,72.82421162324654,72.03019583519429,72.32427215576172,759900
2023-12-08,72.5399088320812,72.8339925351063,72.14779972100081,72.68695068359375,821400
2023-12-11,72.97124004506651,73.87308589441308,72.73597005743325,73.51038360595703,1259000
2023-12-12,73.47116805958214,74.27498844437602,73.14768493168283,74.25538635253906,1176100
2023-12-13,74.46123978895079,74.74551872484287,74.06913065396655,74.27498626708984,972200
2023-12-14,73.82408496375679,73.82408496375679,69.78537988552503,70.5401840209961,2904500
2023-12-15,68.73648069069681,69.11878508981151,67.7660087739958,68.09930419921875,3319600
2023-12-18,68.68745212964188,69.98140697828273,68.42278277647279,69.62850952148438,1906600
2023-12-19,69.64813732869234,70.33432285278474,69.28543499232275,69.53050231933594,1627000
2023-12-20,69.33444723956048,69.86378605237168,68.26594986964997,68.29535675048828,1168700
2023-12-21,68.0699047638632,69.15800431999753,67.82483743101965,69.02076721191406,1235000
2023-12-22,69.22662309484934,69.51090209931802,68.53063276481703,69.08938598632812,824100
2023-12-26,68.81489406259439,69.01095238767171,68.51101300730005,68.97174072265625,876600
2023-12-27,68.77568739056225,69.33444050883095,68.45219677502246,69.20700073242188,854400
2023-12-28,69.52069854736328,69.81478233561803,69.28543600407632,69.52069854736328,712600
2023-12-29,69.491286893926,69.78537066199273,69.1187872693876,69.70694732666016,1043100
2024-01-02,69.61871909035382,70.1186585037018,69.18740570445482,69.35404968261719,1231500
2024-01-03,69.26582127093423,69.54029543450206,67.88363818871905,68.0796890258789,2041600
2024-01-04,68.36398129401712,69.2756320742575,68.34437919802616,69.08938598632812,1401700
2024-01-05,69.16779555408466,69.26582846170183,67.87384044946269,68.22673797607422,1737200
2024-01-08,69.68733808991131,70.79504713996556,69.49128722949403,70.76564025878906,1493700
2024-01-09,70.37353436324334,70.4911693723334,69.5893159270321,70.45195770263672,1200600
2024-01-10,70.33430896452782,71.55964535763806,70.28529251725948,71.5008316040039,1026800
2024-01-11,71.402800500173,71.81451922251698,70.76563154286403,71.41260528564453,1050500
2024-01-12,72.00076120270947,73.45156273721292,71.76549871671364,73.01044464111328,2389600
2024-01-16,73.11827523109194,73.55940085353923,72.85360584071188,73.07907104492188,2453800
2024-01-17,73.09867392273341,73.9122991534138,72.77518329190475,73.00064849853516,1749800
2024-01-18,72.04977431294552,72.84378984071037,71.78510496331032,72.68695068359375,2450600
2024-01-19,73.25552833740007,73.77506987160993,72.96144455482103,73.35355377197266,1996500
2024-01-22,73.52017969255638,73.96129777916795,73.2162986763955,73.80445861816406,2035400
2024-01-23,77.93139781407366,78.41172760589089,76.54921471582026,77.35304260253906,2822500
2024-01-24,77.89219486297252,77.93140653101747,75.80422402188992,76.06889343261719,1745100
2024-01-25,76.05908626857754,76.26494938909434,74.54947822976642,75.66698455810547,1834600
2024-01-26,75.54935169748339,75.66698670127332,74.6377009849791,75.36309814453125,1197300
2024-01-29,75.42189837691498,75.68656771314187,74.66708706752405,75.55913543701172,1614000
2024-01-30,75.67678659833709,76.78449568839072,75.63758240792671,76.75508880615234,1369200
2024-01-31,76.99035319725962,77.21581095242489,75.95127011255047,76.0296859741211,1667100
2024-02-01,75.71546099879386,76.47153220014035,74.41933358833101,76.38316345214844,1346000
2024-02-02,76.45191217650927,76.99196849143576,76.24571089937858,76.28498840332031,1090500
2024-02-05,76.19659645433681,76.44207518485427,75.72528148693642,76.18677520751953,1041900
2024-02-06,76.08860620593929,77.21781017614278,76.0689711983039,76.99197387695312,1378800
2024-02-07,77.23744207766467,77.9836921281126,76.98214206492332,77.50255584716797,1007100
2024-02-08,77.46327706695256,78.72012712213262,77.27671081171208,78.50410461425781,1506700
2024-02-09,78.3961081029761,79.54495461168052,78.30773932845504,79.5351333618164,1243300
2024-02-12,79.53513169235688,79.65296421399697,79.01471783176225,79.4762191772461,1359100
2024-02-13,79.57440684007749,80.04572192982563,78.93616047676767,79.48603057861328,1143000
2024-02-14,79.58422069772828,80.79197205802399,79.48602319601783,80.71341705322266,1190400
2024-02-15,80.90979955680409,81.40075706929512,80.54648830065058,81.23383331298828,1462500
2024-02-16,81.45967095495891,81.80333972124724,80.86070218024899,81.1945571899414,2442100
2024-02-20,80.88034233044456,81.66586984611793,80.40901982790692,81.2043685913086,1515900
2024-02-21,81.47932529868419,81.53823781249501,80.68396890514646,81.34185028076172,964100
2024-02-22,81.98991141395297,82.70671273810714,81.54805261248079,82.59870147705078,888600
2024-02-23,83.07001223625724,83.07001223625724,82.39249594180599,82.71652221679688,860100
2024-02-26,82.75580454256267,83.19767083835706,82.50050451553155,82.52996826171875,808400
2024-02-27,82.05864737543249,82.69689371024603,81.63642356853288,82.58888244628906,944200
2024-02-28,82.83436257206361,83.33514139566947,82.65761754558025,83.24676513671875,815300
2024-02-29,83.30566890658017,83.30566890658017,82.26484135507594,82.68706512451172,1674200
2024-03-01,82.46122805186928,82.4906843043341,81.64623677372927,82.2255630493164,883400
2024-03-04,81.79353149760504,82.61833659249129,81.69533399366527,82.43177032470703,750700
2024-03-05,81.98991581811197,82.68707468238561,81.75425827742944,82.57906341552734,978900
2024-03-06,82.64778303323529,83.66897552332354,82.53977178486134,83.57078552246094,1056800
2024-03-07,83.8162803465099,84.96511930892822,83.55115905277133,84.29741668701172,1369700
2024-03-08,84.23849292889945,84.47415044299606,83.29585538109562,83.64934539794922,1150100
2024-03-11,83.96355141285221,84.0420989171912,83.14856018757432,83.34494018554688,1066400
2024-03-12,83.31549041335944,84.66071672746415,83.26639915575747,84.34650421142578,925700
2024-03-13,83.4627832148328,84.21885454302576,83.3154944520525,83.96356201171875,1102400
2024-03-14,83.95373592132505,84.27776968247029,82.98164212930652,83.45295715332031,1163300
2024-03-15,82.07826325615345,83.61005560105426,81.68550328755877,83.40385437011719,1872300
2024-03-18,83.37441283476194,83.9439178862917,83.37441283476194,83.47260284423828,849500
2024-03-19,83.7278961587494,84.09120743779108,83.30567237175086,83.9341049194336,801600
2024-03-20,84.34651429287551,85.42661947764253,83.99302423365458,85.13204193115234,1005700
2024-03-21,85.0043920892154,85.37751713988231,84.39560201467876,84.48397827148438,1174600
2024-03-22,84.95527937461833,85.0927543616583,84.37595314183679,84.44468688964844,909800
2024-03-25,84.3661392161831,84.6312604746195,84.17958045102793,84.34650421142578,580200
2024-03-26,84.15011380150283,84.97492630976289,84.03228879419214,84.85709381103516,1032400
2024-03-27,85.36769514372442,85.83901016314209,84.93565013307723,85.6819076538086,1113500
2024-03-28,85.93721327512748,86.39871460844972,85.61318695913845,85.95685577392578,1072300
2024-04-01,85.73099726732542,85.73099726732542,84.73926849940905,84.75890350341797,952000
2024-04-02,84.87674335125539,85.40697840241386,83.79663075181165,83.96356201171875,1212100
2024-04-03,83.80645642871461,84.5428927901118,83.80645642871461,83.94392395019531,1256800
2024-04-04,84.35633294012719,84.51343546636937,82.25502765672144,82.42195892333984,1456100
2024-04-05,82.6183329617519,84.02247180422205,82.45140919865833,83.61006927490234,1216600
2024-04-08,83.76717449753913,84.48397581431382,83.38422820916095,83.96356201171875,1512900
2024-04-09,83.98319768045845,84.20904145069358,82.1961124901124,83.0307388305664,1191400
2024-04-10,82.47105055353092,82.77544934125213,81.92118047210111,82.08810424804688,1228100
2024-04-11,81.5382273403187,81.79352735307393,80.79196979841277,81.15528106689453,1138700
2024-04-12,80.44829475180141,81.54804222823546,80.1144397624806,80.41883850097656,1327700
2024-04-15,81.58731779832448,81.62659529924146,79.54494019056267,79.5645751953125,1661800
2024-04-16,79.9573369639518,80.22245071180751,79.43692322420102,79.45655822753906,1111100
2024-04-17,79.6824163974629,79.87879643207047,78.87724626930292,79.16200256347656,1016300
2024-04-18,80.00644176439764,80.37956678739296,79.4271079879546,79.66276550292969,1338800
2024-04-19,79.85914734194456,80.70359482639063,79.68240234539965,80.68395233154297,1405900
2024-04-22,81.49894547895951,81.7051467312013,80.85087797927078,81.00798797607422,1546400
2024-04-23,81.11600141754363,81.98990519697647,80.01625388445842,81.43021392822266,1902800
2024-04-24,81.25345851808041,81.38110475902374,80.2126311143769,80.64466857910156,1520900
2024-04-25,80.68396566345186,81.15528822925675,80.02608431426874,80.79197692871094,1608800
2024-04-26,80.28138632415622,80.66433264079626,79.40748242296041,79.98680877685547,1710300
2024-04-29,79.98680601419314,80.29119730885051,79.44675718468545,80.06536102294922,1167500
2024-04-30,80.1439160317053,80.64468735683494,79.60385971077966,80.06536102294922,1918700
2024-05-01,80.11444232739376,82.09791484915935,80.09480732335416,81.2043685913086,1332400
2024-05-02,81.33202667704167,81.70515170503853,80.7919703944249,81.3516616821289,1137900
2024-05-03,82.09909329280775,82.25644270210488,80.43704654481178,82.11875915527344,1013000
2024-05-06,82.65965957161086,83.07271018916218,82.21709890721431,82.81700897216797,1056800
2024-05-07,83.20056626452467,83.91849408683377,83.07271939345745,83.8299789428711,967000
2024-05-08,84.2331980398202,84.40038413644683,83.35792082431513,83.40708923339844,949600
2024-05-09,83.21038956658764,84.3118653281578,83.1317111186491,84.19384765625,851200
2024-05-10,84.5183947131287,85.98374523668323,84.46921880499198,85.62969970703125,1100400
2024-05-13,85.58054105375092,86.31813480537545,85.58054105375092,86.02310180664062,1561100
2024-05-14,85.96408748502381,87.04589003737547,85.62970778516771,86.98687744140625,1540000
2024-05-15,86.93771694502776,87.4982878870189,86.69185236515109,87.23274993896484,1141200
2024-05-16,87.98017055788199,88.49157302882033,87.51794399871527,87.9211654663086,1149400
2024-05-17,88.3637134080122,88.38338677282793,87.77364001777445,88.34404754638672,1080000
2024-05-20,88.31455295105617,88.42273395770873,87.86215555785954,88.3735580444336,1034800
2024-05-21,88.5800857740491,89.00297312882196,88.35388707132313,88.36372375488281,1495100
2024-05-22,89.03247035999352,90.18311466246196,88.41289439016992,89.65205383300781,1375500
2024-05-23,89.52419364622787,89.6717138684633,87.51793813212049,87.63595581054688,942700
2024-05-24,87.70480552602379,88.02934854370534,87.56712197364814,87.88182830810547,791800
2024-05-28,87.58676978672699,87.70478745152357,86.02307511991607,86.13125610351562,1568800
2024-05-29,85.66903792215388,85.7477163729683,84.84292919498253,84.89210510253906,1484000
2024-05-30,84.79375699102518,86.55414785736737,84.54789247063978,86.29844665527344,1159100
2024-05-31,86.83935916937853,88.16702619452684,86.42630103670919,88.02934265136719,1859400
2024-06-03,87.75397348162012,88.3538760464643,86.63282429463891,87.41959381103516,796600
2024-06-04,87.19340911453703,88.50140284062886,87.19340911453703,88.41289520263672,1286300
2024-06-05,88.51124572753906,88.65876597105655,87.38026719816003,88.51124572753906,864600
2024-06-06,88.81610742408496,88.97346433723219,87.40976190139172,88.04901123046875,1081900
2024-06-07,88.44239696273227,89.17999061887542,88.17686654792463,88.78660583496094,993400
2024-06-10,88.54074415831697,88.92429227171206,87.70480615484537,88.15719604492188,841800
2024-06-11,88.0490199470092,88.2063768757342,87.21308189693383,88.13753509521484,966000
2024-06-12,88.33420805764757,89.18981932338365,87.62611701058186,88.97345733642578,803800
2024-06-13,88.78660853731793,89.29801102292929,88.1375300018154,89.02263641357422,636800
2024-06-14,88.60957827624958,89.00296303893819,88.25553274014887,88.58991241455078,648600
2024-06-17,88.34403958899075,90.59615945336144,88.23585860181915,90.47814178466795,1144200
2024-06-18,90.62568454236326,91.51079851980624,90.35031741675688,90.88138580322266,966800
2024-06-20,90.8813683769392,91.49110760866832,90.61583048302684,91.35342407226562,898700
2024-06-21,91.35343822109424,91.56980024129152,90.5470027387533,91.48128509521484,1921700
2024-06-24,91.49111272791676,92.19920381371657,90.76335578004048,91.79598236083984,1119000
2024-06-25,91.79598261198348,91.90416361167613,89.61271176238144,89.63237762451172,1074800
2024-06-26,88.93412954264114,89.25867256479401,87.66546750410892,89.08164978027344,1288800
2024-06-27,89.2586754561989,89.45536411061943,88.60958939086697,88.6686019897461,1316200
2024-06-28,88.34404272677827,88.95378194537719,87.645788377718,87.93099212646484,2024300
2024-07-01,88.33421019239172,88.60957727219642,87.14422673855556,87.63595581054688,1099800
2024-07-02,87.08522026455736,88.1965252484175,86.84918491146225,88.16702270507812,842300
2024-07-03,88.11785125696349,88.81610566303038,87.46877276107769,88.55057525634766,708400
2024-07-05,88.63908830096116,89.11115155666465,87.77364775256083,89.02263641357422,823100
2024-07-08,89.49468751703178,89.84873303493677,89.0324610073675,89.0718002319336,623300
2024-07-09,89.09147067136824,89.22916171602098,88.43255550819923,88.58991241455078,726500
2024-07-10,88.8259474207743,89.56354109649038,88.55058031568417,89.42585754394531,958000
2024-07-11,89.68154283025767,90.6945034308452,89.43567831542809,90.44863891601562,708000
2024-07-12,90.85187297341248,92.5630957785434,90.5863425398942,92.18937683105467,1331900
2024-07-15,92.3860672383516,92.7204394303552,91.51079002611776,91.68781280517578,886700
2024-07-16,92.07135662722476,92.48440725808642,91.51078577014384,91.7664794921875,843500
2024-07-17,91.7664771065023,92.57291248525335,91.510783391106,91.99267578125,1255200
2024-07-18,91.6288002100293,92.47457487628525,91.4124382019372,91.68781280517578,1124200
2024-07-19,92.11070403293164,92.11070403293164,90.76336351851128,90.93054962158205,962500
2024-07-22,91.26492721344886,92.15987030568051,90.8518690523049,91.61897277832033,1209100
2024-07-23,95.3954436058984,97.44103842419266,93.86125124377294,96.4280776977539,2871500
2024-07-24,96.42807451691996,96.73294414210866,95.1692417834393,95.94617462158205,1733700
2024-07-25,96.31006560611586,97.10666437835984,95.60197447381412,95.8183364868164,1458100
2024-07-26,96.37891188229943,97.6180714216797,95.99536375159458,97.52955627441406,960200
2024-07-29,97.7950884648568,98.26714421188976,96.61493409089282,97.02799224853516,1489000
2024-07-30,97.60823216208674,98.5818537371677,97.38203346121384,98.18846893310548,967800
2024-07-31,97.932768031376,98.69002753372364,97.05749084547696,97.78524780273438,2294100
2024-08-01,98.38517604569348,99.1916116074126,98.01146456696232,99.13260650634766,1097000
2024-08-02,98.99489726637508,101.45354254913,97.6278835862286,99.5456314086914,1420800
2024-08-05,98.86704575764648,98.90638498368658,96.23137763848116,96.75260925292967,1382200
2024-08-06,97.03781683739086,99.09324833562178,96.82145483724123,97.72624206542967,1514900
2024-08-07,97.85426636849706,99.68589553363935,97.15509722677368,97.28311157226562,1504300
2024-08-08,97.25356986447488,99.06549988195891,97.25356986447488,98.77992248535156,991600
2024-08-09,98.77992246470154,99.2230629130078,98.25800800353578,98.7897720336914,604400
2024-08-12,98.89809880186124,99.70559069262887,97.85426983680117,98.04136657714844,919000
2024-08-13,98.39586635385672,98.69129330269034,97.64746443937857,98.41556549072266,826100
2024-08-14,98.59282816689068,99.82376136533009,98.4845054443864,99.75482940673828,1113700
2024-08-15,100.109331685738,100.24719559316712,98.93748095957108,99.64649963378906,1211800
2024-08-16,99.84344235880695,100.38505591365384,99.35106913186226,100.31612396240234,1458300
2024-08-19,100.3161204835804,101.02513159485711,99.8729800868861,100.9561996459961,769000
2024-08-20,101.34026340682172,101.6061416494962,100.77895070325008,101.32056427001952,1159100
2024-08-21,102.23637577686576,102.24622534497628,101.04483347814258,101.88186645507812,643300
2024-08-22,102.03944363130068,102.2856302770414,101.54707033981924,102.08867645263672,643100
2024-08-23,102.1280608530009,102.16745161542704,100.2964317217936,100.44414520263672,935100
2024-08-26,100.55248199305872,101.07439652046094,100.17828096717166,100.670654296875,896700
2024-08-27,100.8281980500222,101.52736719477542,100.6410938024756,101.42889404296876,591300
2024-08-28,101.704609580173,102.5613416746794,101.11376322772884,102.2954559326172,686300
2024-08-29,102.29545958521769,103.41806994885162,101.79324429986828,103.05371856689452,924800
2024-08-30,103.26051184378524,103.84150863457232,102.70905624398476,103.5263900756836,1437900
2024-09-03,103.52639863505088,104.09755341807714,102.8567707029214,103.35899353027344,1174700
2024-09-04,103.53625125953356,104.4028255154447,103.38853777500942,104.20587921142578,748900
2024-09-05,104.28464396049532,104.28464396049532,102.04926545311596,103.03401184082033,994800
2024-09-06,103.03401551616248,103.60517024452923,102.16744136875768,102.35454559326172,1035700
2024-09-09,103.03402435038728,103.49685641088467,101.76370045445384,102.13790893554688,1406500
2024-09-10,102.3348506317457,103.29990547121334,101.49781764080028,101.55690002441406,1439800
2024-09-11,101.21223771237604,101.21223771237604,97.8837974560698,99.1639633178711,1741500
2024-09-12,99.06549765336116,100.7986536189798,98.47465124847425,100.6115493774414,1194500
2024-09-13,100.47368041771888,101.6947639281924,99.84344328244096,101.55690002441406,1578100
2024-09-16,102.23638001457152,103.08326259472096,101.99019339273784,102.52195739746094,1600000
2024-09-17,102.47270646714937,102.54163841361104,101.30086337730069,101.62582397460938,1007800
2024-09-18,101.75384949180358,102.27576389288517,100.63123917283065,100.94635772705078,2614100
2024-09-19,101.10392647785712,101.10392647785712,99.62680665296698,99.90253448486328,3374400
2024-09-20,99.75481564545464,99.90252159847516,98.16937330353652,99.46923828125,3805200
2024-09-23,99.72526825809746,100.68047350300574,99.2624437441594,100.65093231201172,2341600
2024-09-24,100.30627418215204,101.80308548317096,99.47908325586378,101.78339385986328,3376500
2024-09-25,102.41363868530507,102.98479347340556,101.33041900950676,101.77355194091795,1523800
2024-09-26,101.54706631217974,102.14776230500344,100.95621237542078,101.4387435913086,1704400
2024-09-27,101.11376970818768,101.60614295228424,100.83804189357672,101.084228515625,1460900
2024-09-30,101.41904126968396,102.09851876781664,100.62139899832452,102.01973724365234,1872500
2024-10-01,102.41363755879432,104.05816243570024,101.95080549466662,103.40823364257812,1876000
2024-10-02,103.38853432733043,103.67411171774872,102.945401401555,103.43777465820312,1563400
2024-10-03,103.39837070895766,103.79227076664314,102.66966048570168,103.03401184082033,1431500
2024-10-04,103.29006555118796,104.14679775871087,102.87647380121966,104.0384750366211,1080900
2024-10-07,103.63472893609824,103.98923830922564,100.00101913107272,100.5721664428711,1857200
2024-10-08,101.80308323861222,104.314189640564,101.80308323861222,103.64456176757812,1538300
2024-10-09,103.61502500484256,104.7474849504532,103.22112491336678,104.2452621459961,1170900
2024-10-10,104.85581945961611,105.04291620152534,101.27133498565269,102.08867645263672,1175200
2024-10-11,102.65981793460529,103.4968509187584,102.46287164881132,103.15219116210938,739000
2024-10-14,103.62486660461096,104.62930462326608,103.31959011285738,104.32403564453124,1077700
2024-10-15,104.99367156849816,106.02765085647536,104.07785704885018,104.2452621459961,1271000
2024-10-16,103.96954705017646,104.95429364277972,103.79229236298708,104.7081069946289,1184100
2024-10-17,105.66329381642134,106.0276451833003,104.87549367562224,105.29893493652344,1378200
2024-10-18,105.74208604555922,105.74208604555922,103.84152482784737,104.7671890258789,4537600
2024-10-21,104.727792499577,104.86565641344193,103.78243672749488,104.432373046875,1551800
2024-10-22,103.76274057792868,104.22556511828223,102.53180746279578,103.84151458740234,1769400
2024-10-23,103.5264005861856,104.6884017987508,103.35899547825308,104.40282440185548,1198000
2024-10-24,104.5899249589548,104.92474267603076,103.6445692196538,103.67411041259766,1110000
2024-10-25,103.8513643909451,104.0680098217818,102.30531269536084,102.3939437866211,1157000
2024-10-28,103.3491448796264,103.61503064888892,101.42889215948485,101.77355194091795,1909500
2024-10-29,102.10836836785708,105.27925334275425,101.7834002153446,103.43777465820312,2454500
2024-10-30,103.72335548679652,104.51114821573512,103.447627656017,104.21572875976562,1611800
2024-10-31,103.6544222033089,104.48160568506734,103.02418502301109,103.04387664794922,1218700
2024-11-01,103.39838081350426,103.84151372606864,102.54164866779108,102.58103942871094,923700
2024-11-04,102.9749403790358,103.87106329310193,102.51210832566274,103.84151458740234,797300
2024-11-05,103.67410586484225,105.9685669144138,103.57563272167585,105.9587173461914,1030600
2024-11-06,112.496715469178,112.496715469178,106.03761818824458,109.2720947265625,1725300
2024-11-07,109.38056260362973,109.5186189708917,108.14791109342784,108.81847381591795,1266000
2024-11-08,109.96237632624532,111.68808841381065,109.49889816182367,110.8696060180664,1210900
2024-11-11,111.38238499862102,111.89517222873236,110.13001440218976,110.2976531982422,1132200
2024-11-12,110.38640725786831,111.4021108691496,110.26807000784729,110.8597412109375,749300
2024-11-13,110.8893256079906,111.41197616221656,110.25820864370732,110.35682678222656,1255000
2024-11-14,109.93279032617656,110.40612427023883,107.930958049827,108.00984954833984,1210300
2024-11-15,107.60554343597896,108.7494400666796,106.83636261323184,108.52263641357422,1501900
2024-11-18,107.54637732450216,108.74944641083326,107.54637732450216,108.25638580322266,1231400
2024-11-19,107.4181825863302,108.22680166915944,106.67859168654094,107.83235168457033,827300
2024-11-20,107.95069637099476,108.4240303662916,106.9645751033668,108.08875274658205,1031200
2024-11-21,108.36486389249475,109.8341824529124,107.96055809098073,109.21292877197266,1085000
2024-11-22,109.2227909991646,110.85974835058872,109.2227909991646,110.49488830566406,998300
2024-11-25,110.0412511660498,111.40210311428471,109.7651384587288,110.18917083740234,1844500
2024-11-26,110.52446456159012,112.37836968664972,110.15959701355118,111.84586334228516,1371900
2024-11-27,112.16142788192649,112.56574120215431,111.36267208397436,111.62892150878906,777600
2024-11-29,111.6584968853607,112.17127655354813,110.94848848055734,111.5302963256836,803900
2024-12-02,111.64864031124708,111.64864031124708,109.31153042485874,110.08070373535156,991100
2024-12-03,110.44557295432315,110.6921032510962,109.1636124017003,109.83417510986328,990500
2024-12-04,109.6270937242084,110.24835490503378,109.2425070520345,109.5975112915039,782300
2024-12-05,109.95249803140231,110.11028101205792,108.83818394367202,109.01568603515624,1254400
2024-12-06,108.70999704438744,109.15375609058502,107.04345736206764,107.66471099853516,1242800
2024-12-09,106.72789157653216,107.23080792820872,103.53285374731426,104.2132797241211,2024700
2024-12-10,103.45398053527464,103.75967570516552,100.71255723098234,101.50145721435548,1744000
2024-12-11,102.09311752943256,102.74396107468586,101.79728570991406,102.66506958007812,1449500
2024-12-12,103.2468727661592,103.59202115861731,102.0240847489426,102.2213134765625,952200
2024-12-13,102.38896853565372,102.88202914785644,101.97479942704535,102.74397277832033,1208200
2024-12-16,102.84258201054269,103.5723096001894,102.5467426378035,102.94119262695312,1357100
2024-12-17,102.2114563440172,102.42840419577304,100.9985240471583,101.74797821044922,1464600
2024-12-18,101.8170138332193,102.33965686511527,99.46018476864576,99.52921295166016,1456000
2024-12-19,99.98282933064212,101.45214783358216,99.83490964377388,100.88020324707033,1762800
2024-12-20,100.8802035558169,102.4185502475359,100.49561688288716,101.50145721435548,2726000
2024-12-23,100.95908388382676,101.51131686161774,100.21949299747963,101.37326049804688,773000
2024-12-24,101.10700411080823,102.49743859591948,100.77172651847388,102.40868377685548,338300
2024-12-26,101.53103572923158,102.43826540864696,101.53103572923158,102.30020904541016,588000
2024-12-27,101.76770841988817,102.44813447940886,100.9590893083089,101.4620132446289,676500
2024-12-30,100.58436435637164,100.99853346278542,99.63768888877968,100.57450103759766,1080600
2024-12-31,100.73228076956649,101.13658654406396,100.14060956199272,100.60408020019533,716000
2025-01-02,101.46200603510069,101.46200603510069,98.78961858155829,99.14462280273438,1502200
2025-01-03,99.71657545123875,100.4561663289789,99.00656700484704,100.18004608154295,1066600
2025-01-06,100.2195009658481,100.48575791926716,99.19393395241724,99.51935577392578,1376800
2025-01-07,99.90393382109583,100.76186195171724,99.0361498956509,99.66726684570312,1543000
2025-01-08,100.20964346837528,101.7184077671004,99.89408497140997,101.10700988769533,1387300
2025-01-10,99.74614945359528,101.09713052772524,99.72642281869167,100.53504180908205,1902000
2025-01-13,99.63767923981972,101.56061242160006,99.37142232326114,101.12672424316406,1425200
2025-01-14,101.51132340007862,102.23118769599289,100.64353188915774,102.19174194335938,1263400
2025-01-15,102.8820156780708,103.17784749255604,101.48172552838945,102.24103546142578,1082100
2025-01-16,102.65522274765728,104.53871798547344,102.30021848841976,104.47954559326172,1176400
2025-01-17,104.69648861081244,104.84440829920496,103.77939557098824,104.08509826660156,4131000
2025-01-21,104.52883202194472,105.25855949740284,104.15410872881895,104.22313690185548,1841200
2025-01-22,104.57815208018204,104.57815208018204,103.57230428331026,103.73008728027344,1262500
2025-01-23,103.44411707244328,104.21329041723148,102.12271073065988,103.76953887939452,1595500
2025-01-24,103.23703038192107,104.74579460753068,103.00035587803544,104.52884674072266,1480200
2025-01-27,105.26843143704008,106.64900253435844,104.26259118704807,106.34329986572266,2277600
2025-01-28,107.54638512490426,107.54638512490426,102.7834250277915,103.5624542236328,2664700
2025-01-29,102.84257947035232,103.47369642800015,101.57048223660694,101.73812103271484,1632500
2025-01-30,102.84258546984198,104.13440189233953,101.88604665911924,103.99634552001952,1325700
2025-01-31,103.6314757702527,104.5584321279003,103.05953117846704,103.20745086669922,1782600
2025-02-03,102.49744854109896,104.42038203314333,102.1029985232798,104.0752410888672,1497700
2025-02-04,104.17385229192963,105.0514996366174,103.49342619549434,104.44010925292967,1506600
2025-02-05,105.19061029646132,105.6349987460444,104.3314728554553,105.45724487304688,1372400
2025-02-06,105.99050707136672,106.50401407717828,105.07211331155604,106.42501068115234,797700
2025-02-07,106.41514094726288,107.28415570133916,106.08925758916732,107.22490692138672,1934900
2025-02-10,106.9977726483828,107.7877915302976,106.29663446941818,107.55078887939452,2077200
2025-02-11,107.5409059636648,107.6890354380718,106.60275764853918,107.3927764892578,1226100
2025-02-12,106.37563485324124,108.10379451610424,106.28675415280703,107.92604064941406,1037000
2025-02-13,108.42969082886216,109.63445880920938,107.8865518561891,109.54558563232422,1466300
2025-02-14,109.38756497338969,109.79245170795224,108.64692512310242,109.21968841552734,1454000
2025-02-18,109.32832494516576,110.56272479442583,109.0320735018506,110.07884216308594,1447500
2025-02-19,109.9504526568576,110.94784978022304,109.67394831394716,110.9083480834961,1187500
2025-02-20,110.42446836170672,110.70097271182446,109.09131808267986,110.256591796875,1483100
2025-02-21,110.4837182413079,110.90835207869624,109.41720252797452,110.31584167480467,1714700
2025-02-24,110.5627205700765,111.77737329037797,110.17758843455668,111.19473266601562,1577900
2025-02-25,111.78724066754852,113.46602888291484,111.41198584806064,113.337646484375,1271100
2025-02-26,113.36728392446658,113.90053802341224,112.78464328424272,113.35740661621094,1547200
2025-02-27,113.56477892961624,115.68794804252734,113.27839727864888,115.04605865478516,1324900
2025-02-28,115.69782564246871,117.31735754334272,115.22381281417908,117.06060028076172,2261900
2025-03-03,116.95198470893962,118.88752285270472,116.52735084094869,118.37401580810548,2204400
2025-03-04,118.18637649319996,119.10477025929308,117.34698612367325,117.6827392578125,2726100
2025-03-05,116.91248277132227,118.6603972495392,116.31997232592876,118.09750366210938,2257000
2025-03-06,117.11984207225862,117.53459856340854,115.5990607371977,117.2284698486328,1939100
2025-03-07,116.6458433034218,117.36672854949968,114.61154736052512,117.16922760009766,2405700
2025-03-10,116.51746903020208,119.7367859623474,116.37921684914478,118.13700103759766,2445800
2025-03-11,117.830866322444,117.88024532782832,115.87557373557225,116.4878387451172,2337700
2025-03-12,116.45821171118922,116.58658657442372,114.06841557474884,115.81632232666016,2037200
2025-03-13,116.10270982773184,116.96185481963396,115.7274549926256,116.38909149169922,1900000
2025-03-14,116.87296773482704,117.6234848982513,116.2014539642218,116.72483825683594,2039500
2025-03-17,115.94470661897388,118.65050883805596,115.77682252224253,118.58138275146484,2053300
2025-03-18,118.37399787772988,119.2726369532045,117.55435465810392,117.70248413085938,1646200
2025-03-19,117.53461291488844,118.5418874125912,117.3963607342906,118.38388061523438,1446100
2025-03-20,118.19625045120806,119.46027462372888,117.6333644514393,118.30487823486328,1384500
2025-03-21,118.4135072833366,118.91713697565028,116.41871299325014,117.04084777832033,3022000
2025-03-24,117.8999933419306,119.78615985668884,117.54448559605136,119.47015380859376,1325300
2025-03-25,119.47014370494875,120.32928107301728,118.52211810666005,119.8750228881836,1138300
2025-03-26,120.41818165904628,121.07981819836036,119.9145443894258,120.25029754638672,903500
2025-03-27,120.7341759637904,121.70194117354906,119.90465539267603,121.3661880493164,1232700
2025-03-28,121.36618859885346,121.61306855632296,120.30954268225102,121.39581298828124,1650500
2025-03-31,122.04756934811158,123.41035150383978,121.49456066704984,122.84746551513672,1872900
2025-04-01,122.43271369446984,124.11149441724812,121.74144528248344,122.56108856201172,2289600
2025-04-02,121.71181559686976,122.95609265696342,120.62554532150207,122.6795883178711,2024400
2025-04-03,121.88957821061877,124.11149792459278,121.56369484436632,122.8770980834961,1994600
2025-04-04,120.86254699341612,122.59070663303751,113.2882719811068,113.57465362548828,2809400
2025-04-07,112.40938157437373,113.5252762453233,108.054415603854,111.26385498046876,3560500
2025-04-08,114.61154416454346,115.58919417910278,109.4468198933354,111.0071029663086,1892200
2025-04-09,109.83194803544323,115.70768754684268,108.59754834530236,115.1843032836914,2489500
2025-04-10,115.27320074373893,117.39636249221785,113.25865925234584,115.7965850830078,2482700
2025-04-11,115.81632663332284,117.42598880834537,114.29554516244328,117.3766098022461,2036000
2025-04-14,118.69988301238904,120.18116278808864,117.79136655816282,119.39115142822266,1559800
2025-04-15,119.60841436081282,120.07254239038184,117.89012429065896,118.03825378417967,1866000
2025-04-16,118.89740562467946,119.35166390574578,116.70511009079203,117.31737518310548,1207700
2025-04-17,117.07049102611091,117.25811469006744,115.61883551968668,115.75708770751952,1795500
2025-04-21,115.38180961531376,115.83607535260204,110.5528384044302,112.0044937133789,1722300
2025-04-22,114.06842324281162,116.25084126957732,112.92289656767012,116.09283447265624,1525000
2025-04-23,116.25083296827825,117.57410589419486,115.7274486756641,116.72483825683594,1933100
2025-04-24,115.98420034013944,116.54708633857368,114.62142569502976,116.29033660888672,1150200
2025-04-25,114.57204003197516,114.9571796724805,109.63444119785116,113.0117645263672,3085500
2025-04-28,113.56477889399146,114.0091597977314,112.50813299173625,113.44627380371094,2106700
2025-04-29,106.336136580626,108.20254847387798,103.97596476780096,106.64226531982422,3284800
2025-04-30,106.63239136039785,109.31843888873,105.0424838790469,109.21968841552734,3337000
2025-05-01,109.65420284540517,109.65420284540517,107.52115639584738,107.65940856933594,2201600
2025-05-02,108.9728079161049,109.54557120564256,108.074168820059,109.1900634765625,1616000
2025-05-05,108.3803044936926,109.31844534579798,107.5310368124656,109.0221939086914,1584900
2025-05-06,108.71605973756816,109.6838325329129,108.1433039343833,109.00244140625,1175400
2025-05-07,109.08144262592704,110.4244702357303,109.08144262592704,109.82208251953124,1372900
2025-05-08,110.53310150354577,111.54036847552774,109.98996255079447,110.13809204101562,1347200
2025-05-09,110.08870899154228,110.32571163046867,109.2888128421264,109.93070220947266,922400
2025-05-12,111.29533035120036,111.29533035120036,107.69590855142668,109.52528381347656,1574800
2025-05-13,109.14951194549762,109.80215807155332,107.73545288338784,107.80467224121094,1645500
2025-05-14,108.04201095524232,108.38810777233888,105.90608623656983,107.06304168701172,1550000
2025-05-15,107.56735114589968,109.46594573641306,107.08281563510438,109.32750701904295,1692200
2025-05-16,109.34728823690702,110.58335360164594,109.23851388126243,110.52401733398438,1320700
2025-05-19,110.69213611605976,111.31511038984172,110.01971620630606,110.75146484375,1539700
2025-05-20,110.4350210975566,111.35465400445284,110.22736302752766,111.1964340209961,1928300
2025-05-21,111.0184535348831,112.40284837764494,109.39673623301331,109.75272369384766,2345100
2025-05-22,109.89115294005794,110.1383660140614,108.46721076395208,109.19895935058594,1288900
2025-05-23,109.13963707299622,110.11859879145278,108.53643653325412,109.5846176147461,1210500
2025-05-27,110.10870849518126,110.95912212615124,109.0407461384732,110.83057403564452,1503500
2025-05-28,110.19770926336608,111.04812289536208,109.5351724493612,109.63406372070312,1268600
2025-05-29,109.4066148425822,110.58335146122724,109.18906613550386,110.45479583740234,1329800
2025-05-30,109.78237893558476,111.96774915579822,109.78237893558476,111.64142608642578,2048800
2025-06-02,110.326255039391,112.17541162725593,110.06915131911664,112.13585662841795,1028600
2025-06-03,112.3336169849464,112.57093941864372,109.56483514022644,111.34476470947266,805600
2025-06-04,111.52275194479948,111.5820806636926,109.8219249226552,109.94058990478516,960400
2025-06-05,110.38558324484045,110.38558324484045,107.9925624090158,108.8034210205078,1302900
2025-06-06,109.72304649442276,110.26691825828384,109.02096229111196,109.33739471435548,829000
2025-06-09,108.9121900342673,108.9121900342673,104.61068410465336,106.65760803222656,1751800
2025-06-10,106.80594568425916,106.99382250280068,102.89997432949954,104.31403350830078,4275100
2025-06-11,102.14844633432484,103.80971851191532,100.85304468195643,103.31529235839844,21303300
2025-06-12,103.8591556141049,105.90607956844732,103.19662638532829,105.60942840576172,8472100
2025-06-13,106.15329258338814,106.92459616802068,104.9666728446218,105.43143463134766,7837700
2025-06-16,105.609429710706,106.3312876720704,104.90733793168286,105.9357452392578,3467900
2025-06-17,105.35233010677172,107.60691225409096,105.12489074712175,106.91471862792967,4505600
2025-06-18,107.14215343540349,107.78490898870048,106.6081722470188,107.08282470703124,3705500
2025-06-20,107.57724629007838,108.56609862379248,106.93449076429528,107.42891693115234,4338300
2025-06-23,107.67613310922869,109.72305719707236,107.0927138368551,109.68350219726562,4046600
2025-06-24,109.82193964531857,109.8614946446646,107.63657685577668,109.71316528320312,3772200
2025-06-25,109.33739522152156,109.66371828135186,106.75649019258016,107.17180633544922,3104100
2025-06-26,107.41903022840062,108.35844450643114,106.67739095096093,108.05189514160156,4156700
2025-06-27,108.13100484988804,109.56484530900704,107.93323739417602,108.3584442138672,12691500
2025-06-30,108.16066827437008,109.85160490235891,107.94312709271428,109.63406372070312,3814000
2025-07-01,109.74283324704948,109.77249760940676,106.46972695398166,107.71568298339844,5379800
2025-07-02,107.10258806642564,107.57724048048694,104.78867735178028,106.60816192626952,10207700
2025-07-03,107.48824310302734,107.53768873627604,106.48950770163452,107.48824310302734,2979800
2025-07-07,107.1816980594932,107.44869240001026,106.12362642133292,106.60816192626952,3500800
2025-07-08,105.79730151159232,106.8257087704884,105.60942471176624,106.05440521240234,3346700
2025-07-09,106.212631360376,107.02348996136784,105.44132021317886,106.92459869384766,2739300
2025-07-10,106.7762725476242,107.15203369817893,105.85663962516006,106.60816192626952,3007500
2025-07-11,106.5191625325899,106.73671122846702,105.38198096872377,105.55997467041016,2415800
2025-07-14,105.74786077227344,107.02348106493272,105.14466030339555,106.7762680053711,2146100
2025-07-15,106.39061787960505,106.87516095011878,105.02600438893992,105.06555938720705,2251400
2025-07-16,105.5303191079788,105.54020974343692,103.2361820640812,103.7998275756836,3438100
2025-07-17,103.5723776938442,103.88881009722613,102.6329711181508,102.96917724609376,3340000
2025-07-18,103.06808581763303,103.79983445882492,102.42533026843232,102.68242645263672,1973200
2025-07-21,102.3956617440227,102.90986163588404,101.29803505465982,101.34747314453124,2133900
2025-07-22,101.40680835798892,102.42532503973298,101.21892400313902,102.089111328125,1938800
2025-07-23,102.41543696686452,102.47476569331457,101.25848153502092,102.02978515625,2730600
2025-07-24,101.54525373289243,102.44510547932391,101.54525373289243,101.63424682617188,3160900
2025-07-25,102.04954536238884,103.0878432037613,101.99021664379966,102.2275390625,3136300
2025-07-28,102.9395221976632,102.9395221976632,101.3276956759552,101.43647003173828,4150100
2025-07-29,96.19554588961788,97.00640443467088,90.52942670918566,90.88541412353516,10471500
2025-07-30,92.952127069229,93.44655327704405,90.58877039942068,91.90394592285156,7490300
2025-07-31,90.95464095668228,91.95337638160936,89.98556235032105,90.3514404296875,5835200
2025-08-01,90.97442374455557,91.50840496316026,89.54059073588493,91.21174621582033,3540400
2025-08-04,91.22161498897071,92.09180220460914,90.87551822958858,91.66659545898438,3981600
2025-08-05,91.61717281112598,92.0522627200756,90.57887481370788,90.6480941772461,3319200
2025-08-06,90.52943638561683,90.83597820238272,89.37247339314453,90.77664947509766,3344200
2025-08-07,91.0337487745263,92.10171116830853,90.48988448564565,91.4787368774414,4129300
2025-08-08,91.82483142040276,92.73457378757077,91.37985087290718,92.60602569580078,3643500
2025-08-11,92.90266991567825,93.6146447737798,92.66534747775914,93.54542541503906,2980000
2025-08-12,93.69376079223966,93.89152824583104,92.823573434355,93.70365142822266,2642900
2025-08-13,93.72344407236176,95.1991753474256,93.53526940624684,94.9911880493164,2550500
2025-08-14,95.2387974656708,95.2387974656708,93.6640256266224,94.21865844726562,2597800
2025-08-15,94.70396733120916,95.27840521395936,94.3077978023328,94.42664337158205,3943600
2025-08-18,94.45636455639008,94.68415694038076,93.68383055645458,94.0403823852539,2878600
2025-08-19,94.53558810397526,95.98160798605058,94.4266412970202,95.95188903808594,1518700
2025-08-20,95.93209155596696,97.358298918958,95.67458021402564,95.86276245117188,2573700
2025-08-21,95.59533940479666,96.05093927497938,94.86243068736816,95.47649383544922,2248200
2025-08-22,96.1004517249061,96.45700353064936,95.60524172318542,95.73400115966795,1593800
2025-08-25,95.25859879069816,96.7937528597693,94.78319385150868,95.79342651367188,2732000
2025-08-26,95.62506233798486,95.9221838300393,94.39693599064864,95.12985229492188,3824500
2025-08-27,95.08031894839156,96.06083262178149,95.01098985141054,95.17935943603516,2120000
2025-08-28,95.11004316152558,95.34774187517708,94.23847617393282,95.29822540283205,1548800
2025-08-29,95.4764984583228,96.556052732461,95.36755164360906,96.02122497558594,1755300
2025-09-02,95.86275708328434,96.21930890406678,93.56498288063372,94.51578521728516,2455900
2025-09-03,94.35730834051316,94.5256854802094,93.68382245064268,94.37712097167967,1768500
2025-09-04,94.5157877849794,94.68415738372704,93.46594492654646,94.57521057128906,2188700
2025-09-05,94.54549949789342,95.20907913494698,93.24805161704158,93.88191986083984,1378800
2025-09-08,93.7630604174626,94.54549313115352,93.12919221634937,94.4365463256836,2518200
2025-09-09,94.22856172112633,94.35731360567392,92.54485068065102,92.5745620727539,1767900
2025-09-10,91.9506002976987,92.59437488684732,91.15826873562072,91.61386108398438,2710600
2025-09-11,91.60394604661016,93.40651019084432,91.60394604661016,93.3371810913086,3147200
2025-09-12,92.93111309590644,93.55507499364693,92.56465496505912,92.64389038085938,1463600
2025-09-15,92.53495081906227,93.0301608721331,89.92024234335292,90.0093765258789,1910300
2025-09-16,89.76176562354897,90.59372238752712,89.12789740161574,90.04898834228516,2231000
2025-09-17,90.69276142689742,92.40619139567548,90.69276142689742,91.32662963867188,3282800
2025-09-18,90.8116227586956,92.01003019104044,90.8116227586956,90.98989868164062,3189400
2025-09-19,91.43558631649056,91.57424453051536,90.42536110626604,90.85124206542967,6468400
2025-09-22,90.73238448713634,91.7525159645057,90.4352554394554,91.71289825439452,3422300
2025-09-23,91.50491235717362,92.14868693289078,90.67296310090336,91.30683135986328,2210400
2025-09-24,90.67295804281424,92.6141804221283,90.59372262578788,92.32695770263672,2557700
2025-09-25,92.65380022523128,93.09948623254574,90.92056510919984,91.76242065429688,2001300
2025-09-26,92.257629880829,93.21833854575286,91.90107805557264,92.881591796875,2042700
2025-09-29,92.8815894435308,92.8815894435308,91.8416529431364,92.12886810302734,2358400
2025-09-30,91.85155070556904,93.38670476187444,91.3365356190095,92.89149475097656,2744900
2025-10-01,93.21834031669329,93.25795802650836,91.64356846584288,91.87136840820312,2592500
2025-10-02,91.7128854631538,92.97072302575891,90.73237183264833,92.55474090576172,2107800
2025-10-03,92.32695990003452,94.3474177444622,92.00011946425091,94.0403823852539,1571400
2025-10-06,93.51545805865156,93.92153390075524,93.0004429643036,93.53527069091795,2155700
2025-10-07,93.70364624289432,94.68416002589214,93.70364624289432,94.6346435546875,2526700
2025-10-08,94.72376872032042,95.62505455234044,94.10970559664838,95.04070281982422,2734700
2025-10-09,94.89214897297654,95.11004260768236,93.98096427903025,94.58512115478516,2977700
2025-10-10,95.0803273275776,95.20907921723035,94.1097123280008,95.02090454101562,3240900
2025-10-13,94.06019384798388,94.77329749671118,93.55507750408448,93.57489013671876,3021400
2025-10-14,93.65412662864262,94.05029619847684,92.90141275789424,93.86211395263672,1902400
2025-10-15,92.99054302049794,94.3375149673179,92.2774393361455,93.0697784423828,1831200
2025-10-16,91.56433120675452,92.01993108232236,86.55280813856196,86.58251953125,4699200
2025-10-17,86.62213937654893,87.50361264412477,86.42405838287333,87.06783294677734,3279400
2025-10-20,87.06782746070841,87.09753885225712,85.95855431962498,86.68155670166016,2264500
2025-10-21,87.02821210618832,88.39498904851735,86.44386035014628,87.43428039550781,3970700
2025-10-22,86.70137323815771,88.49403113450867,86.46367453875831,88.34546661376953,2820000
2025-10-23,89.24675300309696,89.59339851591207,87.47390017320768,87.91958618164062,2572800
2025-10-24,88.07805814103895,88.40489858141386,87.12725576965286,87.15696716308594,2063900
2025-10-27,87.63237708442212,88.19691626050395,86.41415699061079,86.91927337646484,3667600
2025-10-28,85.91894360758498,85.91894360758498,80.61029127124587,81.59080505371094,7393600
2025-10-29,81.61061957580452,81.61061957580452,78.91667563456794,79.5307388305664,5728900
2025-10-30,79.51092117486739,80.77865764213358,79.49111609844996,79.67929077148438,4075300
2025-10-31,78.65916297538517,79.57034765904866,78.5403173987456,78.9760971069336,4256900
2025-11-03,78.02529581630169,78.19366542312724,76.22273150080748,77.07449340820312,4180900
2025-11-04,76.83678804857452,78.34222317542815,76.83678804857452,78.2332763671875,4574800
2025-11-05,78.20846879517383,78.60546002562988,77.24574915986096,77.25566864013672,2866700
2025-11-06,76.40213776322639,77.18620080878493,75.59821303910472,75.8463363647461,2429000
2025-11-07,76.26317358754935,78.40696252669535,76.00513080837679,77.9504165649414,2560800
2025-11-10,77.30529813054557,78.4863675133913,76.38227911120447,77.92064666748047,2908600
2025-11-11,78.2283201923051,79.57811166173211,77.66259932439253,79.43916320800781,2221400
2025-11-12,79.29028331901922,80.06442682473255,78.94291220390713,79.59795379638672,2495900
2025-11-13,79.59795571257337,80.7690980518034,79.30021228050495,79.4590072631836,2505600
2025-11-14,79.7964567104016,80.86835120944798,79.07193332527144,80.09420013427734,2521400
2025-11-17,80.1041259765625,80.54082541152981,79.419303239386,80.1041259765625,2446200
2025-11-18,80.5308947632842,81.41421307393615,79.01238143310997,79.3299789428711,2602200
2025-11-19,79.48877382674951,80.30262549002228,77.50378749983308,78.2183837890625,2291200
2025-11-20,77.98019502858122,79.38953363854279,77.77177235292122,79.0223159790039,2741500
2025-11-21,79.39945874232964,80.57060106166391,78.6352422836686,79.71705627441406,2297400
2025-11-24,79.71705781028544,79.79645908786695,78.40696701868099,78.65509033203125,2783800
2025-11-25,79.11162685309186,79.94532502368844,78.79402935289356,79.90562438964844,1744400
2025-11-26,79.97510593080973,80.70954879751035,79.44908573281649,79.84607696533203,1365300
2025-11-28,79.84607944354906,80.51105568010875,79.49870831825525,79.82623291015625,1051100
2025-12-01,79.79645889277171,81.63256989264995,79.79645889277171,80.57060241699219,3065900
2025-12-02,80.7194743216735,81.10654606653328,79.14140618544943,79.24065399169922,2030100
2025-12-03,79.35975634920784,80.03465203647676,78.704714766574,79.05208587646484,1681700
2025-12-04,79.280356288591,79.90563186808896,78.47643919737635,79.04216003417969,2249500
2025-12-05,79.25057815696357,79.26050520886359,77.04724210672047,77.78169250488281,2123900
2025-12-08,77.36483750461932,77.85116459684717,76.52121984709437,77.05716705322266,2813900
2025-12-09,77.83131535414994,78.45659091974224,77.08694545006176,77.82139587402344,2395100
2025-12-10,77.62289623842823,77.96034788121273,76.23340417284764,76.92815399169922,2144400
2025-12-11,77.46409532083008,79.1910313247621,77.46409532083008,78.95283508300781,2603400
2025-12-12,79.21087594902775,81.07676791884893,78.96275266130658,81.00729370117188,2675600
2025-12-15,81.12640011393096,81.76159521931649,80.89813089562334,81.71197509765625,2715500
2025-12-16,81.84099549383656,81.96009741417744,79.79646174678331,80.3621826171875,2824900
2025-12-17,79.99494692186683,81.12638851482377,79.63764877965707,80.01480102539062,1842000
2025-12-18,79.8460772532363,80.90804470550158,79.4391589668039,80.46142578125,2192700
2025-12-19,80.25300545963665,80.95767476426718,79.53840910223029,79.57810974121094,7216300
2025-12-22,79.25058475378594,80.56067554512819,79.17118347622034,79.76668548583984,2790200
2025-12-23,79.89570371385305,79.92547729872858,78.5756859221409,79.35975646972656,2948700
2025-12-24,79.25058296686589,80.33240452596763,79.05208734955008,80.21330261230469,1109200
2025-12-26,79.90562941170433,80.39194895804646,79.73689981339929,80.17359924316406,1105900
2025-12-29,80.35225379348093,80.85842747862202,80.01480971813531,80.25300598144531,1651800
2025-12-30,80.02472375425457,80.43164959967427,79.40938281822578,79.61780548095703,2185600
2025-12-31,79.36968487117554,79.83615790114739,78.92305837408394,79.1017074584961,1760100
2026-01-02,79.17117726739099,79.17117726739099,76.76934560030912,77.03732299804688,2651600
2026-01-05,76.71972581605229,79.8659273782441,76.57085032467988,79.32005310058594,3968900
2026-01-06,79.002458426025,80.15375419042915,78.7344885896191,79.66742706298828,2909100
2026-01-07,79.5483285655999,80.29269843819355,77.27551831262596,78.2183837890625,2401700
2026-01-08,78.88336301088832,80.64007264634257,78.00003709493288,79.98502349853516,3004800
2026-01-09,80.0644262950418,80.2927030675323,79.05208654168082,80.03465270996094,2231900
2026-01-12,80.0346492691373,80.15375117646269,78.46650823056868,79.01238250732422,2923100
2026-01-13,78.94291468317667,79.37961413995959,77.3648464647892,78.46651458740234,2879900
2026-01-14,78.62530994844009,79.81629872070569,78.22831116697758,78.83373260498047,2838500
2026-01-15,78.78411144153931,79.29028511912121,77.95042074634328,79.15133666992188,2101500
2026-01-16,78.80397177456686,79.60788894734029,78.40697292885687,79.40939331054688,1978900
2026-01-20,78.93298915812193,79.35976157038637,78.00004305407342,78.51614379882812,2951100
2026-01-21,78.62531650626224,79.3796134967417,75.73715751305159,77.48394775390625,2914400
2026-01-22,77.03733003716746,78.10921700969382,76.93807465286379,78.02982330322266,2747400
2026-01-23,77.40454765640159,78.7444120504064,77.40454765640159,78.58561706542969,2734400
2026-01-26,78.75433855878201,79.60788336698354,78.18861770424124,79.0223159790039,2836000
2026-01-27,73.74224771151002,75.60813219958915,72.5512513294858,73.5635986328125,6471300
2026-01-28,72.80929744541203,74.06976040302342,71.27093004767777,71.55875396728516,3600000
2026-01-29,72.16417538919696,73.49412013593037,70.94341306588885,71.55875396728516,3512500
2026-01-30,71.72747598398274,72.04507348628715,70.78461052867577,71.55875396728516,4472300
2026-02-02,71.71757083449927,72.56118865867356,70.38762582202745,70.76477813720703,3096800
2026-02-03,70.4670224294236,71.7076390214909,69.92114810006487,71.41981506347656,3553900
2026-02-04,71.38499351146683,74.36931589384142,70.95724033307884,73.64312744140625,3065900
2026-02-05,74.47874516398899,74.88659862890968,72.0415438831764,72.29023742675781,3121900
2026-02-06,72.6483590428377,73.73266687382589,72.52899099542516,73.39443969726562,2275000
2026-02-09,73.12585300534155,73.60334036753976,68.10224029812113,68.31114196777344,5035400
2026-02-10,68.74884462920812,69.69387707047743,67.07762369247654,67.25668334960938,5264500
2026-02-11,66.81897930139664,67.15720646637702,65.33676791041329,66.66976165771484,7337700
2026-02-12,68.52998642517144,69.30590900073321,66.6896558773219,69.16664123535156,6743500
2026-02-13,69.3158661100326,70.25095628061602,67.67448717277281,68.11219024658203,5035400
2026-02-17,68.57973215987545,69.7336662244661,68.10223722966674,68.47030639648438,5252600
2026-02-18,68.49019905666982,69.49492307832813,68.02265398947662,69.32581329345703,4371400
2026-02-19,69.12685434669744,69.87293496770512,68.53994123447653,69.05722045898438,3077900
2026-02-20,69.65407915542923,69.87293067179336,68.73888880474657,69.22632598876953,2414700
2026-02-23,68.82842599460635,69.79335813621715,68.45040695961067,68.798583984375,3833800
2026-02-24,68.65931442184909,70.1216337629338,68.26141079911253,69.47502899169922,3141600
2026-02-25,69.66403733824106,70.2808000862146,68.83837291503254,69.6839370727539,2402700
2026-02-26,70.25095349274724,71.46457158551371,70.03210196452763,70.84781646728516,3226000
2026-02-27,71.49442100364085,71.85254030535837,70.77818240020581,71.4446792602539,4191900
2026-03-02,71.22583437841702,72.52899379940841,70.41011980162115,71.98186492919922,2570100
2026-03-03,71.106458859896,72.28029264856644,70.15146900680445,71.78290557861328,2486500
2026-03-04,71.4546333068564,71.77296075039106,70.40016748365879,71.47452545166016,2851200
2026-03-05,71.8923280102512,73.41433890966616,71.55410842562,72.7378921508789,3177200
2026-03-06,72.59862650252346,73.34470717356142,71.78291193910297,73.11590576171875,2426100
2026-03-09,72.39965942583,73.01642211404796,70.20120952570811,70.66875457763672,3227100
2026-03-10,70.94729792296862,71.06667356303818,67.71428166895451,68.22161865234375,2905000
2026-03-11,68.3509366200443,68.63942205827863,67.3362702420521,68.02265930175781,2306200
2026-03-12,67.9331331724124,68.79858948595133,67.17710263148847,67.29647827148438,2845900
2026-03-13,68.13208361340887,68.56978669507086,67.14725926919434,67.90328979492188,1923100
2026-03-16,68.02265036288614,69.05721633971443,67.60484706152974,68.82842254638672,2667600
2026-03-17,69.57451035671973,70.20121537391435,67.93313139984824,67.9729232788086,2158000
2026-03-18,67.65459433462277,67.67448647889887,66.15248319269908,66.72945404052734,3363200
2026-03-19,67.21689760695516,67.35616539860139,65.79437008697535,66.21217346191406,3026000
2026-03-20,66.47080646189953,67.9729175096822,66.20222078861914,66.6996078491211,6025200
2026-03-23,67.96296732958238,67.96296732958238,66.37133026123047,66.37133026123047,3470800
2026-03-24,66.51060805152366,66.88861954048595,66.05301279977185,66.1524887084961,4930200
2026-03-25,66.5702902280299,66.74934989456538,62.95926247401056,63.95403671264648,5118700
2026-03-26,63.95402697881713,68.5498859940525,63.79485948188868,64.7995834350586,7018100
2026-03-27,64.7796967794368,65.23729198757769,62.99905010173283,63.09852600097656,3222000
2026-03-30,63.60586272942524,65.61530712400523,63.098529543181975,64.9189682006836,4774300
2026-03-31,65.23729373387135,65.71478109883267,64.10325175518217,64.86922454833984,3288200
2026-04-01,64.46136483294428,65.07811991876959,63.396953052829026,64.0634536743164,4012900
2026-04-02,63.92419110130277,65.84410557737263,63.774973456002314,65.60535430908203,2473400
2026-04-06,64.91896847280617,66.51060572530237,64.91896847280617,66.17237854003906,1955700
2026-04-07,66.13258860508438,66.53049219210318,65.38650799513748,66.02316284179688,2546700
2026-04-08,65.57551065121139,67.51532481235571,65.57551065121139,67.40589904785156,3086000
2026-04-09,66.32159483708229,67.5750124682209,66.13259289783733,66.77919006347656,1916700
2026-04-10,66.24200987821867,66.39122752509462,64.10325143458756,64.73990631103516,2336300
2026-04-13,64.73990775125371,67.1373096635013,64.59069010105823,67.10746765136719,2409700
2026-04-14,66.30170176984467,67.38600200196075,65.99331660779599,66.19227600097656,1978600
2026-04-15,66.3613862682296,67.59490415668273,66.07290083819562,67.04778289794922,2213000
2026-04-16,67.27657398215388,68.65930946301486,67.17709808365426,68.46035766601562,3065600
2026-04-17,68.10223484430351,68.50014600728603,67.31636238453218,67.36610412597656,2317500
2026-04-20,67.25667909987811,68.07239357760209,67.1572032054287,67.42578887939453,1735600
2026-04-21,67.66453562275034,68.88811118977176,67.35615805906855,68.58967590332031,2095500
2026-04-22,68.43051670076916,68.57973434556033,67.03783133192604,67.5252685546875,2051800
2026-04-23,67.44569214008624,67.69438568398105,66.6100778860468,67.1969985961914,2281800
2026-04-24,66.65981820456538,66.70955235856557,65.33676675786337,65.55561828613281,2158600
2026-04-27,65.35666415125239,66.74934959704002,64.93886079437364,65.77447509765625,2934100
2026-04-28,62.67077555200736,64.13309486254487,61.337777951967816,62.81004333496094,3973700
2026-04-29,62.85977791490549,63.58596259761195,61.23829876348087,61.31787872314453,3816100
2026-04-30,60.57179740262523,60.58174726919475,58.34350543109291,59.83566665649414,5841200
2026-05-01,60.63148839686458,60.910023959220105,57.15972476069966,57.32883834838867,4793200
2026-05-04,57.11993172971665,58.582250992112144,56.891134123144965,57.33878326416016,4295300
2026-05-05,57.199515140090135,57.7665361170283,56.66233617411851,57.2094612121582,3253600
2026-05-06,57.84612215433083,58.01523194949475,56.24453506007261,56.26443099975586,3257200
2026-05-07,56.46337967406245,58.39324397386764,56.16494818489779,57.746639251708984,3431100
2026-05-08,57.65710991935476,58.114705126310994,55.806829358017815,56.15500259399414,3616500
2026-05-11,55.88063582991546,56.60895314764227,55.07250906770671,55.22216033935547,5414900
2026-05-12,55.45163358631081,56.61892951332822,55.20221098933579,55.64119338989258,5460100
2026-05-13,54.992690886470065,55.20220875191098,53.68571896706199,54.25440216064453,4192300
2026-05-14,54.433989133544,56.05024650222026,54.28433405245553,55.65116882324219,4549000
2026-05-15,56.1200834766669,57.117773849585426,55.711030576005776,56.1500129699707,2784900
2026-05-18,56.03029172443508,59.11315515834634,56.03029172443508,58.554447174072266,2855000
2026-05-19,58.96349902877024,59.572090760151816,57.516851044729506,57.955833435058594,2526300
2026-05-20,58.12544051212207,58.12544051212207,56.33957760448936,57.297359466552734,2231500
2026-05-21,56.88830633806086,58.54447222867085,55.99038346717546,58.38484191894531,2356900
2026-05-22,58.35491313429185,58.74401178110792,57.177638158553194,57.68645858764648,2550000
2026-05-26,57.20756565454821,57.866041142904415,56.858375549316406,56.858375549316406,2627100
2026-05-27,56.76858333129201,58.56442522839387,56.539111197998245,56.67879104614258,2861500
2026-05-28,56.70872116088867,57.327288128761936,55.95047814922662,56.70872116088867,3442300
2026-05-29,56.469272959524666,57.10779798806671,55.86068503572839,56.12008285522461,3709100
2026-06-01,56.00036101695029,58.16534727304514,55.980406753028035,56.84839630126953,4506400
2026-06-02,56.3894591599965,56.988071848929415,55.27204703124128,56.45929718017578,3833200
2026-06-03,55.97042755153312,56.42936800860572,54.88294490927024,55.01264572143555,2875900
2026-06-04,56.36950607649086,57.89597112935102,56.12008348323205,57.24747467041016,3069600
2026-06-05,58.12543973370842,59.123130111468434,57.91592566779163,58.72405624389648,2278100
2026-06-08,57.756296538085486,58.38484255454788,57.22752184496695,57.86604309082031,3015100
2026-06-09,57.56673691113531,59.44239593106301,57.307335275523435,58.973480224609375,3110400
2026-06-10,59.98114520206534,61.4377760644472,59.07324709908426,60.04100799560547,3272400
2026-06-11,60.98881364235186,60.98881364235186,59.691816917029705,59.81153869628906,2935800
2026-06-12,59.841469023904025,60.46003599890225,58.90364142917209,59.85144805908203,2029400
2026-06-15,59.20294827363861,60.09089211747812,58.76396586934907,59.14308547973633,2821000
2026-06-16,59.42243867537874,59.96118857244216,59.15306182390371,59.56211471557617,2399200
2026-06-17,59.28276034993466,60.85911297176672,58.38484129453901,58.90364074707031,3043000
2026-06-18,58.913617217859226,58.97348001183526,57.91592682024641,58.9635009765625,5744500
2026-06-22,58.374860869570526,59.701790865661785,58.005716504671206,58.10548782348633,3250000
2026-06-23,59.04331835206852,60.50992446231406,58.99343459309753,60.260501861572266,3662700
2026-06-24,60.85911316682282,62.19601842796882,60.39019747044058,61.657264709472656,4583600
2026-06-25,60.78927404457988,62.00645750377222,60.64959800287978,60.68950653076172,2911100
2026-06-26,62.20599438923079,64.161466643207,61.41782187239999,64.0716781616211,4410300
2026-06-29,63.91204244716436,64.23130305999811,63.18373274215616,63.81227493286133,2943100
2026-06-30,64.18142325494597,64.77005691891621,62.43546510945847,64.00183868408203,2501800
2026-07-01,64.65033715917966,68.00257731479776,64.37097746973379,67.20442199707031,2734500
2026-07-02,68.20211391199014,69.91814255645731,66.9450219216848,69.83832550048828,2383200
2026-07-06,68.70095691557907,69.01023848293477,67.46382303438311,68.2719497680664,2509800
2026-07-07,69.22973382379384,70.33717073797186,68.88054371837136,69.1100082397461,2434600
2026-07-08,68.8406325404533,69.229731158914,67.94270972409277,68.25199890136719,1794400
2026-07-09,67.6234524756026,67.83296654117521,67.06474830074232,67.68331146240234,1776800
2026-07-10,68.40165370430468,68.60119635812538,67.19444919284172,67.50373840332031,1244100
2026-07-13,68.34178877721672,69.17984501514017,68.26197172262212,69.0501480102539,1858700
2026-07-14,67.94271158167062,68.69097934713346,67.41393691196062,68.34178924560547,2657300
2026-07-15,67.6234550187639,68.61116639697272,66.4561590616286,66.70558166503906,2720700
2026-07-16,67.52368767509867,69.83832913628753,67.384011625768,69.27962493896484,4692100
2026-07-17,70.40701045798117,71.20516581401216,68.55130572521668,69.18982696533203,2812500
2026-07-20,68.95038251468357,69.42926963271196,68.09236818212806,68.78077697753906,2955600
2026-07-21,67.85292249731512,68.91047182728771,66.06705586628472,66.486083984375,3577500
2026-07-22,66.83527866402719,67.05477177286443,64.67029229372119,65.23897552490234,3920200
2026-07-23,65.27888369252571,65.65800330728428,64.83989747728778,65.58816528320312,2169500
2026-07-24,65.29883584630173,67.61347734820427,65.10927983988948,67.50373840332031,2664400
2026-07-27,68.1222982051063,70.10769993807084,67.72322052913127,69.53901672363281,2789400
2026-07-28,68.8107053555638,73.96876269057385,67.51370484269461,73.47989654541016,4927200
2026-07-29,72.32257451089559,75.45532173829642,71.70401133831209,74.69708251953125,3552200
2026-07-30,73.509829317549,74.26807615636382,69.6288142524834,70.7063217163086,4142300
2026-07-31,69.77846721088623,70.73624905675443,69.11998791022927,70.2374038696289,2742200
2026-08-03,71.23509244373639,73.45993765950023,70.95574036388922,71.61421203613281,2551900
2026-08-04,70.36710162640004,71.54437658500758,69.96802395010072,71.00562286376953,2190200
2026-08-05,71.21514000095405,71.46456260792095,70.18752007813418,70.7861328125,2168500
2026-08-06,71.39472171896189,71.66410238627529,70.29726381467879,71.0156021118164,1781500
2026-08-07,70.18751486888085,72.02326907803175,69.79841623983293,71.26502227783203,1665200
2026-08-10,70.51675800352649,71.4745398771976,69.89818721329624,71.43463134765625,1789100
2026-08-11,70.64645172955714,71.75388863455197,69.95805055936793,71.2750015258789,2037200
2026-08-12,70.19000244140625,71.0999984741211,69.70999908447266,71.05999755859375,1836300
2026-08-13,71.63999938964844,71.79000091552734,69.98999786376953,71.61000061035156,2242800
2026-08-14,71.36000061035156,71.45999908447266,70.5,70.54000091552734,1647800
2026-08-17,69.91999816894531,70.6500015258789,68.70999908447266,68.86000061035156,1689500
2026-08-18,69.61000061035156,70.87000274658203,69.31999969482422,69.37000274658203,2110700
2026-08-19,69.6500015258789,72.2300033569336,69.43000030517578,71.48999786376953,1551000
2026-08-20,71.56999969482422,72.73999786376953,70.83999633789062,72.08000183105469,1459600
2026-08-21,71.9800033569336,73.41999816894531,71.33000183105469,72.91999816894531,1311300
2026-08-24,73.38999938964844,74.7699966430664,73.33999633789062,74.62000274658203,1318400
2026-08-25,73.86000061035156,74.48999786376953,73.19000244140625,73.33999633789062,1290200
2026-08-26,72.83999633789062,73.76000213623047,72.5999984741211,72.77999877929688,1720400
2026-08-27,71.79000091552734,72.55999755859375,71.22000122070312,71.38999938964844,1508200
2026-08-28,71.81999969482422,73.66000366210938,71.69999694824219,73.30999755859375,1397400
2026-08-31,72.36000061035156,72.5,71.70999908447266,72.16999816894531,2113700
2026-09-01,72.73999786376953,73.08999633789062,71.51000213623047,72.05000305175781,1460200
2026-09-02,72.63999938964844,73.55000305175781,71.91000366210938,72.04000091552734,1715200
2026-09-03,72.69999694824219,74.0,72.12999725341797,72.55999755859375,1351500
2026-09-04,71.58999633789062,72.08000183105469,71.22000122070312,71.41999816894531,1361700
2026-09-08,70.02999877929688,70.02999877929688,68.0199966430664,68.18000030517578,2569000
2026-09-09,67.8499984741211,67.87999725341797,66.36000061035156,66.52999877929688,1741600
2026-09-10,67.63999938964844,67.63999938964844,66.16000366210938,66.33000183105469,1714800
2026-09-11,67.05999755859375,67.2699966430664,65.41000366210938,66.19000244140625,1198200
