Date,Open,High,Low,Close,Volume
2015-01-02,93.60592785693122,94.4097605388182,92.21502458167647,92.87435150146484,720600
2015-01-05,92.3595429804738,92.51308251561277,90.92347768917875,91.27571868896484,1455000
2015-01-06,91.91697042423196,92.63048612810212,91.09507712380687,91.6369857788086,2241400
2015-01-07,93.6781977028536,94.39171352505969,93.11822142839294,93.7865753173828,1781700
2015-01-08,94.92459384551314,98.66377335349208,94.83427686474312,98.56442260742188,2307000
2015-01-09,98.48313495955706,98.59151946604942,97.38124992782078,97.5438232421875,1315600
2015-01-12,98.04054059340118,98.04054059340118,95.35808534646804,95.89999389648438,1772300
2015-01-13,96.91160372075936,98.53733007779502,95.61101712253554,96.4871063232422,1070000
2015-01-14,95.41229205618129,97.84185756218452,95.07811172370836,97.03802490234376,1762800
2015-01-15,97.15545014065992,97.48963052087224,95.83680303961584,96.51419067382812,1133900
2015-01-16,96.48707823935072,97.51670669967568,95.59292176795635,97.44445037841795,1451300
2015-01-20,97.87798346753496,98.66374858277666,96.893510019297,97.95926666259766,1170900
2015-01-21,97.98637003326957,100.00047214784708,97.56187271153732,99.46759033203124,1821000
2015-01-22,100.16304857110204,101.31912231445312,99.2147031678021,101.31912231445312,1664800
2015-01-23,101.32815026857148,102.0145647076137,99.25082564271273,99.32308197021484,1229300
2015-01-26,99.11536713077246,99.12440089625336,98.03154955836388,98.81732177734376,1308600
2015-01-27,98.22120832488,98.84440716204816,97.71542775601506,98.29346466064452,820700
2015-01-28,99.4314728511811,99.52179671799408,98.03154249524624,98.1760482788086,2040500
2015-01-29,98.14894484601606,99.2237353673762,97.39930092118936,99.00697326660156,1354800
2015-01-30,98.1489608514223,98.87151049282308,96.30646546751996,96.4871063232422,1570800
2015-02-02,96.71290492206336,97.44448145859516,95.04201658181172,97.4354476928711,1431200
2015-02-03,97.44447181467967,98.5282893089998,97.25480409771085,98.1760482788086,1395700
2015-02-04,97.85089352050694,100.0998253149772,97.21866784981832,99.44049835205078,1768500
2015-02-05,100.52430524662572,102.41195505860952,100.47914332478976,101.35523223876952,2060900
2015-02-06,101.24686436130642,101.87006315296526,100.45206539816728,100.88558959960938,1355300
2015-02-09,100.68688612866649,101.20170037909656,100.03659299323012,100.27141571044922,1392000
2015-02-10,100.94882623107584,102.89970608160586,100.91270495154208,102.69197082519533,1152100
2015-02-11,102.44809343354066,104.10994758354008,102.44809343354066,103.92931365966795,1421900
2015-02-12,104.6699387785336,104.76928951812924,103.15259017195164,103.8480453491211,1080200
2015-02-13,103.6222426567636,103.6222426567636,102.62873532609788,103.38741302490234,1103200
2015-02-17,103.19774428539644,104.31768984873676,102.28552705947564,104.29962921142578,1316800
2015-02-18,104.13705326833332,104.87766341265043,103.54998265486104,104.77831268310548,1016200
2015-02-19,104.38996776243162,105.6002305440385,104.13707744333432,104.94091033935548,795600
2015-02-20,105.12151641423164,107.12658468457752,104.8324979990034,107.06336212158205,1591600
2015-02-23,107.3614391165945,109.736809550476,107.3614391165945,109.63745880126952,2298300
2015-02-24,109.61938579424198,110.18838892853316,109.01424760168588,109.06844329833984,1505100
2015-02-25,109.28518063463493,109.70967789333773,108.66198194498682,109.44775390625,1438100
2015-02-26,109.12263641408512,110.0890425385381,109.1136026491621,109.81808471679688,1523900
2015-02-27,109.80903960548488,110.56771035517008,109.80903960548488,109.85419464111328,1557300
2015-03-02,109.66454609562182,111.09157777282356,109.3032712938216,110.6219253540039,2077500
2015-03-03,110.37805245351107,110.59481455967534,108.53555732425698,109.38455200195312,2265500
2015-03-04,107.70462607640138,110.50449338451564,107.2078724241544,110.06193542480467,2901700
2015-03-05,110.06193906634924,111.09156767894342,109.8903320006692,110.64900970458984,1605300
2015-03-06,110.2064563791179,110.26967895350268,108.21945527781584,108.89684295654295,2516800
2015-03-09,108.96003927841898,110.45029319071006,108.68908151591437,110.19740295410156,1617200
2015-03-10,109.24875835539932,109.3481416690052,108.2458953857422,108.2458953857422,1033800
2015-03-11,109.0499894772216,109.4475227234393,108.36334991575794,108.8241195678711,1293300
2015-03-12,109.33910725599009,111.0105501694544,109.33910725599009,110.90213012695312,1051800
2015-03-13,110.43233243999418,111.3087020039158,109.5830592725817,111.02862548828124,1028800
2015-03-16,111.39002156768834,114.07335758499318,111.13704833520232,112.94400787353516,1844400
2015-03-17,112.59164200691502,113.08855170307427,111.82367875220912,112.7994384765625,1263000
2015-03-18,112.93496122078452,115.64540029008336,112.57356796627742,115.18462371826172,1560000
2015-03-19,115.17557324347776,116.42237251043272,114.78707677078138,115.73573303222656,1290200
2015-03-20,116.7476356852046,116.82894554103036,115.6002127265352,115.98871612548828,2025700
2015-03-23,115.98871581971812,116.93735837386036,115.8351259415617,116.02484893798828,1616100
2015-03-24,116.11518656278348,117.4704057820027,115.93449342408816,117.0638427734375,1974200
2015-03-25,117.47944286390458,118.41002568231777,114.64251767470252,114.66059112548828,1647900
2015-03-26,113.72099555590594,115.22076831621372,112.98917229084309,114.0281753540039,1636700
2015-03-27,114.38955753487996,116.76571339467938,114.38955753487996,116.53079986572266,1499400
2015-03-30,118.23838530727645,118.47329885506176,117.02772580378998,117.41622924804688,1436900
2015-03-31,116.63921613378298,117.82277214577132,116.35009605873034,116.94639587402344,1862900
2015-04-01,117.1361299083215,117.7956799719899,115.68152713528016,117.78663635253906,2100700
2015-04-02,117.89507235565428,118.8798619312034,117.2716691498093,117.8769989013672,1468300
2015-04-06,117.2806947583408,119.59360052752864,117.10903141381414,119.08765411376952,1489900
2015-04-07,120.02726858023873,120.57839167944074,117.34393310546876,117.34393310546876,1595100
2015-04-08,117.71435165335376,118.85274477853956,117.47042208596082,118.7985382080078,1394000
2015-04-09,118.726251446025,119.765247418253,118.52748484135468,119.4219207763672,1381200
2015-04-10,119.6658856160156,120.4519223433478,118.76240590009851,120.44287872314452,1667300
2015-04-13,120.62357194816938,121.9336285654783,119.9098290382067,119.98210906982422,1351300
2015-04-14,120.09051455432588,120.3886644959536,118.73529506656656,120.07244110107422,1587300
2015-04-15,120.28928981410276,120.69585293240463,117.26262722650976,117.65113067626952,3103700
2015-04-16,121.50899199597931,121.96976168828384,119.65685582054854,119.98210906982422,1936600
2015-04-17,119.25932772428662,119.7743178021976,117.55175153785645,118.47330474853516,1134800
2015-04-20,119.51228580732324,119.63877240562168,117.52463335434553,117.69629669189452,1388200
2015-04-21,118.2022345884386,118.75335768126692,117.63303804400816,118.08477783203124,1849400
2015-04-22,118.37392118544408,118.63592424816426,116.99159826521516,117.67823791503906,1242500
2015-04-23,117.58787260133784,118.38293911613933,117.3620026856334,117.96734619140624,1353100
2015-04-24,117.93119588462407,118.23837565248442,117.66919285580326,118.04865264892578,1017100
2015-04-27,118.50943763409126,118.97020734549857,117.11808487928818,117.67823791503906,2817200
2015-04-28,118.00348129294018,119.28642078135688,116.04293204603545,118.997314453125,2160900
2015-04-29,118.13898849538056,118.83467165312878,112.7723243149061,114.45279693603516,3426000
2015-04-30,114.16370463474564,115.78092736210532,112.28446505312756,112.6097183227539,2366200
2015-05-01,113.51317071172046,114.344370247802,112.48320457070596,113.37764739990234,2680500
2015-05-04,113.90166315800104,115.44661231475185,113.63965326924188,114.49796295166016,2158000
2015-05-05,113.92879165179365,114.4076348019354,112.88075875784244,113.16083526611328,1459700
2015-05-06,114.05527100334112,114.29017764633087,112.3747982746505,113.19696807861328,1384200
2015-05-07,113.3324936569968,114.92261293633516,113.14276375070082,114.28114318847656,1395700
2015-05-08,115.0310353873781,116.5308081083946,114.96779208395576,116.0881118774414,1333800
2015-05-11,116.15136555376206,117.1632585589372,115.56410917454612,115.91646575927734,1252000
2015-05-12,115.48276912852174,119.9278942660371,115.35628252836914,119.13282775878906,4211500
2015-05-13,119.67493130021116,120.47902770980508,118.62689150303062,118.979248046875,2521000
2015-05-14,119.69297734724807,120.22604080553226,118.74432097993464,119.12379455566406,1460400
2015-05-15,119.04247568220076,119.5755391618468,118.58170601607176,119.3135223388672,1262800
2015-05-18,119.14185093500252,120.7590871458778,119.06054107930616,120.40673065185548,1104800
2015-05-19,121.16566552520788,121.71678870459532,120.61454234582042,120.86751556396484,1412500
2015-05-20,120.84038882968994,121.12046528215144,120.26216247383287,120.7590789794922,906000
2015-05-21,120.38866139386258,120.6687378750218,119.72912512022909,120.11761474609376,1133400
2015-05-22,120.1176207004521,123.92127621914705,119.81044091788928,122.74674987792967,3185700
2015-05-26,122.74674501236662,122.77384829881215,120.7952256722547,120.9849624633789,1355600
2015-05-27,121.65351817855996,122.5389380801168,121.21082201378566,121.91553497314452,1123300
2015-05-28,121.91556872721095,122.90938825443229,121.58128560640108,122.75579833984376,1094800
2015-05-29,122.50280679078504,131.3027038576517,121.66257730369097,127.23704528808594,6333500
2015-06-01,127.27321465201403,131.2756379522893,126.93893148595848,129.97462463378906,4593800
2015-06-02,129.19757652550965,129.33309294452644,127.05633438902072,127.85138702392578,3219800
2015-06-03,127.92367828619896,128.10437145610413,125.71015593634895,126.62266540527344,2450400
2015-06-04,126.1980239184698,126.36968724824108,123.7586317555209,124.40010833740234,2087000
2015-06-05,124.62597446298514,126.33355030393408,123.93029133193062,126.035400390625,1743900
2015-06-08,126.01733255601768,127.1466820722216,125.33069301312744,125.37586975097656,1227300
2015-06-09,125.3577744659534,125.99925094527792,124.32780843799756,125.13190460205078,1094100
2015-06-10,125.42107374068114,126.78532328972184,124.68924351492274,126.34261322021484,1053400
2015-06-11,126.56841642831894,127.0834062653156,125.601700710905,125.76432037353516,1422500
2015-06-12,125.41202045172416,125.41202045172416,123.89418110643572,124.05680084228516,1093800
2015-06-15,122.96357593198118,148.1706506133948,122.43051250424048,138.62086486816406,14199700
2015-06-16,140.50917629400996,141.93667597074338,136.28088384370972,139.10877990722656,6698900
2015-06-17,139.37074496432882,141.62041391872623,138.6841054961689,140.4007110595703,3367500
2015-06-18,140.66278683080264,141.96380008325986,140.0484133344716,141.31329345703125,1974800
2015-06-19,141.0512546135565,142.02701440102547,140.11164173636803,140.27426147460938,1840200
2015-06-22,150.4294041264794,150.8811440788112,146.59864436774265,146.9058380126953,8989400
2015-06-23,147.47495860839192,148.93860480943144,146.06553275894927,148.84825134277344,6580700
2015-06-24,148.67659660233227,150.09506615185,148.2067833634214,149.75173950195312,3552300
2015-06-25,150.13119611250542,153.95291077293749,149.03799357029862,153.38372802734375,6178700
2015-06-26,152.96814047926304,154.20590321367757,148.99283545197193,151.8387908935547,11020400
2015-06-29,148.28806716798195,150.35702877235616,147.62851732972246,148.77593994140625,2930600
2015-06-30,150.32995240439456,150.32995240439456,146.24622123281438,146.36367797851562,3468900
2015-07-01,147.98088447814496,148.15254776946207,144.7464403661761,146.39979553222656,3589600
2015-07-02,147.49303976774172,152.10982092079388,144.6741879215273,145.7222137451172,4357800
2015-07-06,143.71651064904998,145.46924954231824,141.65656441973545,144.61094665527344,4368700
2015-07-07,143.7526291548879,145.09881862302888,136.05497966787345,139.5243377685547,5094000
2015-07-08,137.9794273383414,139.2352636286199,135.55809446040467,135.91949462890625,2542300
2015-07-09,137.24757164376797,142.1805619033957,136.44347545491277,141.44874572753906,4161500
2015-07-10,142.2980595782844,144.0417688656747,140.2200534113684,142.0360565185547,1954600
2015-07-13,142.2889799227028,142.39739304242332,138.65698876604364,140.08448791503906,1728700
2015-07-14,140.45496306286614,141.4668559357688,139.77735327418887,140.8976593017578,1207100
2015-07-15,140.5543331813596,142.66847221481478,140.04837300642552,141.00607299804688,1256400
2015-07-16,140.50916285045986,141.3313188769615,138.49439325022664,139.3978729248047,1442200
2015-07-17,138.8828596217522,139.7682656065096,137.57281720036582,138.602783203125,1951400
2015-07-20,138.34985064526592,139.14490340547573,136.43446430992796,138.1691436767578,1725900
2015-07-21,137.88908402379948,138.22338092758025,135.67556124917994,136.6874542236328,2223100
2015-07-22,136.7055042724821,138.58474360755582,136.10920439206336,136.48867797851562,1730900
2015-07-23,141.91858637890476,142.7497860102132,138.25046117199815,139.46112060546875,6778700
2015-07-24,136.03695753491562,137.14823380785265,130.3269586894363,131.6550750732422,10349100
2015-07-27,131.0587531476271,133.03737574649367,130.119140396652,131.8176727294922,3582500
2015-07-28,132.71212623009433,132.71212623009433,130.61606059513306,131.7905731201172,3324700
2015-07-29,132.1429495523942,132.9651194726111,131.02264343219383,131.375,3497600
2015-07-30,132.80245858376915,133.92276435688868,129.9655334642838,130.0106964111328,3535600
2015-07-31,130.53473322820346,131.23944623751063,129.4776637142427,130.1552734375,2763600
2015-08-03,130.2546740586279,130.83290054787767,128.70068778389276,129.52285766601562,1778000
2015-08-04,129.55896850196618,130.29079855468743,129.25178874808591,130.00167846679688,2425800
2015-08-05,130.62513507901082,133.69696144760536,130.2004983923037,133.3084716796875,3503200
2015-08-06,132.98315480664087,134.15768095796582,131.1942691895173,132.63079833984375,2768500
2015-08-07,132.5856174960187,132.5856174960187,130.58892172206006,131.77249145507812,1025300
2015-08-10,132.25134320902646,133.03736601948785,131.17620032032391,131.618896484375,1190100
2015-08-11,131.158148867081,131.99839217264324,130.08300579805297,130.71543884277344,1859600
2015-08-12,129.8932995976486,129.95653601730598,127.21899322309528,129.5138397216797,1591200
2015-08-13,129.55899614852586,130.64318292346516,129.33312620141476,129.3602294921875,1691400
2015-08-14,129.4956995036058,130.76056510473595,129.27885949226874,130.20944213867188,1019100
2015-08-17,129.55896844208496,132.55852731554245,129.19758211839337,132.44107055664062,1687700
2015-08-18,132.33271196656483,134.8534150105017,132.33271196656483,134.15774536132812,2389400
2015-08-19,133.4981615146787,135.395474484435,132.350752169985,134.75399780273438,2002000
2015-08-20,134.39259838971665,134.51908498970204,131.2213897705078,131.2213897705078,1729700
2015-08-21,130.8961419247361,131.88996131233,128.9355926513672,128.9355926513672,2243500
2015-08-24,115.01295436115534,126.80336574704128,112.18505883792632,122.64735412597656,3486200
2015-08-25,126.18900610349483,126.18900610349483,120.8133047283913,120.87654113769533,2090900
2015-08-26,123.18044960726176,124.69830304926472,121.59935973926386,124.27366638183594,2226500
2015-08-27,124.8247310727626,126.34257001601762,121.83421613246604,124.9512176513672,1913400
2015-08-28,124.77956895026225,125.1951756349115,123.27978949549087,124.56272888183594,1416100
2015-08-31,124.1923518303024,128.38449797133322,123.96648185764772,127.200927734375,2214200
2015-09-01,125.48427300999634,126.59554898633668,124.32782029936496,125.58365631103516,2014500
2015-09-02,126.39680029116522,126.70399385626288,124.33686774689276,125.89085388183594,1309400
2015-09-03,126.17088915793096,128.80906106364145,126.1347560487848,127.95074462890624,1536600
2015-09-04,126.74010511308906,126.98404844193468,125.61075572065992,125.9269790649414,1830700
2015-09-08,126.30644916001582,128.10436471709886,126.04443235933246,127.43579864501952,971900
2015-09-09,128.38447437096846,128.73683091209725,126.10770160505592,126.26129150390624,1800000
2015-09-10,125.77341120332314,126.48715407835132,124.09293846198482,124.19232177734376,2665300
2015-09-11,123.5598544730078,126.16187990804156,123.34302821075728,126.14380645751952,1428000
2015-09-14,126.22515073414726,126.48715377254788,125.52042390857495,125.89085388183594,993000
2015-09-15,126.1890120025609,127.4358184391886,125.71016884942262,127.11056518554688,869200
2015-09-16,127.40872286442868,129.0711223565811,127.0924994259616,128.82717895507812,893600
2015-09-17,129.19761067138245,130.6973904395662,128.2218508385644,128.97174072265625,1011700
2015-09-18,127.78812495874666,128.8632676203613,127.46287183242627,127.95074462890624,1481400
2015-09-21,128.62836988146202,129.1523896371375,126.99307421920042,128.37539672851562,832800
2015-09-22,128.1224304771941,128.1224304771941,126.62265114250636,127.52613067626952,793600
2015-09-23,127.3635330274926,129.30600884697623,126.72205638162248,128.9355926513672,1352300
2015-09-24,126.55040373748125,128.66454285235145,125.8547205329108,127.40870666503906,1211400
2015-09-25,127.97786552263372,128.1585724512414,123.225568320718,124.21035766601562,1850200
2015-09-28,123.54181494675332,123.88512784661376,119.7291296393124,120.1627960205078,2790500
2015-09-29,120.00922482073273,121.97880418931643,118.7624182713675,119.71107482910156,2099000
2015-09-30,120.33446163531822,122.79192748516463,120.33446163531822,121.98783111572266,1964500
2015-10-01,121.6444726321634,122.85513178687717,120.96686304446506,122.35821533203124,1469800
2015-10-02,119.23223654958232,125.28554876921554,119.23223654958232,125.20423889160156,1595600
2015-10-05,126.03543654074114,126.74014970669045,125.10485341683354,126.20709991455078,1084400
2015-10-06,126.01732261849844,126.0353960694138,122.74673108900689,123.5146942138672,1534300
2015-10-07,123.7676588647571,124.01158839831012,122.58408916632104,123.4424057006836,2632000
2015-10-08,122.75577254148456,123.4153225952929,120.73198699951172,120.73198699951172,2155800
2015-10-09,120.3796491252281,123.19850158691406,120.21701559843466,123.19850158691406,2299900
2015-10-12,123.32499482447514,124.49047772070912,122.34923496934516,124.3278579711914,945200
2015-10-13,124.35491910392336,127.14666747891432,123.9302826316881,125.44813537597656,1379000
2015-10-14,125.42105582199608,126.12576886966797,123.24366648408396,124.31880950927734,897700
2015-10-15,124.01159359736558,125.70110966941316,121.19274191455312,125.66496276855467,2423500
2015-10-16,126.77621815521805,127.61644726150064,125.97210836800184,127.15567779541016,1780700
2015-10-19,126.73110331018468,128.95365568588804,126.4871599273858,128.20376586914062,800300
2015-10-20,128.2038115861467,128.89046523651191,127.83339524877798,128.48390197753906,635800
2015-10-21,129.1343147798836,129.32405153552685,115.66344628130132,123.42433166503906,3511400
2015-10-22,122.80996612276138,123.24364622388606,115.37433343718982,116.99156951904295,4702000
2015-10-23,117.3258883743527,120.25316791413852,117.25360833541885,119.74720764160156,1943700
2015-10-26,120.02724689610224,120.5060898875563,119.10569402428412,120.28022003173828,1519500
2015-10-27,120.05438977877016,124.30977154596157,119.91885954897025,123.74961853027344,2229100
2015-10-28,123.5418067617828,124.12906299353588,118.53652200516063,122.91840362548828,1398400
2015-10-29,122.96355308990805,124.54464205579444,122.29497336422976,122.46663665771484,965300
2015-10-30,122.54794375238336,123.24362674187944,121.01203154853602,121.10237121582033,1210500
2015-11-02,121.5631794830697,122.56604236201426,120.30734342619358,120.84039306640624,1229900
2015-11-03,120.91269580550367,121.2650523542574,118.47330325366976,119.21414947509766,1259000
2015-11-04,119.29543881815412,119.92788555900556,117.27165336264387,117.39813995361328,1901000
2015-11-05,117.55174224029784,119.79236799660514,116.84702918963664,119.6207046508789,1327800
2015-11-06,119.62068184689548,120.32539476321318,116.54885702120306,119.9911117553711,1771900
2015-11-09,119.5574508351161,120.5783871409493,118.83466443592457,120.10857391357422,1519700
2015-11-10,119.90078461813364,121.5541401659815,119.7110478349682,121.2921371459961,1456900
2015-11-11,121.29214673315352,121.39153004914232,118.95213767651472,119.08765411376952,1488700
2015-11-12,118.11189103904196,120.67778372793758,118.11189103904196,118.70819091796876,1212000
2015-11-13,118.7985390685627,120.39768805485244,118.04864933676362,118.87081909179688,1854500
2015-11-16,118.95212991097684,121.15662238644522,118.76239312520084,120.60549926757812,981500
2015-11-17,120.39770167151975,123.053934235268,119.80141553790789,120.84944152832033,1357300
2015-11-18,120.77718858603144,122.4305584870766,120.07247535424293,122.09627532958984,847000
2015-11-19,117.90410284516788,119.25029258391024,115.13945712214564,115.49181365966795,2848600
2015-11-20,116.1423109339472,119.81946591442208,115.7267042320776,119.41290283203124,1855900
2015-11-23,119.86462833522174,121.58124772448528,119.7923483180524,120.31636810302734,1152700
2015-11-24,120.21699754863928,121.39152382666336,119.96402435472702,121.3011703491211,1308400
2015-11-25,121.6444854254454,122.09622519808684,121.12046563486086,121.1837158203125,907300
2015-11-27,121.48188693767104,123.18946302499144,121.057250374358,122.24080657958984,457900
2015-11-30,122.18658893960492,122.77384517900964,121.3192424373713,121.95167541503906,1271700
2015-12-01,122.22272698809294,126.34259202135364,122.01493052690805,126.1167221069336,1871000
2015-12-02,125.8456738019585,128.420596306979,125.24034409357236,126.25225067138672,2880200
2015-12-03,126.0264047462538,126.50524794680098,123.72252845369204,124.01163482666016,2541200
2015-12-04,124.92413529886056,127.3996607214398,124.53563187991226,126.87564086914062,1394000
2015-12-07,127.03825151584236,127.3002545018443,123.71343982717914,124.4904327392578,938000
2015-12-08,123.77669812925916,124.9602541318878,123.31592852254228,124.04774475097656,897300
2015-12-09,123.09007149537972,124.83378058866356,123.09007149537972,123.88512420654295,971600
2015-12-10,123.88514571872469,126.28840529447896,123.27078607223524,125.79148864746094,934300
2015-12-11,124.32782961564224,128.23989797912637,124.32782961564224,126.5594253540039,1203400
2015-12-14,127.13766847451647,127.95983833594508,125.83665545994958,127.11056518554688,1478100
2015-12-15,128.22184451811975,129.1433977235786,125.91796839747612,127.06539154052734,1653100
2015-12-16,127.91465816892332,128.70068110001824,125.01448225273536,127.5623016357422,1530700
2015-12-17,127.57131998133976,130.11009551563066,127.4267599330515,129.1975860595703,2073100
2015-12-18,129.0982451594695,130.62512842934638,128.8723751795708,130.07400512695312,2948200
2015-12-21,130.40823904406207,132.45914154721268,129.65834933963248,130.52569580078125,1567200
2015-12-22,131.28463234596376,131.9170653756059,129.77582290881534,131.59181213378906,1148500
2015-12-23,131.82674028633144,132.9380165748516,131.33885347653688,132.68504333496094,875000
2015-12-24,132.52237647915604,133.64269610696334,132.32362365722656,132.32362365722656,717100
2015-12-28,131.9803212183969,133.1006410517006,131.9803212183969,132.87477111816406,546800
2015-12-29,132.77535969294345,134.2118888575408,132.39588615323493,134.04925537109375,718500
2015-12-30,133.9137730088794,133.94087629917908,132.63986322076485,132.67601013183594,581100
2015-12-31,132.296531719003,133.5794850815674,131.8176885596543,132.20619201660156,896800
2016-01-04,130.742568728134,132.69407463077323,130.18240187420278,132.40496826171875,1461700
2016-01-05,132.35072147500577,133.84145718693293,129.84807931375497,130.2275390625,1514800
2016-01-06,129.61317375975318,130.887069363866,128.9716972557223,129.22467041015625,1180200
2016-01-07,127.39059344246584,129.16141910509532,126.69491045507552,127.7248764038086,1779600
2016-01-08,128.2941088032783,128.41156556792976,125.20421009064675,125.34877014160156,1465400
2016-01-11,125.52041102710196,125.90891441397062,121.72579956054688,121.72579956054688,2100200
2016-01-12,122.34017633593416,126.00830131790556,121.98781984224736,125.65594482421876,1811400
2016-01-13,125.79145043817432,126.60459028248654,121.88842605788756,122.2046356201172,1671200
2016-01-14,121.93361021774604,125.73725153047867,121.93361021774604,125.3306884765625,1975300
2016-01-15,123.55083743010309,123.97547395230448,121.62642143740332,123.08102416992188,1718100
2016-01-19,123.12622812771193,127.77914366216076,123.10815467132348,126.4148941040039,1843800
2016-01-20,125.27651233037513,126.68593861209337,122.0872297404336,125.79148864746094,1908600
2016-01-21,125.92697413132454,128.86328243660049,125.69206064386069,126.60458374023438,1846300
2016-01-22,124.5898895263672,127.56234651907972,123.2708164143396,124.5898895263672,2345600
2016-01-25,124.91509216649882,125.45718547402755,122.57508316814388,122.73771667480467,1664500
2016-01-26,123.86706562842052,124.18327523457008,121.36442313583844,122.34921264648438,1150800
2016-01-27,122.34018765045872,122.34018765045872,117.34394608728611,118.7533721923828,2696100
2016-01-28,119.34062617898276,120.34348916309212,116.64826062523198,117.29876708984376,1156600
2016-01-29,117.65111430915611,120.7048797607422,117.52462771692498,120.7048797607422,1664900
2016-02-01,120.469981158843,122.15949759013093,119.7652680882974,120.37059783935548,1728600
2016-02-02,120.34350228514026,120.34350228514026,118.34681971894112,119.16897583007812,1128000
2016-02-03,119.29546805064388,120.20799148182016,118.08480841384429,119.71107482910156,2080900
2016-02-04,117.99444680690088,121.94264843250184,117.99444680690088,121.76195526123048,2151600
2016-02-05,120.75908513669096,122.0691277831312,118.9882590769617,120.2079620361328,1567200
2016-02-08,119.36770563631724,119.53936894493188,112.13987661967064,112.89879608154295,2763600
2016-02-09,112.47417872365163,116.64825715195607,111.61587582079156,115.80801391601562,1159100
2016-02-10,116.21458749662956,118.41907996692944,115.64539092664091,117.0006103515625,822000
2016-02-11,115.60926861301368,117.70534136871902,115.53698857829886,115.6454086303711,1155200
2016-02-12,116.3049568418032,117.9041200310422,115.1394739050412,117.72342681884766,685600
2016-02-16,119.060543879732,121.3915229665548,118.03960749195942,121.22888946533205,851400
2016-02-17,121.66257367934284,123.11717647567262,120.17182397664152,122.73771667480467,966300
2016-02-18,122.51183625645922,123.93932185761062,121.96974299541122,122.55699920654295,1010800
2016-02-19,123.7766918868448,123.7766918868448,120.71389692371264,121.01204681396484,1094200
2016-02-22,122.27694836443705,124.77959117925845,122.24081523959804,123.19850158691406,1254900
2016-02-23,122.59319863876496,124.68926498853452,122.59319863876496,124.53567504882812,955600
2016-02-24,124.21941543270978,124.48141845142824,122.38535294366646,123.99354553222656,637400
2016-02-25,124.39106106727516,126.92080663037925,123.86705504630748,126.77626037597656,909000
2016-02-26,126.64979372429704,129.4054099145263,126.49620381021973,127.61652374267578,1132800
2016-02-29,126.89369272399662,128.89941831223294,126.10766997233752,126.13477325439452,1238300
2016-03-01,127.06539283188698,127.36354280685984,124.20136364842948,125.15904998779295,1574400
2016-03-02,124.72535121146907,127.25509663923806,124.29168489945263,126.93887329101562,954200
2016-03-03,126.37873808951704,127.62553063436158,125.3126249318034,126.87564086914062,880100
2016-03-04,126.12570327396912,126.93882904885054,124.45426122049224,125.52940368652344,1251100
2016-03-07,124.68020057263638,127.4177430040681,124.67117073845571,126.91179656982422,974500
2016-03-08,126.0896408190516,127.39968379405109,125.6288710762058,126.4148941040039,934900
2016-03-09,127.3186054707576,128.33078755133735,125.5382406247722,126.60464477539062,1339100
2016-03-10,126.52335164717188,129.09901110739827,126.10762599560992,128.4483184814453,1225900
2016-03-11,128.7374681846835,130.8612578825877,128.48442266194772,130.69857788085938,1019700
2016-03-14,129.80389620006358,131.71981638930657,129.80389620006358,131.28602600097656,1009500
2016-03-15,130.30093730384408,131.1504532242573,129.55084690427657,129.5869903564453,1388400
2016-03-16,129.24354339910252,130.32803983792647,126.46002920001484,128.28558349609375,697700
2016-03-17,128.24045190552116,128.2766091578224,123.51390472855068,124.5351333618164,1285400
2016-03-18,124.73394734997102,127.625906765319,124.31822171997558,126.0985870361328,1174100
2016-03-21,125.65572089253445,126.4781257522778,124.3001139417277,124.85139465332033,540000
2016-03-22,124.51699214439206,126.32446773225078,123.73074467645571,125.5743637084961,623400
2016-03-23,125.84551334643284,126.46909475719808,124.24589326533248,124.59835052490234,613600
2016-03-24,123.89340115639966,124.97788366618536,123.78495704240407,124.67061614990234,462600
2016-03-28,124.95078159009992,125.33034980622284,123.97474312437907,124.36335754394533,497200
2016-03-29,124.11939786005712,125.366560956503,123.87539848114832,124.77913665771484,1185200
2016-03-30,125.19483682629333,126.7221564087108,124.12843249652778,124.22784423828124,1187000
2016-03-31,124.35436848546615,125.0954265591329,123.07104824408518,124.02902221679688,1276500
2016-04-01,123.5590942977274,124.3814994125163,122.13118621192568,123.9567413330078,1802600
2016-04-04,123.81210280337986,128.02352508423542,123.24274346529656,127.6349105834961,2703700
2016-04-05,127.39992838716846,127.61683043992332,122.42937011191948,122.44744873046876,2720900
2016-04-06,122.15826799058723,123.06200602155106,119.70914564904612,122.18537902832033,2504900
2016-04-07,120.32368424343429,122.42036315286391,118.39871777106376,119.16690063476562,1971500
2016-04-08,119.83566425547038,120.42308843919476,116.98888128293927,117.85647583007812,2366900
2016-04-11,117.82936695594093,119.92603198259197,117.77514488136472,119.33860778808594,1863000
2016-04-12,119.26633149868616,123.18855198175108,119.25729908105764,122.7095718383789,1499900
2016-04-13,123.12525219685928,126.4148574873506,122.51974947961985,123.81208801269533,1539700
2016-04-14,123.8934401690322,124.07418501258708,121.95944138410484,122.00463104248048,964600
2016-04-15,122.61011407193251,124.39951117734998,121.86000999174522,123.49577331542967,1592300
2016-04-18,122.8902867390799,124.33627302399852,122.84509708206107,123.92054748535156,950900
2016-04-19,124.88757222914862,126.4781463460322,124.2639907238516,126.40584564208984,1432900
2016-04-20,126.3516027865926,129.15319599642913,125.66476689699547,127.67106628417967,1179500
2016-04-21,127.74342730223614,129.07192384247375,126.27936172914464,126.83064270019533,747300
2016-04-22,127.04745107656882,128.43016869307257,126.55039256966867,128.1680908203125,572600
2016-04-25,127.87893249729314,128.12294562896813,126.7402275327233,126.74925994873048,788300
2016-04-26,126.6317492568977,127.56259818424564,125.8906913548096,127.1378402709961,1417700
2016-04-27,127.03847930504595,127.42708009324656,124.43570900099569,125.86361694335938,974900
2016-04-28,125.01412743545248,127.4271071717834,124.75203559194544,126.46914672851562,566000
2016-04-29,125.56536089864262,125.76418436337792,124.06515249743912,125.203857421875,674900
2016-05-02,125.8364972260745,126.3335421460252,124.29109901710444,124.96890258789062,653600
2016-05-03,124.6435316841748,125.69187097602118,123.53193790899856,124.48086547851562,708100
2016-05-04,123.75787891492756,124.4808720436401,121.74254711772193,122.27574920654295,1038500
2016-05-05,122.00463638551348,123.21564205930804,121.53468873973196,121.94136810302734,815000
2016-05-06,123.81210291874908,123.81210291874908,116.62738875554102,118.25411987304688,2575300
2016-05-09,118.11853671068263,120.05253519858718,117.72088984196378,118.73308563232422,1265400
2016-05-10,118.92286903381536,120.70323383118615,118.66079110580247,120.2423324584961,751500
2016-05-11,120.27847623345124,120.87494656909897,117.56726247863034,117.94683074951172,1468400
2016-05-12,117.96493069814194,117.96493069814194,115.01874262128112,115.73269653320312,1795900
2016-05-13,116.01284711323224,116.82621961851224,113.93425377019923,116.00381469726562,1609100
2016-05-16,115.95859780053344,118.3173540688959,115.55191853839057,117.49494934082033,913300
2016-05-17,117.19677131046626,117.98303297633464,115.70560869270297,117.88362121582033,1626400
2016-05-18,117.77512624593926,118.08239381321772,115.85919257773313,117.01597595214844,763300
2016-05-19,116.22070945621304,117.54920538671942,114.95546801337748,116.63642120361328,683900
2016-05-20,117.23292417021273,118.6698646447484,117.0341006566347,118.64275360107422,1976600
2016-05-23,116.10323336948046,116.13034440894812,112.97630040967924,114.00656127929688,4228400
2016-05-24,114.6753010757048,115.67845069189644,112.5334397799224,112.79552459716795,4518600
2016-05-25,113.98846277869303,117.36844071074782,113.1028034673127,116.8533172607422,3455000
2016-05-26,117.16963627721424,117.99204123764504,116.18456508194592,116.4647216796875,933100
2016-05-27,116.50086588419336,117.51304800529869,116.16647345565542,116.4195327758789,980100
2016-05-31,116.58220409044168,116.79005997298349,115.19044671808918,115.7778778076172,2260900
2016-06-01,115.77788760239136,116.03093316514052,114.12404523802796,115.42543029785156,1643200
2016-06-02,115.46155787241663,117.34132749415784,115.42540752844448,117.09732818603516,1492100
2016-06-03,116.55508078184111,117.7389752520336,116.49181250819296,117.21480560302734,1236900
2016-06-06,117.2599867934909,118.61559357723068,116.10320344122856,117.15154266357422,857600
2016-06-07,116.72679736176195,117.93780290963768,116.28396080024916,116.45567321777344,1189100
2016-06-08,116.41953604192912,118.75116795203772,116.07611118837085,118.5433120727539,1243400
2016-06-09,117.91972986025452,119.0855595974983,116.34723457273608,116.80813598632812,1043900
2016-06-10,116.18455331168948,116.79005610771344,115.2808153253945,115.75076293945312,1105000
2016-06-13,115.06392562607388,116.50087267818968,114.0788544836268,114.32286071777344,1312500
2016-06-14,114.14211618229145,115.27178872212023,113.59986784719442,115.10911560058594,987200
2016-06-15,115.25370212878364,115.88631594934348,113.94328483120675,114.3770751953125,1003500
2016-06-16,114.15113934581944,116.60027528123304,112.51537584712425,116.30204010009766,1865200
2016-06-17,116.58221146867082,117.48594954207137,115.67847339527027,117.0340805053711,1557200
2016-06-20,115.54289856325966,116.9256234548548,114.77472266457804,115.53385925292967,2537100
2016-06-21,115.54290768422312,115.90440428124911,114.53975790258866,115.48868560791016,1077100
2016-06-22,115.77788842145137,116.90756104526928,115.07297380738488,115.58810424804688,1612100
2016-06-23,116.58219107038023,117.46785036616409,116.06705383949972,117.25999450683594,1427900
2016-06-24,114.57592792210713,115.88634555445216,114.0336863809635,115.4164047241211,3304500
2016-06-27,114.50359674284113,114.59397605479526,110.13854763740916,110.33736419677734,2083300
2016-06-28,112.09965644867516,113.35585165097582,111.05131711425172,113.1570281982422,1610900
2016-06-29,113.75349492320925,116.75390455369605,113.46429906346256,116.42855834960938,1377300
2016-06-30,115.8591871933132,116.75389261051544,114.50358044661309,115.66940307617188,1846900
2016-07-01,115.97669979605747,118.16374411260216,115.31696801884874,115.92247772216795,1848600
2016-07-05,116.03995987094748,116.40146336419032,113.65409887031169,114.54879760742188,1168700
2016-07-06,114.39515454060168,116.81716569464528,113.27451448711972,115.9495849609375,1584900
2016-07-07,116.41954439801464,116.83525618642028,114.48553859145936,114.77473449707033,2082700
2016-07-08,115.49772704392902,117.39556869954112,114.23249237854674,117.12445831298828,2226200
2016-07-11,117.03406090630816,117.36843952468622,115.73267609215549,116.01283264160156,1383900
2016-07-12,115.78691284105096,116.7358405375086,115.67846868943798,116.58220672607422,1328800
2016-07-13,117.16060274192822,117.79321663239168,116.5189426452055,117.65766143798828,1122600
2016-07-14,118.10949823090192,118.38062233564546,117.2328714398666,117.49494934082033,1757700
2016-07-15,117.9107180837705,120.63096496357902,117.52210350668364,118.99520111083984,2496500
2016-07-18,119.9259913269242,120.8297290366824,118.76017574891108,120.31460571289062,1834800
2016-07-19,120.26947095459116,120.96535316985609,116.70874054680762,117.757080078125,3183000
2016-07-20,118.4077606495468,120.42309259692529,118.38064961182025,120.29656982421876,1947400
2016-07-21,119.2211225803638,134.6479378009197,119.11267842652948,126.81253051757812,5321100
2016-07-22,128.01445937187614,132.61449545251097,126.28833057983198,131.9457244873047,3963900
2016-07-25,131.94576475303694,131.94576475303694,126.38778086332364,126.71312713623048,3500200
2016-07-26,126.24316726418836,128.9091916872461,124.94178229823464,126.53235626220705,2398700
2016-07-27,126.01723046452354,126.01723046452354,123.95670890256916,124.83333587646484,2265000
2016-07-28,124.48088702423604,125.42076855170907,122.8541557363513,122.89934539794922,1994600
2016-07-29,116.3110855630147,118.16375134398852,115.0458577950049,116.54606628417967,5451000
2016-08-01,116.35627139054093,117.58535566323503,113.8890635342578,114.58494567871094,1905500
2016-08-02,114.40417893245434,115.40732856603864,111.63874312904522,112.18098449707033,1753100
2016-08-03,112.23523725940666,113.53661543962453,111.80143993601769,112.60576629638672,1713500
2016-08-04,112.67804805003546,116.47375158268676,112.6057473591339,115.93150329589844,2286700
2016-08-05,116.64548555219088,118.81445152020618,115.32602183184956,116.1303482055664,1503600
2016-08-08,115.8050026638124,116.60029662575776,114.53073549429268,116.03093719482422,993600
2016-08-09,116.31108574550788,117.07022240750484,114.76569448789328,114.9283676147461,1396800
2016-08-10,114.77471420114348,115.60615142087792,113.88001560371129,115.31695556640624,888200
2016-08-11,115.85019644925411,116.8443001471006,114.29576571739972,114.43132781982422,1140500
2016-08-12,114.64820285766557,120.72132330105347,113.46430828791851,120.47731018066406,3709600
2016-08-15,119.916984518944,120.54959829286216,117.99201837335748,119.86276245117188,1822400
2016-08-16,119.5012525038299,119.98023246297608,118.20891399253422,119.13976287841795,1376100
2016-08-17,118.77829836929466,120.04354005256118,118.651775579963,119.56455993652344,1270200
2016-08-18,119.3295595528122,121.01955899139828,119.3295595528122,119.85372924804688,1443900
2016-08-19,119.47417321003697,120.5044340850922,119.14882694475908,120.1971664428711,1077200
2016-08-22,120.19715207044652,120.63094244229748,119.9531389531784,120.51346588134766,660100
2016-08-23,120.9020810526484,121.54374116665028,120.0164215821498,120.1971664428711,895300
2016-08-24,120.14292765796436,121.04666562585643,118.4800531066302,118.72405242919922,800900
2016-08-25,118.04625113991376,118.90481325727244,116.54605656578374,116.9527359008789,838300
2016-08-26,117.12445300647018,117.91973308757444,114.32285962613516,115.3621597290039,1683900
2016-08-29,115.33506036262652,116.78103996317004,115.2717989705707,116.1213150024414,515700
2016-08-30,116.12127900601708,116.61832378169518,115.60614182256822,115.87726593017578,744500
2016-08-31,115.90438158716395,116.37432913977425,115.03679406115972,115.91341400146484,718700
2016-09-01,116.20261946002158,116.57315530421847,114.9102740025344,115.35310363769533,701500
2016-09-02,115.71459510398644,116.13032060719938,115.2265827036414,115.84111785888672,528100
2016-09-06,115.31696088534358,115.71460089422492,114.9283532915692,115.29888916015624,789900
2016-09-07,114.8108656488383,115.76883252815308,114.36803600069568,114.53974151611328,951500
2016-09-08,114.34091851963711,115.58808126109308,114.0246116268668,115.38021850585938,1056100
2016-09-09,114.82894876698136,116.66353581486337,114.82894876698136,116.08514404296876,1824500
2016-09-12,115.63326467687229,117.3142177679687,114.84701709537352,116.59122467041016,1224800
2016-09-13,116.37433411861326,116.37433411861326,114.7295245090802,115.26273345947266,1219900
2016-09-14,115.05489160633545,115.5429109920457,113.85292521215156,114.09693145751952,1125700
2016-09-15,113.88905524721844,116.40145258018964,113.79868282976732,116.25685119628906,1213300
2016-09-16,116.527981974711,119.99833264612516,115.67846603338668,119.28438568115234,2742000
2016-09-19,119.48322595726891,120.09776127535191,118.94097755547244,119.19402313232422,1091500
2016-09-20,119.5103108127982,119.98024461544294,118.45293907192747,118.9048080444336,1027600
2016-09-21,118.86864296355716,120.14291669155912,118.10046024498828,119.79949188232422,1239900
2016-09-22,119.87181833304928,120.17005355412732,118.34449877205064,119.29342651367188,738900
2016-09-23,116.99792849142744,118.8596265800546,116.91658159041108,118.38967895507812,1164800
2016-09-26,118.13664541044056,118.13664541044056,117.45884183615634,117.79322052001952,718300
2016-09-27,117.585352965331,119.19400551901356,117.35038604724676,119.02229309082033,883200
2016-09-28,119.28438934012398,119.61876800347532,118.19989265583656,118.841552734375,459200
2016-09-29,119.11266895250472,120.71228904407153,117.98299647342168,118.20893096923828,1206800
2016-09-30,118.6427195837026,118.778274763207,117.12444641346534,117.77513885498048,1415900
2016-10-03,117.30519105641324,117.68475934834792,115.5157868451913,115.68749237060548,704900
2016-10-04,115.95862265286864,116.175524741139,115.05488463666364,115.7778778076172,910300
2016-10-05,115.99477489022324,116.29299628754733,114.53974930035191,114.8560562133789,994500
2016-10-06,114.81087182347528,115.32600218737852,114.37707456677984,114.6843490600586,624300
2016-10-07,115.1813986489542,115.823058659245,114.68434691482156,114.98258209228516,670300
2016-10-10,115.01873033085572,115.67846209377268,114.90124687498223,115.43445587158205,566000
2016-10-11,115.08198279148714,115.08198279148714,112.9491676553702,112.9672393798828,1085500
2016-10-12,113.05763140302984,113.6450625286939,109.63246328351563,110.21989440917967,2546100
2016-10-13,109.8674314708437,110.68983638353596,108.5298961594782,109.49690246582033,1194900
2016-10-14,109.85838823370584,110.48196965532996,109.0631012819766,109.26192474365234,570200
2016-10-17,109.01791146551828,109.26192458448256,105.10473120131648,107.21947479248048,1943900
2016-10-18,108.44855508277786,112.66900969662234,107.99668610326628,111.74720001220705,1640800
2016-10-19,111.74720988827352,112.0454450959024,110.71694907553196,111.6568374633789,1295700
2016-10-20,112.03640048062536,112.79553708776814,111.48511975140195,111.7291259765625,854400
2016-10-21,111.06941263708867,112.35271907006124,110.77117741260264,112.2261962890625,639700
2016-10-24,112.47017878667356,112.69611326145191,111.43991813328212,112.1177215576172,796200
2016-10-25,111.7020045686185,112.86782730275009,111.6387431905636,112.33462524414062,947700
2016-10-26,112.40692185628014,112.7503466843116,111.81045840465552,111.88275909423828,1117900
2016-10-27,112.2081219080506,112.71421302007974,110.6175409767064,111.21400451660156,738700
2016-10-28,111.30437792351483,111.72912900140666,109.51497360898928,109.9126205444336,1229500
2016-10-31,110.07528475281114,110.70789855801044,107.39118194580078,107.39118194580078,1414600
2016-11-01,108.04187935629602,109.20769529467331,103.95697978432575,104.8607177734375,1728500
2016-11-02,104.46306635419826,106.76760088520132,104.33654359276794,106.5055160522461,1828600
2016-11-03,107.99667469993608,111.45799237230904,105.94519278335709,106.01748657226562,2320900
2016-11-04,106.40611631943926,110.97903555146624,105.83676382882956,109.93973541259766,1735400
2016-11-07,110.77117508062216,114.70243431026265,110.57235160181712,114.09693145751952,1811900
2016-11-08,113.43721084437368,117.70286295905936,113.33780599012,116.3743667602539,1386100
2016-11-09,115.19043016933811,123.60423458002546,112.49729512914,122.72760772705078,2847500
2016-11-10,122.98971052783632,125.17675500050642,120.20619561990658,121.79678344726562,2572400
2016-11-11,121.66120643213269,123.28793760730278,119.1940055272608,120.80265808105467,1187200
2016-11-14,121.30875839842004,125.4207694129933,120.28754374702706,123.0168228149414,2048700
2016-11-15,122.980702471693,125.3123488068781,121.36300328501804,124.5351333618164,1082900
2016-11-16,124.65257564234174,125.36653638426284,123.40542658029128,124.6164321899414,1049100
2016-11-17,124.01999479113564,126.70409846663658,123.14336759530124,126.52335357666016,1146300
2016-11-18,126.17987159827744,128.33077204963826,123.56806981731567,125.3484344482422,1173000
2016-11-21,124.83335007978528,126.47814627623056,122.94452694146372,123.8844223022461,1077600
2016-11-22,124.12843998033613,127.2192227876324,123.55908053506188,126.27932739257812,1458400
2016-11-23,126.25222087179736,126.97521417312193,123.64041808559948,126.0985870361328,843100
2016-11-25,126.41490995783084,127.86088287396645,125.19485781269812,125.32138061523438,306600
2016-11-28,125.4659228563206,125.92682417885815,123.08908798355114,123.6042251586914,1193500
2016-11-29,123.60423585810354,126.47811574730268,123.60423585810354,124.98695373535156,1391600
2016-11-30,124.6797139853305,124.76104710450902,121.57988514046384,121.7696762084961,2099700
2016-12-01,121.25453729890928,123.73981703448864,121.25453729890928,121.55277252197266,1638300
2016-12-02,122.07694037172912,122.8631880812711,119.8627848542044,120.59481048583984,1386000
2016-12-05,120.7845851655788,122.41131641759618,118.97710906110356,121.73351287841795,1085700
2016-12-06,122.46555367906328,124.48089971420237,121.21840438950392,124.0380630493164,1121800
2016-12-07,123.70365981105223,124.28205156990798,122.73665354783788,123.6584701538086,1694300
2016-12-08,123.3692917966333,125.23100399793134,122.09503146582374,123.92961883544922,1118200
2016-12-09,123.96575319397488,124.6616353903181,120.9834147138816,121.82389831542967,1417400
2016-12-12,121.12804162636805,121.46242038011286,118.41682676261595,119.63687896728516,1169500
2016-12-13,120.11582699557653,122.74570801885176,118.85963166331676,121.61603546142578,1296800
2016-12-14,122.21250013359575,122.76378092949466,119.5735865205884,120.41407012939452,879700
2016-12-15,120.36884959447823,121.60696606856162,118.62462832761068,121.0918426513672,921400
2016-12-16,121.87810296110536,124.44471548158631,121.86907054580296,123.59519958496094,2759500
2016-12-19,124.34531116468207,125.61958508556924,123.66750764803334,124.79718017578124,1214100
2016-12-20,124.80623521066688,126.2883651203237,123.40543841917408,123.91152954101562,1108100
2016-12-21,124.20070628082988,124.20070628082988,122.79087721221596,123.87537384033205,727900
2016-12-22,123.72174300398348,124.26399139148972,122.42037169587732,123.7850112915039,1097600
2016-12-23,124.20071751664888,125.29424665927796,123.31505806085052,125.2671356201172,431900
2016-12-27,124.9508023568167,127.15592513216318,124.9508023568167,125.97203063964844,481100
2016-12-28,126.17084440161528,126.79442573741358,123.81208801269533,123.81208801269533,828400
2016-12-29,124.30010112907696,125.3303617538946,122.17632539902996,122.45648193359376,641700
2016-12-30,122.51978551544336,122.80897454771456,120.2965836369574,120.54962921142578,1199600
2017-01-03,121.0195556835927,122.75473094283151,120.79362118957803,122.6553192138672,1443000
2017-01-04,122.98066370055813,125.52016517103756,120.82976293512284,125.36653137207033,1207800
2017-01-05,125.6918900932494,129.02668571593318,125.01408655335264,128.0687255859375,1446700
2017-01-06,127.42706253510458,129.37009378827767,127.41803011916424,128.15908813476562,983700
2017-01-09,127.70724503636036,128.88210747459664,126.56853984911947,128.6471405029297,986200
2017-01-10,127.64398555961526,128.33082161231314,126.70409012965996,126.731201171875,1245100
2017-01-11,127.02941814682616,128.90919494628906,126.41488289178255,128.90919494628906,1418600
2017-01-12,127.91507006974189,131.75595655825117,127.45416865550186,130.7437744140625,1726100
2017-01-13,130.4184453976935,132.64164723206522,129.93946529910048,132.22592163085938,1488500
2017-01-17,131.90055642702237,131.90960263245745,130.15634873152032,130.8341522216797,1079300
2017-01-18,131.4035106584228,131.4035106584228,126.72215404662562,128.30369567871094,1974700
2017-01-19,127.72530231305136,132.2259140131629,120.6671102355615,130.2828826904297,2538400
2017-01-20,130.84318463716744,131.647510893892,129.57795697151556,130.8341522216797,1333700
2017-01-23,130.42748222674402,131.67463136079348,128.55673784074742,131.32217407226562,1576400
2017-01-24,131.23183164377906,133.3375295395607,130.15638096665023,132.4247589111328,1260800
2017-01-25,132.86754461736004,134.86479757429373,132.515087402022,134.26834106445312,1211600
2017-01-26,134.00625997280872,134.38582825092533,132.53316272516014,132.66873168945312,1017500
2017-01-27,133.35555301148906,133.75319986613093,131.42155459204955,132.67774963378906,1100900
2017-01-30,132.65061414438813,132.65964655671192,130.41838099553576,131.67457580566406,687400
2017-01-31,131.15047481253464,132.4247489029088,130.59016157702953,132.14459228515625,884400
2017-02-01,132.84949515463163,135.03653961054675,131.36736528409628,133.42788696289062,1254500
2017-02-02,135.2895630759866,136.18426857594264,130.1653707543029,134.01528930664062,1532100
2017-02-03,134.72024468489664,135.66012623782188,133.84361762796254,134.9281005859375,1222600
2017-02-06,134.35870114056533,135.1630272553284,131.9276441785441,132.87657165527344,1277500
2017-02-07,132.91275140823092,134.3225804513867,131.88247687213547,133.662841796875,772500
2017-02-08,132.84952102635177,134.37684085542784,132.21690701754983,133.60865783691406,652900
2017-02-09,133.51824058525838,134.03336401083084,131.3492613793151,133.87973022460938,2312700
2017-02-10,133.34653841538318,134.94615846168242,131.49387284412603,131.5390625,1918500
2017-02-13,132.50604893114644,132.98502892379224,130.87933171307566,131.8101806640625,1067100
2017-02-14,131.24082256869698,133.8255135857358,130.59013015951615,132.56027221679688,1939500
2017-02-15,132.13553182702375,133.44594909742645,131.56617250535322,132.47894287109375,2249000
2017-02-16,132.70491067979097,132.79529001352464,130.02080718931316,131.34027099609375,1569400
2017-02-17,130.30092895208642,130.37322964173714,128.26751859672967,129.74061584472656,2018700
2017-02-21,130.14733184278194,133.06641612671004,129.83103175009356,132.82240295410156,1773400
2017-02-22,132.16265533597092,134.13279763508132,131.87345254530442,133.29232788085938,1625800
2017-02-23,133.40979075366366,133.5272810990549,132.94888936704265,133.3103790283203,1447400
2017-02-24,133.26518688330046,133.40074204223336,132.43373594202882,132.88560485839844,919300
2017-02-27,132.63256233399264,135.56067794191836,132.1716609933704,135.30763244628906,2660400
2017-02-28,135.3076611713839,135.43418394605865,134.1237665390812,134.56658935546875,1427800
2017-03-01,135.56069885255306,138.2628804140617,134.93711743143973,137.54891967773438,1519300
2017-03-02,137.45854928513717,137.71159481083927,136.5548113247877,136.9886016845703,817700
2017-03-03,136.36502878384715,137.92849169150213,134.6569644839374,137.35914611816406,749100
2017-03-06,136.35594179628436,138.3712729057077,136.32883076983032,138.2357177734375,1843300
2017-03-07,137.9013445950331,139.39252020658805,136.59995998492846,137.22354125976562,1653100
2017-03-08,137.1693345943092,138.32642286689125,136.21110836814506,137.62132263183594,832000
2017-03-09,138.12756579671532,138.3535598461885,136.91624100199886,137.58517456054688,980000
2017-03-10,138.45298183074044,138.6156909066986,136.87102366666045,137.33204650878906,1270600
2017-03-13,137.70265951258102,139.139977977171,136.78964875952755,138.66990661621094,1138300
2017-03-14,138.28124949390494,139.4925743709534,137.70270523967412,138.7965087890625,1299300
2017-03-15,139.46545355294091,139.96264324490247,138.75131839072912,139.21234130859375,1452800
2017-03-16,139.2032972091598,139.45640943659197,137.04279468627556,137.21453857421875,1342500
2017-03-17,136.97953013252743,137.7479155189679,136.40098584172443,137.30496215820312,1563200
2017-03-20,137.54902961538772,138.3264497427241,136.2382668106044,136.61793518066406,1634600
2017-03-21,137.205523424652,137.2326416105041,134.95461744384082,135.243896484375,1743000
2017-03-22,135.6687763816334,136.79874685343512,134.09585251919484,135.93092346191406,1104200
2017-03-23,135.58738054487455,136.82582339103598,134.7014740332738,134.8551483154297,869600
2017-03-24,135.02691438653025,135.967057315813,131.04942480640582,131.81781005859375,2130900
2017-03-27,130.37141821186626,132.30592627620916,130.03695150994616,132.0166473388672,2003600
2017-03-28,131.99859740727203,134.3850938214169,131.57372752576757,134.05966186523438,921100
2017-03-29,133.4540518703065,134.25859038403863,132.58622838218852,133.0924530029297,822500
2017-03-30,133.381678318417,134.63820456455912,133.0110448013871,133.4268798828125,804700
2017-03-31,133.34550759117212,133.42687592210098,132.4234619140625,132.4234619140625,1440100
2017-04-03,132.6133300564229,136.5004311866811,132.6133300564229,135.04502868652344,1631000
2017-04-04,134.75576217174375,136.22923425415658,134.46648311655562,136.0845947265625,1222700
2017-04-05,136.50944122914044,137.4043826343564,135.08115717547452,135.51507568359375,1457600
2017-04-06,135.51505964163547,136.86197519459546,134.46644406151992,136.6902313232422,1502800
2017-04-07,136.59078012180362,137.64843039435118,135.63255396815117,137.4405059814453,1480200
2017-04-10,137.41339330935065,138.4800922125861,137.01565543709958,137.657470703125,1491400
2017-04-11,136.92528289324977,137.27783307695248,136.17498095489114,137.01568603515625,829400
2017-04-12,136.40999113270655,136.85294439765724,135.47889683162282,136.1297607421875,791900
2017-04-13,135.8224015371396,136.5636685191924,135.38849689526324,135.967041015625,774900
2017-04-17,136.20207993452678,136.7083043532276,135.8224116205012,136.65406799316406,823800
2017-04-18,136.65404457578265,136.88907336030977,134.78282150634388,135.43368530273438,1044400
2017-04-19,136.05744874052942,137.7117267912305,135.55122429096485,137.3591766357422,789500
2017-04-20,137.1241492890072,141.21012549487676,136.53655649441043,140.45982360839844,1755900
2017-04-21,140.30616574057555,140.44175666635272,139.15811199252283,140.1886444091797,971500
2017-04-24,141.39093268377445,142.20450581499517,140.56831096189757,140.98414611816406,911100
2017-04-25,140.54115330617682,143.79547250425236,140.54115330617682,142.08694458007812,1168400
2017-04-26,142.2135258328172,143.38868372101064,140.74907517983334,141.8609619140625,907700
2017-04-27,142.11408963099345,143.0361353273302,140.92986934604596,141.21011352539062,727000
2017-04-28,140.76718777965647,142.28586131296174,138.2089332455826,141.35476684570312,1579000
2017-05-01,141.63493687303347,143.25306145251838,141.45414445241025,142.394287109375,942700
2017-05-02,142.72881484389072,143.5695199601727,141.22821090288568,143.17176818847656,1051400
2017-05-03,143.02710403826967,143.86779521617106,141.59882010117315,141.9513702392578,970300
2017-05-04,142.6384036393976,142.97288422501754,140.40559503549417,141.68019104003906,1407100
2017-05-05,143.73222753373025,146.05545317830862,143.04521053133448,144.86219787597656,1623100
2017-05-08,145.2327786610855,146.56162440396812,144.73558913252765,146.21810913085938,1434800
2017-05-09,146.31760308020876,147.78204025835464,146.2452833216655,147.03173828125,1280200
2017-05-10,146.44410234198534,147.60119044218885,146.1548234201454,147.25767517089844,1447800
2017-05-11,147.38427186841545,148.51424210530206,146.1729470849327,148.08938598632812,989200
2017-05-12,147.80011386411155,149.047605477645,146.01927958440294,146.4712677001953,1441400
2017-05-15,146.17294714633272,147.2848339976932,145.6938408691781,146.5345458984375,1578500
2017-05-16,146.44413121083514,146.59780549576496,145.0068124927438,145.84750366210938,1318400
2017-05-17,145.8475424259311,145.8475424259311,143.0904117727305,143.1988983154297,1633500
2017-05-18,143.63279090588935,145.24186758448204,143.19888615270054,144.7266082763672,1449700
2017-05-19,145.00681213862782,146.0373443595553,144.0033980977052,144.16610717773438,1607600
2017-05-22,144.41920366863118,144.76271896941336,143.54234582769308,144.048583984375,1586600
2017-05-23,144.04862686515554,145.28706996452152,144.04862686515554,145.1062774658203,786100
2017-05-24,145.1605079385685,146.57070868216195,144.7175546102006,146.31759643554688,854300
2017-05-25,146.96843627049012,148.50519288467314,146.11869652791415,146.1277313232422,1796900
2017-05-26,146.32665902950677,146.5617017271445,144.55487296662136,145.82948303222656,1348300
2017-05-30,145.94690965130007,146.6881765272575,145.58532480041902,145.9921112060547,1084100
2017-05-31,145.91986562935926,146.77864043178934,145.3232379079967,145.74810791015625,1130200
2017-06-01,146.25430203570275,148.97527920153755,145.72095939287806,148.20689392089844,2236100
2017-06-02,148.2521183097018,149.3007341643038,148.0532424133606,148.66795349121094,1377500
2017-06-05,148.78542788602283,149.68940401577848,148.15264735391008,148.93910217285156,1590500
2017-06-06,148.70405620102437,151.01823261942928,148.45997881192682,149.6080322265625,2165100
2017-06-07,149.98776352714302,153.675988916366,149.96968013683133,152.30194091796875,2572400
2017-06-08,152.30190660862928,153.22396619661723,149.76173568868506,150.5210723876953,3074800
2017-06-09,150.61143683989505,151.9402826186324,149.72554425192968,150.7289581298828,1746300
2017-06-12,150.51203802255975,150.9188245557962,147.76395643054326,150.78323364257812,1595300
2017-06-13,150.80129786534226,151.64198900762537,149.951558134273,150.55722045898438,1383800
2017-06-14,150.96403878025174,152.19344707296,150.45781427035718,151.9674530029297,1199400
2017-06-15,151.5515840446731,152.04877364656934,150.5662534295571,151.2171173095703,1056800
2017-06-16,151.71426846943,152.99791252042832,151.07243954714244,152.84423828125,2008800
2017-06-19,152.8442949476986,154.1279394746033,152.8442949476986,153.91098022460938,1895600
2017-06-20,153.6759329451901,154.18215734086024,152.9256311467575,153.2962646484375,2130800
2017-06-21,153.24203979253704,155.1403814187815,153.24203979253704,153.83865356445312,1356100
2017-06-22,153.85674470527417,156.5777218637578,153.48611115709278,154.2906494140625,2192800
2017-06-23,154.5799210674117,154.71551197196814,152.68156564213376,153.32339477539062,3666200
2017-06-26,153.3595536843764,153.59459631947465,151.81376213831308,152.10302734375,1407000
2017-06-27,152.45558525527915,153.09741444600084,150.8645920605184,151.0092315673828,1711200
2017-06-28,151.7143237967277,152.79909245295383,151.29848868515708,151.9855194091797,1271900
2017-06-29,152.31998518789868,152.64541716200185,150.11428111826402,150.6928253173828,1112000
2017-06-30,150.68377832656228,151.9222211697035,150.5662570196082,151.31655883789062,1751900
2017-07-03,152.11209649990604,152.26577081631925,150.79228502720483,151.41603088378906,854300
2017-07-05,151.46122366026242,153.06126548722682,151.19002802616257,152.9166259765625,2368300
2017-07-06,152.6363727972248,153.07931226644348,150.83745535959736,151.81375122070312,1049200
2017-07-07,152.31998070092908,154.0284950662467,151.96743055550104,153.32339477539062,1529600
2017-07-10,152.9708799798237,154.25452474939206,152.2838629153403,153.2872772216797,1759400
2017-07-11,153.35956588676228,154.88728796212985,152.9346959441364,154.72457885742188,1101000
2017-07-12,155.04094208047664,156.7856231951778,154.47144649457582,155.5381317138672,1474200
2017-07-13,155.70084129192267,157.47262664229387,155.4748472772829,156.4330596923828,1073300
2017-07-14,156.3969349816697,157.53595394963418,156.0263151811194,157.111083984375,945800
2017-07-17,157.65343505519556,157.65343505519556,156.35172098569967,157.46360778808594,1019000
2017-07-18,157.49975479093132,157.70767922893998,154.408158130178,155.5742950439453,1392300
2017-07-19,155.89070140320115,158.1687254132039,155.89070140320115,157.5720977783203,1240500
2017-07-20,157.57204888150486,158.24099606396487,156.91215028662128,157.73477172851562,883300
2017-07-21,157.5088197081517,158.34951096206282,157.28282565577786,157.49977111816406,726800
2017-07-24,157.41841540881205,158.11448094719302,156.9573925110591,157.77096557617188,940900
2017-07-25,158.4489634409198,158.91903497520838,156.89412311438213,157.1201171875,1166100
2017-07-26,156.82179937722773,157.7167408497602,155.95398988287795,156.90316772460938,913000
2017-07-27,156.68618514023166,156.91217917398953,154.7516767630076,155.54718017578125,860200
2017-07-28,155.71893462522368,157.47265065320212,154.5076098325148,157.26473999023438,920300
2017-07-31,157.19243308711745,158.35855640660108,156.6952433797472,156.8941192626953,986300
2017-08-01,157.29184417932711,157.8703883418067,156.27034675433157,156.35171508789062,864300
2017-08-02,156.55061601083025,158.4941734188567,156.55061601083025,157.96083068847656,924300
2017-08-03,158.9642118008293,160.220738100004,158.1596735775244,159.14500427246094,1574000
2017-08-04,160.89872704146492,161.35974993272603,154.17314198015296,155.98109436035156,2225500
2017-08-07,156.08956709191153,159.98570226433367,155.93589279482185,159.08172607421875,1692100
2017-08-08,158.80147279744182,159.81392157064823,157.90653153239546,158.76531982421875,1108600
2017-08-09,158.82861945781622,161.22416472243364,157.7438507500567,160.98008728027344,1508800
2017-08-10,160.34729114700494,161.4230249540024,158.304296255201,158.52125549316406,1143700
2017-08-11,159.0907474276476,159.841049192221,157.4907059828686,157.63534545898438,1174000
2017-08-14,158.74728180682132,160.17556604495115,158.74728180682132,159.41622924804688,795800
2017-08-15,159.8501390958996,162.26375428716946,159.6602979938517,161.95640563964844,1339100
2017-08-16,162.26369466981637,163.0953509482706,162.22754169839635,162.58912658691406,942600
2017-08-17,162.3631440894407,163.61967028741856,160.90774205061052,160.9348602294922,1065800
2017-08-18,160.8173845633449,161.15186518710746,159.1088698410429,160.0309295654297,1034400
2017-08-21,160.03090433051318,161.2241595260972,160.0037861482119,160.88967895507812,1081000
2017-08-22,160.90776570674277,163.06826830128662,160.90776570674277,162.55300903320312,1001700
2017-08-23,162.27276411283654,162.76995378589308,161.67615029875097,162.16429138183594,856600
2017-08-24,162.60723517000093,162.6885897134887,161.1066314422907,162.50779724121094,1242600
2017-08-25,162.67051051698306,163.7552791721641,162.0829315185547,162.0829315185547,844000
2017-08-28,162.7518742160286,164.1259219464472,162.56204693232615,163.16770935058594,895700
2017-08-29,162.5077929162391,163.26712955574564,162.49874432703808,162.79705810546875,960900
2017-08-30,162.3993055312915,162.8512935943272,162.19139488449778,162.41738891601562,905400
2017-08-31,162.7247271598372,164.6863535736726,162.58913626696523,164.577880859375,1443500
2017-09-01,165.1383607960969,166.5395266240949,164.7315742766347,165.58131408691406,1018700
2017-09-05,164.70444189579183,167.69660056591235,164.6230873576293,167.51580810546875,1281400
2017-09-06,167.51586169602845,167.67858461799133,164.08074867433908,164.61410522460938,1297900
2017-09-07,164.7587427676183,167.39835234568798,164.39715770514854,167.21755981445312,1124100
2017-09-08,166.9553814378232,167.5610438904749,166.4581917248753,166.83786010742188,1352800
2017-09-11,167.2446278856828,168.42884826660156,166.919195909549,168.42884826660156,1618600
2017-09-12,168.51016218771463,168.9802197560225,167.11803148347602,167.7327423095703,1178300
2017-09-13,167.65142587017567,170.2729512349974,167.65142587017567,169.60400390625,1299500
2017-09-14,169.08873990133475,169.902312910651,167.2717390303705,167.44349670410156,1394600
2017-09-15,167.96779419182175,168.7723323559438,167.25365915365603,168.18475341796875,2462000
2017-09-18,168.1847569806369,168.56442528925135,167.06382164550317,167.50677490234375,923600
2017-09-19,168.08530956553267,168.0943443603773,162.9236002317701,164.0806884765625,1931100
2017-09-20,164.23437675517573,164.74061497482333,163.24904608346904,164.36094665527344,1887400
2017-09-21,164.24340739672024,165.2920229038886,162.75183866835673,164.6411590576172,943600
2017-09-22,164.64117046628908,166.6660680895986,162.96880917442743,165.19259643554688,1628000
2017-09-25,165.4818931929526,166.61186352644933,163.9451362981137,164.0174560546875,948600
2017-09-26,164.77678683831428,166.13275118938245,164.29768053775683,166.00619506835938,1127200
2017-09-27,166.3316032923178,167.36213550010305,164.54173446691829,166.72030639648438,1115400
2017-09-28,166.33165002506684,169.8662008985598,166.2412468717498,169.0435791015625,1006600
2017-09-29,169.04357047823498,169.24244637051962,167.33505579894162,168.9893341064453,1116000
2017-10-02,169.68533119457447,170.87857227275563,168.4378399729311,170.86048889160156,1358000
2017-10-03,171.0322811947907,174.02443998087324,171.0322811947907,173.55438232421875,1458400
2017-10-04,173.5724921617376,174.4674337044612,172.29789600484463,172.43348693847656,1054400
2017-10-05,172.67751004718167,173.5001177748678,171.285379196796,172.37014770507812,1056900
2017-10-06,172.66847891557137,174.21428419650024,171.9814620093704,172.61424255371094,879600
2017-10-09,172.08999588059248,172.56910230537213,170.72499637895802,170.9329071044922,781900
2017-10-10,170.9328336339665,171.24923077935648,168.94408901694754,170.0107879638672,979800
2017-10-11,169.80289033712543,170.01081479969596,168.41980782007963,168.99835205078125,1331200
2017-10-12,169.61301698571458,170.63450046013477,168.6457560693654,169.00735473632812,1139300
2017-10-13,166.33160337540983,168.5282586903729,165.4999470137625,168.275146484375,1974100
2017-10-16,168.2751797652056,169.00741214192547,166.3497196597388,167.22657775878906,1218000
2017-10-17,167.5881249597869,170.6345199361743,167.48868703921977,169.2243194580078,2279000
2017-10-18,169.81188121631888,172.23453004854508,169.81188121631888,171.1768798828125,2458700
2017-10-19,170.91476274295837,170.91476274295837,168.229952702663,170.14637756347656,2033400
2017-10-20,170.86052250359896,174.22331479371977,170.49893757085565,173.0391082763672,1708600
2017-10-23,173.31935928418466,175.63353623360192,172.9216075347068,174.81092834472656,1252000
2017-10-24,174.32274920857083,175.84143624138616,173.56341258895355,175.2719268798828,1226000
2017-10-25,174.82897896218785,177.03468293819017,173.99732257335734,176.9081268310547,1599100
2017-10-26,177.52283370897828,182.80205090510304,177.08891524281236,179.66525268554688,1765100
2017-10-27,179.61105766572695,183.05520524635153,179.52970310718874,182.54898071289065,1482300
2017-10-30,182.1873896787666,182.50378692246707,178.71612376390138,178.7342071533203,1127500
2017-10-31,179.5658099195833,179.5658099195833,177.64033643443375,178.28216552734375,1290700
2017-11-01,179.1680986434352,179.51161404897033,177.85733577635415,178.84266662597656,1679000
2017-11-02,185.99309353086255,185.99309353086255,178.6256933993205,179.33982849121094,1958600
2017-11-03,179.57483422749016,183.59753862688905,177.43241543380682,182.51275634765625,1238200
2017-11-06,182.51282277727364,185.47786415425563,182.09700137332263,185.31515502929688,1322000
2017-11-07,185.33326288298193,186.62594263607127,184.4292863976596,185.7581329345703,1128400
2017-11-08,185.3151156836912,185.3151156836912,181.2291395147064,181.24722290039065,1636800
2017-11-09,180.79524771235975,180.79524771235975,177.51380955243397,178.5533905029297,1774100
2017-11-10,178.58950895453336,179.48445022337003,177.99288144197556,178.96917724609375,991100
2017-11-13,178.80649279015827,179.23136270211185,177.08892975637642,178.63473510742188,1277900
2017-11-14,178.29120866740405,178.68896037249107,176.5013397880937,178.20985412597656,1263100
2017-11-15,177.73977459685605,178.45392343314464,177.28778655136017,177.6313018798828,1293500
2017-11-16,177.81212152103325,182.0065706726862,177.44148795660954,181.6721038818359,1130100
2017-11-17,180.7138752376021,180.9850708409892,178.77936683069356,178.9601593017578,980900
2017-11-20,179.58391968853252,180.65060501025928,178.8788193384054,180.26190185546875,826000
2017-11-21,180.79522923196828,182.6845360669828,180.55115181030231,182.5941467285156,1125100
2017-11-22,182.82918845471008,182.9376611859532,180.72292223038517,181.44610595703125,791400
2017-11-24,181.32858263569395,182.10600271938645,180.88564312561547,181.3376312255859,409800
2017-11-27,181.6269055599116,182.73879247948537,180.67772774358056,180.73196411132812,1477500
2017-11-28,181.4912800143247,182.16021348036455,180.0449127802846,181.2924041748047,1912500
2017-11-29,181.84384742217057,187.3129059418525,180.68675904234533,186.06541442871097,1529700
2017-11-30,186.4721826632747,192.05876194994931,185.7761172269962,191.3988494873047,2069300
2017-12-01,191.29938382437763,191.29938382437763,183.60655354808424,188.3976287841797,1442400
2017-12-04,190.7751225009423,191.606792705464,183.96818312805948,184.5105743408203,1842800
2017-12-05,185.15238657344673,185.53205487027287,183.26306609081016,184.51959228515625,917300
2017-12-06,184.51958382217936,185.8393949022536,183.1997865356848,184.6009521484375,869800
2017-12-07,184.0676029738563,187.31288754853117,183.97721364299736,186.2190704345703,980100
2017-12-08,186.9061070262784,191.27231356118128,186.36372960308913,189.8078765869141,1250500
2017-12-11,189.24739547738832,190.4768034824181,188.30725264164664,189.0756378173828,1082200
2017-12-12,189.05758035632596,189.8169170476009,186.65300037370665,188.46095275878903,1044200
2017-12-13,188.4248292462642,189.26552061587603,187.24965725347005,187.9547576904297,1038700
2017-12-14,188.8044513612391,188.94004226064783,183.94105546326043,184.07666015625,1033600
2017-12-15,185.4777876551152,185.5681907718625,183.39865390571637,184.53765869140625,3639800
2017-12-18,186.3366466927289,186.9423091830709,184.83604266338847,186.52647399902344,1643800
2017-12-19,186.6258443834931,188.45187978469875,185.80322290447313,187.35806274414065,923500
2017-12-20,187.5660578784283,190.07911102862803,186.0473704373495,186.24624633789065,1396200
2017-12-21,186.96034284846297,188.1083825593293,184.8359935048305,184.88119506835935,1585200
2017-12-22,185.8123179309224,185.8123179309224,182.9738331037276,183.85972595214844,1091700
2017-12-26,183.33539182965447,184.79982870725905,183.08227962349025,184.21224975585935,641200
2017-12-27,184.7275153194216,184.82695323880964,183.03707068982516,183.2449951171875,1107400
2017-12-28,183.72413674589396,185.7671180910842,182.82016050214173,185.53208923339844,611500
2017-12-29,186.219090188769,186.36372968578297,183.55236325788889,183.58851623535156,736200
2018-01-02,184.53770485810617,185.29704157186637,182.91054490463247,183.1094207763672,1115900
2018-01-03,183.0732573973173,186.50836959427892,181.97040536892044,186.1829376220703,1362800
2018-01-04,186.28239643155072,188.0632169919367,186.28239643155072,187.15924072265625,888600
2018-01-05,187.94567225235596,190.81127480349355,187.66544187132448,190.33216857910156,755000
2018-01-08,189.62707209863925,190.277936000096,187.7648835225304,188.2259063720703,1130900
2018-01-09,188.00895330777664,189.12085388882855,187.09594237414055,187.90951538085935,1280200
2018-01-10,185.92976682043343,187.28573074576417,185.3602713514278,187.20437622070312,1113600
2018-01-11,188.1083904330101,191.06439625369785,187.58408262000623,190.6395263671875,1196600
2018-01-12,192.51075673595648,193.2068084030637,191.53446089064357,192.8994598388672,1151300
2018-01-16,194.41818528069885,195.56622522562847,193.32436791204603,194.12890625,1442400
2018-01-17,194.98767786034315,199.89627615846535,194.49048815521724,199.20021057128903,1410600
2018-01-18,199.2001785973429,199.29058172688528,197.21143388963904,198.56739807128903,1380300
2018-01-19,199.47136683283804,199.98662603019233,197.58206011990492,199.0103302001953,1363900
2018-01-22,199.3267403383352,199.59793594104923,197.68149713049655,199.552734375,882200
2018-01-23,199.6069655135261,199.87816110914343,197.71765872690727,198.68490600585935,821200
2018-01-24,199.92341760605387,201.29745175917864,199.0646428119547,199.77877807617188,718600
2018-01-25,200.5290019315492,201.55049924687063,198.8747241617019,200.57420349121097,760500
2018-01-26,200.6736521386714,204.54266860309508,200.1854973379414,204.4974670410156,977000
2018-01-29,204.0816494769083,205.3201061748744,202.2917805724724,202.40025329589844,936100
2018-01-30,191.27232149733376,194.86110812701224,187.2315467661198,187.9276123046875,4717400
2018-01-31,193.776305366021,198.75720840334904,188.33436571830853,188.34341430664065,2719900
2018-02-01,187.41236977579257,189.5095875815167,179.7466409578925,185.3241729736328,2755300
2018-02-02,184.52868202267075,189.47343336629712,183.69702550222823,184.82699584960935,2158300
2018-02-05,183.86875747887385,184.82698385789257,174.6391680046945,177.5499725341797,2260100
2018-02-06,174.4854744891683,180.79522394256105,173.1927814653169,178.61663818359375,3059200
2018-02-07,177.48669935458148,179.28561711594955,175.71491357168713,176.67312622070312,1729000
2018-02-08,176.5013391850483,179.0867114656993,170.98707928078466,171.09556579589844,1637100
2018-02-09,173.58152422091746,176.35672414908365,169.17011568578286,175.16348266601562,2870300
2018-02-12,176.30246356858513,177.88442179642763,174.35892040609676,174.97361755371094,945400
2018-02-13,173.57248041026298,176.79968234805273,172.72275429439193,176.67312622070312,842100
2018-02-14,175.3352033421788,177.19739182597928,174.8922501053837,176.77252197265625,645400
2018-02-15,177.50477436011252,178.3635490261156,172.40634893773074,173.5092010498047,1654500
2018-02-16,173.52729810292524,176.36578315748514,172.993941598235,175.19964599609375,1019400
2018-02-20,174.07871677634884,174.84708832899943,172.3701883857643,174.1058349609375,919600
2018-02-21,174.4131922231311,176.55561167327824,173.2109020703293,173.24705505371094,684500
2018-02-22,174.28662462491985,176.18496648320485,172.8131389161501,173.47303771972656,1105000
2018-02-23,174.64816120053862,176.166848059802,173.6085943134509,176.08547973632812,1116800
2018-02-26,176.5284249448271,177.92959044614258,175.47077472338444,177.07081604003906,973300
2018-02-27,177.33304280214375,179.97265214663594,176.8087348524482,177.94775390625,1224900
2018-02-28,177.82116211504575,179.73758722078455,177.06181163355768,177.07989501953125,2302400
2018-03-01,176.64602486635982,177.29688895290911,173.28323168371668,174.84710693359375,1735900
2018-03-02,174.2775595350819,175.09114636325037,172.82215735139272,174.52163696289062,884600
2018-03-05,173.41878523020068,174.7114783266181,171.43004041390947,173.8707733154297,951700
2018-03-06,174.29563648176313,175.65160068503633,172.62328890720823,175.4888916015625,1067000
2018-03-07,174.015392956433,175.7600601454154,173.5905231013127,175.59735107421875,1276600
2018-03-08,164.71347245707875,165.0389043676916,154.63413181593967,155.48387145996094,17357000
2018-03-09,156.5146418889045,157.95229468298237,155.574280483761,156.74972534179688,6222900
2018-03-12,156.9396502657523,156.96677475577124,151.04435069167403,151.27943420410156,8525200
2018-03-13,151.46931385933917,151.9033194804679,147.40047494468376,148.6392059326172,7182900
2018-03-14,148.93757914045054,151.55971408012766,147.92489482666443,150.890625,4874000
2018-03-15,151.64110924816413,153.33193342386622,150.79117181327976,150.90870666503906,4285800
2018-03-16,151.72254769055436,152.9612791906914,150.79123639096588,152.50918579101562,3912400
2018-03-19,152.24690636927832,152.82558509790772,149.615720704521,150.49278259277344,3804300
2018-03-20,150.93583862012758,151.23422180650417,148.6120866003446,149.19076538085938,3868100
2018-03-21,149.7423114075156,153.31384495562577,148.5668663191175,151.04434204101562,5671900
2018-03-22,150.17632404102244,151.4060181638439,149.0280171841921,149.49818420410156,4238100
2018-03-23,149.93223210754124,150.85449252721412,148.28660583496094,148.28660583496094,3333400
2018-03-26,149.1997954693899,152.68995558543253,148.3860332140763,152.51815795898438,3101200
2018-03-27,152.9160052004428,153.82924232811533,148.53974617405055,149.67901611328125,4070200
2018-03-28,150.3210302628406,153.38622244835852,149.64289027669244,152.1927032470703,3036700
2018-03-29,152.6809278393868,153.1601455646284,151.0172280462163,151.66824340820312,2736100
2018-04-02,152.67186104499189,153.1691524685592,148.1057175073832,148.874267578125,2757000
2018-04-03,149.41679489897382,152.44582470157172,149.41679489897382,151.76768493652344,1697600
2018-04-04,149.68813450095948,153.3591308731815,149.64292239948557,152.61769104003906,2533900
2018-04-05,153.413365251327,153.6936609382298,151.79487702850355,152.83468627929688,1434700
2018-04-06,152.15650339169835,153.59415661807105,150.75501155480308,151.74058532714844,1625300
2018-04-09,152.5452874214288,153.62125760444246,151.71342382602668,151.84906005859375,1475900
2018-04-10,153.4675533140096,154.4350393813487,151.54164567003698,153.57606506347656,1759700
2018-04-11,152.5001207497329,153.60322954513398,152.0480274334798,152.8075408935547,1733900
2018-04-12,153.485598488793,154.80571633430438,152.57237544695437,154.21798706054688,3035600
2018-04-13,155.2217008750595,155.99930184736792,154.39888781662316,155.20361328125,2611000
2018-04-16,155.71900342053783,158.86556864385156,155.2669101609954,158.3049774169922,2200000
2018-04-17,159.8782136491657,160.77334917481792,157.58157292982045,157.6719970703125,2260000
2018-04-18,157.8709463705098,159.00117933766185,157.13854381849242,158.42250061035156,1566200
2018-04-19,157.83478932873228,157.88903830990395,155.04085642406542,155.27593994140625,2026700
2018-04-20,155.5924139952468,156.01738275240493,153.37715983786802,153.65745544433594,2986800
2018-04-23,154.0733580636422,157.2018490989888,153.9377356214581,155.83653259277344,2376200
2018-04-24,155.91792027395942,156.82210676239873,153.92871275875115,154.8780975341797,2020900
2018-04-25,155.23072222245568,155.86366377125458,152.68092362242348,155.24880981445312,1380200
2018-04-26,155.19457053476512,156.46947681285678,154.34463301603736,155.65570068359375,1249800
2018-04-27,155.7280167030628,158.21452925347185,155.6828046246066,157.28321838378906,1490600
2018-04-30,157.3284193557669,158.00655909436932,155.312087729423,155.3572998046875,1494700
2018-05-01,155.52909229836575,156.3971172828219,154.43503451854528,154.67916870117188,1949400
2018-05-02,154.28132721369795,156.9757987766076,153.17821872078264,155.84556579589844,2184400
2018-05-03,156.18009863768836,157.32841912312452,150.32097516792788,156.31573486328125,3118500
2018-05-04,156.19822392489365,156.84020243534692,153.8835086027263,154.7696075439453,1854700
2018-05-07,155.0679528025195,156.12584913395418,152.21977143302524,156.0535125732422,2504500
2018-05-08,155.74609606958794,155.74609606958794,153.4946671305335,154.3446044921875,1814600
2018-05-09,154.2270739008686,154.41694531008608,152.61760948855462,153.33192443847656,2827300
2018-05-10,151.91234901583724,155.61951869935857,151.6049289573023,154.6701202392578,1948700
2018-05-11,154.16381645045584,157.57260382099602,153.41333991124026,157.08433532714844,2322900
2018-05-14,157.7534209556916,160.5835291371381,157.1204931602475,160.52926635742188,2797800
2018-05-15,160.20377036209237,160.42981700531473,158.35923582398647,159.1910858154297,1374400
2018-05-16,159.28148474804857,160.35746880674873,158.1241272219148,160.17662048339844,1489400
2018-05-17,160.62873673525814,162.74454376950737,159.7607253645643,161.7680206298828,1592700
2018-05-18,161.72276976790212,162.37378503823106,160.92708137154708,161.0084686279297,1064600
2018-05-21,161.84936767387862,162.11157566265106,159.90537240768478,160.4478759765625,1357100
2018-05-22,160.63778281140392,161.26167372684466,160.08622847423953,160.25802612304688,1262400
2018-05-23,159.7697280986551,160.38458200181074,158.3682364721217,160.1223602294922,1103600
2018-05-24,160.35745444971525,160.3845789364313,158.03368891125623,159.0011749267578,1433100
2018-05-25,159.11872328840116,160.02290971385577,158.26878584098745,159.04638671875,1292200
2018-05-29,158.06079557837165,158.23259317273087,155.2578264916699,156.04446411132812,1448500
2018-05-30,156.06259241686487,157.30132348306483,154.9233086188326,156.71360778808594,1390300
2018-05-31,157.04812023665986,157.04812023665986,152.90694533806288,153.14202880859375,2019500
2018-06-01,153.90158595725018,154.69726067331314,153.16918332330587,154.45314025878906,1162000
2018-06-04,154.83291550858044,155.19458462322424,154.12765107727037,154.61590576171875,1011400
2018-06-05,154.8328932189705,156.12587322463855,153.7207339478012,154.46217346191406,1308700
2018-06-06,157.32847037371604,158.96504593276038,155.97219045670124,158.1693572998047,2680500
2018-06-07,158.44064265861977,160.8457827600565,158.27789566369904,160.14051818847656,1460800
2018-06-08,160.08619978953627,160.98133546713078,159.21817480254708,160.77337646484375,1667200
2018-06-11,161.3159211267751,164.65237160924272,160.93616444214834,163.612548828125,1912900
2018-06-12,163.27799346013853,164.21834131289052,161.4153715502404,161.68663024902344,1500300
2018-06-13,162.30148169967222,162.30148169967222,157.89809772535637,159.29957580566406,3729600
2018-06-14,159.97769584586518,160.44787664494964,157.8257415591432,158.531005859375,2237100
2018-06-15,158.82940159891564,160.0410081801229,158.0518006683157,158.27784729003906,3593500
2018-06-18,157.8166909844038,158.54004287659086,156.55083552066878,157.26513671875,1585500
2018-06-19,156.5146418889045,157.69007295015342,156.35188119321978,156.74972534179688,2344200
2018-06-20,157.13851935311604,159.17293837724475,157.13851935311604,158.88360595703125,1420500
2018-06-21,158.48577604469443,159.21816475168933,156.09872472714633,158.23260498046875,1976600
2018-06-22,158.6395030629201,159.19105732554456,157.25609895772578,157.40077209472656,1867400
2018-06-25,157.38269675228275,159.12778383579675,155.83654559522003,157.1928253173828,1813900
2018-06-26,157.0481465181372,157.53640112995924,156.24342113048164,156.37904357910156,1506000
2018-06-27,155.62855061538622,158.21452413604015,155.52005266803212,156.25244140625,1823500
2018-06-28,153.69361206823984,153.71169966071304,148.25945635884395,153.49468994140625,4021700
2018-06-29,154.07336980180136,154.67013618645566,153.6212765643585,153.66648864746094,1905900
2018-07-02,153.23253065946665,153.23253065946665,150.89069027240677,152.83468627929688,1396900
2018-07-03,153.06970389949214,154.046226830833,152.68091038439323,153.93772888183594,941500
2018-07-05,154.76957963000086,155.79131464526984,153.93772982342728,155.50196838378906,1234200
2018-07-06,155.52004948067807,155.99023023755765,154.76053627118773,155.6104736328125,783900
2018-07-09,155.99932371730796,157.37369130688091,155.79136464811523,156.6232147216797,1151500
2018-07-10,157.03907471485016,157.4278820099485,156.05351492924805,156.83111572265625,968200
2018-07-11,156.49659318894513,156.83113776211255,155.24881146685414,155.33018493652344,1474900
2018-07-12,155.59240356236347,157.19281741718336,154.70630471818544,156.38809204101562,2201700
2018-07-13,155.91793001646064,157.09337528423737,155.90887932106455,156.50564575195312,700400
2018-07-16,156.50562170326788,156.69550691911527,155.7641960246787,155.83653259277344,1451600
2018-07-17,155.53815020320417,155.53815020320417,151.7496069355793,154.35366821289062,2265200
2018-07-18,154.44409035340098,162.28338547492382,154.36271688147707,160.71914672851562,5413500
2018-07-19,160.88188405867967,161.587162163581,157.55448463546588,159.04638671875,3488700
2018-07-20,157.77150252932822,162.2743472985907,157.5997048920929,161.0265655517578,3196800
2018-07-23,161.15316526667,162.03927802113765,160.04101967104074,160.4207763671875,1676900
2018-07-24,160.4659812044411,161.8132240726216,158.95599138674694,159.52561950683594,1511500
2018-07-25,159.96870362194858,160.53834563767356,156.91254826961216,160.49313354492188,2717600
2018-07-26,161.01754626146084,161.95789422495852,159.75167678365403,160.89096069335938,2011700
2018-07-27,160.90000244455572,161.01755111733496,159.40810007573998,160.26707458496094,1277900
2018-07-30,160.20374992908884,161.07177499894,158.86555783499244,159.86016845703125,1738500
2018-07-31,160.5925507622774,164.25450852615168,160.04099649367618,162.2291259765625,2848900
2018-08-01,162.65409609991968,170.52956596414285,161.46057718841823,165.40281677246094,6259600
2018-08-02,167.48246417462133,171.07208574000563,166.596365253741,170.8008270263672,5071800
2018-08-03,171.44274085058734,174.8424758949419,170.80981328871096,171.1172332763672,2852300
2018-08-06,170.7194633702009,170.9545607073784,168.57654562311134,169.86048889160156,2211900
2018-08-07,170.80987999684308,172.11191080221909,169.08288042035707,170.231201171875,3638900
2018-08-08,170.59284444992704,172.06667267977235,168.20579293353853,171.30715942382812,5734000
2018-08-09,171.8225668528816,172.0667010814429,167.20217308805223,167.65426635742188,2981800
2018-08-10,165.5565523701425,168.36857291495753,164.68852726636294,165.71929931640625,4442000
2018-08-13,165.8277901595776,166.20756061146676,162.87111038842468,164.3449249267578,2085300
2018-08-14,163.90186076547116,167.78081407101465,163.90186076547116,167.5457305908203,4180600
2018-08-15,167.2745209066722,168.5494273231911,165.57464568464698,167.70852661132812,2922200
2018-08-16,168.05208798726966,170.53860063360207,167.7898799969712,170.15884399414062,2625000
2018-08-17,171.008809742668,171.23485638430031,169.42648325124165,170.29449462890625,1805700
2018-08-20,170.86417289112043,171.16255617709956,169.50789275310345,169.8876495361328,2449200
2018-08-21,169.390271300221,169.58015650857058,167.95261828267806,168.223876953125,2626400
2018-08-22,167.63615587892235,169.164233128275,166.1713783011002,168.50418090820312,2227300
2018-08-23,168.5765119870313,169.146153825095,167.3287303595733,167.99783325195312,1494200
2018-08-24,168.05209214141314,168.96531547815977,167.2202422729648,167.92550659179688,2266800
2018-08-27,168.1787143646077,169.9780507378273,168.04309188786965,169.08290100097656,1665000
2018-08-28,169.73390273359078,170.33066917648344,168.26912491630154,169.95091247558594,1821800
2018-08-29,170.2673706034287,172.65442259375243,169.97803807567632,172.2113800048828,2502500
2018-08-30,172.18423690539765,172.9166395951468,171.42472351987087,171.61460876464844,2245400
2018-08-31,171.09018322242554,171.40665403942765,169.77006476470416,170.29449462890625,1809200
2018-09-04,169.52591693838772,170.50243992809644,167.7989175640847,168.24197387695312,2098100
2018-09-05,168.3052685962468,168.94724705909405,164.3630150440217,167.21119689941406,3997300
2018-09-06,166.80431284338644,167.83508484705143,164.4805608354989,167.43724060058594,2712400
2018-09-07,167.78086919811307,171.0268958952148,167.5548225401512,170.5205535888672,2255000
2018-09-10,170.52956344533175,171.53321091819245,168.41375674795665,168.50418090820312,1828300
2018-09-11,168.17870240449534,168.17870240449534,165.4661426882938,167.15696716308594,1603600
2018-09-12,167.33780144779598,169.3993455550635,166.2075683277243,168.98341369628906,1982500
2018-09-13,169.65248412329493,174.8786799641455,168.9743443813494,174.69784545898438,2989200
2018-09-14,175.0234064872734,176.93122696511304,174.3814279317747,176.4158477783203,2357700
2018-09-17,177.672655430406,182.3653857889553,176.15362866292668,178.88426208496094,6532300
2018-09-18,179.11032010690317,182.2388118104201,177.2205734259889,180.9006195068359,4442100
2018-09-19,181.21703431066595,182.39247937496427,178.94753144258664,180.10488891601562,2835800
2018-09-20,181.027156394555,182.3201362610993,180.98194431739992,182.0398406982422,2499900
2018-09-21,182.772264219022,183.60411416917148,178.49546580466088,182.8536376953125,3695700
2018-09-24,181.66912666919112,184.146602328898,181.352669712775,183.766845703125,2839400
2018-09-25,183.59506478046688,183.8120607024789,180.65645876436935,182.19357299804688,3064000
2018-09-26,182.73608496181055,184.4540336783339,181.5787274228662,183.03445434570312,2256500
2018-09-27,183.8753804021662,186.83207433268765,183.513711294899,186.5789031982422,2573900
2018-09-28,185.38534773525527,188.73083485886207,184.65295891430887,188.2968292236328,3330600
2018-10-01,189.1738807123056,191.66943022266065,188.5680774767162,190.72003173828125,2407300
2018-10-02,190.78333265464968,191.34392381430197,189.74352380107717,190.41261291503903,2269600
2018-10-03,192.60075631902143,193.1161492328896,190.2227552685504,191.9859161376953,2100400
2018-10-04,192.0492315274591,192.971505737958,190.75625129033384,192.24815368652344,2321600
2018-10-05,192.59172850842864,195.30428806488536,192.4199308623664,195.05111694335935,2401500
2018-10-08,194.21020890059953,194.81602598628265,189.8972493039916,192.5012969970703,2701200
2018-10-09,191.6875395700891,194.65327021063777,191.2535339096357,193.53207397460935,1764000
2018-10-10,193.33315897474895,194.72560007758975,189.61695200548,189.85203552246097,2564400
2018-10-11,189.50846243160325,190.57540977281604,183.30574192650937,186.2624359130859,3605400
2018-10-12,187.85372792881935,189.73443696036267,186.2533282204897,187.2479248046875,2621600
2018-10-15,186.09062584149325,187.22990968889135,184.3003403914566,184.3817138671875,1791200
2018-10-16,187.0219231533019,192.1124973129824,186.6150420076656,191.6513671875,2788200
2018-10-17,190.95515072384023,191.87742482457935,189.1648653021159,190.9641876220703,1456700
2018-10-18,191.0998249759888,192.6640637798429,189.03828083079628,192.3566436767578,1875100
2018-10-19,193.22469953440043,194.3187715374909,188.9750247047061,189.87921142578125,2055300
2018-10-22,189.68024258232992,191.19023237945473,187.528274300578,188.7941436767578,1396000
2018-10-23,186.41615834824992,190.8557180722415,185.37634922854048,190.1866149902344,1844000
2018-10-24,189.6711714755953,190.720017139297,182.27492007630352,182.57330322265625,2877700
2018-10-25,183.19720274979875,191.61517572844693,181.94942113215535,190.21368408203125,3653800
2018-10-26,188.20639593781223,188.4053180519827,184.52636441923843,186.88629150390625,2859000
2018-10-29,188.4596011144622,193.49592695725855,184.49927329967903,187.049072265625,1988100
2018-10-30,187.98033175379885,190.46684415158344,186.5065174234736,190.1142120361328,1994000
2018-10-31,191.68752146335936,193.902775437894,189.2281332917844,193.3240966796875,2817300
2018-11-01,198.0258127442454,201.3803495837832,191.81405802641407,195.5573883056641,4115300
2018-11-02,195.9913998497592,197.11259572808328,191.7507780722495,192.7092132568359,2281300
2018-11-05,193.495908378725,195.8287111727376,192.8991419855795,194.85218811035156,1355300
2018-11-06,194.44531000166336,195.26812302965908,193.02573057115703,193.71292114257812,2136800
2018-11-07,197.1126466335456,200.9554390564473,197.1126466335456,199.1832275390625,3238600
2018-11-08,199.46352050169185,199.99698715347225,198.30616304161717,199.3640594482422,3756800
2018-11-09,199.52683547740116,199.81618178301937,196.0005136076246,196.7961883544922,1794800
2018-11-12,196.28077575107244,198.16148502654409,195.7111339320087,196.58819580078125,1983700
2018-11-13,196.59722862967675,197.44716599393524,191.9225869230436,192.63690185546875,2883400
2018-11-14,193.09805567890365,194.0926662906851,190.7110040074185,192.0039978027344,2754400
2018-11-15,191.29874314741824,192.98956747613124,188.6223450547388,192.410888671875,2405100
2018-11-16,192.78160667557057,194.49955547958515,192.04016713487968,193.24273681640625,1797000
2018-11-19,195.1595850518903,195.1595850518903,189.39992222319592,190.9551239013672,1397500
2018-11-20,190.9913436727481,191.5338611856022,187.38364774168636,187.8719024658203,1800500
2018-11-21,187.38358668205527,191.65134741567584,187.38358668205527,189.6169281005859,1839000
2018-11-23,188.8303049934794,192.73639728858967,187.3384027900029,190.9280242919922,535400
2018-11-26,192.7001566305842,197.4561848256721,191.2625038979764,195.5573883056641,2187800
2018-11-27,195.16864406946883,196.42546264006907,193.69481579145355,196.02761840820312,2278500
2018-11-28,195.82870886621168,201.1995787476798,194.8250613247576,200.47622680664065,2605500
2018-11-29,199.3730941171445,202.38403637779356,197.95351489711692,201.19955444335935,1890000
2018-11-30,201.80537521922625,202.50160264619257,198.85771857343624,201.9771728515625,2440900
2018-12-03,203.2791979337717,204.89768555790548,199.63531396154795,203.2972717285156,2704100
2018-12-04,203.8488627814565,204.51796582104603,196.4706969383432,196.9680023193359,2547900
2018-12-06,195.34044403984933,196.00954701207144,186.8139720262165,193.75811767578125,2854700
2018-12-07,192.9443697626729,194.49957175184207,184.69819273864428,186.3618927001953,2556400
2018-12-10,186.8320067282244,187.59151985673384,180.41227892124508,186.3347015380859,2017900
2018-12-11,187.82661729838108,189.98762201573376,184.50825521422465,186.2081298828125,1332300
2018-12-12,188.55001017669605,190.96418648165644,187.53732570933047,187.79049682617188,2026600
2018-12-13,189.89726058836175,193.2337111213232,187.4830841873324,191.642333984375,3082200
2018-12-14,190.63869653024545,191.3077995709035,183.2424568773156,185.6927947998047,3632200
2018-12-17,181.74146422618216,183.43228835898543,178.62202394285185,179.62567138671875,3935100
2018-12-18,182.211644569858,182.998282311569,172.0847597948983,173.6580352783203,3720100
2018-12-19,173.6399218144673,181.85898533311843,172.4283155476606,174.77920532226562,4751800
2018-12-20,176.14458984438153,176.14458984438153,161.21647400235491,162.57275390625,8708800
2018-12-21,161.43345252957414,169.3179599567935,160.14047244990422,163.92901611328125,7237700
2018-12-24,163.20565284106556,164.04653960997575,159.6069946636824,160.9542236328125,2589000
2018-12-26,162.51848090800522,169.8966320096251,160.2128026526531,169.6525115966797,5037100
2018-12-27,167.95267753014815,174.31814575195312,165.81879639162148,174.31814575195312,4623600
2018-12-28,174.45374297437817,175.60206367573997,170.6561624890958,172.38314819335938,2820300
2018-12-31,172.76290615877417,173.54049323625728,169.99608411999603,171.72308349609375,2871000
2019-01-02,169.7067683730027,170.84603840945343,166.64157665410283,169.23658752441406,3478200
2019-01-03,168.1786800264046,170.66519276873046,166.83143724644535,167.78988647460938,3614700
2019-01-04,168.98340825541496,172.8171638421049,167.54575508420268,170.61094665527344,2936200
2019-01-07,170.52958025912886,171.5151402377561,168.43186094633106,168.6307830810547,2340700
2019-01-08,169.55303795608802,172.0395505614406,167.28352125725726,171.73211669921875,3097300
2019-01-09,172.7629080344122,172.7629080344122,169.16423610449385,172.1118927001953,4118500
2019-01-10,171.91301996401282,173.55863256719664,170.17698317301705,173.40492248535156,2646300
2019-01-11,171.66882895030705,176.16263642263877,171.38853337625162,176.00892639160156,3923700
2019-01-14,175.12287808870897,175.94569131881184,173.31450464063823,173.64906311035156,2489900
2019-01-15,173.91123363350013,178.42312937893615,173.4681910643466,177.71786499023438,2946000
2019-01-16,177.57314942287817,179.38152204851843,177.06680729518496,177.8805694580078,2911000
2019-01-17,176.68707076182403,177.8715527586275,174.58935165543178,175.8642578125,2536700
2019-01-18,177.62739025975634,179.01079415127546,175.97272772745578,176.16261291503906,2521400
2019-01-22,175.08669507867594,176.70518304433313,174.05592289237978,174.58035278320312,3701000
2019-01-23,175.86428414295497,178.7667290418153,175.36697878062168,178.0524139404297,2241600
2019-01-24,177.5731654590368,178.51351323870324,174.5441355188304,174.57127380371094,1923200
2019-01-25,176.2620723077378,178.00714517278104,175.8913526286977,177.4736785888672,1988700
2019-01-28,176.82269274900207,177.07586384094216,174.60743879613156,176.38868713378906,1510100
2019-01-29,175.87329824296214,179.46291948830697,175.6743761238153,179.3815460205078,1575300
2019-01-30,180.15914307695843,181.09045398008735,176.5604850105926,180.6564483642578,2719500
2019-01-31,180.36714410186835,182.6909103507074,179.8065528093111,180.66552734375,2894900
2019-02-01,176.31630685404747,180.2766467768177,170.53855765824014,175.46636962890625,5566700
2019-02-04,173.90218251043115,174.85158104734631,171.37045767758747,173.66709899902344,3346300
2019-02-05,174.26386144315822,174.7702036790458,168.18772701892476,168.5855712890625,4061100
2019-02-06,168.08827506688283,169.98707235122498,167.47343483190235,169.5168914794922,2268200
2019-02-07,168.07019577097952,168.91108261721493,166.0086515966311,168.1425323486328,2349200
2019-02-08,167.57292554995252,167.81705982610987,163.2057020607989,163.99234008789062,3036100
2019-02-11,164.20929593104236,165.493238989036,163.54924370897862,165.3666534423828,3930300
2019-02-12,165.97245178370264,168.46801505369842,164.7608453305597,167.3829803466797,2836900
2019-02-13,167.70852780579492,171.20773935258393,167.50056874953174,170.71043395996094,2392100
2019-02-14,170.39391740467696,173.89312801246754,169.3450579120187,173.80270385742188,2363100
2019-02-15,175.27655718499133,179.14647427124885,174.51703004531788,178.911376953125,2842700
2019-02-19,178.79381940094453,180.05063791483303,177.2566915204972,179.28207397460938,3208200
2019-02-20,178.79382456600942,178.9384839051477,175.11377927778423,175.52066040039062,3195800
2019-02-21,175.4121579794872,176.30730746385552,172.36505428935217,173.48623657226562,1601100
2019-02-22,173.621867000814,175.7557473412753,171.92199224577857,175.20419311523438,1734100
2019-02-25,175.91848759121444,176.80458631858826,172.8532965290975,173.2601776123047,1886400
2019-02-26,173.26022439306976,173.26022439306976,170.0322855448324,170.12269592285156,1948200
2019-02-27,169.037633302821,169.4264406028892,162.3014478371815,163.40455627441406,4645600
2019-02-28,162.8258989098376,163.63062430507983,156.64126685223744,157.72628784179688,5918900
2019-03-01,159.13681462570128,163.06098049330993,158.5671727492841,161.17123413085938,3150400
2019-03-04,161.83130811551032,162.74454537935154,154.55260348204402,155.23074340820312,3045900
2019-03-05,155.43871101262633,156.09876332206855,152.1112973794433,153.81117248535156,3938100
2019-03-06,153.54896473708033,153.630338214393,148.76581021764684,149.10940551757812,2440600
2019-03-07,149.29022172746812,150.06782260767244,146.8579580278713,148.11477661132812,3355900
2019-03-08,147.37317382448887,149.91455625102898,147.01141640724848,147.54501342773438,2011700
2019-03-11,147.6987879294046,149.2001077047843,146.9119578134652,147.9882049560547,2090800
2019-03-12,148.7478637897732,150.90035749379237,148.36801439497447,148.5941162109375,1997800
2019-03-13,149.66127428842205,153.38744070653948,149.18193965747682,151.9403839111328,2659900
2019-03-14,152.70011353162778,154.72599069661598,152.22077880333097,153.35128784179688,3755200
2019-03-15,153.29700337361794,154.29185670318512,150.3395882940475,150.53855895996094,3753100
2019-03-18,150.6290473960305,151.9133041812187,150.53860114066978,151.13551330566406,1696400
2019-03-19,151.83189861659855,156.83326977211058,151.45204921493232,156.26348876953125,3452200
2019-03-20,155.73893063176598,156.84230861579033,151.64196676327677,151.82284545898438,2314700
2019-03-21,151.03604216981125,153.4869923992491,151.03604216981125,152.72727966308594,1625000
2019-03-22,152.17560589523632,152.51024606515188,149.43525218577156,150.21304321289062,1595600
2019-03-25,149.57088821921573,149.57088821921573,146.92096757389,148.1147918701172,1654400
2019-03-26,148.6755477842454,148.8383483096856,144.6238060643358,145.3744659423828,2614000
2019-03-27,145.11209440252549,146.30591821734205,143.42085779835708,144.5151824951172,1949800
2019-03-28,144.51523713786878,145.64574626868065,143.6108298332193,144.4248046875,1682700
2019-03-29,144.77752621411025,146.3240550114722,143.5384925951505,145.44679260253906,3332000
2019-04-01,147.07469823975333,147.49977073872503,145.1030971169987,146.39639282226562,1894500
2019-04-02,146.92098978757542,146.95717381423165,143.37571418421282,143.4571075439453,2712800
2019-04-03,144.02685254174958,145.81757500758042,142.89634349511104,143.80075073242188,2286400
2019-04-04,143.80075968890137,146.20648640202455,143.22193957297762,146.04368591308594,1703700
2019-04-05,147.10184389967387,151.44300176093398,146.8576638613453,150.2491912841797,3692900
2019-04-08,150.28533392797067,151.5153281996269,148.91063120078832,151.3977508544922,2385400
2019-04-09,150.54760661064202,154.554123297788,149.3899528674633,152.96237182617188,2742600
2019-04-10,152.33835481578612,153.46886384428112,150.93652086042047,152.1212921142578,2082300
2019-04-11,152.21174784139592,152.2841020797473,146.83956639520454,148.3318328857422,3368000
2019-04-12,149.17292669450447,149.22718891881317,144.46095908142237,145.247802734375,3592700
2019-04-15,146.23364190688147,149.68847116873152,144.8498996208317,148.1600341796875,2669700
2019-04-16,150.76467376807238,151.27113957957755,136.12231935254852,136.60165405273438,6383100
2019-04-17,136.66502617437456,137.25288556500007,128.38064965936456,131.58226013183594,8670300
2019-04-18,131.99823841362905,134.80190647318148,130.4517097086458,134.75668334960938,5347700
2019-04-22,135.2179510884041,137.21669759847157,133.61715985924818,133.84326171875,2654200
2019-04-23,134.54872096817368,140.8976523110158,134.485405812823,139.11598205566406,4360000
2019-04-24,138.7180231995402,139.6766929168662,137.04486384749268,139.47772216796875,1821200
2019-04-25,138.5913572542966,142.64309744038522,137.58746476129755,141.82008361816406,2290900
2019-04-26,142.09143149437267,145.7542838204195,142.01907725433338,145.55531311035156,2343900
2019-04-29,145.55530527215794,145.95324667086456,143.1767097845357,145.3111114501953,1795300
2019-04-30,145.7452302822203,145.7633222921916,141.2231938006105,143.6560516357422,3430200
2019-05-01,143.72838604758223,147.26462140040223,143.1586051134516,146.5139617919922,3204400
2019-05-02,148.12383974398304,148.31377136604846,137.9221255911551,143.0953369140625,4885300
2019-05-03,143.05009734289925,143.56561611485094,135.48925195539334,138.22056579589844,5762400
2019-05-06,136.7102167823013,144.11731510253563,135.88720279112843,143.61988830566406,3249500
2019-05-07,142.53462202351307,143.71034068804332,138.56427380362786,140.32786560058594,2350500
2019-05-08,140.17410829163924,142.71549088482158,138.76322115150165,141.54879760742188,1800900
2019-05-09,140.03840777281718,142.32655688867456,139.28774813952847,140.96090698242188,1682200
2019-05-10,141.21415669364546,143.50230608170062,138.76320681386568,143.29429626464844,2195600
2019-05-13,140.5991738337777,142.58886725974676,139.43248061480494,142.2813720703125,2341000
2019-05-14,142.28134811626182,143.52942067506777,140.40921857781476,140.4453887939453,2778500
2019-05-15,140.3188298708504,141.07854272267738,136.76451472189484,140.4273681640625,2094100
2019-05-16,140.1921381303995,142.93249051060295,138.72700305983923,139.08876037597656,2208700
2019-05-17,138.71795424216418,141.99190326444085,138.49185248537367,140.0564727783203,1558400
2019-05-20,139.27872645559486,140.9337934974176,138.19344043805089,138.9802703857422,2028800
2019-05-21,139.4505683203338,141.29555320013486,138.32005915864764,139.87564086914062,2979600
2019-05-22,140.1559968166156,140.1559968166156,136.45697436583183,138.22056579589844,2531000
2019-05-23,136.88203638551997,137.8316529133396,134.76571303168956,135.6701202392578,2370600
2019-05-24,135.96855601548953,136.411720449227,134.53055208174578,135.19076538085938,2269700
2019-05-28,134.9556769639721,135.86912349449676,132.2786249158555,132.4866485595703,4552300
2019-05-29,131.98015858025022,134.72052555974733,130.62354754888935,134.2230987548828,2054400
2019-05-30,134.0422324591246,135.36265959052426,132.9478933870644,133.84326171875,1291500
2019-05-31,132.8484070322774,134.19597907297916,131.14811664537345,133.87039184570312,2375600
2019-06-03,133.49954793784443,136.79158960848187,133.40006259339552,136.03189086914062,2479200
2019-06-04,137.37043610193183,139.993211978249,136.954402635952,139.32395935058594,2251100
2019-06-05,140.52682934979254,140.52682934979254,137.59654434063933,139.10690307617188,2194000
2019-06-06,139.00739016887144,139.8756271922216,138.4828323131206,139.02548217773438,1300600
2019-06-07,139.67665464659254,142.89634217361822,139.21539812772772,142.41700744628906,1862400
2019-06-10,142.77875597086663,143.33044489834657,141.3859749966586,141.58494567871094,1465300
2019-06-11,141.9015209150844,143.24005385390373,141.14182198234627,141.41314697265625,1263300
2019-06-12,140.90663933083135,141.4764064617405,139.82135349083117,141.1508331298828,1242000
2019-06-13,141.5487620907161,143.0772124255661,140.65340781893792,142.99581909179688,952000
2019-06-14,143.20386625358896,144.62379251400642,141.71159954437948,143.26718139648438,1473600
2019-06-17,143.312363648474,144.40668857637093,142.92346139629785,143.9002227783203,979000
2019-06-18,144.7051637981021,145.6728862050786,143.52943158221055,144.56045532226562,1561800
2019-06-19,144.70515342274552,146.24264291783044,142.86920789270715,144.8860321044922,2386500
2019-06-20,145.26587952774875,145.4467720072279,143.5836815897664,144.4790496826172,1546400
2019-06-21,144.95842445401937,147.06569546086374,143.45710478044845,145.74525451660156,3055000
2019-06-24,145.60957442853004,145.60957442853004,143.80979894424397,145.12120056152344,1404400
2019-06-25,144.30721597120868,145.44677791753617,143.65604165906703,144.7775115966797,1245800
2019-06-26,144.93128563682274,145.28400397029745,141.42218051393246,141.9105682373047,1530400
2019-06-27,142.2451707682858,143.53848030816184,141.41311775668976,142.79685974121094,1362300
2019-06-28,142.94161416948094,143.9274150740585,141.54881883259102,142.48941040039062,3249500
2019-07-01,143.7284088424121,144.56046191618492,142.81496242232856,143.5746612548828,1715000
2019-07-02,143.72838122350822,146.3692484197937,142.28133807768265,146.3421173095703,1738000
2019-07-03,146.80339847242325,150.07734845811552,146.51398151449058,149.07345581054688,1159500
2019-07-05,148.34088784123358,149.40808182130917,147.2736800609979,147.8163299560547,862800
2019-07-08,147.6444628227751,147.82534148733507,144.84984812487494,146.26976013183594,1202300
2019-07-09,144.87700142994478,145.89898605150665,144.207735088367,144.46096801757812,1007100
2019-07-10,144.64188486502303,145.87187961714946,144.0721175240785,145.16644287109375,948600
2019-07-11,162.3682501250707,168.01175694613082,156.4624712450925,158.5787811279297,10064800
2019-07-12,158.18084990697997,162.52200821904103,157.5929906127075,162.078857421875,3821800
2019-07-15,161.93414555706153,162.63054310976196,159.50128747568183,160.10723876953125,1806300
2019-07-16,160.56843323180914,164.7106194772826,159.77256435418693,162.75711059570312,3057700
2019-07-17,161.3553082847811,164.46647157742214,161.0387602125033,161.41860961914062,1529700
2019-07-18,160.7945557383567,162.17831149974842,157.63818333012793,160.02581787109375,1719600
2019-07-19,160.62270663404493,160.62270663404493,156.89653999436595,157.0864715576172,1120800
2019-07-22,157.1678723094816,157.1678723094816,154.16524776883676,154.3009033203125,1687000
2019-07-23,154.18333424109602,156.426274013559,152.5373203275999,155.6484832763672,1642800
2019-07-24,154.5631964327903,155.1420165317484,149.68844181495535,154.90687561035156,1817100
2019-07-25,154.40038920770937,154.5541367666484,150.22203260548974,150.62901306152344,2040700
2019-07-26,151.41588225788823,151.6058138802037,150.07736319640134,151.30735778808594,1801700
2019-07-29,150.8370608864103,156.00123306931783,150.8370608864103,155.77513122558594,1563400
2019-07-30,154.26478183044577,155.95601930708256,153.00764225563913,155.7841796875,878900
2019-07-31,156.95086091397735,157.05939919078295,153.0890510850232,153.67691040039062,2017300
2019-08-01,153.7853756726782,156.47146583680546,149.2723931209497,151.54244995117188,3175900
2019-08-02,151.8228760665032,152.9805165126044,146.82150391103846,148.84738159179688,1905900
2019-08-05,146.83955960179264,147.6716126040995,142.1095136147016,143.80075073242188,2570500
2019-08-06,147.41840564854792,148.71170160163243,144.33437311404563,148.069580078125,3088100
2019-08-07,146.1250607452088,150.88223708975465,145.04881409573943,150.56568908691406,1806300
2019-08-08,150.69233358021904,151.93138091328262,149.1186737764221,150.67425537109375,1590900
2019-08-09,150.5928579535864,154.50894330698551,150.42103215484315,153.65879821777344,1664900
2019-08-12,152.28412785662368,153.43271535945166,149.26339654481876,149.77891540527344,1313800
2019-08-13,149.77891475325973,153.8306561680116,149.77891475325973,153.26992797851562,1321900
2019-08-14,150.6742572792353,150.9093982022785,144.7413339731745,144.86795043945312,2839100
2019-08-15,145.6276467231459,145.7994862938791,142.1095033755006,144.43382263183594,1743200
2019-08-16,145.0036460762797,147.57215988613643,142.109545036993,145.82666015625,1453000
2019-08-19,147.46361420785038,149.02823498535548,147.17419724545204,147.40029907226562,1265400
2019-08-20,147.02047232849597,148.34995237916672,145.33827392561636,145.74525451660156,1250500
2019-08-21,147.101866788099,148.36804550306545,146.12511888248602,146.82150268554688,1263600
2019-08-22,146.8757368448113,146.8757368448113,140.55393878571613,140.88856506347656,2060100
2019-08-23,140.18315025606995,142.06431934778374,137.73220007306992,138.64566040039062,2201800
2019-08-26,139.48677960006114,139.74001262280638,137.65083328507583,138.29296875,1529200
2019-08-27,138.5461555067437,138.86268977938963,132.25147467157464,132.28765869140625,2794300
2019-08-28,132.29670347557982,135.1003717260019,131.60030596560725,133.3548583984375,2343300
2019-08-29,134.83810172146033,138.2205905101995,134.68435411290343,137.92213439941406,2045200
2019-08-30,138.6456508983252,140.51776695541992,137.95829247336425,139.25160217285156,1553500
2019-09-03,138.21154045277905,140.4815979759528,137.57844425573285,140.17410278320312,2994000
2019-09-04,141.4854630066864,142.51648665124404,137.9582666857144,138.32003784179688,1915700
2019-09-05,140.0836655731584,140.0836655731584,136.5112590027344,136.56552124023438,2092900
2019-09-06,136.43889477000693,139.9299077287579,135.66110388903667,139.0978546142578,2031300
2019-09-09,140.3368501950314,147.04754932353782,139.86655463180227,146.65866088867188,2945400
2019-09-10,146.86670559076808,150.99985370799428,144.9493664695162,149.21817016601562,2936500
2019-09-11,148.70263899388897,149.6432302658045,144.87700017487128,146.41448974609375,2194500
2019-09-12,149.3447505589541,149.4804061054535,143.5746287784532,143.7826385498047,3362700
2019-09-13,144.79564761576628,147.4093847630513,144.29822072611066,145.4739532470703,2194900
2019-09-16,144.6870510255541,149.7879067654426,144.6870510255541,149.67938232421875,1558600
2019-09-17,148.4041789907143,149.9145374081037,145.41963237304898,146.061767578125,1620000
2019-09-18,145.1845122467616,146.47782194630895,144.1444493039008,145.10311889648438,1563100
2019-09-19,145.62767009391246,150.7646970320367,145.23876777139475,148.96493530273438,2006900
2019-09-20,149.71558641105167,150.78279425845398,145.89900009621283,145.95326232910156,2695700
2019-09-23,145.22069881289198,145.9713447899228,144.42481590692222,144.84083557128906,2112500
2019-09-24,145.4196091689398,146.1612296029388,141.74771861075746,142.81492614746094,1842600
2019-09-25,142.4079880367761,143.31239539080065,140.1017465239813,140.38211059570312,1689600
2019-09-26,141.00611108193888,141.35882929095027,135.17268817898608,135.47113037109375,3523500
2019-09-27,136.2127497891944,137.50604527924955,133.9698241126485,135.19076538085938,2463900
2019-09-30,136.1404201125709,138.27482174124728,134.06028071002166,137.27996826171875,1993700
2019-10-01,138.33815103006663,138.46476750404167,133.77993036664523,136.04998779296875,2231800
2019-10-02,134.94662376692824,137.5151372718148,134.22309514297356,134.9737548828125,2563800
2019-10-03,134.77477146399144,135.69725691743477,133.68043262587693,134.40396118164062,2010100
2019-10-04,134.18692827086642,136.80066523631757,133.85230193208815,136.33038330078125,2097400
2019-10-07,136.1946711792241,137.33423303515815,134.89232265824697,134.9375457763672,2216600
2019-10-08,133.83418085489882,134.55770941419516,132.4956619903042,133.1197052001953,1854900
2019-10-09,134.20499721512442,135.6520543992319,133.30058992509726,135.290283203125,1796900
2019-10-10,134.8471526991414,137.8859622016623,134.3497258549474,136.41177368164062,2215600
2019-10-11,137.95828150725478,141.07849768799292,137.22571381270234,137.8316650390625,1946100
2019-10-14,137.6598077319732,138.19340459718634,136.3755375341129,137.09002685546875,1304300
2019-10-15,140.45441938669956,145.9170319651463,140.27354073446213,144.84983825683594,2792200
2019-10-16,144.4700771786929,146.22461635711036,142.72456330818787,146.03469848632812,1822100
2019-10-17,146.2698195749984,149.48950803316285,146.03467859552634,149.01922607421875,1796000
2019-10-18,149.98689894174177,151.37969387117488,148.16904528986385,150.927490234375,2030300
2019-10-21,150.9907753228792,151.99466784057603,149.99593570904665,150.8008575439453,1891200
2019-10-22,150.20398660177992,155.7660867381242,150.20398660177992,154.0929412841797,2379000
2019-10-23,153.93012308901433,156.94180112034104,152.8448370651519,156.38107299804688,2088700
2019-10-24,156.3448990192524,157.06842768168676,151.94043950443154,153.84873962402344,1974300
2019-10-25,153.74022115543613,155.69373068004754,152.72727546842663,155.09683227539062,1325300
2019-10-28,155.26862238515352,158.94052723088353,154.9882583595299,158.08132934570312,2019300
2019-10-29,157.90952796316475,161.10208478712522,157.65629501056785,160.96641540527344,1927000
2019-10-30,159.67312427893728,160.66796410799256,158.66923154405922,159.57363891601562,2033200
2019-10-31,161.21062683643487,162.3411361410382,155.24153218806433,161.4005584716797,3971400
2019-11-01,162.0788627593883,166.91743426433163,160.98452368920488,162.3501739501953,3425800
2019-11-04,163.97807635440853,166.1215171217063,161.39147106637787,165.61505126953125,2451400
2019-11-05,166.4109157773608,167.08018203713095,164.31268456304872,164.46644592285156,2581100
2019-11-06,165.47937601777417,166.80885562166782,164.36695909620363,165.62408447265625,1763600
2019-11-07,166.43804683381148,168.67193359997933,165.92254193401163,167.62281799316406,1356000
2019-11-08,168.2197791042961,171.18623431997182,167.55051264947878,170.20947265625,1461300
2019-11-11,168.12931308158642,169.54923917959877,167.37866715988903,169.2688751220703,1390400
2019-11-12,168.64485001640534,172.32578098089843,168.44587928317202,170.90586853027344,1831900
2019-11-13,169.98338238367353,173.41109444639974,169.32316879012453,172.0635223388672,1463000
2019-11-14,172.14489070533355,173.38393815187757,170.9420272806734,171.56607055664062,1534900
2019-11-15,172.1901082282705,179.6514685803756,170.28180824075602,177.2728729248047,3056600
2019-11-18,178.5119135198823,183.45902245041228,177.0377252359659,179.41632080078125,2818800
2019-11-19,179.7328582505004,181.2341776754063,177.56228625798508,180.89955139160156,1666100
2019-11-20,179.97706533289593,181.4241226345314,178.32199820170473,180.80007934570312,1633000
2019-11-21,181.12562411245133,182.17472592017265,179.16306224952564,181.97576904296875,1359200
2019-11-22,182.69026677518033,183.48614958114308,181.17086920033464,182.5546112060547,1492300
2019-11-25,182.69029335316444,185.62057827401597,182.54558485827167,184.38153076171875,2419700
2019-11-26,184.85180079008475,184.85180079008475,180.32976445410716,181.2160797119141,2201100
2019-11-27,181.33368770370288,183.22389589939837,179.5248728637657,180.9086151123047,2042000
2019-11-29,180.9085826403851,181.595927188129,179.52484064021886,180.80909729003903,812000
2019-12-02,180.8091131544739,181.23418570687076,178.02353690053383,178.11398315429688,1498900
2019-12-03,175.40078737360534,177.2457725448965,174.1346086323763,176.6579132080078,1975900
2019-12-04,177.63463415661622,179.06359929073952,176.62168863613002,177.93309020996094,1820300
2019-12-05,177.89692863103974,178.00546690059397,175.075182025535,176.89303588867188,1526300
2019-12-06,178.62945502358534,180.8271716208599,178.24960566853406,179.91371154785156,1658000
2019-12-09,179.14497384094756,179.83231832190387,177.12814971643982,177.2185821533203,1376600
2019-12-10,176.97444176048907,176.97444176048907,171.40330240167395,173.3839569091797,3335200
2019-12-11,173.1849335672691,175.0027870068805,171.68361435636072,173.42007446289062,1971100
2019-12-12,173.94465080004176,176.2689702932258,172.84127283357537,175.05706787109375,2013100
2019-12-13,175.37361593230366,176.32324631984977,170.75209425972815,171.7198028564453,2090900
2019-12-16,173.47438107354034,178.37626752234388,172.74181328804102,176.47702026367188,1867500
2019-12-17,175.9795894132542,177.56230232606725,173.71857096637842,175.0209197998047,1701700
2019-12-18,176.35942416932176,180.70058198582944,175.988613862876,179.25352478027344,2439600
2019-12-19,179.26258839251557,180.8724323847662,178.90081716943837,179.7238311767578,1683500
2019-12-20,182.292301273252,186.52493387249527,182.292301273252,185.03265380859375,4943200
2019-12-23,184.4719831517488,187.46556951350277,183.92933317794743,186.7330017089844,1901000
2019-12-24,186.78725869907305,187.14901613800336,184.49910908744272,184.50814819335935,531000
2019-12-26,184.96033700560133,185.7200496464683,184.4810022275251,184.8427734375,743100
2019-12-27,184.89705646588632,185.35829928530353,184.12830463336215,184.4991149902344,1053600
2019-12-30,184.22776412368225,185.0326860681241,183.03395366458392,183.5675506591797,954800
2019-12-31,183.4861341047853,185.1412009093177,182.699290469745,184.94223022460935,1483600
2020-01-02,185.75622370855953,186.1722571585935,182.77167671531316,185.3492431640625,1372600
2020-01-03,182.6993370452668,184.8518311103049,181.60501180055357,183.7574920654297,1387300
2020-01-06,182.6902863264745,187.35703160606076,182.64506319853973,187.1399688720703,1243000
2020-01-07,186.4707232264382,188.82218813932187,185.6567620336045,188.05343627929688,1354600
2020-01-08,188.05339738716376,191.4811086751176,187.3841448381843,191.20074462890625,1483600
2020-01-09,189.95263913102116,191.9423321692901,189.02110083855675,190.6942596435547,2018200
2020-01-10,191.83383904017597,192.05090176711903,189.6542140659975,190.17877197265625,1034800
2020-01-13,188.57795993260277,189.0211244747879,182.6541031961287,184.0559234619141,2376600
2020-01-14,183.8298345242666,187.16709988159215,183.61278559056157,185.57534790039065,1499100
2020-01-15,185.57534529263145,190.3053918420202,185.57534529263145,188.32473754882812,1799700
2020-01-16,189.39193260022657,191.06507779505128,188.5689186599839,190.7847137451172,1387500
2020-01-17,190.7938079365705,192.31320587796608,189.2291730610069,192.2046813964844,1680000
2020-01-21,191.44492395058225,193.94109684346515,190.28728375104453,192.6387481689453,2192200
2020-01-22,192.91006192521868,193.36226553320083,190.26014160636063,191.0650634765625,1468700
2020-01-23,190.86609705768913,192.98242047854157,189.77177202996415,192.3674163818359,1511600
2020-01-24,192.3764801732732,192.62971310973023,185.16835298874423,186.3169403076172,1882200
2020-01-27,182.87120545753683,183.2420158683359,177.85174075087932,180.83628845214844,1498300
2020-01-28,182.10242789460787,186.41644107608096,181.4512534898268,185.70196533203125,1603400
2020-01-29,185.27688147882833,186.6877546698354,182.43704308662785,183.17864990234375,1849500
2020-01-30,181.3426986338268,182.26519792290733,176.24184212975305,178.15919494628906,3180000
2020-01-31,176.70305887369773,177.10100019504742,172.82314479069484,173.98983764648438,1816000
2020-02-03,175.29220889369464,177.33616418324428,172.90456065435575,173.43817138671875,2356200
2020-02-04,175.59972896698017,179.71478504247366,175.36457423113674,178.0416259765625,1955700
2020-02-05,180.96284264136375,187.6645036500121,180.96284264136375,186.74200439453125,2122600
2020-02-06,190.1516307767743,195.51475932751933,187.96296681338904,191.60772705078125,3006200
2020-02-07,190.53147367359648,192.44881262726489,188.1257470769103,188.94876098632812,2046800
2020-02-10,188.1438652025332,191.64391732931833,187.6735695032748,190.2149658203125,2041400
2020-02-11,192.0509212247191,194.74605147322316,190.2873157149682,194.61038208007812,1815100
2020-02-12,196.99798499219207,203.16603498473748,196.2563644563453,201.2848663330078,2720700
2020-02-13,199.2680666072017,202.8133416479946,199.2680666072017,200.6789398193359,2115900
2020-02-14,200.45287789664675,201.03169814506947,198.00192749775732,199.2771453857422,2077300
2020-02-18,199.27707345318117,203.10272573619935,198.45405961261295,200.7331695556641,1956100
2020-02-19,200.3261738393908,202.20734227457865,198.51735962865135,200.27191162109375,1615200
2020-02-20,198.34555481495644,200.5432716420624,195.54190057728633,199.3404083251953,2206200
2020-02-21,197.67635520692693,198.8068645894065,196.04841893612365,196.4282684326172,1469800
2020-02-24,187.9991403385725,190.03405675603483,180.9266824548532,181.20704650878903,3114500
2020-02-25,183.9021439710884,184.44479377348583,171.25853605674115,173.42910766601562,2824100
2020-02-26,175.20176839358507,176.8116121469719,170.51693180102507,170.86061096191406,2869700
2020-02-27,166.85409723487962,171.64744458281737,164.34888530763862,164.53880310058594,3101300
2020-02-28,159.40178357842703,166.9445370042274,157.56583789852945,165.4522705078125,5465700
2020-03-02,165.87737579625067,175.94342145684467,163.16415341223325,175.76254272460938,3901200
2020-03-03,175.76248681913358,184.3905389840411,169.03369523899795,171.1590576171875,3570000
2020-03-04,188.1528649288243,191.68006123479657,185.7200211902883,189.5094757080078,6127800
2020-03-05,183.62184109657588,186.62448041585137,179.64245388806577,181.7225799560547,3106900
2020-03-06,175.64495576419085,177.7612656300502,170.02858010462165,176.82972717285156,3447900
2020-03-09,163.9664301376332,168.5708164123732,157.30862884411815,164.2740020751953,3897800
2020-03-10,169.87340291075472,179.74250943459086,168.2813252353223,178.9012451171875,4188200
2020-03-11,172.99424543497946,177.7885738324026,166.02887331966065,169.3668212890625,4106600
2020-03-12,158.44840749719316,164.12924664345974,147.97322588847007,148.59739685058594,4830200
2020-03-13,156.21406336155238,162.82663158001895,148.56120560397827,162.7090301513672,5081600
2020-03-16,135.6888630789763,146.89676261718034,131.3830081263447,136.3130340576172,3340800
2020-03-17,139.49718107310088,147.2223930433537,134.13294169433888,140.293212890625,3765400
2020-03-18,131.16587833328884,132.07047059765637,107.19418332754984,129.27528381347656,4199600
2020-03-19,128.09027073272753,135.29987221645715,121.30582871940472,132.54086303710938,3987400
2020-03-20,135.07376825154893,136.2678232582072,126.48013889548078,128.53355407714844,4711700
2020-03-23,126.86906541205772,127.0590358613881,113.9786256108326,117.6512680053711,4226400
2020-03-24,128.39785454216542,133.5630697012167,123.52210178951816,133.156005859375,5464300
2020-03-25,131.16591027886938,149.74623384092095,129.35672530950566,141.8582000732422,4232900
2020-03-26,143.20602444823373,154.54962117591657,139.67811951550078,153.36459350585938,4059400
2020-03-27,145.4041728939041,151.78153763769427,144.55385391393656,145.9016876220703,3563000
2020-03-30,147.21336142427566,161.86775447647398,147.21336142427566,161.25262451171875,3677400
2020-03-31,160.0947495745498,164.61771130580152,156.94677207443408,160.27566528320312,4427600
2020-04-01,153.52739551998224,157.6432929576446,151.41969395207192,156.5577850341797,2993300
2020-04-02,152.36954412481728,156.43115511520293,148.61547743081567,152.70423889160156,2501400
2020-04-03,151.36543675257948,153.57264425380043,144.18297141935463,148.20840454101562,2271700
2020-04-06,155.30042026356242,159.84147808333037,154.14254306853564,156.937744140625,3060600
2020-04-07,164.15636648855096,168.6250546781739,159.398215939239,160.26661682128906,2351500
2020-04-08,162.50095208401638,171.19408420390045,158.43028693782057,168.4531707763672,2548700
2020-04-09,169.05929149814637,170.65136932648412,163.5050941092918,164.4820556640625,2485600
2020-04-13,163.28797202134504,164.63581969008013,157.4443127444346,160.54705810546875,1682800
2020-04-14,163.76735156009497,170.37087680590903,163.76735156009497,167.91038513183594,1799300
2020-04-15,165.32329789849155,169.71961740408202,162.13008791101163,165.17857360839844,2597600
2020-04-16,167.1234573274913,177.5986396921167,165.7665686347106,176.71214294433594,2678800
2020-04-17,179.6791861566502,180.33049376470296,172.50576151348005,175.6085205078125,3482700
2020-04-20,173.22036847515994,175.0657305231724,170.40708613023725,170.69654846191406,1861500
2020-04-21,166.4811613273758,170.06335291963384,160.79128181630276,160.93601989746094,2452800
2020-04-22,165.48613801178652,169.89149863999435,163.59554318397093,165.16952514648438,1756800
2020-04-23,165.54039563221716,168.66123639583438,165.22378279697307,166.69827270507812,1024000
2020-04-24,167.8290330719629,170.81419086291334,165.54041531959743,170.24429321289062,1346700
2020-04-27,172.20723648831304,175.4366377139017,171.87254174502746,174.41444396972656,1529700
2020-04-28,177.77953643106318,178.19565499237413,167.19580851866843,171.5016632080078,1347600
2020-04-29,174.5049245804166,178.49418040876486,169.88245682764432,177.18251037597656,1844500
2020-04-30,178.43082596516246,183.4060834698945,175.59040677821656,177.10107421875,2732700
2020-05-01,173.68174058997826,176.286971115783,167.67524761336088,169.2401885986328,1614200
2020-05-04,163.7312316523208,168.6341210211315,163.30607210124998,166.99681091308594,1525600
2020-05-05,169.1859408424761,174.39638887887102,168.8060136338523,172.22537231445312,1440300
2020-05-06,173.93503082750084,174.9753065977646,165.54945516108802,165.92938232421875,1438600
2020-05-07,167.81995214832463,169.78291560502834,165.81175632012454,166.6077880859375,1127400
2020-05-08,169.26729190578817,171.35689772694732,168.34461777890093,171.21217346191406,1300600
2020-05-11,169.72864682075567,173.26559199748735,169.6653187383703,170.95889282226562,1068100
2020-05-12,172.50576786460775,175.68089602150934,171.4745330810547,171.4745330810547,1334600
2020-05-13,170.36188786731353,170.967963117244,161.63256295017143,163.74026489257812,1845800
2020-05-14,162.53718000503528,166.86114501953125,159.678678085731,166.86114501953125,1838700
2020-05-15,166.14647010625487,172.243427324907,165.77558394156154,172.0082244873047,1305200
2020-05-18,176.61260783500757,177.4810087242229,174.91196987273457,175.0476531982422,1257900
2020-05-19,174.45968848609144,176.37741993152375,172.32484989848427,173.48272705078125,997200
2020-05-20,175.4366387863072,175.98844066003363,169.61106196938792,170.30760192871094,1617300
2020-05-21,170.02714264513983,172.0805568398841,168.86021106902652,170.67843627929688,1072300
2020-05-22,171.3840598071785,171.64638549562486,169.0502100634492,170.9679412841797,818700
2020-05-26,175.273784392189,179.10926039187643,174.45965691160052,177.2277069091797,1542700
2020-05-27,177.87906575935034,180.6018841710602,174.84867541236557,180.43002319335935,1288200
2020-05-28,180.91844258566056,185.44140365030208,180.52041980349503,181.43406677246097,1463000
2020-05-29,181.43409631326895,183.966943879477,177.01062642096483,178.49417114257812,2306800
2020-06-01,177.69815643269746,179.84203628326063,176.0517914246124,179.1997833251953,1062900
2020-06-02,179.29927210743506,183.18900852454303,177.52626486653733,182.10350036621097,1964900
2020-06-03,184.1387970985119,185.3238107433073,181.4431160452156,182.1486968994141,1404700
2020-06-04,180.4300104257512,184.8986853924644,179.52541800445152,183.08045959472656,1259200
2020-06-05,185.4414333967465,193.1847417730308,184.00313486019033,189.49400329589844,1956000
2020-06-08,188.13712598969536,195.31959194971145,187.44964072562513,195.24722290039065,2092800
2020-06-09,193.57371233196253,196.56791065328176,191.32127252325313,194.03504943847656,1497600
2020-06-10,194.00793606003649,194.03507272820724,186.92497580478852,189.059814453125,1433300
2020-06-11,184.69962506550348,185.24238589580835,171.26643944676147,173.28367614746094,2936300
2020-06-12,178.95555188135776,179.48925819120942,170.018172767829,171.89068603515625,2004800
2020-06-15,167.59385511525275,171.32077177106515,164.9614876467704,169.27639770507812,2105400
2020-06-16,175.35522918592886,177.44483526564102,171.42024701814478,174.6044158935547,1348400
2020-06-17,175.9613009159829,176.3864604081202,172.62335306634407,173.5008087158203,1169500
2020-06-18,172.19822649095303,172.56911272358417,169.4120799727981,171.85447692871094,1881200
2020-06-19,175.56326087640568,178.06898520723163,172.55096710750271,173.13894653320312,2260000
2020-06-22,172.13490003760737,174.05264551568246,169.31257586627098,172.21632385253906,1450000
2020-06-23,173.8083944003483,175.48189596953912,171.54691325440697,173.96217346191406,1687200
2020-06-24,171.96301766767746,173.66364196305466,164.8257843121916,166.41786193847656,1658100
2020-06-25,165.63090776992493,168.2180431141327,163.7855311675736,167.78382873535156,1225200
2020-06-26,167.27721199604505,167.9194786236148,165.02477212542172,167.4038543701172,2410400
2020-06-29,168.86929105616755,169.84625243770304,166.16456879907656,169.6562957763672,1294300
2020-06-30,169.63818796326353,170.77796925892102,166.7615911586592,169.74673461914062,2146900
2020-07-01,170.02717078685407,173.99833033844007,169.5929565549073,172.3248291015625,2004000
2020-07-02,173.64557846532773,175.9613330047327,171.95398114236747,172.31582641601562,892500
2020-07-06,173.50083926589363,174.40543173985242,170.9770185338766,171.26649475097656,1571100
2020-07-07,169.11352700334518,170.244267373524,164.21063841460787,164.6810302734375,2183500
2020-07-08,165.07000286553782,166.9244198841204,160.23948318428086,162.89898681640625,2535200
2020-07-09,162.37434759680644,163.11612004413027,155.38185170162396,157.30862426757812,2331500
2020-07-10,157.71566109674012,159.25346512982557,154.4953011578191,158.7921142578125,1520600
2020-07-13,159.5248811978044,162.94423949281477,159.39823880921088,160.4475555419922,1733600
2020-07-14,160.08571881806222,164.98860799070854,158.602187827826,164.7895965576172,1798900
2020-07-15,165.63085144593566,167.09628651777464,162.99848460705377,163.7673797607422,1816400
2020-07-16,163.73119133843318,164.05684508879463,161.83154216082767,162.82659912109375,1706800
2020-07-17,163.9844911661463,164.55438873254013,162.184347518685,162.6547393798828,2537500
2020-07-20,162.79946333040616,163.04370709523033,158.95494638613093,159.0815887451172,2002200
2020-07-21,161.01743789446172,161.45163835653267,159.4434422403518,161.288818359375,2542700
2020-07-22,161.32499327210238,161.45163564653836,158.48457390005257,160.0495147705078,1608400
2020-07-23,160.15810977623298,163.90312228847236,159.93196164432726,162.03060913085938,2042400
2020-07-24,163.55934288501953,166.598773775694,162.74521527981446,163.7493133544922,2263600
2020-07-27,162.7361359423016,162.90801067372513,158.65642997196232,158.7559356689453,1886200
2020-07-28,158.52074910830945,160.89981731350613,157.57092449570322,158.98208618164062,1816400
2020-07-29,160.22141043199483,165.84797657891923,159.7600732512674,164.4549102783203,2132200
2020-07-30,162.1119844158694,163.93020988297974,160.11282945501148,161.4425811767578,1730200
2020-07-31,160.1490342549879,160.2304580621878,154.69434312481832,156.2140655517578,2452600
2020-08-03,157.29954761926035,157.39905332003025,154.54053846426103,156.4944610595703,2063400
2020-08-04,156.03314401243708,159.0182878128991,155.38183639703118,156.94677734375,1860200
2020-08-05,158.69263520007263,159.93193615140407,156.73872614212726,158.18606567382812,2416100
2020-08-06,156.68442739520088,158.86448419542435,155.06519956180605,156.5577850341797,1775800
2020-08-07,156.67538009208363,161.29784719372486,156.47636868630005,161.18930053710938,1801000
2020-08-10,160.2395081532282,165.74847293363328,160.2395081532282,165.54042053222656,2048300
2020-08-11,167.34959618341202,169.33969672877996,164.65391466107712,164.9795684814453,1928100
2020-08-12,167.47619443983243,168.95068409950483,164.40962752396686,166.73443603515625,2154200
2020-08-13,165.03382723451043,165.23283865176012,162.56429403334567,163.62266540527344,1210700
2020-08-14,162.51905532422208,167.04201680734317,161.68683206768577,165.9022216796875,1211900
2020-08-17,165.8118223127517,166.37266529417184,164.27401769070508,164.80772399902344,1522500
2020-08-18,164.63582260250053,166.0108069637968,163.51412301789236,164.57249450683594,1145100
2020-08-19,165.0067127609587,165.99271522258888,163.7583707581332,163.95738220214844,1688200
2020-08-20,162.87186549612306,163.2970250312738,160.5199197188205,161.0264892578125,1247700
2020-08-21,161.53306215809533,163.27891876376594,160.42040363224928,161.288818359375,1385800
2020-08-24,162.31104918954892,162.59148449972884,158.855512515945,160.72801208496094,1454100
2020-08-25,161.4335281726239,161.4335281726239,159.21726626649723,160.48370361328125,1337700
2020-08-26,160.13999692640462,160.13999692640462,155.7346362051955,157.4895477294922,1938600
2020-08-27,158.4302998559335,161.3340473036316,157.66139085554147,160.18521118164062,1648000
2020-08-28,160.48370116307507,164.12920652598584,159.17204526923797,163.8668670654297,1511300
2020-08-31,162.22960374054867,165.30522629679666,160.36614553567887,160.4475555419922,3040200
2020-09-01,159.20824977742004,160.3842225647818,157.85136128499886,159.34393310546875,1878800
2020-09-02,160.2304316344476,164.7172015200812,159.29870270970173,164.03875732421875,1692900
2020-09-03,165.17854912987826,167.57571305317066,159.94095231206862,161.40638732910156,1654800
2020-09-04,162.32908333524733,162.781379479287,158.58407181471804,161.56922912597656,1813700
2020-09-08,161.01744674793872,161.01744674793872,156.45830713805185,157.3809814453125,1511600
2020-09-09,158.2222235239695,159.41627803916887,155.68032167439597,157.42617797851562,1667000
2020-09-10,157.77900271982358,159.027344632703,153.500284587759,153.54551696777344,1346300
2020-09-11,154.3868115379892,154.56772729053918,151.70922527308025,153.20179748535156,1499900
2020-09-14,154.07920894697784,156.9377239431222,153.12938426625468,155.45419311523438,1564800
2020-09-15,156.82011211632022,157.36287298441275,150.1442169325004,150.61460876464844,2857900
2020-09-16,152.51430378251257,155.2823546741512,151.09408690636576,152.5052490234375,5268400
2020-09-17,151.3654311488344,153.92542901306726,150.92217595295529,152.8760986328125,3159800
2020-09-18,151.85392228233673,153.29223469344782,150.76841415927873,151.89915466308594,3016700
2020-09-21,149.25773523726556,150.36133898992523,144.75286927493983,149.2215576171875,2527200
2020-09-22,148.9411146638897,150.70508066747195,146.14592780732588,146.3087615966797,2318500
2020-09-23,146.90580814398788,148.45266730453952,145.01521323896898,145.1870880126953,2879300
2020-09-24,144.7347922384286,147.45761054833932,143.68546168198353,145.5308380126953,1797300
2020-09-25,143.87542586677174,147.18623740689205,143.83019348558182,146.95103454589844,1853500
2020-09-28,149.17633518660878,150.80460425836333,148.2536470787838,148.615478515625,1161800
2020-09-29,149.0315677057118,149.67383425289972,146.92386618438096,148.633544921875,1460700
2020-09-30,148.425529893629,154.51343317796935,148.04560272344133,153.24700927734375,2328100
2020-10-01,153.19272311892172,153.66310121236936,150.2256612546305,151.41067504882812,1341800
2020-10-02,148.7692827092447,153.91640223512135,148.3893417277208,151.27499389648438,1782100
2020-10-05,153.057021908458,156.7929927077012,152.61378049362153,155.7888946533203,1891000
2020-10-06,156.75680887422763,158.84642888542805,154.46819123637349,154.57675170898438,1478200
2020-10-07,155.8612751324004,160.14903432543358,155.8612751324004,159.47964477539062,1587600
2020-10-08,159.57008941323477,161.1531260693303,158.4212670352455,160.89984130859375,1144400
2020-10-09,161.46974849812509,161.59639088600423,159.00925598820058,159.57009887695312,1158900
2020-10-12,159.32583658025516,161.93105286066853,158.7468980953875,160.52894592285156,1186700
2020-10-13,158.9459457181521,160.92699159232683,157.12770605682056,157.9237518310547,1094900
2020-10-14,158.0232160972715,159.95904288342012,156.61205445168412,157.84230041503906,1403700
2020-10-15,155.73459404891713,160.42942970256658,155.58985598644676,159.9499969482422,1350000
2020-10-16,159.84144823450134,162.27480360187388,158.86448694557578,160.9269561767578,1485800
2020-10-19,160.9360674545634,161.2255298994337,154.37777132152766,155.28236389160156,1939200
2020-10-20,156.16882933623612,157.03724410216293,154.56769694439407,154.76670837402344,2013600
2020-10-21,154.6039129456492,159.33492802283058,153.10228602992106,157.90567016601562,1902700
2020-10-22,158.2855831152385,162.7814086982233,158.07753071647048,162.22056579589844,1418600
2020-10-23,163.206577049307,167.07823184164414,162.82664985600132,166.88827514648438,1716100
2020-10-26,165.3232993690929,166.54450461044706,162.7633012623243,164.5272674560547,1852700
2020-10-27,162.93512936854322,165.0790220938528,160.37513199481407,161.27972412109375,2008200
2020-10-28,157.6614133666173,159.57010400433117,152.01676526493122,152.27005004882812,2154400
2020-10-29,151.56447671709307,151.5916133879583,145.06949536462147,147.81040954589844,2375100
2020-10-30,147.8646656123267,151.5282534389784,147.64755848805044,151.03977966308594,2014500
2020-11-02,153.6811761707389,158.5297911629931,151.61870695342756,158.15890502929688,1930800
2020-11-03,160.52897469935846,167.55764776709455,160.35709993346543,166.33645629882812,2236400
2020-11-04,176.67595954297795,192.29827593378633,176.36840140469113,190.5252685546875,7051800
2020-11-05,188.60752718702065,196.975007409946,188.10999857533065,193.72752380371097,4441300
2020-11-06,192.3073090447743,192.51537525011537,181.54266421997795,182.2482452392578,3648400
2020-11-09,194.63208791981268,196.4865049462792,186.34601891179545,191.0498962402344,2686300
2020-11-10,192.37061796266457,200.36721125253248,190.1905470241307,199.1912384033203,2840500
2020-11-11,199.28171714706585,203.4971212271039,199.010336654667,200.01443481445312,2060100
2020-11-12,198.55798617248013,201.25366704019197,196.8211708199488,199.14596557617188,1514100
2020-11-13,199.0103103266349,200.484800224646,197.40013710186716,198.7298889160156,1480200
2020-11-16,201.8236372415452,202.31211112794745,196.7579136195897,197.47254943847656,1740400
2020-11-17,195.2381635018127,196.29653486755163,188.2908872561378,194.3154754638672,2761800
2020-11-18,195.37388958970513,195.41912197653045,190.57954644893803,190.80569458007812,1665700
2020-11-19,188.73414234314973,190.0367575010576,183.9578959661431,185.20623779296875,2051100
2020-11-20,183.89458639142873,186.64455506897184,182.63720348383052,185.27862548828125,1453400
2020-11-23,186.834535320962,189.51213528663135,185.8304370592093,187.1963806152344,1675500
2020-11-24,188.32707730820763,193.81794551302508,187.0244621589377,189.98248291015625,1592500
2020-11-25,189.9010823130173,190.14532613409273,185.53191302024663,187.2596740722656,1615600
2020-11-27,187.5039175308715,192.75959733353815,186.9340198837922,192.22589111328125,780900
2020-11-30,190.1272324668931,191.7826382889139,187.9290794625118,189.18646240234375,3792800
2020-12-01,193.1575941308365,194.37879926598265,187.6124388742293,187.71194458007812,1797800
2020-12-02,187.71194269329985,193.0671274383743,187.26870130141475,191.78260803222656,1368300
2020-12-03,190.8689547532819,194.6863349525861,190.8689547532819,193.0309295654297,1394800
2020-12-04,193.04001891810768,198.96510209143864,193.04001891810768,196.8845367431641,1629500
2020-12-07,195.63618574982743,198.13285559465535,193.13046114785132,197.73483276367188,1533400
2020-12-08,195.80804875521673,198.820328866426,195.25624691862936,197.80718994140625,1369600
2020-12-09,197.92480829190075,199.3540658565745,194.9396507860878,196.29653930664065,1375700
2020-12-10,194.14360503409472,196.766931121346,191.1222699087971,192.3615570068359,1500500
2020-12-11,191.50220286504555,192.3072895259957,188.39945764685044,189.3764190673828,1334100
2020-12-14,191.55645380199996,191.55645380199996,183.27944006669827,183.76791381835935,2027600
2020-12-15,186.60836724959145,187.09685489391904,182.96286084260183,185.9027862548828,1581000
2020-12-16,185.3690540190749,185.60424304997952,182.45626568433215,183.0894775390625,1583600
2020-12-17,183.91267784944608,185.77613597700375,181.97685067383955,183.2975616455078,2823800
2020-12-18,182.4472405434361,183.36087388423485,175.88894574484198,178.27706909179688,6149100
2020-12-21,174.66772272577538,179.127369912492,173.25656095569315,178.54843139648438,1339200
2020-12-22,177.3362843559819,178.20469911533928,175.40045721212752,176.36837768554688,1402900
2020-12-23,177.82477237537165,181.40695048376784,177.75240332834548,179.99578857421875,1825200
2020-12-24,180.47519300264253,180.52042537528135,178.43986046073303,179.86007690429688,497600
2020-12-28,181.20792903446045,184.76297000820756,180.69230481830823,182.87237548828125,1259100
2020-12-29,184.47353180506616,186.5993295849357,184.21120606773468,184.58209228515625,1168700
2020-12-30,184.45544989420563,185.9570766747524,184.12979605990617,184.58209228515625,1194800
2020-12-31,184.58205180758543,188.706990268818,184.01215427178963,188.31800842285156,1233400
2021-01-04,189.18644715997465,189.96439714803356,181.40694727938532,186.09274291992188,2614200
2021-01-05,185.92087453336308,187.6124579013655,183.69558496303688,184.0212249755859,1768400
2021-01-06,175.78942537785605,190.2357656825904,172.66858466683655,189.44876098632812,3488700
2021-01-07,192.67817324683784,199.4716569213492,190.19054424951943,199.46261596679688,2812200
2021-01-08,199.01033209357976,201.8236150675675,198.1419172984035,199.7340087890625,2346000
2021-01-11,198.340908257525,201.57030948397392,197.5086849746854,198.9379425048828,1154500
2021-01-12,198.6303695082128,205.5685904651336,198.0333353056973,203.73226928710935,2124400
2021-01-13,204.25697682017812,205.14347355134927,202.0588100015063,202.4568328857422,1417600
2021-01-14,203.1171898881593,204.22984857946045,199.07367419130733,199.71592712402344,1175700
2021-01-15,199.0646199012224,199.0646199012224,195.7809447660164,198.01528930664065,1462500
2021-01-19,200.95520027239124,202.57442843136965,198.03337062512583,199.7340087890625,1759100
2021-01-20,200.17725053039493,207.26021083471295,198.13287663045423,206.6269989013672,2021900
2021-01-21,207.2511182450827,208.87033220001229,204.5102049998398,204.60971069335935,2095000
2021-01-22,204.0036994067112,205.7224195929023,201.93217490340092,202.1040496826172,1422900
2021-01-25,200.7923585611894,201.0275475955339,196.44127170642423,199.0917205810547,1858100
2021-01-26,199.10984847553863,200.41246383657517,194.63211852421475,195.17486572265625,1436900
2021-01-27,192.08115518515712,195.07535394977904,189.55734835365257,192.28016662597656,2235400
2021-01-28,194.6411062890994,201.52505363428895,193.04902895123416,197.9157257080078,1542000
2021-01-29,197.4725067605365,199.5440171057298,193.50134701691724,196.34176635742188,1308700
2021-02-01,197.300660265996,198.1509793793888,193.08525612678525,196.1156463623047,1410500
2021-02-02,198.93794144680376,201.49793936990395,196.92070443713908,197.0292510986328,1230800
2021-02-03,196.9568554474981,200.40334951413237,195.65424047362467,198.49465942382812,1532300
2021-02-04,189.96439913151653,195.66333386605888,185.2152891532286,185.78518676757812,3797300
2021-02-05,187.69388170748735,189.1231393532749,183.94886973034255,184.0212249755859,2822300
2021-02-08,184.59109181002577,187.3681966351868,183.72269098212573,186.3912353515625,1898400
2021-02-09,187.341046028977,191.70117315971993,186.8796951831956,190.8599090576172,2050400
2021-02-10,192.0630402623295,195.06627946606375,190.82373944787923,191.0227508544922,1556600
2021-02-11,192.13541724482215,192.6781781975583,187.96524579368523,188.5713348388672,1587200
2021-02-12,189.15928943707215,190.91420064290395,186.22840552396303,187.1872711181641,1696000
2021-02-16,187.10588295251975,187.7119581855337,183.5870191767927,183.87649536132812,2514400
2021-02-17,183.7046356907924,188.9874522656133,183.12569707715429,188.17332458496097,1957400
2021-02-18,188.1461601896575,189.3221191544191,185.90276131479604,186.02940368652344,1449100
2021-02-19,186.029401178884,186.5450254158843,183.18898190587203,184.7720184326172,1699900
2021-02-22,183.57794009415085,189.86485301457083,182.39292654117017,189.19544982910156,1494100
2021-02-23,190.77852160206297,194.89441956612495,189.68397258531792,192.3796539306641,2443000
2021-02-24,191.44793256704853,195.35577831114864,191.44793256704853,194.43309020996097,1342800
2021-02-25,193.92649280055045,195.9799072892655,188.36324212880336,189.36734008789065,1590600
2021-02-26,189.97343759703105,192.2168366002905,188.2637585793683,189.8739318847656,2724500
2021-03-01,192.10828856287304,195.5095649091635,190.9051789832527,194.442138671875,1833700
2021-03-02,195.862370179079,199.435507760904,194.59593240883393,198.5670928955078,2242400
2021-03-03,197.8524709988555,201.0818590184671,196.6584022837144,199.5802459716797,1428400
2021-03-04,199.91487854220065,206.23798306335547,199.47162338993417,203.1533203125,2769200
2021-03-05,204.75443641241355,210.27244018468505,203.10807209216495,208.61703491210935,2355000
2021-03-08,209.3769614655186,214.83165249389452,209.14175860930672,213.3571624755859,2316600
2021-03-09,212.8120810411952,219.98879677585376,211.54026501822028,214.94692993164065,2325800
2021-03-10,216.73657103389303,218.78964948224476,214.0475706965757,216.40953063964844,2282700
2021-03-11,215.46474394578695,218.70789571976,215.2739784659977,217.21804809570312,1638600
2021-03-12,218.3899041002807,221.5694576932817,217.2906947635681,221.1697540283203,1259600
2021-03-15,221.08803562009655,224.95801634779863,220.83367238168273,223.01394653320312,1955200
2021-03-16,223.0048407100046,223.0048407100046,219.4982461351563,219.5618438720703,1549700
2021-03-17,219.888854568518,221.82383070057443,217.71767414470747,219.7616729736328,1772400
2021-03-18,219.7889621307366,225.6484236529952,219.7889621307366,221.4968414306641,2015800
2021-03-19,221.26057302580955,224.16759045702204,219.8797345478264,220.988037109375,5060200
2021-03-22,220.98811063865807,221.08804004587512,217.1181436952432,220.20684814453125,1433500
2021-03-23,220.38852063749,221.77843885291875,215.6646007332361,216.60939025878903,1559300
2021-03-24,217.10899772616168,221.67846912009492,216.72745297780128,218.51707458496097,1804500
2021-03-25,218.2809332000097,219.6163470500612,214.0839261637084,219.289306640625,1733900
2021-03-26,220.91540778541065,221.6603385275475,218.3536028843117,221.46047973632812,1649100
2021-03-29,219.98880233655024,226.05720160207264,219.86162073103796,224.88531494140625,1802700
2021-03-30,224.09496881341545,225.766516379562,221.37873000921968,223.29554748535156,1765700
2021-03-31,222.1963110697456,223.7588358336273,219.2620408780949,219.6072540283203,2151600
2021-04-01,220.1613900821467,221.25152001639765,216.3640872793718,219.68899536132812,1298600
2021-04-05,221.13342241793623,222.7595448346376,219.4164639242027,221.0607452392578,1149800
2021-04-06,220.50661144396128,221.83294580241304,216.8546764913411,217.23622131347656,1391100
2021-04-07,218.2445826726617,219.8343596079941,217.2543682180067,218.22640991210935,1358800
2021-04-08,217.6449996754449,218.9077361910003,216.09155444696097,216.436767578125,1692800
2021-04-09,217.8176322563144,223.6134958295806,216.52764337757,223.56808471679688,1654600
2021-04-12,223.15016307248095,225.7483132278837,223.0865792064444,223.31369018554688,2127200
2021-04-13,223.5407981055095,224.98522058601364,222.750442483056,222.8049468994141,1423500
2021-04-14,223.1229373862406,227.40171484031575,223.1229373862406,226.6022796630859,1169100
2021-04-15,226.6930863197429,232.461710670488,226.60225024614888,231.07179260253903,1670000
2021-04-16,231.44428326918555,232.02568687850325,227.47437353732735,229.4457092285156,1542900
2021-04-19,230.29058570989565,231.2535342646081,228.2647591922407,229.37306213378903,1321600
2021-04-20,229.0368846357246,231.19898567623832,228.1738656540778,230.1724395751953,1049000
2021-04-21,231.65319148730853,233.233874981229,229.40025452589947,229.8363037109375,1447500
2021-04-22,228.9278728852326,229.80906461599312,225.30317657431817,229.41842651367188,1256600
2021-04-23,229.83629991943383,230.2905218560335,226.24794939264712,228.7461700439453,879200
2021-04-26,229.2004301567189,230.19063081661557,225.97545109735032,226.5477752685547,1133300
2021-04-27,225.96634452716464,227.9921705773978,224.8035374242883,227.5106964111328,1106600
2021-04-28,228.09210394903687,229.25491107223607,224.09494233400451,224.51283264160156,1213600
2021-04-29,226.30246395127384,228.4009671745502,225.43035169473816,227.3290100097656,1284600
2021-04-30,226.4387504082671,226.88389296628085,223.62258227608936,226.21163940429688,1428300
2021-05-03,227.56523657418788,231.02640621797417,227.1110145450977,228.97332763671875,1282600
2021-05-04,229.20948171928913,235.75028898937336,228.33738332444727,235.74119567871097,1873300
2021-05-05,235.13256951281377,236.17730238577815,232.74338486523916,234.7601318359375,1546700
2021-05-06,234.76007911181415,236.0228016857992,231.5441800216504,233.4064788818359,1709100
2021-05-07,233.4065080560923,239.5294394100979,232.5798206970994,237.26739501953125,1761000
2021-05-10,238.82993926388485,247.83262327938309,238.16679283914956,242.47280883789065,2517300
2021-05-11,241.35540677147168,241.74603105644968,234.31496543586255,236.97669982910156,1381400
2021-05-12,237.19475515771848,238.15770366595692,234.86004721527615,235.03265380859375,1750400
2021-05-13,236.54063058479431,241.43712886133952,235.87745654761127,239.8291931152344,1470500
2021-05-14,240.2016558227089,240.73763439888927,239.1387642573968,239.39312744140625,1103800
2021-05-17,239.89277814071065,241.36445276659632,238.55736454990577,240.48326110839844,813000
2021-05-18,240.1199155867911,240.73765082961725,237.74886242088573,239.07521057128903,710900
2021-05-19,236.4951877201586,238.5755320087399,234.68739323502675,238.39385986328125,869800
2021-05-20,238.6845339648376,239.2296058325268,235.732091381987,236.79498291015625,917100
2021-05-21,237.69436804427875,241.1827896919718,236.6224107734612,238.2303466796875,1020900
2021-05-24,239.27509328567527,239.88373527820264,237.35826191073963,237.5853729248047,954600
2021-05-25,237.7216130397406,238.1758350278432,235.3142420474987,235.83206176757812,1444700
2021-05-26,236.08644035132212,237.1674909713099,232.13470325269992,235.6413116455078,1245300
2021-05-27,236.43162192486096,236.63148069487767,234.3058664929606,235.74119567871097,2578800
2021-05-28,237.14022082325695,237.59444280659417,234.40579561204407,235.15072631835935,1054900
2021-06-01,236.25902393027752,236.7677503226745,231.7168041956554,234.08782958984375,1297900
2021-06-02,235.8956607730418,235.8956607730418,231.24441816376785,232.0256805419922,1259600
2021-06-03,231.82584177667593,235.42327248994505,230.9173977171172,233.44287109375,1716300
2021-06-04,234.0151356226492,234.7691318014989,229.62735027027733,229.7817840576172,1487500
2021-06-07,231.68802119111217,231.68802119111217,223.6893401475815,225.82354736328125,2593000
2021-06-08,225.57729921696057,226.03332415842937,222.7772993962894,224.2913055419922,1661900
2021-06-09,224.58315474421636,225.01181927688535,220.5974875308966,220.7251739501953,1933200
2021-06-10,221.45478856267405,222.74989748497975,217.724508576937,218.5727081298828,1679000
2021-06-11,220.3877175651421,222.47630552593125,219.22941039905777,220.57925415039065,1988200
2021-06-14,219.47566043186723,220.26913929407436,217.54211933463816,218.51800537109375,1471500
2021-06-15,219.0652475566478,219.1199683189299,215.1525460521682,218.05287170410156,2252100
2021-06-16,218.3538569551951,219.23854641909364,215.33497419183627,216.14669799804688,2040700
2021-06-17,216.46590421784808,216.61183553128487,212.84506526425673,215.87307739257812,2592100
2021-06-18,211.5864211607667,213.77533493869137,210.82028881339608,211.56817626953125,4244700
2021-06-21,212.4620141488163,216.03724796441855,212.03334959714783,215.6815490722656,2559500
2021-06-22,216.37473060494747,216.37473060494747,213.99427972875728,215.25289916992188,1816900
2021-06-23,214.55057203983813,215.17075914307304,212.23395805593435,212.4437255859375,1443900
2021-06-24,213.5017318897985,215.0248533682916,212.60792699276143,214.12193298339844,1743900
2021-06-25,215.21638856841676,217.3688266145736,213.65677731494208,216.24700927734375,3411100
2021-06-28,216.18315621841924,219.80399492450096,215.79098149673877,218.9284210205078,1864200
2021-06-29,219.1655778493247,221.17208470036456,215.66330982749776,215.87307739257812,1729500
2021-06-30,215.69062927773624,217.0587037688418,215.66326890125603,216.21961975097656,1203400
2021-07-01,217.368806300463,218.1075643295198,216.01897664346075,217.34144592285156,2525900
2021-07-02,217.52386407824747,217.78835238078983,215.80920610510137,217.09519958496097,1475300
2021-07-06,216.3382079439937,217.0860954537104,212.79946421337857,214.55059814453125,2751300
2021-07-07,213.99423235008015,215.59031937569176,212.59879737817317,215.1798858642578,2032600
2021-07-08,213.56558631200645,213.56558631200645,210.22748067578345,211.0574493408203,1397800
2021-07-09,213.32844396878983,214.4685062258201,212.2522318782056,214.2404937744141,2193800
2021-07-12,212.70823395849175,215.17988087314367,211.5955322016755,214.53233337402344,2391000
2021-07-13,214.65089984408056,216.31082304111564,213.483477355659,214.84242248535156,2542100
2021-07-14,215.56300206647325,215.99166663805485,213.5108897663909,215.26202392578125,1297000
2021-07-15,213.74797314164655,215.1890133706468,212.6170264777191,214.2496032714844,1646700
2021-07-16,215.17075257930512,215.17075257930512,212.5440451239114,213.2645721435547,1387000
2021-07-19,210.83857485653596,211.9512768539132,205.37539091586493,207.60992431640625,1707300
2021-07-20,208.66785410671895,212.68999680429872,208.15710847847544,211.61378479003903,2562800
2021-07-21,213.06392642536423,214.45936132323376,212.13363185452667,213.02745056152344,1482400
2021-07-22,213.47437654436183,213.8574357949838,210.9115188020353,211.814453125,915700
2021-07-23,213.41963883689343,213.5290803521599,211.6867499002268,212.3981475830078,1105400
2021-07-26,211.9877176837266,212.88153646289967,207.99294922383032,208.34864807128903,1675500
2021-07-27,207.03528108224864,208.8593804750438,204.90108813270407,208.74993896484375,3122600
2021-07-28,209.1512707241814,209.1512707241814,205.34801074035252,207.26332092285156,1912500
2021-07-29,208.50367293570312,209.7258161377706,207.6098681672868,208.8137664794922,1202800
2021-07-30,208.16624272892153,210.67437957490353,207.43660013582635,209.30630493164065,1782600
2021-08-02,209.7714308638823,210.5375492713594,208.40335631477004,209.17860412597656,1389100
2021-08-03,210.51935793109277,213.7662532455822,208.7682099317863,213.38319396972656,1447400
2021-08-04,212.3069289952988,212.95449040855456,210.50107447797757,211.1212615966797,1754700
2021-08-05,197.37669648875524,199.0275043660368,182.0998626537143,188.07379150390625,7961700
2021-08-06,188.9310831548002,192.56105085342705,187.3076358591424,190.8919982910156,3906100
2021-08-09,190.80990485748217,194.3851376554092,190.3629955389515,192.5792694091797,2352700
2021-08-10,192.79816990689895,193.272439609173,190.9284653900172,192.39686584472656,2370300
2021-08-11,193.9382688800327,194.39429377994972,192.26010058836425,192.71612548828125,1314900
2021-08-12,191.5030886487855,192.94412893529608,190.8464117102041,191.23858642578125,1920800
2021-08-13,192.7799907105637,193.3089813439828,190.64579719822908,192.0868377685547,1161300
2021-08-16,190.7096245441009,192.8985385639316,189.97998189856537,192.3513031005859,1359800
2021-08-17,191.93177520663804,193.3636862534085,190.70963173145273,191.9864959716797,1539000
2021-08-18,191.01059475816237,191.51222496257012,187.3441643552761,187.5174560546875,3367700
2021-08-19,186.97017483147835,188.60273755174873,186.50503452852124,188.04638671875,2649900
2021-08-20,188.51159140387725,190.53634324523412,187.59954152639312,189.2777099609375,1817900
2021-08-23,189.92524790455496,190.70961125842769,188.97670835640545,189.46922302246097,1201500
2021-08-24,191.7037902561865,194.72267350634505,191.0744735343292,193.2542724609375,1690600
2021-08-25,192.76172664681496,194.71351262012465,190.86466143364308,192.79820251464844,1740000
2021-08-26,191.75849572891212,192.99888417709963,189.35068449616907,189.5148468017578,2072200
2021-08-27,190.2991597735888,192.97147256721055,189.79754358404023,192.1506195068359,1533100
2021-08-30,192.11417293503143,192.35130087746012,189.0223246114477,189.2229766845703,1545900
2021-08-31,188.79428340067193,195.6529008779147,188.51155022709384,193.03530883789065,2792000
2021-09-01,194.13892131746604,194.13892131746604,190.1988594946597,192.4881134033203,1598000
2021-09-02,192.91677164039692,200.26789057489967,192.91677164039692,199.0183868408203,2520100
2021-09-03,198.9271534644122,199.04572437451256,194.5675571686531,197.84181213378903,1642700
2021-09-07,197.97932079275353,200.07758200458497,196.65071236882503,198.20838928222656,1841200
2021-09-08,197.9426347557757,198.84057919615256,194.84562473044673,195.4961853027344,1738500
2021-09-09,195.16636195445727,197.27379495021185,194.598276548584,196.0368194580078,1544900
2021-09-10,191.49207379224205,192.4083476271576,186.1868404585927,187.55209350585935,4442500
2021-09-13,187.77199078484648,194.1309334533129,187.0756277016744,191.5928649902344,2524800
2021-09-14,192.32586279484823,193.14134590813237,186.3242806595019,186.59915161132812,2297000
2021-09-15,186.1593319619732,191.14386328791028,186.15017425791925,189.28382873535156,2666200
2021-09-16,189.92524376494063,191.7303043798708,186.46172970754455,188.31260681152344,2524900
2021-09-17,187.9460988874222,190.0993481562956,186.9198765879916,188.40423583984375,3717200
2021-09-20,186.0585610213941,187.1397714071897,184.01527430250184,185.57293701171875,2177500
2021-09-21,186.84652343856348,188.06516908651807,185.05979259427912,185.4446258544922,1939300
2021-09-22,187.3413529908282,187.99189957910255,184.65666340503336,185.07815551757812,2235000
2021-09-23,185.4079983910303,187.46044263735496,184.73910848890043,185.5087890625,2370300
2021-09-24,185.36217417828885,188.2117859733172,185.36217417828885,186.8190460205078,1713000
2021-09-27,186.09519415902656,190.85064292026263,186.09519415902656,189.31130981445312,2053100
2021-09-28,189.16473352124865,190.60329017662465,186.00359153524525,186.26014709472656,1994000
2021-09-29,186.6358466040771,188.66997592963003,186.17770962050628,186.85574340820312,1457500
2021-09-30,188.78906333200777,190.1726458332877,183.34640825070463,183.40138244628903,1634000
2021-10-01,184.1710563675919,186.70913901934253,182.21023075456924,185.63710021972656,1786200
2021-10-04,185.54544663421095,187.62539209887927,182.0636033579158,182.7508087158203,1751800
2021-10-05,183.3097634064823,186.91072728463433,183.01656301399157,184.53756713867188,1528100
2021-10-06,182.714162703198,186.36092853021145,180.7716527305037,186.2326507568359,1914500
2021-10-07,187.63453594449615,190.00768158301048,187.4696133817706,187.5704040527344,1731500
2021-10-08,190.12683022927004,191.50124105020453,187.20391431308593,188.0010681152344,1478900
2021-10-11,187.6987277614569,190.13600588831792,186.5167265143547,186.85574340820312,1048300
2021-10-12,187.103090985432,187.9460611307951,184.87655255494477,185.17892456054688,1368600
2021-10-13,184.57419501133617,185.08730609817613,180.7350055834913,182.7691345214844,1962400
2021-10-14,187.73531885589975,189.8702382662709,185.89361374211413,186.0402069091797,2531600
2021-10-15,187.04817963462224,190.63997214889932,186.9290595369128,188.92654418945312,1439900
2021-10-18,188.2576064724753,188.6332680755533,186.21430599075128,187.4421234130859,1392200
2021-10-19,188.66991744976207,189.78777246168457,187.442114069856,189.3296356201172,1145300
2021-10-20,190.96978849968744,197.91514575533031,189.97105338817636,196.77896118164065,2807500
2021-10-21,195.52367070561297,198.1900308884229,195.45953880818467,198.1258850097656,1491600
2021-10-22,197.9792886749455,200.77391260816523,196.7331557351207,198.2816467285156,1412500
2021-10-25,198.69398242562684,199.8484823995772,197.38370359960555,197.56695556640625,1710100
2021-10-26,197.69525426535367,198.25418191105143,195.61532255112107,197.61279296875,1441800
2021-10-27,197.61276707822935,198.37327600347277,195.4137155695275,195.53282165527344,1354400
2021-10-28,195.51448622398587,198.0525543018809,195.13881065217544,197.68605041503903,1370100
2021-10-29,196.97139854812713,197.97930541601843,195.44122283504123,195.7252655029297,1499200
2021-11-01,195.91768088837244,199.31704903492968,195.88102210496436,198.0342712402344,1636600
2021-11-02,198.76726927580177,199.1796036719314,195.66110164441233,196.733154296875,1704700
2021-11-03,194.726530657791,200.0592374174993,191.69366632449095,199.97677612304688,2927700
2021-11-04,206.37231253489807,207.7742101162532,193.0038831904845,195.3128967285156,3722300
2021-11-05,196.6873310662887,204.1641283942053,195.7985443897942,196.19253540039065,2521800
2021-11-08,196.99887370610492,201.24122601851343,195.8443737120465,199.8943023681641,1976500
2021-11-09,199.2895473835164,200.59065447489357,197.98844029213925,198.098388671875,1971000
2021-11-10,198.4557471802507,202.40488518430425,198.35495649884015,199.60108947753903,2420700
2021-11-11,199.2437403817191,201.29619878225816,198.8130905656184,199.47280883789065,1134100
2021-11-12,200.1508504646384,201.424470483289,199.17960247676177,199.5002899169922,1459200
2021-11-15,199.72938058536155,200.13254333791048,197.12716606774777,197.48451232910156,1551100
2021-11-16,198.05255452210145,203.2020222196852,197.4936270062486,199.5277557373047,1701400
2021-11-17,200.66397217552935,202.23996430837437,198.74896319382415,198.81309509277344,1452600
2021-11-18,198.9963644901812,201.8093321533203,198.4832533287406,200.43492126464844,1918900
2021-11-19,200.1141801672333,200.1141801672333,191.4004218919818,192.88478088378903,2981400
2021-11-22,193.39793049869547,196.9530635711547,193.17801973887373,193.83773803710935,2005700
2021-11-23,193.8193658435625,196.1833535599903,193.5353232464537,195.38619995117188,2441900
2021-11-24,194.58908347823672,196.7973069305671,191.66616750310544,192.9489593505859,1738700
2021-11-26,190.59408948530083,190.90563317259935,183.87780150967885,185.11477661132812,1899300
2021-11-29,186.1227184041496,187.74451311123948,182.2560414978047,182.89743041992188,3474800
2021-11-30,181.42223861629893,182.08195696612935,175.6863688326832,175.8329620361328,3545600
2021-12-01,179.0949178941604,184.610877175312,176.2544629698276,178.4168701171875,2785600
2021-12-02,178.38937185666117,182.3751550229362,177.4181237377238,181.2298126220703,2226600
2021-12-03,182.14606043692456,184.8124205194832,181.4955138759605,183.12648010253903,2363900
2021-12-06,186.67189293984316,192.05904122309144,185.6681214370096,190.24490356445312,1844600
2021-12-07,190.57642872192096,192.851007212,190.27253613259265,191.51573181152344,2028200
2021-12-08,191.41443303120624,192.46423740041976,190.10678296089017,191.82882690429688,1462600
2021-12-09,191.8011790785627,194.64669926499155,191.29469149241797,194.58224487304688,1518700
2021-12-10,195.94514268644843,198.41311213918297,195.19923100252672,197.9342498779297,2176600
2021-12-13,197.94345104488667,199.47211751750913,196.04643763860005,198.12762451171875,1857700
2021-12-14,196.4976765160612,200.61401747488023,196.0188142563424,199.4813232421875,2605500
2021-12-15,199.8680850155664,201.5532995974968,196.74629775435997,200.25486755371097,2513700
2021-12-16,199.40770401295325,202.94390018741785,199.38007868789435,201.3691864013672,2063700
2021-12-17,201.3507166776172,203.59766958860092,198.97485498154848,202.2439727783203,4037000
2021-12-20,199.619469518196,202.1703009366676,196.1753679459039,199.83126831054688,1843700
2021-12-21,198.91038392301212,204.1133582522361,198.91038392301212,202.81492614746097,1570600
2021-12-22,202.5939076438688,205.48547467272445,202.5294392012453,204.73956298828125,1539800
2021-12-23,205.77094569882848,208.9940305938026,204.6843123932597,208.0178985595703,1286100
2021-12-27,209.58340458434057,210.57795823059885,208.0363305022959,209.83204650878903,932300
2021-12-28,209.7583451590608,212.6959588070927,209.7583451590608,212.2999725341797,864800
2021-12-29,212.3552750177866,213.92997448053583,212.25397749287308,213.3221893310547,821400
2021-12-30,213.15642870733168,214.46407867003563,212.3460485411067,212.4933929443359,768200
2021-12-31,212.8249061865561,213.90233576505383,211.43438029667303,211.4620056152344,923800
2022-01-03,211.33311170634923,215.85462943208165,210.5595605261388,215.6704559326172,1434400
2022-01-04,215.58757132232392,218.20287144386455,214.45489099706808,214.84165954589844,1614000
2022-01-05,216.2413891089398,220.64320132141896,214.92452132696525,217.806884765625,1559300
2022-01-06,214.39962037292696,216.5452617304247,208.19287450235635,209.537353515625,2258300
2022-01-07,209.1690072292265,215.56913035072117,207.38249500865055,214.7311248779297,2049800
2022-01-10,215.56912208335808,217.32800891773013,211.9224396330896,215.2007751464844,1675100
2022-01-11,217.07938181638733,222.10740075178643,214.197032412453,221.14047241210935,1926500
2022-01-12,221.09444460492455,221.7851057569216,217.4017147041337,219.8880920410156,1352600
2022-01-13,219.10533202416255,223.0467178340666,218.60806218895448,221.51805114746097,1139000
2022-01-14,220.6616066897504,223.17562314413365,219.9893671713553,223.0098571777344,1327700
2022-01-18,222.2363445076515,222.62311306961277,218.14762820757892,220.99314880371097,1445700
2022-01-19,221.7574761928043,224.85163865662204,219.62103837696225,219.9065093994141,1452300
2022-01-20,219.53813782926832,225.32127236313733,218.93036673546217,221.3706970214844,1429100
2022-01-21,221.5732554054755,223.0190317739373,217.02409942743304,217.55821228027344,1782000
2022-01-24,215.36654738761905,218.0923627530759,210.2740739236411,217.7147979736328,1980300
2022-01-25,215.40340649631895,217.43854685072313,209.97019692636317,216.1677398681641,1557800
2022-01-26,216.73864689323943,220.05382555426917,212.4933830766457,215.50466918945312,1761800
2022-01-27,212.7604483377716,214.2338643082506,206.65501375556468,209.43606567382812,2338800
2022-01-28,209.64789931376637,215.90989673182884,208.13765411748696,214.97979736328125,2682700
2022-01-31,212.4749614790489,214.53774087351871,209.6386450809784,212.2263336181641,2622200
2022-02-01,211.3054476271154,211.71984143778815,205.80778466466217,208.03631591796875,2318800
2022-02-02,208.03632847133807,212.3644684079884,207.4930117967481,211.82115173339844,2044200
2022-02-03,207.19831418293097,207.19831418293097,200.07990492343163,200.34695434570312,3029400
2022-02-04,196.46082317606425,205.39336943072317,196.295071278358,203.85549926757812,2036700
2022-02-07,200.89951844494365,208.6717608252602,200.76137778418604,206.719482421875,1473200
2022-02-08,208.64408301129225,214.02202643416052,206.79310260419695,213.4326629638672,1613900
2022-02-09,214.31673061058004,215.39416019418337,212.20791832503892,213.9944305419922,1112600
2022-02-10,211.85800029963457,216.8675980180207,211.15813540280055,212.0513916015625,1358000
2022-02-11,211.80273772858,214.97057222807064,208.837498276257,209.5005340576172,1215500
2022-02-14,210.61483277180017,211.02922667333337,205.8538626281872,207.41937255859375,1472000
2022-02-15,208.97563201604652,211.5633208339135,208.26656337826893,210.3385467529297,1683400
2022-02-16,209.78601520647615,211.72907576076565,209.09535407179797,210.88186645507812,1241900
2022-02-17,209.49131210474567,211.6830002540843,208.2296950475995,209.1413726806641,1222800
2022-02-18,209.0309024015019,212.53945876322396,207.2443899948996,210.55955505371097,1339800
2022-02-22,209.36240065822787,211.19494572781315,207.5666706119704,209.7123260498047,1598300
2022-02-23,210.4951010693115,211.0476215544357,207.06942066570113,207.28121948242188,1596100
2022-02-24,203.4595338633044,207.087808740152,201.23100261516956,206.67340087890625,3009900
2022-02-25,207.66795240727748,215.5967415542389,207.3364345524677,214.4180145263672,1863600
2022-02-28,210.60557353978908,220.21037385634463,210.06225688571868,218.96717834472656,3367700
2022-03-01,218.33177035208757,220.4129713338392,215.11790322082044,218.3409881591797,1546300
2022-03-02,220.09066002337383,222.807257410008,219.05005951924065,221.4811859130859,1462200
2022-03-03,222.12581732453688,222.8441037203786,217.43852013688317,218.99481201171875,1285600
2022-03-04,215.7809325755175,222.79804422289183,214.08650015032583,222.5125732421875,1345600
2022-03-07,222.0521520672295,222.7980638053492,218.1199842787495,219.0316619873047,1733900
2022-03-08,217.50501253382947,219.02240272024488,211.8795622013097,211.9720916748047,1816100
2022-03-09,215.7008014711536,216.21893264123307,212.9065779547788,213.97059631347656,1298100
2022-03-10,211.8980534614491,212.84178624686993,208.63196379198772,212.30516052246097,2156200
2022-03-11,213.7300372080115,214.65527546432327,209.51095301811247,209.89955139160156,1757100
2022-03-14,212.4069572354331,212.4069572354331,207.45692682473648,209.2888946533203,1984000
2022-03-15,211.14863508849763,216.73706811417853,210.89881679867273,215.654541015625,1683900
2022-03-16,216.96834983424137,220.391728223375,215.85806685911885,219.7440643310547,1536100
2022-03-17,217.32919215160135,224.72185017718067,217.32919215160135,224.2684783935547,2136500
2022-03-18,223.63934651417432,225.48982303812656,221.27998612253216,223.1304626464844,3473700
2022-03-21,222.50129299329913,227.59936484558864,222.2144713913476,225.3047637939453,1519700
2022-03-22,226.4428018788726,228.3302815926822,225.2399893967124,225.32325744628903,1561600
2022-03-23,224.3240151149748,225.38804759332945,220.6508180638336,220.66932678222656,1530300
2022-03-24,221.10421302529636,224.75890174033225,220.66934986467516,224.00021362304688,1120700
2022-03-25,224.64785263923287,225.7211324105307,223.3062599841182,225.3695373535156,1327300
2022-03-28,225.7581200791408,225.7581200791408,223.32473910314607,225.44354248046875,1470800
2022-03-29,227.0812207833571,227.19225897549623,222.1867165695315,225.14747619628903,1238100
2022-03-30,225.64709753132735,227.6733714553717,224.9624161784221,227.45130920410156,943400
2022-03-31,224.9069126551382,226.590838907439,221.59455806793585,221.6963348388672,1784200
2022-04-01,224.0927022917007,229.31104547945867,222.77886566520303,227.8399200439453,1584700
2022-04-04,226.63708628864697,227.78438669874657,223.31548465589265,224.148193359375,1405100
2022-04-05,222.7696252986145,230.3565763938288,222.7696252986145,226.7666473388672,1433100
2022-04-06,225.4712916843232,231.6056252631517,224.86987840360655,230.94869995117188,1372900
2022-04-07,230.82842588870415,237.01828592297383,230.06973789389167,236.0560302734375,1648000
2022-04-08,237.12929188428777,239.91423949784505,235.74142054996716,238.6189117431641,1493000
2022-04-11,238.65595309666273,240.05307186998044,234.51088974819012,235.1215362548828,1172700
2022-04-12,235.35284232057256,238.20259186024097,234.46462153237775,235.7692108154297,1102500
2022-04-13,236.7684888023857,239.9790670156101,235.75073508525307,239.62747192382812,1500600
2022-04-14,240.5619091494224,245.39165322409417,239.5163855649703,239.8309631347656,1381000
2022-04-18,238.80399433934463,241.97755471191877,238.52640592694917,239.5996856689453,1157000
2022-04-19,240.6822143736692,242.6992268469584,239.3221131078033,241.51492309570312,1501700
2022-04-20,242.84722021040176,249.6662197869219,241.91272079017605,248.76873779296875,1463000
2022-04-21,249.0186732882213,249.78660872637084,244.58677350381436,244.8273162841797,1132000
2022-04-22,243.33765039533105,243.33765039533105,235.6674318096252,235.9912567138672,1262100
2022-04-25,236.09302281426335,236.09302281426335,228.3302751106699,235.3435821533203,1402200
2022-04-26,233.3450452162109,237.24030381611288,233.3080419042603,233.71514892578125,889100
2022-04-27,233.7799502263846,236.1670666391716,230.0512411558029,232.02200317382812,1208100
2022-04-28,233.99274449559005,235.6951935814015,231.0874969960624,235.23257446289065,917600
2022-04-29,233.70590804577648,234.7144142717021,227.66410387150535,228.3302764892578,1423800
2022-05-02,228.7281405873536,230.82842112677304,223.5468010438556,227.7103729248047,1497500
2022-05-03,228.2932695866188,231.91094007688105,227.90467125203875,228.80213928222656,1115900
2022-05-04,229.58862109937007,237.51790564025103,227.51608231604,236.5556640625,1130700
2022-05-05,234.9179808015996,236.6851892081084,231.1152511139779,233.2340545654297,1628500
2022-05-06,236.67593966124772,247.510485436774,235.97274957803796,246.94607543945312,2208100
2022-05-09,246.85356636944277,248.39872674943865,240.3028916498932,241.86654663085935,2228400
2022-05-10,242.43091722754448,244.6700062268117,239.2943742281927,241.1633453369141,1612900
2022-05-11,240.663743492311,247.52902475349825,240.27515918162263,240.74703979492188,1410700
2022-05-12,240.0345273640652,241.23735390512255,235.2603092221291,240.5896759033203,1675400
2022-05-13,241.53339882444064,242.39389173147651,238.7391898798184,239.81246948242188,1520100
2022-05-16,245.61368683841695,249.29614447224415,242.69919260449035,246.56668090820312,1542700
2022-05-17,248.49120890434065,251.3964419212045,247.51045875507833,251.06336975097656,1436300
2022-05-18,249.41650441457776,249.81435012145656,236.79623998847936,238.3136444091797,2537200
2022-05-19,236.36139517038083,239.77551282372104,234.20558812010356,237.67523193359375,1692000
2022-05-20,237.56417509613328,242.29212886083903,235.3991069253226,240.09005737304688,1623700
2022-05-23,242.6622249565362,245.89132564014236,241.82025476316213,243.67999267578125,1092300
2022-05-24,244.48493514860627,246.71476261914205,241.86652344272443,245.1511077880859,1383100
2022-05-25,245.51194469507536,246.6129803342739,243.7447364694375,245.8820343017578,1097500
2022-05-26,249.15741197740655,250.739561451696,247.69551975528995,248.7780609130859,1695800
2022-05-27,248.0656017831561,252.5622741457061,246.38168970812208,252.03488159179688,1248100
2022-05-31,250.01789614688292,253.12668330137592,247.34394388956696,248.2321929931641,3557100
2022-06-01,251.0078835299379,251.27618228264225,242.55119268222825,244.7995147705078,2622900
2022-06-02,245.38242709736488,245.38242709736488,238.33211618687923,243.73550415039065,1656300
2022-06-03,243.1710900803698,243.6244477247698,234.72366150597745,234.98272705078125,2331300
2022-06-06,237.0367759642894,240.3213602694492,235.49162986935696,239.00753784179688,1615000
2022-06-07,238.9888969695747,244.229976828464,237.1024859619916,243.72816467285156,1792300
2022-06-08,241.16343422104927,244.02559332358803,240.578019656381,242.33432006835935,1235600
2022-06-09,241.79536086632376,243.9698429278233,239.2398758117984,239.36065673828125,1101600
2022-06-10,235.32764771170727,237.97605091397108,234.06384366188007,235.3740997314453,1403000
2022-06-13,231.27605651042543,232.1309807483556,224.0928098749956,225.0964202880859,2242000
2022-06-14,225.022042886561,228.94355153657705,223.12634407057544,228.3302459716797,2205400
2022-06-15,229.5754667870565,232.04732096572695,226.70403451472856,229.62193298339844,1643400
2022-06-16,229.798491551387,230.9415004758233,223.1914008499945,230.737060546875,1904200
2022-06-17,232.4748116519352,234.00811128979632,224.45522987006123,227.22445678710935,3822900
2022-06-21,232.13094408865115,236.7679782357589,227.53107438971716,234.34259033203125,2324600
2022-06-22,234.94661100950785,240.6987626537577,232.54910010409847,237.79945373535156,1506200
2022-06-23,239.09118449554603,241.86968456560223,236.8888114175412,241.31211853027344,1774200
2022-06-24,242.97554121882305,246.9992564670531,237.8088168922555,246.3766632080078,3406200
2022-06-27,245.64248460885008,250.11225750596844,243.75607335513263,248.93209838867188,1637100
2022-06-28,249.47106974925495,252.20311764267737,246.0327980532843,247.38021850585935,1494900
2022-06-29,249.22016536151213,250.7906291523861,246.1071146605911,248.43028259277344,1439600
2022-06-30,245.7911546384995,247.25011083135635,242.956901249966,244.8804626464844,2029700
2022-07-01,245.10352667693553,249.92642573195505,242.2134909272972,249.0714874267578,1302800
2022-07-05,245.80972915492828,246.46952923069367,238.2362077746382,246.1071014404297,2331900
2022-07-06,246.2929689899352,253.8757922019599,244.77825902497557,251.91502380371097,3259600
2022-07-07,252.80716855906655,257.8252348833623,252.80716855906655,256.2733459472656,5021100
2022-07-08,256.11531574448486,261.5794113403671,255.25110406690737,259.4421081542969,2325200
2022-07-11,257.5836281562077,261.9697713382203,257.2212002645313,260.1112365722656,1550500
2022-07-12,259.4234980124447,262.3599569706053,258.68006734792675,259.59075927734375,2599300
2022-07-13,257.2768938695391,259.748747933246,254.11739117812587,254.3868865966797,1563400
2022-07-14,247.94708395119667,247.94708395119667,242.53874197907027,246.17218017578125,2260800
2022-07-15,249.9914835623324,254.97237113115915,248.38386925269575,254.7214508056641,1880600
2022-07-18,255.05599246377383,255.40911856897935,248.38386017368995,249.3688812255859,1597100
2022-07-19,251.08803318333355,256.8308982312462,250.97649728694807,255.1768035888672,2084800
2022-07-20,254.32186412549535,254.78649776867655,245.596059053226,247.8541717529297,1669200
2022-07-21,246.06070594173292,248.81132931691383,244.82476450330813,247.51036071777344,1705900
2022-07-22,248.11435316907804,250.17732757697812,246.92489223581043,250.15875244140625,1787200
2022-07-25,251.13445469265264,255.4741448890687,251.13445469265264,253.3461151123047,1323500
2022-07-26,254.75862323407907,256.15252417647855,253.5227102097726,255.39051818847656,1731400
2022-07-27,254.62853385278655,257.0353326801917,250.93934165471296,255.297607421875,1120100
2022-07-28,255.9295221871606,256.2454696805149,251.45044679039555,253.89442443847656,1650700
2022-07-29,253.8200497023204,258.076080884367,253.15097620219697,255.88299560546875,1836900
2022-08-01,254.60064248933327,257.3326903778181,252.88149246496243,254.07095336914065,1434600
2022-08-02,255.5020324135845,255.57636131292008,251.61767389740788,252.24029541015625,1415400
2022-08-03,252.86286727232311,254.43333100403473,252.09158802584687,252.51904296875,3548800
2022-08-04,260.780291304609,264.33937264527054,259.5071996197222,260.28778076171875,3654700
2022-08-05,258.8566599418493,262.66666100086354,258.5964662692767,261.839599609375,2039800
2022-08-08,262.05334126716025,263.7724911990429,260.87318217352447,261.839599609375,2392000
2022-08-09,264.2092224678051,268.0563734247059,263.3264073999635,264.8782958984375,1690700
2022-08-10,266.74616701206816,268.79056641482515,265.4916788447723,266.7647705078125,1400000
2022-08-11,266.60684289955174,269.1437534106361,264.26509898400803,265.7705078125,1844900
2022-08-12,265.90981486278076,270.77919448098567,265.90981486278076,270.3424377441406,4395400
2022-08-15,269.5246497054587,272.7399060750619,267.703265689352,270.2959289550781,1057100
2022-08-16,270.45398885434975,272.4612098178116,268.7720171488591,270.05438232421875,1491700
2022-08-17,268.2144098606828,272.62842928099747,267.2015119652047,270.9743347167969,1107700
2022-08-18,271.34607890738073,271.49476509342253,267.59183069704903,270.3146057128906,1845000
2022-08-19,270.7605182320529,273.1673163321261,270.17507549114737,272.25665283203125,1162600
2022-08-22,270.0356808073058,271.94996846416456,269.84984443185925,270.8813171386719,1348800
2022-08-23,270.4167780713397,270.77920592230566,265.5938786267092,266.07708740234375,1255000
2022-08-24,266.41161517276277,269.1157861211015,265.61243063608265,268.335205078125,1808400
2022-08-25,268.3816543291167,271.2902651653361,266.5231199528982,271.2066345214844,1443300
2022-08-26,271.346047723421,271.50403564011833,264.51592749420183,264.7203674316406,1724100
2022-08-29,263.791137619494,268.82777950700574,262.0998641112344,266.8763122558594,1158700
2022-08-30,267.3315933717226,268.1029010636126,263.54946889063564,264.9062194824219,1235700
2022-08-31,265.2221737717979,266.4302098739107,263.1220206759233,263.40081787109375,2452000
2022-09-01,264.6925014295245,268.0285677229389,263.45658836532454,267.6661682128906,1267800
2022-09-02,269.3667139330893,272.0708852416056,266.01207251494645,267.3502197265625,2035300
2022-09-06,267.3501791611157,270.7459451392241,264.7380733855075,266.10943603515625,1242600
2022-09-07,266.21204541651855,272.25724119569077,265.77361021681594,270.54071044921875,2674900
2022-09-08,270.3261366154678,271.8934285936022,267.64872100464015,271.20306396484375,1985300
2022-09-09,271.70684895268033,274.7667567050972,271.36168085853825,273.1901550292969,1362900
2022-09-12,273.11554703052224,276.40867968342985,272.3785487769771,274.4122619628906,3001400
2022-09-13,271.60422717236554,272.07998630051895,266.9397321956043,267.5740966796875,2276200
2022-09-14,269.3839334403234,269.87836878821474,262.7323587907045,265.0179443359375,2454300
2022-09-15,269.9249946233862,272.54643854920073,265.4750766197743,270.5033874511719,2369400
2022-09-16,270.5034042352081,271.56692283214574,268.07786097834725,270.86724853515625,4982700
2022-09-19,268.29244639237504,270.02765350741697,266.58525358111507,269.9063720703125,2042900
2022-09-20,270.1302123868066,270.90453444321844,266.51989807628024,268.74951171875,1768500
2022-09-21,271.5389273491146,274.53352526225797,265.7642800789285,265.82958984375,1802100
2022-09-22,265.652290436894,266.21200698115774,262.4897496127338,263.9170837402344,1176000
2022-09-23,261.8367775600365,262.04201648094823,255.25982246024233,259.13134765625,1892200
2022-09-26,258.413001084212,259.90564505158574,254.8120249151204,258.2264099121094,1994100
2022-09-27,260.34413954410087,263.4040472285181,257.61075221466075,258.9914245605469,2295400
2022-09-28,260.7918794361489,265.185853809506,258.41299859870793,263.590576171875,1561800
2022-09-29,262.7883725240347,262.7883725240347,259.06611390288856,261.73419189453125,1472300
2022-09-30,261.04378915807723,264.9339618087067,258.7395276292355,258.8514709472656,2327200
2022-10-03,261.9113479871967,269.2439191664927,260.5866191144707,267.94720458984375,2315000
2022-10-04,269.74777817800214,273.4047553001868,269.1413994364944,273.35809326171875,1838300
2022-10-05,272.4438633724286,275.3545040331548,271.5109642647691,274.3003234863281,1220400
2022-10-06,272.7702969600299,274.90661473853385,272.14524223006566,273.4139709472656,1673100
2022-10-07,269.94364174724603,271.3710045523575,267.1542828396028,269.0294189453125,1956100
2022-10-10,268.67492153256273,270.24218507541275,264.7474245747646,266.5572509765625,2891200
2022-10-11,265.4097615863476,274.113696601282,265.0645935166082,271.4269714355469,1815600
2022-10-12,272.39710831185823,275.1211853026762,268.8614423995259,269.01068115234375,2332900
2022-10-13,266.43597812848407,279.0487632130839,265.73630383112453,277.6680908203125,2205200
2022-10-14,279.8697448118565,280.56941917388616,273.4327463751483,275.485107421875,2500600
2022-10-17,275.20511628352506,277.21084279298555,269.8689345849301,270.46600341796875,2596100
2022-10-18,275.2052471867808,276.3527233818143,270.9139054349885,274.02978515625,2221800
2022-10-19,274.5054750826379,276.4085966282502,270.7085700898614,273.4139709472656,1548200
2022-10-20,273.152806368283,277.0523456905249,272.3318791913124,274.5614929199219,1509500
2022-10-21,273.54461646731835,282.00601631906903,272.322521186482,281.1197509765625,1881200
2022-10-24,283.1348198841575,287.5940755461763,283.0881863264685,286.35333251953125,1875200
2022-10-25,287.3328986486069,290.7006504510207,284.3942724245735,290.0569763183594,1650900
2022-10-26,292.0160117549162,296.4099861974654,291.8294490514859,293.8165283203125,1770300
2022-10-27,294.7122231639658,298.061328256003,292.94902981017367,295.3372497558594,1422600
2022-10-28,296.9884061532497,303.34144614715075,296.9884061532497,302.9682922363281,1420000
2022-10-31,300.7200044045285,302.39921125044316,299.740443352896,301.3823547363281,1835800
2022-11-01,301.51295759205897,304.42359781460135,299.1060623135447,303.3041076660156,1713600
2022-11-02,302.3805847991141,306.55064484541447,299.311338839712,299.3299865722656,2190200
2022-11-03,299.675087275336,306.4665892986105,296.0834212552806,302.48309326171875,2902600
2022-11-04,305.05792229229803,305.05792229229803,296.7364520687994,300.51470947265625,2230400
2022-11-07,302.2592630922548,305.40312803282757,299.9083679617824,302.60443115234375,1566600
2022-11-08,301.4103467014683,307.2876277214032,299.6285061229213,305.7483215332031,1349300
2022-11-09,306.65324702653845,308.8362274460504,302.80970739202235,303.182861328125,1278000
2022-11-10,306.9704309819929,306.9704309819929,294.45094126758033,301.6435852050781,2063000
2022-11-11,302.62311932973654,302.72572455390315,270.1768648801141,283.4333801269531,5494500
2022-11-14,285.86817973292693,291.55886825184353,284.36622629217874,286.260009765625,1973300
2022-11-15,287.6314363147738,287.94861856920465,281.17576248805483,284.69281005859375,2121100
2022-11-16,285.60700540834927,288.6482650697065,284.6554587366131,286.11077880859375,1375000
2022-11-17,284.95400338725653,291.8854359408321,284.95400338725653,291.15777587890625,1616400
2022-11-18,293.9750963356339,300.64531776584346,293.9750963356339,297.7906494140625,1909700
2022-11-21,298.098548701127,300.52409174846383,293.39672985996214,294.13372802734375,1930700
2022-11-22,296.316707780497,299.79640275765547,296.15810242706596,297.9212951660156,1519300
2022-11-23,297.6880818070028,300.39348326041545,297.5761384802134,298.37841796875,1542800
2022-11-25,300.45879243757975,302.3618859289208,298.48105108197905,302.1659851074219,921400
2022-11-28,301.363750549182,305.1046567956222,297.5761822631683,298.07061767578125,1989800
2022-11-29,297.20292495801993,301.28902677661927,297.20292495801993,299.1806945800781,2131500
2022-11-30,299.1806921166735,306.84912230314404,297.7160339937896,306.8211364746094,4833900
2022-12-01,306.550671344165,307.4555846731,300.9439382516009,301.7462463378906,2181500
2022-12-02,300.99049047280454,306.08411008422195,300.9251807223191,305.2445068359375,1301200
2022-12-05,303.1289904500569,307.2946331729742,302.6983623449302,306.47088623046875,1476900
2022-12-06,306.85460194477594,310.73945288150793,305.1602575242567,308.5770568847656,1300500
2022-12-07,308.44602181016023,311.62876715628903,307.64098672516945,310.9641418457031,1951700
2022-12-08,312.10621433358534,314.20307664880096,310.96416712956113,312.1904602050781,1039500
2022-12-09,311.92833993965075,314.8208956823039,310.86116847487887,310.89862060546875,1323600
2022-12-12,311.05780762120685,317.8164753300818,311.05780762120685,317.619873046875,1566500
2022-12-13,318.27510859729847,318.3780662435122,308.97961007596126,309.1481018066406,2003900
2022-12-14,311.24497544365164,314.5307071510598,309.5412891579635,313.2950439453125,1217900
2022-12-15,311.2450419588477,312.65856737815113,308.3056918392531,310.2715148925781,2013400
2022-12-16,306.99505933028524,308.5489655203248,301.0507982297069,306.3772277832031,3188400
2022-12-19,306.8546583999406,310.74885165868255,305.84367937904324,309.6442565917969,1041400
2022-12-20,309.494377133381,312.1716466363871,308.3242483537239,308.4833984375,983600
2022-12-21,310.97344988583757,312.44310998776893,306.4614262524574,311.8721008300781,1283200
2022-12-22,311.93770333379626,313.17333794035113,308.58643762517613,311.9844970703125,888500
2022-12-23,311.98448424663206,314.3528242826216,310.5616176172878,312.94866943359375,618900
2022-12-27,313.9690897997364,314.39968938558826,311.9096793609072,312.7521667480469,563600
2022-12-28,313.6039945754111,314.5307277566311,310.30889247754914,310.6459045410156,553500
2022-12-29,312.41506451736615,312.70525421624006,309.2791417348513,309.5880432128906,583500
2022-12-30,309.5693353292199,310.61776632771245,306.45209571904263,310.1684265136719,699700
2023-01-03,306.44277063199775,306.95764460109723,297.71830935800995,300.9385070800781,1560400
2023-01-04,300.5546900684095,301.6405733125315,287.4960377505648,290.47283935546875,2482800
2023-01-05,289.19038588540866,289.3682477979848,283.92011973062324,284.7532653808594,1949800
2023-01-06,285.8484715053585,285.8484715053585,280.37229040828817,283.3397216796875,3554000
2023-01-09,283.4052798510375,285.16515866172216,280.3535738892074,283.6767578125,2531400
2023-01-10,284.03246106511847,287.3275342251937,282.9465778655518,284.3788146972656,1393300
2023-01-11,284.0605462134577,291.38085200917925,283.8826843083116,289.4712219238281,1608300
2023-01-12,288.86269583136453,292.05481098300953,287.21517372260644,290.3979187011719,1278600
2023-01-13,289.69590537785973,297.15665023321526,289.69590537785973,294.1330261230469,1524900
2023-01-17,294.6665842154462,297.8680699471621,293.6556052603596,294.8725280761719,1813000
2023-01-18,294.33889095600335,296.0519756273202,288.2823027546691,288.65673828125,1106000
2023-01-19,289.72396175056906,293.70240064375133,289.4805657589997,290.8098449707031,1207600
2023-01-20,290.83787450269284,292.3824389045887,286.45691884973746,288.65673828125,1118300
2023-01-23,288.66617691255885,292.47612429035695,287.95472924601205,288.4789733886719,1482000
2023-01-24,288.82529169320424,289.32142525056486,284.4255951901176,289.24652099609375,1296700
2023-01-25,289.25590185093654,295.2469568877264,287.82366503301955,293.5526123046875,1193300
2023-01-26,294.0768726277487,295.27508381761425,291.6898204235004,293.1875915527344,1051100
2023-01-27,293.1875451691104,294.2359762234251,287.93599115593287,288.6006164550781,1217000
2023-01-30,289.99543455673574,291.9238049712502,288.9189215300084,290.52899169921875,1551200
2023-01-31,293.234366114359,296.7541237526889,291.3434476850468,296.43585205078125,1583500
2023-02-01,294.8725193630469,295.9490323710103,291.38084400815666,293.2624206542969,1253700
2023-02-02,290.19210397007856,290.34188396798316,280.3068526492811,282.2633056640625,2146000
2023-02-03,284.93110474000406,289.95797449702945,272.73368083768383,273.8944396972656,2842000
2023-02-06,275.0458528937536,275.91642202559945,268.2965281594999,270.0096130371094,2245600
2023-02-07,268.6429256803185,271.18912770767344,266.10606525965665,270.5338439941406,2078500
2023-02-08,269.5509030040415,273.903776769018,268.1935420622016,271.6571350097656,2000200
2023-02-09,271.65722122164584,274.4374494942261,269.2233466402193,272.8835144042969,1781200
2023-02-10,274.8492427500604,277.8167024196526,274.1097418017373,277.56396484375,1267600
2023-02-13,277.2363594804284,281.4113722405254,276.57173412982695,279.4830017089844,1232500
2023-02-14,279.52045347051575,282.7874448736639,279.30513942534674,280.23187255859375,1347500
2023-02-15,279.7451049824763,284.4630735836992,279.20217764164124,279.501708984375,1760200
2023-02-16,278.3034589729565,283.45202637019827,277.95710537341284,280.29736328125,1525500
2023-02-17,280.0259096222253,283.35843454628036,278.9681084933492,281.8232116699219,2116900
2023-02-21,281.13984989665653,282.0666114524218,274.89605780790555,275.19561767578125,1191900
2023-02-22,275.57948890781483,277.5078595933034,274.0629774290562,276.07562255859375,1865300
2023-02-23,276.59045705969146,280.6812241149523,274.8586601543522,275.8228454589844,2163300
2023-02-24,274.5684329648711,277.41419475044495,273.52000193008155,274.96160888671875,1473800
2023-02-27,275.270557637418,279.39877697133136,274.93357413306984,277.423583984375,1275200
2023-02-28,276.88995281550035,277.5545780388575,271.8256314542004,273.43572998046875,1753500
2023-03-01,270.4589853401405,273.34217101258116,268.5493265574242,270.2998352050781,1557000
2023-03-02,270.53383722338106,271.9005399592137,268.60546682823514,269.21392822265625,1498700
2023-03-03,270.6367602327696,270.72103465334476,266.55536432811294,268.6335144042969,2179000
2023-03-06,268.0344752460189,270.71174583809824,266.22780253152445,270.0377502441406,1316300
2023-03-07,271.1564080117867,271.41025652978425,262.9304307197159,264.8482666015625,1234600
2023-03-08,264.8106603690295,266.6438896849148,260.7117870724958,262.5920104980469,1317800
2023-03-09,264.3500524236823,264.5474678782734,254.68570378885207,255.6446075439453,1807200
2023-03-10,255.40014090943455,263.353477320979,255.39073061229195,259.13238525390625,2599900
2023-03-13,256.62234395551883,260.617819491049,256.33091156459284,256.6975402832031,1404300
2023-03-14,257.5530336585858,258.31452195972,252.3824184983262,255.8326416015625,1731200
2023-03-15,252.82425664584,254.47886257601613,251.1696794055989,254.16860961914065,1585000
2023-03-16,253.2848725416204,258.464867798071,252.78661455568417,257.99481201171875,1473000
2023-03-17,258.3896922552539,258.3896922552539,251.16964168239588,253.31309509277344,3738100
2023-03-20,254.1310123721504,258.0606725586804,254.1310123721504,256.5564880371094,1626400
2023-03-21,258.2768843175396,260.95617957208543,257.71281158871335,260.0536804199219,1704900
2023-03-22,260.91857227615685,262.73298071445157,254.0651509211808,254.2437744140625,1183900
2023-03-23,251.8841256636902,252.89946238527304,239.9729119206018,241.21385192871097,3386100
2023-03-24,239.7190948182701,245.4161552529108,236.6637317005958,244.62646484375,2216500
2023-03-27,247.80404744571865,249.87230472750667,244.28803875661205,246.1024475097656,1666800
2023-03-28,245.75462416343055,246.76055065488725,239.97292810213727,241.138671875,2127500
2023-03-29,241.40191212063544,241.94716435295416,236.9081787662383,238.8166046142578,3023100
2023-03-30,240.9882526245418,241.58052764218587,235.60141608848457,238.8730010986328,2834000
2023-03-31,240.42419064891348,240.66861454637393,238.2337284904352,240.2267608642578,1876900
2023-04-03,244.18461864337831,248.5185487629963,242.71804659728684,246.3092803955078,2168700
2023-04-04,245.38798274063308,246.1400894284101,240.77203015230072,241.17630004882812,1417400
2023-04-05,243.2069584430184,250.9910837773966,241.74976779341995,249.9569549560547,2695800
2023-04-06,251.6961579423892,253.13452793679835,248.70658043112127,249.40228271484375,1709000
2023-04-10,248.50914372952985,249.11082903807565,245.5759995752056,247.34341430664065,1199000
2023-04-11,249.30824387099565,251.79012403786683,247.88866591017413,250.52099609375,1496100
2023-04-12,248.69717861927677,248.81939774121616,243.0940917468546,245.15293884277344,2293400
2023-04-13,246.15882792401783,250.03208328333588,245.1059074795349,248.01084899902344,2994400
2023-04-14,248.33054604654873,249.0262483432155,243.21633515128605,243.58299255371097,2823900
2023-04-17,244.4290315627507,244.974283701898,240.98821944488336,243.17869567871097,2468200
2023-04-18,244.42903608451803,244.69226620655024,241.65569516066336,244.1376037597656,1367500
2023-04-19,240.98825192534025,241.195077665982,236.1560779161936,240.76263427734375,1960200
2023-04-20,241.10104582310217,242.21978107505015,240.17974034589585,240.46177673339844,1822500
2023-04-21,241.1386750817167,241.33609052521,235.7988469791368,237.02098083496097,1449500
2023-04-24,238.3277338479645,241.23269017062637,237.02097903843753,240.76263427734375,1208700
2023-04-25,240.77204128953508,243.1129393942227,237.44406587071776,238.5157928466797,1606800
2023-04-26,237.04919729970263,238.76960370703569,232.23582921687031,233.30755615234375,1339100
2023-04-27,234.5014816424943,236.06207061974968,232.95028861872825,235.3381805419922,1138700
2023-04-28,234.67071711017024,238.6191983848084,234.29467810542775,238.1209259033203,1111900
2023-05-01,238.12089523963067,241.39248006349533,236.9081574122817,239.6344757080078,1133500
2023-05-02,237.83888469061856,239.2114398579926,232.8092809231981,235.42279052734375,1370700
2023-05-03,235.30998542311136,235.9492545588485,230.4778113651555,231.2675018310547,1540200
2023-05-04,229.00185404378823,229.86675526950657,226.62337208682052,229.0958709716797,1564000
2023-05-05,237.0773711611411,248.3775326114511,236.90815793391516,245.12472534179688,3767900
2023-05-08,243.5453617516419,250.2483635073753,242.08819993080223,248.83819580078125,2357900
2023-05-09,249.2048220485954,253.22849938446288,246.9015653643114,247.0519866943359,2177700
2023-05-10,249.51512734102675,252.55169940480096,246.7888083011058,247.67251586914065,2772500
2023-05-11,246.9109861644988,247.23062074566977,243.20694323866985,244.4290771484375,1964300
2023-05-12,245.44436759377848,245.44436759377848,239.98233486569004,241.20448303222656,1161300
2023-05-15,241.07286097838852,243.37614635471255,238.3747447140825,242.54884338378903,1979500
2023-05-16,243.36674229043672,244.48547765160365,239.99174429891,240.1797637939453,1601300
2023-05-17,240.39600309237977,247.71946795857207,239.13624233417175,247.45623779296875,1639100
2023-05-18,245.29400516628465,245.29400516628465,238.4123792962881,241.12928771972656,1718800
2023-05-19,241.853165950435,243.41375494962003,239.1738416367133,239.85072326660156,1079500
2023-05-22,241.19507137091975,242.2009978418748,236.74834675311425,240.2173614501953,1025500
2023-05-23,239.2208386196185,239.65328198493435,236.6825254568136,236.83294677734375,963900
2023-05-24,237.26545594197168,237.89532922020112,234.7083503182813,234.80235290527344,1013300
2023-05-25,233.016104228818,233.93740974818263,228.8608119207007,232.27342224121097,1323200
2023-05-26,232.0007545731358,233.7399668841156,228.3531167377657,229.48126220703125,1683200
2023-05-30,227.08403086796625,230.86328469849207,226.09691051025823,228.10874938964844,1475400
2023-05-31,227.35664867002032,233.17594337581036,227.35664867002032,232.59307861328125,4134900
2023-06-01,233.95619990143396,240.6592009605447,233.95619990143396,238.21490478515625,1966500
2023-06-02,240.08575365665476,243.00010594529343,238.32773485378053,241.63693237304688,1282800
2023-06-05,242.13518698720424,247.5314194063668,242.13518698720424,247.0049591064453,1882100
2023-06-06,252.1904580280126,254.910719265913,244.85144271628775,248.6012420654297,1606600
2023-06-07,247.45832910742928,247.98726557568853,241.08274222311195,247.2694396972656,1440100
2023-06-08,247.68501168587224,251.5198151050634,246.57044033174887,249.8385467529297,1285600
2023-06-09,249.3568559411484,252.9649810019035,248.0628495961613,251.1325836181641,1275400
2023-06-12,250.62252518517892,253.446671236134,250.62252518517892,252.18099975585935,1167800
2023-06-13,252.52099286318443,257.687591358342,251.5670049709291,257.1492004394531,1837900
2023-06-14,245.65428662118993,251.25539279014552,241.3283354052861,249.13961791992188,3507500
2023-06-15,251.51982284843055,258.849382888784,251.00976670964576,254.5423126220703,2514100
2023-06-16,256.7336811379474,257.67821475865287,252.04880245021465,253.91896057128903,2896200
2023-06-20,253.93783564695704,256.92256494721806,252.43603085036324,255.07125854492188,1347100
2023-06-21,254.93904629939016,260.9273853679445,254.61790836099928,258.6416015625,1825200
2023-06-22,259.1327862098716,260.87072448960924,256.9509160069216,260.05841064453125,1300200
2023-06-23,260.13406970383636,261.27694758528946,258.43389148794824,259.6051330566406,2060300
2023-06-26,260.133957772379,263.2036914476941,258.81161672337174,261.0784912109375,1396100
2023-06-27,258.0653752035804,261.1067734155125,257.9803706702339,260.50225830078125,1168900
2023-06-28,260.3889623400739,260.7478896461845,257.9426242785335,259.5010986328125,803800
2023-06-29,259.86951127950675,263.0809194740039,258.2354579172908,261.8719177246094,1164500
2023-06-30,262.2402912435466,266.4529025258375,261.125719821655,265.0361022949219,1525000
2023-07-03,263.47763486008614,265.3477927670456,262.26863311699736,264.78106689453125,627700
2023-07-05,264.38439068340847,266.7079351563753,263.1470540330769,265.17779541015625,1279500
2023-07-06,264.2615762710852,265.735046196068,262.334719898079,263.52484130859375,1794900
2023-07-07,262.25917114356497,264.8377579369244,261.3713073608643,261.7491149902344,999700
2023-07-10,262.21196932533667,265.2061536397854,260.3418111706177,262.9014892578125,994700
2023-07-11,263.8554037120837,266.6890038332268,262.96754003480254,266.1128234863281,934300
2023-07-12,262.1080506140429,262.580317371906,253.61670353162373,253.7867126464844,2350800
2023-07-13,254.20232494858,256.8942513948593,252.6721851732929,255.0807342529297,1940900
2023-07-14,262.52363568925773,269.09758058780994,262.52363568925773,267.0762939453125,2063800
2023-07-17,265.54621369742176,268.07755705201487,264.19550862268903,265.5650939941406,1154800
2023-07-18,268.01140634901043,272.02567410930396,265.42339353457027,269.0220642089844,1301900
2023-07-19,278.8357032354197,280.9231428504339,274.9347755934094,276.4271545410156,2197400
2023-07-20,276.9183423094594,278.73185942830344,272.9796535046737,277.9006652832031,1516800
2023-07-21,278.2879915279731,280.36594854392513,276.76727715697916,277.4756774902344,1497100
2023-07-24,276.8144617676072,278.23126213023204,274.3019989989006,275.8604736328125,1638200
2023-07-25,275.567703659189,278.9585761424021,273.943104561742,278.3446350097656,1291500
2023-07-26,278.12734848675996,279.1568866247587,273.6691488587514,274.56646728515625,1416100
2023-07-27,275.284264136478,277.2016657379565,274.33973075989013,276.51214599609375,1283400
2023-07-28,276.98443156911225,276.98443156911225,269.12590642214013,275.8982238769531,1397400
2023-07-31,276.59721738765353,279.0907999404203,273.9714151191432,278.73187255859375,1245100
2023-08-01,279.3835871094656,281.4615436266521,277.9667867830254,279.2419128417969,1498100
2023-08-02,282.6327804017211,286.50534484007096,281.2915300974303,282.7933349609375,2039700
2023-08-03,276.38936591366877,277.0316417240072,266.25454072225904,271.68560791015625,2410900
2023-08-04,271.78953468411623,274.33033229262685,269.8437978365033,270.6844177246094,1213200
2023-08-07,271.18504528755005,275.69994385424945,271.18504528755005,275.6338195800781,1142100
2023-08-08,274.33029048323016,277.6928271729399,272.28064026639066,275.9454345703125,1152900
2023-08-09,274.5758792297377,275.2559444513389,272.00674715089684,272.3373107910156,899800
2023-08-10,273.91473098719837,276.6822073857538,272.0351184364536,272.88519287109375,1074700
2023-08-11,272.46961178851467,274.6514821228962,271.6950873098924,273.4519348144531,947900
2023-08-14,273.10245462521607,275.8321416971534,273.01742123666696,273.76361083984375,825100
2023-08-15,272.32785060940444,274.33971116985305,271.7327900126667,273.2440490722656,869700
2023-08-16,272.88515790511906,276.2949097662849,272.7718185050066,272.932373046875,993400
2023-08-17,254.99572172510065,262.43865065499836,250.83032534200177,255.524658203125,4554900
2023-08-18,255.64742393261807,260.97457753701633,255.49629512346783,260.70068359375,2103700
2023-08-21,261.50357474293645,265.97122932266024,260.70074419346344,265.6595458984375,1345200
2023-08-22,265.2250135154491,266.89685637337874,264.03492082449503,264.5355224609375,1044200
2023-08-23,265.31946669876464,267.1707443737193,264.8849893395651,266.1978759765625,1203300
2023-08-24,265.7634190499818,268.8520624237121,264.8283399936524,266.7174072265625,1340800
2023-08-25,267.63353833379614,268.8330853465105,263.5436926664651,263.7420654296875,1209400
2023-08-28,265.02669691702397,266.9440990990133,264.7055589307412,265.9334411621094,531900
2023-08-29,266.56627995257645,268.19087893540393,263.5248805367557,266.0184631347656,1117400
2023-08-30,267.24631616340116,268.76700129300286,266.367906908729,266.9913024902344,744800
2023-08-31,266.97241378973695,267.2935517517621,260.814065152022,260.9368591308594,1747500
2023-09-01,262.4008805263479,264.58275086476465,260.85186039111693,261.3241271972656,1118600
2023-09-05,262.28236069596403,266.58967160911305,261.9977178771266,264.4644775390625,1236300
2023-09-06,263.0887320018223,263.89517642234887,260.8117346024946,261.50433349609375,1004100
2023-09-07,262.5479938872354,268.3258866267864,261.7889753703839,266.8742980957031,1029500
2023-09-08,266.0963172113022,269.62567372195343,265.0621816173915,267.0545654296875,1065200
2023-09-11,267.55742969197775,272.547843078404,266.51379721259616,270.2234191894531,1191800
2023-09-12,268.8192144030563,273.6104262775118,266.5991396328582,271.8457336425781,970900
2023-09-13,272.68061773687583,273.06960924877114,268.02224532598257,270.5933532714844,1177900
2023-09-14,272.84183682753564,274.02777573830446,267.3675532387181,268.7906799316406,892700
2023-09-15,268.572513699307,272.59523902608873,267.65222375126035,268.7053527832031,1595000
2023-09-18,270.3941943018096,271.532707753994,268.32592285215446,270.7167663574219,626300
2023-09-19,270.0715769093871,271.9406183249146,269.02794457901217,270.0526123046875,735700
2023-09-20,271.1626749303303,274.09431371016535,269.72058301495747,272.6047668457031,768000
2023-09-21,272.57622686783753,277.49078042553293,271.42824594413077,275.934814453125,1696000
2023-09-22,274.5402088660543,277.2156949664058,273.9994135780604,274.60662841796875,1170900
2023-09-25,274.60655691651095,279.2743967301165,274.3693691102296,279.25543212890625,806600
2023-09-26,278.64828992011434,278.75263867345234,273.21193412780235,273.6863098144531,1051400
2023-09-27,274.3314255927863,276.333305840489,271.53262670147444,273.819091796875,1217600
2023-09-28,274.57813060318256,278.5154428995525,274.57813060318256,275.4414978027344,1016900
2023-09-29,273.55339857233315,274.06573228578986,270.65022245205625,271.40924072265625,1358500
2023-10-02,271.0677846434706,273.4112020211857,269.03747147671726,272.80401611328125,978600
2023-10-03,271.44724106327243,272.1872949286594,269.2082017237533,269.8343811035156,989100
2023-10-04,269.77749219788257,270.9254733947355,267.2633065379991,270.4700622558594,992900
2023-10-05,270.6788023751303,273.2973658867599,268.5441114133277,270.72625732421875,1095400
2023-10-06,271.2670350857167,274.4832875373775,270.50801653184,273.4586486816406,1051200
2023-10-09,272.46247895201947,275.4700342791999,272.2822138307966,274.82489013671875,762100
2023-10-10,274.39793265927915,277.43394929155824,273.54406202945074,276.8077697753906,1070800
2023-10-11,276.2574578297381,279.66347227739976,274.96716967341314,279.3598937988281,1220600
2023-10-12,279.88163553591573,283.022000045472,277.37691818797174,280.640625,1527600
2023-10-13,284.53050727650486,291.5607578393924,284.53050727650486,289.45452880859375,2387900
2023-10-16,291.2572228199851,296.6840827276876,290.28950668304475,296.1338195800781,2283000
2023-10-17,297.9079080515018,299.93824973021384,293.932637790196,294.6821594238281,1183400
2023-10-18,297.5000218603506,298.85672958866724,294.01809103317856,295.95355224609375,1049400
2023-10-19,295.3368278797437,297.4715185042053,291.1053758397783,294.27423095703125,1190400
2023-10-20,294.5303555922217,296.02936990513444,290.3558556671364,291.05792236328125,1263100
2023-10-23,290.70687325676613,290.9820192255804,284.79614256081953,285.6215515136719,1595100
2023-10-24,287.5665332563372,292.02564712498787,287.00677344734794,289.0276184082031,864400
2023-10-25,289.5019791376728,289.9953193794018,285.0143751652387,288.3160400390625,1144600
2023-10-26,286.59880850868575,290.0617742614589,286.14342636963005,288.629150390625,968900
2023-10-27,287.69940185546875,288.6196919886391,285.944234705153,287.69940185546875,1269800
2023-10-30,288.3919113093627,290.75429259682295,286.3141438082508,289.5778503417969,1725200
2023-10-31,291.4564704015617,294.19834716206503,290.46026396117014,293.3539733886719,1592500
2023-11-01,291.9782612437217,295.8586512330978,289.9858773909006,293.5531921386719,1755300
2023-11-02,290.6120538462359,303.5245761149686,290.6120538462359,302.54736328125,2231400
2023-11-03,301.4277967718569,302.8888820231568,294.5683427351178,294.7296142578125,1580400
2023-11-06,295.24194243225315,299.1792548441798,286.74113822704174,291.1148681640625,2272600
2023-11-07,291.94025476433603,292.02563890700685,278.2687450405922,279.91009521484375,3558000
2023-11-08,281.2858388827878,283.37307468997057,278.84754071987686,280.2137451171875,1565700
2023-11-09,280.40348497919393,281.62738248076454,273.724295486461,274.1037902832031,1389700
2023-11-10,274.4168360429582,278.93290181366285,271.77930840163947,278.1833801269531,1224600
2023-11-13,278.6767854222472,280.82094409997933,276.7697856632823,279.0467834472656,1002800
2023-11-14,278.1644381992297,279.5116490357761,270.66930758190216,275.21380615234375,2766800
2023-11-15,275.09992686978444,275.88740668577856,266.63708124080785,268.4776611328125,2401900
2023-11-16,268.11716983135756,269.9197918243509,265.7452911685777,267.7756042480469,1774300
2023-11-17,268.4681846634445,268.4681846634445,262.8610604182023,268.0791931152344,1517200
2023-11-20,266.9596731169861,271.1815994677506,266.9596731169861,269.7300109863281,1394900
2023-11-21,270.5933995654119,272.187324045128,266.33351471587855,271.80780029296875,1274500
2023-11-22,271.9026011343577,274.34089865108456,271.29541542624173,273.5344543457031,905900
2023-11-24,273.7147660865058,275.8779180190977,272.60471426088924,273.09808349609375,416200
2023-11-27,273.21198718334097,274.8153796318739,270.4036906800264,271.5896301269531,1220100
2023-11-28,272.32014877141324,274.22714859977566,270.7262531599813,271.4188232421875,1437000
2023-11-29,268.6389464063796,272.86090161231704,249.0567330555804,249.3982696533203,7568700
2023-11-30,250.36600875299163,253.23122741932963,246.1250890416513,249.4077606201172,7046800
2023-12-01,250.43244339888892,259.1325075868322,250.27117185431953,255.23312377929688,3401900
2023-12-04,254.50257808006583,256.0490475859703,247.71901096017015,249.43624877929688,3027800
2023-12-05,250.01767915832585,250.41801142056465,245.09910773730235,245.71868896484375,3121000
2023-12-06,246.5956821846873,247.82530335456,243.8027665629683,245.44227600097656,2035000
2023-12-07,245.499495322566,246.40505745974588,243.85998569093977,245.8712615966797,2919500
2023-12-08,247.3296278332399,247.54887680760476,242.0678997108263,246.6909637451172,2781400
2023-12-11,284.838516670253,289.48064956420615,277.79427345012454,287.84112548828125,9029500
2023-12-12,287.8411393774366,287.8411393774366,282.4555028106738,282.8272399902344,2933200
2023-12-13,283.0750718721956,284.3428297029044,279.6530478724918,283.2752380371094,2443600
2023-12-14,279.7579014952399,285.963314733662,276.80297051474616,284.6669616699219,2817400
2023-12-15,283.12270068624116,283.6469841529062,275.4112277334226,276.90777587890625,4357000
2023-12-18,277.8514792118118,280.0152869092575,275.36361233833975,278.40435791015625,1364700
2023-12-19,278.0039558212851,280.62528582131205,276.5169491302631,280.5490417480469,1182000
2023-12-20,283.1036636256367,285.38185185153435,280.7778264861835,282.0074768066406,2105500
2023-12-21,283.1036361545633,285.2769558341825,282.0741811861912,283.3323974609375,1089700
2023-12-22,283.4944931651661,285.7250034629041,283.26573182889297,284.1426696777344,1167500
2023-12-26,283.3324150308477,286.7735217059515,282.22668683199083,286.0776672363281,752500
2023-12-27,285.7440226049131,286.89742874488314,284.009200865458,285.1435241699219,992200
2023-12-28,285.62969070645164,287.5170590933692,285.28654868502656,285.3913879394531,825800
2023-12-29,285.97279110022856,286.66861639039195,284.0568280186515,285.4389953613281,1187000
2024-01-02,287.1929720592843,296.4581848437214,286.2683561557558,295.59075927734375,2881800
2024-01-03,298.6123691842282,299.1938429618396,288.8800940073087,289.4520263671875,3004600
2024-01-04,290.8150790572831,294.45635128949925,290.07157579795444,291.8922119140625,1769800
2024-01-05,293.07426155499553,299.089020958802,292.4928167770181,298.9174499511719,2341100
2024-01-08,299.30824981697043,300.1661338870427,294.3038921369096,298.95556640625,1597700
2024-01-09,299.022291009399,299.0985350870469,293.7319527059737,298.2311096191406,1215500
2024-01-10,297.7735905742019,297.7735905742019,291.58723156274294,293.32208251953125,1151700
2024-01-11,293.1504831387487,293.3887858595278,290.567260700928,293.00750732421875,1226800
2024-01-12,288.82289789813825,292.3497898053767,287.4216767348469,290.7388610839844,1344400
2024-01-16,291.2822006943284,293.93212607538624,288.8229291466035,292.5785827636719,1144000
2024-01-17,293.8082060641559,298.0785722770821,293.3316006143427,294.0465087890625,1356500
2024-01-18,287.5074631300439,294.9806329945948,285.2674117272866,294.618408203125,2249300
2024-01-19,295.34285946342715,296.4962364983254,286.91647866386234,287.9268798828125,1760600
2024-01-22,288.0222540318466,292.5309527655184,286.96417464090734,290.7579650878906,1234300
2024-01-23,290.6816931484491,293.4269162709263,289.0612228846952,290.15740966796875,1032500
2024-01-24,293.05518922103306,295.1045870324918,289.394862508594,290.25274658203125,1697300
2024-01-25,283.1037018086088,287.14530763683746,277.80385032414847,284.6002502441406,2464100
2024-01-26,285.572518685254,287.5742678743657,283.6184475064158,283.8853454589844,1157600
2024-01-29,283.1036496931701,284.99101783007944,281.769160192689,284.89569091796875,1219100
2024-01-30,285.7440743546304,286.8879392840072,283.0655535528615,284.96246337890625,1079800
2024-01-31,286.0967673735268,288.88012724095455,281.7119908962689,286.8688659667969,2463500
2024-02-01,289.423445168609,294.6089150595874,287.6123501830128,292.9407958984375,2981900
2024-02-02,301.0621182027935,313.00584926064806,300.30907346909856,308.68780517578125,3376600
2024-02-05,312.04311874952,315.3317081220109,305.980711145941,306.2380676269531,2305400
2024-02-06,306.933903700352,313.86373633334887,306.47635200515714,312.2528076171875,1857900
2024-02-07,314.0639487144201,318.238988166117,313.37763567899106,315.0838623046875,1809800
2024-02-08,315.0457478980846,317.8958392168456,314.4738155328302,316.7424621582031,1417000
2024-02-09,316.0942742638312,320.11682570128704,315.1982827188968,319.2589416503906,1508300
2024-02-12,318.87766296080724,322.0709255115247,317.57176859309556,321.47039794921875,1021100
2024-02-13,321.23208489714585,325.96000298672084,320.35511803802274,321.6324462890625,1140800
2024-02-14,323.04316293442605,324.1488910511925,319.9261738144438,322.7667236328125,1198400
2024-02-15,325.99817236421075,326.0458212798491,321.61339580687064,323.3291931152344,1572300
2024-02-16,324.26331180177567,326.70352964064557,322.70006088454244,325.1307373046875,1282600
2024-02-20,324.51114508283337,328.30493521722826,324.12986651262,325.3785705566406,1624900
2024-02-21,326.02678835933267,328.26684024159,323.81533164622357,327.3136291503906,1396200
2024-02-22,327.9617296006635,328.0856516681118,325.2450728032622,326.150634765625,1373900
2024-02-23,327.1038762623164,329.48690366040734,325.40716191846326,328.1333312988281,998800
2024-02-26,328.60996651330987,330.8976962942384,326.13164106679153,326.2936706542969,2311200
2024-02-27,325.9981130939885,329.0865069619686,324.6159457154638,324.79705810546875,1697100
2024-02-28,324.5111326932258,324.5111326932258,316.95217696824557,319.4495849609375,1981200
2024-02-29,319.38289978416077,320.96523365606413,315.5319189042236,320.4123840332031,2185000
2024-03-01,320.2788420954512,320.2788420954512,315.23634860901484,317.3810729980469,1473100
2024-03-04,317.05702800036545,322.89067447898015,316.25633427679975,321.04144287109375,1294100
2024-03-05,321.81674984492565,322.5442233847967,317.7965705193252,318.4857482910156,1468200
2024-03-06,319.15576048099155,326.24853979268073,319.15576048099155,325.272216796875,2449800
2024-03-07,329.0435519297025,333.09244580476303,324.2288887416536,328.06719970703125,2072700
2024-03-08,327.3876446842622,331.0441169382051,326.2677197018864,327.1579284667969,1485400
2024-03-11,326.277249826533,329.68484283690583,325.08076269617425,327.6173095703125,1326500
2024-03-12,327.43540196843014,330.27825621808154,326.40165006451514,329.2157897949219,1313500
2024-03-13,330.996252432624,334.18371112604297,329.69448820295037,333.791259765625,1584200
2024-03-14,333.59017363307487,335.2269597523436,332.5181259008963,334.54736328125,1527700
2024-03-15,331.2163659523552,337.9837044531938,331.0440788090999,336.9786376953125,3818800
2024-03-18,335.50460629103907,338.9983432203311,334.94941984857417,337.5338439941406,1499100
2024-03-19,338.82603329181234,339.2567511463785,336.2703238436027,337.2849426269531,1134600
2024-03-20,336.5000729562752,339.5918066222967,336.0501925678586,338.6824645996094,1049400
2024-03-21,338.95046778920664,340.1374030108315,337.61040790457986,338.5771789550781,1290800
2024-03-22,338.529317523516,340.5393926639936,336.28946776443996,336.72021484375,1102300
2024-03-25,337.9645668937367,340.5777056036553,337.21796000677637,340.3288269042969,1034000
2024-03-26,339.8406540840209,344.42557191492114,339.3620592131544,342.4154968261719,1205100
2024-03-27,344.5787476746823,349.09668471119255,344.0618862133044,347.78533935546875,1467500
2024-03-28,348.3692277215717,350.05386184956643,347.60345838056173,347.6417541503906,1162700
2024-04-01,347.1631432997233,348.7520817467378,344.5212903141916,348.4936218261719,1036800
2024-04-02,344.5404901562693,349.0392648196753,343.7172917146883,347.5460510253906,2054800
2024-04-03,348.77123287666114,348.91480550037295,344.9041780150459,345.6125183105469,1567500
2024-04-04,348.5223547743334,348.5510985102378,344.4255837078889,344.9424743652344,1147900
2024-04-05,345.39235045444093,348.6659522956426,343.9852803348799,346.9334411621094,992500
2024-04-08,345.4402107360097,346.37823796286983,342.0421697164857,342.65478515625,1612500
2024-04-09,344.08097609781254,345.0285845352741,341.1232634862745,342.1761779785156,1129200
2024-04-10,340.9988542476053,344.32030390514234,340.29054316809294,342.5207824707031,1005700
2024-04-11,342.0900840938737,342.9993968970094,337.55298447950025,337.9645690917969,1081100
2024-04-12,336.72020114048985,338.20383353353327,333.5806200030235,334.8632507324219,1442000
2024-04-15,338.960032685546,339.91722244426995,332.5851453871109,333.9635009765625,1357000
2024-04-16,340.8839704129688,340.8839704129688,331.60879994081256,332.0012512207031,1799900
2024-04-17,332.0108586264108,334.9494384878789,330.97710643732654,331.2642517089844,1426500
2024-04-18,334.73878165165314,338.25168049201363,332.14480589996015,333.8486022949219,1621700
2024-04-19,336.2416118611639,337.6965297549931,333.1211639504203,337.3041076660156,1305100
2024-04-22,337.6486876309189,341.1328723764958,337.55296281275554,338.0602722167969,1404000
2024-04-23,338.845159958756,341.91773077249104,336.82550367638083,337.5529479980469,1188500
2024-04-24,336.01188560531205,338.8355777368243,335.07382916896745,337.19879150390625,1120800
2024-04-25,337.4668421812583,340.6255569175913,337.28497377771816,339.3333740234375,922200
2024-04-26,337.4093486653305,339.9458953733586,336.37559670528674,339.2950134277344,830500
2024-04-29,338.864312993613,342.8941029708029,338.864312993613,341.18072509765625,1073600
2024-04-30,341.32431880896934,342.6261121707325,340.4724350479663,341.75506591796875,1216200
2024-05-01,334.98767806026865,343.97567408863586,333.513597753794,341.8890075683594,1904100
2024-05-02,344.58833425934324,346.2251206679629,328.00979961153166,329.75189208984375,3108800
2024-05-03,327.636467576166,328.9382315348496,320.3905346031992,326.8802795410156,2413500
2024-05-06,327.79922109808336,329.637038425109,324.91809957250337,327.7513732910156,1339300
2024-05-07,328.7946776623835,332.2022708203361,328.50753242310606,331.8576965332031,1567900
2024-05-08,333.6667643155129,333.8582139458661,330.6516225096799,332.4798583984375,1355200
2024-05-09,332.71913026937074,336.26071446992114,331.6375012843081,335.9448547363281,1388800
2024-05-10,336.5479126302481,336.94991595590176,332.4798563053075,333.475341796875,1675300
2024-05-13,332.81491214438614,334.9877225200846,331.9917137092927,334.1932678222656,1361100
2024-05-14,333.55191849542825,336.11718005432607,330.85263634812924,331.5896911621094,1853000
2024-05-15,330.2304740350331,330.82392702473817,327.4354670250929,328.5841064453125,2244500
2024-05-16,329.1871325790514,330.03901627233967,323.68329148058416,324.7362060546875,2275000
2024-05-17,324.209716796875,324.83188426289394,319.9215256136468,324.209716796875,2010200
2024-05-20,324.05656330346255,324.1044403154327,318.007146561584,319.09832763671875,1306700
2024-05-21,320.6489844161091,324.30545626506154,319.66308014386414,321.9794921875,1175800
2024-05-22,321.0701577699235,322.9366895072031,319.8641185224187,322.0656433105469,968800
2024-05-23,321.3477447673003,324.89891056874313,321.1180285743354,323.3674011230469,1510900
2024-05-24,324.41074344342945,324.41074344342945,316.877636025925,318.370849609375,1311600
2024-05-28,318.61974941796876,321.2807357713047,317.4232622229236,318.9451904296875,1445800
2024-05-29,317.1361539438358,320.0077235466352,315.21219296240287,318.66766357421875,2930700
2024-05-30,317.34666353737055,320.37138632524005,316.4756174538386,316.82977294921875,3686500
2024-05-31,318.72502665590423,329.91457622888976,317.3370899507295,329.86669921875,3915500
2024-06-03,326.02839586168176,329.97204227952005,324.6979172616797,326.8707275390625,1500500
2024-06-04,325.1022738384515,325.1022738384515,318.3935748197593,323.9585266113281,1654900
2024-06-05,324.49671937119535,325.4193959966988,316.71156018189686,321.1904296875,1552000
2024-06-06,321.15203218675873,326.2940548606403,320.46960868337885,324.7754821777344,1632300
2024-06-07,325.2848495379304,328.1297862125345,323.8239424523469,324.95806884765625,1208100
2024-06-10,324.3910517165723,326.36135682434985,323.13197354560646,325.4867248535156,1002700
2024-06-11,324.67933917222507,326.4670563138342,322.71862566150065,324.8042907714844,896500
2024-06-12,324.9388554055559,325.823108014522,320.9597919936167,322.9877624511719,1249600
2024-06-13,321.382691578825,324.50636444316757,316.6923719387325,321.16162109375,1177600
2024-06-14,319.5661308276228,321.7959596521529,315.83694142520307,320.3350524902344,907500
2024-06-17,318.4992884576021,321.12315478625254,316.480909436928,320.92132568359375,1157000
2024-06-18,322.51675352543646,324.4293926797083,320.4887834738115,321.7862854003906,1206200
2024-06-20,321.78631569176446,325.0061070923,318.4704347552942,324.7466125488281,1692600
2024-06-21,321.815201334359,326.78425721008955,321.60375152408614,326.7650451660156,4073500
2024-06-24,328.8602670342456,332.512549553966,326.8899327993381,329.80218505859375,1276100
2024-06-25,330.6095354812896,330.98436096018526,324.19878494182035,325.630859375,986200
2024-06-26,325.4290332464254,325.4290332464254,319.9698213815785,324.4582824707031,1491600
2024-06-27,323.8528030064631,323.8528030064631,318.5281339726174,321.16162109375,1300700
2024-06-28,326.3036483723682,326.7842133920624,315.5005561156779,317.72076416015625,2645300
2024-07-01,317.73035879096324,321.97856651465713,313.1649910568002,313.587890625,1386200
2024-07-02,314.2511183250939,314.6067318019402,311.61763099375327,313.241943359375,1056400
2024-07-03,314.69321685865225,315.14494915968703,309.18593106067823,312.7805480957031,900700
2024-07-05,311.91553746124265,312.3768904497214,304.24570901669284,306.7158203125,1612000
2024-07-08,307.64812973812883,311.42536398606313,305.65858339451904,311.1947021484375,1753500
2024-07-09,309.67610636724226,315.91383085513354,307.24444857269475,315.60626220703125,1379400
2024-07-10,316.70197961847026,319.87369712560564,310.70450801993053,317.08642578125,1982000
2024-07-11,314.29912331954733,320.8636281598913,314.29912331954733,320.5945129394531,1144000
2024-07-12,320.5945328932759,322.56483773718423,317.68231005352953,321.7767333984375,820200
2024-07-15,323.51639711630446,325.60203300509824,317.70154241985546,318.5377502441406,1266500
2024-07-16,320.8540735571094,329.1486316640658,320.8540735571094,326.5055236816406,1166600
2024-07-17,326.3901368331204,332.06079803031315,326.1979284297851,331.35919189453125,1441900
2024-07-18,329.72527514057475,333.8677433414025,327.226331125097,327.28399658203125,1028800
2024-07-19,330.31158406312557,330.31158406312557,322.48797121426173,322.7859191894531,1169200
2024-07-22,322.7089907620327,324.9387898807096,321.58445585179805,322.7378234863281,756300
2024-07-23,322.9877281393596,324.1987613380376,320.81559426200783,323.10308837890625,603400
2024-07-24,324.54481563485837,329.3888902480697,321.9112992004219,328.9083251953125,1029800
2024-07-25,330.6191323199229,335.69389805328626,327.21675289883996,327.8895263671875,775000
2024-07-26,329.3696600787947,333.1853475609499,329.1774223357262,330.2827453613281,1135700
2024-07-29,330.29229720777505,334.9153298613716,329.7444461037876,333.0699768066406,1021500
2024-07-30,332.5606416726955,341.7394225713966,332.5606416726955,339.057861328125,909700
2024-07-31,335.6746605251068,340.24002813425284,334.1080138946348,335.1172180175781,1466100
2024-08-01,322.9397114519916,325.9672653805815,311.9347601476451,319.671875,2495500
2024-08-02,320.3158014016505,325.5347598682021,309.01293195200924,324.2179870605469,3193700
2024-08-05,324.58324403673134,326.4766715430277,308.86876073633016,313.0496826171875,2507400
2024-08-06,311.1081751138643,317.0864049460607,310.5891566959663,316.4905090332031,2441900
2024-08-07,317.0767955157888,322.35341940045214,313.0881117011409,316.2214050292969,1933700
2024-08-08,316.26947542321716,324.1603455076743,315.51979510172794,321.997802734375,1164900
2024-08-09,320.8252398872079,324.86199834474786,320.1332249896686,323.0743103027344,969000
2024-08-12,318.0955890690431,318.8837227394952,313.77050389933015,315.3467712402344,1720500
2024-08-13,315.9618625030583,320.42151972126453,315.6927472799844,319.78717041015625,1057600
2024-08-14,321.9785956865512,323.99697483921733,319.81605287970126,321.8824768066406,621100
2024-08-15,324.3621986197124,324.85235502827555,319.9602063101953,323.6125183105469,1003000
2024-08-16,323.7278529614207,329.5811318526313,322.6898160097731,329.0140686035156,865300
2024-08-19,329.3599914235857,330.34036270654605,327.9952033731984,329.0235900878906,907600
2024-08-20,328.4181918356021,331.0132257037958,326.4766901141337,329.283203125,900800
2024-08-21,330.6191357313785,331.589886524341,326.99568579154817,329.0909423828125,694500
2024-08-22,329.8502410304877,333.3391479829622,325.65010719077173,333.00274658203125,734000
2024-08-23,333.9926832468587,340.71097272670977,332.6951518485484,340.23040771484375,1425800
2024-08-26,340.9031900038324,342.96961356456234,338.5580305401682,340.1823425292969,1361100
2024-08-27,340.96086557761515,341.6913337595318,338.6926128694566,340.1343078613281,1058200
2024-08-28,342.65248469905123,345.83382282906774,340.28808364927687,344.01727294921875,1314600
2024-08-29,346.09336782234857,347.6503940426412,341.3165495878862,347.0256652832031,1024700
2024-08-30,346.6988013038235,348.4288235040673,345.9299090662393,347.7464294433594,1148200
2024-09-03,348.19823647256663,352.8116495514923,346.6892550676202,351.27386474609375,1433500
2024-09-04,353.5122266786781,357.60310878063086,351.20630793986527,353.7438049316406,1194400
2024-09-05,349.3248613551897,351.5922080983537,336.53126055924486,342.62896728515625,2528300
2024-09-06,344.8866341502874,346.8162858170174,340.57386149738,341.0562744140625,2363500
2024-09-09,344.0086285562707,346.68121487696556,339.08804051236496,345.0313415527344,1102400
2024-09-10,345.89973253114357,347.9258433054915,343.14031522835387,345.504150390625,868400
2024-09-11,344.29812304603274,345.61027211680295,338.1039279071988,345.1954040527344,748700
2024-09-12,344.6937011810337,349.90375501201044,342.66756095672355,349.4309997558594,961900
2024-09-13,349.43103247280357,355.210330577276,348.0802525673584,351.8913269042969,882700
2024-09-16,354.5831386580162,357.7863379317481,352.7210024892066,353.94635009765625,668000
2024-09-17,351.83339544425087,354.0042535910167,342.1658510972134,343.6999206542969,863300
2024-09-18,343.69994608440214,349.50818748915884,342.3781098485964,342.8894958496094,824400
2024-09-19,344.59720659383686,346.2084492861841,342.29125866258676,344.6936950683594,753300
2024-09-20,344.201627789761,346.2856551941896,339.6283626057962,343.61309814453125,2900900
2024-09-23,344.47177425416515,346.0926746259519,342.1175968095542,342.4552917480469,807800
2024-09-24,341.92467793218447,342.9377333883313,337.6890779357409,340.7475891113281,968100
2024-09-25,342.5035291920666,342.84122413837684,335.5085415728297,336.5891418457031,892500
2024-09-26,332.69128172639927,334.33146812847133,329.98012323919005,332.85528564453125,1663100
2024-09-27,333.3762855852942,338.76000104748175,332.8552713650344,335.469970703125,1379600
2024-09-30,337.3802988174196,337.3802988174196,331.890437332169,334.2542724609375,1294800
2024-10-01,333.81045354182316,339.26171362970297,332.4693314957781,335.8462219238281,1005800
2024-10-02,336.20323093809174,336.6374143785887,327.8574926412815,328.725830078125,1627900
2024-10-03,328.9284378178961,330.25987274194614,325.6094345779137,328.5810852050781,1145900
2024-10-04,329.1793019482979,330.1730714730506,327.3847398614078,329.6810302734375,720000
2024-10-07,328.021552227776,330.8388276431432,326.77691845044086,328.30133056640625,851800
2024-10-08,329.7003234699465,332.99038347935476,327.33648812440634,331.83258056640625,1127700
2024-10-09,332.18949228617396,335.4023785063287,330.5685921008744,334.5243835449219,846600
2024-10-10,335.30588365002626,338.58628523224877,334.01302070943865,338.1714172363281,800600
2024-10-11,339.01088644929206,342.50355164744184,337.3899859337117,337.978515625,786700
2024-10-14,337.81446607517705,339.81166257148055,336.10670554465077,339.0880432128906,952400
2024-10-15,336.24181747209224,342.51318566023747,332.0448190265807,336.5698547363281,1317800
2024-10-16,336.56985989334333,346.2567200721263,336.56985989334333,345.9672546386719,970300
2024-10-17,339.04949666079347,346.10237212536316,337.68908851376835,340.6993408203125,1614400
2024-10-18,341.1141379426699,341.1141379426699,324.1428562445134,324.18145751953125,2712300
2024-10-21,321.5957848855219,321.5957848855219,307.0461934252705,308.9662170410156,4638600
2024-10-22,308.9179679181405,310.9537659988469,304.0070073291565,306.29364013671875,2636400
2024-10-23,305.71473265749853,309.44863377157367,303.92017054556476,306.3997802734375,1352800
2024-10-24,307.4611317118098,311.09851533701084,306.8629148249906,307.0462341308594,1646500
2024-10-25,307.8469927014224,310.03713679294793,304.4122150122619,305.705078125,1390100
2024-10-28,306.100706890048,307.05587521012814,302.5694401885829,303.843017578125,1545500
2024-10-29,303.7561020470191,304.02625210071363,297.031264857542,297.3882751464844,2556000
2024-10-30,297.1663564418626,305.3963196162041,297.1663564418626,301.8843688964844,2412100
2024-10-31,321.65363908990423,330.34672921799273,302.9070803277731,303.73681640625,3506400
2024-11-01,302.2799604114128,307.538273652305,295.87353137083807,305.3577575683594,2810700
2024-11-04,305.57967035049853,306.79536044690576,300.4467893258355,301.3344421386719,1695700
2024-11-05,301.2572453359451,307.5768729776645,300.3117347487937,307.1909484863281,2046200
2024-11-06,313.41403604738696,314.5718388837119,297.72595778034497,304.1324157714844,2655100
2024-11-07,305.3673774348919,310.1818489397792,303.61138734481614,308.252197265625,1752400
2024-11-08,308.44519626770585,310.4327352786823,306.3129392596486,308.5223693847656,1315200
2024-11-11,330.47208890381734,335.3927058736601,327.7705887154279,330.99310302734375,2585700
2024-11-12,329.9704279303143,334.53406462409725,327.53907748229966,327.91534423828125,2244500
2024-11-13,327.22070753996087,328.71620539461173,319.41526931698905,320.3608093261719,1675500
2024-11-14,319.8397922810919,320.34149115928574,311.3782795678482,312.4878234863281,1827000
2024-11-15,311.69668623654826,313.3465304576484,305.62792243209077,310.2108459472656,1650200
2024-11-18,309.95032091960263,312.2658971948413,309.274931010756,311.1081237792969,1194400
2024-11-19,308.7442768895349,315.5848887410708,307.95311261340976,311.1563415527344,1322700
2024-11-20,311.3396857461718,312.97990162611023,308.20400143299327,312.01507568359375,1527300
2024-11-21,313.4912356500665,319.424908880934,310.87653633412,318.4600830078125,1520400
2024-11-22,318.72056976602903,319.2994711685101,314.02187255795576,316.8970642089844,1475200
2024-11-25,319.16437507755955,323.3517451206698,318.460071060858,321.2966613769531,2588600
2024-11-26,321.962443318079,323.43862589894894,318.07419577211755,323.2167053222656,1694900
2024-11-27,323.64116640932536,328.1758594147828,322.04920973945934,324.66387939453125,1770200
2024-11-29,323.4192867860064,327.65488668687647,323.2263392694589,325.9181823730469,900400
2024-12-02,324.3455438712922,326.8637254000877,323.1105678661677,325.2042236328125,1107900
2024-12-03,326.85408050159316,327.3750947653635,322.3773033494918,323.1202087402344,1524600
2024-12-04,322.9263862758767,326.07523354210736,319.5740833114139,319.8453674316406,1523700
2024-12-05,318.77962201896344,319.9810485577834,311.87155986757887,312.5691223144531,1460400
2024-12-06,313.4023604668198,313.8383665489611,305.2928720539128,307.91851806640625,1746000
2024-12-09,309.2943540450358,310.14694024778794,303.3260732192435,309.2168273925781,2146100
2024-12-10,309.2168101670973,309.5849878263747,300.92323288141193,301.678955078125,2610400
2024-12-11,298.9951951525316,300.1868939309313,284.4814193273236,284.878662109375,4300600
2024-12-12,283.8807234616184,287.5915062567824,273.48467130615785,274.1531982421875,4474100
2024-12-13,273.58156918740156,277.0985945412662,271.1690768994058,273.0874328613281,3277200
2024-12-16,273.1455671328892,274.87016543350444,263.4180426670722,264.7550964355469,4009300
2024-12-17,255.46359630715145,262.255398247251,253.8746251737272,257.3238220214844,4482800
2024-12-18,267.8458369455291,275.4418227948608,263.76684686040403,273.6203308105469,4913400
2024-12-19,272.1282473614681,275.8196632339218,261.80972198017406,266.2471618652344,3826600
2024-12-20,267.99116101793305,271.6438136227948,264.7551180799876,268.30120849609375,3481200
2024-12-23,267.3226207725576,273.513723965207,264.6097498253223,272.8645935058594,1945400
2024-12-24,271.37250992521814,272.011971714958,268.407751352267,271.34344482421875,669300
2024-12-26,271.343450497448,273.0971139525011,269.4735266359664,272.8161315917969,1090100
2024-12-27,271.3240525901751,273.97876345920747,267.99111667086794,270.0354309082031,977000
2024-12-30,269.0665575619747,269.0665575619747,265.06509477444564,266.5765686035156,1271100
2024-12-31,267.40984484154154,269.33789911621693,265.32676681882725,267.5455017089844,1222300
2025-01-02,270.142027195681,270.3067195661422,265.52046951658497,265.94677734375,1020300
2025-01-03,266.9544590323501,273.24245612819664,265.2104936940361,271.96356201171875,1333100
2025-01-06,269.8998306659007,275.4030399887646,269.35726239844945,270.9559020996094,1373700
2025-01-07,272.6223810508652,274.13382550845733,269.5316637076182,271.2174987792969,1033500
2025-01-08,269.6382227574904,270.878383056161,267.4098194227358,270.6264953613281,1013300
2025-01-10,268.43683871783276,272.92274027324396,266.4409561029908,270.3067626953125,1527200
2025-01-13,272.5545551000033,273.90130717911654,270.9946786469055,273.6590881347656,1892500
2025-01-14,273.22308924659814,276.8079430248081,272.1088875266967,276.1587829589844,2173100
2025-01-15,275.4030621814182,276.36224016585646,271.4306638142389,275.7227783203125,1711900
2025-01-16,271.3531759878175,272.87431878286776,266.88664114034486,272.22515869140625,2013300
2025-01-17,272.341388179853,277.4764494160341,270.77181357809775,275.151123046875,1900000
2025-01-21,275.1511649136188,279.61769993345337,274.1919868594325,279.6080017089844,1634100
2025-01-22,278.24182046147945,281.7491470759942,276.79820459040315,280.0439453125,1384000
2025-01-23,282.74709436667274,287.36865220716294,279.6854719632064,285.8087463378906,1693100
2025-01-24,285.14025625241067,288.72511004993146,284.1520131644169,284.5008239746094,1398100
2025-01-27,285.8184504572995,296.8926972211303,285.5762314314882,296.2048034667969,1918000
2025-01-28,296.59232915939225,299.03391570787784,291.7673453950046,293.3950500488281,1610200
2025-01-29,293.8504451338138,296.24357032005673,292.0870835086343,293.86981201171875,1793800
2025-01-30,266.4409644279022,274.1822760781436,260.6180087981777,274.172607421875,5487900
2025-01-31,275.84871626339253,290.39155651914774,273.25213531647415,285.05303955078125,3531900
2025-02-03,283.0281295636196,292.92034794200225,281.6910755881997,283.3575439453125,1966300
2025-02-04,280.3152920140797,286.7873784587104,277.77684089504993,282.388671875,1836800
2025-02-05,281.5941780320994,284.6848657439151,279.86955010248386,284.1810607910156,1781800
2025-02-06,280.4798922494746,282.1172949875907,277.2147849945234,278.2902526855469,1820700
2025-02-07,279.26884781033414,280.6930969121043,276.39128450544155,277.7864685058594,1271900
2025-02-10,279.42385357511097,284.68484355590834,277.99960456491016,283.706298828125,2125900
2025-02-11,282.9118153184107,286.4094437741758,281.65228824169645,286.05096435546875,1202800
2025-02-12,286.4094853062712,293.5404296633083,281.1484945260113,283.58038330078125,1712700
2025-02-13,284.5782838274691,291.2150908989814,284.20040796318114,290.4884338378906,1670800
2025-02-14,289.81027076462567,292.21309460515636,282.766550789695,283.221923828125,1579600
2025-02-18,282.26266361009,287.46555314836763,279.5110590107568,285.57623291015625,1791200
2025-02-19,285.0239749819141,290.30436175743483,284.1907556963364,287.97906494140625,1734500
2025-02-20,286.9714452303987,292.27119924902985,286.9714452303987,290.3528137207031,1270000
2025-02-21,285.3243614635477,294.5480824182484,284.70429602995205,290.4787902832031,2213700
2025-02-24,289.4420560559177,293.8891941049144,284.8592907190599,291.6510925292969,2494800
2025-02-25,292.80405391214055,305.3510119202913,291.9320712880122,304.1302185058594,3039600
2025-02-26,300.7876118945052,303.22916914243103,293.92795221052927,295.8366394042969,1910800
2025-02-27,297.5999992564073,299.6055799661468,293.2109915168668,293.4919738769531,1729100
2025-02-28,294.0055010781663,299.4699475891617,293.2013172568242,299.2374267578125,2025700
2025-03-03,298.53010151590223,304.8568613152486,297.5515271856339,301.8146057128906,2036300
2025-03-04,302.5606397200553,307.49221572295306,298.801395567213,299.2470703125,1547300
2025-03-05,297.8060912070239,303.9984327123675,297.69900549034116,301.66168212890625,1313800
2025-03-06,301.4085742088822,308.7595158444841,300.06495146026697,307.3088073730469,1607400
2025-03-07,305.8580792830776,316.63620905293993,305.6243863985127,312.5566711425781,2193500
2025-03-10,313.41349440537573,324.1234928639895,310.77494855930814,318.0674743652344,2746800
2025-03-11,319.011875852495,319.011875852495,307.9903075984638,309.4897155761719,1964000
2025-03-12,308.5745654265408,310.57053779871256,299.6560527749709,302.8495788574219,1844100
2025-03-13,304.2223807434423,306.75384098920216,301.5351648418697,303.7647705078125,1463200
2025-03-14,302.1679964453849,307.40616388322803,301.38906966831587,304.6507568359375,1352600
2025-03-17,304.79680125299564,309.79155972501184,303.8231650506695,308.44793701171875,1139500
2025-03-18,310.2881146126001,314.46502211794456,308.04876329801505,313.92950439453125,1348400
2025-03-19,312.3522115576299,314.48447710763014,308.9152771294635,312.3716735839844,1432100
2025-03-20,312.5372292786423,315.5165537601448,310.82362000869904,312.9169616699219,1181000
2025-03-21,313.2285074128818,315.45814272897604,307.6787986556471,308.3019104003906,3555000
2025-03-24,309.0905406338751,312.5469669817677,307.35746938134105,311.9530334472656,1287800
2025-03-25,312.98507174758157,313.0337713834036,305.13756667317693,308.48687744140625,1172100
2025-03-26,309.6065679184411,314.37740910258117,308.5453080185013,312.76116943359375,1200100
2025-03-27,313.99768374074813,318.64191785473815,311.38834577908153,316.1786193847656,1285300
2025-03-28,317.20093023890604,321.2901842489694,315.7015222453741,316.470703125,1105900
2025-03-31,317.2982997754334,323.4808655690096,317.0451448677974,320.3262939453125,2128600
2025-04-01,321.88414154096233,324.46427159150926,319.849245398719,322.2735900878906,1669100
2025-04-02,320.93967650624586,323.8800468692074,318.8463648070472,323.1693115234375,1108200
2025-04-03,323.05245659859855,333.53853675287553,321.2609696819116,329.52716064453125,2403800
2025-04-04,327.40465999033563,334.8432554047815,312.53724474539644,313.90032958984375,3801000
2025-04-07,309.1879389120136,312.4982963665084,299.71444708186283,307.0751647949219,2918200
2025-04-08,316.24680080548353,317.40543036699376,303.08324886854626,305.5660095214844,2483500
2025-04-09,303.5700341268794,316.69463087077577,300.91199664789144,311.5538330078125,2463500
2025-04-10,312.21593162376695,322.8285602032433,309.684471574979,318.64190673828125,2021200
2025-04-11,315.1952729968359,324.0066691486227,314.60133943528456,321.4849548339844,1728200
2025-04-14,321.1344229916695,322.4293758101042,317.4346172221809,320.52105712890625,1442400
2025-04-15,321.27073337637,321.4070269915952,317.9116766505769,319.966064453125,1082600
2025-04-16,321.3096794507043,326.3238997442878,319.0995063458013,320.75469970703125,1311500
2025-04-17,315.8962673554088,324.71740868174237,315.8962673554088,321.426513671875,2847300
2025-04-21,322.07884992946106,323.1206478167577,313.61794879434973,316.20782470703125,1408900
2025-04-22,316.6362518171927,328.49516449615487,316.6362518171927,328.18359375,1852300
2025-04-23,327.7064526845689,332.5843794589094,324.6102967605165,327.8135681152344,1782700
2025-04-24,326.8497009277344,328.3198714600096,323.2764428174071,326.8497009277344,1341300
2025-04-25,327.8817607928061,327.8817607928061,322.47806165002214,326.5186462402344,1400100
2025-04-28,326.80096380760676,330.715000099063,324.240296010345,325.99285888671875,1347200
2025-04-29,326.3823282061756,329.9945101891242,324.7758344185153,328.3198547363281,1272200
2025-04-30,332.02940079170406,333.8695874418276,326.8399330043884,331.07525634765625,1562800
2025-05-01,330.7539547136405,332.3994023160986,325.83710364715984,326.3433837890625,1987800
2025-05-02,334.96008711234794,340.77269687324963,321.2999713376353,325.92474365234375,2471800
2025-05-05,328.1251663885464,328.1640904456781,323.8508889332017,324.2306213378906,1472600
2025-05-06,324.10400571800744,328.11538189390353,323.18878536179614,325.01922607421875,1825900
2025-05-07,326.16815875272493,327.0152175751038,322.5851843190441,325.6229248046875,1325100
2025-05-08,324.2987034820804,328.3587791474903,321.50437259152756,324.3279113769531,1322300
2025-05-09,324.405860601811,326.57708010981077,323.0914457375604,324.6687316894531,787900
2025-05-12,315.5359848184391,319.6058064351049,301.42800676347963,307.4158630371094,3560500
2025-05-13,301.42801076715546,302.0706141888485,293.53183588815773,293.9310302734375,3144400
2025-05-14,297.20247255757016,299.0621214059663,294.14524039579254,295.3525695800781,2517200
2025-05-15,295.22599202474953,300.8244005971007,288.4494918811669,300.71728515625,2723300
2025-05-16,301.24302072333546,312.5079981793624,299.6657349047007,312.4787902832031,2056000
2025-05-19,312.0990931277372,314.367682266421,309.61633253506994,313.471923828125,1242600
2025-05-20,315.31211742566467,316.8991493272466,313.86137915346484,316.4317932128906,1329700
2025-05-21,314.1242382772226,317.40538737421684,308.6524078256518,308.73028564453125,984400
2025-05-22,307.5814403493369,308.116928417378,302.0219855179735,304.43658447265625,1699800
2025-05-23,305.91648396073816,308.2434588608941,302.32376426365,307.6592712402344,1667800
2025-05-27,308.5453341302534,308.63295783072607,303.4824432538099,306.9680480957031,1573800
2025-05-28,306.67595709507106,307.47431623914764,302.1096006999698,302.66455078125,1157200
2025-05-29,301.827238717004,303.8718807928523,300.25969861043325,303.82318115234375,1745700
2025-05-30,304.0471361810537,310.83338223785285,301.87591658102883,308.2922058105469,2732200
2025-06-02,307.27963307764344,311.51495707486595,303.9497837402827,306.6856994628906,1247800
2025-06-03,305.5410607682146,308.17276070046586,303.57461550311126,304.9149475097656,1321100
2025-06-04,304.51380466855574,306.02040543158193,302.99738123399385,303.39849853515625,991200
2025-06-05,303.8485258000948,306.20629542970477,302.5082237371546,304.27899169921875,1682900
2025-06-06,304.8855742549106,305.7367132243459,302.79194197300086,305.4138488769531,2048300
2025-06-09,304.10289658097366,307.34115374576317,302.35168441449395,304.6507568359375,2312900
2025-06-10,306.02039725504756,311.23489217468847,304.308326551417,306.8226318359375,2228200
2025-06-11,307.8792436885293,309.0140757208914,302.77238011832395,303.4767761230469,2210100
2025-06-12,304.3181153687002,308.9847201342217,301.6962085767732,308.5346984863281,2074400
2025-06-13,308.202093181799,311.80232633408383,306.94983687421535,310.5207214355469,1866300
2025-06-16,310.45222498658757,311.1370652361274,303.095223064434,307.6248779296875,1225800
2025-06-17,306.5095504465601,308.80862271722754,304.39639237665176,305.7366943359375,1114500
2025-06-18,305.4921215208656,309.1901930328099,304.33767401715306,307.5857238769531,1170300
2025-06-20,307.3216017671064,309.7184829481439,305.1986208607895,307.5368347167969,3249800
2025-06-23,308.1727329383131,310.56964391473554,306.313919250549,310.10003662109375,1248100
2025-06-24,308.1238152354045,310.8826721297052,306.4508561183086,309.9630432128906,1328300
2025-06-25,308.0553415056224,310.39352546842724,304.0833397429507,309.15106201171875,1434900
2025-06-26,310.7261799162084,324.6771215250998,309.8652779120387,322.84765625,2453600
2025-06-27,321.869309646757,325.3619412360584,318.8951897328535,319.23760986328125,3402300
2025-06-30,318.88538406758613,323.6595900544518,318.50382258177166,323.4150085449219,4328600
2025-07-01,324.7260198544215,331.54495412538,323.4541779809466,327.1424865722656,2684000
2025-07-02,323.2878498465841,325.08796616623357,313.30891235828983,313.4458923339844,2925600
2025-07-03,313.3970331341797,316.09722318804944,311.77300794642827,312.81982421875,852400
2025-07-07,313.9644650307737,313.9644650307737,303.8094340458242,306.83245849609375,1397200
2025-07-08,305.0616404075677,307.78138567093544,303.87784437383885,305.23773193359375,1599400
2025-07-09,305.71711229498686,305.71711229498686,300.13087864453854,303.06585693359375,983900
2025-07-10,301.32446170986793,305.06167486148473,299.69064386194486,302.0875549316406,989300
2025-07-11,299.3678015841126,300.571153495555,295.5229869841443,296.69696044921875,1590800
2025-07-14,296.8534920062832,297.76332814644655,294.4761666634779,296.49151611328125,926200
2025-07-15,297.17634635081487,298.4677141150177,293.0478090053883,295.88494873046875,1139700
2025-07-16,295.1023152696679,299.81782463881956,293.50763886249604,299.19171142578125,1416200
2025-07-17,296.6382652935767,297.64594003964584,289.5258448902455,291.81512451171875,1696500
2025-07-18,292.3140729697623,292.3140729697623,286.9136936200301,289.3008117675781,2071600
2025-07-21,289.89759724150537,291.1107120520586,287.16805906161744,288.4105224609375,2004300
2025-07-22,289.38886674169675,296.3252255028349,288.9584008419779,293.5467529296875,1392300
2025-07-23,294.66202283689336,298.19376551586856,294.2217641757483,297.7437438964844,1443500
2025-07-24,293.49783387797,296.43281221674965,286.68869249172127,287.55938720703125,1652500
2025-07-25,288.28336622231785,292.37276217184626,287.62787459588947,289.9465026855469,1325700
2025-07-28,288.30296435523525,289.60412512811587,284.61468514920966,286.0528259277344,1193600
2025-07-29,283.9004584704742,290.9541814190385,279.61538529816715,285.8375549316406,1808300
2025-07-30,283.52869195683235,292.23578849991765,281.2296195913745,291.4042053222656,2649700
2025-07-31,286.8354332618069,291.05201638804647,258.49332479105124,261.5848388671875,5452400
2025-08-01,263.6491058517715,265.1263878991983,251.32222018860656,256.5464782714844,3429100
2025-08-04,256.53670043291476,261.74140304476975,254.48220941706185,260.8119812011719,2498200
2025-08-05,262.43598674558206,270.59522316082484,261.5163577865748,264.87200927734375,3150000
2025-08-06,264.9111518391593,268.6483648713435,260.51847701052714,264.1089172363281,2153900
2025-08-07,264.14804719031076,266.29058373934583,261.77072193107233,265.1263732910156,1964200
2025-08-08,264.14804167397966,269.6658150976735,264.13824885921133,268.94183349609375,1518200
2025-08-11,269.46034093583006,273.46169095921556,268.7559449747364,271.03546142578125,1609600
2025-08-12,269.0983656745863,275.6238136799747,268.80487979686245,274.39111328125,1600500
2025-08-13,276.83691958327046,281.16113379881307,275.24224336771096,280.8774108886719,1410000
2025-08-14,275.2618343458004,285.6712390304628,275.0172528055346,284.0570068359375,1990800
2025-08-15,288.8507821067842,293.67392263237315,287.54962152561416,290.4258728027344,2918000
2025-08-18,291.7759652397756,296.5502013639737,291.0520134828932,291.854248046875,1961600
2025-08-19,292.56842759614676,296.0317105787287,291.54119706572226,295.5621032714844,1482000
2025-08-20,296.7752215090711,299.0449451737963,294.7696351369957,297.9687805175781,1588100
2025-08-21,297.7927210681398,298.6732086612967,294.1729022498722,294.4272766113281,999100
2025-08-22,296.1001666219047,301.73533423807055,295.8653779232784,297.7535400390625,1127500
2025-08-25,297.54814133748374,297.54814133748374,292.30429744129094,294.24139404296875,1051900
2025-08-26,293.63482154647846,294.58376923894474,291.49228491462713,293.8109130859375,2487000
2025-08-27,294.7501047499209,295.053383471502,291.81512626534675,293.4489440917969,994800
2025-08-28,292.66627420749154,293.0086943457358,288.46924648635763,292.51953125,1949100
2025-08-29,293.3412938185572,296.40345928412745,291.8835974856235,294.3489685058594,1588800
2025-09-02,294.750100243821,299.7004281569645,293.6348239619284,294.2022399902344,1431100
2025-09-03,293.48806812001044,294.6033743225175,291.3161827548381,293.96746826171875,1514100
2025-09-04,294.25260495346674,298.9526218170098,291.3224573664111,298.9427795410156,1556400
2025-09-05,298.54947301898795,302.40386426244316,298.2053234419448,300.20135498046875,1157700
2025-09-08,301.45992184110395,301.45992184110395,294.2525856410792,295.8553161621094,1210100
2025-09-09,297.60553351960823,299.67037089002815,295.12768066400463,296.9565734863281,1230100
2025-09-10,295.6193071482742,298.88376177936476,294.0264189265919,297.3793640136719,1574100
2025-09-11,299.3852272321626,302.4333317438631,297.9299808794953,300.751953125,1443800
2025-09-12,299.6310993464124,303.1413413201277,297.5465471569797,297.6940612792969,1107100
2025-09-15,297.92015000961527,298.4216259354828,290.7816498071111,292.1680603027344,1053700
2025-09-16,292.27622000559506,293.7609633074232,287.42871916814306,289.2870788574219,1660800
2025-09-17,290.0343700027288,294.685235347843,289.90654044674767,291.62725830078125,1256600
2025-09-18,291.253591313327,292.26635540695156,288.352970854371,288.8446044921875,1179500
2025-09-19,288.91340340794585,290.0048456611053,282.25669491542004,285.50146484375,2573900
2025-09-22,285.24586538283097,285.24586538283097,282.55169242828475,283.7906188964844,1340100
2025-09-23,283.9380576266113,287.19266964756974,282.21734003215573,285.22613525390625,1447200
2025-09-24,283.8889125888225,287.6056614753029,283.8889125888225,286.5535583496094,1348500
2025-09-25,288.0678307919504,288.10716988708225,278.0679888455204,279.3069152832031,1571300
2025-09-26,280.496657720441,281.9814009766366,279.8968790582575,281.3816223144531,1468600
2025-09-29,280.32950997365487,282.9155077437126,278.82511222241504,281.84375,1218000
2025-09-30,282.02072334679207,287.55652283410586,281.6569192608865,283.4267883300781,1692600
2025-10-01,283.1613233314882,287.63517747221994,281.57824740017924,286.7698974609375,1788200
2025-10-02,285.15733790231354,292.099202119457,283.27929389924293,292.0107116699219,1699500
2025-10-03,291.80420841360797,310.1913178296688,290.9979520809696,305.7961120605469,2837000
2025-10-06,304.81284854642894,306.0910839730431,296.3469318981941,297.9201354980469,1555100
2025-10-07,297.7235437579775,304.07544274531404,297.7235437579775,302.0007629394531,1037900
2025-10-08,302.8463169991938,305.6781315176985,300.07349611591326,301.6270751953125,1172200
2025-10-09,302.54152401277787,306.9563846762113,300.02436207478667,301.00762939453125,1153800
2025-10-10,302.35470713811736,303.29863538284985,294.9802020859682,295.697998046875,1108400
2025-10-13,293.75111983528916,296.3076209381722,290.1818545655528,290.4670104980469,845600
2025-10-14,291.3715860935678,298.79527222005794,291.1651083623063,297.0745544433594,1073900
2025-10-15,294.2821060525962,296.13065355003187,287.19272655371356,289.6410827636719,986400
2025-10-16,289.10023596137324,291.2929328066001,284.8623563690287,286.1996154785156,1029000
2025-10-17,286.86823094201293,294.9015378787281,285.6588013766755,294.26239013671875,1729700
2025-10-20,294.9113685350299,303.5346423829232,294.38042577201344,301.70574951171875,1608900
2025-10-21,301.3812807501574,304.41957321746986,299.021415138281,302.3547058105469,1381100
2025-10-22,302.3940408459141,305.84528874411126,298.59861337642343,302.718505859375,923300
2025-10-23,300.87979393657844,300.87979393657844,295.47182378412356,299.9653625488281,1214000
2025-10-24,301.3025947065484,301.3025947065484,295.05884128448696,296.73040771484375,1318300
2025-10-27,296.4059246380861,304.5276917217354,295.9634423726288,304.0065612792969,1375000
2025-10-28,304.4490685454538,306.13044727977984,301.11577788952127,303.2494812011719,1173600
2025-10-29,300.80113406906855,300.8896245218383,293.22996414700714,294.1148986816406,1992400
2025-10-30,260.5658417040541,268.7466330678992,241.50028883007357,242.96536254882812,9349000
2025-10-31,243.90929331528451,244.3714301641408,236.6429482920255,240.32037353515625,5144700
2025-11-03,238.6783125771631,256.69176192071154,235.50234835875492,254.29258728027344,5479600
2025-11-04,253.38797489046576,260.36914815501,251.71640861175464,260.23150634765625,3686500
2025-11-05,257.08505854615987,261.72608137879047,255.12836623134936,255.23651123046875,3202200
2025-11-06,255.23652540517045,260.14304988437425,251.3919614708852,252.090087890625,2882000
2025-11-07,252.69970923060475,261.43112810941045,251.2543050242222,260.1528625488281,3025500
2025-11-10,256.73109447741984,259.1794204183076,252.2277135018763,253.8402862548828,2543300
2025-11-11,255.90517566567144,264.64640699322473,255.1677251371708,263.5156555175781,3298600
2025-11-12,262.0407256487509,271.5194364695432,262.0407256487509,266.0819396972656,2459700
2025-11-13,266.21962797599605,270.8016573067201,265.7673334088934,266.3572998046875,2678100
2025-11-14,267.4487302770563,269.02196410360335,263.210850223589,265.14788818359375,1960300
2025-11-17,265.4330028920397,270.01500181486466,263.8597693099051,266.7898864746094,2003300
2025-11-18,265.67884457241325,269.6217261610497,263.7909580957349,268.0484924316406,2048200
2025-11-19,270.1527007423674,271.3817849131698,266.48510277419547,267.4388732910156,1732700
2025-11-20,266.86857858051656,269.8380349916028,263.0436544219424,265.0888671875,2005800
2025-11-21,267.065215230228,275.403332683042,265.69848929563443,273.4367980957031,1928700
2025-11-24,273.9284403365657,276.298118189486,265.0298830524551,266.9275817871094,2640400
2025-11-25,269.11043765447727,275.5016752925002,266.7014206958321,273.54498291015625,1862100
2025-11-26,273.54499026331837,275.8949836390156,271.38179007875584,273.6924743652344,1103100
2025-11-28,274.27257762828935,275.5508130901885,272.4141880647807,272.6403503417969,562900
2025-12-01,272.43386705216994,274.0267552129754,268.6974334583313,268.992431640625,1978700
2025-12-02,269.87735387336,271.49973877775733,266.77022587114726,269.5135498046875,1534600
2025-12-03,271.3817648218314,273.30896025703,265.5411548740241,265.79681396484375,1925700
2025-12-04,266.9735004610835,269.04006949174095,263.522630426098,265.4112243652344,1551400
2025-12-05,265.4507365895126,266.06378198092193,260.9121910050019,262.464599609375,1095700
2025-12-08,262.46460325897624,262.5239282863571,255.3749607319903,260.5859069824219,2547000
2025-12-09,262.19764461543065,263.51272297633,259.49823512664034,259.76519775390625,1160200
2025-12-10,259.22136280144065,261.1890465568204,258.3215596806323,259.65643310546875,1373700
2025-12-11,261.9405131679742,270.4638830418484,260.8330725591404,269.2081298828125,2084100
2025-12-12,270.79017791980795,272.1843762801125,269.3465520999406,271.62078857421875,1758600
2025-12-15,272.9161292604029,274.8838130864091,271.13628790490475,274.0433349609375,1713700
2025-12-16,274.37952011713253,274.56739276309753,271.60102068006796,273.0149841308594,1600200
2025-12-17,272.49093297165626,274.3993219920524,270.61223664129807,270.77044677734375,1681100
2025-12-18,270.0684068274487,272.44149845572747,267.58653253167324,270.92864990234375,1678900
2025-12-19,270.4144892527076,272.30308309507774,267.68541728722016,268.8423156738281,4195300
2025-12-22,265.97478972232796,272.6491266709312,265.7869170830683,272.5107116699219,1420100
2025-12-23,272.34261867424397,272.8469115937273,270.2266222409666,270.68145751953125,1013000
2025-12-24,270.92864619903685,272.61946981194285,269.50478520643287,271.77899169921875,578400
2025-12-26,272.07561863008726,273.6774545358163,270.8692929198293,273.4104919433594,760200
2025-12-29,273.8950002299792,274.775038361165,272.22394167735234,272.9161071777344,992300
2025-12-30,272.92599393367027,274.2114399291065,271.9174382984332,273.380859375,787700
2025-12-31,273.41051779382826,274.3300858747283,271.5219239932347,272.1448669433594,1200600
2026-01-02,273.55882490473084,277.3557773804302,270.9286381541457,275.9912414550781,1099400
2026-01-05,274.5080687837962,281.97345665989525,274.04333594866023,280.7868957519531,1498900
2026-01-06,281.74599874927253,285.79014872199116,277.61286124273795,281.5680236816406,1720000
2026-01-07,283.78291660671465,283.78291660671465,274.6761631675335,275.9912414550781,1947300
2026-01-08,277.1679170462556,283.5159665795305,276.3768965611827,280.7275695800781,1398600
2026-01-09,283.3181701244218,283.66425287039215,275.08155768289816,275.8231506347656,1696400
2026-01-12,276.366966428562,276.366966428562,267.5271762511188,272.92596435546875,1616600
2026-01-13,273.390716583839,273.40061414647676,267.27999762188847,268.76318359375,1014100
2026-01-14,269.1389436229953,273.5687368316541,267.92272019621356,267.9622802734375,1822500
2026-01-15,268.4962388749691,274.8838184369914,265.9352745472813,274.8244934082031,1656800
2026-01-16,273.222636623997,273.8554469417303,267.7348304719805,269.15869140625,1702700
2026-01-20,267.5371120774974,271.4032874097828,265.3518628621852,268.1995849609375,1512800
2026-01-21,268.4962407921326,273.33141172589103,267.58654005171996,271.8284606933594,1212800
2026-01-22,271.6702457438217,277.5832250129992,271.18574795534226,277.2470397949219,1427800
2026-01-23,276.8514964562098,277.8798472259922,274.6267173971262,276.07037353515625,1024000
2026-01-26,276.36698157202363,278.33466527303267,273.99389009094074,277.26678466796875,1324000
2026-01-27,275.872598007595,278.2358222023644,266.55817658259315,267.0624694824219,2225100
2026-01-28,265.8858102826509,270.5133434658461,262.7711256468655,269.3268127441406,1583500
2026-01-29,270.45399639862654,272.9951955048241,267.1415720002425,268.2292175292969,1554600
2026-01-30,268.4665525457661,271.0373840332031,265.4408556439713,271.0373840332031,1752400
2026-02-02,269.04006917539834,272.7480344552202,265.747409284136,268.4962463378906,1890600
2026-02-03,268.7137853161235,273.6082814495524,268.28858235796577,272.3031005859375,1419900
2026-02-04,266.7757128247936,278.71042354905717,266.14290248220163,268.664306640625,4096100
2026-02-05,274.0927843926331,281.8053395089966,270.87921473156564,281.3406066894531,3927100
2026-02-06,280.539693061496,294.46185256487456,280.3221579047793,288.77630615234375,2865800
2026-02-09,291.6932560401016,293.6708374369836,285.4638867101221,291.0999755859375,1730900
2026-02-10,293.32473742680577,293.57193508689505,284.2674115400762,284.5838317871094,1814200
2026-02-11,283.7334797348511,293.03797289020605,280.02551491957854,291.42626953125,2434200
2026-02-12,291.4262929909401,293.6708370099584,283.2885346914245,284.3860778808594,1412700
2026-02-13,284.4058666805417,290.0320880353752,284.4058666805417,288.17315673828125,1071500
2026-02-17,291.12962692694583,293.9180238316563,286.16590867444773,287.4513244628906,1048200
2026-02-18,287.0854855984889,288.85542938448486,284.38607614893067,286.8679504394531,932700
2026-02-19,286.75917686316933,286.75917686316933,282.09208393787395,282.71502685546875,830400
2026-02-20,282.4381788351863,283.0314290912694,274.0532231684226,277.16790771484375,1943700
2026-02-23,275.9714846106123,281.17250306406993,275.59573932442214,280.0057373046875,1632400
2026-02-24,280.3320327543809,281.52846093163606,274.0631039693779,277.85015869140625,2287500
2026-02-25,280.63857205120183,283.8719066426272,278.67085812065284,281.2516174316406,1759500
2026-02-26,283.5357156668802,286.34387745992336,282.6556775141383,285.58251953125,1215700
2026-02-27,284.55417816161525,287.1250399419312,281.52848112166924,286.5713195800781,2245800
2026-03-02,285.67152633223355,289.0433062588732,284.1784427108468,287.58978271484375,1295500
2026-03-03,279.82774641550384,283.2192910115659,268.7335144142015,280.747314453125,2673700
2026-03-04,277.94906591060254,282.70514666270003,277.6524106015953,281.5482482910156,1422100
2026-03-05,279.2217464928533,280.9616626826206,277.5017041365175,279.6492614746094,1577700
2026-03-06,280.7628278076456,280.7628278076456,266.22704563791376,270.0648193359375,2109000
2026-03-09,267.12188493480244,269.6870051262876,262.94607400905824,268.1061706542969,1677700
2026-03-10,268.3149443012991,268.44420006711914,260.51017167544626,260.9277648925781,2044800
2026-03-11,260.897925365471,262.0313405956074,256.65254119774386,259.3667907714844,2055800
2026-03-12,261.7629067574928,267.3306440801626,261.5640470760045,264.3479309082031,2086600
2026-03-13,268.44419631486454,269.40860815973895,263.83091852527565,265.650390625,1331700
2026-03-16,267.2610518147983,268.2851155015026,264.4871199481996,266.8037109375,1166200
2026-03-17,269.1103678011361,270.0350017044727,259.63528245953177,261.95184326171875,2092600
2026-03-18,261.47457530069227,267.04231275067315,257.7163578317576,263.0852355957031,1650500
2026-03-19,264.9047215380527,267.16163041829276,261.81262620610346,263.0455017089844,1522500
2026-03-20,261.7629064785511,264.6461898066939,259.50599777052867,261.325439453125,3839900
2026-03-23,263.68178091586344,263.9701183543825,257.5075730839362,259.98321533203125,2044800
2026-03-24,260.5101608234416,265.2228683273463,259.10828197381466,264.3379821777344,1319800
2026-03-25,264.83512480778757,269.38875104139146,262.7671234804528,268.8021240234375,1771900
2026-03-26,268.29507615794364,271.5362707506632,268.29507615794364,270.51220703125,1676900
2026-03-27,270.2239057743706,270.2239057743706,258.3228778473349,260.4505310058594,2261600
2026-03-30,262.5085917352895,263.26422213411416,256.3642097266003,256.5928649902344,2393000
2026-03-31,258.00469741892795,265.4614805813247,256.5232928733515,265.2129211425781,1509500
2026-04-01,265.01408054075597,267.3604975892072,263.74145733639057,265.7796630859375,1157900
2026-04-02,265.93873863539665,269.62735239114386,264.1192664634027,268.4640808105469,904500
2026-04-06,269.6273400014072,275.04594791883784,268.08628361330125,274.1014099121094,1045100
2026-04-07,276.7560109200674,277.39233765649925,271.09882592669635,272.6697082519531,1515300
2026-04-08,274.36984582784845,276.18931793376964,270.9099178156015,275.96063232421875,1067600
2026-04-09,274.34002141294627,277.75024969221033,274.2008439024298,276.84552001953125,908000
2026-04-10,276.2688613067574,276.80575823130147,269.58758186728176,269.68701171875,906700
2026-04-13,268.4740317289433,273.55460266102097,267.45992009668896,273.5346984863281,1173100
2026-04-14,272.2819548608497,274.70789756934164,269.9455202568935,271.02923583984375,939500
2026-04-15,269.4086049847933,269.9653756988059,263.3735745456367,267.08209228515625,1886900
2026-04-16,269.03080305905684,274.8769261863837,268.2354249545719,274.7774963378906,1270600
2026-04-17,273.96220245102563,278.3169686916365,273.2264762184629,277.034423828125,1899100
2026-04-20,278.16786001028925,279.38083138155815,276.50746947698394,278.30706787109375,1271600
2026-04-21,282.3635175255758,284.02390789800546,274.3201378680553,275.09564208984375,1975000
2026-04-22,275.44363919634407,279.2018567382643,273.09722229081683,273.11712646484375,1357900
2026-04-23,274.6780524381554,278.7444811971452,273.832974623519,278.1081848144531,1694500
2026-04-24,277.7204369366792,278.5953710730394,270.76077219601666,274.0517272949219,1594700
2026-04-27,273.72359313816304,282.8009886706683,273.72359313816304,280.9516906738281,1467900
2026-04-28,283.0296693260567,287.2352755257062,282.65185413214266,283.2782287597656,1800000
2026-04-29,281.7371495012921,291.5701755223587,281.7371495012921,290.6355895996094,2120400
2026-04-30,292.07723016827106,292.07723016827106,278.50589014649154,288.9056091308594,2412500
2026-05-01,287.414249252056,288.468169232168,279.6890324857858,281.2698669433594,1520000
2026-05-04,281.3692877043386,282.4132252216738,275.81150223486105,277.7403259277344,1598000
2026-05-05,277.6309521943783,279.1620868945167,272.43110794471215,274.07159423828125,1840300
2026-05-06,274.9266336965576,283.1788258866333,274.17103357849726,280.3551940917969,2579100
2026-05-07,281.6675636896133,283.92450297110133,279.13226937252125,282.4033203125,1201000
2026-05-08,284.0239338516778,286.80778763511603,282.16468362510835,286.400146484375,1659200
2026-05-11,288.71672856723495,291.3116746545645,285.34624786982937,287.4043273925781,1695800
2026-05-12,288.32895065085904,296.98875305230945,284.779514562556,296.77001953125,2291500
2026-05-13,296.57119545403924,301.5821320117963,294.80145342192117,298.97723388671875,2224300
2026-05-14,299.1661303149038,299.1661303149038,292.52462948445555,293.23052978515625,1409800
2026-05-15,292.30589660994593,294.5628053648306,283.2682791618907,283.6261901855469,2177800
2026-05-18,284.5906057751269,288.6471128139259,282.10501138331864,285.03802490234375,1375000
2026-05-19,284.43154418079496,291.56024275032024,279.70891450282727,289.6015930175781,1259600
2026-05-20,289.5916250929364,290.67534062402837,281.36928963681925,281.4687194824219,1291400
2026-05-21,279.89780908818597,283.8350125456418,278.05849346734954,280.3949279785156,1158400
2026-05-22,282.44304948702376,284.9087700546416,280.33527029067506,284.5906066894531,1435100
2026-05-26,281.3693013992141,282.60214657938354,278.05850282851753,279.2117919921875,2321800
2026-05-27,279.8779438916571,284.98834080596504,279.4703027480009,284.10345458984375,1422900
2026-05-28,284.48126611523213,287.00663861889115,282.36353474993086,282.6916198730469,1531800
2026-05-29,282.5623790554598,285.65444387607977,274.54882526406027,275.8015441894531,2400100
2026-06-01,274.0317990626235,276.37821588975527,271.49650498064716,272.61004638671875,1077900
2026-06-02,272.1228930018726,275.48339121713764,269.8957797383751,271.1485290527344,1300500
2026-06-03,270.9198513422803,273.17679059139306,268.8717238794709,269.1700134277344,1408300
2026-06-04,277.0,284.1199951171875,275.55999755859375,280.67999267578125,2551000
2026-06-05,283.0,290.32000732421875,283.0,289.4800109863281,1703900
2026-06-08,287.510009765625,291.3999938964844,286.260009765625,289.6099853515625,1512300
2026-06-09,290.79998779296875,295.0400085449219,289.3800048828125,295.0,1685500
2026-06-10,298.0,298.0,290.3900146484375,295.80999755859375,1472400
2026-06-11,296.8699951171875,297.2200012207031,293.3999938964844,294.8399963378906,1132500
2026-06-12,296.2200012207031,299.2699890136719,295.25,298.0,1324100
2026-06-15,296.6000061035156,298.0,291.489990234375,293.8299865722656,1125100
2026-06-16,295.67999267578125,295.7200012207031,288.3699951171875,291.8800048828125,1081900
2026-06-17,290.1300048828125,291.1499938964844,284.1099853515625,285.0899963378906,1047600
2026-06-18,284.8299865722656,286.19000244140625,279.20001220703125,279.2699890136719,2445700
2026-06-22,282.260009765625,284.25,279.3900146484375,282.0799865722656,1498600
2026-06-23,286.7300109863281,286.7300109863281,281.0400085449219,283.0799865722656,1401900
2026-06-24,283.6400146484375,283.6400146484375,275.2900085449219,279.4599914550781,2698100
2026-06-25,278.8999938964844,285.5,278.8999938964844,281.8699951171875,1264300
2026-06-26,284.1600036621094,289.0,280.7099914550781,282.7900085449219,3279700
2026-06-29,283.1000061035156,284.3500061035156,278.44000244140625,278.739990234375,1370900
2026-06-30,279.4700012207031,279.6400146484375,275.6099853515625,275.67999267578125,1458600
2026-07-01,276.739990234375,279.54998779296875,273.6600036621094,277.07000732421875,2225400
2026-07-02,280.3800048828125,287.7699890136719,278.7900085449219,287.7699890136719,2108800
2026-07-06,287.1300048828125,287.3800048828125,275.79998779296875,281.9800109863281,1771000
2026-07-07,286.5299987792969,289.9100036621094,284.3399963378906,286.6199951171875,1095700
2026-07-08,287.42999267578125,291.7900085449219,284.2300109863281,289.7300109863281,1196500
2026-07-09,290.260009765625,296.6000061035156,288.67999267578125,291.79998779296875,1196800
2026-07-10,293.57000732421875,294.2300109863281,289.30999755859375,293.4599914550781,761500
2026-07-13,295.75,305.25,294.8800048828125,304.5,1283400
2026-07-14,304.5,305.44000244140625,298.5199890136719,303.3500061035156,1027900
2026-07-15,300.1099853515625,304.8299865722656,291.5199890136719,297.80999755859375,1655900
2026-07-16,290.0,291.94000244140625,278.8599853515625,283.82000732421875,3402200
2026-07-17,286.57000732421875,289.6600036621094,279.75,281.45001220703125,3033700
2026-07-20,281.2300109863281,285.75,281.1400146484375,283.94000244140625,1663400
2026-07-21,282.0,290.5400085449219,280.55999755859375,290.489990234375,1353800
2026-07-22,291.67999267578125,293.2099914550781,284.6600036621094,284.8500061035156,1411200
2026-07-23,285.54998779296875,289.9599914550781,283.5,286.2900085449219,1039800
2026-07-24,288.0799865722656,290.57000732421875,285.92999267578125,289.57000732421875,1084200
2026-07-27,289.6499938964844,293.3299865722656,286.7099914550781,291.0199890136719,1313500
2026-07-28,293.5799865722656,304.69000244140625,291.8900146484375,301.05999755859375,1858800
2026-07-29,303.0,303.0,296.2200012207031,296.4700012207031,1719300
2026-07-30,286.0,291.95001220703125,281.0299987792969,287.6600036621094,2320600
2026-07-31,285.1099853515625,287.3500061035156,278.9700012207031,279.04998779296875,2189900
2026-08-03,279.04998779296875,283.8299865722656,276.7099914550781,282.05999755859375,1789300
2026-08-04,276.2699890136719,276.9800109863281,272.0799865722656,274.04998779296875,2799200
2026-08-05,268.239990234375,272.5199890136719,263.1099853515625,270.5,4640900
2026-08-06,273.3699951171875,276.7300109863281,269.010009765625,275.25,2978300
2026-08-07,274.489990234375,283.29998779296875,273.0299987792969,282.489990234375,2289000
2026-08-10,282.5400085449219,285.739990234375,277.5799865722656,278.3999938964844,1457900
2026-08-11,279.4800109863281,279.8900146484375,270.9100036621094,273.8699951171875,1740400
2026-08-12,272.82000732421875,279.07000732421875,272.4599914550781,277.4100036621094,1531900
2026-08-13,278.5899963378906,280.32000732421875,277.239990234375,277.989990234375,1399900
2026-08-14,278.5400085449219,283.0,277.69000244140625,282.55999755859375,895800
2026-08-17,280.0,280.1199951171875,274.6099853515625,275.3299865722656,893500
2026-08-18,278.5,282.5799865722656,277.7300109863281,278.5,920800
2026-08-19,279.6099853515625,282.75,276.9100036621094,277.45001220703125,1125700
2026-08-20,277.239990234375,278.79998779296875,274.0400085449219,274.4100036621094,1088700
2026-08-21,274.80999755859375,279.3900146484375,274.25,277.510009765625,2057400
2026-08-24,278.510009765625,281.7300109863281,276.9599914550781,280.45001220703125,1971700
2026-08-25,278.8699951171875,279.54998779296875,276.25,279.32000732421875,1644800
2026-08-26,279.70001220703125,286.010009765625,279.3999938964844,280.8699951171875,1228300
2026-08-27,277.7900085449219,281.79998779296875,276.30999755859375,277.6700134277344,1228600
2026-08-28,280.67999267578125,280.67999267578125,277.6499938964844,278.8800048828125,1602400
2026-08-31,278.989990234375,278.989990234375,275.5899963378906,276.0799865722656,1421600
2026-09-01,278.11578931805417,281.99424839927065,277.171022846766,281.49700927734375,1304800
2026-09-02,281.5368028203022,285.2263086847825,279.15006105471787,281.2782287597656,1493000
2026-09-03,282.48153303632296,284.94785000682566,279.3986747595289,284.6793518066406,1666400
2026-09-04,281.49701822156146,283.098144026555,280.07492157144134,280.9599914550781,1204700
2026-09-08,279.1000061035156,279.3699951171875,275.260009765625,275.8299865722656,1590200
2026-09-09,279.0,282.45001220703125,272.3399963378906,278.1700134277344,1551400
2026-09-10,280.55999755859375,285.5,278.94000244140625,280.9100036621094,1546800
2026-09-11,283.010009765625,285.0,277.510009765625,280.760009765625,1342100
