Date,Open,High,Low,Close,Volume
2015-01-02,133.46149892879313,134.17423635324155,131.26847908596997,132.22401428222656,274700
2015-01-05,131.5033905749656,131.92633850336435,130.5635235522738,131.51123046875,334200
2015-01-06,131.8323699737431,132.72524553675618,131.3467625966245,132.34146118164062,395900
2015-01-07,132.7252532449582,133.87658247505206,131.59740784700708,133.23434448242188,296700
2015-01-08,134.5971154089935,137.13475476896824,133.8687105160356,137.03294372558594,348200
2015-01-09,137.14268485680472,137.69093989693735,134.1977515822692,134.40139770507812,305400
2015-01-12,134.8948148523993,135.3412587609658,132.35717394412796,132.9210968017578,232400
2015-01-13,134.2604447893352,135.24730410987485,131.01789336348602,132.4120330810547,279700
2015-01-14,132.02033633603685,132.29446972577978,129.6471667600139,130.79067993164062,223600
2015-01-15,131.11178088314705,132.4119364646717,130.2032495157136,131.5425567626953,232600
2015-01-16,131.44857578943865,133.90007242037987,131.44857578943865,133.69642639160156,259500
2015-01-20,134.65196011448185,134.65196011448185,131.0177987638507,132.4980926513672,447100
2015-01-21,132.3571236230742,133.2891508171079,131.52689554477487,132.7878875732422,229600
2015-01-22,133.7356452385627,136.06182403569332,132.63129531445767,135.67803955078125,239500
2015-01-23,135.37253525906306,136.6256993834099,134.75379309146678,135.29421997070312,179300
2015-01-26,134.94958029033262,137.08777977437515,133.3987991662732,136.92330932617188,285300
2015-01-27,135.63883138921256,137.72221170725547,135.09057655579574,136.86849975585938,219100
2015-01-28,137.18959501294688,137.73784972767558,135.16887453489852,135.2158660888672,233300
2015-01-29,135.12975319917334,135.90514993541407,133.4458249161661,135.77200317382812,218300
2015-01-30,134.34654387651182,135.9051654715942,133.59465478971322,134.22906494140625,274100
2015-02-02,134.24475482573123,136.1714935067851,133.47719770286926,135.92869567871094,311200
2015-02-03,136.461221765158,138.23131704944336,135.35688413725217,137.9650115966797,484900
2015-02-04,137.69872251174235,140.1032279011798,137.15829559614585,139.40615844726562,484300
2015-02-05,140.2598742397899,142.57821255224863,138.8422395103566,142.4137420654297,318400
2015-02-06,144.30130266477263,144.5910919385346,142.21792238855087,143.032470703125,391000
2015-02-09,142.12393281733364,142.64869183434982,141.44251932868184,142.02993774414062,255700
2015-02-10,142.71921981846543,143.1421559395707,141.84201189258087,142.4685821533203,271600
2015-02-11,142.86799976418322,143.24394421959747,141.86547324903944,142.55470275878906,233900
2015-02-12,142.9776776220226,143.9018770718926,142.18661299178163,142.62522888183594,246700
2015-02-13,142.41376113183142,143.4711073989765,141.14494083083272,142.09263610839844,315600
2015-02-17,141.82633986160334,142.78970296254383,139.68813962988523,140.04058837890625,399600
2015-02-18,140.04054310812086,140.78460399353585,138.8735342997576,140.76893615722656,331300
2015-02-19,140.93346554727938,140.9412934925151,139.64897741599884,140.17373657226562,175600
2015-02-20,139.6332458439824,140.3146472513926,137.8944867103337,140.1580047607422,244800
2015-02-23,140.37733365198588,140.37733365198588,138.31746119897286,139.17117309570312,378300
2015-02-24,139.04586645068207,141.32505297326904,138.9205476426707,140.706298828125,321600
2015-02-25,140.65146999656642,141.04308228235115,139.10068869115534,139.1868438720703,268200
2015-02-26,138.6307452812798,139.97006451958148,138.6307452812798,139.5157928466797,197800
2015-02-27,138.94403351593098,140.16587388031226,138.32529136597438,138.967529296875,252600
2015-03-02,139.58631553808212,140.96478679211526,139.07722423233054,140.87863159179688,225000
2015-03-03,140.5183613900555,140.97263319898167,139.0850586009596,139.84478759765625,175900
2015-03-04,139.5862897603682,139.82908747522902,138.87355250308983,139.4766387939453,256600
2015-03-05,139.77429332029615,140.83163955593238,139.0693838788108,139.66464233398438,199100
2015-03-06,138.8892203414528,139.9465663853039,138.50543598344314,139.4766387939453,214500
2015-03-09,140.09869949219348,140.1853167505804,137.5868110141284,139.5553741455078,346300
2015-03-10,138.38997578475588,138.96479280357298,136.37416924055773,136.9411163330078,342100
2015-03-11,137.20889490722405,138.62626322608384,136.93329117308252,138.54751586914062,302700
2015-03-12,138.87820693505986,140.7680350086539,138.49237619825865,140.6420440673828,214700
2015-03-13,140.79165868324887,140.79165868324887,138.63410884208855,139.66563415527344,214700
2015-03-16,139.79947674052892,140.70502300747586,139.7837368860873,139.933349609375,322000
2015-03-17,138.85460334512115,140.10660694840442,138.53175602145922,139.64202880859375,291800
2015-03-18,139.46089799292542,140.3191887024696,138.2718900929649,139.84674072265625,438300
2015-03-19,139.74437248108669,140.1853287377968,137.75218738299185,138.6656036376953,347800
2015-03-20,139.4057709849615,139.72861824428463,138.48448481811667,139.4451446533203,497400
2015-03-23,139.6813226193198,141.36641166706278,139.6813226193198,140.5159912109375,257200
2015-03-24,139.91760645394362,140.46880177263023,138.69709480996536,139.12229919433594,288200
2015-03-25,138.90180052828433,140.00420301780866,137.79154012736774,137.9017791748047,259900
2015-03-26,137.71281733889566,138.18527734932528,137.16949193144873,137.36634826660156,344400
2015-03-27,137.22464088715256,138.25616633693693,136.11436808380756,136.6970672607422,278600
2015-03-30,137.48447218873713,139.22467549985785,137.48447218873713,138.98057556152344,319800
2015-03-31,138.66560668110495,138.97270208199365,136.59467419950644,137.0120086669922,473500
2015-04-01,137.05136578592305,137.96478195036568,135.81510238859295,136.30331420898438,447300
2015-04-02,136.55532770141605,137.19314042900794,136.01988413287552,136.93328857421875,284600
2015-04-06,136.7599873635513,139.25613553606152,136.4214003334606,139.16163635253906,305200
2015-04-07,139.17741240078516,140.0986984979137,138.59471339257615,138.69708251953125,280100
2015-04-08,138.6655971905288,141.1853556939728,138.02777261834598,141.1223602294922,332700
2015-04-09,141.08301133034982,141.87830668061915,140.5633076685144,141.74444580078125,252000
2015-04-10,141.61841510331885,142.28771925787763,140.93334706668875,141.7050323486328,397600
2015-04-13,141.73655523633624,142.25625882250708,140.97275172746123,142.1381378173828,223700
2015-04-14,142.59487667554382,144.4059576747771,141.46098206680094,144.3744659423828,450900
2015-04-15,144.13028349603144,145.05945135210388,143.83107013149404,144.48463439941406,385200
2015-04-16,144.29568869895746,144.9020095545967,143.17754619560563,144.72877502441406,249900
2015-04-17,143.9492519431301,144.29572108124862,141.94919648466313,142.51614379882812,357100
2015-04-20,143.86256775891457,143.92556321065615,142.54756924358773,142.988525390625,261000
2015-04-21,143.14600976998162,144.0436739418018,140.81523810269428,141.7050323486328,262700
2015-04-22,141.72864654916654,142.22471618652344,140.37427443053008,142.22471618652344,265700
2015-04-23,142.35861771726118,143.5633895057373,141.7444269314575,143.04368591308594,266700
2015-04-24,142.7286868949519,143.92557655873748,141.90976997667016,143.53973388671875,234200
2015-04-27,143.79961083769538,144.5004189052627,141.42946490472207,141.89404296875,267800
2015-04-28,141.93342911321082,143.90986255238167,140.76016093544496,142.74447631835938,448500
2015-04-29,141.40583351230396,142.71296236340447,141.01999079886164,141.27197265625,320900
2015-04-30,140.95704650487582,142.07518936884432,140.27986003625705,140.87831115722656,303200
2015-05-01,142.13026160191367,142.34286978960623,140.8467545636503,142.32711791992188,381700
2015-05-04,141.83104361957012,142.8546989301284,141.82317369189172,142.76808166503906,243000
2015-05-05,142.4531112082291,143.21691469597334,141.04361321944077,141.62631225585938,531500
2015-05-06,142.09085874971348,142.09085874971348,140.39789956864055,141.5002899169922,240000
2015-05-07,141.28771820057827,142.19326451998293,140.60266202284564,142.03578186035156,342600
2015-05-08,142.72083864960643,143.16179490452632,141.8310441968994,143.04368591308594,222000
2015-05-11,142.55546159596767,143.665734079166,142.2247444336618,143.57911682128906,272300
2015-05-12,143.1539163336035,143.6342462283882,142.4216045854174,143.358642578125,228300
2015-05-13,143.2878619138401,143.77606202453345,142.68154073383616,143.69732666015625,212600
2015-05-14,144.05158762333048,145.53195104573447,143.53975396455033,145.4846954345703,210900
2015-05-15,145.61064829373922,145.83112636089572,143.9570627900654,144.2405242919922,202000
2015-05-18,144.35870050527984,145.54770853778845,143.73662770871658,145.35873413085938,218200
2015-05-19,144.69726413579025,146.16975756960608,143.88621706416055,145.44532775878906,200500
2015-05-20,145.68947285263596,146.01230818382248,144.69730900924554,145.90206909179688,170100
2015-05-21,145.67367345018505,146.66582495471394,145.40595174477892,145.57130432128906,310000
2015-05-22,145.24851544577663,146.33515448364085,144.555577149337,145.19338989257812,282000
2015-05-26,145.05954193166286,145.05954193166286,143.6264216026322,144.0831298828125,198500
2015-05-27,143.88621673534502,145.23271923850962,143.54762963531397,144.94137573242188,216300
2015-05-28,144.4610506500601,145.22484213619288,143.45313521333432,145.00436401367188,286100
2015-05-29,145.38232731101198,145.67367080777768,142.7601997946533,142.92555236816406,468700
2015-06-01,143.4954864543381,144.29496601110424,142.5218609222966,144.19998168945312,282400
2015-06-02,143.82799049737378,145.37947003370627,143.65384446538613,144.53248596191406,199400
2015-06-03,145.13404340236048,146.0047612299378,144.57202463063385,145.55357360839844,191000
2015-06-04,144.49281165226895,145.5455984997546,143.70916709362746,144.6748809814453,200300
2015-06-05,145.37945858093133,146.09978874028118,143.88339475371455,144.54830932617188,212900
2015-06-08,144.6195310268502,145.42693410289118,142.52187979020485,142.68019104003906,262300
2015-06-09,142.6801603355912,143.25800170840438,141.83317660976715,141.91233825683594,183200
2015-06-10,142.6643361236357,144.619510582547,142.49019014992413,143.86752319335938,285200
2015-06-11,143.69338797456186,146.35305786132812,142.50603556222646,146.35305786132812,261700
2015-06-12,146.012694800793,146.012694800793,144.88865717913967,145.20529174804688,163500
2015-06-15,144.39789840965648,145.15780934778292,143.13139628394526,144.32666015625,185000
2015-06-16,144.1683198635356,146.44011672824058,144.03375471919,145.42691040039062,270200
2015-06-17,145.68023318013175,146.40056327428013,144.7936804971026,145.7277374267578,235700
2015-06-18,145.97311614237762,147.08923036743556,145.41109732318654,146.87550354003906,230800
2015-06-19,146.9626063125423,147.42962881507904,145.838580524807,146.30560302734375,272100
2015-06-22,146.9784343116103,147.667107124729,145.8227510574085,146.90719604492188,299800
2015-06-23,147.70665426112927,147.9124576773934,146.24224802868054,147.4612579345703,191500
2015-06-24,147.38209764340436,147.9203582676306,145.72772286330687,145.74354553222656,240200
2015-06-25,145.9573043827204,146.07603481754433,144.4849865990241,145.09449768066406,244200
2015-06-26,145.1814979740429,146.59048812730833,145.1814979740429,146.05221557617188,319800
2015-06-29,145.3081864614507,145.56939334961004,143.3688346261405,143.5667266845703,330100
2015-06-30,144.50080266587173,145.07073283608656,143.19470765980674,144.07334899902344,248900
2015-07-01,146.4401377101584,147.68290575753437,145.30027740841518,147.07339477539062,426500
2015-07-02,147.0892090722865,147.8253617024229,146.1314062335193,146.23431396484375,220900
2015-07-06,144.76199294915725,147.07337059055263,144.76199294915725,146.98629760742188,271300
2015-07-07,147.24755120290325,148.53779942949748,145.71981797185032,148.51405334472656,307100
2015-07-08,144.19212882266595,148.79114012913303,144.1604593170258,147.3900604248047,515200
2015-07-09,148.7673585528353,149.29770790121475,145.7593963885325,146.31349182128906,278100
2015-07-10,148.0787004050098,149.29771037729128,147.2079703688268,148.51405334472656,211600
2015-07-13,149.68552171283238,149.74883652728587,148.16570044181276,149.519287109375,314000
2015-07-14,149.46398015917316,150.37427916489332,148.79905339426722,149.5906219482422,242400
2015-07-15,149.6143024383449,150.54043579101562,148.98105753552107,150.54043579101562,321800
2015-07-16,151.22911317334427,152.0760849010213,150.54836401053598,151.61697387695312,211700
2015-07-17,151.97322004534726,151.97322004534726,150.20010249768654,150.63546752929688,341700
2015-07-20,151.0311982136914,152.2739538690124,150.10506497188163,150.88079833984375,316000
2015-07-21,150.98373859864031,153.54841210456908,149.93095133318712,150.73834228515625,292200
2015-07-22,150.59581160376553,151.87023656354714,149.8754818268522,150.6907958984375,398000
2015-07-23,150.6274975195341,151.22909704197647,149.1710150264961,149.55096435546875,280900
2015-07-24,149.30557275335087,150.08131819607232,147.61954089561527,148.57733154296875,385100
2015-07-27,147.53250332012286,148.86233226380872,147.25544958433477,147.6670684814453,303200
2015-07-28,144.86490883379378,146.5984453265685,142.48229262205064,142.7672576904297,612900
2015-07-29,142.52976165493237,145.1261042661752,142.4901808310643,145.02320861816406,647700
2015-07-30,144.6749140993939,145.49022832729705,143.70127657885715,144.84906005859375,600300
2015-07-31,145.0707536232595,145.55361086225855,144.61164247155742,144.95201110839844,291900
2015-08-03,145.18947641738,145.61693012297815,143.9862890513682,145.4744415283203,229100
2015-08-04,145.5219507457074,145.71193153471225,144.85703610175568,145.07867431640625,203100
2015-08-05,146.17100678536238,146.17100678536238,144.88074657708398,145.9889373779297,249700
2015-08-06,146.32141275069444,146.64594659112956,144.95199082353477,145.64857482910156,283400
2015-08-07,145.48238111694403,145.96523842429795,145.03910465348034,145.83067321777344,174900
2015-08-10,146.76463067254795,148.04696701022823,146.5192465169049,147.0812530517578,270600
2015-08-11,145.96517838404907,147.39792704192055,145.96517838404907,146.67759704589844,266400
2015-08-12,145.88605863833158,146.41640801729974,144.9361789733382,146.36099243164062,270500
2015-08-13,146.43224323048136,147.05757695441446,145.79898609235744,146.40057373046875,182000
2015-08-14,146.44804811342584,147.00215559096276,145.86229529647082,146.99423217773438,388400
2015-08-17,146.49560818129453,147.48506894197746,145.70403957274817,147.20010375976562,234800
2015-08-18,147.19214554721844,148.3161712562286,146.9784186914901,147.4217071533203,158700
2015-08-19,147.12088596374386,147.21587029546652,145.49816851936336,146.22640991210938,247700
2015-08-20,145.09444737406596,145.64854267509034,144.13664457786035,144.27120971679688,265500
2015-08-21,143.1471908286086,144.38995870404216,141.94401585734315,142.1973114013672,409600
2015-08-24,138.20249595228327,139.0141913390648,133.42783720606135,135.13079833984375,578700
2015-08-25,137.60566736022628,137.60566736022628,133.48355102539062,133.48355102539062,399500
2015-08-26,135.83911095696075,136.6030621043294,133.93720469989177,135.8948211669922,386800
2015-08-27,137.62958420761612,139.65086391903472,136.4597914330571,139.5474090576172,389700
2015-08-28,139.1335679618238,139.42004800320888,137.90807742747927,139.20518493652344,343700
2015-08-31,138.74364485115356,140.71716727391603,137.45447859711726,139.9054718017578,409500
2015-09-01,137.7489168666548,139.3802489759237,137.24757378653828,137.6454620361328,454300
2015-09-02,138.79939241711702,139.53947117882197,137.45452763949316,138.90284729003906,349100
2015-09-03,139.49962236769136,140.06461688077442,138.823207488134,139.18927001953125,273000
2015-09-04,137.66938416337942,138.73572214383367,136.70648890828318,137.6295928955078,258100
2015-09-08,139.24499109764506,140.26358421102995,138.5765416437214,139.95323181152344,245400
2015-09-09,140.97180938016382,141.65617769112265,139.04603160806718,139.21315002441406,309500
2015-09-10,140.0089340163519,141.09119065540318,138.85506039902054,140.23175048828125,262300
2015-09-11,139.12567403526353,141.43342214097152,138.87898514412964,141.05145263671875,200200
2015-09-14,141.34586312898017,141.95066123314544,140.39888684911264,140.9798126220703,212700
2015-09-15,141.06736450952496,141.21856405267135,140.0885502489218,140.573974609375,319700
2015-09-16,140.58983993898988,141.32991843572592,140.1919516687796,140.7012481689453,240500
2015-09-17,140.8365441928337,141.80739265018923,139.96915058272373,140.10443115234375,299600
2015-09-18,138.79936611664402,139.66675977767446,137.3669656739493,137.5500030517578,500400
2015-09-21,138.69591883727782,139.9850853773965,138.39353194139883,138.95852661132812,294500
2015-09-22,137.971756179352,138.19457266464266,136.6905553176369,137.3749237060547,231200
2015-09-23,137.37495018741495,138.69593042125447,137.31128658754713,137.63755798339844,236700
2015-09-24,136.74623794784975,138.25822066192774,136.71441222893458,137.9239959716797,215200
2015-09-25,139.26092177902223,139.74634604921266,138.12296693235623,138.32986450195312,265800
2015-09-28,138.1230141383972,139.5872408450213,135.94258087515115,136.04603576660156,272000
2015-09-29,136.06190461752942,137.07254448477326,135.32183807226647,136.90542602539062,249500
2015-09-30,138.409385540053,138.46509571734532,136.9053686067576,137.93988037109375,338300
2015-10-01,137.95580675127988,138.6242560593892,135.79129382185295,137.02474975585938,295300
2015-10-02,135.61624430973112,138.19456481933594,135.28201960076908,138.19456481933594,218200
2015-10-05,139.3006936574123,140.12034256870035,138.44920688286987,139.4837188720703,167300
2015-10-06,139.36437258041263,140.3033832257888,138.68000415616336,139.53147888183594,259600
2015-10-07,140.43869760736487,141.68010757281962,139.71454988924384,140.86045837402344,280900
2015-10-08,140.56599318960707,142.7862047986011,139.61901699139423,142.41220092773438,232700
2015-10-09,142.53156719097154,143.23980797804833,140.74902298702378,140.75698852539062,277600
2015-10-12,140.75696561660516,142.260982869886,140.08850405980155,141.8710479736328,152600
2015-10-13,141.79146979117778,142.61908426104804,140.4068262683595,140.41477966308594,218500
2015-10-14,140.55804808895712,141.50502434305466,140.45459322814634,140.8445281982422,235900
2015-10-15,141.05141769051932,142.0143128239806,140.57394682155544,141.81536865234375,292200
2015-10-16,142.49973755291998,142.92149822675762,141.64825066709656,142.05409240722656,254800
2015-10-19,141.8631366997004,142.49976058241617,140.6615059336443,141.04348754882812,501100
2015-10-20,141.56864494266983,142.9851262458187,141.0911862929783,142.9771728515625,289400
2015-10-21,143.2397726056512,143.99575786588608,142.3564601888796,142.61111450195312,157800
2015-10-22,143.47056156052534,144.87113618379618,143.09655772008836,144.52894592285156,375100
2015-10-23,145.19743486968304,145.19743486968304,141.80741805652713,142.65890502929688,465300
2015-10-26,143.12838708230916,144.18677147155296,142.4917633412302,143.8764190673828,300500
2015-10-27,143.080634813088,145.59529177811677,140.44661621534064,144.54486083984375,388900
2015-10-28,145.04619226636004,145.09393691559094,143.42280133699217,144.98252868652344,280600
2015-10-29,145.01438510494185,145.69080015914105,144.17086374305782,144.83135986328125,284000
2015-10-30,145.03831345457056,145.41232962063498,141.41753777356217,141.6244354248047,274800
2015-11-02,141.6959950487239,142.73846056664718,141.46522515206297,141.91085815429688,283600
2015-11-03,141.82333402207496,142.48383018478583,140.94002133972543,141.4731903076172,315500
2015-11-04,140.85247364814748,142.61114546977012,140.33522365845243,142.60317993164062,355100
2015-11-05,142.65890108744318,143.64565648421467,142.4042466995089,143.2159423828125,199600
2015-11-06,144.08332066468034,144.66423422876466,142.83395761787534,144.10719299316406,242800
2015-11-09,143.7092587053715,144.87109760458796,142.8577842623695,143.56602478027344,176600
2015-11-10,143.18410422246575,144.08333583197327,143.1204527682009,144.05946350097656,186800
2015-11-11,144.4811861162258,145.10985638030988,143.7411197652505,144.57667541503906,273400
2015-11-12,143.29551646631495,145.205375692863,143.29551646631495,144.4891815185547,396400
2015-11-13,144.39368031672643,144.98255944822088,143.47854196540138,144.1390380859375,305600
2015-11-16,143.74114577233632,145.01438117636266,143.0965686035509,144.89501953125,189400
2015-11-17,145.00641678243196,145.84993805748474,143.93211348754772,144.08331298828125,138100
2015-11-18,144.4653002735411,146.5741158651601,143.80481628202537,146.5104522705078,184500
2015-11-19,146.57408133657583,148.18155333075265,145.83400284784932,148.0621795654297,234600
2015-11-20,148.6987762706193,148.6987762706193,147.28229527211727,147.7040557861328,165900
2015-11-23,147.54491431947912,147.9348370082246,146.7252655484372,147.36984252929688,175400
2015-11-24,146.54226243797217,147.80755651564144,145.0302916889225,147.0595245361328,232500
2015-11-25,147.3221478384688,147.75186192388566,146.31946140151427,146.95608520507812,147700
2015-11-27,146.90038688635914,147.62453447081205,146.10461016897386,147.55291748046875,81100
2015-11-30,147.96927856942887,148.08939733825338,146.58399674123066,147.68902587890625,307200
2015-12-01,148.033340404176,149.97113681345203,147.54488673195252,149.6188201904297,238800
2015-12-02,149.63482074595015,149.73091820175438,147.27263165147033,147.75308227539062,225600
2015-12-03,148.0733807197238,148.4577339038656,146.4718948643709,147.14451599121094,364700
2015-12-04,147.2646712564174,149.96317168155002,147.07248850753618,149.66690063476562,226500
2015-12-07,149.62684261126603,151.40449310983166,148.89816352381357,151.19630432128906,345300
2015-12-08,150.55571970108338,151.3404445107362,149.55479083527163,149.90711975097656,305000
2015-12-09,149.38658999504798,150.85195093417477,148.15345133380634,148.44972229003906,264700
2015-12-10,148.6980041902869,149.65089051730172,147.17659705499383,147.64903259277344,318200
2015-12-11,146.15959571964012,148.08938897714555,145.91937041392148,146.50392150878906,194300
2015-12-14,146.38380585208043,147.69702370371834,146.02347399504183,147.48081970214844,267800
2015-12-15,148.32961695411203,149.41862777039736,146.84823772414128,147.09646606445312,348400
2015-12-16,148.14542769755369,148.14542769755369,144.39795708969191,145.6230926513672,378200
2015-12-17,145.54299771166637,146.40780134709934,144.93443762082006,145.66311645507812,244500
2015-12-18,145.5830854151294,146.15161833113106,144.3899861440686,145.02256774902344,573100
2015-12-21,145.46293515270162,146.1435591790934,144.27782705081052,146.07949829101562,254900
2015-12-22,146.43989782212688,147.8812255859375,145.2868258363826,147.8812255859375,204900
2015-12-23,148.61785977990462,148.61785977990462,147.15249907634427,147.7450408935547,215900
2015-12-24,147.3847688936266,148.75404493227063,146.8883120954417,148.1935272216797,72100
2015-12-28,147.77710964391463,148.41770642928518,147.0083910577965,148.3616485595703,237500
2015-12-29,148.75403194993874,150.04322868096966,148.4737670099182,150.00318908691406,195700
2015-12-30,149.7549245323982,151.34039188336726,148.7940355990341,148.9862060546875,138500
2015-12-31,148.38565176780102,149.52270511939588,146.60800170898438,146.60800170898438,169600
2016-01-04,145.48698884550893,146.11957040125358,143.73335982639293,144.99853515625,278300
2016-01-05,144.99852550973165,145.35885737034138,143.5411675698149,144.42999267578125,386900
2016-01-06,143.12478573665064,144.56611313555288,142.91658476959887,143.2208709716797,300600
2016-01-07,141.47525928919694,143.67730241333967,141.47525928919694,141.71548461914062,296600
2016-01-08,142.0438141850806,142.41216137721804,140.0739808361833,140.2021026611328,307200
2016-01-11,140.57846400375658,141.31514622792577,139.30528534084587,140.65052795410156,386400
2016-01-12,142.1798533098132,142.1798533098132,139.18508382223143,140.658447265625,330200
2016-01-13,140.95478590286854,141.7635319146925,138.34436818462655,138.3523712158203,254900
2016-01-14,138.4724870724748,140.5624268809709,138.13617646423472,139.7696990966797,243200
2016-01-15,137.26336423086588,139.32928264665847,137.1272393864383,138.6967010498047,481200
2016-01-19,139.8738400244457,140.73064125852036,136.33455594662405,137.11929321289062,515600
2016-01-20,137.30343065730662,138.10417381750864,133.7801656397662,135.90213012695312,297300
2016-01-21,136.16633730790136,136.91102236589435,134.14045867815818,135.60581970214844,385700
2016-01-22,137.24732917819128,138.5205196844782,136.318476693345,138.08010864257812,283100
2016-01-25,137.8879300987931,138.72871261894508,135.79799056281198,136.41456604003906,379600
2016-01-26,136.6547759401639,139.25719016889474,136.11026445567907,138.53651428222656,269000
2016-01-27,138.20823946102837,139.737649225102,137.66372789594692,137.95199584960938,209700
2016-01-28,138.16017940342113,140.06595148169572,137.81586580924142,139.69761657714844,206900
2016-01-29,140.08197088956598,143.35700655863613,140.08197088956598,143.28494262695312,412800
2016-02-01,143.02066887642917,145.4869581128256,142.74040401519756,144.63015747070312,414900
2016-02-02,143.1808664714058,143.5572166919847,141.22705142457986,141.4993133544922,444000
2016-02-03,142.3640561066219,142.93258886699152,140.5623848183825,142.2919921875,355900
2016-02-04,144.14974264428858,146.83222407228135,144.14974264428858,146.18362426757812,461300
2016-02-05,145.78329530325092,146.73618160256706,143.2369379620871,144.1417694091797,356500
2016-02-08,142.80450833107778,150.88400253138528,142.43617338138725,150.0192108154297,589200
2016-02-09,148.09738614426965,151.7087441804696,147.4087468116008,150.46759033203125,532400
2016-02-10,150.53969508873476,151.2683742048176,147.77713397891856,147.8091583251953,352900
2016-02-11,146.16763754555998,147.25664863127864,145.8473451985009,146.471923828125,333100
2016-02-12,147.64098933044446,149.39461834944146,146.7521641654063,148.6659393310547,247400
2016-02-16,150.18731861528696,150.18731861528696,147.88919067382812,147.88919067382812,310000
2016-02-17,148.56185647290647,148.99426456039996,147.5929642287115,148.39370727539062,312900
2016-02-18,148.38566915195662,149.69888705734695,147.40075877750573,148.8821258544922,338300
2016-02-19,148.35366622080517,149.9871766438878,147.88121854194884,149.3786163330078,495000
2016-02-22,150.2353628898974,150.7478378022493,148.66591381635467,148.9862060546875,249500
2016-02-23,148.7780521869512,149.7549596266747,148.3056167482696,149.34657287597656,508000
2016-02-24,148.3696456924404,150.31545728154902,147.58492107619767,150.2593994140625,217400
2016-02-25,150.43560857022973,152.06913140474285,149.29855478694384,151.57266235351562,252800
2016-02-26,151.9249674093948,152.14117144258802,148.7700380045411,149.6348419189453,234800
2016-02-29,149.03431262952344,150.0432568281743,148.69800196943015,149.04232788085938,255500
2016-03-01,149.71490939436887,152.9579207650812,149.17039783825314,152.89385986328125,292900
2016-03-02,152.85380952697986,153.6865767551016,152.4534380826514,153.62252807617188,206600
2016-03-03,153.8867849513916,154.36723564209905,152.78977094359757,153.7266387939453,234400
2016-03-04,153.83872590946817,155.09589815892102,152.18119441830729,155.02383422851562,360000
2016-03-07,154.6532941859107,156.23212186668215,154.14580771425878,156.11129760742188,438700
2016-03-08,154.9915931221252,155.70044916475513,153.96051861341104,154.97547912597656,313300
2016-03-09,155.4507866203685,156.3852020299947,154.66942349403746,155.74884033203125,262100
2016-03-10,156.13549013687037,156.99739868559976,154.18611389650926,155.96632385253906,222200
2016-03-11,157.16652829229233,158.04455063733707,156.54626844966845,157.94789123535156,248300
2016-03-14,157.1262314213966,158.1009253480046,156.7717972662664,157.73037719726562,219100
2016-03-15,156.7637675547091,157.64178991744825,155.20909249029913,155.6038055419922,396600
2016-03-16,154.82245120386483,157.27126276514826,153.89609908757868,157.17459106445312,234900
2016-03-17,157.1262622793358,157.955954991162,156.38517812369398,156.86849975585938,304400
2016-03-18,156.2885163768584,156.99737252435398,154.08941650390625,154.08941650390625,1644900
2016-03-21,154.33105984268806,157.18263498248004,154.2102355958232,156.19989013671875,288000
2016-03-22,155.48301521800374,157.2148954704455,154.91914808637492,155.87771606445312,202800
2016-03-23,156.14352659981483,157.48070587585315,155.6279892308023,155.7327117919922,214600
2016-03-24,155.4104699628886,156.1274014926584,153.18721769685456,154.1457977294922,242600
2016-03-28,154.65330041824225,156.93294576872827,154.5969075673953,156.60267639160156,263900
2016-03-29,156.1032782952208,158.9065248109844,156.1032782952208,157.70628356933594,270700
2016-03-30,158.34259460921055,159.1078435080794,157.73038565701313,158.52786254882812,208100
2016-03-31,158.14928137030645,159.48646052675846,157.0134841726678,159.0353546142578,258100
2016-04-01,158.47146973561988,160.6625061839939,157.60149829658508,160.51751708984375,242800
2016-04-04,160.96060500095223,161.06531527900117,158.62456651115414,159.33343505859375,194700
2016-04-05,158.60843162363295,160.21948735283746,157.25515071096345,157.6256866455078,189800
2016-04-06,157.84316509408666,158.1089907348713,156.1354501438829,157.81900024414062,284000
2016-04-07,157.02156850973296,158.2137588099266,156.05493735957805,157.2632293701172,375800
2016-04-08,158.21376489826486,158.21376489826486,156.5463159596912,156.98130798339844,179400
2016-04-11,157.02154474501052,158.342622276319,156.61072994850025,156.9651641845703,264900
2016-04-12,156.9651495553696,159.05146363343323,156.27239514708307,158.86619567871094,174400
2016-04-13,159.99395441408086,160.41283238159946,158.39096169094032,160.348388671875,191600
2016-04-14,160.08253008018852,160.67862505410153,158.64064078198942,159.1964569091797,278100
2016-04-15,159.2931482260808,160.68670810399416,158.7776108423141,159.23675537109375,334300
2016-04-18,158.93064130084417,160.49336723783776,158.80980475304972,159.38978576660156,307900
2016-04-19,159.84090926122323,160.63033552198323,158.5842875940626,159.4059295654297,320800
2016-04-20,159.79262640932123,160.13900992967797,158.38295204777722,159.17237854003906,209900
2016-04-21,159.1239736832931,161.08946369781944,153.14695822569348,154.33108520507812,422100
2016-04-22,154.79021091199334,156.6509779940426,153.87190979521404,155.764892578125,321200
2016-04-25,155.72465141600424,156.36906386933188,153.7591614757678,155.81324768066406,372900
2016-04-26,152.6959004684377,155.4105261575108,149.5140670192524,149.6912841796875,667800
2016-04-27,149.44156870928106,151.43122399515315,148.54743207355966,148.86158752441406,725900
2016-04-28,147.98352313941012,149.50597024729757,146.2999606323301,148.49099731445312,436200
2016-04-29,147.84658968656618,149.4254298250001,147.25050688959698,148.94210815429688,491000
2016-05-02,149.3932164918982,150.27928984710343,148.67629712016247,149.87652587890625,423200
2016-05-03,148.5876805267828,149.78790922067395,148.2332462872997,148.7890625,552600
2016-05-04,147.77407207842484,148.8857043728579,147.01687398171703,147.210205078125,351000
2016-05-05,148.1043237713926,148.75679924334824,147.20213667845414,147.5485076904297,302800
2016-05-06,146.74301538930402,147.88686352704775,145.69582666587152,146.22747802734375,317800
2016-05-09,146.64632485373744,147.74184305183488,145.55080665563997,145.59913635253906,332500
2016-05-10,146.23552379810351,147.62103271484375,145.34945051783092,147.62103271484375,499600
2016-05-11,147.1376858755061,148.75679205326242,146.8074165837412,147.0732421875,404400
2016-05-12,146.89609175990287,148.6118703937449,146.2194511659361,148.28160095214844,328600
2016-05-13,147.71770293047473,148.6118393469141,146.96855562900294,147.7257537841797,380100
2016-05-16,147.90297997737434,149.2562609656769,147.3713286070924,148.43463134765625,327500
2016-05-17,148.39436223437878,148.74879650449816,146.1066657708208,146.72691345214844,312100
2016-05-18,146.63018801550072,147.70959204935568,145.65550650286514,146.5576934814453,319800
2016-05-19,145.4783634002962,146.8558094130647,144.3345028106413,144.90643310546875,382400
2016-05-20,145.38165516491003,146.63022572402838,144.3828085507185,145.0433349609375,719300
2016-05-23,145.23667114044267,145.48638280272644,143.0456344454546,143.57728576660156,324800
2016-05-24,144.38283049866635,145.77639037502004,143.875343969874,144.67282104492188,276200
2016-05-25,145.00304695127474,145.4783176688231,144.07669494830708,144.261962890625,233600
2016-05-26,144.02838994051368,144.47948359464257,143.30340746090917,144.25393676757812,295800
2016-05-27,144.3917619458079,145.17817508756548,143.15133964402983,144.74037170410156,353900
2016-05-31,144.65117803411914,145.55919627622353,144.05934559923472,145.21058654785156,363700
2016-06-01,144.22963246299074,145.45384921950364,143.74319928713336,145.11334228515625,342300
2016-06-02,145.12142632480345,145.12142632480345,143.92964602397865,144.1890869140625,474900
2016-06-03,143.71881348418484,144.991659376806,142.73781994306884,144.1971435546875,326500
2016-06-06,144.64306752207554,144.90249599007856,143.49992952129887,144.018798828125,446500
2016-06-07,143.58105406170836,144.4079941671128,142.73788343513152,142.94056701660156,485500
2016-06-08,142.84325676866763,146.29697991266636,142.7054334429376,146.045654296875,539400
2016-06-09,145.95645824051903,146.94555482681207,145.1051849659789,146.27264404296875,321800
2016-06-10,145.78621320757037,146.80773372993778,144.81332238152052,145.21058654785156,345900
2016-06-13,145.15386298726713,145.58356354552566,142.2352269426615,142.41358947753906,267300
2016-06-14,141.87851057140762,142.6162817953768,140.41108338425812,140.79212951660156,279700
2016-06-15,141.1407506977362,141.1407506977362,139.04905443203103,139.2274169921875,184500
2016-06-16,138.49770737689542,140.3623982755313,138.08423744061665,140.192138671875,222500
2016-06-17,140.11109115814483,142.2838528881863,139.4219621359985,142.19467163085938,619500
2016-06-20,143.11083362598418,143.7350901802688,141.69204848671518,141.95147705078125,290800
2016-06-21,142.29190653452216,142.73781266684432,141.4325305544929,142.15408325195312,232300
2016-06-22,142.3892596636939,143.0135161264724,142.21900002877612,142.3162841796875,208800
2016-06-23,143.72693656652172,144.05122524986368,142.42165420421676,143.84043884277344,170800
2016-06-24,140.04621896902617,141.37582245593163,139.22736957514232,139.8597412109375,372000
2016-06-27,138.79769459492357,139.2273827375394,137.16812328259678,137.18434143066406,287800
2016-06-28,138.10045845834188,141.0758514404297,138.10045845834188,141.0758514404297,248400
2016-06-29,142.17844495932158,142.60003018421307,140.72723626344447,140.970458984375,440400
2016-06-30,141.40015687920098,148.1130351646713,141.1650370300683,148.09681701660156,731900
2016-07-01,146.98611197480307,148.43732074016947,145.997015267593,147.1644744873047,300900
2016-07-05,145.93215605852728,146.78342944303313,144.97549564013823,145.65650939941406,402900
2016-07-06,145.34032568366368,146.58885092727903,144.5620153967966,146.55642700195312,295800
2016-07-07,146.5726062209423,147.26173512476836,145.62404884904933,146.63746643066406,471700
2016-07-08,147.49686162794325,147.52929792240732,146.39427503259873,147.3266143798828,216400
2016-07-11,147.326599227006,147.44820439168467,146.68611237084394,146.90501403808594,225400
2016-07-12,147.37522197248424,147.9751695714955,146.84013457640543,147.71572875976562,292300
2016-07-13,147.71579905922218,148.19412936632028,146.9375009952701,146.9699249267578,241700
2016-07-14,148.04818634073823,148.04818634073823,146.56454113411027,146.71047973632812,265100
2016-07-15,147.08337032431075,147.08337032431075,145.63216181345447,145.737548828125,327000
2016-07-18,145.26736151576594,145.77002517863085,144.09179929070103,144.09991455078125,254100
2016-07-19,143.67829911329116,145.21868896484375,143.10267245543773,145.21868896484375,373000
2016-07-20,145.68892943265934,146.88070966496855,145.3565254504078,145.6240692138672,256900
2016-07-21,145.45377918516022,145.98075129798062,144.45656753169166,144.78086853027344,170700
2016-07-22,145.21058568447964,147.02663452871155,145.13762258420596,146.9536590576172,187800
2016-07-25,146.4185804549445,147.4482038341853,146.37804127659808,147.09959411621094,247900
2016-07-26,149.30482856148342,151.3559853082912,148.42923405113814,149.80747985839844,488300
2016-07-27,149.89665431591874,150.90196923490976,149.26428259341847,150.79656982421875,293200
2016-07-28,150.52094199922564,153.30987013531714,150.52094199922564,153.25311279296875,335100
2016-07-29,153.0503510652659,153.48003906060475,151.77750522175776,153.23681640625,283500
2016-08-01,152.6126138737184,153.9989624608718,152.4018150594028,153.76385498046875,342100
2016-08-02,153.6665417054288,154.23406549363372,153.32603485499854,153.97462463378906,310300
2016-08-03,153.76383367444117,154.37998714215283,153.69087057382154,154.3232421875,230300
2016-08-04,154.1124689964768,154.64755656485983,153.8692462498642,154.25840759277344,263800
2016-08-05,154.72859245840502,154.81777369531852,153.2854868944005,154.7691192626953,183100
2016-08-08,154.76913306620858,155.547443236944,153.8367938096299,154.50970458984375,148400
2016-08-09,154.46915699796727,155.5150108463425,154.2502553414297,154.8258819580078,211000
2016-08-10,155.1421081157169,155.41775479445715,154.48541534602623,154.9556427001953,365600
2016-08-11,154.85019375690277,155.47446239975207,153.57733544090786,153.60977172851562,320600
2016-08-12,153.6178785117705,154.29078923228184,153.6178785117705,153.8773193359375,188700
2016-08-15,154.1205764245944,154.63944581795093,153.34226614914851,154.1448974609375,129900
2016-08-16,153.72331579534475,154.56647394013993,153.5125293518516,153.76385498046875,167100
2016-08-17,153.83682039885912,153.83682039885912,152.19913378769968,152.93690490722656,240300
2016-08-18,153.17200285886514,153.7881687536728,152.97743457277588,153.4557647705078,179000
2016-08-19,152.8153153537498,153.4395718687588,152.16672542815417,153.16392517089844,209100
2016-08-22,152.63693461510695,153.37469335131593,152.32885165374827,153.35037231445312,125800
2016-08-23,153.89358480741794,153.89358480741794,152.53154480330852,152.59640502929688,155000
2016-08-24,152.4585529649292,153.68275702640872,151.6153825567569,153.50439453125,138200
2016-08-25,153.09900923370017,154.63129603532522,152.80714449192303,154.1124267578125,148800
2016-08-26,154.2583810583276,155.10153908128456,153.78003853630236,154.10433959960938,197700
2016-08-29,154.41244970253226,155.45018854617524,154.10436673085542,155.13400268554688,157300
2016-08-30,155.53934586025704,156.4716851498683,155.32044418404138,156.3419647216797,143800
2016-08-31,156.2690034372911,156.9338113613738,154.68807435917145,156.77976989746094,255700
2016-09-01,156.09873020854715,156.82839828382058,154.80156313720548,156.1473846435547,182600
2016-09-02,157.11793854625313,157.2729052821703,156.04134784403746,157.1097869873047,181700
2016-09-06,157.1097692090724,157.62359115749965,156.04133018670765,157.2239532470703,222600
2016-09-07,156.75093712861826,159.11618378643954,156.28603686790515,159.1080322265625,243200
2016-09-08,159.04278896291484,159.16512459175735,157.55838362559854,157.60733032226562,182900
2016-09-09,156.64488833990913,157.10978855229166,154.37751041684535,154.4019775390625,224700
2016-09-12,153.9126136505258,156.26154436193184,153.1296284499721,155.70693969726562,213600
2016-09-13,154.52432441295215,155.50304662953462,153.7658062946392,155.0463104248047,184700
2016-09-14,155.32363361221476,155.56015330528268,154.02682619011196,154.06759643554688,227200
2016-09-15,154.32046858878385,155.60911220986222,153.83110111473326,155.36444091796875,186800
2016-09-16,154.24701189842216,154.99736602371655,153.40694084265084,153.50482177734375,374300
2016-09-19,153.80661541711126,155.76406018673583,153.80661541711126,155.3154754638672,150000
2016-09-20,155.40518844892858,156.6775412064101,155.40518844892858,156.0168914794922,209100
2016-09-21,156.46549262247544,158.0885493142663,156.30237428622092,157.974365234375,146200
2016-09-22,158.0314717464564,159.58112725663452,158.0314717464564,159.1651611328125,182700
2016-09-23,158.30871870906415,158.7002050883691,156.816162109375,156.816162109375,296600
2016-09-26,156.04953935880928,157.1098272146103,155.61727016642703,156.171875,283600
2016-09-27,155.82111450032005,156.6856525705076,155.25834586535314,156.2696990966797,261100
2016-09-28,156.9875041838659,157.68077278161078,155.63361057312258,157.5176544189453,251800
2016-09-29,157.1750561055466,157.47682561038124,155.22576299635185,155.29100036621094,237800
2016-09-30,155.2910113968926,155.60909648935117,154.6222225247289,154.9403076171875,379100
2016-10-03,154.9728953612701,155.2012634617897,153.1867332418767,153.45587158203125,228400
2016-10-04,154.2143842460072,155.82927645552277,151.59629029629966,155.06260681152344,372200
2016-10-05,156.37576639823172,156.4083975306265,151.22930665701168,151.4005889892578,368500
2016-10-06,151.51478003953784,151.65343124577402,149.28817184345704,150.26690673828125,486700
2016-10-07,150.98461429620687,155.51121915907953,150.69099634712515,154.80979919433594,390300
2016-10-10,155.40514704586616,156.69380258034528,154.4998263040225,156.11473083496094,136900
2016-10-11,155.60096635226503,157.08537195153465,154.78536216237154,155.12791442871094,189300
2016-10-12,155.89454055010182,156.9058939416143,155.33177182599923,156.44915771484375,182700
2016-10-13,156.11475579729492,158.2026999279843,155.4704217044647,157.72149658203125,195000
2016-10-14,158.16193805350207,159.03464037264317,157.49314919479002,158.6023712158203,225100
2016-10-17,158.36588329008487,159.8584406322613,158.06411368561984,159.49957275390625,233900
2016-10-18,160.20913503007918,160.42120009755038,159.29566226292042,159.32012939453125,150200
2016-10-19,159.73607508470968,159.73607508470968,158.23535401550217,159.54847717285156,222300
2016-10-20,159.2303725605233,159.2303725605233,156.92221164382337,157.08534240722656,136300
2016-10-21,156.416555803081,157.4605280721609,155.87010254076034,157.34634399414062,190000
2016-10-24,158.9775244716377,158.9775244716377,157.2076653486764,158.3413543701172,274400
2016-10-25,160.8370841827589,164.68673552872826,160.01332873633905,164.53176879882812,527300
2016-10-26,164.07509794166634,166.97864694705942,163.7733283654719,166.04885864257812,492500
2016-10-27,166.45662501711027,166.9133612868636,163.66726070243394,164.16477966308594,462200
2016-10-28,163.84663547042652,166.08139420699584,163.25939977972402,164.00160217285156,218300
2016-10-31,164.8499069757179,166.3750952003892,163.9772170058385,165.99176025390625,334800
2016-11-01,166.3750794013218,167.2640848544335,164.98039096004922,166.2527313232422,515300
2016-11-02,166.26088342044014,167.10095456020215,165.14349745730524,166.92967224121094,417200
2016-11-03,167.5984756831749,169.7516698127274,167.05202247949592,167.8186798095703,417300
2016-11-04,167.76975795503768,168.97684851734914,167.21515315037294,167.56585693359375,278300
2016-11-07,168.242804531976,169.27862517300204,168.12046890100575,168.91160583496094,237300
2016-11-08,168.36511036167522,170.28178454181938,167.87575547928157,169.58851623535156,304300
2016-11-09,169.539596005051,170.06974606120758,168.09598591528243,169.54776000976562,263600
2016-11-10,170.4530769060749,171.23604974219438,169.32753945338322,170.87718200683594,402700
2016-11-11,170.9587912367814,172.54921688544405,170.17580575467636,172.52474975585938,300400
2016-11-14,173.7236546838372,175.1835803905345,172.5654984793605,172.96514892578125,333900
2016-11-15,174.69422545005216,175.04492920180803,172.0842950987575,172.96514892578125,241200
2016-11-16,172.9814455969168,174.15591732249834,171.85592056417545,173.78074645996094,310700
2016-11-17,173.78888515235343,175.24065913756215,173.022215474633,173.6094512939453,343600
2016-11-18,173.6665711836237,174.10700435711857,172.4431650607855,172.48394775390625,263800
2016-11-21,172.6797028530033,175.09388404497065,171.32579704601662,171.99459838867188,268600
2016-11-22,172.33711453522858,172.87541612097323,169.80873735015766,170.0534210205078,495700
2016-11-23,170.12688215044372,172.10880688685157,170.12688215044372,171.0077362060547,225900
2016-11-25,170.87720561187186,171.594941181737,170.11869979428033,170.58358764648438,136300
2016-11-28,170.50157692492064,172.38053486861168,169.51696975949423,171.20721435546875,312700
2016-11-29,171.31384704916655,174.16922369082496,170.93642040845978,173.87384033203125,346000
2016-11-30,173.93127017751243,174.19383872874033,172.24922639108692,172.75794982910156,422200
2016-12-01,173.2009996876865,174.48920302649563,172.72510363054434,172.80715942382812,230100
2016-12-02,173.64405397177964,173.85738147324798,171.87995484980092,172.26559448242188,234900
2016-12-05,172.85642399551602,173.00412195028454,170.60822750150652,171.95387268066406,455000
2016-12-06,171.5845667011259,173.24199576538348,170.71483053986768,172.98764038085938,412700
2016-12-07,172.1097156012883,173.70971586425668,171.8963880755385,173.68508911132812,317400
2016-12-08,174.530200940028,175.08814017464752,172.78251550696527,175.01429748535156,503500
2016-12-09,174.81739444744625,176.3107246921708,174.05432818302194,175.8922576904297,266800
2016-12-12,175.35892456443756,178.42762818319278,175.30969610059984,178.33737182617188,357500
2016-12-13,179.06763119904326,179.37121508615076,177.62352942262754,177.9025115966797,387000
2016-12-14,178.11582533405306,180.1096531733366,176.86865003823115,177.76300048828125,408200
2016-12-15,177.4513054802816,178.50155493657348,175.0225957876309,175.13746643066406,558900
2016-12-16,175.5968998120921,177.24612878501517,174.53845007779194,175.83485412597656,1230900
2016-12-19,176.19586226799512,179.28096731273712,175.1456132093614,179.18251037597656,454500
2016-12-20,179.9947664973756,179.9947664973756,177.41837287235066,178.09939575195312,209200
2016-12-21,177.42665176955109,178.20613185388373,177.10665415514262,177.62356567382812,203900
2016-12-22,178.18972415900004,178.3456226850818,176.87691884665225,178.23895263671875,163200
2016-12-23,178.64914037224318,179.4040059638073,177.55786361445203,178.4276123046875,104600
2016-12-27,178.61636840979855,179.19892201302238,177.74663203093004,178.38662719726562,112800
2016-12-28,179.12505356100968,179.12505356100968,176.61430172779347,176.88507080078125,122000
2016-12-29,176.9589447098782,178.0666354293026,176.90971623700733,177.3281707763672,126800
2016-12-30,178.18151644260794,178.18971701524603,176.95075446914723,177.55792236328125,152300
2017-01-03,178.71479923807763,179.59274858050662,176.19584684018247,177.2624969482422,231500
2017-01-04,178.00918255478197,179.57635561470988,177.13944620276737,178.7066192626953,263900
2017-01-05,178.72301286965774,179.97017569638496,178.18147472334036,178.690185546875,234200
2017-01-06,178.69844428421104,179.9620337035852,177.09845607652497,179.5435791015625,241200
2017-01-09,179.67472825774522,179.68294134548697,177.77935794212607,178.0255126953125,296600
2017-01-10,178.6409516807697,180.16709662518016,178.05838565856763,180.0358123779297,277900
2017-01-11,180.15890099494231,180.9055535667494,178.9527535451586,180.58555603027344,274200
2017-01-12,179.78969953654354,180.69226329725225,178.84612039394997,180.33123779296875,268900
2017-01-13,180.92198186372,182.21018520448283,179.73224797903825,179.89634704589844,231000
2017-01-17,178.5917384516849,181.2255615920511,178.22251242975906,178.7640380859375,239500
2017-01-18,179.46146205380853,182.21016811576328,178.72301006221582,181.4799041748047,335300
2017-01-19,181.88195667340287,183.05528930003965,179.08402216060867,180.01119995117188,188300
2017-01-20,180.50349862617725,180.6593845769033,178.94452643932817,179.37939453125,227900
2017-01-23,179.21536369408508,180.0522853962692,178.4686983766459,179.8143310546875,148900
2017-01-24,179.98660457275255,180.42147273672012,178.50968792156252,179.18251037597656,206700
2017-01-25,180.24094369738725,180.93838032288568,179.18249416311335,180.42965698242188,204700
2017-01-26,181.094323653226,182.03790283203125,179.51073672501985,182.03790283203125,278200
2017-01-27,181.7096767685418,182.27581667699852,180.5281434431504,181.43069458007812,105100
2017-01-30,180.3394345440582,181.6686659198415,179.0758578257984,180.87277221679688,151600
2017-01-31,181.39789154197769,182.01327247887693,179.83891898985857,180.4542999267578,295500
2017-02-01,180.78252459008985,182.81738087326153,179.74047595074143,180.10150146484375,317000
2017-02-02,180.5937962556091,183.3589039098521,180.355841950195,182.30865478515625,358500
2017-02-03,183.36707872627875,185.27066282238823,181.0696543937159,181.83273315429688,257100
2017-02-06,182.5301550119315,182.89116789614704,180.24093143546983,182.2347717285156,288900
2017-02-07,182.86658995339704,188.6922009968016,182.86658995339704,186.9527282714844,672100
2017-02-08,186.90348350573584,188.67578352212095,186.77221176078464,188.27374267578125,331100
2017-02-09,186.8952934716591,188.5445098876953,186.78862343541272,188.5445098876953,369900
2017-02-10,188.7578088085803,189.54548923080023,188.1260143407912,189.29934692382812,292400
2017-02-13,188.93010446405867,191.55573920297863,188.69216273232064,191.2439422607422,206400
2017-02-14,190.02962512771148,192.35986444217943,190.02962512771148,191.64602661132812,290400
2017-02-15,191.52292842755935,192.3516367951473,190.0952403539367,192.08908081054688,199700
2017-02-16,191.95780276752504,193.96804443072864,191.88396006821336,193.23779296875,275000
2017-02-17,193.22141260296135,193.22141260296135,191.7198816223922,192.91781616210935,250800
2017-02-21,193.2952632668729,193.8039741866006,191.60501890265456,191.9496307373047,247000
2017-02-22,191.285010854686,193.13115363085672,190.9157722834863,192.7455139160156,246400
2017-02-23,193.49215947599072,194.01728397823933,192.4993395083248,193.13113403320312,193400
2017-02-24,192.35163867338613,194.6244487983134,191.93318420011408,192.8439483642578,194100
2017-02-27,192.77009949757692,192.77009949757692,191.17011183338013,191.2029266357422,166700
2017-02-28,191.4162445208272,193.0736736557162,191.1618891254637,192.93418884277344,336300
2017-03-01,194.75575317352695,197.34034801774803,193.6398619428883,196.22445678710935,286300
2017-03-02,195.5926362575915,196.2818597445006,194.38648889552329,194.60801696777344,273300
2017-03-03,194.5587797252404,195.57621376948185,192.87674897429287,193.32801818847656,200100
2017-03-06,193.8560270379284,193.8560270379284,191.85980882833584,191.9175567626953,211500
2017-03-07,191.3648539628445,191.52982825435345,190.46572078866748,190.9029083251953,393800
2017-03-08,191.16687552972812,193.022864612541,191.16687552972812,192.23922729492188,215300
2017-03-09,192.14019209250233,192.8495927178766,191.14208966722728,191.9834747314453,142900
2017-03-10,192.0082342236114,194.13643625472292,191.98348871286717,193.8394775390625,244000
2017-03-13,193.9385008157875,194.35918717461223,193.179608955912,193.84776306152344,230300
2017-03-14,193.1301167409953,193.77352532666052,192.7754100358693,193.60855102539065,118700
2017-03-15,193.82301409405613,194.99434798214045,193.01463121656488,194.9036102294922,194300
2017-03-16,194.99438457742707,195.00262888858515,193.30336937165916,194.4004669189453,169600
2017-03-17,194.392139224724,195.06029315723265,193.0558187729775,194.6643524169922,266000
2017-03-20,194.71390868108125,194.99436627494717,193.5178291652256,193.98800659179688,128100
2017-03-21,194.7963304214216,194.7963304214216,192.2391978510204,192.5856475830078,170000
2017-03-22,192.59389574570463,193.81473302007228,191.82675973524871,193.3775329589844,184400
2017-03-23,193.3528059135086,193.98797012222212,192.6599063694926,193.05584716796875,128600
2017-03-24,193.0640904431457,194.84584279068483,191.9917387939751,192.5279083251953,126100
2017-03-27,191.0019198730025,192.09076036270804,190.49874005799376,191.1833953857422,165000
2017-03-28,190.8204106594944,193.59202130752303,190.7709196350756,192.8661193847656,238600
2017-03-29,192.43715957968269,193.3692824148567,191.83499785669517,192.5526428222656,150600
2017-03-30,192.3217010816401,194.16120147858967,191.60405602373584,193.7570037841797,142100
2017-03-31,193.31980808648905,194.40040407540167,192.80838405185384,192.8661193847656,173800
2017-04-03,193.55080979760984,194.62316167308543,192.1567536181648,192.85791015625,226800
2017-04-04,192.7918641838569,195.0850403959491,192.7918641838569,194.76333618164065,150400
2017-04-05,194.57367063966444,194.95311028704745,192.42072257872064,192.85791015625,186900
2017-04-06,192.6599293921055,193.23734574778604,190.89467791232084,192.72592163085935,303900
2017-04-07,192.12371434907885,193.5260144776393,191.8762466589259,191.88449096679688,236800
2017-04-10,191.78554783205172,193.41881477962676,191.40609561860896,192.7424163818359,128800
2017-04-11,192.5279497432969,194.1777179933225,191.58758234425156,193.3115997314453,145900
2017-04-12,193.8560076335652,193.8560076335652,192.04126513256128,192.48670959472656,147300
2017-04-13,193.11360442916532,193.60028299527968,190.1522737261193,190.24301147460935,245700
2017-04-17,190.0532665626484,193.8477379573571,190.0532665626484,193.4847869873047,158100
2017-04-18,192.32170374808396,193.50953874779495,192.2804696165719,192.94862365722656,134300
2017-04-19,193.270336418585,193.41880950671143,191.8185324276683,192.3712158203125,179800
2017-04-20,192.1567200817618,194.243675538338,191.57930381473628,193.80648803710935,139500
2017-04-21,193.78173905178664,194.1776798296895,192.7918808136643,192.8001251220703,209300
2017-04-24,194.84587338065683,197.97217849455456,194.36743910555384,197.46075439453125,722200
2017-04-25,202.26157232997636,208.66268079663996,199.4322259991513,207.80479431152344,860800
2017-04-26,209.0090897512503,213.06750450311304,208.720375347219,211.92092895507812,491300
2017-04-27,210.99707771829972,211.83846294210983,209.1163431615933,209.44630432128903,401800
2017-04-28,208.47290327222672,209.68548360489163,206.82313548212255,207.63153076171875,285200
2017-05-01,208.6214428664249,210.32894642563144,205.46213522099393,206.4932403564453,200000
2017-05-02,205.64361498927587,207.3676197906274,204.32379535388043,204.56301879882812,261000
2017-05-03,205.07442103455463,205.5941020058532,203.4246529598104,205.1321563720703,224500
2017-05-04,205.88277657661524,206.19623649702083,203.6143457745281,204.8846740722656,275100
2017-05-05,204.53824222723347,205.34662502314276,203.2184227922245,203.26791381835935,246000
2017-05-08,203.05344052306208,204.44749644244268,202.0058343597304,203.07818603515625,214300
2017-05-09,203.8041623823861,204.2908410802771,199.9519417698496,200.49636840820312,262000
2017-05-10,200.06736180792967,201.83261308198428,199.78690426596097,201.27169799804688,221000
2017-05-11,199.8776732881786,202.50905569994936,199.7044546679223,201.61817932128903,250000
2017-05-12,201.00776176606945,202.3853293601181,200.80154073048212,201.23048400878903,196600
2017-05-15,202.1955403085076,203.0451697302015,201.3624120893238,201.84909057617188,195100
2017-05-16,201.9976179808796,202.904982918829,199.95189639554877,201.71714782714844,280200
2017-05-17,201.71715122747705,201.71715122747705,198.09591055076655,199.3332366943359,193000
2017-05-18,198.7145617302201,202.33580219021272,198.23614005966292,201.14797973632812,248300
2017-05-19,200.7272935101085,204.11756765844547,200.1993681905327,201.22222900390625,269700
2017-05-22,200.6530155481162,202.0140689950456,200.1745813593205,201.24693298339844,369700
2017-05-23,201.78309902883095,203.3421291229292,199.21770955264495,203.1441650390625,241600
2017-05-24,204.19178361767104,204.5547345982951,202.92146777221808,204.2412872314453,303500
2017-05-25,204.0267880001952,205.7178025721748,203.7793203041224,205.4043426513672,254600
2017-05-26,205.4126625072145,206.2251237743908,204.36805679918248,206.1505126953125,189700
2017-05-30,204.80745882170797,206.2665874542996,203.6219294579616,205.8271942138672,225600
2017-05-31,207.32778323818428,211.11651611328125,205.71114639541344,211.11651611328125,718300
2017-06-01,211.52270143743263,212.26885009423785,210.12161229932315,211.9040679931641,275800
2017-06-02,211.53928073216423,212.17763674324,210.3786092888562,211.8460235595703,195400
2017-06-05,211.912359734703,212.2191025780436,210.4034905750899,210.6439208984375,194400
2017-06-06,209.60763941778973,210.80146732710844,208.61278704343553,208.98585510253903,220300
2017-06-07,208.54646456483908,209.7402924896124,208.3889438455656,209.27601623535156,204200
2017-06-08,208.8034024800868,210.98379621763817,208.2893983123902,209.8894500732422,290600
2017-06-09,210.84288913714283,212.60876036408047,210.17135155560533,211.8791961669922,252600
2017-06-12,211.87919936264245,214.2834266480616,211.29057139470785,213.9932556152344,251800
2017-06-13,213.8938129094045,213.8938129094045,211.01702301833288,211.62222290039065,494400
2017-06-14,210.6936739854168,211.76313737380343,208.41379830724168,209.23455810546875,391400
2017-06-15,207.6510905545819,209.790030113173,207.4935698376347,208.994140625,479600
2017-06-16,209.8066266804274,212.21914034427544,208.58792834239512,211.89581298828125,7583800
2017-06-19,213.19738200881417,215.50212789967415,212.9901205966848,213.3300323486328,487900
2017-06-20,212.85749962355945,213.81089719079617,210.19625715856,211.2906036376953,321800
2017-06-21,211.28235005504135,213.09796257756432,210.60252635335817,212.71658325195312,369900
2017-06-22,212.64190546269504,214.0595917057973,211.69680660109165,212.8491668701172,368900
2017-06-23,213.24717883591177,213.24717883591177,210.04706128457056,210.56106567382812,469900
2017-06-26,211.30717781767845,212.48440857547135,210.3040269272613,210.70196533203125,299100
2017-06-27,210.80976678053824,211.03361269048196,209.05219371786853,210.0885009765625,355900
2017-06-28,210.9838888140167,212.2440420832827,210.304065125914,211.46473693847656,532000
2017-06-29,212.40980983850892,212.44297875347007,210.42010504881415,211.5393218994141,346000
2017-06-30,211.44812381821257,211.9952970563868,209.24285905846872,211.06675720214844,427400
2017-07-03,211.90409276202465,222.49929613510247,211.34862099304144,218.82662963867188,523900
2017-07-05,219.53129014815892,220.27745151482205,217.51671517928875,217.83175659179688,522600
2017-07-06,217.62452346940896,218.14682637381077,216.30634367759353,216.6462554931641,437800
2017-07-07,217.85669685049828,218.92617322545493,216.4141649729811,218.2131805419922,281500
2017-07-10,217.632827067656,221.3966768873182,217.3840981405013,220.177978515625,476900
2017-07-11,220.7583182355618,220.7583182355618,215.70113371245793,217.40896606445312,522800
2017-07-12,217.20997085659585,219.3737679640349,216.72083693537937,217.806884765625,310400
2017-07-13,218.56136360144976,219.1168101580681,217.127105158882,218.72715759277344,319800
2017-07-14,218.26286131737675,218.82663164494377,217.14366981666976,218.6608123779297,287500
2017-07-17,217.70744354446077,220.0868010670256,216.51361550588575,219.58106994628903,272600
2017-07-18,218.32918333033905,222.5241524171711,217.7737115964971,221.62876892089844,483600
2017-07-19,222.3500828693999,224.51388015796925,221.6287918060747,223.0464782714844,489800
2017-07-20,222.7894760512941,223.6931328930632,221.95213173807656,223.1044921875,399900
2017-07-21,222.6568378775713,224.14911020609244,222.17597714250175,223.9418487548828,347900
2017-07-24,224.4558021235032,226.7854182819187,223.24540260749777,224.77084350585935,451700
2017-07-25,226.12225560052397,229.78664938994248,218.26289183390156,221.13140869140625,662600
2017-07-26,221.20600810841776,221.20600810841776,215.41925927229175,215.5684814453125,521400
2017-07-27,215.19540035774173,215.43580539656907,213.1310593418464,215.1622314453125,387200
2017-07-28,215.16226280086775,216.00788043754144,214.03477261863625,215.4358367919922,312900
2017-07-31,215.60993299461853,218.24629239185504,215.60993299461853,217.5333251953125,307500
2017-08-01,219.0587904511419,220.17798208985903,217.19343731931855,218.85980224609375,393700
2017-08-02,218.7437337920134,221.24744293576936,218.0722087352366,219.97900390625,277500
2017-08-03,219.697065203652,221.24737629493976,219.24937353382472,220.5758514404297,213300
2017-08-04,221.52103297074973,221.71169729961633,218.91781718973317,220.25259399414065,211700
2017-08-07,220.31889912997497,220.7499937943282,219.0504601959208,220.18624877929688,235100
2017-08-08,219.97070802685693,220.73344128481767,219.5313147707782,220.68370056152344,289600
2017-08-09,219.92094070147763,222.8723413287855,219.597626039174,222.7811584472656,249500
2017-08-10,222.61536921349312,223.59366248631463,222.068195949177,223.26202392578125,330600
2017-08-11,223.42787051967724,223.56881945518168,219.5810853913637,219.7552032470703,218600
2017-08-14,220.7665354401492,222.9800727785588,220.5758458651167,222.9635009765625,230600
2017-08-15,223.51071086281513,224.62162899061556,220.84948142755837,221.69509887695312,258000
2017-08-16,222.61528391992096,223.55210936350235,220.52609841155615,221.2805328369141,227300
2017-08-17,221.11480278321852,221.5624946085612,217.35095299011715,217.62452697753903,296600
2017-08-18,216.98615223123016,218.2545912107228,216.65451369242112,218.05560302734375,659500
2017-08-21,218.15506578630408,218.2959893664643,216.82028924797095,217.59959411621097,215200
2017-08-22,217.74888226872184,218.6027984619141,217.39239863380504,218.6027984619141,254600
2017-08-23,218.51161444911185,220.30235646947733,217.70743898580616,217.86495971679688,194200
2017-08-24,217.85665834421792,218.1219590772411,212.7994738105222,213.5704803466797,369100
2017-08-25,213.4792772690472,216.03272700670016,213.25544402823456,215.7508544921875,302000
2017-08-28,214.60675501922876,214.6233521253158,208.72053821448148,209.65736389160156,581900
2017-08-29,208.786887795224,210.10506755944456,207.8832309241723,209.3257751464844,491100
2017-08-30,208.84494590605937,210.50303762826175,208.0324718540103,208.71229553222656,405500
2017-08-31,208.70400380008985,209.7485970018244,207.4189802212173,209.31748962402344,528800
2017-09-01,209.42579257223676,210.74220383469196,206.43471274024853,206.9429473876953,540600
2017-09-05,205.0682830287622,205.0682830287622,191.67922543781063,192.62071228027344,1013700
2017-09-06,192.5207518892128,194.8369653235698,189.28804563701289,189.44635009765625,1195200
2017-09-07,189.37968511317283,189.38801224265828,175.1324623774137,176.58218383789062,1196400
2017-09-08,176.54888223637474,188.85481814972505,174.3159906604458,185.36383056640625,1566400
2017-09-11,201.7689491478652,204.30179522354427,192.24581404278385,193.2622833251953,1421900
2017-09-12,193.2539421928765,195.76179414760577,190.95439562726156,194.33706665039065,653200
2017-09-13,193.26228829862913,195.06192741503563,191.23767681205425,194.39540100097656,479900
2017-09-14,194.4037056920644,194.4037056920644,189.1464010219744,191.0376892089844,558300
2017-09-15,191.2960146017597,193.17064884135945,190.4295098782989,193.01234436035156,540100
2017-09-18,193.29561425091612,193.98714749989497,188.4465543772967,188.8548126220703,483400
2017-09-19,188.62152199474113,190.83775919873133,187.65504089196963,188.1966094970703,599400
2017-09-20,188.12157929222468,188.40486695087657,184.6222654057825,187.31341552734375,648400
2017-09-21,187.6717426194755,190.50451855487532,187.4717770295073,189.37974548339844,427000
2017-09-22,188.55482940603903,189.4213339170375,186.79683899720405,188.51316833496097,341700
2017-09-25,187.7966373406776,189.58796165543097,186.2552794473396,186.58021545410156,537000
2017-09-26,185.15551410478167,185.7887319492867,180.8396961441893,183.5225067138672,888700
2017-09-27,185.7553667386238,186.03864166707928,184.10569265230697,184.1973419189453,736000
2017-09-28,184.11406575141405,187.0218361979003,183.1142634104702,185.6970977783203,591800
2017-09-29,186.27195098962704,191.17098531079716,185.53875681763705,190.2878265380859,663300
2017-10-02,189.29637662283528,192.0125211856737,187.0551454516008,191.0293731689453,560000
2017-10-03,190.42115340808488,191.67090937526132,189.4963334838473,191.0626983642578,412300
2017-10-04,191.2126305918152,191.75418633393025,189.5879506522971,189.71292114257812,396000
2017-10-05,188.77981026683827,190.31284123493612,188.30489688680856,188.92144775390625,450300
2017-10-06,189.36304183280845,190.07956916662096,187.1884657266127,187.47174072265625,312100
2017-10-09,187.9549624342841,189.51300018273972,186.63022416215227,188.313232421875,343700
2017-10-10,188.2965859945133,189.40470459696485,187.22180134082015,187.27178955078125,380200
2017-10-11,187.07181758980903,187.28011026629645,184.14739298866937,185.38880920410156,564000
2017-10-12,185.87203967156404,189.6796356938437,185.87203967156404,188.971435546875,579500
2017-10-13,189.96288975624577,203.7851864465582,189.96288975624577,200.38584899902344,933400
2017-10-16,199.92762057555433,200.91075577044052,198.11962920580388,198.3945770263672,562400
2017-10-17,199.28608577865623,199.28608577865623,195.92840914409217,196.96153259277344,439300
2017-10-18,197.54476845067072,197.86136465631824,195.0535836020485,195.79510498046875,323400
2017-10-19,195.4451897235301,197.84472547394483,195.13692062424184,197.6697540283203,237900
2017-10-20,199.3777357610777,199.57768857730943,196.411650330674,197.18649291992188,402200
2017-10-23,197.4447853863875,197.4447853863875,195.55349708478252,196.50331115722656,294100
2017-10-24,196.23668427087583,198.3029439452294,194.42870546666956,195.1952209472656,491200
2017-10-25,194.6036674269078,198.34459536680163,193.0956179286541,194.07876586914065,536500
2017-10-26,194.96195408101337,196.74493896450923,193.2122904334772,195.7534637451172,371500
2017-10-27,195.45351639453696,199.2861067965312,193.42057780112316,197.4197998046875,534300
2017-10-30,196.46169305211797,200.5775591706915,196.46169305211797,199.22781372070312,645800
2017-10-31,199.12773569784912,203.43522535870312,196.8615110778742,197.83631896972656,817200
2017-11-01,198.7695602264453,199.23613383181177,195.6201629638672,195.6201629638672,728600
2017-11-02,195.62011889239992,197.6697241549902,188.94642698660752,189.4963226318359,692600
2017-11-03,189.49637237906933,190.6878005433343,186.6635839774515,189.8296356201172,500700
2017-11-06,189.6296640667735,192.24581966194555,189.6296640667735,190.34619140625,310600
2017-11-07,190.79608664448992,193.02897797538492,188.80480921816832,189.1547393798828,489800
2017-11-08,188.39655619875495,190.85441995494756,187.5717253352571,190.2628631591797,580900
2017-11-09,190.1712274330543,193.60388692244635,188.89647717750137,192.2874755859375,561600
2017-11-10,192.0874729537275,193.94543972158928,189.97955247808977,192.57904052734375,329200
2017-11-13,192.1791638464834,192.63741029112785,190.0712429142955,190.42117309570312,410500
2017-11-14,189.58797746593953,190.462809161154,188.04660673088665,188.4048767089844,425400
2017-11-15,187.85496078961023,192.02914057646612,186.24693505266333,191.02101135253903,599000
2017-11-16,191.05436811296823,191.59593668717176,187.1634625320697,187.85499572753903,589300
2017-11-17,188.04662741717897,189.621319556521,187.21345670402073,188.56320190429688,832900
2017-11-20,188.57982894809535,188.57982894809535,185.98866789561825,186.4969024658203,447000
2017-11-21,187.18843623325208,187.18843623325208,184.9222111956167,185.1721649169922,499300
2017-11-22,185.255467427471,185.69704677939112,182.52266917993109,182.664306640625,623000
2017-11-24,182.77264983458696,183.2059021522169,181.0479931205589,181.35626220703125,299200
2017-11-27,182.8476307361106,186.4052601470906,181.55621372628076,185.8553771972656,950500
2017-11-28,186.7436803160176,189.36679491647732,185.4279286513472,188.5706329345703,573800
2017-11-29,188.9226607959228,190.79990788688409,184.98380634867237,186.66830444335935,481300
2017-11-30,187.24657326951507,188.3611876609166,182.51156887981543,184.03683471679688,917200
2017-12-01,184.33016956042644,185.7716249869112,180.20694105712215,182.74624633789065,471800
2017-12-04,183.9027417517796,185.22686982993787,178.81574313275945,178.9749755859375,567600
2017-12-05,179.72078659195446,179.8381137115071,177.3574795301949,177.7932586669922,529100
2017-12-06,177.98607546641372,180.0393070875493,176.82955579615657,176.8798370361328,626500
2017-12-07,176.56133793809482,177.55862496348232,175.99984288760322,176.2931671142578,597800
2017-12-08,176.20098705202463,179.5783462088882,174.99418633129642,177.90223693847656,609800
2017-12-11,177.6592037581671,182.4528772146199,176.39373309598233,182.25173950195312,655500
2017-12-12,182.7126449780608,184.96701362054804,182.47799074196587,184.2211456298828,793800
2017-12-13,183.8273121856916,184.5983210113452,181.27124267321483,181.79083251953125,668100
2017-12-14,182.61212743774877,183.41666563547395,179.863308842714,182.44451904296875,1334600
2017-12-15,183.0897713758709,187.91696079084917,182.51151171303397,186.14028930664065,906300
2017-12-18,185.9559577970982,186.4671716781508,182.31041471887235,183.7183532714844,453700
2017-12-19,184.06190571512164,184.4306517247015,182.74615407072957,183.4333648681641,455700
2017-12-20,183.65129237401715,185.03407740797985,180.6175386845457,181.44720458984375,402700
2017-12-21,182.31040986176745,184.19603289591657,182.20984739201003,183.06466674804688,335300
2017-12-22,182.69593125202843,183.7686402840702,182.15120079227455,183.49208068847656,173900
2017-12-26,183.24905527621857,185.5704577338223,183.24905527621857,184.1457672119141,161600
2017-12-27,184.04520947014737,185.41961878830173,183.50047898200788,184.35528564453125,187400
2017-12-28,184.6318365046456,186.74373801606143,184.229573812657,186.52584838867188,226100
2017-12-29,186.6263726726895,186.6934185722505,185.2351990291203,185.42794799804688,304300
2018-01-02,186.58450778640568,186.58450778640568,180.76840581409115,181.41371154785156,563500
2018-01-03,182.26852701861964,184.64859937215988,180.52537165346752,184.1792907714844,479000
2018-01-04,184.9754324727165,187.1124744929093,184.23794025236455,185.8553924560547,431700
2018-01-05,186.6515526019764,186.6515526019764,183.7183610137654,186.3414764404297,391000
2018-01-08,185.73803356332436,186.24924734910684,183.0478728376861,183.32443237304688,551800
2018-01-09,182.64562716933472,184.94188865960345,181.75729131213305,181.81594848632812,436400
2018-01-10,181.50590341378927,185.28552581859947,181.3215303415838,184.3469085693359,394300
2018-01-11,184.66538207928764,187.8583688521055,184.372057781373,186.72698974609375,365300
2018-01-12,186.8191519701892,188.01757683938644,184.908388279448,187.8918609619141,278000
2018-01-16,189.05673830711632,189.484154346653,186.4336360470025,186.6766662597656,370500
2018-01-17,187.6404099077794,189.58470261511516,186.4168574175575,189.40032958984375,265900
2018-01-18,189.01488777685563,190.32226410205567,186.8862340559021,187.08737182617188,312600
2018-01-19,187.5817756316228,189.02323066637535,187.22979420979243,188.22708129882812,259100
2018-01-22,192.7525425577888,197.638402018886,192.71063727360632,193.17156982421875,477000
2018-01-23,192.8196052447204,194.25267145958472,190.16297367875163,194.12696838378903,446500
2018-01-24,194.42868868025624,195.84500315676073,193.62415054878448,194.39517211914065,321100
2018-01-25,194.37836462389143,194.85604904383015,192.8028180568505,193.53192138671875,288700
2018-01-26,193.67444499605008,193.67444499605008,189.21598788362803,192.12403869628903,294800
2018-01-29,192.09885805026073,192.5514018643629,188.78015652528865,191.76364135742188,253800
2018-01-30,191.3111418029412,193.1297191186551,189.58475102340185,190.6155548095703,291300
2018-01-31,190.9926645640797,193.23865785142024,190.6825884113816,192.58497619628903,419600
2018-02-01,191.72175757683803,194.14373489917745,191.1518737898589,192.8698883056641,296000
2018-02-02,192.18270524316293,194.9566641863067,192.18270524316293,192.4257354736328,346100
2018-02-05,191.33623922329815,194.2526655828122,187.99240963131075,188.92263793945312,493400
2018-02-06,189.3835852107079,203.64727885776205,189.3835852107079,203.0774078369141,942000
2018-02-07,203.06906299160343,210.0835777983256,203.00201707094988,206.7481231689453,669200
2018-02-08,206.16152377234033,207.3515603018676,202.0215301513672,202.0215301513672,514100
2018-02-09,203.99090258218848,203.99090258218848,198.97095020291405,200.9403839111328,510700
2018-02-12,202.448855228554,204.67807073894917,198.98768564928767,200.6973114013672,472300
2018-02-13,200.4207478284744,200.4207478284744,198.13286240407103,199.6078338623047,388600
2018-02-14,199.0547199899903,203.8651449154553,198.9792853619563,203.30364990234375,280200
2018-02-15,204.0746797219271,205.03006149505256,201.18339378649756,203.1360626220703,368400
2018-02-16,202.5997153984243,204.6529467714993,201.43481992480795,203.86517333984375,283300
2018-02-20,203.78975148899144,205.32339306148484,201.65270953428103,203.86517333984375,373400
2018-02-21,203.78140795872895,205.32342571957457,200.94877864653324,201.08287048339844,375600
2018-02-22,201.8538756691153,204.0328232213367,200.54651225286287,200.63031005859375,382300
2018-02-23,200.86493376008863,203.75623255270105,198.21669076646427,203.5970001220703,257100
2018-02-26,204.2003953935164,204.2003953935164,201.24206355555648,202.4991455078125,335900
2018-02-27,203.02713266855943,205.28150192032925,201.83709649596537,203.7981414794922,367300
2018-02-28,204.8792111882502,205.3401437805217,201.3342437744141,201.3342437744141,286100
2018-03-01,202.19745973346184,203.60538548220177,199.4570173017433,199.7754821777344,315200
2018-03-02,198.90391573657297,200.52136808978764,198.61060424014505,200.2950897216797,226300
2018-03-05,205.3234233294911,213.9889067797364,203.69759499260496,213.15924072265625,506500
2018-03-06,212.7969620633847,215.19769301268624,210.0340225126884,214.549072265625,423100
2018-03-07,212.81384549825563,215.7621185679396,212.24104682586304,215.2819671630859,350500
2018-03-08,215.13032048439192,217.05931923426553,213.71516185008363,216.7476501464844,322600
2018-03-09,217.78377855683613,221.91133773689387,215.7873893144622,221.22059631347656,400200
2018-03-12,220.90047945728497,221.8355124302469,219.31683853499788,220.1844940185547,263600
2018-03-13,221.08577752078705,221.08577752078705,219.0388490837461,220.50454711914065,185000
2018-03-14,220.99310755557033,221.7512262646915,218.423894638216,219.32522583007812,279400
2018-03-15,220.2181543282209,220.66460407095457,217.88482653420309,218.48289489746097,283100
2018-03-16,218.48292695851387,222.07138907821695,218.48292695851387,220.1929168701172,559800
2018-03-19,220.0076070461412,221.82710796595896,219.33372924181924,221.2627410888672,219300
2018-03-20,221.65017388161823,221.65017388161823,219.1146622502736,219.23260498046875,211200
2018-03-21,218.550311117572,223.124319723558,216.18328158673415,218.6682281494141,151800
2018-03-22,217.2109682251668,218.11229972328468,213.26031005883289,213.36138916015625,275300
2018-03-23,214.1784678577382,215.67788061506943,209.4359893798828,209.4359893798828,352700
2018-03-26,211.67662220889991,212.78012451954788,209.55388442916583,212.6537628173828,228300
2018-03-27,213.58041907415227,215.046117512211,210.33732734814248,211.1796875,220500
2018-03-28,211.78612950468508,218.33970150618967,211.72717099406003,217.60682678222656,361400
2018-03-29,218.7187519482581,218.7187519482581,216.24221168319048,216.3348846435547,329700
2018-04-02,217.1351462059407,218.56716860908415,211.9883385123682,214.3132476806641,293000
2018-04-03,215.7031428824146,218.41554325545584,215.04609022222348,216.52023315429688,267000
2018-04-04,214.6164918511371,217.83431340187693,213.54669099197463,217.5563201904297,282400
2018-04-05,218.97992328977537,218.97992328977537,215.7873970358226,215.97271728515625,240400
2018-04-06,214.68386879750784,216.4107093575961,212.43476915370852,214.17002868652344,249300
2018-04-09,215.3577381002913,220.6056496043872,213.630897710706,217.1940765380859,316400
2018-04-10,218.94623296579235,219.77172935286652,215.07979061258845,215.81265258789065,286600
2018-04-11,215.39987690946032,219.7043369367468,214.74282429759532,219.0135955810547,259800
2018-04-12,219.01358272723297,220.06653264419083,209.67181414879713,211.13751220703125,517100
2018-04-13,211.34814341319947,212.0136150884148,208.89688529698992,209.90771484375,219800
2018-04-16,210.91012144558584,212.78016185590928,209.72239064514355,211.364990234375,280500
2018-04-17,212.78858768885897,213.06656806728896,206.9004858986134,208.42515563964844,396500
2018-04-18,209.05688460754803,209.9160953488653,204.9124752279481,205.4263153076172,407200
2018-04-19,204.98834095748455,205.75487890040057,203.68268019689384,204.14598083496097,436300
2018-04-20,204.9377470311666,208.17241901486608,204.48287831265807,208.0544891357422,458500
2018-04-23,208.0545084818136,209.4696671628898,206.1002270421628,206.68145751953125,175100
2018-04-24,206.67297511113532,208.3408438600164,204.52495512279708,206.08331298828125,236200
2018-04-25,205.59481937194656,205.8643678986735,201.71995807976884,202.53704833984375,376900
2018-04-26,200.17003105990608,200.17003105990608,193.4227185546271,195.3517303466797,743300
2018-04-27,196.252996619825,200.6585479428744,195.4696081195093,199.40342712402344,363600
2018-04-30,199.1507630542899,199.85834241707377,195.97506204171313,195.99191284179688,243500
2018-05-01,195.76447365469028,196.36255495538697,194.20611524894431,196.18565368652344,220300
2018-05-02,195.9329245963901,196.741582930205,191.47683337477096,192.2012634277344,375600
2018-05-03,192.117052604389,192.79093032600525,187.56830086311743,190.4997100830078,553700
2018-05-04,187.85469579665377,192.98467787849847,187.85469579665377,191.65374755859375,209800
2018-05-07,191.9654843700373,192.31085517086711,190.0027833683285,190.8282928466797,199800
2018-05-08,190.49969125797315,192.0327924859556,188.61281325847767,191.35890197753903,390900
2018-05-09,191.36735509738492,192.45400678879085,190.08697704165272,192.01597595214844,240200
2018-05-10,192.3781595696455,193.54060750036984,191.69585010188743,192.21810913085935,227200
2018-05-11,191.98228008869123,193.02679831368303,191.30838948500332,192.3023681640625,164500
2018-05-14,192.30238658246216,192.3529389866308,190.7440280689082,191.1399383544922,308700
2018-05-15,190.794529922972,192.15914893781215,190.17961075439985,192.07492065429688,315600
2018-05-16,192.09175380466309,193.1531355482865,191.36732374686952,192.9593963623047,223500
2018-05-17,192.88359658836168,193.0015264787426,190.16277728310635,191.88961791992188,234200
2018-05-18,191.4937646681223,193.32168493974177,190.64298540955411,190.8282928466797,312500
2018-05-21,191.8811522894396,193.82701441801,191.6452925502296,192.83302307128903,263700
2018-05-22,192.6393247565574,194.0713342921797,192.4203029141271,192.93414306640625,199000
2018-05-23,192.73203531234807,192.9594761876992,190.21337343906893,190.8282928466797,224800
2018-05-24,191.0725348085615,191.41790551952408,189.60682367037043,190.81982421875,315100
2018-05-25,190.38176807250812,192.2181194511328,189.9605880966227,191.5863494873047,178900
2018-05-29,190.72219181431285,191.2220510331976,188.95154197826037,190.38331604003903,446900
2018-05-30,191.0695599726579,191.6880141171077,190.26472026238224,191.0526123046875,222400
2018-05-31,190.71375121343576,191.42539819566807,188.88379075002356,190.86624145507812,487700
2018-06-01,192.8402048638344,192.8402048638344,190.7815092506743,191.39996337890625,179200
2018-06-04,191.4253539342635,192.74698743204488,191.0441154910237,192.04380798339844,122200
2018-06-05,191.77273918877776,192.10314761355764,190.62054338721265,191.9082946777344,166600
2018-06-06,192.1963059703455,193.30613886690944,190.6120418746959,193.2468414306641,182400
2018-06-07,193.7806335813646,195.12769544627773,192.51831006874943,194.9243621826172,145500
2018-06-08,195.02599720572215,195.72070940486137,193.50951054087616,195.1276702880859,188700
2018-06-11,195.38178370612624,196.4407865454445,193.07739249358733,193.5687713623047,145500
2018-06-12,193.2468526421621,193.8907217458075,191.65410815801448,192.56060791015625,207900
2018-06-13,193.348554417192,194.72101832217731,191.9845578833333,192.60301208496097,147600
2018-06-14,192.59450831766904,193.22991006875685,190.84927357637957,191.4677276611328,225900
2018-06-15,191.28978378448312,193.2468317738356,190.23078100827243,191.9760284423828,525100
2018-06-18,192.34881715042272,193.40782009504937,190.79844821549753,192.10313415527344,232700
2018-06-19,191.61177102040816,194.7294826683759,191.61177102040816,194.20420837402344,220300
2018-06-20,194.26349532504972,195.75456676028935,193.72975372462167,194.9666748046875,273100
2018-06-21,194.80574817591292,195.55975789643017,192.39969613822709,193.72979736328125,214000
2018-06-22,194.59393668644455,195.0937830393567,193.001191911976,194.8565673828125,382700
2018-06-25,194.83114729276255,197.80482322061476,194.6532290913244,197.11859130859375,208400
2018-06-26,196.78818126633837,197.6015012948308,194.14491379648376,194.77183532714844,295200
2018-06-27,194.4414400450094,196.09349525269323,192.1201134813191,193.77215576171875,465400
2018-06-28,194.0008717502805,196.85593954732497,193.4925451668262,196.1103973388672,242200
2018-06-29,195.96637837175768,197.03386163270076,194.2296109257148,195.26319885253903,282100
2018-07-02,195.50043687571625,196.1104236869022,191.72192110744732,192.4505157470703,297700
2018-07-03,193.03507796846012,194.3990743916478,190.98483672117575,191.79815673828125,164300
2018-07-05,192.81478806990137,195.5173657516068,192.58605273315544,195.3987579345703,229000
2018-07-06,195.2632115963511,197.11858697833588,194.3397640542209,195.24627685546875,171400
2018-07-09,195.9748624912708,199.72796286298544,195.87318941421367,199.1010284423828,170500
2018-07-10,199.6686557029552,199.6686557029552,197.32191435935428,198.43174743652344,206200
2018-07-11,197.88114009077216,199.11804878878243,197.2626728144798,198.03363037109375,149400
2018-07-12,199.1010196391399,199.64322862610163,196.44928507393243,197.2710723876953,128800
2018-07-13,197.499839954098,197.499839954098,195.49197419337153,196.16973876953125,157800
2018-07-16,196.7542919311913,199.45685675439051,196.0426320835792,199.24505615234375,251500
2018-07-17,199.7194715573838,199.7194715573838,197.81326641386545,199.18572998046875,171800
2018-07-18,199.4992318318882,200.85476093996172,198.48259146447492,200.2108917236328,243200
2018-07-19,199.84659106739025,200.1685321442292,197.9742679119145,198.49954223632812,171500
2018-07-20,191.04415482247492,191.04415482247492,186.29981587326495,190.4680633544922,647600
2018-07-23,188.8499173997143,191.51013280336716,187.68924115329463,190.84083557128903,392900
2018-07-24,190.76456835508603,190.8577611388634,188.39239898125703,189.33279418945312,287500
2018-07-25,188.2653225414197,190.78998212982455,186.56245033344,189.4514007568359,314800
2018-07-26,189.9597263759795,193.22146084207563,189.6377853218023,192.52674865722656,339100
2018-07-27,192.40813252197432,194.6193312449251,191.30676684547672,191.6287078857422,291900
2018-07-30,191.3575869899303,194.41598793189976,189.02778057208675,189.5530548095703,334800
2018-07-31,183.8428898237891,185.47798397519176,180.47102845956277,184.9866180419922,659600
2018-08-01,183.37698299340133,187.13009688174472,183.2414274875607,186.2744140625,724700
2018-08-02,185.87620402065335,188.88377516868997,185.59663860070415,186.3591156005859,395700
2018-08-03,185.73216459417912,187.09616087291,184.06317495724505,186.96908569335935,262800
2018-08-06,187.39272241776317,189.80724177833187,184.7240267953019,185.45262145996097,271700
2018-08-07,185.63054961197952,186.10498096743365,183.91072948481587,184.99514770507812,271700
2018-08-08,184.40206617459853,185.4102390371185,183.79207944983492,183.9615173339844,173600
2018-08-09,184.1394438643109,184.34276416359643,182.09768301043533,182.3264312744141,174200
2018-08-10,181.4792648087965,183.2583824161044,179.6493041893212,182.2925720214844,293600
2018-08-13,181.9282440293785,183.0973745251181,181.2674272060919,182.0807342529297,285200
2018-08-14,181.4623026886829,182.7331064186912,180.55578982284732,181.86048889160156,229500
2018-08-15,181.3521671264121,184.74945746317903,181.3521671264121,183.1736602783203,198500
2018-08-16,183.6226269305593,187.2062889574585,183.6226269305593,184.27496337890625,222800
2018-08-17,183.9954189513101,185.85927465340976,183.72432089382136,185.0290069580078,257100
2018-08-20,185.37635521619055,187.29104091510325,185.02899912937937,186.7234039306641,209900
2018-08-21,186.31677172049208,187.367307471336,186.00331093311175,186.62176513671875,217500
2018-08-22,186.50314330942496,187.34187837293285,185.8592741133871,186.3760681152344,207700
2018-08-23,186.34217708569557,186.8250886893484,185.1560988215573,186.46078491210935,249800
2018-08-24,186.57093358695147,187.7400771611668,186.57093358695147,187.10467529296875,156700
2018-08-27,187.24870610000727,189.51073529537405,187.24870610000727,188.4940948486328,227400
2018-08-28,188.51948493467043,189.5954226936728,187.9942106470152,188.46017456054688,203100
2018-08-29,188.79905826466572,189.3836170563415,187.07075814537285,188.8075256347656,246600
2018-08-30,188.6889625577073,188.6889625577073,186.57942344719635,188.4347991943359,242900
2018-08-31,188.03660230598987,189.2057459549995,187.24022984520275,188.943115234375,265500
2018-09-04,188.6789424103724,189.13059142126863,187.23025616770065,188.8067626953125,238300
2018-09-05,187.39213497672537,189.4969954359783,187.24726767019968,188.4147491455078,340300
2018-09-06,187.9801501823979,188.8749311545099,186.66781429222587,186.88937377929688,374000
2018-09-07,187.17907999087507,187.17907999087507,183.2676239673764,183.63406372070312,797600
2018-09-10,183.85566337121224,183.85566337121224,176.3139542495383,178.8193359375,499700
2018-09-11,178.18869410437063,181.41841162999333,176.12643193404074,179.39024353027344,395400
2018-09-12,179.7907450522736,183.6255083905953,179.52657454723703,182.3728179931641,437900
2018-09-13,183.3698895197468,188.6874337005766,182.9693816805172,188.0653533935547,394700
2018-09-14,188.32949802970495,190.72409273411515,187.5710675396632,190.357666015625,217000
2018-09-17,190.8093197154684,190.97975105402017,188.8493268144291,190.25540161132812,219300
2018-09-18,190.6133246691603,192.7693261134121,189.90603521480296,192.3602752685547,244400
2018-09-19,192.57336028936953,196.46778317462753,192.57336028936953,195.62413024902344,346200
2018-09-20,195.77750826284125,197.780099631434,195.73489716923712,197.44775390625,217500
2018-09-21,199.08390620192677,199.42478192666263,195.85418835391505,198.66635131835935,379200
2018-09-24,198.2061512221628,198.29137339503632,193.11017995881315,194.9338226318359,349000
2018-09-25,195.28323548733155,196.28027259806044,193.25506719197503,195.1980133056641,194900
2018-09-26,195.1639313908723,196.44218609188104,193.32324150068075,194.11575317382812,202000
2018-09-27,193.97084581755064,195.6070099366419,193.1016421625524,194.4565887451172,149600
2018-09-28,194.14983283544368,195.98199256965287,192.0364555275184,194.6952209472656,226200
2018-10-01,194.4481353498524,195.34291640901415,190.783814922084,191.20989990234375,256700
2018-10-02,192.36879916284408,195.55590562496943,191.0053223962244,193.54478454589844,250900
2018-10-03,194.0390875242208,195.12134695980697,192.47109799748677,192.5563201904297,223300
2018-10-04,193.3999161151281,194.31174396059697,191.95123018603775,193.34027099609375,271400
2018-10-05,192.7011904396938,195.5559519034607,192.5222290330308,193.4084930419922,169900
2018-10-08,193.3402884996582,194.43958182095537,192.10463188646196,193.61297607421875,200200
2018-10-09,193.84304617697,195.8030391227496,192.914184308044,195.5814666748047,253500
2018-10-10,193.33175426013472,194.97644870081527,185.33841054794576,185.5429229736328,334400
2018-10-11,185.21059659367296,189.03684399456523,183.02052678738093,183.21652221679688,344300
2018-10-12,185.3384420382976,185.3384420382976,177.80525000396025,181.5036773681641,253100
2018-10-15,181.98087406367225,184.6566868724837,181.42695585933777,182.80747985839844,162200
2018-10-16,183.8470748178429,185.0571540936384,182.3387309797904,183.5573272705078,132900
2018-10-17,183.52328904390436,184.8356248173796,181.2309501964681,184.0771942138672,219200
2018-10-18,183.4721875230936,184.2902633696802,179.2113378964685,179.9101104736328,238000
2018-10-19,179.2368904740099,185.3469468868766,178.61481010922907,184.2220764160156,358300
2018-10-22,184.3072989887455,185.42363944125609,181.0605338549307,181.19688415527344,214700
2018-10-23,179.03238921540168,181.40995075776752,177.94161267370592,178.9130859375,237800
2018-10-24,177.83928769194097,178.1119752204155,174.6266044461383,174.76295471191406,269400
2018-10-25,175.51291191593836,178.71706594181933,175.42768972781823,176.86785888671875,179500
2018-10-26,175.45326460176622,177.0553482150284,173.7574417770242,174.72039794921875,250300
2018-10-29,175.74297168913705,178.2227888922612,174.35394377718,175.93898010253906,312200
2018-10-30,186.04573319321,187.7756369977419,179.15166902798367,187.0427703857422,516700
2018-10-31,188.0653746429546,189.22432621063297,183.30174809028705,185.6537322998047,486200
2018-11-01,185.6878056045066,190.0850051628668,184.9975501046752,187.2813720703125,340500
2018-11-02,188.1761586164673,190.56222387132553,184.9123464248314,186.88937377929688,236800
2018-11-05,188.23578852503857,191.09907960241532,187.84378469167868,188.62779235839844,245400
2018-11-06,188.77266569031897,191.61039280424887,187.53702202887408,190.46847534179688,225900
2018-11-07,190.43440246135825,191.670046175955,186.88937267076696,190.9371795654297,234600
2018-11-08,189.22433321099243,190.73267760925376,188.3721632915582,189.66746520996097,203700
2018-11-09,189.69301209313895,190.5110878600047,187.14501958360793,188.5170135498047,193100
2018-11-12,188.52553417418147,188.52553417418147,181.94678182564897,182.219482421875,236800
2018-11-13,182.8500864591133,184.83563071807205,181.9723395723663,182.53477478027344,237900
2018-11-14,183.02050455505164,184.00049458616783,179.31356086624402,180.7963409423828,282600
2018-11-15,180.6258848239407,182.93525729485023,179.5521427424449,182.79039001464844,410000
2018-11-16,181.79340082077343,184.44364964961952,181.503666184289,184.43511962890625,261900
2018-11-19,184.23911451216463,185.1594594882687,182.71373623892265,183.90676879882812,288000
2018-11-20,182.705216575885,184.02608248692337,181.2394833460087,183.64260864257812,328400
2018-11-21,183.94934125933992,185.03160035623225,182.6540397498431,182.79039001464844,348100
2018-11-23,181.22243306859033,184.44363387731832,180.04643458178896,182.56886291503903,138900
2018-11-26,184.17093313122163,186.12240925617735,183.75337825092888,185.09127807617188,306000
2018-11-27,183.13126909395288,184.5544039804632,181.4865877626537,182.85858154296875,232900
2018-11-28,183.42955802778883,185.61111073731297,182.9438149775958,184.5458984375,302600
2018-11-29,183.47221328254557,188.90904932735444,183.47221328254557,187.5796661376953,300900
2018-11-30,187.33252601527937,190.5111163616648,187.33252601527937,189.2499084472656,474500
2018-12-03,190.88601988694583,192.2835777267093,188.63629231554427,191.23541259765625,226700
2018-12-04,191.2013261276768,192.85453755326904,188.36359924814153,189.60777282714844,349200
2018-12-06,186.92343344241755,192.4966176946094,186.09682777306736,192.11314392089844,460600
2018-12-07,192.03645887043456,197.89937792381096,192.03645887043456,195.0360870361328,573600
2018-12-10,195.14691415732827,196.8086429218072,193.46813835337025,196.1439514160156,277800
2018-12-11,197.48181996315225,198.27433157880893,189.33506633712148,189.7781982421875,400600
2018-12-12,191.26094222355525,193.2891099807812,187.39208505656495,187.49435424804688,485800
2018-12-13,188.06535124943068,189.23281968965728,184.69928321151593,185.5429229736328,360900
2018-12-14,184.12833976001568,185.7389402041635,182.82450796896308,183.48068237304688,339500
2018-12-17,183.276182929681,187.46885719255937,181.86157780353685,185.58555603027344,408900
2018-12-18,186.6763149872191,190.55369019195297,186.28432415951616,187.1876220703125,457100
2018-12-19,187.87787905670913,190.6133368651686,185.61963426137163,187.61370849609375,269400
2018-12-20,186.42921268393883,186.85529763398472,182.6881873426592,184.27322387695312,368500
2018-12-21,184.16243845916577,187.94607491312289,181.29063004389613,181.7422790527344,467000
2018-12-24,181.3928795569151,181.3928795569151,175.29987017056354,175.34246826171875,113600
2018-12-26,174.78003443417936,179.21983189308702,171.3628251506087,179.16018676757812,234200
2018-12-27,177.20018807379907,183.12276550902763,176.23723205087072,183.0801544189453,264100
2018-12-28,183.8897433346731,186.27582173749,182.6455825195368,184.09426879882812,192800
2018-12-31,184.1879706011323,185.60257551728748,183.23354463508957,185.5684814453125,213400
2019-01-02,182.81601441693655,183.8300987162057,180.625944453955,182.0746307373047,204400
2019-01-03,180.8389308617213,180.85596489285575,177.31094895839064,177.9330291748047,288300
2019-01-04,179.11758867985264,183.548869443415,179.11758867985264,183.13983154296875,258700
2019-01-07,182.3046911801276,183.71077924535925,180.11462141027724,180.12313842773438,301800
2019-01-08,179.19426176930725,181.87007438035204,174.55845604755547,181.85302734375,471500
2019-01-09,182.5006962522401,184.145377803738,180.344707594958,180.6514892578125,305300
2019-01-10,180.59181685975813,182.86710859488576,179.63739087431762,182.73928833007812,268400
2019-01-11,182.51769965321697,182.51769965321697,180.6173648677776,181.65701293945312,268900
2019-01-14,180.6174092471684,182.87566730330627,180.6174092471684,182.09165954589844,375800
2019-01-15,182.15128403123225,183.96640975940576,181.65702401594768,183.6255340576172,282900
2019-01-16,183.5829633360594,183.85566395745215,180.4469842085307,181.27359008789065,364100
2019-01-17,180.36170478724904,183.49769592285156,180.36170478724904,183.49769592285156,259400
2019-01-18,183.940857730167,185.01458700405712,183.04607683371896,184.65667724609375,229200
2019-01-22,184.95492571929253,186.70187639147733,181.4780844146844,182.9352874755859,232100
2019-01-23,184.06866735377963,185.51735333881868,182.9778911060035,185.43214416503903,297400
2019-01-24,185.45772563305547,187.25580450775325,183.6681637756119,183.830078125,221300
2019-01-25,183.02903817867409,184.83563408819836,178.88749221389142,181.87008666992188,411100
2019-01-28,180.31915720335385,182.7222695752394,180.31915720335385,182.60296630859375,174000
2019-01-29,182.65404897750344,183.34430434872127,181.74223416709148,182.4580535888672,198100
2019-01-30,182.94378629299655,187.92046725974657,182.94378629299655,186.85525512695312,276500
2019-01-31,186.2502330121303,186.86379632025137,181.90417474986577,186.6678009033203,280300
2019-02-01,187.1961672080615,189.51407046094573,186.2417410461967,189.42884826660156,196200
2019-02-04,189.40325575653236,189.40325575653236,186.0627516887387,187.1876220703125,243200
2019-02-05,187.01718482839337,188.84082762955452,185.70483609116548,187.86082458496097,213400
2019-02-06,187.8182321334069,189.71858028535348,187.01720338678115,189.43736267089844,208100
2019-02-07,188.9771625195588,190.14464394040823,187.05126353060265,189.60777282714844,227400
2019-02-08,188.8237825933097,189.9571699681652,185.73893213140823,189.01126098632812,212500
2019-02-11,189.40323291425423,189.40323291425423,186.06272924932972,187.80116271972656,266700
2019-02-12,183.00344587196196,183.00344587196196,177.25981732507034,180.99232482910156,834300
2019-02-13,181.6144579295284,184.04314751964043,180.93273236318552,182.764892578125,470700
2019-02-14,182.21945861722097,183.90675107593609,180.39581587820524,182.39840698242188,285500
2019-02-15,184.0175510052661,186.02867227866548,183.131287120403,184.86119079589844,275600
2019-02-19,184.0857259708001,187.8011868619932,183.7363332280109,187.1109313964844,252800
2019-02-20,186.7615133753473,189.18167218709223,186.72741930584243,188.88340759277344,185100
2019-02-21,188.85786411473111,190.90307940625328,188.18465570406795,189.8719482421875,235000
2019-02-22,190.77523210116445,191.6018377743418,189.42028535967592,190.809326171875,197400
2019-02-25,190.99685526029228,192.18988799034523,189.60781407930943,190.2043304443359,320600
2019-02-26,189.9742044556859,191.68707405025913,189.61629470536235,189.8719482421875,225600
2019-02-27,189.73559031845764,191.69558335112043,189.13907409192856,191.13314819335935,255800
2019-02-28,191.59332108086912,192.84601161849176,190.1105410763359,192.68409729003903,231900
2019-03-01,193.1356922064938,193.9878616943451,190.42579947660244,192.0704803466797,210000
2019-03-04,191.8575000091305,193.28062195361957,189.62481939003817,191.6359405517578,209400
2019-03-05,191.57594892181547,192.8707818557575,191.13004090378968,191.2500915527344,298200
2019-03-06,191.8674640793982,193.2909308638069,190.44399729498952,190.46115112304688,251100
2019-03-07,190.35823527847265,190.35823527847265,187.02252916232223,187.05682373046875,256600
2019-03-08,185.68480308138652,187.00537291732263,185.16172260330143,185.89060974121097,281700
2019-03-11,186.20789941502943,188.2144785367044,185.6419539502594,186.8767547607422,285400
2019-03-12,187.46843034562417,188.89189703601917,186.95393329871703,187.13400268554688,330000
2019-03-13,187.3655806629462,188.99484134793863,187.0654474967184,187.20265197753903,275100
2019-03-14,187.4255790759977,188.47172707304264,187.03968990700025,187.80287170410156,220000
2019-03-15,187.3741573709912,190.0838870783821,187.0997614846126,187.83721923828125,595900
2019-03-18,188.58325233980307,189.93811722923544,188.58325233980307,188.9862823486328,239100
2019-03-19,189.3121475678064,190.17822640741556,187.34844585472064,187.7000274658203,181600
2019-03-20,187.3655682306176,187.8114762214276,181.49163099506424,181.74888610839844,375900
2019-03-21,181.05428119219425,185.2303419476207,180.18820261886916,184.77586364746097,223100
2019-03-22,184.1584613196165,186.422282505675,184.1241667478819,184.3556976318359,345800
2019-03-25,184.51003812970072,185.2132011354439,183.61823535741863,184.19276428222656,246900
2019-03-26,185.01596489718543,185.44471899805592,184.0641302698716,184.77586364746097,220800
2019-03-27,184.88734633212292,186.16503827995257,183.9183578643611,184.0641326904297,217000
2019-03-28,182.6664427041804,184.97314238957125,182.6664427041804,184.68157958984375,246200
2019-03-29,185.00741749807727,185.48762005715332,184.0555827525735,185.1875,215500
2019-04-01,185.71912776032187,187.3226639092921,185.33325168674267,186.3622589111328,232000
2019-04-02,186.6195205006921,186.73098767323745,184.2699432373047,184.2699432373047,237900
2019-04-03,185.35898122076375,185.4447241926175,183.84118799749655,185.34182739257812,246800
2019-04-04,185.3418174845984,186.47373456267073,184.3128102856013,184.61293029785156,166900
2019-04-05,184.58719320278615,185.61621341442583,184.4928667862037,185.48757934570312,197400
2019-04-08,185.7019950784799,187.86291965493905,185.04171002479055,186.88536071777344,227200
2019-04-09,186.92822957078104,186.92822957078104,183.3867162838931,184.09844970703125,313300
2019-04-10,183.97837239111843,185.9506437122003,183.66108548470172,185.9163360595703,330100
2019-04-11,186.86823994159943,190.90711050019377,186.63670899631936,190.28970336914065,363300
2019-04-12,191.65308919360325,194.73154059561872,191.490160536557,194.08840942382812,330500
2019-04-15,195.4776448911984,195.4776448911984,192.91368974643,193.9770050048828,202700
2019-04-16,194.05413821117705,197.14116035665072,194.05413821117705,196.6266632080078,226700
2019-04-17,197.0811662756567,197.08973664961957,195.10032387338308,196.1036071777344,199400
2019-04-18,196.0263938792611,197.4755718506764,195.6662288949157,196.4036865234375,238900
2019-04-22,195.82055199129616,196.36078628618068,195.0144922765591,195.9491729736328,121700
2019-04-23,196.5494605867121,197.82713943260757,195.5633183044471,197.0296630859375,238500
2019-04-24,197.021092452453,199.25918952699715,196.96964405054996,198.3245086669922,222500
2019-04-25,197.50131467132292,197.99865796270677,194.5600544469904,195.94064331054688,282900
2019-04-26,195.55477907542303,198.26450856348217,194.7144245679501,197.83575439453125,270000
2019-04-29,198.08439427798373,199.9194613033247,198.08439427798373,198.3502197265625,193700
2019-04-30,198.5302973788374,202.0975214612617,197.6813595707107,201.94317626953125,324000
2019-05-01,202.0289759986452,204.8330189309221,202.0289759986452,202.7664337158203,294400
2019-05-02,203.13510297173133,205.0044775228272,202.00319902971697,203.04934692382812,268000
2019-05-03,203.67537988111,204.91019395574563,202.65494288652815,204.65293884277344,294800
2019-05-06,202.3805423016724,205.35609734246972,202.3805423016724,203.9069061279297,296000
2019-05-07,205.47613143020257,213.9911955193612,205.05596074390945,211.7102203369141,598000
2019-05-08,211.86459913257204,213.55387858270788,207.2083218822347,207.42269897460935,572500
2019-05-09,206.94248963038777,211.44440842339432,205.37324779525224,210.6555023193359,342800
2019-05-10,209.72936298977496,213.4766697414907,209.72936298977496,213.29660034179688,285800
2019-05-13,210.61263101895307,212.61062708873007,209.56646976208205,211.42726135253903,372300
2019-05-14,211.17856610147547,214.377068296793,211.17856610147547,213.0479278564453,337500
2019-05-15,212.0274862525168,214.08551391360527,211.1185295964645,212.8849945068359,297900
2019-05-16,213.2280133793759,215.8091086078936,213.2280133793759,213.8797149658203,426600
2019-05-17,212.7049251007699,214.1541161440953,211.97603785078363,212.8849945068359,997600
2019-05-20,212.88500853238028,215.63761596729185,211.89887920875896,213.95689392089844,428600
2019-05-21,214.6085958685732,216.71805886058343,212.3619153301524,213.8025360107422,399400
2019-05-22,213.2280121801143,214.7543758727178,212.63632937301352,214.66004943847656,370200
2019-05-23,213.8711392808271,215.83482744834015,212.6277549148399,215.74908447265625,378700
2019-05-24,216.160703018945,216.94103874539115,213.74252322961672,214.29991149902344,323000
2019-05-28,214.222277639972,215.29158286092695,210.21240608832903,210.4624786376953,1058900
2019-05-29,210.54009301283017,211.24721741433808,208.30663782743463,210.9540252685547,403600
2019-05-30,211.20408436936376,212.2388886262407,210.41073400048307,211.63525390625,290100
2019-05-31,211.35066173299256,214.6016834377803,210.5141918527826,213.56687927246097,341300
2019-06-03,213.3771453507872,217.4560047749125,212.73900981038423,217.24903869628903,448400
2019-06-04,217.22320792282076,217.5077813968144,213.10122819330667,214.09292602539065,395200
2019-06-05,214.56725323306048,218.66336456999568,213.3341012935445,218.43914794921875,294400
2019-06-06,217.95621508611617,219.17211641727704,216.54197943938493,218.0941925048828,411100
2019-06-07,218.7150663769956,219.52566722235576,217.5164155749684,217.86996459960935,251700
2019-06-10,218.2925553229743,218.87032103646652,216.7662111794186,217.45608520507812,311700
2019-06-11,218.38737018005617,218.73230054586583,212.95463138992895,214.7655487060547,324300
2019-06-12,214.89488989289683,216.37811412028483,214.17914689819509,215.8262176513672,247500
2019-06-13,216.0246332473283,217.16292754436628,214.2999544881227,215.67970275878903,282900
2019-06-14,216.2659873010354,217.007599351182,215.41228013094425,216.49020385742188,245400
2019-06-17,217.0162564250846,217.6888798560467,215.5157816861883,215.7227478027344,237400
2019-06-18,216.23153275677225,217.0421336289572,215.0156314484948,215.70550537109375,273400
2019-06-19,216.21429200625676,217.52505120227156,215.44681068691773,217.2749786376953,226200
2019-06-20,217.11973496110335,218.15453923713665,214.8172911704979,217.7923583984375,235900
2019-06-21,218.33562944804584,218.37011722093305,215.5071583743022,215.714111328125,395100
2019-06-24,216.14528970467256,219.3790613229845,215.63651279470488,216.88690185546875,204400
2019-06-25,217.1542484038675,217.93896702046592,216.30914657329845,216.7144470214844,264800
2019-06-26,216.98179781264207,217.6371840637374,209.12588672104647,209.48806762695312,395000
2019-06-27,209.09131040549943,211.8852931286242,208.47904400779333,210.72113037109375,320000
2019-06-28,211.38519988958427,214.6103398868539,211.06612545671584,213.15298461914065,439600
2019-07-01,213.55823641099587,216.13663461699872,213.23917520907932,215.9986572265625,335200
2019-07-02,216.95587525254692,218.15452598815355,215.1277207039741,216.5678253173828,221200
2019-07-03,217.11107519587685,220.2068687838422,217.11107519587685,219.8619384765625,189700
2019-07-05,219.49979185020055,219.97408099360484,217.68888760936227,219.4739227294922,172800
2019-07-08,218.89615710325444,220.22416670478648,218.37012971843345,219.4739227294922,220200
2019-07-09,219.3962973322467,222.01780222845196,219.04273516729563,221.95745849609375,320100
2019-07-10,222.2247648599072,224.225371285653,221.5090087718864,222.71627807617188,235000
2019-07-11,222.802546500716,223.87183855117047,220.43974581509863,221.5176696777344,204500
2019-07-12,221.96604960321335,222.70767481531803,220.4914573066355,222.24200439453125,157000
2019-07-15,222.61282664343787,224.64796054223407,221.72461845006285,222.74217224121097,215400
2019-07-16,222.76804532782683,223.09573839235415,218.89615123870243,220.1293029785156,300500
2019-07-17,219.51700142113023,219.51700142113023,215.37777182166573,216.628173828125,387400
2019-07-18,216.86964912836288,218.2321463856637,215.90382045941897,217.36117553710935,212200
2019-07-19,218.0423983653405,219.40488226206145,215.67958501812976,217.31802368164065,286100
2019-07-22,217.5681783474333,219.43083413936571,217.05076957470152,218.52537536621097,195900
2019-07-23,218.43914655960944,219.29286712768953,216.72309992643903,218.35292053222656,154200
2019-07-24,218.63743307707904,220.55182678685068,218.38736054663565,219.89645385742188,196900
2019-07-25,219.5860469833708,222.00923111791636,219.52569008341496,220.34490966796875,210100
2019-07-26,220.30175735746465,223.80285178245165,219.43079965709217,223.79421997070312,208700
2019-07-29,223.66488722734871,224.4582507753138,220.62083126965248,221.44866943359375,272200
2019-07-30,222.67320276961783,224.51859475336013,216.1970408855115,217.04212951660156,576400
2019-07-31,216.3780961738961,217.99929767361357,211.324789203951,212.68728637695312,336000
2019-08-01,212.6528259284704,213.76523757054372,210.37625124573293,210.6953125,298700
2019-08-02,210.38487951331484,211.36794559945824,207.92720771883083,209.65188598632812,245700
2019-08-05,208.2462770788304,210.0313121999657,204.9176475772236,206.2283935546875,389400
2019-08-06,205.99551267136775,211.9715147011597,204.74511078815584,211.1436767578125,329900
2019-08-07,209.3069178224812,215.46401759994376,208.4187097276752,214.03253173828125,340400
2019-08-08,214.53273581971757,217.15425424265152,214.53273581971757,216.96453857421875,272300
2019-08-09,216.46433662546912,218.28387241793664,215.73996187469984,217.17144775390625,154900
2019-08-12,216.9041573807392,218.878921330334,214.95527571028495,215.62789916992188,205400
2019-08-13,216.21427259254304,218.00793944755048,214.96388356543088,217.86134338378903,237200
2019-08-14,216.2660227125452,217.9734636488021,212.39412847433064,212.6183319091797,317300
2019-08-15,212.93739551390695,214.12742772651225,211.9457107755698,212.7821807861328,184900
2019-08-16,213.67901020789031,215.52441544545184,213.03225585138625,214.97251892089844,169900
2019-08-19,216.4643711488254,217.17148239003788,214.67932284158323,215.5157928466797,190100
2019-08-20,215.0328680862326,215.0328680862326,212.6441852106292,212.816650390625,177700
2019-08-21,213.54967690589376,214.44650387562945,212.04920197536765,213.73077392578125,121800
2019-08-22,214.4982055390723,216.05903700877784,213.13570835315423,214.5930633544922,184700
2019-08-23,213.6359072113269,216.35227028900573,210.44524180801997,211.16961669921875,261800
2019-08-26,212.08368994668209,213.25647170202836,210.82466901413716,213.1443634033203,160400
2019-08-27,214.2654350432514,214.39478066777815,211.32485503531737,211.74740600585935,301800
2019-08-28,210.6435761656622,211.54903485456623,202.830786005534,206.5388336181641,325600
2019-08-29,207.15108958143324,208.43597951492248,201.86494694484463,206.86651611328125,312600
2019-08-30,207.2976676366744,207.63397931377875,199.69184464744947,203.4085235595703,621600
2019-09-03,205.72474874277293,214.17408559457587,204.62304864803133,209.6457977294922,463900
2019-09-04,208.84768735759533,213.80104850811455,208.84768735759533,213.71429443359375,300900
2019-09-05,215.24109442154517,217.40114406692408,214.8420573984757,215.77894592285156,326800
2019-09-06,216.021824288196,217.5572682250016,215.0415587992731,216.0044708251953,270200
2019-09-09,217.0280636650013,218.4854498655603,215.71816201995617,218.40737915039065,282200
2019-09-10,218.65892567835084,218.65892567835084,215.7615202269245,217.7567443847656,342000
2019-09-11,217.60065713194268,221.10531558764396,217.418492089349,221.0532684326172,303000
2019-09-12,221.25273822939783,221.93804768106745,214.98080592998815,218.34664916992188,553800
2019-09-13,218.919203923007,222.9963936038646,218.06038630564015,222.41519165039065,351000
2019-09-16,220.68022456684577,221.52168880572492,218.53752860641907,221.166015625,228700
2019-09-17,220.69756248011464,225.98055972054692,220.69756248011464,225.9285125732422,472700
2019-09-18,225.59015601437537,227.41188540011325,224.64459763920783,227.0648956298828,333300
2019-09-19,227.5073473979404,229.02545097119275,226.3795974307777,227.5333709716797,469200
2019-09-20,228.14925374425877,229.5458961644039,227.05621082510356,229.4504852294922,572600
2019-09-23,228.13190086949967,230.5955625014063,227.6461099265108,229.88421630859375,297500
2019-09-24,230.404782675202,233.31087232318305,229.8582610834361,231.41107177734375,464100
2019-09-25,230.34400485350235,231.49775183073817,227.85431942344871,228.20130920410156,309200
2019-09-26,228.54834686765895,231.56721418642675,228.21004036457185,231.0640563964844,214700
2019-09-27,232.08771501113483,232.08771501113483,229.27703627564696,230.73443603515625,320300
2019-09-30,231.02063655209935,232.55608017936584,229.82349934585457,230.8297882080078,212300
2019-10-01,231.10742432992885,231.31561292708489,228.7391731427741,228.88665771484375,229000
2019-10-02,228.8519346856482,230.20521341917976,223.9332941085957,224.8528289794922,326900
2019-10-03,224.76607016883753,224.9829420955783,222.23299441611107,223.47349548339844,311600
2019-10-04,223.7163943303985,225.65955812157057,222.86624693495017,225.2865447998047,351000
2019-10-07,224.5665446451324,224.7053458589007,220.8016510701492,220.9144287109375,281500
2019-10-08,220.04695546626584,220.04695546626584,216.9500177096417,217.26231384277344,378600
2019-10-09,218.1644552249616,218.33795009277696,216.71575256164823,217.2882843017578,191800
2019-10-10,216.7331598533265,219.05803415930376,215.46663501320447,216.4382171630859,270600
2019-10-11,217.97364858878376,219.4397049903184,216.16927249741903,217.30567932128903,282100
2019-10-14,217.08881166540843,217.6786969877922,215.4492603305548,217.4011077880859,249400
2019-10-15,218.14718373099257,221.1053206530529,217.86091113497233,218.20790100097656,183300
2019-10-16,216.95870776754043,220.9751673488708,213.60152092336529,219.2315216064453,274900
2019-10-17,219.41368925202949,219.41368925202949,216.31676459952104,216.4035186767578,162300
2019-10-18,216.10858626184904,219.40504300318685,216.10858626184904,217.80886840820312,226300
2019-10-21,219.05803159560105,220.74096011181703,218.12981325934865,219.4917755126953,151800
2019-10-22,218.7978080606487,218.7978080606487,213.04635881487135,215.5794219970703,285000
2019-10-23,215.796258651755,217.4358100512829,215.53602290326904,216.26470947265625,247800
2019-10-24,216.4642455879196,217.63535949873665,215.180367255846,216.585693359375,155000
2019-10-25,216.36010418168425,217.35770971313175,214.4516339441956,215.6487579345703,141800
2019-10-28,216.073811264214,216.7678039860125,213.6968904940174,214.2867889404297,301100
2019-10-29,216.46422899029463,222.71015171998707,213.16777271335997,222.2850646972656,504000
2019-10-30,222.59738346853717,222.94437330736392,217.32305585012423,220.81903076171875,246400
2019-10-31,220.7148946449265,223.30001758570447,219.07534338063508,223.0224151611328,258500
2019-11-01,223.525598008904,225.3212776745887,223.2132886277236,224.98297119140625,222800
2019-11-04,225.67692490701495,226.91742599208624,223.89858567169605,224.18484497070312,281600
2019-11-05,224.76609236131455,225.6248968044431,223.20459845043135,224.83547973632812,306700
2019-11-06,224.0981369329577,227.36858324995015,223.69909991268807,227.0042266845703,268100
2019-11-07,227.07365675377753,229.0081379603681,226.4750879438228,228.66114807128903,230100
2019-11-08,228.11460326716735,230.30068964637545,227.57676502264127,230.1879119873047,200500
2019-11-11,229.285693462234,232.04429825435764,229.285693462234,231.3242950439453,220800
2019-11-12,230.46546835936536,234.2997491590185,230.46546835936536,234.0048065185547,277800
2019-11-13,233.0072093341907,233.2934686364028,231.11609243839655,231.54115295410156,228300
2019-11-14,232.000966650668,233.1026667558052,231.17684255423828,232.9205017089844,198400
2019-11-15,232.68625856887112,233.18938983678711,231.07271751924145,231.7667236328125,199800
2019-11-18,231.43705380996812,232.66887153425043,231.2288387572821,232.00091552734375,208800
2019-11-19,231.44570255467633,232.01824760060825,229.8842353193151,231.6365509033203,321800
2019-11-20,230.9165660910962,233.44095861825252,230.9165660910962,232.23513793945312,178900
2019-11-21,232.67760638543356,233.83135364794623,230.9859943852492,231.70602416992188,252600
2019-11-22,230.64765755254393,232.3392428567527,230.0664290855752,231.8187713623047,269000
2019-11-25,231.4110413527736,234.7248244477166,231.4110413527736,234.0655517578125,301400
2019-11-26,234.26507086694937,236.4337903768216,233.8833741153217,236.27764892578125,457600
2019-11-27,236.7981470820156,237.8998470633585,235.62703325107327,236.6159820556641,331700
2019-11-29,236.12148501045132,237.1885044382993,234.94168794303923,235.31472778320312,177800
2019-12-02,236.11279082346863,236.11279082346863,232.85971201747896,233.1893615722656,278500
2019-12-03,231.74101292669943,232.77931249303776,230.4933173561122,231.93296813964844,226300
2019-12-04,231.74103829126247,234.13173169197916,231.61887285730444,233.39881896972656,213500
2019-12-05,233.41621546476568,234.3759914524121,232.8752580791359,234.1840362548828,193700
2019-12-06,235.08277826772309,236.0687289581769,233.71291710262943,234.6639862060547,169300
2019-12-09,234.7250177503568,237.01103956561863,233.48605586126575,236.94122314453125,176400
2019-12-10,237.15935468107295,237.15935468107295,235.21362799257884,235.8418426513672,344500
2019-12-11,235.65863561112585,236.46136474609375,233.88742324077623,236.46136474609375,229000
2019-12-12,236.63577770079968,240.5534045803652,236.63577770079968,239.99497985839844,183500
2019-12-13,239.7245596911555,240.94608078453135,238.84330711118017,239.65476989746097,195200
2019-12-16,240.7105662157689,241.89717937448188,239.00043628761284,241.1380920410156,236500
2019-12-17,241.12928638768932,243.99117365649943,240.7890178967317,243.4414825439453,247700
2019-12-18,243.3630062605436,244.29658133496395,240.2830153180926,240.91993713378903,207900
2019-12-19,240.64070663352496,241.95821871875495,239.567525407108,240.42257690429688,258000
2019-12-20,241.62661993677008,243.83409139039972,241.20782796274395,241.9320068359375,385700
2019-12-23,243.17972699348465,243.17972699348465,237.6828687590235,238.6339111328125,261800
2019-12-24,238.21510164495655,239.55005450332993,236.45262304420675,239.5064392089844,74000
2019-12-26,239.4453242128642,240.26549400242985,238.72114533594657,239.56748962402344,127400
2019-12-27,239.5238576803972,240.87627783220972,238.7211552745273,240.8239288330078,172400
2019-12-30,241.40848104640352,242.7259928778858,240.0473539283415,242.0803375244141,202400
2019-12-31,242.07167346365725,242.79585251762455,241.20788817444523,241.54815673828125,136000
2020-01-02,242.4729866173342,242.82198883697947,239.8467229470947,242.6911163330078,181300
2020-01-03,240.34404270620664,242.79581862349855,240.34404270620664,241.89712524414065,162400
2020-01-06,241.7662765719022,242.3421422834793,240.370240903882,241.33001708984375,265200
2020-01-07,240.68431579093397,241.36487938839272,239.09632518780995,239.2184906005859,244300
2020-01-08,239.87288787212503,241.86222973456688,238.4855595039203,238.49429321289065,225700
2020-01-09,238.71236710502973,241.57422712618552,238.71236710502973,241.0245361328125,193800
2020-01-10,240.7977446901219,241.9232747550496,238.6949712158516,239.79432678222656,220700
2020-01-13,239.55881320474427,241.4172829249663,239.55881320474427,240.78033447265625,158700
2020-01-14,238.62520390398944,241.1206219971981,238.62520390398944,239.6373291015625,203400
2020-01-15,239.34932925228537,241.32120335078952,238.2237727062335,240.4138031005859,206700
2020-01-16,241.66151504852417,242.91794415683944,241.15546589827767,242.0628662109375,264200
2020-01-17,243.12735207489808,245.570420628696,243.12735207489808,244.27908325195312,205900
2020-01-21,244.30531311035156,245.1342167878424,243.1274071681363,244.30531311035156,398400
2020-01-22,244.4710877055892,245.25634943828769,243.336823716932,245.1778259277344,561600
2020-01-23,243.4240049746349,245.29994164614297,241.10310183350825,245.1079864501953,336400
2020-01-24,245.0643597257218,246.0328694739519,240.3614970742316,241.99310302734375,258800
2020-01-27,239.44533445551704,240.4923676950754,237.87481122334088,237.91842651367188,173900
2020-01-28,238.97423166684297,241.56558742606384,238.97423166684297,240.06488037109375,214900
2020-01-29,240.08226683237845,241.13800708356587,238.73858047722015,239.6110992431641,192500
2020-01-30,238.25869829050845,241.7749477412494,237.2727478557499,241.58299255371097,214100
2020-01-31,240.81521886654295,243.31934387484517,240.6930534382531,241.31256103515625,454200
2020-02-03,241.7836839653293,245.29996046706,241.39106646201236,243.94754028320312,288100
2020-02-04,245.60531750915695,246.33823013280792,242.20249938964844,242.20249938964844,236400
2020-02-05,243.42397125982473,247.19325824338077,243.1186110320211,247.1845245361328,344900
2020-02-06,247.7430349113501,248.0309544513591,244.5321715384172,244.6979522705078,374300
2020-02-07,243.8777835085677,249.40955053055632,243.8777835085677,246.556396484375,229100
2020-02-10,246.12006660410205,249.50544346754504,245.85832164132367,249.43565368652344,215100
2020-02-11,250.9626315067327,256.7910517407162,248.02224688615465,254.46144104003903,411900
2020-02-12,254.74063630745871,254.74063630745871,248.5893880922833,251.0062561035156,243300
2020-02-13,250.43910746926116,254.60101318051997,250.43910746926116,254.5835723876953,233900
2020-02-14,254.8278549601654,256.43328645998986,252.73381503114052,254.2258148193359,209700
2020-02-18,253.4667098926172,253.55396709753035,250.5699411033259,252.84722900390625,205900
2020-02-19,254.11236462178024,254.6358812227427,252.62036494212344,253.5364990234375,243700
2020-02-20,252.1580434430078,253.08291164518556,248.8773628000092,251.2244415283203,160500
2020-02-21,250.7618699183748,252.98680858733368,250.38669326660025,252.89955139160156,235000
2020-02-24,249.1565171689273,250.7968571075282,245.32617270253425,246.9577789306641,593100
2020-02-25,246.4342574124918,247.46382339569084,242.2723515553573,243.04014587402344,438500
2020-02-26,244.401284830842,245.2301885334787,238.39837646484375,238.39837646484375,349000
2020-02-27,236.0076628578719,239.3843072286577,228.42547039060756,228.4342041015625,354000
2020-02-28,224.09776101422565,224.97027995290145,211.35025878762931,216.27999877929688,676700
2020-03-02,216.393406425914,226.94216998819135,216.1578359099668,225.24948120117188,771700
2020-03-03,225.24075168606015,228.59995482088385,219.22037652193535,221.13119506835935,439400
2020-03-04,224.21986098209248,235.2223088054136,222.9372441380506,235.04782104492188,302700
2020-03-05,229.5771736883,230.2752047997419,221.79430652908155,224.3944091796875,304400
2020-03-06,217.55382852444808,222.49228799440664,215.10205289280017,221.19223022460935,334200
2020-03-09,194.6938639017919,212.22276514538592,194.6938639017919,204.8412628173828,513300
2020-03-10,211.5603743596703,211.92926617539527,201.38945406189015,211.1914825439453,397600
2020-03-11,204.86761107605355,208.80247076450735,196.6465565649576,200.2125244140625,497200
2020-03-12,185.9925746475431,186.0891901427396,176.3837890625,176.3837890625,625900
2020-03-13,185.2108695031276,188.18836629788467,176.34864615084103,187.1607360839844,704200
2020-03-16,160.69698865416677,180.91584948496217,149.75314582483986,160.3895721435547,803600
2020-03-17,164.01708561334073,174.82038480761142,158.44854007273213,173.93328857421875,605600
2020-03-18,161.2415558764836,167.67962586247484,151.20237816285254,165.74732971191406,625400
2020-03-19,164.20147240780585,173.748793819732,155.27776238790716,164.45619201660156,624600
2020-03-20,166.00204882467733,177.4553059789529,158.08841100439238,170.96453857421875,654800
2020-03-23,166.88035152358506,166.88035152358506,147.697897491264,151.03550720214844,796000
2020-03-24,159.73085656499387,166.69590945405983,156.4547353148894,162.99819946289062,398100
2020-03-25,163.80622337425123,165.55408012668673,152.88874264079638,153.55625915527344,708500
2020-03-26,157.1310033526912,172.31712120248935,151.8259712807353,171.561767578125,693900
2020-03-27,163.6921034895485,171.21929436026838,161.118638463668,166.2567901611328,418400
2020-03-30,165.96689937005291,176.3222579632404,162.65563826992152,174.33726501464844,341000
2020-03-31,172.25563159136556,173.66972336631628,166.7661469684298,169.005859375,353300
2020-04-01,157.67560225044122,163.279260240515,155.2163099321382,159.18630981445312,438100
2020-04-02,158.73836540832485,166.590528346649,156.0331450925266,164.83389282226562,524400
2020-04-03,162.63804248195493,165.51892267897978,155.17234407094494,156.3580780029297,384800
2020-04-06,164.14879820118085,167.84652170033604,162.04084103341012,166.81887817382812,340500
2020-04-07,174.22309546370207,177.36747436495682,167.46005201111092,167.97825622558594,374900
2020-04-08,169.62072796503193,175.44397922367017,166.06355162357647,173.73126220703125,302900
2020-04-09,176.00609046480412,186.90601677786643,175.67232543668356,186.46685791015625,330900
2020-04-13,184.60477316718527,184.60477316718527,177.29717824134147,177.54310607910156,230000
2020-04-14,182.38266295086345,183.53327038239144,175.90068751266466,178.4038848876953,322800
2020-04-15,172.6948270531142,174.33729031466768,167.38101553075364,167.7850341796875,258200
2020-04-16,166.79254063690288,167.94314818351128,163.09483029766557,164.37716674804688,378300
2020-04-17,169.91055798273317,173.8366392108263,168.71604536341522,172.4576873779297,498100
2020-04-20,169.14641411821188,171.3509865880998,165.3345187455845,167.3370819091797,293500
2020-04-21,162.3833655618889,164.35078844958375,156.77969486840826,157.745849609375,489700
2020-04-22,161.00442515857446,162.21650794637893,154.9440380236827,157.55264282226562,547300
2020-04-23,158.8173940462205,159.4849105940365,155.30412366433288,155.541259765625,340000
2020-04-24,156.37566929000116,156.37566929000116,148.91876098158363,150.0254364013672,512800
2020-04-27,149.9991203995002,155.20755218604168,149.9991203995002,154.3380126953125,432600
2020-04-28,158.13232305218745,161.10104135911067,155.233885176128,157.78977966308594,348200
2020-04-29,162.26042644052066,164.12245578737696,159.50250923343157,162.00570678710938,238900
2020-04-30,159.1336032836304,159.1336032836304,152.0016674525266,152.0631561279297,285600
2020-05-01,148.80459804063625,148.80459804063625,144.22856987013097,144.93121337890625,322800
2020-05-04,143.01648404142952,143.97384719385946,140.29369359466787,143.00770568847656,312100
2020-05-05,144.50082265029295,150.9564492972277,143.47319261430087,147.3026580810547,748200
2020-05-06,148.5411437712254,148.5411437712254,143.67526768935312,144.45697021484375,360600
2020-05-07,146.26625615837906,156.4459558260604,145.58994772755943,152.677978515625,618700
2020-05-08,155.47982156540203,156.3932661855268,151.65913375352042,155.28659057617188,312100
2020-05-11,153.70557579612915,157.82488737179543,150.9037405844297,157.21006774902344,473000
2020-05-12,156.9817338386441,157.81613305333337,151.07065890275987,151.07943725585938,375700
2020-05-13,149.5336057358254,149.5336057358254,143.01648925561622,144.2373504638672,491100
2020-05-14,141.30378115783947,144.0441285836972,138.1769717304753,142.04156494140625,470700
2020-05-15,140.4429960268623,149.14712772210694,138.2032965950518,148.38299560546875,1087600
2020-05-18,154.25017498011306,159.55522224602316,153.6177850622951,158.4134063720703,741700
2020-05-19,158.37827027985549,166.1162478631806,157.53507930479103,163.6833038330078,675000
2020-05-20,165.82641030430895,176.55945534450396,165.40482149513193,174.9872589111328,760300
2020-05-21,174.17040805047586,181.26721689720125,173.99474718538195,180.94223022460935,571100
2020-05-22,180.28352813254975,181.00375524675133,176.5418986866224,180.6524200439453,376000
2020-05-26,188.93589426593215,188.93589426593215,179.51963238974534,179.93557739257812,540000
2020-05-27,186.12163120312871,186.12163120312871,176.28057916467228,179.70547485351562,637400
2020-05-28,181.94449619266751,183.4135780320586,178.90013838220992,180.98870849609375,342400
2020-05-29,178.92669330539428,178.92669330539428,173.51057633520762,175.59030151367188,535400
2020-06-01,175.705310706333,176.27170183866258,171.23613721871234,171.4839324951172,439700
2020-06-02,172.31581379661753,183.85603760393545,169.99713882088588,182.3515625,539100
2020-06-03,185.7056462532537,191.130620224685,184.97996402350395,188.7322998046875,564600
2020-06-04,188.3960169515921,192.6528018106717,185.21890369477495,192.15721130371097,533400
2020-06-05,203.15759439281044,203.69743695203303,195.79451026946035,200.13978576660156,455200
2020-06-08,202.10446667816151,204.6620784390472,199.91854781807464,204.4939422607422,342200
2020-06-09,200.0866920225038,203.0602486513168,198.5645134206216,201.29913330078125,346500
2020-06-10,199.36986427562832,200.5999956284295,195.10423408608028,196.19276428222656,426800
2020-06-11,188.09511267479016,193.3873441408728,185.19235667848952,186.73223876953125,658600
2020-06-12,194.50243983758344,194.52014335847903,185.23662495979636,190.2279510498047,477400
2020-06-15,182.76752330483615,192.6705302275588,182.00643392684432,191.9359893798828,339800
2020-06-16,200.86550034631705,200.86550034631705,193.40505291893055,195.21043395996097,429400
2020-06-17,194.73250635590895,195.7856428995161,191.08636474609375,191.08636474609375,430900
2020-06-18,189.3871955606058,193.5908833125351,186.5817887234618,190.7146759033203,429500
2020-06-19,194.9449214137719,194.9449214137719,187.97122002856744,190.9182281494141,682900
2020-06-22,188.44025448157788,190.9005304916228,186.31629131920468,188.82965087890625,332300
2020-06-23,191.84745162736775,192.67049643429297,186.98886887427864,188.51104736328125,418100
2020-06-24,187.2632600153159,187.2632600153159,181.09489936668209,182.3073272705078,647500
2020-06-25,182.0772149802809,183.9445379339214,179.3868471636337,183.4312438964844,484300
2020-06-26,181.31614048915233,182.44006425396444,175.82921029795315,177.767333984375,621300
2020-06-29,180.1656587474134,182.36928128364303,177.4841491631424,179.23641967773438,328200
2020-06-30,178.91783244916078,183.27196716753735,178.90012892687335,182.4843292236328,336600
2020-07-01,182.86484080282017,183.9799193947974,180.36917135394935,180.43997192382812,266200
2020-07-02,184.17464492000207,184.25429050900064,177.38679625746977,177.838134765625,258100
2020-07-06,182.37810749655608,184.5374777585743,180.63468217044277,182.2984619140625,302600
2020-07-07,181.38697021415905,181.69670761095892,179.18334737347396,180.28958129882812,405100
2020-07-08,180.08603623785646,182.18345141814015,178.1302087356907,180.9002227783203,317900
2020-07-09,180.6435521954621,180.6435521954621,173.1831178511413,175.28053283691406,285900
2020-07-10,175.183172685144,183.2100111990622,174.66987860838825,183.00645446777344,326400
2020-07-13,183.98875030031036,186.79417033940115,180.085968775604,183.79405212402344,328000
2020-07-14,183.7232814340614,187.50216568365056,183.3692785802568,187.1216278076172,209200
2020-07-15,190.8917244265849,194.07768354929743,188.95360041892073,193.183837890625,240300
2020-07-16,192.502383520137,200.4584083176183,191.528892380682,197.44061279296875,305200
2020-07-17,198.0777880024585,198.0777880024585,194.05109463098032,197.0157928466797,203100
2020-07-20,196.46707787083503,196.6352275305261,193.00677609624543,194.5643615722656,173700
2020-07-21,193.9095019904576,197.38749441647232,193.9095019904576,195.21043395996097,272300
2020-07-22,194.57324324387343,198.43178712155157,194.57324324387343,198.0689392089844,206500
2020-07-23,197.00697092417457,199.0778374137192,195.9449891477797,197.40521240234375,192900
2020-07-24,204.80369834273696,204.80369834273696,195.6263870965167,198.24594116210935,294900
2020-07-27,197.33440132415345,197.7680498239822,193.50240591902417,195.40513610839844,214800
2020-07-28,195.13074677412104,195.511284620927,191.26334522833352,191.4403533935547,229100
2020-07-29,192.64394860401347,195.14846323849792,192.1572165951636,194.64402770996097,176700
2020-07-30,191.0598674606212,193.5378340800599,189.4934364881019,191.2368621826172,180500
2020-07-31,191.53774226122377,193.7944619572993,190.00671843371393,193.62631225585935,240100
2020-08-03,193.83869057663196,197.4228904248689,193.2369059324748,195.54672241210935,326900
2020-08-04,196.61754117701423,196.61754117701423,191.9182628215599,192.1837615966797,276600
2020-08-05,194.98919044853557,197.16625094120425,193.03336320557472,193.91835021972656,368700
2020-08-06,193.37852658901335,200.69737369576808,191.61741090037643,197.93621826171875,439100
2020-08-07,196.01577954442007,205.80373380619395,196.01577954442007,205.48513793945312,318600
2020-08-10,205.20191114174236,207.97192449992392,204.62667504997617,205.2107696533203,210100
2020-08-11,208.9011576013021,209.77728597792225,201.77701045254105,202.01596069335935,252100
2020-08-12,205.0957633408198,205.62676100990151,201.13986986727284,201.52926635742188,140500
2020-08-13,200.40530957436303,201.63544100180724,198.99818344227523,199.3521728515625,176600
2020-08-14,198.40524044440545,202.21068729798964,197.77689372399905,199.369873046875,237300
2020-08-17,199.11322283304665,199.7946530757909,196.2635637151885,196.4051513671875,207500
2020-08-18,196.24585554367872,197.24589511525065,194.9449236509746,195.33432006835935,231800
2020-08-19,195.3697153560011,196.2724058313192,191.8563160637769,192.31651306152344,234500
2020-08-20,189.76775240150835,192.04217543107876,189.29871038053147,191.4757843017578,211900
2020-08-21,191.38727047452045,192.28996093293753,188.6880711149346,189.21905517578125,388100
2020-08-24,189.2013783032713,193.82987036664943,188.94473799662427,193.48472595214844,140400
2020-08-25,195.8033693483247,196.3255084256678,193.4581592525772,193.67054748535156,216100
2020-08-26,192.9625540410315,193.22805283423372,191.07754096733777,192.015625,181300
2020-08-27,191.9094326928672,199.75926291198823,191.9094326928672,196.3609161376953,211600
2020-08-28,198.51142919600284,198.51142919600284,193.97144162454575,196.1750640869141,190700
2020-08-31,195.5821460937521,196.18393083066312,192.84753923770467,194.76795959472656,288200
2020-09-01,193.41316950243217,195.13331586084485,192.70016927885737,194.17965698242188,184500
2020-09-02,192.82496243500137,195.45418838684168,191.5682769923887,194.21533203125,294900
2020-09-03,196.06914830982635,198.74293998327468,191.1493678227912,192.51300048828125,198800
2020-09-04,195.72162221311547,196.41680719565264,190.71270820096296,192.11199951171875,202400
2020-09-08,191.51481632616185,191.51481632616185,185.81963980147677,188.54690551757812,268200
2020-09-09,190.24922671040648,193.39538766293623,188.6449487290405,190.36508178710935,265200
2020-09-10,191.3454978392486,191.79112990330216,184.9016620009255,185.01751708984375,205800
2020-09-11,185.22249238677355,186.30982196322796,183.57364853465432,183.9034118652344,241000
2020-09-14,185.0174884669142,188.87666317654185,184.7144619741439,186.89805603027344,238900
2020-09-15,187.26343811782783,188.2527414827486,183.05667188137264,183.7072906494141,172500
2020-09-16,184.39360137278825,187.50411750983616,183.0745345110629,183.8499298095703,232200
2020-09-17,182.1743883385957,184.36690414969965,180.3829522780241,182.6735076904297,245500
2020-09-18,182.04068450766516,184.08167322406945,178.63604926592672,179.45602416992188,366700
2020-09-21,175.3294822423724,180.48098786989988,174.67886322979433,180.3116455078125,516100
2020-09-22,179.99076788590557,184.259930199394,177.50414722952462,178.35084533691406,272300
2020-09-23,178.43107778346445,179.7768953361674,174.62537610469678,175.6681671142578,240400
2020-09-24,175.31163909354686,179.54514340780193,173.60932146327673,177.9586944580078,285400
2020-09-25,175.64140252726585,177.81607525764417,174.69665126617878,177.04067993164062,196400
2020-09-28,179.82144018710898,182.17437687061775,179.15299211111656,179.67884826660156,149100
2020-09-29,178.54694542968863,179.99078897354667,175.85532393962723,178.05674743652344,185600
2020-09-30,179.15297469448598,179.81251496120686,173.3864954315531,176.06028747558594,473700
2020-10-01,176.10486964795675,178.94800429309254,173.57368287658983,175.51663208007812,346700
2020-10-02,174.06386973757307,178.17259750609085,172.0406965588166,177.0585174560547,217500
2020-10-05,178.85887455364426,181.91591751396797,178.43999293478865,181.800048828125,262200
2020-10-06,183.98360285376964,184.0370901121684,177.53976857693948,178.0923614501953,184400
2020-10-07,178.6538797697848,179.7857889444102,173.68062463674616,176.764404296875,290000
2020-10-08,177.32591097156657,182.7002323960427,177.32591097156657,181.89808654785156,222100
2020-10-09,183.79647179279172,184.11732739183256,181.1226796673215,182.65565490722656,190500
2020-10-12,182.86954671011796,184.91054894971688,182.12088819061532,183.3330078125,157300
2020-10-13,181.73766129100855,182.8606491327004,178.1458681469671,180.48988342285156,290600
2020-10-14,178.66277461553975,183.32408119348125,177.06740455413018,180.35617065429688,405100
2020-10-15,177.96762736408837,180.28491970356745,177.29917921996315,179.85711669921875,150700
2020-10-16,179.6342836521582,181.3722459424958,178.2973874904199,178.96583557128906,109700
2020-10-19,178.87669231550714,179.90165413392168,175.80183405948384,175.8374786376953,133300
2020-10-20,177.97654530576423,179.76798140189624,176.95158334460837,178.1102294921875,212900
2020-10-21,179.10842536280964,183.6003900879287,177.04959403086983,183.1280212402344,298100
2020-10-22,183.38651143713943,185.16903978407765,182.4239444978394,184.52732849121097,263200
2020-10-23,186.71978958385543,191.1226354855409,185.3828937157133,190.7483062744141,313700
2020-10-26,189.0994886715173,189.65206802133488,184.65207624106603,186.37222290039065,328200
2020-10-27,186.14048237778135,186.14048237778135,179.8303319465915,180.12445068359375,294000
2020-10-28,177.60219987042345,179.59862273780757,174.8660125732422,174.8660125732422,293700
2020-10-29,174.17974092416662,181.27420932276175,172.6289500548408,180.13339233398438,351000
2020-10-30,182.2723994581757,183.78755916873652,172.56653484439056,175.6503143310547,675900
2020-11-02,177.53091293914866,184.6521049834167,175.52556854827952,184.49168395996097,365400
2020-11-03,187.90525118186395,194.6966806940976,187.0763683235002,192.19223022460935,472400
2020-11-04,187.49519666522392,194.16186094003356,185.59681366042,188.62710571289065,357200
2020-11-05,190.16009590439197,193.1012699530042,187.0228426792316,188.7964630126953,251800
2020-11-06,189.71447771098897,189.71447771098897,185.40967045695243,187.77151489257812,271300
2020-11-09,202.74476594634268,209.4827207747217,199.86598653678112,206.4969940185547,621000
2020-11-10,207.38827557659684,215.1066270619561,206.550485025582,214.0816650390625,398100
2020-11-11,214.1707506804069,214.36682985639612,207.97646834695655,209.47378540039065,236200
2020-11-12,207.5486592598091,208.2973314129812,202.75366781947417,205.25811767578125,280600
2020-11-13,207.00496411101832,209.4381245330165,205.96218690142297,207.04953002929688,241600
2020-11-16,212.325850480132,213.64493118796804,208.4666751544073,212.83387756347656,284100
2020-11-17,209.76790066794808,212.78037741283384,208.3507941375091,212.4684295654297,181700
2020-11-18,213.40425771213992,214.8659301512802,209.55399064341353,209.5629119873047,205700
2020-11-19,207.8517174563985,209.1618632392744,202.7180272720845,208.404296875,268600
2020-11-20,208.57363525433323,208.57363525433323,203.9925381757439,205.9711456298828,218400
2020-11-23,207.8427556942008,209.090533415629,205.97110951147195,208.31512451171875,188900
2020-11-24,212.0852111729796,216.30088655715733,209.27772109883324,215.2759246826172,334400
2020-11-25,214.27768725105332,214.27768725105332,209.47377487980847,211.66629028320312,236200
2020-11-27,210.8374293773299,210.8730875564452,207.28129438858184,208.0655975341797,138500
2020-11-30,206.0513952363138,207.7002260278915,201.00683604558552,202.61111450195312,1072000
2020-12-01,207.3761676281244,209.80808080253348,205.38397691206228,207.03517150878903,271300
2020-12-02,206.11982469147983,208.84786194404083,205.18653906007057,208.54275512695312,210600
2020-12-03,208.08507324936065,210.05931215087656,207.5556071301275,208.7042694091797,202400
2020-12-04,209.21577002860937,211.86304584882168,209.21577002860937,210.5618438720703,263500
2020-12-07,208.57862953136868,208.63248398904824,205.6980390757232,206.68516540527344,230400
2020-12-08,208.9824638886608,211.15412813354405,206.9364326598296,210.6515960693359,293500
2020-12-09,211.36950081749524,212.455339835862,208.05817038086204,211.7823028564453,251300
2020-12-10,210.1131634127592,212.74250157608827,209.37731679411257,211.6207733154297,229500
2020-12-11,209.58371646454813,212.85018869765764,207.83382307055595,207.8517608642578,196300
2020-12-14,210.0593555194573,211.24389362773655,205.6352514467434,206.1288146972656,247200
2020-12-15,207.04411486541693,210.0862413360763,205.3031904280359,209.3324432373047,201600
2020-12-16,209.74523847060007,211.68358823951303,208.41711601099925,209.42218017578125,242700
2020-12-17,209.55678129410936,211.74639695279305,208.94655402699803,211.0284881591797,291100
2020-12-18,211.028516854647,212.58098507569707,206.97234325820224,208.66839599609375,466000
2020-12-21,208.1927814886662,208.1927814886662,201.48036288504684,205.6262664794922,220300
2020-12-22,204.99808409674333,206.62234441790432,204.15454225873285,204.72886657714844,173800
2020-12-23,206.10186793571071,208.71325468731996,205.48267172729075,205.9941864013672,133100
2020-12-24,205.9762445652149,206.32622326120116,203.02386158553296,205.6621551513672,77800
2020-12-28,207.04413591389476,208.87479058172948,206.21854547993215,207.0979766845703,172100
2020-12-29,208.22866754233576,208.22866754233576,204.5135038573,205.79676818847656,127600
2020-12-30,206.2634243355186,207.29540898966297,205.10579295491365,206.72108459472656,128600
2020-12-31,207.0441382721427,210.34650004560717,205.2045009929263,210.0683135986328,118600
2021-01-04,210.88496293868852,211.70158459212684,203.4995061557624,204.70199584960935,165100
2021-01-05,204.6750407337294,206.11084478796025,202.43158406183167,203.0148773193359,158600
2021-01-06,206.06598675735324,215.82950088926435,205.91343334671103,215.0487823486328,309900
2021-01-07,216.4845883647193,216.99608933821432,213.8014093991384,216.59226989746097,259400
2021-01-08,216.53844357220453,217.04097568247604,211.79128152365973,214.44754028320312,209700
2021-01-11,213.56812088417615,215.1205891733489,211.7105320600834,212.904052734375,215400
2021-01-12,214.11550223643297,217.07685397822232,213.7027001993321,214.85134887695312,163400
2021-01-13,214.1963152726038,216.9064153214211,212.60794378950845,213.79249572753903,162900
2021-01-14,215.0756935461791,215.0756935461791,210.1041997949409,211.06439208984375,197900
2021-01-15,209.3862982267653,210.93876639843148,206.92746480272052,207.4748687744141,268500
2021-01-19,206.99028449345053,210.05036260381812,206.15571151199913,208.8568420410156,235900
2021-01-20,207.8876742815925,212.7245663638682,207.5197440976356,212.30279541015625,179300
2021-01-21,212.21301885370707,213.5232033847209,207.96840328096872,208.0132751464844,178400
2021-01-22,206.14674186086083,206.46083126312337,202.27004227018327,205.4288330078125,229600
2021-01-25,203.94815977477865,208.53378568817365,202.925144096104,204.8275909423828,186500
2021-01-26,204.8096217785412,207.66330549463615,202.620006099103,203.8583984375,266900
2021-01-27,201.0406465357384,201.42652821967607,196.08709016443808,196.4639892578125,308600
2021-01-28,198.16005739261675,198.16005739261675,194.25643711121143,194.82179260253903,290800
2021-01-29,193.57439546696455,193.57439546696455,188.1183079316023,189.4195098876953,316800
2021-02-01,191.04377848510333,191.29504451413925,188.18112584040335,189.79641723632812,254900
2021-02-02,191.88732953993028,194.92945610987525,189.9489797715656,192.1385955810547,294200
2021-02-03,191.13353536166812,193.60133764669817,189.85925364310023,192.29115295410156,177100
2021-02-04,193.69105395379705,199.290726216376,190.8014809332613,198.25872802734375,272200
2021-02-05,199.3176705702065,200.77142615170044,196.4550175875081,196.88575744628903,201400
2021-02-08,197.4152318029089,202.288013456668,196.75116365289944,202.0816192626953,236800
2021-02-09,204.7827239895416,215.73078990161855,204.7827239895416,209.1260528564453,430500
2021-02-10,209.7452418650425,212.13228298800303,207.4748648677294,210.6067352294922,238100
2021-02-11,211.4771946524612,219.8856655448372,211.001582952244,219.8138732910156,365500
2021-02-12,218.6024079251612,222.2098761361757,215.95511828760831,218.54855346679688,305100
2021-02-16,219.6523772845777,219.6523772845777,214.40268277406832,215.76670837402344,260600
2021-02-17,216.46663967449953,219.0152030641025,214.9590297317809,217.81271362304688,177400
2021-02-18,215.919238934602,218.33320044246656,215.43465833082067,216.17947387695312,158100
2021-02-19,217.4627513470515,217.4627513470515,213.2091524193289,214.74368286132812,351400
2021-02-22,213.84628561651783,218.32421622171395,212.9219825937674,216.99609375,298500
2021-02-23,218.03706085555345,220.37026119373883,214.39368953271924,215.3538818359375,299000
2021-02-24,216.26921836117663,222.60473767084005,216.11666495403708,219.60748291015625,207100
2021-02-25,220.89972394773673,220.89972394773673,213.56810909022795,214.44754028320312,221700
2021-02-26,214.34881770349224,218.8357308985808,212.3027863819696,216.99609375,391200
2021-03-01,219.50879666422384,221.48303599037004,215.82055298646588,217.7409515380859,205100
2021-03-02,217.417830585964,219.4369412070766,216.0717568385556,217.0947723388672,186400
2021-03-03,215.44363382841152,219.80491416795124,215.44363382841152,217.3730010986328,271600
2021-03-04,216.3230788291712,220.7202624245217,213.90014819535193,215.08468627929688,222700
2021-03-05,217.49860927101548,222.95469694383257,215.7307645113621,221.56375122070312,219400
2021-03-08,222.6944779865001,227.9351892885535,222.0932332642106,225.2789306640625,240100
2021-03-09,223.4034079635617,226.90320851410488,220.486914351262,221.78811645507812,320600
2021-03-10,221.35736458875675,226.82242134360112,220.95354515682223,224.54307556152344,206300
2021-03-11,222.7572621319492,225.054559223485,221.15992232008537,223.8251495361328,192800
2021-03-12,226.0776132621565,228.0877554060511,224.9738363936256,226.8762969970703,216800
2021-03-15,225.92506154882355,230.2684041836169,224.6777001549917,229.7030487060547,206700
2021-03-16,226.73266078920597,229.14326795432655,225.6131221463046,228.75503540039065,184800
2021-03-17,230.7684053646737,230.7684053646737,224.52067286980963,226.8680877685547,225400
2021-03-18,229.0620624176921,231.18375149305777,226.26322211660943,227.47303771972656,209900
2021-03-19,227.2924087788779,227.2924087788779,221.80308102690012,221.94754028320312,450800
2021-03-22,220.5391225866339,221.3155739589414,218.29102164467065,220.18701171875,242500
2021-03-23,219.16678007815136,220.4307642364275,217.3971884801706,217.9118194580078,282700
2021-03-24,221.64963618511808,222.2635674649366,219.1938835130532,219.3473663330078,378700
2021-03-25,219.5730514274585,224.68318420202604,218.48963450749343,223.78033447265625,314000
2021-03-26,225.71246316449543,226.04651320153232,223.92482431362333,225.8478851318359,178000
2021-03-29,226.99449824420256,230.97606922433977,226.3534825919996,229.4051055908203,458200
2021-03-30,230.0190712272656,231.96020676415256,228.81827921572804,229.585693359375,288700
2021-03-31,229.53152414462087,229.6308381837789,223.57272312432676,223.7352294921875,281700
2021-04-01,222.26355817003815,227.19312416224568,221.73991740686543,226.7146148681641,235400
2021-04-05,228.29459092146544,228.773100192273,225.45964322541576,226.6243133544922,341600
2021-04-06,225.9923336372809,230.0551577804904,225.9923336372809,228.9446563720703,262300
2021-04-07,228.94468138593828,231.274035802378,227.8793113304831,230.9128875732422,256200
2021-04-08,229.3689860801876,229.8655562073566,227.19311483520696,228.6918487548828,266600
2021-04-09,229.73012442565076,230.4072617625959,228.13207645306977,230.01904296875,185100
2021-04-12,229.7481849938018,230.39823793857465,226.85906844836384,230.20863342285156,262600
2021-04-13,229.96488795333423,231.69835798652423,227.3105072293762,231.19276428222656,241600
2021-04-14,231.3552846103666,235.14726517436551,231.03025809849228,234.24441528320312,244900
2021-04-15,234.5694540179137,237.6933072727958,234.15415073672935,237.2689666748047,208900
2021-04-16,238.60513827682257,239.0926848718237,235.91463601882504,236.63693237304688,228000
2021-04-19,237.99123676999113,238.6142053989831,235.78828083180335,238.3523712158203,162000
2021-04-20,237.81967824521945,239.25520617594023,235.71602270097785,236.93487548828125,327400
2021-04-21,236.93488059122507,241.78317989914063,236.93488059122507,241.6387481689453,189200
2021-04-22,240.42893253722883,240.7810572458135,238.19889204124132,238.81285095214844,220000
2021-04-23,239.4989428232435,242.6047481617574,239.1558830632159,240.89837646484375,169300
2021-04-26,241.160200605365,243.07426535549288,239.7788414919812,240.15805053710935,226900
2021-04-27,241.05183402951573,242.30680834536787,239.7065967853521,241.1060028076172,188900
2021-04-28,243.1645126829135,243.1645126829135,239.553113658577,240.2663726806641,311500
2021-04-29,240.46498873299691,246.2342116119026,239.0475080739898,245.98141479492188,655100
2021-04-30,246.52312944800084,251.84092805097436,245.12372326447604,250.0442657470703,462600
2021-05-03,252.06666891743987,253.94458460954647,245.35850068975336,245.6383819580078,393800
2021-05-04,245.7376101780037,250.53173959681888,245.09659464375196,246.8571624755859,441100
2021-05-05,246.5772247314453,248.26557651618,240.8892836485422,246.5772247314453,300200
2021-05-06,248.08505969298457,248.2385562777268,243.86873912695577,246.76690673828125,276300
2021-05-07,243.9319646675074,247.38085769031215,243.3631648563423,246.56829833984375,296800
2021-05-10,247.58853172708737,249.00598509407536,246.18909788584543,246.3064727783203,332400
2021-05-11,245.21400420376145,245.44872640917683,238.9933560336653,239.7698211669922,319900
2021-05-12,241.14212378070212,241.66579203781305,236.5646691754793,236.94387817382812,307500
2021-05-13,235.70702881281233,245.67447182035897,235.70702881281233,244.63619995117188,222700
2021-05-14,244.44663076337903,245.89119623412788,242.86664330692145,245.06056213378903,191700
2021-05-17,244.79873105632765,246.6766466939919,241.0699566226468,245.67446899414065,335900
2021-05-18,244.20284769961037,245.85505087192504,241.2866326414772,245.13278198242188,400500
2021-05-19,244.05833691124897,244.5007244462599,240.62749152808783,243.04714965820312,324300
2021-05-20,243.48959653715423,243.93198417998516,240.79008409980992,242.34298706054688,252400
2021-05-21,242.5234935231969,244.4556051982919,238.1537040740063,238.6141662597656,276800
2021-05-24,239.6614886064374,240.00454838348247,236.9800236187413,237.9641265869141,388200
2021-05-25,237.7461484267806,237.7461484267806,230.13550630753303,231.0800323486328,592600
2021-05-26,231.52502681181048,233.04171733368256,230.38071162584123,231.3161468505859,495900
2021-05-27,233.0326708754396,236.1114509491256,231.50691700398727,236.06602478027344,1750000
2021-05-28,237.5644802507364,237.5644802507364,233.43222418884076,236.0932159423828,357000
2021-06-01,238.3183137814183,238.9177229413145,235.08515725769644,235.9479217529297,463100
2021-06-02,235.66637681407687,235.66637681407687,232.9872310952252,233.4867248535156,332300
2021-06-03,232.6693513539116,234.80360480085383,231.14358394425128,233.4049835205078,325200
2021-06-04,233.19613255189455,235.9933756265401,231.83386026345116,235.55743408203125,227200
2021-06-07,235.38483758711052,235.63006679192856,232.77833494946265,234.1224670410156,327800
2021-06-08,233.6047802362431,235.87525666816532,232.0063698170097,235.37576293945312,304100
2021-06-09,233.99526977539065,235.23042323060952,233.50483915965856,233.99526977539065,237400
2021-06-10,235.16689671610027,235.57559360809884,231.35249863460373,231.47964477539065,237500
2021-06-11,231.38879658365136,232.66025786194655,230.0719230044409,230.53509521484375,276200
2021-06-14,230.4806396980429,230.81666582975035,228.86406132588024,230.7076873779297,207600
2021-06-15,231.03458817556535,234.7581610306606,229.62689008368704,233.0235137939453,216400
2021-06-16,232.4514074733189,233.72288277122507,230.7894168252259,230.85299682617188,191400
2021-06-17,231.5250232138766,231.75207086408025,222.906303281195,222.988037109375,310000
2021-06-18,217.3209425268375,219.05559005797343,214.45107049937553,214.5237274169922,606000
2021-06-21,216.03129702716325,221.55309762602897,216.03129702716325,221.21707153320312,327700
2021-06-22,221.16258943966676,222.56119693352903,219.5187665917902,221.9981231689453,301900
2021-06-23,221.89819910378105,224.11418626663163,220.871939346095,223.2150726318359,407500
2021-06-24,224.74991567125176,230.3352819895752,224.18684196689512,229.4180145263672,327500
2021-06-25,230.36255695630817,233.18704434061425,229.20007401211333,232.7147674560547,512600
2021-06-28,232.2788740679541,232.2788740679541,227.529040063166,228.4553985595703,235800
2021-06-29,229.5905966991347,230.60776578201063,228.31004457008515,229.7722320556641,361700
2021-06-30,228.845863300812,229.79946620152728,227.50174509423655,228.87310791015625,226000
2021-07-01,229.7358697905368,233.51393165324208,228.23734718463777,233.24148559570312,291800
2021-07-02,231.8338457444965,232.2788503220463,228.037601381686,229.1819305419922,311100
2021-07-06,228.03757426183455,228.03757426183455,224.53195799407513,225.57638549804688,668700
2021-07-07,224.0779178839927,228.89133201758744,224.0779178839927,227.9377288818359,528400
2021-07-08,224.3321602137494,224.3321602137494,220.1908132009246,220.6812438964844,240900
2021-07-09,224.18685844592997,225.18585980586963,222.8245725259212,225.1041259765625,282300
2021-07-12,223.56024171367315,226.79339861511585,222.6066386402296,226.04867553710935,174900
2021-07-13,225.51281408548823,225.70354021607773,222.20700073242188,222.20700073242188,155300
2021-07-14,222.51579950327067,224.29585938142296,221.38965189882873,222.69744873046875,175000
2021-07-15,220.39970499877575,223.95073384203252,220.1817481071687,223.7509307861328,222700
2021-07-16,224.6590895911016,224.7317464972953,222.47036092027568,224.12326049804688,140200
2021-07-19,220.1544884216895,221.26248207112695,213.30672348284548,214.95054626464844,253900
2021-07-20,215.42282296008497,221.1353500031852,215.29567682130428,219.1009979248047,285800
2021-07-21,221.03546595658008,224.25045506737533,221.03546595658008,222.0798797607422,221900
2021-07-22,221.34424112576093,221.98904876995476,219.84573199622605,220.43605041503903,169200
2021-07-23,222.0162784981929,222.61567375767453,219.6186558866003,220.4995880126953,152900
2021-07-26,220.0273460965351,222.07077499811905,219.10098778094144,221.2261505126953,234700
2021-07-27,219.42792544243872,223.5147830311004,218.4016656578727,222.533935546875,253200
2021-07-28,222.2252085331477,225.1223393954211,218.49254379983705,221.0536346435547,279600
2021-07-29,224.94063374031973,226.07587195289295,222.7155696152539,224.84982299804688,373500
2021-07-30,224.33213757977776,230.4442698176358,223.2241440257651,229.61781311035156,346400
2021-08-02,231.10726680556567,235.4030183902977,230.54419305903895,231.37063598632812,370300
2021-08-03,232.60574507208057,236.86516070955952,228.8549277522677,235.95697021484375,476900
2021-08-04,234.69465739249415,236.719904954257,233.47765744125425,234.4857635498047,335700
2021-08-05,236.38382651261568,238.16387216443795,233.55936731003248,235.3848114013672,273300
2021-08-06,237.91872927262384,238.78152156195904,236.72900162045545,238.55447387695312,165800
2021-08-09,238.54534136890288,240.1074302770999,237.08314012105868,238.6270751953125,273800
2021-08-10,238.30013924443725,240.28905111324016,237.9459316151776,240.02569580078125,239100
2021-08-11,240.26183609397077,244.21247114094177,239.66245462810625,244.1307373046875,172400
2021-08-12,245.21148617629785,246.52837376244565,244.14889087459056,246.50112915039065,167000
2021-08-13,247.2276283424484,249.44361546328295,245.9652301962672,247.8633728027344,229100
2021-08-16,246.94613749181056,248.50822661031776,244.98444224653775,246.73724365234375,267800
2021-08-17,245.4930061477524,250.53345304089365,245.4930061477524,248.55360412597656,222000
2021-08-18,247.27306185583393,250.66062300675807,246.24682968782193,246.6464080810547,210000
2021-08-19,245.09344795105812,248.11773885057565,243.8401402064497,246.51022338867188,180500
2021-08-20,245.88351832957116,247.82705954998383,244.4849247372994,246.97335815429688,197800
2021-08-23,248.0359084569729,250.00669415057936,247.63633011243965,247.7816162109375,139200
2021-08-24,248.4849449924713,249.9189578618016,247.3523630442804,248.59457397460935,169400
2021-08-25,248.71329477108645,250.5491969882791,247.44371141315983,249.08778381347656,198600
2021-08-26,249.0786917676197,250.39396095790977,243.25132396950048,243.29698181152344,243900
2021-08-27,243.33355859941457,245.8270959260431,241.022708414527,244.70362854003903,203500
2021-08-30,244.57570627852328,244.57570627852328,239.97229201911983,240.23715209960935,194700
2021-08-31,239.9539656986336,244.1463750459857,239.83522188147515,241.9542694091797,305500
2021-09-01,241.81729737788297,242.19178643354425,238.33732263705025,238.62046813964844,266700
2021-09-02,238.748344429175,238.748344429175,235.8346608187467,236.68409729003903,402700
2021-09-03,236.41011219403015,238.17295662222696,233.6608575919797,234.4098358154297,340600
2021-09-07,233.6516474383548,233.6516474383548,230.1534016854191,230.33607482910156,405200
2021-09-08,231.24950504400263,241.4793705716452,230.34526790710223,240.6116485595703,562000
2021-09-09,240.68470199381275,244.51176529915048,237.07684090433523,237.55178833007812,233200
2021-09-10,239.2415351357475,239.2415351357475,233.2223663330078,233.2223663330078,286900
2021-09-13,235.3048900424168,236.06301085508963,233.47813051674115,234.86648559570312,170700
2021-09-14,236.32787177146264,236.32787177146264,229.70588240401335,231.916259765625,193600
2021-09-15,231.8157732057167,232.8204825245637,230.46397513717744,231.4412841796875,188700
2021-09-16,232.37293423876676,232.6834799937639,230.0346844224404,230.46397399902344,199900
2021-09-17,229.66936389352372,234.29107771005084,229.66936389352372,233.69737243652344,517500
2021-09-20,230.30871372779265,232.2450884039752,228.5002256047144,231.37738037109375,270200
2021-09-21,233.27719337722095,233.9531133779336,229.49580159460396,230.9937438964844,190100
2021-09-22,233.0031583050771,233.0853591300975,230.13514671213653,231.43214416503903,212300
2021-09-23,232.41859891348332,235.88944447606175,232.41859891348332,233.11276245117188,209500
2021-09-24,232.8296463952058,234.3458601965911,231.33170409206127,233.58775329589844,153200
2021-09-27,235.45106912084324,238.4104110722637,235.1313805815391,236.4649353027344,241200
2021-09-28,237.25951847312672,238.23681356235167,231.5965532149448,232.3546600341797,184500
2021-09-29,231.97107830325024,233.66996535744607,230.8658825682389,231.1216278076172,163500
2021-09-30,231.2403655004554,235.8163933445719,229.02998802624967,229.0573883056641,272900
2021-10-01,229.86113539653897,231.74269532200185,227.09359605963888,230.19908142089844,224000
2021-10-04,230.42743702085545,233.3411205876077,228.1531164772772,228.71942138671875,179000
2021-10-05,228.68289874111855,234.52852395466897,228.68289874111855,233.6151580810547,240300
2021-10-06,232.5647756456953,238.41954389702784,232.19030049502368,238.2551422119141,198500
2021-10-07,240.8399280610654,244.3381875650575,240.8399280610654,243.02291870117188,208100
2021-10-08,244.12816370267592,246.8317602374115,243.1234402989814,245.33383178710935,170800
2021-10-11,245.55301062462124,248.43929400278543,242.34703875655228,242.4475250244141,156900
2021-10-12,241.5523708703921,245.3337759451862,240.67553422408668,242.7671813964844,127000
2021-10-13,241.9177424474612,243.6075005265552,238.25510867641032,243.1325531005859,231000
2021-10-14,245.6169817932505,255.02478321292213,245.1420343001694,253.8008575439453,348000
2021-10-15,255.66410281274003,257.08897284592894,253.17056631759195,254.33969116210935,227200
2021-10-18,253.28020016427675,256.7419173122732,252.1841611600303,252.4125061035156,229600
2021-10-19,254.7233297284239,256.17560007535565,251.9009898608996,252.6773681640625,174600
2021-10-20,251.7731465618726,256.21218706543846,251.04245384173248,254.8421173095703,162400
2021-10-21,254.45841875772135,256.2760352372744,253.28929398772544,255.36265563964844,142100
2021-10-22,256.72364078543904,257.4634761177434,253.87390056113537,256.5866394042969,152100
2021-10-25,255.90160481696665,258.6691442146671,254.47670682960623,258.15765380859375,141200
2021-10-26,259.6372842840657,264.47818483296703,257.27163455363035,261.7928466796875,275300
2021-10-27,262.021295816318,264.58789118730704,255.22574691348663,255.91078186035156,415300
2021-10-28,251.1794390837057,252.35770680271176,240.41068369059457,244.2377471923828,531600
2021-10-29,243.3700725915192,244.0185644813505,238.6935443373746,238.8488311767578,406500
2021-11-01,241.05006311356237,244.37475104619335,240.0727400509431,242.4292755126953,302400
2021-11-02,243.59845666573304,254.97002091865536,243.59845666573304,250.0925750732422,399600
2021-11-03,248.49411912458717,250.63142462321585,247.45288059280745,250.2386779785156,173500
2021-11-04,249.49884268013795,249.49884268013795,243.35178626703836,245.525634765625,186200
2021-11-05,248.2839815918141,250.39391425808512,247.29754382014275,249.85499572753903,159700
2021-11-08,251.8096543162744,251.8096543162744,248.8594278202015,249.98289489746097,127200
2021-11-09,248.62195380788248,249.462247482884,247.64463088501032,248.84115600585935,110800
2021-11-10,249.5902005882193,250.00120481905407,246.4846866264853,246.9048614501953,124400
2021-11-11,246.51208213339964,249.26133631600027,244.57569358607597,249.1882781982422,282700
2021-11-12,249.60845538571272,251.40781488514247,247.54420791325185,250.4030914306641,195700
2021-11-15,250.98763183295935,252.35770147174645,249.91896525008465,251.63612365722656,100200
2021-11-16,252.28460565496783,256.05686837336015,251.06068017022008,254.4127960205078,199700
2021-11-17,253.5267787040771,254.4858161209657,250.27514960363752,254.03826904296875,216600
2021-11-18,253.389848922173,255.4723538542812,248.46671817691532,250.6314239501953,161300
2021-11-19,250.4030715982828,250.4030715982828,243.72626735680987,243.97286987304688,333900
2021-11-22,244.5208857294861,253.55422486101912,243.771935516804,250.14730834960935,200000
2021-11-23,251.75488484414217,255.7280926454028,251.4260536136087,255.280517578125,191800
2021-11-24,255.04304251180687,255.68239162456905,252.4033616041652,253.82823181152344,134700
2021-11-26,244.62137504845344,247.8638620605233,241.43366071814617,245.151123046875,139800
2021-11-29,248.64023618355012,248.64023618355012,241.333198197551,241.47019958496097,267200
2021-11-30,238.4382567724544,238.92520186484347,235.20420899267472,235.5533447265625,524900
2021-12-01,239.1824905582963,242.67382037262576,235.8749533132369,236.0311279296875,374600
2021-12-02,237.7032793016047,244.4653875476764,236.9682772882594,242.39816284179688,302800
2021-12-03,242.1868771077393,243.12400892938416,237.90542146242453,241.1486663818359,312900
2021-12-06,244.6399181034608,247.19408756211496,243.3536507571107,245.28306579589844,176700
2021-12-07,245.80680064715747,250.97946059958343,245.78840737224587,248.8846740722656,239400
2021-12-08,249.1235279675944,252.78022868890207,247.5524451216691,251.5858154296875,293200
2021-12-09,250.13418384243977,252.1646499908869,248.64578657350887,249.16029357910156,217400
2021-12-10,250.27199410471883,251.12644023792615,247.54325642243649,248.03939819335935,152700
2021-12-13,247.2033479269444,248.61825639195277,243.93254095793563,245.751708984375,167600
2021-12-14,246.24778895288955,249.92285497851097,243.91414221436065,247.80050659179688,151200
2021-12-15,249.07757642639663,252.0451739511037,246.6520196740596,247.95668029785156,170500
2021-12-16,250.42818097473844,251.97170189979144,246.98280674639125,248.5814514160156,244400
2021-12-17,251.4939513369263,252.55972378729808,244.9890691464722,245.2463226318359,608000
2021-12-20,242.609487941832,243.23424245368827,238.5117970642073,240.4136505126953,318800
2021-12-21,242.09501266783715,247.3319937967482,242.05825415098823,243.32615661621097,223700
2021-12-22,242.48083189752637,244.4469773427272,240.7811085109981,241.6998748779297,311600
2021-12-23,243.65689151694383,245.79760516454076,242.6830012520336,245.3290252685547,124200
2021-12-27,246.5234639043272,249.6564614138788,244.55728989740217,249.18788146972656,110600
2021-12-28,249.4819150173957,252.5597890386259,249.4819150173957,251.95339965820312,129700
2021-12-29,251.94412284291795,254.75554577840575,251.85224059539036,253.76329040527344,130100
2021-12-30,254.35132754616384,256.4277489150343,251.8155229037224,251.9349670410156,82600
2021-12-31,251.48475356118135,253.4968543277284,250.9794432296032,251.66851806640625,151400
2022-01-03,252.33923293852553,253.9470744366355,248.54472251682108,250.63034057617188,188200
2022-01-04,253.60711716491588,255.10471105370672,250.5568056401358,250.7038116455078,200400
2022-01-05,252.34847637835784,253.2396812384244,247.37794494628903,247.37794494628903,222400
2022-01-06,252.6516100068427,255.09553244664943,250.1525638159413,252.02685546875,213900
2022-01-07,253.17527354160288,257.4016046994952,252.0451807462704,256.4920349121094,161800
2022-01-10,258.5959197713684,259.0553028588802,255.5915644729078,257.43829345703125,240300
2022-01-11,259.09213906373736,262.6018336342018,255.15981977679337,262.43646240234375,207200
2022-01-12,262.7488660296973,264.20970146826966,258.22852230172293,260.029296875,140000
2022-01-13,261.2787967814516,264.67821568339616,259.7536411726124,261.4809265136719,132500
2022-01-14,260.268224529835,266.87415921584835,259.09220429853195,266.71795654296875,211900
2022-01-18,265.5235446424759,269.7958036804012,265.48678612806884,267.2691955566406,310600
2022-01-19,268.4361028592695,269.878545396783,263.6125772569074,263.9984436035156,192800
2022-01-20,264.5036959202829,270.80642052732804,263.40116492664345,263.7778625488281,276200
2022-01-21,263.9064465908741,264.65064511720516,260.1670887254481,260.95721435546875,217700
2022-01-24,259.2115309054441,262.21588649899377,251.28257355004172,261.0306701660156,319700
2022-01-25,258.72467822755937,263.92490050918724,252.44948669503864,262.11492919921875,221000
2022-01-26,262.82232757290257,266.73628160926006,256.2439564480806,258.87164306640625,277000
2022-01-27,260.9480571027748,266.3779706044737,254.19514560677828,255.36196899414065,372900
2022-01-28,255.97752129839185,258.11826294657254,251.9900780500262,257.9436950683594,297800
2022-01-31,254.95773116123695,260.709219041925,252.93643342851007,260.3784484863281,377000
2022-02-01,258.6419311013958,261.77492780359154,256.21637441381534,261.4165954589844,253500
2022-02-02,260.1395654144593,267.021117663258,260.1395654144593,266.6352233886719,217000
2022-02-03,267.4345008924691,268.5278351086959,261.9035374751344,262.06890869140625,221800
2022-02-04,261.70141984576776,264.84361329274407,258.03555085640005,262.75799560546875,291300
2022-02-07,263.57579317120656,265.1193144850107,261.34319683818256,263.4655456542969,194900
2022-02-08,265.1927784475992,268.04093219286494,262.6937324231674,266.7822265625,278300
2022-02-09,267.5631737485228,270.09897818974275,264.76094721751434,265.6337585449219,344800
2022-02-10,264.7425399157795,272.49693079054026,264.7425399157795,267.7652893066406,522800
2022-02-11,268.50031758739084,272.74501440394283,266.5800989341187,270.9718017578125,347100
2022-02-14,271.76198763185204,272.0100445265226,265.9829377146548,269.3088684082031,314100
2022-02-15,270.76972069879366,276.7233388853716,269.5293800717732,276.2088317871094,259900
2022-02-16,275.57486519440073,281.52848304957314,274.9776724927175,278.45977783203125,634800
2022-02-17,277.3755872352393,278.46892156008073,270.70536183625137,278.1657409667969,352600
2022-02-18,277.3479859822313,282.75953309381424,277.3479859822313,279.69085693359375,265500
2022-02-22,280.7107593719488,281.62952597586167,273.6178800682004,276.03424072265625,306100
2022-02-23,278.0647590714284,279.3050998263911,274.7847549527709,275.7035217285156,309400
2022-02-24,269.7957769362815,269.7957769362815,259.3126478136915,267.8204345703125,508800
2022-02-25,269.10671204474215,278.3495011283366,269.10671204474215,277.7615051269531,281300
2022-02-28,270.37456511020946,274.72950871345085,270.05299127435075,273.9945068359375,315800
2022-03-01,271.3117554815726,273.21360900073785,258.991120516446,261.01239013671875,371200
2022-03-02,262.6477869492896,271.192332615412,262.3629715642718,268.8954162597656,264000
2022-03-03,268.26142537446714,269.823311441882,264.6047249839448,265.6245422363281,260300
2022-03-04,259.8822696401545,260.8653564900104,256.7860311296335,259.4688415527344,372300
2022-03-07,256.1061334794433,256.89625912334515,245.48519616011325,245.6322021484375,393500
2022-03-08,248.23236235197857,251.19079203389273,241.6999450451787,245.6414337158203,265800
2022-03-09,252.66078862479145,255.55489750496972,251.0070201328406,253.101806640625,343800
2022-03-10,249.54614011071723,252.3024394395624,248.51712618077931,251.549072265625,269200
2022-03-11,253.4877105191146,255.00366986831008,249.16032749292907,249.36245727539065,282200
2022-03-14,254.36050746146807,255.09550943544824,249.23377476388737,249.91368103027344,331100
2022-03-15,252.4085757402099,257.94351820428517,250.97630927040737,257.5831604003906,291000
2022-03-16,260.95588383597567,263.3398740187599,256.87164993616904,261.87066650390625,285500
2022-03-17,259.41261734362206,263.524569163786,257.8048114144606,263.51531982421875,212900
2022-03-18,261.52872506710185,265.09550255835404,258.47018199672834,264.8829650878906,479500
2022-03-21,269.0781212406185,272.2198243022418,262.8131856050738,265.1047668457031,392800
2022-03-22,266.13966230193233,272.72801437506837,265.22487972881635,270.0852966308594,224300
2022-03-23,269.8172820637178,272.69100738843207,268.9117207598697,269.66943359375,267700
2022-03-24,270.75060200615457,273.91077538219804,270.02985823624846,272.58941650390625,200600
2022-03-25,272.2845045631654,276.6736562845441,272.2475353897309,276.2947998046875,157400
2022-03-28,276.1931168105987,276.1931168105987,272.764966512029,275.1489562988281,128700
2022-03-29,277.3943643272728,280.02783246139194,275.90665842981576,279.5935363769531,197300
2022-03-30,280.8040498658819,283.51145639382776,279.34406376466467,281.57098388671875,214600
2022-03-31,281.9313621835717,284.78664559732925,278.4847412109375,278.4847412109375,290800
2022-04-01,280.2126741755211,284.333848561102,280.1849543464402,283.77020263671875,258400
2022-04-04,283.15101810808557,283.15101810808557,273.18073668384255,274.70538330078125,267500
2022-04-05,274.70544479807455,277.9395563697992,272.79269204355717,276.1746520996094,302500
2022-04-06,274.72389441733526,279.0760763346501,274.2434080291774,274.9364318847656,206700
2022-04-07,274.3727784226732,275.7311064095985,270.5103319452882,274.0124206542969,171800
2022-04-08,274.71467578859523,277.5514605224334,272.8758613099364,275.1951904296875,168500
2022-04-11,276.81228147021335,279.94473538238157,273.966247031645,274.4005432128906,227200
2022-04-12,274.6592476639966,276.91388787686475,266.712595457139,267.8953552246094,302900
2022-04-13,266.61094280836073,269.90974370452255,265.7053813272915,269.60479736328125,137200
2022-04-14,269.6140118037459,271.63764380922186,268.08936489256627,268.4959411621094,190100
2022-04-18,267.35938211936644,269.7064310021458,265.9363651212324,268.033935546875,116000
2022-04-19,269.3275952153597,269.3275952153597,265.4651484089265,269.013427734375,215800
2022-04-20,270.64894486243526,275.4723926330188,269.73416228155065,274.8348083496094,225700
2022-04-21,276.9878396056833,279.0576622489454,270.4733971270294,270.79681396484375,183500
2022-04-22,270.2516530964049,270.45494127409864,264.3655734866986,264.4394836425781,190100
2022-04-25,263.3399051944087,263.7649802735966,253.78541644520277,262.6468811035156,272700
2022-04-26,260.3737474749571,262.7207967556895,257.3429235073989,257.3521728515625,222400
2022-04-27,257.35213572506666,265.28956643101145,257.3428863822374,263.1642761230469,403900
2022-04-28,268.85634400235784,268.85634400235784,253.70222477579568,261.1868896484375,417100
2022-04-29,259.4404675165471,261.4086602872584,253.1940300583398,253.84083557128903,279000
2022-05-02,256.40962667492045,258.42403783504847,251.7802456022706,256.35418701171875,269600
2022-05-03,257.88807090701306,261.41787968776475,256.7237816381579,258.2946472167969,172000
2022-05-04,259.18170421083454,265.3357601817929,256.84390458125927,264.45794677734375,248100
2022-05-05,262.1755868881609,265.04006328160557,259.28336246586065,262.554443359375,208800
2022-05-06,263.24749834109656,266.9528476028133,261.8799207861268,265.4928894042969,270300
2022-05-09,263.2844759790295,265.0493807845011,258.51646666042393,259.2464599609375,266600
2022-05-10,261.0297611224795,263.59856866386735,255.67038740854423,258.0728759765625,246100
2022-05-11,258.7381422443272,262.4804595941321,256.7607007415187,257.3982849121094,199900
2022-05-12,257.06573241635596,257.06573241635596,252.62114042834187,253.175537109375,438200
2022-05-13,254.56154256989035,258.98766332687643,254.56154256989035,258.7474060058594,278400
2022-05-16,257.9250576101689,262.498999107277,257.6570804334128,260.92816162109375,140300
2022-05-17,263.79265497371705,267.738261304379,263.081132314641,267.53497314453125,145200
2022-05-18,265.6406766253743,265.68686693649073,258.4979005357092,259.08929443359375,237900
2022-05-19,256.5666831378435,258.802824390887,250.763764331883,255.34695434570312,255600
2022-05-20,256.40035238801187,256.87158942755576,246.26372247839367,250.01528930664065,246900
2022-05-23,254.04412841219593,255.72587353532705,251.68785793031208,253.57289123535156,271700
2022-05-24,253.3497223477013,256.01773126171275,248.10667233486276,254.66049194335935,233000
2022-05-25,253.54494960527933,256.3895890221805,251.8809476070853,255.1067352294922,266900
2022-05-26,257.76543821462116,260.7588204613039,255.19967389752293,259.5596008300781,213200
2022-05-27,259.82924194483945,264.8584982970566,259.5131739994436,264.7469482421875,144500
2022-05-31,262.7761206467298,264.6725280715202,260.4334563211233,262.6180725097656,258100
2022-06-01,262.3298750045282,264.06826254876,256.0177375175211,258.91815185546875,157400
2022-06-02,259.726952667518,262.03239572579594,255.41349548656697,261.8092956542969,124800
2022-06-03,260.27541825901363,261.1585415958896,258.5091148456724,260.5635986328125,166300
2022-06-06,263.00852131215873,267.23828769354185,260.5450016970583,265.3046875,173100
2022-06-07,264.2076923475929,268.06561551571644,263.72429942869877,267.9261779785156,121300
2022-06-08,266.42954630747647,266.8013892596626,261.6048081136499,261.95806884765625,148200
2022-06-09,262.2741114873985,263.1386526510781,258.31391492244603,258.36968994140625,130400
2022-06-10,253.9539902926826,261.93943543908426,251.33245089799533,258.5277404785156,444500
2022-06-13,253.926136008042,256.49190071896936,249.1850601434241,250.70034790039065,316600
2022-06-14,251.96460143928184,256.19436761647324,251.7879710972212,253.4798889160156,221000
2022-06-15,257.3470878430211,259.7548323108196,252.56884844773543,255.8876037597656,307000
2022-06-16,251.4161339485455,252.8105661315773,245.05749822850075,246.3496856689453,282500
2022-06-17,248.1809921798917,251.6112969439739,246.22878183426755,250.17967224121097,597700
2022-06-21,254.41881901090483,254.65122439841917,251.14656136783088,251.8251953125,222700
2022-06-22,248.62722537820423,253.90746749707483,248.62722537820423,252.4665374755859,149300
2022-06-23,252.84770288250965,255.7202294607038,249.81715656129015,253.07083129882812,267900
2022-06-24,254.6604633512929,263.6963835987158,254.6604633512929,263.25946044921875,323800
2022-06-27,263.39892866045267,264.0217874920131,261.623348351144,263.1107482910156,185200
2022-06-28,264.94207122981175,268.0376976846311,260.56356283829206,260.6936950683594,179100
2022-06-29,262.1718320793448,262.1718320793448,258.5277318690382,258.936767578125,165800
2022-06-30,256.9380781956933,262.9713121403067,255.5994210797239,260.5542907714844,243500
2022-07-01,259.32717104090375,264.99786710705166,259.04829597609034,263.8079528808594,140700
2022-07-05,259.9686370760153,260.07091018948375,252.9128135593384,257.8955993652344,165300
2022-07-06,258.2581104041337,263.77075831679423,254.883580293513,261.68841552734375,184600
2022-07-07,263.02709515392564,267.730977418147,263.02709515392564,265.5649719238281,437300
2022-07-08,265.66723090501233,265.66723090501233,260.7960233275681,260.9633483886719,230500
2022-07-11,259.0297683122557,264.22634949280547,259.0297683122557,260.16387939453125,133000
2022-07-12,259.6711658617473,261.35380690773627,256.66850651849774,257.36572265625,215100
2022-07-13,255.1532631270997,259.0762677435384,255.1532631270997,257.44012451171875,315800
2022-07-14,251.7786423036573,251.7786423036573,244.4346393337911,244.62057495117188,270100
2022-07-15,247.35365708744453,247.57678552163196,243.77463728536569,244.6577606201172,230000
2022-07-18,246.3868858307743,249.28730031895432,242.1663963538476,243.2168731689453,282200
2022-07-19,246.6936477517138,251.5276907984399,244.7879350645254,250.97921752929688,188400
2022-07-20,250.96061599858763,251.94601253393296,248.69233723463876,250.5794677734375,220300
2022-07-21,250.69106925609225,251.3232051350916,246.6750971369201,251.2209320068359,154600
2022-07-22,251.8716328412523,253.2288721872744,250.0216952714814,252.80125427246097,200600
2022-07-25,253.82381361184656,256.81719540241005,253.07082261087857,254.53961181640625,137200
2022-07-26,254.15848660368627,255.10671859401637,251.30454207989416,252.689697265625,189700
2022-07-27,251.78796811736876,254.54894487873216,249.12923609504372,252.03895568847656,222300
2022-07-28,244.55553787024684,244.564814793901,231.90338852972224,240.0840606689453,830700
2022-07-29,240.1490834467586,243.346983327914,238.37353154063564,242.95655822753903,417800
2022-08-01,241.22746508720417,241.59933636936856,234.0414951281897,234.59927368164065,472300
2022-08-02,235.4080401664553,235.5288954963582,231.55940785965677,231.7360382080078,277900
2022-08-03,232.74002478429077,236.22610519175743,231.4199640388511,235.39874267578125,261000
2022-08-04,234.39474368897064,236.30047043221467,234.0229007958535,234.0879669189453,212000
2022-08-05,235.42664672686865,238.2991737800884,234.93394846278497,237.6670379638672,161100
2022-08-08,239.2287541939459,240.8834790579302,238.09461501504933,239.6563720703125,157100
2022-08-09,241.45990574694443,244.2023008198762,241.45062882239137,242.4639129638672,201200
2022-08-10,245.24339552175735,247.05616842417552,244.71350456630705,245.7082061767578,212100
2022-08-11,248.0137263391659,252.6897213194083,248.0137263391659,252.13194274902344,218900
2022-08-12,253.26608676279923,256.48256924777803,252.9592957770388,256.1571960449219,146300
2022-08-15,253.7402492949534,256.50122682360035,253.7402492949534,255.776123046875,128400
2022-08-16,256.2315751027885,259.15987711404273,255.52505369405293,257.7840270996094,201600
2022-08-17,254.62330231857,259.6153648254776,254.4280897631039,258.5928039550781,155400
2022-08-18,259.7827411717,262.44144506107176,259.5689180122161,262.32989501953125,142900
2022-08-19,262.3205512498851,264.00316365918087,261.0097817144494,261.68841552734375,240800
2022-08-22,258.8066246381307,259.81990868720396,255.02305825549217,255.3298492431641,211800
2022-08-23,255.06795292325108,256.78879067629015,254.36652309526625,255.0118408203125,125200
2022-08-24,254.2636439766089,256.2089587752108,253.1694293759927,255.98448181152344,138000
2022-08-25,256.64856263082913,259.48233857073336,255.72265566147328,258.9024658203125,164500
2022-08-26,259.51967531369263,259.51967531369263,255.114703977178,255.2456512451172,123900
2022-08-29,251.2615825046488,257.11619405368947,250.01769731817845,254.50686645507812,171100
2022-08-30,254.8715947028975,254.8715947028975,251.45797440876876,252.04718017578125,111500
2022-08-31,253.34714825731805,254.58164322444412,251.30830359968388,251.62628173828125,234500
2022-09-01,251.34573125090697,254.86224252179647,250.625606779478,254.7126007080078,197100
2022-09-02,256.6111404138675,262.05424373811553,255.11475079514273,256.2651062011719,167800
2022-09-06,258.1355728514933,259.17367543634396,254.40394625806152,256.62982177734375,227500
2022-09-07,255.8161645561468,263.78439810005386,254.66580922295256,263.1952209472656,258400
2022-09-08,262.44700091540494,268.25483236524497,262.44700091540494,267.0390319824219,205800
2022-09-09,267.82464101106524,268.77860395913706,263.95276273280786,264.3829650878906,307700
2022-09-12,266.31892017687994,267.8526987548382,264.08368314025154,264.5138854980469,300600
2022-09-13,261.2966912083557,264.92539807135756,261.0441581671658,261.380859375,206800
2022-09-14,260.8851755594639,263.2513313107396,258.3225988839722,262.0074462890625,267900
2022-09-15,262.59666461098084,268.0210447514451,261.6520631549273,266.56207275390625,201300
2022-09-16,264.82247991659415,265.1591525126582,261.82970142574266,264.7383117675781,418400
2022-09-19,262.2132411899537,266.36570918342005,262.2132411899537,265.6268615722656,241900
2022-09-20,264.4671411590127,264.4671411590127,253.35648643846903,253.88021850585935,466600
2022-09-21,253.41260902935088,256.1341607106158,243.87317865774764,243.9292907714844,330700
2022-09-22,244.49041734449384,244.49041734449384,238.4019967081206,240.8242645263672,415100
2022-09-23,238.27106328303864,239.1595382964913,235.36246674572067,238.598388671875,380100
2022-09-26,236.3631714359776,238.08402366492737,229.53591744169532,229.8726043701172,571600
2022-09-27,230.9948985110423,237.73796992037245,228.74096702005488,237.41064453125,706300
2022-09-28,238.02791620958624,245.17314890696736,237.38261262688044,242.63865661621097,490800
2022-09-29,240.75877919563692,251.28958866629992,239.3652810017674,250.17665100097656,403200
2022-09-30,251.80400213750937,254.31046696586483,244.76164625617477,245.4443817138672,430100
2022-10-03,247.81045014622765,249.6435118608672,242.1615946927477,248.67088317871097,321000
2022-10-04,250.52270782059992,259.18303844073785,250.52270782059992,259.0053405761719,348200
2022-10-05,256.0967360227454,259.08015366584243,255.02121581759064,256.00323486328125,369900
2022-10-06,253.38455047150396,254.9651082557575,252.77665021785057,254.67518615722656,258200
2022-10-07,252.7018178776008,252.7018178776008,245.45370906903855,247.3054656982422,307900
2022-10-10,248.52128680004589,252.25288453598063,247.20259523337063,250.17665100097656,231200
2022-10-11,249.88671970847352,253.59026125471857,249.0262865506322,250.35433959960935,232400
2022-10-12,250.1579740489749,250.1579740489749,243.8824938876196,243.94796752929688,275100
2022-10-13,241.04870883437317,257.3125434601325,240.08541293440544,256.14349365234375,337600
2022-10-14,257.3780086387483,260.41753803908375,252.0658247954244,252.80467224121097,286700
2022-10-17,257.219041455046,257.2657920358879,253.98311923031437,255.92840576171875,221600
2022-10-18,260.2865576972396,262.4469591132499,259.16425864473405,260.23980712890625,266200
2022-10-19,259.19244293531443,262.51253371909144,258.11689403742525,261.56793212890625,246200
2022-10-20,258.7528094131041,258.7528094131041,252.31835498796417,252.52410888671875,339800
2022-10-21,253.5996804672453,264.1117688777632,252.83277682144873,261.7549743652344,399000
2022-10-24,263.70960717635916,266.4498533522462,262.83047934894876,265.972900390625,219800
2022-10-25,262.46576958720914,264.8506201914893,259.1456504335182,264.7290344238281,295900
2022-10-26,267.60953798733243,268.7037526025958,261.76428906443783,263.3448181152344,327700
2022-10-27,272.6504730933675,284.649587844361,270.8080494420511,282.2179870605469,510100
2022-10-28,284.0417329847744,300.9415266689668,284.0417329847744,300.81060791015625,709800
2022-10-31,297.55591649080765,303.60691951055725,296.4055611912166,301.7644958496094,422700
2022-11-01,303.0270669028043,303.8781385743223,294.4134875059726,295.5638427734375,561400
2022-11-02,295.6853934359447,306.85215798117315,293.59046559538297,301.0256042480469,617900
2022-11-03,299.44504749953893,310.4060581888666,298.19182969634164,309.62982177734375,450300
2022-11-04,312.2672079357195,315.64340966971935,306.431292597775,311.58447265625,587400
2022-11-07,312.1737125213841,312.25788068158494,304.47667840435463,307.4787902832031,301600
2022-11-08,306.33776090894304,310.46217152655146,304.186720955123,304.5888671875,242600
2022-11-09,301.7925584345843,304.850782559976,298.7997794092805,299.3141784667969,252400
2022-11-10,305.6456890872374,306.5341782333116,297.7896811866246,299.45440673828125,336800
2022-11-11,301.10979209660815,301.2874899384149,286.2020676943948,288.7178649902344,444200
2022-11-14,290.0458941002061,294.79689924053935,289.7933611136106,289.9991149902344,229900
2022-11-15,291.84157662870643,295.7509007973198,287.96033705451026,295.732177734375,280100
2022-11-16,295.59193570313334,299.9407957533988,293.14161160579596,296.84515380859375,239800
2022-11-17,294.0768086858185,299.2861012870934,292.05668726751657,296.826416015625,230000
2022-11-18,300.3242270081359,304.8695076862023,297.5372304199911,302.5407409667969,430000
2022-11-21,302.2976694828197,304.3084300007748,299.3048897296332,303.0645446777344,232900
2022-11-22,305.4332870088797,307.83034204166296,303.04561272953373,307.62353515625,234800
2022-11-23,308.1782164950717,312.906547601989,308.1782164950717,309.1840515136719,238100
2022-11-25,311.5247190755184,315.8864550033479,311.2333132090923,314.3636169433594,95300
2022-11-28,312.7185602290643,314.88060923297263,308.81742815434245,309.4002685546875,220000
2022-11-29,309.2780197088747,313.81833349250365,309.2780197088747,312.8406982421875,191900
2022-11-30,312.7937165838663,317.7288541107342,308.7045968955683,317.6724548339844,379200
2022-12-01,319.46791784417815,320.229336790347,310.0394559684834,310.52825927734375,299300
2022-12-02,309.54130801977743,315.9616758489708,309.54130801977743,313.4706115722656,226600
2022-12-05,312.3238141794349,313.55524663711964,307.8586881678403,310.76336669921875,165900
2022-12-06,311.83493184318104,317.96389293310926,311.83493184318104,316.5632629394531,281100
2022-12-07,315.5292135858084,317.9450879261329,310.4060590635059,312.98175048828125,192800
2022-12-08,316.10259985461215,316.6008125929743,312.61511068607706,313.7243347167969,208900
2022-12-09,313.79020632499993,316.5914952890506,312.26736816621013,312.61517333984375,249200
2022-12-12,312.46472654636733,312.9817582074872,307.9619926786589,312.5963439941406,348300
2022-12-13,315.44463432598457,318.3022936407754,309.3344633382125,311.47772216796875,305300
2022-12-14,310.9888379231416,311.09225571682964,304.0138599698205,305.8751220703125,471500
2022-12-15,303.84465617721884,306.73051459252923,301.6073893989529,303.1490173339844,523600
2022-12-16,300.7614450266821,305.517976108073,298.95658179503965,303.7319030761719,1190700
2022-12-19,303.7976637902611,306.85274897404247,300.62037060915674,303.045654296875,219100
2022-12-20,305.17012221132285,309.63524670336534,305.17012221132285,307.3979797363281,239100
2022-12-21,309.4849026237781,315.2942589025386,308.18766159918846,315.12506103515625,227600
2022-12-22,314.00635020163753,316.0179912902235,309.03360372446514,312.8406982421875,261300
2022-12-23,312.62455064162526,315.9428423030477,310.35908383668544,314.8336181640625,158300
2022-12-27,315.21899153905696,318.0766793873636,314.42937292715476,315.92401123046875,135200
2022-12-28,316.8827988409941,318.3680274321706,313.8559137012339,313.9217224121094,137000
2022-12-29,316.5256549870431,316.5256549870431,312.98176618471354,314.7771911621094,121700
2022-12-30,312.6057594677309,314.3918325297302,309.2310682246467,311.40252685546875,151900
2023-01-03,310.9512912655602,317.2964684529706,310.0112650155735,313.3859558105469,248100
2023-01-04,315.134445700268,320.9062216494145,315.134445700268,320.63360595703125,287500
2023-01-05,320.3609450076867,323.7450453558837,317.7852821783516,321.62060546875,301000
2023-01-06,324.26204363823365,330.9738156744308,323.6322134725463,330.3251953125,381700
2023-01-09,329.5638417169598,335.4013974439994,327.39238309657964,331.53790283203125,372400
2023-01-10,333.0419287948951,337.71386069456673,331.1712569340253,337.4224548339844,279000
2023-01-11,337.9863825872368,339.97926207441185,330.6165811918697,331.6130065917969,305400
2023-01-12,331.6036531016544,334.14170664158115,328.3041519436942,328.6425476074219,297400
2023-01-13,326.8847112047278,334.14171482927156,326.6215050084935,331.7446594238281,362600
2023-01-17,331.9514987584275,332.9855334472289,324.86369227772707,325.8789367675781,322000
2023-01-18,327.0821811820929,327.4299863429227,323.23744815134916,324.76031494140625,185500
2023-01-19,323.6604530298792,325.72852236462984,321.7427913455946,323.82965087890625,246900
2023-01-20,325.173930174812,325.173930174812,315.84885608696317,318.02972412109375,310000
2023-01-23,319.5431365768323,320.75577854881743,316.4786703145398,318.5843200683594,156800
2023-01-24,316.7888467002991,323.1528140944083,314.30716362685575,322.8990173339844,222300
2023-01-25,322.26917835904334,331.00203002891726,321.9307826876808,329.7987976074219,194300
2023-01-26,330.5602166558143,336.3131725693172,329.5073918726012,335.6363525390625,186500
2023-01-27,335.29798067992544,337.5728282436404,328.70838718733313,329.9398193359375,151200
2023-01-30,329.9209861160996,332.0830348327193,325.8694756173574,326.1138916015625,138300
2023-01-31,327.07275790599135,329.2536258388819,323.58526831437877,328.7178039550781,161000
2023-02-01,326.8940914830235,337.8360095659856,325.2960355637495,334.9595031738281,322200
2023-02-02,333.8973988312532,333.8973988312532,318.6689592167593,320.9532165527344,445000
2023-02-03,320.6335395234956,322.01537921260507,315.5010044013705,321.8555908203125,242300
2023-02-06,321.86505434144937,325.4371721037892,320.61483177139553,325.0517578125,244100
2023-02-07,323.4818147021078,334.80914774174096,321.61117172468977,333.8315124511719,310800
2023-02-08,332.2241003319383,340.2989226305739,328.8211811027066,335.6739807128906,406500
2023-02-09,361.722061098141,371.31033956954946,350.385347709054,355.7622985839844,729300
2023-02-10,356.4297855476195,356.9373790958188,349.05057333954005,356.72119140625,311400
2023-02-13,358.150000607156,362.96293040854533,358.150000607156,359.09002685546875,195500
2023-02-14,359.5130929545168,360.7539059476844,356.4955876832217,356.8904113769531,201000
2023-02-15,356.2699209013143,361.5246637855859,354.13607180804854,361.411865234375,248900
2023-02-16,359.7480877345391,362.4271398234544,356.88099021748707,357.54840087890625,241700
2023-02-17,357.3227967493135,364.7960173967352,357.3227967493135,363.55517578125,307300
2023-02-21,362.8501137104131,363.3013366144841,357.53897141040665,358.8362121582031,260700
2023-02-22,358.08419829557323,361.3084815000522,355.69655223698663,357.003173828125,207100
2023-02-23,357.23814800263796,361.66566327755055,357.23814800263796,357.92437744140625,259600
2023-02-24,357.0313668771324,363.592760414125,355.33933110604494,363.0099487304687,239800
2023-02-27,363.799555047595,364.410566350553,357.10657297939855,358.2627868652344,199300
2023-02-28,359.381447452505,363.0381634784903,359.09945104136307,360.94189453125,274200
2023-03-01,360.2838659242664,369.80633683414294,360.2838659242664,367.3998718261719,343800
2023-03-02,365.9052175601285,367.8416693388069,358.89262977241606,360.38726806640625,331800
2023-03-03,359.85142133568365,360.5940500537697,357.40734751891154,359.8138122558594,196000
2023-03-06,359.49427031866657,361.83495543867656,357.22880337159626,358.4602355957031,337200
2023-03-07,359.3156717856215,363.13217656660896,357.0220051395574,360.2369079589844,168500
2023-03-08,361.67510350627504,361.67510350627504,355.517942978694,359.19342041015625,239500
2023-03-09,356.9843886927487,357.6987891570068,345.2810500508331,346.080078125,354500
2023-03-10,344.6229767928942,345.12121819758846,333.39909083335783,335.4953308105469,566100
2023-03-13,328.2947344826386,330.4850115506712,318.80049299831927,325.38067626953125,565100
2023-03-14,331.35923592128205,340.76890737518863,329.85518826190525,337.1592102050781,439400
2023-03-15,328.5748807260838,329.8214569288916,313.18165031291244,319.55615234375,520600
2023-03-16,318.0829308479341,339.0290650533974,317.5824155537155,334.5433044433594,371800
2023-03-17,332.5223035735387,332.5223035735387,313.8615609321011,315.580322265625,779700
2023-03-20,319.046123090914,331.5307021296376,317.5634545038727,328.5181579589844,373300
2023-03-21,335.54435246696846,339.34071232113894,332.5695905139321,334.0711364746094,198200
2023-03-22,333.53280236278346,334.4582959280897,326.5350127422071,326.62945556640625,329000
2023-03-23,326.74282914715013,327.998858393705,320.00946103535875,322.7764892578125,198100
2023-03-24,319.46175218979585,325.83625507220836,316.0903415263194,325.6473693847656,306600
2023-03-27,330.3314402107006,334.43945858171446,327.7060907778531,330.2747802734375,252500
2023-03-28,329.5098380782688,335.7049075788429,329.5098380782688,334.19390869140625,212200
2023-03-29,337.9713451312481,340.332271562734,335.77094555795776,339.04791259765625,196200
2023-03-30,339.8979140763526,340.31341066887916,333.3439791310473,336.2998352050781,233400
2023-03-31,337.50867781107513,339.6807190186341,334.26004010974486,338.1036071777344,251300
2023-04-03,337.43310835411825,343.155992759219,337.43310835411825,341.81500244140625,166900
2023-04-04,343.8453776561137,343.8453776561137,333.022897502991,338.6135559082031,148400
2023-04-05,336.89477952705187,343.5431570331784,336.89477952705187,342.8065490722656,269400
2023-04-06,343.69433448769746,346.5746540944128,341.69227286756484,341.9566955566406,252200
2023-04-10,343.5620343437019,346.1968365528629,343.3826016128329,344.4591979980469,183300
2023-04-11,344.8180754311534,344.9975081682519,342.4193658035517,343.07098388671875,160100
2023-04-12,343.5336571298173,345.9418192719044,341.95657448474867,345.2618713378906,196600
2023-04-13,343.2787527757307,344.8747415797854,340.67228039610876,342.5421447753906,268500
2023-04-14,343.3353738407072,344.10031172292025,335.86539891868904,339.22735595703125,246800
2023-04-17,338.6040961608402,343.5809480946889,337.28198297135793,343.5620422363281,232200
2023-04-18,344.64811420390856,349.624937644613,343.6281776622666,349.0866394042969,226600
2023-04-19,350.0876463764472,353.6290364230404,348.69942032538637,353.5157165527344,270700
2023-04-20,353.4590816574956,356.47162664280614,352.39193810333813,354.7056579589844,307000
2023-04-21,351.99526144898675,353.3740344449781,346.8578831182782,350.00262451171875,340300
2023-04-24,350.47482029021825,354.0162101193308,349.436006843031,350.6353759765625,188000
2023-04-25,348.98277282028687,351.2492568419894,348.0384020762518,349.41717529296875,181100
2023-04-26,347.16953101275635,351.2114362101872,346.77291148202096,348.4161071777344,240400
2023-04-27,348.50108804567725,353.1190742017539,345.7718719457103,353.07183837890625,247400
2023-04-28,350.76761481202846,358.5586733675104,349.5871513945312,356.9721374511719,249600
2023-05-01,355.9144917535477,360.7968729252815,355.3289864357686,359.1820068359375,365800
2023-05-02,341.862189487637,366.8691357126171,341.862189487637,360.7496032714844,527800
2023-05-03,359.8713999536192,361.892338548232,353.92184641864105,355.1212158203125,350300
2023-05-04,355.11168061591746,355.3949802719854,346.61234509503237,350.8808898925781,335200
2023-05-05,353.6951258077286,360.9856681191376,353.6951258077286,354.5167236328125,378800
2023-05-08,356.556652021159,362.5345355771126,356.556652021159,361.90179443359375,288000
2023-05-09,362.30783606685304,362.9783312364287,359.0308683790561,361.57122802734375,399300
2023-05-10,363.5355390069474,365.830353058539,358.2092740369281,364.50823974609375,269100
2023-05-11,363.8376730080012,365.9436299503654,361.2217766606833,365.5658874511719,141200
2023-05-12,368.59725072331,369.02222897992954,361.7411116119053,364.4136962890625,187800
2023-05-15,366.34976324226176,366.34976324226176,357.98265165729185,361.93011474609375,141600
2023-05-16,361.0139854728589,362.20390163032346,356.38657537813464,357.3498229980469,118800
2023-05-17,346.5840369744029,353.12851882120214,345.79076906750964,348.4727783203125,2127700
2023-05-18,349.4076459702277,357.43479553950544,346.88619277408185,356.4998779296875,1568300
2023-05-19,358.77588983526977,360.68350834715864,355.02673685989384,355.5272521972656,723300
2023-05-22,354.24291015471783,354.3940129382065,337.39533886449766,341.3805847167969,722900
2023-05-23,346.60293853863783,356.4905013369236,340.7384043141825,344.70477294921875,862000
2023-05-24,343.45816998517734,343.80758252057734,335.74264895955866,341.3238830566406,450200
2023-05-25,340.9272696324712,343.25986637323723,336.36594309255713,339.9262390136719,340900
2023-05-26,339.9734420526057,339.9734420526057,330.32197262820495,330.5863952636719,344800
2023-05-30,330.56742692536017,335.44446489181837,328.53688900471843,333.43292236328125,375200
2023-05-31,332.09507461782346,335.60580556062604,318.8207693298595,322.6256103515625,885000
2023-06-01,322.7110022356977,323.49855819839416,315.55674634543306,322.0657958984375,422500
2023-06-02,322.49276777720195,327.54061955410725,321.69574312133125,325.5765075683594,442000
2023-06-05,328.1668058856043,328.8499739618178,322.9197055767655,325.0071716308594,602800
2023-06-06,326.58233533818753,331.78200637133625,324.5897588756352,331.63018798828125,365400
2023-06-07,330.9374998479191,332.1615155716793,328.6223203353096,331.09881591796875,315900
2023-06-08,330.29229082412365,331.63016307767947,324.13427937892635,324.1722412109375,258100
2023-06-09,323.1949144500949,328.4894748747161,322.8343494587504,326.9618225097656,332100
2023-06-12,326.75304472259256,329.07772155160194,321.07898236741914,321.3541259765625,392800
2023-06-13,321.1169281519629,329.57112272017395,321.1169281519629,328.7076721191406,320700
2023-06-14,327.7208963787864,330.0360466497922,323.3372174126776,323.6598205566406,247600
2023-06-15,324.1152649123733,327.8252443799786,322.9102447712246,326.6391906738281,242500
2023-06-16,328.60336709289425,334.7898140147883,327.45524603126876,334.32489013671875,587700
2023-06-20,336.2889942337022,336.8393105072386,329.29599605557513,334.6949157714844,342800
2023-06-21,336.8582188137509,337.465492210064,333.68908678726393,333.85040283203125,281400
2023-06-22,335.5298613462539,336.4597379225247,332.3607291602245,335.3495788574219,245400
2023-06-23,333.8883526616609,335.22619571183975,326.09833135484746,327.97705078125,518100
2023-06-26,329.1536616905486,329.9127535353716,321.1549214020552,322.57818603515625,532500
2023-06-27,322.97665220940195,324.97869685152335,318.27037052464647,320.614013671875,315700
2023-06-28,319.9404093150457,319.9404093150457,314.14296287849555,315.8414001464844,469300
2023-06-29,317.1982134006173,323.55547328525955,315.8888343423624,322.2840270996094,475600
2023-06-30,323.6029603240573,326.4779540488891,321.7147716305845,324.37152099609375,549200
2023-07-03,323.2613231401993,325.64292833000906,318.004724826172,324.3809509277344,150200
2023-07-05,323.4985362184014,323.4985362184014,316.5814626089262,322.25555419921875,284900
2023-07-06,321.6008473390243,325.19697040118695,321.6008473390243,323.8211364746094,349700
2023-07-07,329.08726761111444,337.0860376310271,326.57283897361697,333.30963134765625,406900
2023-07-10,331.89580226300393,333.8978471010859,326.9523093667494,329.3054504394531,151500
2023-07-11,330.9564057222,334.33428427038194,328.43250898469734,333.8219299316406,177500
2023-07-12,335.44446130782495,336.5925532186592,330.8994952750717,334.6000061035156,239800
2023-07-13,333.9737936827167,336.2225471220913,333.319089648925,335.64373779296875,240100
2023-07-14,335.3970768635073,335.55836397851016,330.9090384764991,334.6190185546875,211800
2023-07-17,334.85617828383215,343.39576507162957,334.85617828383215,340.6535949707031,227000
2023-07-18,339.3062616474626,343.0447053735749,338.1581697284454,339.7237548828125,171000
2023-07-19,337.9209343607247,343.38624993701507,337.9209343607247,338.9551696777344,204200
2023-07-20,341.3178551838158,347.7415128117573,341.3178551838158,346.3846740722656,270300
2023-07-21,348.8231459784953,355.0760176811261,344.3446059981886,348.1874084472656,290000
2023-07-24,347.62760597021816,354.23154515559844,346.84007901945944,351.17626953125,276500
2023-07-25,351.0434739973037,351.8215322691831,347.46634602496965,347.8174133300781,243800
2023-07-26,348.7377339487434,355.1044618163393,344.46794082069124,346.0904541015625,355400
2023-07-27,361.4143476789315,365.3046103597559,334.64749070036174,339.5340270996094,580900
2023-07-28,342.7789900494436,346.00505006856196,336.19401810818374,340.77691650390625,371600
2023-07-31,341.00471375919045,345.1606219475423,340.07483715646794,342.0674133300781,323500
2023-08-01,342.7410630234833,345.1321369131755,339.2872606708715,340.8528747558594,257900
2023-08-02,342.2856502625091,343.0352444184989,339.6763317402949,341.1565246582031,218000
2023-08-03,340.6346680204578,346.36568837015193,339.4865759936942,343.7658386230469,216100
2023-08-04,342.35206647730985,344.1453937823823,336.4028308404231,337.1239318847656,206400
2023-08-07,339.83758353054685,344.09787897315374,337.12387772339395,340.3215026855469,148100
2023-08-08,337.60784829215584,339.73324748951325,328.1383840889431,328.35662841796875,323800
2023-08-09,330.4725429369318,342.3805112335156,329.8842648986343,340.6346435546875,287300
2023-08-10,344.07893246439784,347.6845241848209,339.3157222004785,340.2550964355469,203900
2023-08-11,338.4807978150431,341.46964768569615,335.3685937126209,337.8070983886719,189000
2023-08-14,338.7275138889164,339.89460141196275,335.76712783244284,337.5604553222656,168300
2023-08-15,335.7386284489169,339.7901779339366,332.6548884710965,336.7254333496094,200900
2023-08-16,336.65901614924144,340.1887136201507,334.4956550513547,336.75390625,146000
2023-08-17,339.97040279515414,341.74476335878296,327.9580770459022,329.42877197265625,144100
2023-08-18,328.1478987614162,334.1730583209108,328.1478987614162,330.5769348144531,164300
2023-08-21,330.2448730026065,333.1103980752759,325.7947959591749,330.7667541503906,133100
2023-08-22,329.29592655229266,331.0702871508703,327.3033795687699,329.0587158203125,132400
2023-08-23,329.9696374883447,335.5678051687472,329.09668922313585,334.5715026855469,167000
2023-08-24,334.47665473653916,340.8623495856766,332.95850014734674,339.7616882324219,231500
2023-08-25,340.0179317202539,340.6346739458688,334.31537540569917,334.8277587890625,182000
2023-08-28,336.7159399829736,336.7159399829736,331.26958995661414,333.75555419921875,171900
2023-08-29,334.05916466778405,341.8965882209774,333.28110645194255,341.441162109375,198300
2023-08-30,340.73901371180864,350.04719067015066,340.73901371180864,344.1453857421875,275300
2023-08-31,344.2402720275193,345.64457026809157,341.6024893146725,342.2287292480469,245100
2023-09-01,344.762134379039,349.0983541471946,343.77532948101583,346.137939453125,190800
2023-09-05,345.6920254639596,348.9655460405797,342.9498837117673,343.15863037109375,280600
2023-09-06,342.3710386822771,348.1020590412532,342.3710386822771,347.5707092285156,255500
2023-09-07,349.1457753479571,353.91845469130266,346.1094660307834,348.43414306640625,363800
2023-09-08,351.54633431787573,352.7988140374489,347.7319958516019,351.7361145019531,256400
2023-09-11,353.7191815591684,360.3420870075791,353.7191815591684,358.52032470703125,303500
2023-09-12,359.24142430695457,361.3288904312638,354.77238200944436,357.0401306152344,282500
2023-09-13,358.6626365394388,360.26618344788545,352.7134016433624,355.9679260253906,235300
2023-09-14,359.67794652783016,361.16763708497746,357.400728969891,360.7216796875,239500
2023-09-15,358.62470670000016,362.3631505879547,358.62470670000016,359.8107604980469,396800
2023-09-18,359.79171355062533,367.0172761298052,357.1512433108549,366.3976745605469,335100
2023-09-19,367.2651593734547,371.2592465809241,365.568389394649,370.4585266113281,444300
2023-09-20,371.9264679922372,374.7671107179327,369.9723043114798,373.6613464355469,388400
2023-09-21,373.4039954291482,376.28277608967886,372.5460833599103,374.1189270019531,453100
2023-09-22,373.8615447029638,376.2351081051682,372.9940909441353,373.480224609375,404600
2023-09-25,371.8882957690651,374.8910021674064,368.1611161618738,370.515625,269400
2023-09-26,368.59965220029267,371.89789084693456,365.8638519984476,368.0181884765625,345400
2023-09-27,368.64733434598384,368.64733434598384,358.6478047579419,363.87158203125,649900
2023-09-28,365.26332533403325,368.1039974547177,361.764942883734,363.65234375,320800
2023-09-29,362.8802266981325,362.8802266981325,353.34780488243723,354.2915344238281,339700
2023-10-02,354.6632536616265,358.1235271416937,351.9274534871012,358.0567932128906,221800
2023-10-03,357.9995607562125,359.0385910382644,351.36500462674553,354.7871398925781,207700
2023-10-04,355.7308812025998,368.37088080402265,355.7308812025998,367.274658203125,338400
2023-10-05,365.53973661512975,370.7444301558415,365.53973661512975,368.9809265136719,304100
2023-10-06,372.01229454811136,375.96824369268035,367.5034486601649,373.4612121582031,319000
2023-10-09,371.69765672106473,373.51835248407315,367.6559198343416,371.8406372070313,241200
2023-10-10,373.0989729110459,373.0989729110459,366.2642429639714,367.2937316894531,198600
2023-10-11,370.08667115601384,374.8338268705448,369.8388480133715,374.1474914550781,237500
2023-10-12,378.0367182505999,380.0766701949629,372.57465993855857,375.4629821777344,196400
2023-10-13,378.1988047103304,381.22059497947936,375.9968177776425,379.7525939941406,237800
2023-10-16,381.2968088242547,387.0448570536548,381.2968088242547,386.3299255371094,256800
2023-10-17,387.6740243545939,391.1247560342502,387.6740243545939,388.9609069824219,261100
2023-10-18,388.64627223848606,391.5345942201431,386.4061478093312,387.2545471191406,290600
2023-10-19,386.53963020912875,389.1896418000813,382.84104660219424,383.060302734375,350200
2023-10-20,383.1842736047181,384.127973984008,376.12074608327066,377.5029296875,389100
2023-10-23,376.9404954769188,378.6182107878129,370.35358944453185,370.8397521972656,349600
2023-10-24,369.8102808703033,379.3236183212608,369.44804422119086,378.5324401855469,481000
2023-10-25,378.7421792910967,387.1306986029981,376.1779555717378,378.1416320800781,541900
2023-10-26,381.2968863740631,385.6436685514759,363.30921041386966,365.3014831542969,673000
2023-10-27,365.2347453648252,372.2982736012738,360.8879632332635,367.5511169433594,648800
2023-10-30,370.4203577581426,374.8529278678764,368.39948908639406,374.281005859375,323400
2023-10-31,375.8538134310092,379.30454497355487,374.8052413651598,377.1216125488281,420600
2023-11-01,379.3903569644146,384.65224289993375,377.1311778349833,383.5751037597656,392800
2023-11-02,381.3826767127256,381.6019328961895,361.82215681024695,364.1766662597656,825000
2023-11-03,364.0812868638161,370.9160163711599,361.04998399369174,367.3890380859375,351000
2023-11-06,368.2088143809267,370.5633235244324,361.8697602532237,364.8724670410156,477900
2023-11-07,364.87244394213906,368.065810583449,364.1384580464553,366.035400390625,247600
2023-11-08,366.9219841008557,368.5424783143798,362.06044327899934,363.442626953125,270500
2023-11-09,365.3586425481376,368.47573384167634,358.8384698675773,362.3940734863281,420000
2023-11-10,362.6800350401372,367.6559601316294,360.9165312782248,366.6931762695313,274900
2023-11-13,367.6750038216081,368.4280732292153,363.94782370375526,367.8084716796875,368300
2023-11-14,369.457595170331,382.68860142096,369.457595170331,374.7767028808594,662900
2023-11-15,376.7975405977352,379.3999020342611,369.5910325634304,371.7834777832031,401800
2023-11-16,374.59557775486775,381.0013663187864,374.3286711101479,380.6391296386719,444000
2023-11-17,380.8392464170044,384.3757953034447,377.48384493465943,377.7698059082031,334600
2023-11-20,376.20657637993816,383.12712417567855,375.5392951926181,381.0109252929687,368300
2023-11-21,385.4434777676603,397.29227097468487,385.4434777676603,387.96002197265625,413200
2023-11-22,386.3490050187525,389.3517408559406,384.5569343369244,388.9323120117187,325600
2023-11-24,391.46796015774135,398.37896563256174,391.46796015774135,394.8805541992187,143700
2023-11-27,395.1855659928451,396.5963456171992,392.97403744198226,395.2046203613281,256100
2023-11-28,399.225238570532,399.225238570532,388.8004145560975,388.8961486816406,412400
2023-11-29,388.2068715093348,388.5323441378813,381.3623057060151,385.1531372070313,332100
2023-11-30,385.143555294206,394.85041638528975,385.143555294206,393.0124206542969,1225300
2023-12-01,391.7488212935161,395.53007054071736,389.53750052896874,390.2171630859375,288300
2023-12-04,388.350451639421,391.2510171483226,381.11339652386545,382.01324462890625,517400
2023-12-05,380.9889896382519,382.18559319294775,377.45661360767343,380.2231750488281,333500
2023-12-06,380.232746524043,383.343915678688,369.0421080583728,373.6944885253906,452000
2023-12-07,373.8285125724891,376.1738378852711,364.571575116736,366.9839172363281,332200
2023-12-08,367.7784683921993,370.1142406795338,365.92133748810625,368.34326171875,292500
2023-12-11,370.0472413562003,378.5574995749697,368.860220018149,374.03912353515625,259700
2023-12-12,374.2975998098054,383.008879714666,373.5892198389377,379.2084655761719,300200
2023-12-13,379.3424465958103,382.31961131042334,370.07595605535784,370.3056945800781,338600
2023-12-14,367.91249881580154,369.0803850420896,344.91857565522497,345.3684997558594,1173000
2023-12-15,343.0710307678428,348.18291765599577,338.1888824140932,340.8692626953125,935500
2023-12-18,344.6314099803588,352.94061815049037,342.11375139745167,348.2594909667969,697100
2023-12-19,348.0775961420917,353.23736462365525,347.2639291069399,349.3986511230469,483100
2023-12-20,348.48925073515863,351.313217564379,341.5202328788782,341.5489501953125,388700
2023-12-21,341.13728998913984,343.6453955045901,337.70064818837557,342.3530578613281,395500
2023-12-22,342.7072473463239,344.9089861325208,338.3516222290399,338.53350830078125,277100
2023-12-26,339.77798128947416,340.677829516643,334.75224626524505,336.2743225097656,355900
2023-12-27,335.04897571316314,337.5091994890341,333.7183386154909,335.7095031738281,377300
2023-12-28,335.04893059948813,339.08866458841703,335.04893059948813,337.54742431640625,214400
2023-12-29,337.40386120540694,339.31842665615494,336.0540890569556,338.47601318359375,210500
2024-01-02,339.84501171502325,346.7565954223453,339.83542953755637,346.20135498046875,409400
2024-01-03,347.2830120562565,353.1032779396647,345.85667020094667,348.4030456542969,605600
2024-01-04,350.72923837419006,354.548786977751,348.5274706479114,351.9832763671875,541800
2024-01-05,354.9891322305239,355.65924180882894,349.5996551473238,355.54437255859375,529900
2024-01-08,355.9847063083277,358.9810057774486,349.07312417520126,356.5877990722656,437300
2024-01-09,356.34850821128293,356.34850821128293,347.1490348896937,352.7682800292969,343100
2024-01-10,349.77202562321173,354.7498791029252,349.1019159173103,354.6733093261719,415800
2024-01-11,355.1135920840791,359.0575922434884,353.85000108755355,358.3779296875,316100
2024-01-12,359.29691118433533,361.8528689061438,354.56796141461837,354.6062316894531,346900
2024-01-16,355.16148165398823,357.15261691552183,351.944996429725,353.45751953125,316400
2024-01-17,352.682152806478,356.8558919193109,348.79555764288517,349.5997009277344,294400
2024-01-18,347.53193933155114,353.6681252928281,345.9428464535992,353.1607666015625,261000
2024-01-19,356.64528462926387,361.2881121431597,355.3529469811141,357.87060546875,340800
2024-01-22,357.3249111610456,361.10618959891855,355.5635144580566,358.69384765625,271300
2024-01-23,358.3205512372303,360.3404332983057,355.90820890499185,358.97149658203125,252700
2024-01-24,358.02373569455506,362.07305209924544,358.02373569455506,358.9906005859375,331100
2024-01-25,360.05321948003836,362.0252198063215,353.7160117116961,360.4744262695313,274600
2024-01-26,360.74247108377057,363.7004716288374,359.8522050313043,363.5281677246094,254900
2024-01-29,362.5612586633007,363.4228365077429,359.7660093986892,361.3838195800781,337800
2024-01-30,361.517838131726,363.7674585206309,361.0391967389357,363.5090026855469,288300
2024-01-31,366.4574425567246,371.9043842670181,365.7873328814727,368.5251770019531,344500
2024-02-01,365.8256202086933,365.84478456183416,359.82346750357107,362.2453918457031,368100
2024-02-02,364.95449780752847,367.2137004840643,363.6621893544846,365.05023193359375,392400
2024-02-05,364.51412201276423,367.87419379194034,362.58042138732566,365.5001220703125,250800
2024-02-06,366.5435964981703,367.950803452681,363.78661722288786,364.3705749511719,294000
2024-02-07,365.7490399227051,369.7791922593447,364.2173816270705,367.5391540527344,429600
2024-02-08,344.487740711204,349.4177700204497,329.07551250893033,339.4141540527344,1386200
2024-02-09,336.7146464902819,340.0172838728088,333.47902591585336,338.64837646484375,691500
2024-02-12,339.42378018236144,348.7189882855312,339.00257339987405,345.5120849609375,413700
2024-02-13,349.40824074071776,356.8941996495802,346.5555273266878,352.4332580566406,704900
2024-02-14,351.99286479531077,357.564227975082,350.40377198813513,355.190185546875,444300
2024-02-15,356.5208599200128,360.3212741640953,353.89791414834343,358.3875732421875,453300
2024-02-16,362.3028123703767,362.810171071655,351.79183700278213,352.1556091308594,392000
2024-02-20,350.29850637440364,357.02820364298327,350.29850637440364,352.3853759765625,388300
2024-02-21,351.32279148735796,353.72558069040946,344.58351232088165,346.4406433105469,456700
2024-02-22,348.44132929852765,356.23362469320244,345.8279661593991,354.6253967285156,507000
2024-02-23,354.6254237485818,356.31980378183965,352.96931399314883,355.03704833984375,225500
2024-02-26,355.03707716869803,357.7366218861365,350.758021551126,351.32281494140625,265900
2024-02-27,350.1740277982953,352.0694582119229,348.04885886687714,352.00244140625,227900
2024-02-28,352.835253965571,355.7645659812308,351.70566736129354,354.5296630859375,259300
2024-02-29,354.06061604184845,354.06061604184845,348.6615560328556,353.12249755859375,496900
2024-03-01,352.7586876550906,354.21374689447475,351.3993333179938,354.1180419921875,455300
2024-03-04,353.792557450057,356.02304269024455,349.8772743803101,351.8014221191406,390300
2024-03-05,352.39493668174845,356.07089909698846,350.17403359318087,351.2557678222656,364300
2024-03-06,352.9597060646589,355.68796767918565,350.16445686184977,354.3669128417969,286000
2024-03-07,353.7255698579712,356.5112662571603,348.97742622879395,351.8014221191406,446900
2024-03-08,349.896437781883,354.05104153565725,347.8191212980198,351.9928894042969,332600
2024-03-11,351.6482554796973,365.06934963675,349.9730106024054,363.4515686035156,382500
2024-03-12,362.84847716769247,367.4913045453889,362.1783675286199,367.1849670410156,340900
2024-03-13,368.5538866787897,371.60762121981594,367.47215241508434,369.5494689941406,303000
2024-03-14,368.3527878015096,371.90429814442496,368.3527878015096,371.722412109375,247900
2024-03-15,370.0759724074449,376.4993321324939,370.0759724074449,376.0877075195313,844900
2024-03-18,374.55879598177467,377.0684984552741,373.14529281374195,373.193359375,384200
2024-03-19,376.1453688249026,378.0396549581943,372.4914298794591,372.5106506347656,246300
2024-03-20,371.65487937230426,375.90498460579585,371.65487937230426,375.70306396484375,349600
2024-03-21,375.5299682752563,375.5299682752563,367.8855073581338,369.65478515625,479900
2024-03-22,370.0393928277056,370.7125006963753,368.0297236156627,369.40478515625,271800
2024-03-25,369.7990074468205,377.3184599604513,368.8566916287483,376.8376770019531,253200
2024-03-26,375.97226524193144,378.34733417824367,372.0683100527212,373.3856506347656,279600
2024-03-27,376.4723109392429,380.9916828913142,375.19344106687595,380.5782165527344,245600
2024-03-28,381.3282542811672,384.511035548994,381.0686126679042,382.2225036621094,241500
2024-04-01,380.73203000823656,384.1071063643321,380.1166137465313,382.74169921875,191400
2024-04-02,384.21293843809434,385.34757928947704,376.7415517446467,376.8088684082031,305500
2024-04-03,375.92426039543034,376.81850978256455,369.97216417603113,372.72222900390625,374500
2024-04-04,375.4722686083591,376.6357551476248,364.81810184977263,364.8757934570313,289900
2024-04-05,367.3566424454903,369.8086237378942,363.7219245391136,365.2604064941406,251900
2024-04-08,366.61622589395074,369.3182237678665,364.63540245637535,366.4623718261719,220200
2024-04-09,366.0297193768313,366.1451026024084,355.52940567932814,357.2217712402344,307600
2024-04-10,358.47177495770586,361.68343105880854,355.00053595845844,357.35638427734375,289200
2024-04-11,354.1928495613377,357.44294740615265,348.68306569915154,352.077392578125,343000
2024-04-12,350.4811952573936,353.85630143583853,347.2310973588417,347.9042053222656,243700
2024-04-15,350.63509763474326,353.9909835187171,345.298417134999,345.7118835449219,207000
2024-04-16,346.08685302734375,347.94266839355726,342.82713015108334,346.08685302734375,302900
2024-04-17,343.154024193243,345.0002436660114,340.4712470676147,343.4136657714844,446700
2024-04-18,345.8752829423979,348.24072695598136,341.5674569349041,346.36566162109375,399200
2024-04-19,347.97152139549644,356.2986867788688,346.1637725547859,356.0294494628906,425200
2024-04-22,357.0294644826255,361.5488366789796,355.1544282821811,358.5102844238281,233600
2024-04-23,359.50064395008854,360.17375182846155,353.7504985589059,354.5005187988281,285000
2024-04-24,352.2408301278732,353.16392518217395,348.25993318708316,351.68310546875,336000
2024-04-25,353.1350858982694,356.06785023117254,348.5195811968925,351.7023620605469,330800
2024-04-26,349.8657990079593,352.2889347918536,347.54842139984646,350.6831359863281,294100
2024-04-29,350.9715923014774,355.2890142794957,350.9331214447188,354.9236145019531,424700
2024-04-30,346.16378113796975,353.49090981024335,338.0096903959729,352.3274230957031,563300
2024-05-01,352.538947796074,360.7603253703561,352.538947796074,355.6832580566406,567000
2024-05-02,357.7794626489407,359.067986906054,352.2216123694371,357.7698669433594,531400
2024-05-03,356.7986520604358,356.84671861912733,349.5003701644592,355.4428405761719,194900
2024-05-06,356.71212864112067,364.539260368401,356.01017491977495,364.4335021972656,290900
2024-05-07,366.5105076320124,366.6835824728583,362.1257689292536,364.0873718261719,319800
2024-05-08,366.1066490682873,368.8278974271237,362.8565511189776,366.3278198242187,196100
2024-05-09,365.8662532629773,368.1644101846056,364.86624570928126,365.90472412109375,140400
2024-05-10,366.7508632184392,370.7413559408987,366.327771863586,368.2124328613281,145200
2024-05-13,367.7124302597159,370.1163450811011,366.1258523465344,366.5296936035156,191900
2024-05-14,365.88546868240974,365.88546868240974,360.1833603023009,364.2027282714844,219400
2024-05-15,364.0104074638721,366.3085641936721,360.250681038976,360.6929931640625,201300
2024-05-16,365.91431252032,374.19338121213434,363.31807273383856,373.3471984863281,353000
2024-05-17,376.23190464455865,378.7704528781582,373.17413191790286,377.8185119628906,261200
2024-05-20,378.89548026270154,378.89548026270154,374.1453418073519,374.81842041015625,227200
2024-05-21,375.4818738352212,379.4243000509607,375.4818738352212,379.0108337402344,296400
2024-05-22,379.4146452006528,385.385990336304,378.8184790609118,384.1744079589844,259100
2024-05-23,383.4628956348629,383.7513536836657,370.3086510608373,372.4914245605469,317100
2024-05-24,372.7510785379768,376.7896677413642,372.7510785379768,376.7223510742187,98800
2024-05-28,375.7414958586139,377.2607570502995,373.33758113814406,373.5298767089844,202700
2024-05-29,372.8050250296849,373.92621764555616,369.586452125367,369.8860778808594,228300
2024-05-30,370.475673539102,376.66156821945134,369.2095054114976,375.53070068359375,227000
2024-05-31,374.8444096604637,378.9328643604254,374.341788829867,377.850341796875,369800
2024-06-03,377.91801490245047,380.0830600757903,370.9202585410997,373.81988525390625,201500
2024-06-04,372.0607552652224,376.6228356099246,370.7462425405487,371.83843994140625,195000
2024-06-05,372.1670961876,372.1670961876,364.4637529725483,367.8370056152344,198600
2024-06-06,368.4458806360446,370.68823601433786,366.6674171170325,366.9573974609375,114600
2024-06-07,368.329885549245,374.032508079272,368.329885549245,370.00201416015625,136300
2024-06-10,367.9239656731861,370.3596414532609,365.72992544855015,368.8421630859375,139600
2024-06-11,366.88976447047656,367.1217251686365,364.2220984555245,366.4161682128906,156700
2024-06-12,365.1113515781706,367.943313420576,357.9395947778311,361.2065124511719,166100
2024-06-13,360.2303055833861,362.16339006841304,356.4124519268465,361.90240478515625,147800
2024-06-14,359.7566836424556,360.29794494428137,353.2615185240168,355.26226806640625,203700
2024-06-17,356.5187830734108,366.4645117236845,354.1314518792565,363.796875,218700
2024-06-18,363.4199044017147,368.4362612929395,360.4912824157855,364.6280822753906,218400
2024-06-20,365.5559520363408,368.8808598808893,365.40130173002115,367.55670166015625,269200
2024-06-21,367.61470127592975,367.61470127592975,362.9173197740568,364.5700988769531,553300
2024-06-24,366.03918336828696,370.7752341851334,363.3232021826241,369.2287902832031,212200
2024-06-25,370.6206524030784,371.5775198300082,366.3968378243465,368.8905334472656,177300
2024-06-26,366.2132221220926,366.2132221220926,360.30763339674365,363.6035461425781,196600
2024-06-27,363.2749323122419,368.48458001346535,363.2749323122419,367.7693481445313,157500
2024-06-28,367.31504424769616,370.65927212049826,364.7247181380466,368.27191162109375,511200
2024-07-01,372.0027731898255,372.8533350602103,364.3091054017107,365.95220947265625,250000
2024-07-02,359.5826916819879,360.42357867232454,354.730660481082,357.3016662597656,318000
2024-07-03,354.9336224277328,356.79904176599575,348.85406382381916,352.5655822753906,262600
2024-07-05,351.0964803943593,353.34851091022597,346.6310598160147,350.7098693847656,495200
2024-07-08,358.5195099562825,361.25484104369207,357.75596281576566,360.5589294433594,274700
2024-07-09,358.03623442801523,363.3232216539425,357.688293380392,360.3269348144531,268900
2024-07-10,360.27863293756656,365.787935702628,360.27863293756656,365.4979553222656,231700
2024-07-11,366.3098148003977,367.4310072793132,362.8302865169324,367.1023864746094,185000
2024-07-12,369.1031459955787,370.94924516687206,366.13585431465833,368.8711853027344,176100
2024-07-15,373.5879327925757,386.0756727421618,372.16711437993314,383.0020751953125,488800
2024-07-16,382.9730209728393,388.55963362798985,380.1410299505338,381.3975524902344,222000
2024-07-17,383.485295103837,390.36707089133495,381.9968118475213,384.7611083984375,312500
2024-07-18,385.4570503046597,392.8027775479597,384.80948349370624,386.6169128417969,224400
2024-07-19,385.4473954682569,386.36559291577646,370.9202665050485,372.4280700683594,916800
2024-07-22,377.4444132733073,377.4444132733073,371.9157905730424,375.71429443359375,213500
2024-07-23,374.91208023238954,376.5745045534482,370.11800952795977,371.9834289550781,182900
2024-07-24,373.6362424415637,375.01839077168427,367.91429937709023,368.7745361328125,235800
2024-07-25,365.2369717155512,371.6547965934419,360.307600590036,361.2451477050781,466600
2024-07-26,361.29347613756903,372.4377069424702,360.6362344960386,370.1180114746094,332500
2024-07-29,369.29641722782736,372.64067435444304,367.91426901178056,371.1521911621094,378300
2024-07-30,374.0421769672162,378.90388331887453,371.8384618107226,376.41021728515625,385000
2024-07-31,376.2266157413752,384.181270027568,373.5203089168002,379.7254943847656,494500
2024-08-01,372.11874009146,375.6176180710575,352.78789645034516,356.0161437988281,841500
2024-08-02,353.96709117423916,357.8139398088747,348.10984771077875,351.947021484375,407900
2024-08-05,348.60281228500514,349.21170913589947,338.8793699458701,344.3789978027344,610800
2024-08-06,344.5723323754186,350.56490647621195,343.61546493057295,346.6407470703125,586800
2024-08-07,348.9797540513976,351.405784618609,346.95968422118324,348.56414794921875,378200
2024-08-08,349.3857435860974,354.2667707149082,349.3857435860974,352.0147399902344,310300
2024-08-09,352.1016913649993,352.46898214659296,348.8154535503401,352.3046569824219,280700
2024-08-12,353.1745432305613,353.7254794093563,347.56860980488955,348.83477783203125,387100
2024-08-13,350.75815500450784,353.145515394709,347.6748830573424,350.96112060546875,217700
2024-08-14,350.9611364090049,358.0362326406403,350.9611364090049,357.176025390625,166600
2024-08-15,359.6310411919862,361.4868153616206,356.9150597250611,360.9648742675781,207500
2024-08-16,361.84443337669967,364.212473792283,360.0273291470891,362.0087585449219,196800
2024-08-19,362.308372726986,366.0875565101235,362.308372726986,366.0682067871094,150700
2024-08-20,365.3046744743608,366.7448130640116,361.91210155884227,364.618408203125,285200
2024-08-21,366.5224624486505,366.96709310184474,361.9797317688182,365.981201171875,132200
2024-08-22,365.2273041232745,369.64440914991303,364.3477471630785,369.3834533691406,179600
2024-08-23,371.6548153502533,375.71430459885386,369.5864302734537,375.6273193359375,143200
2024-08-26,382.56705305907576,384.5967975106648,375.95590817122,376.4295043945313,372000
2024-08-27,377.4444796204659,379.7448552370256,374.8637984506907,375.14410400390625,357500
2024-08-28,375.6756162389241,377.4830454383972,371.90610754797393,376.5744934082031,287800
2024-08-29,377.9663492558571,379.696468207348,374.05186479498656,377.3574523925781,296900
2024-08-30,378.80730600138287,379.396882700222,373.73295846012377,379.1165771484375,377400
2024-09-03,378.2273512210331,382.4318162510178,376.9515082677287,380.1120910644531,373300
2024-09-04,383.0020366224704,386.6168951532643,378.8265670756483,379.3678283691406,349300
2024-09-05,383.30169243847087,383.30169243847087,374.254841043682,376.4682312011719,219200
2024-09-06,375.4629994468213,377.6473944013755,370.10837654415224,370.5626525878906,283200
2024-09-09,372.8823693357183,376.5358981200083,368.5715693574453,374.0711975097656,312600
2024-09-10,375.2310120990466,376.02358377806297,366.7834427541691,368.4072265625,253300
2024-09-11,368.5522268587681,368.5522268587681,360.2979476980434,363.9611511230469,295200
2024-09-12,363.7775022161493,366.4741633549241,361.48680180118527,366.3678283691406,214800
2024-09-13,368.4265828057248,370.9685937463702,366.7641288880441,369.9440612792969,306200
2024-09-16,371.83870683071495,380.5638289063806,371.7901080762902,378.377685546875,287600
2024-09-17,378.4457475133104,381.0788277237641,376.39564485961535,376.5413818359375,219600
2024-09-18,377.8822081545215,381.0496670516162,375.7835068141972,377.6295776367187,358200
2024-09-19,380.62212733465594,382.1475767209124,375.66689272684135,377.2797546386719,465100
2024-09-20,377.6004064571569,380.7290217324923,375.0158956078392,376.5024719238281,718000
2024-09-23,377.83361714053734,379.8157289444917,375.1616638909086,375.7252197265625,325600
2024-09-24,377.70724878355145,378.20278407774856,371.6637760060642,372.2662048339844,295100
2024-09-25,373.3155802910715,374.1803060763144,368.3603157760201,371.9844665527344,381900
2024-09-26,372.0525050563948,378.1154004831568,370.3813185411373,376.5413818359375,354500
2024-09-27,377.8141655639281,384.1685640013627,377.0951471287716,383.9256591796875,460400
2024-09-30,384.41149170863207,384.8195552285183,376.83284303029666,380.7095947265625,283200
2024-10-01,379.1550158962216,385.05272260205504,378.6109114520406,384.9750061035156,318000
2024-10-02,384.08108470129696,387.06396296979926,382.390476663792,385.1498718261719,274400
2024-10-03,383.9936626625496,386.2186792049086,380.08776367568527,382.44879150390625,267500
2024-10-04,386.8890785893622,395.74051588567465,384.9361143727564,395.4879150390625,306000
2024-10-07,388.6477063116956,390.5812191621269,358.3331733587966,361.9767456054687,1130100
2024-10-08,364.73618260892334,370.1869526394932,360.0043717191331,363.123291015625,988400
2024-10-09,360.4707445915248,380.86502332131994,358.8870004573058,377.85302734375,892900
2024-10-10,389.3569949943841,390.6978046599603,379.90312896230313,382.6819458007813,460400
2024-10-11,385.4899705297297,387.7635562117288,381.4286088324357,382.7791442871094,301600
2024-10-14,383.6341712175369,388.56028831796607,378.630337617654,387.34576416015625,366600
2024-10-15,387.0834256419589,390.4160727115394,376.8814230319608,377.2214660644531,333100
2024-10-16,377.163170102818,380.330658486992,373.17952507056503,375.1130676269531,359100
2024-10-17,378.2125354341829,378.5234310727884,372.0330213127152,375.0158996582031,493000
2024-10-18,377.4158265861706,378.7177929704483,371.5180899543733,373.3253173828125,1019600
2024-10-21,375.5697413318079,378.2902635750191,372.2565158829341,375.6766052246094,238700
2024-10-22,372.62573718202935,375.3948285398005,367.8550827334581,374.41351318359375,270200
2024-10-23,374.87984983315954,375.2587955810987,370.1869418065099,374.7146911621094,222800
2024-10-24,378.2513751991875,378.5331530938083,374.05400242965794,376.11383056640625,227600
2024-10-25,377.4741052378556,377.4741052378556,366.6502517970434,368.8363952636719,347600
2024-10-28,372.63542655074,375.87093545312206,370.4007140016013,370.6144714355469,250600
2024-10-29,370.5561985034733,373.092110815714,365.93128083341503,366.06732177734375,314700
2024-10-30,365.32888504831413,372.1885154646037,364.75563317516475,369.2153625488281,385100
2024-10-31,352.74636688762337,359.7906066505335,342.43750058453776,345.51751708984375,1032400
2024-11-01,343.642326980565,346.9846999399179,340.17363876059886,341.0092468261719,552500
2024-11-04,341.0384087963639,342.72901706090084,336.94789943201596,337.8806457519531,373100
2024-11-05,337.88063434068914,344.7402646887592,337.521139919702,344.5459289550781,492600
2024-11-06,361.74355520825,361.74355520825,348.8015798746317,356.19561767578125,414700
2024-11-07,359.4991661085194,359.4991661085194,350.9586235626108,351.7747802734375,463900
2024-11-08,359.7614642212861,359.7614642212861,355.8166922717544,357.8376770019531,408400
2024-11-11,361.0051320718947,361.0051320718947,355.64180431416,358.93560791015625,525700
2024-11-12,356.86610560060774,359.73236510295266,356.11793966916235,358.24578857421875,397900
2024-11-13,357.2644444079954,362.50145724985293,355.5058157686612,360.15985107421875,341000
2024-11-14,357.7113411956674,359.49911703029073,354.2620751197675,356.09844970703125,350200
2024-11-15,358.02232083382677,361.9476417911173,356.93408221790077,360.7914123535156,355500
2024-11-18,356.3122298194821,362.8512383635103,356.3122298194821,362.734619140625,234400
2024-11-19,357.56560809153456,361.2771710749217,356.58426316492756,359.9266357421875,320200
2024-11-20,360.90797369575785,366.77653247723,359.60597783841064,366.1741333007813,418700
2024-11-21,368.7684070633254,377.18263397943366,365.1636780170477,374.21917724609375,446000
2024-11-22,375.41429244513336,379.825452634708,375.41429244513336,377.9599304199219,519600
2024-11-25,380.54447150521514,381.63268052827954,376.17218404731375,379.02874755859375,1768600
2024-11-26,375.7446100696272,379.52419365933827,373.0337839693648,376.5024719238281,398000
2024-11-27,377.9479640673554,382.9582057129544,377.51823120727744,379.9208068847656,330900
2024-11-29,380.2235595546216,382.8312552622023,378.25071678701727,378.514404296875,264900
2024-12-02,379.12969956031753,379.12969956031753,373.8361885230775,374.7738037109375,379600
2024-12-03,375.1351902790451,379.41296674097566,372.5958677878443,376.2192687988281,579100
2024-12-04,377.03961923953693,377.03961923953693,369.0407706455183,369.9295349121094,340800
2024-12-05,371.384775823016,371.384775823016,365.82757751958,365.96429443359375,404500
2024-12-06,365.1536645208536,366.23774287057586,360.0750203351454,362.7315368652344,257800
2024-12-09,361.05173247129386,366.4917368916865,359.0593671402823,359.5769958496094,364200
2024-12-10,358.47337587107853,358.76636201526463,349.0779093136516,353.9905090332031,325200
2024-12-11,354.41042040671687,354.57643593206905,350.6404969373857,353.8927917480469,328300
2024-12-12,356.9009067414074,359.0495709651135,353.0040423321381,354.156494140625,298400
2024-12-13,356.9594828750927,356.9594828750927,353.51187398709146,354.342041015625,288900
2024-12-16,356.5786130502793,356.5786130502793,348.657884038804,349.419677734375,348600
2024-12-17,346.3432163698821,347.81798272873806,344.18480579168335,346.77294921875,379800
2024-12-18,346.9487373263731,351.0507218214842,339.9949219238663,340.20001220703125,505100
2024-12-19,339.760525241378,343.76483767000576,339.6335546577045,341.2059631347656,410700
2024-12-20,338.39320041567925,351.29487192400774,338.0122886721185,348.3160705566406,772200
2024-12-23,345.4935268086325,351.3437115482042,345.45445205728964,350.96282958984375,301400
2024-12-24,350.9139588511388,353.9220886230469,349.4978196020586,353.9220886230469,84500
2024-12-26,353.42397632345086,355.0257131518712,351.7148211933999,353.67791748046875,145900
2024-12-27,350.8846765800188,354.48855486884247,349.97638980616614,351.548828125,191000
2024-12-30,350.7187064117826,352.50598157877585,347.1148276568119,351.28515625,206300
2024-12-31,353.0919573171499,355.1722482908084,352.02740128663004,354.000244140625,274600
2025-01-02,356.6469954319773,358.414747895966,351.1679165632775,354.84991455078125,321400
2025-01-03,356.4809290635582,357.2427227334546,352.13477978710154,356.61767578125,292600
2025-01-06,356.48093320146484,361.9306833947056,352.6231139200411,353.2286682128906,354400
2025-01-07,354.5276393342328,364.3430620548363,354.283474293369,362.3604431152344,318500
2025-01-08,358.63934507413626,360.5633666531478,353.0626242781863,359.83087158203125,354800
2025-01-10,354.01975561738055,356.8325116040908,345.06376959249303,345.26885986328125,612100
2025-01-13,345.2982020849859,348.35515328246487,342.7589094070442,343.48162841796875,296600
2025-01-14,341.8310376734626,350.42563469856066,341.00087062090967,349.97637939453125,316800
2025-01-15,354.7522570833013,354.7522570833013,347.6421727829805,349.5368957519531,319400
2025-01-16,350.15214428353494,354.6057116493657,349.65406793433334,351.8320007324219,323300
2025-01-17,354.1857882825378,357.311112603885,351.82228747159166,353.7170104980469,370700
2025-01-21,354.64481820314165,361.1005570986952,353.98069647444396,355.8265686035156,408400
2025-01-22,356.52975978380226,358.77609591084985,354.3029759342679,355.2210388183594,321700
2025-01-23,355.6117029497112,358.0729055341695,353.1017090865428,354.77178955078125,396300
2025-01-24,355.3870745432249,359.4109093024368,355.3870745432249,356.61767578125,282900
2025-01-27,359.5769647674525,364.5188625252583,359.07885857510456,364.2942199707031,345000
2025-01-28,360.6512869145147,363.3175798838942,352.81848315337845,358.893310546875,694200
2025-01-29,354.0783768432117,357.2036714198768,343.14954745076204,343.3058166503906,829700
2025-01-30,340.5223164050009,348.89230067333966,340.5223164050009,343.87225341796875,536800
2025-01-31,339.43821486709754,343.7843643498916,337.7876568697435,339.399169921875,560300
2025-02-03,336.25434837886206,339.87774937295643,333.0411279775234,337.2114562988281,589100
2025-02-04,332.9434247712625,343.13975868060726,328.64612625821826,333.7442932128906,768700
2025-02-05,332.4941658487897,334.6330538459119,327.513193392405,331.8886413574219,653400
2025-02-06,333.0410894748562,335.3069480286611,328.10896796047194,328.4507751464844,400000
2025-02-07,328.63634648217885,332.2011796802563,325.2766333642757,330.1404113769531,560100
2025-02-10,330.21854669635184,332.83601853204294,325.491515180107,325.6868591308594,447500
2025-02-11,325.70638074650606,331.17568349485106,319.7292254549648,327.79644775390625,468800
2025-02-12,326.9955652312315,327.8159561374279,322.8935808949487,323.8409423828125,372800
2025-02-13,324.5539513974725,328.0210832144069,322.6006309811028,327.58160400390625,273600
2025-02-14,327.32762431218634,327.57178933551415,323.88001537500986,324.925048828125,398900
2025-02-18,326.30216592486323,331.27336257036325,325.67708911494515,330.28692626953125,419000
2025-02-19,329.6130142996631,330.5408533356108,323.3330968825061,328.4410400390625,394900
2025-02-20,327.8745727535758,331.24406221521537,326.28261192982444,330.31622314453125,414200
2025-02-21,330.72645442163594,333.33412051297336,327.29836751843254,329.271240234375,407800
2025-02-24,330.7947955129166,334.32052424966315,330.59945156623684,332.9629821777344,398700
2025-02-25,333.9103663550737,338.22718769988853,333.9103663550737,335.1897888183594,406000
2025-02-26,335.06277568518703,338.49083224606426,334.37910171750104,335.56085205078125,328800
2025-02-27,336.73289265262935,341.5185215307117,336.73289265262935,339.301513671875,330900
2025-02-28,341.3622367227048,345.43492256499985,340.36605412347154,344.97589111328125,503700
2025-03-03,347.4273063052023,349.70291121209516,344.1652651647173,347.7886657714844,432600
2025-03-04,347.437073599411,353.49237847551547,345.41540973293354,347.0757141113281,541800
2025-03-05,348.00355048697236,353.26773317683393,344.4582693870134,350.2694091796875,581000
2025-03-06,348.18910384208084,355.82656321709277,345.9623199931608,355.0550231933594,424600
2025-03-07,353.89277270545784,358.20959340654287,353.13097906377817,355.2698669433594,359700
2025-03-10,346.714372736492,356.20751112024976,343.5500032103408,348.863037109375,568200
2025-03-11,350.20105525574456,350.20105525574456,343.5011507813808,345.92327880859375,489900
2025-03-12,346.18698796660436,346.18698796660436,337.3677469969417,339.63360595703125,414500
2025-03-13,341.03994494583526,346.1576343657889,339.7702987296074,341.43060302734375,430600
2025-03-14,343.45231923420613,351.2265258481544,342.9151382570936,350.2889404296875,353300
2025-03-17,350.2201789988414,362.36920715063275,350.08269542423176,358.53887939453125,528000
2025-03-18,359.03977109754413,360.8076054171487,352.71480746238615,353.196044921875,340900
2025-03-19,351.45766882622434,354.34515348956444,349.23803001050976,349.8567810058594,467200
2025-03-20,349.2184227943022,351.6933969785309,348.14789717591776,348.462158203125,405600
2025-03-21,346.88092943695546,349.886265912684,345.8889615901347,346.12469482421875,1348600
2025-03-24,348.6192893626746,354.001410113585,346.12468333324705,352.7148132324219,463800
2025-03-25,354.56124311716417,357.3013834204394,351.43802507312455,355.7790832519531,300600
2025-03-26,357.56656976029547,362.41832819149215,357.3995933081154,359.6192321777344,206700
2025-03-27,361.3968734050581,362.3495472839022,356.00495205509617,360.9450988769531,268300
2025-03-28,361.9763585181218,363.5968783417133,354.0210439621545,355.5237121582031,253500
2025-03-31,356.22103118691996,359.91384519271645,352.27282204818954,356.8397521972656,324900
2025-04-01,357.7728099601749,360.6701256521239,354.42371971021447,358.88262939453125,243500
2025-04-02,357.4585196420149,359.05940750359,354.8264000766026,358.8138732910156,199000
2025-04-03,353.66747034790546,357.11475016070705,351.11390865411545,355.2978210449219,337500
2025-04-04,347.4505163340492,350.5639031007532,329.19259727128053,330.9997253417969,682900
2025-04-07,323.2801473819377,330.5872474518745,314.28377084481264,320.6087341308594,602000
2025-04-08,331.4318991722879,339.6720418837984,321.6694563039427,326.1087341308594,406500
2025-04-09,320.8248169242139,343.79698153731823,318.4774955397928,342.1568298339844,387400
2025-04-10,339.770254310528,340.5461208397354,329.1828202955902,335.301513671875,361900
2025-04-11,340.87023291903733,345.005020534203,331.1470844066992,343.2961120605469,383700
2025-04-14,348.0693124620947,352.61661111901117,345.4961185715782,346.7139587402344,337100
2025-04-15,338.74879737210085,348.64872283853356,338.74879737210085,343.6005554199219,292700
2025-04-16,345.4666395511493,348.16751590869205,340.89970915924647,341.3907775878906,344200
2025-04-17,342.84431587278453,345.75146250742455,340.38897376595617,343.67913818359375,355900
2025-04-21,342.6184591519139,343.02113887242643,334.2800965969229,336.7452697753906,318800
2025-04-22,341.8229280051232,351.605002934711,341.07649438536623,350.8193054199219,305300
2025-04-23,351.261238653156,353.32373203408304,347.61751932939575,349.837158203125,393700
2025-04-24,347.1755397200673,350.1219502208842,344.0818146886972,348.8451843261719,357500
2025-04-25,348.72732966148664,351.03535719482574,341.7934460744764,346.84161376953125,256100
2025-04-28,346.84162721814096,350.41661978668674,346.51753524118254,348.68804931640625,354700
2025-04-29,349.4148074358702,353.49069923751983,348.0987476870789,352.8719482421875,379600
2025-04-30,353.51032293400897,353.51032293400897,344.9853826854469,352.4201354980469,386800
2025-05-01,319.19447362108275,344.6121798853301,319.19447362108275,331.35333251953125,645000
2025-05-02,335.8907879121699,343.55144301592895,334.201511405644,342.1666564941406,366800
2025-05-05,340.6344979843943,343.5318135744364,338.13006109787017,341.155029296875,402800
2025-05-06,340.6639704912605,344.21933103470707,338.39523678495516,338.45416259765625,410800
2025-05-07,339.2300754612627,341.48900828939395,333.8185215842087,335.9399108886719,572100
2025-05-08,337.7077555794753,345.66306991084923,336.1952564663527,341.0077209472656,544800
2025-05-09,342.91306397523965,343.67912949430405,340.39879611921106,341.8229064941406,325200
2025-05-12,344.28806509204185,348.4228828625016,336.5291898743201,341.5871887207031,529700
2025-05-13,340.6148887417744,344.57289916679906,339.8095293072932,339.9666748046875,419600
2025-05-14,340.5461167329786,341.2336245067691,334.80064022354236,334.9086608886719,568000
2025-05-15,335.9595739749556,338.5720617054191,333.88724954633363,337.7470703125,649800
2025-05-16,337.76665857261037,343.4434078775099,336.88274147827093,341.8621520996094,417200
2025-05-19,341.9800485921559,342.971986387146,340.0157749758252,341.3612976074219,280200
2025-05-20,342.2550420567406,343.08983435684655,340.1827178279014,341.3023681640625,536500
2025-05-21,341.06664461490715,341.5871759335454,333.51401002871603,334.4470520019531,484000
2025-05-22,333.9265207836239,333.93635174306223,329.53636797324765,330.2926025390625,386800
2025-05-23,329.06494021159887,331.3926297272481,325.42122088364835,329.9390563964844,421500
2025-05-27,332.79705898779497,337.66844909882343,329.9685002225409,337.6193542480469,356500
2025-05-28,336.83893156928997,338.25159896917154,331.10921433814286,331.52410888671875,423900
2025-05-29,332.77873434271925,342.1537780761719,331.9291682045875,342.1537780761719,582000
2025-05-30,340.2767879792995,345.0383677957421,338.8739788895832,342.98358154296875,630800
2025-06-02,339.7926852021619,347.5772185346867,339.3777906669652,347.4784240722656,296000
2025-06-03,346.6288446386923,348.72315451068346,341.4424521141,346.9647216796875,379700
2025-06-04,346.1942125409051,347.1820969437389,340.3459236110796,340.602783203125,326400
2025-06-05,342.07471761738236,342.07471761738236,334.4087552348105,339.6544189453125,343700
2025-06-06,344.3962496385433,344.3962496385433,340.00018221190965,341.9858093261719,186100
2025-06-09,342.0055756443226,342.7761242350482,328.49129476014207,336.4931640625,365100
2025-06-10,335.7325030886583,335.7917737379569,330.9412579514356,332.21563720703125,303500
2025-06-11,333.8752743377926,334.07286326655037,329.95337226986896,331.23760986328125,284900
2025-06-12,329.4693028154187,335.7522324977036,329.4693028154187,335.7028503417969,311300
2025-06-13,330.5658577291299,333.95429382804616,329.6866563308996,330.55596923828125,430400
2025-06-16,333.3023310316418,336.46354301198056,331.5438678638114,335.021240234375,328100
2025-06-17,333.73698167712575,333.92468212950297,326.15992502823906,328.9852600097656,525000
2025-06-18,328.1653097606965,331.2771394822019,327.1576785611899,328.86669921875,486600
2025-06-20,329.9731194469798,335.88067870806685,329.95337261321856,333.21337890625,1196900
2025-06-23,333.9938000846519,338.4491679345026,333.16398088861484,337.6786193847656,399400
2025-06-24,337.9848597171888,339.2592389030738,334.8038710715385,336.7005920410156,484200
2025-06-25,335.3768351386438,335.4558827663228,330.42755524040507,332.3638000488281,273300
2025-06-26,333.47022902130516,339.07154638703435,332.2156267867196,335.2978210449219,216100
2025-06-27,333.23317304865327,336.8685804052283,331.0499268181751,332.69970703125,499500
2025-06-30,332.95653045944243,336.9771966184538,330.94123806090136,335.73248291015625,387500
2025-07-01,335.9893410483081,338.2614932045022,332.9960525913967,336.7401428222656,554300
2025-07-02,336.819174541051,336.819174541051,326.18952949762803,329.9830017089844,473300
2025-07-03,331.4747068777617,333.98391129645626,329.854562152775,333.3912048339844,295300
2025-07-07,334.14198350884703,334.8927852410611,328.20481923268363,330.01263427734375,243600
2025-07-08,328.8074134352227,338.636874477884,326.0018255842983,337.2834777832031,520400
2025-07-09,339.9705452555996,340.82011135206534,335.426271074671,336.0683898925781,282600
2025-07-10,334.6458104417891,336.86855014214046,333.7962444050608,336.3252258300781,300700
2025-07-11,333.4109638545441,336.6116994602397,332.63052678664565,335.2385559082031,294100
2025-07-14,333.90493333378674,338.7455609531405,333.2331791649281,336.91796875,334700
2025-07-15,335.2583083369561,336.8191824988029,326.22906101979,326.2685546875,325000
2025-07-16,327.513301511154,330.69429036448696,324.77687268010504,327.8887023925781,298800
2025-07-17,326.3476275178537,330.2497529281013,325.5079197226884,329.9533996582031,211100
2025-07-18,330.3089865165738,331.3660299736621,328.4517893205493,329.0346374511719,269600
2025-07-21,328.5505621555057,330.1608184613159,325.6857035849181,325.9721984863281,313600
2025-07-22,327.7306580286216,333.9049356855286,326.94036254767354,332.9367980957031,312700
2025-07-23,335.25828469182665,335.6040502208499,329.52856790283124,331.8006896972656,210600
2025-07-24,329.0642891639745,333.21338542280824,327.63184477057047,327.86895751953125,238100
2025-07-25,328.0467725777083,332.89728849053836,327.7207538502385,332.7787170410156,189700
2025-07-28,331.31665239200584,333.21337342838694,326.5056605144317,327.3354797363281,198400
2025-07-29,329.8249439284343,331.62290068537226,326.5056669751685,328.25421142578125,271500
2025-07-30,326.5056415307621,331.46480974036825,324.45082535501,328.5307922363281,575300
2025-07-31,336.9871195933718,346.6189924330353,331.06970172174863,331.7315673828125,702500
2025-08-01,330.74366339976393,337.8169188582622,324.01617348818854,327.3255920410156,318700
2025-08-04,328.3332192437539,329.3606273814514,321.0624050947244,322.0898132324219,506200
2025-08-05,324.91515937836067,326.53530419675076,321.2105930351569,323.9470520019531,420500
2025-08-06,326.14016518872825,327.78002673699524,321.78359143508965,324.5101318359375,326900
2025-08-07,325.3498402027496,326.12038881823634,321.6847975705609,324.17425537109375,263000
2025-08-08,326.00184919133966,328.5308308217241,324.32243366667285,325.80426025390625,245600
2025-08-11,325.50791323401637,326.61433895003455,324.3817105351723,326.3970031738281,227600
2025-08-12,327.6713689672719,328.2048349682553,322.5343581861723,324.2335205078125,281100
2025-08-13,324.55952136360725,332.8676320723436,324.55952136360725,332.679931640625,314300
2025-08-14,331.9390158679619,333.77646620926913,330.62511285597054,333.0355529785156,260800
2025-08-15,334.48776913610567,334.6458342548966,326.86130050451595,327.8195495605469,356000
2025-08-18,326.90081253442213,329.6471298102359,326.0018341618716,327.9479675292969,176400
2025-08-19,329.24208085555296,333.9839134732518,328.590073594748,333.69744873046875,193000
2025-08-20,334.1716392183858,340.42496424246286,334.1716392183858,339.3580322265625,305200
2025-08-21,339.8322096091004,345.00871385234973,339.8322096091004,343.843017578125,385000
2025-08-22,346.6288690895526,348.4860965101626,339.0715597644858,339.77294921875,260300
2025-08-25,338.54797760463634,339.3481615134742,336.2363017037295,337.1846923828125,202500
2025-08-26,336.0980069103004,337.47115044784255,333.7172020646851,334.6161804199219,278700
2025-08-27,335.19903360725294,341.5610111803274,333.4406006847471,339.1802062988281,252100
2025-08-28,338.55784551060816,339.85197162925033,334.4087492268144,335.76214599609375,224600
2025-08-29,337.1748137096805,340.63240902310605,337.1748137096805,337.7379150390625,220900
2025-09-02,337.3822491300294,341.80798182889674,335.81151664630187,341.1658630371094,445400
2025-09-03,337.8564287735065,345.5026435668625,336.96733893788024,344.30731201171875,507900
2025-09-04,345.75952757241805,347.4982137012333,340.7509466089592,341.07696533203125,341600
2025-09-05,339.43706593018794,341.0868158984875,335.2780812918921,335.88067626953125,195400
2025-09-08,334.6853523357265,336.1770372257937,330.5954965951796,335.46575927734375,298600
2025-09-09,335.643598782007,337.67863814560224,334.74462039939544,336.4832763671875,332400
2025-09-10,334.83354895147056,337.1649417202358,331.83037186228955,335.91033935546875,274000
2025-09-11,336.7994232881572,344.9198343110547,334.39887141715803,344.21844482421875,320400
2025-09-12,345.2754642742365,348.1798466368609,343.4478722212082,345.13714599609375,487600
2025-09-15,344.27767682778824,349.187462980141,335.49537097375935,335.72259521484375,317700
2025-09-16,330.7140320635585,332.7787067314949,323.38394709002085,326.62420654296875,386400
2025-09-17,327.26632391143943,334.665567992485,326.0018331584354,329.60760498046875,397000
2025-09-18,328.9951126722868,332.0773069156839,328.47153519052813,330.69427490234375,332200
2025-09-19,331.6920512585137,332.9269066671806,328.2443144569864,331.316650390625,1062700
2025-09-22,328.96550026983033,332.00817091118086,328.6197347054444,330.7733154296875,295500
2025-09-23,332.6404227608444,336.19681248486955,330.6251302259237,333.83575439453125,302300
2025-09-24,333.7764603702429,342.5192423697571,329.84470018910775,341.3535461425781,428200
2025-09-25,340.523726368768,344.91979336471354,337.8070445748849,341.02752685546875,409900
2025-09-26,343.3491012904235,347.68592829807903,339.8025998952425,344.88031005859375,359900
2025-09-29,344.6333342761815,344.6333342761815,339.1308411290265,341.3041687011719,346800
2025-09-30,341.5412756853717,346.6980333267228,340.3261670513858,345.98675537109375,234300
2025-10-01,347.0931844146662,351.97333568439115,344.08011895418394,349.24676513671875,230900
2025-10-02,345.8187876037565,350.74832078390034,344.40612024139057,346.7967834472656,196700
2025-10-03,346.1942077408624,354.6011135397234,346.1942077408624,352.52655029296875,247500
2025-10-06,355.63834627069554,360.1924784005895,354.52203219346984,357.179443359375,252500
2025-10-07,359.9751764434781,363.6105834511403,357.4955771901137,360.439453125,299900
2025-10-08,362.52392183816994,363.8279364182148,355.1049007077753,355.63836669921875,290100
2025-10-09,357.26838992754034,357.67342615233883,345.1272821184891,347.5080871582031,372000
2025-10-10,348.5848845751742,351.8251744389149,342.4402723787826,342.4896545410156,272600
2025-10-13,340.5928737413477,346.83631001832794,339.7828314932566,346.76715087890625,257800
2025-10-14,346.92521220981325,352.6549594197147,343.744223457303,352.4178466796875,242600
2025-10-15,350.2346157864288,354.1861529425774,341.5412461020362,344.3270568847656,304200
2025-10-16,338.83445485179993,342.08460291301486,334.8236466689556,336.72039794921875,355700
2025-10-17,336.6512446783698,348.3477923584456,336.6512446783698,344.90008544921875,463900
2025-10-20,345.8879257066504,348.4267955265118,343.20087927524423,346.697998046875,250000
2025-10-21,345.8088888544437,346.88570927682883,344.0899798113082,344.9296875,186000
2025-10-22,345.058123971821,349.29612601534404,342.77611359520483,344.19866943359375,231700
2025-10-23,345.3149670114167,347.9625200164903,342.56864968831826,345.0383605957031,212000
2025-10-24,345.3742374661876,346.1448162107809,341.4523654894015,344.7123718261719,152000
2025-10-27,344.44564949460636,345.71999859934886,339.11104988765163,339.8124694824219,234100
2025-10-28,321.1612077201199,321.1612077201199,298.7757447658431,301.2158203125,1557700
2025-10-29,303.28050736987893,310.5118283315737,300.909590866262,305.7008361816406,711200
2025-10-30,307.8544107949054,310.5908396443449,303.4286779677041,305.43408203125,672600
2025-10-31,309.0003604385584,313.15934519358314,305.3056523953658,310.7093811035156,638000
2025-11-03,308.07175321317857,313.7125646416519,306.1157312667272,309.6523742675781,484800
2025-11-04,309.7314006180518,314.581916732063,308.2199386632131,313.84100341796875,396200
2025-11-05,314.917766915457,320.440036727036,314.58188985950005,318.0888671875,605500
2025-11-06,317.110875128187,322.396062409891,314.6016404474604,315.7377014160156,508100
2025-11-07,316.6465820503476,324.7373576093646,316.6465820503476,322.1886291503906,598100
2025-11-10,320.5684718977493,324.9744276617907,317.97033123097947,324.628662109375,440900
2025-11-11,325.5474025752238,326.57478054681513,320.02513292353376,320.4992980957031,759500
2025-11-12,319.9460915806462,323.9964233435561,319.3434966132327,321.092041015625,552300
2025-11-13,322.8010805590944,326.36732837847325,320.3807519871252,323.522216796875,401700
2025-11-14,323.97668916711706,326.29819330377484,320.3511402869248,322.27752685546875,372400
2025-11-17,324.02606069619105,324.39157307515165,315.87601496221674,316.448974609375,378400
2025-11-18,316.824373308708,319.6201028301822,314.5917752355874,316.1427307128906,341200
2025-11-19,314.7300787974754,316.86391266103936,308.7039780922028,309.04974365234375,362800
2025-11-20,310.6501275413911,313.3273160369772,300.8601892814401,301.29486083984375,404900
2025-11-21,301.304748515216,311.58862895932856,301.12693655485253,307.56793212890625,603100
2025-11-24,306.96530783231674,308.9509348293834,302.98413519976674,306.2342529296875,617800
2025-11-25,308.6644968932974,313.06056444233406,307.97296574507874,310.2352294921875,364000
2025-11-26,307.4493583513624,311.2922126677261,307.4493583513624,308.2495422363281,320300
2025-11-28,307.6765898258434,312.3196281362532,307.6765898258434,310.482177734375,204000
2025-12-01,310.43275258712794,312.93209865862383,307.63705328495513,308.3088073730469,363400
2025-12-02,309.9289716886533,310.11667212922714,305.2859031289394,308.4273681640625,407900
2025-12-03,308.0816193501675,312.14183997479273,308.0816193501675,310.225341796875,337100
2025-12-04,311.41081380476277,314.00892448210817,308.93121428527064,309.9092102050781,329500
2025-12-05,308.43724780698466,310.6007169091465,305.9181548157297,306.2145080566406,366800
2025-12-08,305.6217621639455,306.23424560848935,303.12241608189106,304.66351318359375,366300
2025-12-09,305.7502082753972,308.63484386084707,303.6657867545627,306.79736328125,354800
2025-12-10,307.0344548399769,313.7026744396198,305.9082823178023,311.64788818359375,399300
2025-12-11,313.0012644375679,321.89222332059336,312.18133371673713,320.4499206542969,390600
2025-12-12,322.7319212049964,324.84597790933134,321.27973009236416,323.19622802734375,344500
2025-12-15,324.5990267847587,326.61431930218225,320.0942765560503,324.628662109375,462100
2025-12-16,323.7692314163828,324.54966855259806,319.7683115590364,323.38397216796875,543800
2025-12-17,322.05029684596286,326.9205594370174,321.1117946579822,324.6484375,400400
2025-12-18,322.23800764309743,329.97312905710305,318.55318806026196,328.4913024902344,415600
2025-12-19,328.1356977901739,330.83263315294226,326.3081055545033,327.2959899902344,1016600
2025-12-22,326.61431619569817,332.3045396506146,326.61431619569817,331.59326171875,288500
2025-12-23,332.2749308244386,334.66559423896825,330.7832157023558,332.9565734863281,485700
2025-12-24,333.99379343677464,334.7841189514384,331.16845885992035,332.1365661621094,159000
2025-12-26,329.617505074995,334.30995586898274,329.617505074995,333.44061279296875,184100
2025-12-29,333.02570357346696,336.5919820195894,332.51201452641027,335.91033935546875,248000
2025-12-30,336.92783831442796,338.3899180243754,336.07827223350915,337.12542724609375,202300
2025-12-31,336.6116994602397,338.5183391436755,335.1792852597893,335.2385559082031,244900
2026-01-02,334.0827359432498,335.8016752832475,329.55823869981657,330.4275817871094,411500
2026-01-05,330.9906417223914,339.16046464862455,329.3408917291468,337.1451721191406,396800
2026-01-06,336.86856054045643,337.8465563914917,327.1675290688837,328.2937316894531,393200
2026-01-07,327.97759103847795,331.69204569272745,324.1248482576535,327.41448974609375,317100
2026-01-08,328.8568237918837,336.29559147114713,327.0390901238424,334.0036926269531,366200
2026-01-09,332.69966949770554,334.9125206567883,328.35298465757757,329.1432800292969,288100
2026-01-12,326.6044214854323,331.7315435325204,323.2061271510573,324.4014587402344,402300
2026-01-13,322.4849709656161,324.381692042707,313.3667875240123,316.0439758300781,360300
2026-01-14,318.4346106810339,322.51457752322057,317.4862502270787,321.96136474609375,377800
2026-01-15,321.0525305561176,324.361949212786,316.2316500249256,317.3183288574219,305000
2026-01-16,315.9748264141729,318.1481539713853,314.2855525580606,314.9474182128906,278700
2026-01-20,312.3492604608997,317.812259604031,312.3492604608997,316.12298583984375,313600
2026-01-21,319.01748577677415,320.7364250455859,314.40408274699024,319.0273742675781,353000
2026-01-22,318.4543758045464,319.4027664608106,315.1350989511326,317.8023986816406,349000
2026-01-23,316.08347153765226,319.73865573056196,316.08347153765226,319.6497497558594,283700
2026-01-26,321.2698470791945,325.31029027760127,321.07228830647114,323.136962890625,199200
2026-01-27,321.9613921647085,321.97128065551783,318.2271905271759,320.0152587890625,241600
2026-01-28,319.165665482193,324.223658725115,317.2491975614947,320.9735107421875,303400
2026-01-29,324.84599724898953,327.8195387870839,321.4871964916224,325.6264343261719,357000
2026-01-30,323.8087316725119,328.4221648611137,322.73194134663936,327.2663269042969,294300
2026-02-02,324.65831480307116,327.89857414088124,323.19623516792586,327.7405090332031,274300
2026-02-03,326.71309379428584,332.72930550632054,325.3004264942036,325.8338623046875,348000
2026-02-04,329.04452490054786,335.61398032301435,322.65291158363567,329.38043212890625,633600
2026-02-05,330.1015234592389,330.1015234592389,302.38149319874526,321.9416198730469,878700
2026-02-06,322.5541190896072,328.81730206297937,322.5541190896072,324.4113464355469,399800
2026-02-09,322.65290694864086,326.5846976838323,316.13289407671164,318.2173156738281,407400
2026-02-10,318.0987434954612,328.7876588198266,318.0987434954612,326.47601318359375,482000
2026-02-11,325.66597699872415,329.2816375435243,323.4136017582729,328.3925476074219,362800
2026-02-12,328.5505797648999,333.9049264661821,327.0983884941778,332.0476989746094,633200
2026-02-13,330.53621527842114,333.94442828555736,327.59230911359276,333.9345397949219,451200
2026-02-17,336.3943636219724,344.00108507691084,333.8456352972581,341.8376159667969,587500
2026-02-18,341.44245486636834,342.9045043333283,337.3032172444064,341.32391357421875,396900
2026-02-19,340.3459095196848,344.08999969280285,336.4931665377166,338.7751770019531,291800
2026-02-20,340.85963959466585,340.85963959466585,333.1146295669114,338.3306579589844,318000
2026-02-23,338.26147102025504,341.38318906512063,333.18373118365304,333.67767333984375,359500
2026-02-24,332.92691311265486,338.0145114652912,330.14107202128736,335.534912109375,279000
2026-02-25,335.74237480432726,337.69839675260334,331.22776604779756,331.741455078125,427000
2026-02-26,334.7940136924008,337.5502195814921,331.61302475115315,333.72711181640625,355100
2026-02-27,334.9125541679872,334.9125541679872,327.83929833635983,331.4253234863281,369400
2026-03-02,330.63501612645143,337.17480571192465,330.63501612645143,335.5151672363281,375900
2026-03-03,330.9807961706206,335.2682108275481,321.5267352741772,331.0697021484375,468200
2026-03-04,330.05215337619757,331.87974537580754,327.4540128221587,330.06201171875,432300
2026-03-05,328.33320825188997,330.99061940461365,326.9897000880484,328.8074035644531,349500
2026-03-06,327.4441243317697,330.51646020693266,320.36101072525753,330.06201171875,341200
2026-03-09,327.21693450634064,327.86894177595764,321.65514095531586,324.075439453125,359200
2026-03-10,322.94928684229785,326.72301241590833,319.2447204108883,323.5321350097656,299800
2026-03-11,322.86038200704803,323.05794079538504,316.4588803377201,317.5850830078125,342700
2026-03-12,316.0340796609869,322.2972626960994,313.1790794760274,318.43463134765625,360300
2026-03-13,322.53011773909475,323.5639403590702,318.325297007572,318.4544982910156,232100
2026-03-16,320.0648937603091,323.97151108229593,318.60363601610754,318.6135559082031,265900
2026-03-17,322.2120470376902,324.9257897274439,320.09471131091897,320.581787109375,283500
2026-03-18,318.89190041123305,322.45062390476926,316.4763610974805,317.9574890136719,280000
2026-03-19,317.99725612076736,319.7964879688441,311.39676604704147,314.0806884765625,299200
2026-03-20,314.10057958394185,316.16819451260807,312.84806428581004,314.14031982421875,678900
2026-03-23,320.80047436296013,324.9357344742281,316.5857034366561,322.3710632324219,428500
2026-03-24,322.331313876195,326.09874914518986,321.4465930276165,321.8442077636719,345200
2026-03-25,324.4486552058665,325.64149943498325,321.61560086561605,322.0032653808594,237100
2026-03-26,322.0728626578078,324.63750358666056,319.2994489574907,321.9635314941406,412600
2026-03-27,322.1225648314408,322.5798506308327,314.8063560739147,316.0389709472656,233600
2026-03-30,318.762678127269,322.2418602357541,316.5459311771667,321.4068298339844,328800
2026-03-31,320.4227299129766,329.5083800909551,320.17421690376796,324.9059143066406,376100
2026-04-01,322.90786573949873,326.8542536092579,319.8362485314587,321.9436340332031,259200
2026-04-02,318.8024135001307,328.03716522121255,318.8024135001307,325.14447021484375,300800
2026-04-06,323.24583402441465,327.31150321432824,322.9973210152312,326.4665832519531,220300
2026-04-07,323.93174145024557,327.8781293603061,323.36512449274636,325.4327697753906,298600
2026-04-08,327.291643017971,332.09290115310097,325.9596168886884,331.2778015136719,323400
2026-04-09,329.3890787589587,337.17252344119504,329.3890787589587,333.6138000488281,281700
2026-04-10,333.0372714233348,337.70932839372324,325.45264910181976,327.907958984375,294300
2026-04-13,326.0987723061955,331.8543423363733,326.0192614877611,331.44677734375,348900
2026-04-14,330.6316527158752,340.9598685429618,328.36521515299717,339.2103271484375,544500
2026-04-15,339.2202688259584,347.54047979657906,338.1665760588345,343.5543212890625,384200
2026-04-16,344.2203532498053,347.17268914257045,341.50658014883953,342.3614807128906,352300
2026-04-17,341.8346313218678,350.65186834541566,341.7849105166382,349.39935302734375,344000
2026-04-20,348.3754604238243,353.1469282939133,347.8784344166938,348.5544128417969,311200
2026-04-21,352.0534704988941,352.0534704988941,347.023569655211,347.7392883300781,354800
2026-04-22,347.31187072090694,348.72340768602123,341.99368602679095,342.9479675292969,331000
2026-04-23,341.8047950678351,349.8268021950361,341.8047950678351,348.723388671875,330900
2026-04-24,347.4311291493105,348.69356428621296,341.1288430203584,341.33758544921875,230200
2026-04-27,339.43895105941095,343.9916960513531,339.43895105941095,341.47674560546875,253800
2026-04-28,345.0255158715955,347.431135134985,342.4707948707369,345.0056457519531,209800
2026-04-29,343.6338674082733,345.72138285227106,338.80275850438926,341.9638671875,349500
2026-04-30,333.74303679626604,358.7136202792317,332.271859127812,354.6380310058594,524400
2026-05-01,357.3120107116457,358.33588307876954,350.31387599697956,351.46697998046875,407600
2026-05-04,348.98187554362846,353.4153393839739,343.156714504339,345.4529724121094,370200
2026-05-05,348.4053079412869,350.9997996755915,345.24422957007374,347.6001281738281,336200
2026-05-06,349.4192507529632,352.2025843979679,348.0872246274208,349.8069152832031,267700
2026-05-07,349.0017315780222,352.8387882765908,345.7412420582732,349.637939453125,354100
2026-05-08,346.1189886940611,351.87455860717364,346.1189886940611,349.4291687011719,261700
2026-05-11,350.4629844138776,353.19662752090085,346.56631740951497,348.6935729980469,375200
2026-05-12,349.1309725353203,352.7791570145335,344.5782273596007,349.57830810546875,352000
2026-05-13,348.16673657227005,351.54650753388205,341.92409080306055,345.9002990722656,272700
2026-05-14,347.1428609681583,350.52263189872974,345.8804257752623,345.920166015625,309800
2026-05-15,347.0335068730641,349.93615229273786,345.72138118368196,349.57830810546875,343400
2026-05-18,349.270119226474,358.14702722816065,349.2303789858122,353.70361328125,370700
2026-05-19,354.0415821572105,359.12117357698065,349.9162722123914,354.9064025878906,365300
2026-05-20,356.54657987558517,357.9481968980088,353.4252722320515,356.28814697265625,255700
2026-05-21,354.3696047418932,357.4014816887142,351.5266304470625,354.3298645019531,356700
2026-05-22,354.3199161425427,356.07937735509427,350.23434643060267,350.6120910644531,192000
2026-05-26,351.8149020550106,355.01575075273473,349.1408997111326,350.11505126953125,219200
2026-05-27,350.3039315653906,353.5843214871961,340.7013852532956,341.2878723144531,238300
2026-05-28,343.7233273207348,343.7730177903551,331.09885375885887,331.24798583984375,376800
2026-05-29,328.2757465229088,330.6614957643632,320.1742282039833,322.1026916503906,786000
2026-06-01,320.08476322242853,325.3631772325346,318.5936851328831,322.9078674316406,476100
2026-06-02,322.5798327590554,325.59180918527306,318.8720077800103,318.8819580078125,424500
2026-06-03,318.3054094543677,321.9734640727203,314.8958180855012,316.22784423828125,541100
2026-06-04,320.30346276645196,325.1246214267129,316.9833324561027,317.5996398925781,739600
2026-06-05,319.4883322136718,333.70329514902596,318.3054078124425,332.42095947265625,724500
2026-06-08,329.2300528743271,332.52036275073044,328.5739748774528,328.9616394042969,528000
2026-06-09,330.0451620516541,333.71321666897643,328.8721878730363,329.8761901855469,468400
2026-06-10,328.7230871044396,338.3952248327419,328.7230871044396,334.5482177734375,304400
2026-06-11,337.55026006875875,338.4747211895911,333.77284409760546,334.25,358100
2026-06-12,339.4599914550781,339.9100036621094,333.6000061035156,339.3999938964844,403000
2026-06-15,337.70001220703125,342.1600036621094,337.5,338.6000061035156,340400
2026-06-16,340.8999938964844,344.739990234375,336.7300109863281,337.739990234375,370700
2026-06-17,336.2200012207031,342.8399963378906,332.57000732421875,337.5199890136719,492600
2026-06-18,335.45001220703125,339.4200134277344,333.7099914550781,335.6300048828125,1246900
2026-06-22,339.9599914550781,344.6499938964844,336.04998779296875,339.29998779296875,545100
2026-06-23,341.1400146484375,344.1600036621094,339.0400085449219,343.55999755859375,516600
2026-06-24,344.45001220703125,349.510009765625,343.45001220703125,345.739990234375,453100
2026-06-25,343.0,348.2300109863281,340.1700134277344,343.0199890136719,356400
2026-06-26,345.4200134277344,355.70001220703125,344.8999938964844,355.5199890136719,622300
2026-06-29,353.54998779296875,361.260009765625,352.1400146484375,360.7900085449219,435800
2026-06-30,360.6600036621094,360.8999938964844,356.7300109863281,357.2300109863281,383500
2026-07-01,360.0,364.1799926757813,357.3900146484375,359.92999267578125,444200
2026-07-02,361.3699951171875,372.3599853515625,357.8900146484375,371.3500061035156,389400
2026-07-06,370.0,374.260009765625,367.239990234375,372.9299926757813,414300
2026-07-07,375.0,379.2200012207031,373.19000244140625,373.2200012207031,307700
2026-07-08,369.7900085449219,376.4800109863281,369.7900085449219,371.2900085449219,286000
2026-07-09,367.2000122070313,375.489990234375,367.2000122070313,371.0,397200
2026-07-10,371.8900146484375,372.5499877929687,368.8599853515625,370.5799865722656,226700
2026-07-13,373.30999755859375,378.8599853515625,372.510009765625,377.8900146484375,271400
2026-07-14,374.3699951171875,377.7200012207031,371.239990234375,371.8500061035156,281700
2026-07-15,369.010009765625,370.510009765625,361.0700073242187,364.1300048828125,345600
2026-07-16,364.3800048828125,373.4299926757813,364.3800048828125,373.2200012207031,278100
2026-07-17,375.260009765625,385.69000244140625,375.260009765625,382.5700073242187,475100
2026-07-20,380.9200134277344,383.55999755859375,378.30999755859375,378.989990234375,444700
2026-07-21,377.75,379.2999877929687,374.0,377.0899963378906,426700
2026-07-22,378.3200073242187,378.3200073242187,372.1300048828125,373.0700073242187,384800
2026-07-23,370.7200012207031,376.5,369.4700012207031,375.55999755859375,409800
2026-07-24,376.7900085449219,386.8699951171875,376.2200012207031,385.1199951171875,313100
2026-07-27,385.0,390.5299987792969,385.0,389.3399963378906,319300
2026-07-28,393.1099853515625,401.0700073242187,392.8500061035156,398.7000122070313,324100
2026-07-29,395.6799926757813,399.8299865722656,391.94000244140625,393.8900146484375,458200
2026-07-30,378.6300048828125,388.9700012207031,368.3299865722656,375.3599853515625,692300
2026-07-31,369.1300048828125,376.6499938964844,368.9200134277344,374.1499938964844,433600
2026-08-03,374.30999755859375,379.0,370.19000244140625,372.0499877929687,357800
2026-08-04,365.0,370.3800048828125,364.3599853515625,369.2099914550781,338500
2026-08-05,373.739990234375,376.1199951171875,369.5400085449219,373.2799987792969,388900
2026-08-06,375.1799926757813,376.6300048828125,368.9700012207031,370.3500061035156,314800
2026-08-07,365.7900085449219,375.0400085449219,364.55999755859375,374.9599914550781,289600
2026-08-10,369.6199951171875,374.5199890136719,368.2300109863281,369.8999938964844,254900
2026-08-11,368.0899963378906,369.9800109863281,365.5899963378906,365.7000122070313,215700
2026-08-12,362.8599853515625,366.6499938964844,362.8200073242187,363.6700134277344,269300
2026-08-13,360.6300048828125,369.94000244140625,360.6300048828125,366.0499877929687,362900
2026-08-14,367.2300109863281,370.3500061035156,366.2900085449219,370.1099853515625,204400
2026-08-17,373.80999755859375,373.80999755859375,364.2999877929687,365.1499938964844,238500
2026-08-18,369.5299987792969,373.3200073242187,367.30999755859375,367.3800048828125,245800
2026-08-19,369.6199951171875,371.2099914550781,362.739990234375,363.9299926757813,239000
2026-08-20,362.7699890136719,370.489990234375,362.5799865722656,368.3599853515625,264500
2026-08-21,369.0,372.0,369.0,370.05999755859375,226700
2026-08-24,373.8900146484375,377.739990234375,372.69000244140625,376.7900085449219,237200
2026-08-25,376.6400146484375,377.0700073242187,372.489990234375,375.3900146484375,191000
2026-08-26,375.2099914550781,380.8500061035156,370.0,379.7799987792969,250200
2026-08-27,377.0499877929687,380.510009765625,372.6300048828125,377.6600036621094,259800
2026-08-28,381.989990234375,381.989990234375,376.4200134277344,377.6099853515625,265800
2026-08-31,375.9100036621094,377.44000244140625,373.6199951171875,374.6499938964844,452600
2026-09-01,377.5,383.7699890136719,377.2000122070313,378.6099853515625,369300
2026-09-02,380.2200012207031,383.9700012207031,377.5400085449219,378.2799987792969,380000
2026-09-03,382.3800048828125,388.0299987792969,382.2999877929687,386.25,308200
2026-09-04,381.05999755859375,384.9299926757813,380.2000122070313,380.8699951171875,236600
2026-09-08,372.9123680361137,374.603186763607,367.8299865722656,367.8299865722656,534900
2026-09-09,365.8500061035156,370.010009765625,361.70001220703125,367.8699951171875,377000
2026-09-10,370.3900146484375,371.82000732421875,366.7799987792969,371.0299987792969,360300
2026-09-11,373.989990234375,374.760009765625,368.2200012207031,371.7099914550781,323800
