Date,Open,High,Low,Close,Volume
2015-01-02,66.08880831697888,66.24421008303389,64.75926133779137,65.25999450683594,916800
2015-01-05,64.91464834772115,64.95781146989604,64.31894061546166,64.4743423461914,1350900
2015-01-06,64.47435854723146,64.60386111984297,63.72324889550429,63.8786506652832,1588300
2015-01-07,64.23262909508374,64.43119401386713,63.80959347148978,64.17219543457031,1586600
2015-01-08,64.43981346559002,65.27725583207767,64.24987726864148,65.09595489501953,1475300
2015-01-09,65.12188445598727,65.26865100869834,64.44847877952333,64.66431427001953,1155900
2015-01-12,64.51753469460135,64.82833167834795,63.50741979701823,64.11176300048828,1947400
2015-01-13,64.1635540844497,65.43266742158768,63.913184204143114,64.33621978759766,1451000
2015-01-14,63.43836367568372,64.09449875616247,63.04985588107776,63.99090194702149,1321500
2015-01-15,63.94770532573602,64.03403815930515,63.39516728676598,63.63690185546875,1540700
2015-01-16,63.30021585130668,64.21535598415068,63.06711648065246,64.07722473144531,1654300
2015-01-20,64.50887034749967,64.5261342772893,63.87862822843743,64.34483337402344,1549700
2015-01-21,63.31748841770552,64.40530099816291,62.92898721807283,63.87003326416016,1972700
2015-01-22,64.2757876236779,65.03553254340945,63.67145106186828,64.84559631347656,2247900
2015-01-23,64.79380108835478,64.79380108835478,63.15345044305944,63.6282844543457,3108600
2015-01-26,63.34337075465489,63.55920613827019,62.61816044058545,62.9030647277832,2360700
2015-01-27,62.05697611844182,62.16057945543881,61.10730191633812,61.94474411010742,3381200
2015-01-28,62.12607360983694,62.12607360983694,60.76199201855519,60.77926254272461,2644500
2015-01-29,61.13322503383717,62.21240218292637,61.029628243060344,62.13470458984375,2648700
2015-01-30,61.61667580751996,62.03971123355839,60.8655664460962,60.94326400756836,2362200
2015-02-02,61.05551482556185,62.03108839552819,60.787881055653656,62.013824462890625,3291700
2015-02-03,62.41959695074727,62.98939895091677,62.126057397444605,62.88579559326172,2163600
2015-02-04,62.79947508948375,63.36928378834062,62.52320600158259,62.63544464111328,2392600
2015-02-05,64.39666034167051,67.93636691640792,64.39666034167051,67.68599700927734,6222500
2015-02-06,67.71189548076632,70.05155089383247,67.57375763551407,68.67884063720703,5206100
2015-02-09,68.52343003663722,68.7478941261241,67.69462283210514,68.60112762451172,2667900
2015-02-10,69.28317368119278,69.3867770598054,68.3162285744656,69.07597351074219,2400300
2015-02-11,69.14499172771922,69.76659842925321,68.88599332659369,69.37809753417969,1770600
2015-02-12,69.24001071366513,70.16378618938066,69.24001071366513,69.85298919677734,1666900
2015-02-13,70.09472350537628,71.4242706802248,69.91342251609356,71.2170639038086,3703900
2015-02-17,70.6990483101398,70.91488372605468,70.18967989023226,70.60408020019531,2051600
2015-02-18,70.22419739762562,70.78537071354836,70.11196536915034,70.36233520507812,1283600
2015-02-19,70.32780038199968,70.44866766949605,69.86159516446803,69.9997329711914,1190000
2015-02-20,69.77524523980334,70.6558504882873,69.6025796104603,70.62132263183594,1229900
2015-02-23,70.46596685247854,71.12210194099409,70.34509951581643,70.91490173339844,1525000
2015-02-24,70.63861344273641,71.07028426714491,70.42277803053216,70.59544372558594,1175000
2015-02-25,70.75995307416795,71.25350607289006,70.57811845423481,70.89849090576172,1499300
2015-02-26,70.83786893164115,71.29678575332755,70.49152110059124,71.24483489990234,1802300
2015-02-27,71.24488656194642,71.81637278867304,71.08902728249062,71.58258056640625,1756200
2015-03-02,71.58257812316694,72.27528747625288,71.14963642902973,72.21467590332031,1784200
2015-03-03,71.77303813839205,72.06744178045805,71.47864110248877,71.79035949707031,1259300
2015-03-04,71.7297435188654,71.78170099031006,70.8552064578628,71.2015609741211,2126000
2015-03-05,71.6691559346755,72.18003050334059,71.28817178496601,72.05880737304688,1881900
2015-03-06,71.67779265358368,71.8856027208735,70.8552064578628,71.2015609741211,2446300
2015-03-09,71.175595831913,71.86830502887396,70.99376115409775,71.76439666748047,1575500
2015-03-10,71.11495240445112,71.11495240445112,70.37029266357422,70.37029266357422,1835900
2015-03-11,70.02396952216036,70.37031748141841,69.25333408233261,69.7035903930664,2040200
2015-03-12,69.93738259601042,70.44825711511601,69.78152335701468,70.32703399658203,1497800
2015-03-13,70.24907398754092,70.43956927354775,69.39185180667214,69.72954559326172,1253000
2015-03-16,70.11055922686424,70.40495632486629,69.58236998052962,70.26641845703125,1202700
2015-03-17,70.1019054967341,70.1971531805119,69.72091476162294,69.98068237304688,1109300
2015-03-18,69.9287435904213,71.24488342077933,69.38323283329436,70.77730560302734,1452000
2015-03-19,70.39630986409392,70.92449916755874,70.03263388359211,70.71668243408203,1057900
2015-03-20,71.17556842498553,72.43110253524965,70.89848617412758,72.32719421386719,1755300
2015-03-23,72.18002350688995,72.73418822199292,71.74708191033046,71.76439666748047,1470200
2015-03-24,72.6216254696579,73.0718818214116,72.17136251173974,72.18002319335938,1917300
2015-03-25,73.25368131054066,73.84248186071625,72.49170684814453,72.49170684814453,2713800
2015-03-26,72.47439736716906,72.47439736716906,71.28814200116796,71.31411743164062,1464400
2015-03-27,71.17555669460211,72.2492560201129,71.04567957198141,71.77301788330078,1266900
2015-03-30,72.11940441221446,72.96796615335685,72.00684198708932,72.79479217529297,1231300
2015-03-31,72.66492538114437,72.86408144803734,72.0068588256836,72.0068588256836,1297900
2015-04-01,72.37918230497134,72.38784298774895,71.75575187445565,72.0068588256836,1382300
2015-04-02,72.0414892171693,72.95066934103711,72.02417445756967,72.82078552246094,1079500
2015-04-06,72.27524189874954,73.70394990967772,72.2059696858915,73.57406616210938,1638400
2015-04-07,73.46150351175727,73.7472464598635,72.69086824407374,72.71685028076172,1354900
2015-04-08,72.69086000848941,73.15843752346245,72.32719081000869,72.88135528564453,1046100
2015-04-09,72.86408063370801,73.28836159875432,72.59565231992481,73.15847778320312,951300
2015-04-10,73.08052976102519,73.22772829207163,72.06744819159256,72.24928283691406,1150100
2015-04-13,72.31855572454508,72.64759554013223,72.04147338867188,72.04147338867188,995300
2015-04-14,72.05013973540835,73.48750900751772,71.98952817611244,73.2883529663086,1296700
2015-04-15,73.23638610480283,73.59139470143681,72.68222151042562,73.00259399414062,943300
2015-04-16,73.11519531166589,73.15848551731595,72.59565999453729,72.66493225097656,821900
2015-04-17,72.15403505993146,72.48306823577833,71.43535055372989,71.71243286132812,1025500
2015-04-20,72.23195293800596,72.37049737872852,71.2708223505215,71.46997833251953,1391600
2015-04-21,72.05879473660535,72.12806697210117,71.41804307367904,71.63451385498047,1241500
2015-04-22,71.89427044042093,72.08476577332459,71.02838736806868,71.36608123779297,1177100
2015-04-23,71.19293273591794,71.79904846094428,71.19293273591794,71.39208221435547,1012500
2015-04-24,71.4613475344554,71.69513972439252,71.07170269278062,71.2275619506836,762400
2015-04-27,72.0501237837084,72.86405591933496,71.92024001221179,72.01548767089844,1364000
2015-04-28,71.66915295938611,72.0241682591975,71.41805263289132,71.82501220703125,863800
2015-04-29,71.755745273369,72.30124932719922,71.28816753887249,71.38341522216797,1718400
2015-04-30,71.31410569175058,71.65179944462814,70.20577679962311,70.38761138916016,1384200
2015-05-01,70.96777290154576,71.70377216157398,70.56946749736768,71.66913604736328,1296100
2015-05-04,71.81633276611903,72.56964669186885,71.58254067414234,72.33586120605469,2208100
2015-05-05,75.95526310297903,77.79093096278525,74.94218150795426,75.2452392578125,5943800
2015-05-06,75.29718260090807,76.23233779799179,74.70838191454013,75.69548797607422,2482400
2015-05-07,75.30583533596801,77.12418806769479,74.91618407520805,76.48343658447266,2774700
2015-05-08,76.94238447359605,77.23678160132405,76.20638504811129,76.56139373779297,2032000
2015-05-11,76.44880466037054,77.01162988594056,75.97256640654302,76.12842559814453,2293500
2015-05-12,75.79076914431661,76.33627988690705,75.5916196717564,75.84272003173828,1379600
2015-05-13,75.99856502352807,76.40553118165616,75.58294478989924,75.7994155883789,1188700
2015-05-14,76.336258364691,77.50519924526787,76.30162224745328,77.40129089355469,2668900
2015-05-15,77.57445880961018,77.57445880961018,76.43149345476584,77.02029418945312,1750000
2015-05-18,76.73456839425823,77.51385795715389,76.73456839425823,77.21080017089844,1034900
2015-05-19,77.08091342982581,77.60044859345759,76.56138487235808,77.5571517944336,1287800
2015-05-20,77.3493366745097,77.82556840205712,77.11554454481026,77.13286590576172,1217400
2015-05-21,77.04625813083993,77.52248972989032,76.64794621039238,77.36663055419922,1453300
2015-05-22,77.40995593047965,78.21522753462108,77.28873281640799,78.11997985839844,1578000
2015-05-26,77.91217473950283,77.92082881523062,76.23235918525882,76.61334991455078,2315100
2015-05-27,76.81304170673623,77.37739791367493,76.50047539594348,77.0735092163086,1028800
2015-05-28,76.8043441772461,76.94326545761524,76.23131045605147,76.8043441772461,1033600
2015-05-29,77.0735084306483,77.0735084306483,75.91007232666016,75.91007232666016,1676700
2015-06-01,76.41366079848488,76.55257549313573,75.19812575565783,76.1705551147461,1044000
2015-06-02,75.75378219399383,76.26603954729836,75.588814817918,75.76246643066406,1035900
2015-06-03,75.9708264740687,76.1965702132053,75.57143778121495,75.84927368164062,1316800
2015-06-04,75.64959190682475,76.15317165212053,75.49330876601337,75.87533569335938,1487700
2015-06-05,75.87535028831887,76.22264695960732,75.42386925253703,75.93612670898438,1363200
2015-06-08,75.99687957763672,76.4309986261772,75.70168180421206,75.99687957763672,1381100
2015-06-09,75.94482150146936,76.6741386508087,75.93613726184371,76.361572265625,1329700
2015-06-10,76.72621552018222,77.22978866416693,76.42232683740454,76.70884704589844,1143300
2015-06-11,76.73489071330773,76.96931873982157,76.00557379555775,76.13581085205078,1192100
2015-06-12,76.09239417122286,76.24867730983267,75.34570880054618,75.52803802490234,1026000
2015-06-15,75.02443464096449,75.32831655895183,74.80737518181223,75.05915832519531,1146500
2015-06-16,75.3370253732966,76.56992864630031,75.05051180287688,76.25736236572266,1455000
2015-06-17,76.33549798582284,76.57860361250835,75.58013502064026,76.32682037353516,1132400
2015-06-18,76.70014190673828,77.2731821675634,76.63068790092666,76.70014190673828,1363000
2015-06-19,76.46572551963274,77.1429501451583,76.38758727397857,76.68278503417969,968300
2015-06-22,76.93454991456042,77.69859677328317,76.56989163817877,76.69144439697266,758600
2015-06-23,76.51781849372406,76.98666784500625,76.13579824848473,76.15316009521484,870800
2015-06-24,76.17055079111674,76.32683395381109,75.75379348255422,75.9534912109375,1180800
2015-06-25,76.21394056942239,76.2313090412118,75.14601139896294,75.31965637207031,1747700
2015-06-26,75.60616798896676,76.43099145414254,75.39778609584688,76.40494537353516,1995800
2015-06-29,75.91006511969292,76.02293369956132,74.65112239545385,74.71189880371094,1611100
2015-06-30,75.2067934206334,75.44989905079849,74.65979912863034,75.24152374267578,1556300
2015-07-01,75.63224262688895,76.13582245587537,75.49332131235495,76.11845397949219,991600
2015-07-02,76.37890845503026,76.70883655585132,75.84928267204698,75.98819732666016,1064700
2015-07-06,75.42384472434236,76.08370089865568,75.10259424864945,75.47593688964844,1379100
2015-07-07,75.6756349257156,76.75224830002279,75.23283164610204,76.61332702636719,1643100
2015-07-08,75.70167774900969,76.20525078400159,74.76397906460163,74.84211730957031,2287900
2015-07-09,75.79719589614315,76.031617290535,74.71189816924608,74.8594970703125,1298800
2015-07-10,75.71903799562797,76.17052548189913,75.53670880375594,75.9013671875,951000
2015-07-13,76.63070396693908,77.54235008556898,76.40496018436477,77.42948150634766,1265500
2015-07-14,77.51629901894758,77.82018103896432,76.88248889493137,77.44683837890625,1278900
2015-07-15,77.16902887330545,78.09804372361972,77.10825244848614,77.63787841796875,1496900
2015-07-16,78.1674833268316,78.46268775651255,77.49025859727115,77.54235076904297,1932600
2015-07-17,77.48154187424382,77.50758794920915,76.85640957855979,76.99533081054688,1347100
2015-07-20,77.00405649964816,77.3600307560325,76.63071376785042,76.8651351928711,1456000
2015-07-21,76.96929491759633,77.94171717362875,76.41362316439786,77.48155212402344,1174800
2015-07-22,77.368703799355,77.92437569779877,76.90853862946861,77.55103302001953,864400
2015-07-23,77.7246709781938,77.84623040511315,77.22977553137505,77.40342712402344,764900
2015-07-24,77.44686798248584,77.69865793078235,76.54390581332193,76.75228118896484,902000
2015-07-27,76.47441838728149,76.81303073826629,75.2154690863226,75.4238510131836,1694100
2015-07-28,75.66695456908295,76.50914661743424,75.66695456908295,76.42231750488281,1356800
2015-07-29,76.37890636606978,78.00250736616911,76.37890636606978,77.8115005493164,1195600
2015-07-30,77.35134097778139,77.96779595228335,76.93459033556634,77.73336791992188,845200
2015-07-31,78.002492843903,78.12405224891369,77.2558143145472,77.36868286132812,1278000
2015-08-03,77.446837467614,78.02856204095109,77.06481720014429,77.71599578857422,1181200
2015-08-04,77.70732521674282,78.8013072924283,77.38607467194127,78.30641174316406,956400
2015-08-05,78.8620655761076,79.22672397612412,78.57554542289571,79.01834869384766,1398000
2015-08-06,79.16595366685411,79.4003750494343,78.13274816318552,78.17616271972656,1279100
2015-08-07,78.17616446855503,78.76656668041153,77.39474880225502,78.54950714111328,1664800
2015-08-10,79.40907038636256,79.60008386323527,77.9330679954716,78.04593658447266,1934600
2015-08-11,77.27318548353021,78.44530551154416,77.18636300444224,78.38452911376953,2447200
2015-08-12,77.64654899862659,77.64654899862659,75.7537892990266,77.13428497314453,2029100
2015-08-13,77.16032399073215,78.54950365577508,76.80434318249523,77.9764633178711,2209100
2015-08-14,77.46421709318584,77.67259241672966,76.58729461307962,77.1169204711914,3324700
2015-08-17,75.40648999507906,76.40496529823469,71.8119842030245,71.89012908935547,11082200
2015-08-18,72.22004682411466,73.99125337737377,71.71646712655321,72.77571868896484,6233700
2015-08-19,72.48919742280128,73.34875791483442,72.09849292579061,72.42842102050781,2705100
2015-08-20,72.06376931637264,72.24609854022911,71.29103786206738,71.35181427001953,2227500
2015-08-21,70.76140313956793,71.16947609483496,69.2593483546258,69.31144714355469,3004400
2015-08-24,65.6908963250061,67.9483140086137,63.96309777609986,66.47230529785156,5634100
2015-08-25,68.19143347785852,68.44322336720383,65.6822254458619,65.7516860961914,3798800
2015-08-26,67.30584638440604,68.26091404476763,66.35946958803665,68.06990051269531,2618700
2015-08-27,68.8362614583125,70.06423279483707,68.46177242628595,69.73329162597656,2418900
2015-08-28,69.49814907095212,70.00326839358074,69.28042304835449,69.97714233398438,1909000
2015-08-31,69.76814154634094,70.01199367863343,69.23688941050132,69.47203063964844,1702100
2015-09-01,68.19180068856922,68.40952673592165,66.94640743193446,67.25993347167969,2880600
2015-09-02,68.00021874464994,68.58372311168847,67.65185564756891,68.57501220703125,1407800
2015-09-03,68.56629288080282,69.41106440167574,68.56629288080282,69.03657531738281,2529300
2015-09-04,68.47047750257641,68.9146337756219,67.12928449371269,67.36442565917969,2044900
2015-09-08,68.25277699395778,68.37470307263693,67.05092472630194,67.62572479248047,2257300
2015-09-09,68.25275492811465,68.40080702657855,66.45868801068634,66.58932495117188,2002900
2015-09-10,66.39770711705025,66.88541778727502,65.92741824458476,66.19740295410156,2080800
2015-09-11,66.03194800928111,66.57191093849107,65.66616988520545,66.55448913574219,1857900
2015-09-14,66.91157950394954,66.9377055700449,65.84907518625478,66.51966857910156,1257000
2015-09-15,66.46741885105857,67.69539715773702,66.24969276642531,67.40799713134766,1459600
2015-09-16,67.40797272262066,68.29629190269193,67.28604669093382,68.02631378173828,1290000
2015-09-17,68.01763802268216,69.55043175584643,67.80862280958326,68.67952728271484,2035000
2015-09-18,68.13083366185181,68.7927160229315,67.52119677836731,67.61699676513672,2502700
2015-09-21,68.10469478876978,68.7143316170454,67.88696877391506,68.37467956542969,1841800
2015-09-22,67.45151473363151,67.80858857669564,67.07702573346522,67.36442565917969,1199200
2015-09-23,67.48636577646387,68.29630696239155,67.25993546452803,68.23534393310547,1921400
2015-09-24,67.73023301356062,68.54888528484676,67.11189168005826,68.40083312988281,1722100
2015-09-25,69.41106760657532,70.43873491014529,68.9407851482811,69.47203063964844,2032600
2015-09-28,68.63596600426969,69.29785513510875,67.1641422502036,67.22510528564453,2658900
2015-09-29,67.34701708477564,68.68821022473158,67.10316499468749,68.5662841796875,2341100
2015-09-30,69.44591228389461,70.33423845811319,69.12368192093962,70.26456451416016,2865900
2015-10-01,70.07296119479957,70.69130246823612,69.83781995060872,70.49970245361328,2790700
2015-10-02,69.83781196975565,70.77838348350613,69.22817502521656,70.7435531616211,2399500
2015-10-05,71.32706138934557,72.45923295917729,70.91773531733608,72.35472869873047,1552800
2015-10-06,72.3460177955358,72.62470689751447,71.90185475521994,72.35472869873047,2092500
2015-10-07,72.3895499417171,72.99046924216434,72.17182392045355,72.26762390136719,1944100
2015-10-08,72.05859765881733,73.12981254043002,71.68410865973799,73.07756042480469,1259000
2015-10-09,73.1211103966886,73.74816243717056,73.04273221386396,73.5478515625,1499800
2015-10-12,73.55656017157223,73.74816013846642,73.03401903561507,73.61752319335938,940800
2015-10-13,73.2081910549926,73.32141283200234,72.24148704459652,72.32858276367188,1360700
2015-10-14,72.42441762710283,72.75535892780931,72.08475877692483,72.39828491210938,981600
2015-10-15,72.97305783744075,73.99201407469178,72.97305783744075,73.46076202392578,1836800
2015-10-16,73.79171539465356,74.1313674992781,73.356263296984,73.82654571533203,1032500
2015-10-19,73.85266984121449,74.01813710086165,72.79016578324325,72.98176574707031,1940800
2015-10-20,73.11240109900048,73.49560105314065,72.84242293738612,72.92951202392578,1693100
2015-10-21,73.14721986986667,73.4084937089749,72.48533766120669,72.58113098144531,1383000
2015-10-22,73.17336182987307,73.83525082687125,73.11239880675951,73.6697769165039,2624300
2015-10-23,74.09651795383994,74.22715488985529,72.86854005755441,73.33882904052734,1920200
2015-10-26,73.33883921455906,73.62623918476868,72.72920895454304,73.06015014648438,1317300
2015-10-27,72.80759775612525,72.99919776420141,72.39827167423023,72.86856079101562,1179000
2015-10-28,73.01661508908781,73.4607781532854,72.4853695661505,72.5027847290039,2101000
2015-10-29,72.05863645400765,72.6682735905606,71.31836895806211,71.62318420410156,4990500
2015-10-30,71.84959766464287,71.98023462565477,69.82910015367058,70.07295227050781,6945600
2015-11-02,73.77431541610444,76.726680980209,73.71335237017354,75.74256134033203,8552300
2015-11-03,75.71642073053087,75.80350983021276,74.58424250124905,75.62062072753906,4325900
2015-11-04,75.04580249242645,75.35061758955625,74.16619416134769,74.81066131591797,2196600
2015-11-05,74.9064639116268,75.69898319184159,74.51455307779817,75.53351593017578,1759500
2015-11-06,75.33322665954697,75.61191578719065,73.62625492217028,74.6103744506836,1668700
2015-11-09,74.28811961239361,74.65389772605516,73.12110470686824,73.72203063964844,2160700
2015-11-10,73.41721857117409,74.5755159788471,73.40850766968859,74.36650085449219,1050500
2015-11-11,74.95872523335846,75.49868823660876,74.45359919591189,74.74971008300781,1332100
2015-11-12,74.40134007883653,74.80195518123082,73.42592506139525,73.46076202392578,1438300
2015-11-13,73.20819006546387,73.20819006546387,71.6841080248326,71.98892974853516,2009900
2015-11-16,71.98893072158359,72.49405001207997,71.6754047374297,72.32858276367188,1416700
2015-11-17,72.50277832322155,72.60728922452623,71.30093285834205,71.46640014648438,1582100
2015-11-18,71.82346850951383,72.99047691684717,71.45769035000382,72.93822479248047,1534900
2015-11-19,73.27786998236148,73.91363289493702,73.11239607816971,73.65235900878906,1808300
2015-11-20,73.87007341663428,74.34907325109434,73.27785845969726,73.5042953491211,1786000
2015-11-23,73.51300716438413,74.497126256699,73.41720719629942,74.3839111328125,1058600
2015-11-24,74.03557302321313,74.89776638039571,73.78300999040769,74.52327728271484,1996600
2015-11-25,74.94278945846398,75.23120062750932,74.48832882942101,74.63690185546875,1232500
2015-11-27,74.69805549344744,74.9864665702814,74.40090286850858,74.54074096679688,775900
2015-11-30,74.45334166978189,74.65435059095,73.50071301064413,73.51819610595703,1993100
2015-12-01,73.64058481268553,74.34849713643852,73.21233546349029,74.31353759765625,1654300
2015-12-02,74.22612059261719,74.42713621544911,73.16861985508864,73.22979736328125,1357500
2015-12-03,73.64057717593693,73.80662663312013,72.53063360521732,73.2647705078125,2391800
2015-12-04,73.42208299756638,74.74177040606087,73.25602687724813,74.66311645507812,1348600
2015-12-07,74.6718643155205,76.53341465909325,74.38345313518036,76.01777648925781,2066300
2015-12-08,75.53706768276912,76.27993927878009,75.03016455406596,76.10514831542969,2950700
2015-12-09,76.00028333465387,76.90046962588036,75.21371052314805,75.37102508544922,4321200
2015-12-10,75.60699240113772,76.56835610730397,75.20496782102632,75.91287994384766,2311000
2015-12-11,74.78546469206384,75.30984432115936,73.15114162466489,73.8503189086914,2970900
2015-12-14,73.89401427933598,74.77671736409518,73.54442566433666,74.76798248291016,2097100
2015-12-15,75.31857356824705,76.90919529513711,75.26613761425708,76.4547348022461,2331000
2015-12-16,76.80431855142507,78.18518982744732,76.23624458872217,78.0103988647461,2259100
2015-12-17,78.45614843124814,78.59598659024806,77.66084057244989,77.96672821044922,2147200
2015-12-18,77.57341803408617,77.67828994895329,76.34111969161289,76.39356231689453,2237800
2015-12-21,77.04903325550353,77.38113874324621,76.46346954301183,77.09272766113281,1294900
2015-12-22,77.16265058821844,77.65207063007989,76.55086886804364,77.47727966308594,1274300
2015-12-23,77.78314171907607,78.1152471147555,77.5821261717926,78.09777069091797,669000
2015-12-24,77.72201957234635,78.02790721614014,77.18889824979837,77.60840606689453,347000
2015-12-28,77.250047803853,77.64333082233175,77.02281420738733,77.48602294921875,636100
2015-12-29,77.86183201867989,78.33377569701678,77.76570164087599,78.13276672363281,741900
2015-12-30,78.08033052524708,78.32504726843034,77.7919260323748,77.80940246582031,858500
2015-12-31,77.45103543052271,77.914237337104,76.9353909173418,76.96160888671875,863100
2016-01-04,75.97406283667303,76.24499086972418,75.26615066368194,76.2187728881836,1722400
2016-01-05,76.19257330227934,77.05780024125977,75.95660474359393,76.91796875,1506000
2016-01-06,76.08766216681789,76.22750026616815,74.06005640117219,74.3659439086914,2759400
2016-01-07,72.99380818347409,73.93769527234349,72.5480892813805,72.8277587890625,2140400
2016-01-08,73.15114692380519,73.76292875860865,72.25970215655056,72.3820571899414,1738500
2016-01-11,72.86275865737227,73.03754969601812,71.19347556654644,72.43450927734375,1968900
2016-01-12,72.99382603384146,73.64930222787608,72.5918014349754,73.61434936523438,1445600
2016-01-13,73.71045795548612,74.12996552954384,72.37328798168755,72.62673950195312,1628300
2016-01-14,72.81901910441688,74.24358465376316,72.4257361412508,73.65802764892578,2003500
2016-01-15,73.65804973073782,73.65804973073782,71.17598287595226,71.9712905883789,2146500
2016-01-19,72.8976893464757,73.52694083725953,72.43448060848138,73.3084487915039,2122200
2016-01-20,72.25096155350343,73.02005796530021,70.80891244923382,72.47819519042969,2355600
2016-01-21,72.8977117701638,73.50948701932535,71.59549397604114,72.80157470703125,1840300
2016-01-22,73.85906741799876,75.0738828958818,73.65805176284897,74.89035034179688,1403700
2016-01-25,73.96394176249787,74.40966750428117,72.86274640211498,72.95014190673828,2124300
2016-01-26,73.7541698458642,74.12997640791043,72.88020171718435,73.05499267578125,2090600
2016-01-27,73.02004893793493,73.25601742829602,71.62169442312624,72.01498413085938,2431100
2016-01-28,72.45195939587659,73.605597062121,72.44321784756895,73.14239501953125,1776400
2016-01-29,73.50945241893082,74.62813044390082,73.3958389740922,74.50577545166016,2067700
2016-02-01,74.32224318866886,75.10007421363468,73.68424358332483,74.6893081665039,2170500
2016-02-02,73.89401198142605,74.74175551153787,73.89401198142605,74.30477142333984,1525500
2016-02-03,74.60190712673007,75.78176256332195,73.48322918187714,75.56327056884766,2357500
2016-02-04,74.96899951931243,76.60332263664334,74.96025796933662,76.04398345947266,3181000
2016-02-05,76.37606302842717,79.53108804358389,76.36732148142531,79.52234649658203,4459900
2016-02-08,78.49108530146778,79.62724667772346,76.97912398410051,78.33377075195312,3844600
2016-02-09,76.90920987009446,79.33009911056095,76.90046832015699,79.04169464111328,3071700
2016-02-10,79.01546965089378,79.4262291116383,77.18887261120713,77.3199691772461,2727200
2016-02-11,75.84296581775378,76.25373197375185,75.16127163028835,75.8080062866211,1858800
2016-02-12,76.2362343394168,77.23255736213191,75.65067069061126,77.18011474609375,1604700
2016-02-16,78.17645360920834,78.92806680219638,77.03155738940367,77.45106506347656,2201100
2016-02-17,77.76570052877727,79.44371802696797,77.52972535905897,78.71832275390625,1971000
2016-02-18,78.6396890910808,79.88072276911699,78.15026219366119,79.74962615966797,2093200
2016-02-19,79.58355674622342,80.09045999542407,78.7882490057219,80.08171844482422,1346700
2016-02-22,80.37885428785425,80.84205635470663,79.83699161780824,80.16036224365234,1105600
2016-02-23,79.95061174821596,80.40507226630281,79.45245015414953,80.16036224365234,1054500
2016-02-24,79.13784132724504,80.57988385369605,78.92808411028693,80.42256927490234,923200
2016-02-25,80.86095801275245,81.28183107561382,79.93152386674826,81.26429748535156,816400
2016-02-26,81.47472892076276,81.9219123755325,80.41376950035321,80.48391723632812,1042100
2016-02-29,80.33488516387432,80.8083725054679,79.99292319877759,80.08060455322266,1122400
2016-03-01,80.86972464477405,81.36951556627763,80.47514863959348,81.01878356933594,1064900
2016-03-02,80.7820322893967,81.33443732904787,80.09810861140578,80.5365219116211,1577000
2016-03-03,80.54531165974043,81.01879894200368,80.16827586217848,80.84342956542969,1038700
2016-03-04,81.20295233009595,81.5975218203883,80.48395442824234,81.15034484863281,981600
2016-03-07,80.58916032985736,81.01003347862255,80.17705063318363,80.34364318847656,1022900
2016-03-08,80.25594593305505,80.63298167765936,79.55448859425738,80.44007873535156,1977400
2016-03-09,80.87850344074448,81.63257503586843,80.48393405035397,80.84342956542969,975000
2016-03-10,80.8434513042203,81.28186482905807,79.74741749212588,80.46641540527344,955200
2016-03-11,81.42215068552363,81.78164625451734,80.92235959422887,81.641357421875,1061300
2016-03-14,81.62378752223086,82.91272373467385,81.31689954061497,82.27264404296875,1320100
2016-03-15,81.60626666816428,82.47432329152949,81.5361189215177,82.24635314941406,1399800
2016-03-16,80.49271626408463,81.8254902776511,80.27350952773327,81.641357421875,1638200
2016-03-17,81.64133740977942,82.5356977314157,81.41336058675172,82.37786865234375,1027900
2016-03-18,82.19373056067704,82.86012070612647,81.72901349372847,82.57953643798828,2028100
2016-03-21,82.63216468939743,82.98289678523444,81.86055943028263,82.53571319580078,693700
2016-03-22,82.1148533077821,82.20253467350196,81.19418224357511,81.70274353027344,1273600
2016-03-23,81.97454139470653,82.5006361735862,81.76410482108628,81.87808990478516,771900
2016-03-24,81.71152090231944,81.93072768084082,81.24680360219972,81.78166198730469,621700
2016-03-28,81.81671853355864,82.3340498998438,81.7465774634398,82.07099914550781,576800
2016-03-29,82.15865304537331,82.7636655643734,81.72023972775732,82.57076263427734,783600
2016-03-30,83.09687370179542,83.23716920219734,82.72860804772685,82.78998565673828,855500
2016-03-31,82.55323842272765,83.00918538139317,82.37786906196621,82.69352722167969,1225000
2016-04-01,82.3164973196893,83.93863224636995,82.10606076144796,83.86848449707031,1132100
2016-04-04,84.00001208678117,84.00001208678117,83.15825245213203,83.7369613647461,796600
2016-04-05,83.63174091161054,84.0876946109154,83.21086777803758,83.38623046875,743300
2016-04-06,83.40376976947512,83.9298645250751,83.25470412550129,83.89479064941406,658200
2016-04-07,83.37746868815455,83.38623883046697,81.9833170951133,82.89521789550781,1491500
2016-04-08,83.31608203683602,83.64051037063068,82.93028278248481,83.48268127441406,943900
2016-04-11,83.9386257452223,84.35072868871026,83.40376090513924,83.51774597167969,794100
2016-04-12,83.37747253545525,83.90357406394007,82.86891798206346,83.06182098388672,1252600
2016-04-13,83.51777220380299,83.51777220380299,82.64971534219086,82.877685546875,1173000
2016-04-14,82.95658440466204,83.56159703969712,82.55324487785785,83.04426574707031,1066700
2016-04-15,83.14069939652754,83.28975831561351,82.4918495742986,83.25468444824219,1210600
2016-04-18,83.21084737709812,84.14905159067003,82.97410044405635,83.98245239257812,962800
2016-04-19,84.54363706099463,85.1223459505191,84.22797888300991,85.00835418701172,1286300
2016-04-20,84.92066604961839,85.3415458164647,84.64885190853123,84.67515563964844,1198300
2016-04-21,84.21044284934459,84.3945756662211,82.14990130087999,82.32526397705078,1631200
2016-04-22,82.00960303106159,82.38663879275249,80.63298533180078,82.37786865234375,1978400
2016-04-25,82.00959840094562,83.11440189207394,82.00082826103204,83.05302429199219,1451900
2016-04-26,83.0530262236665,84.0701417186287,82.75490166658075,83.90354919433594,1430500
2016-04-27,83.92109284482795,84.87683754250612,83.71065628437843,84.32443237304688,1670500
2016-04-28,83.88599945122279,85.45551987237354,83.7106368065945,85.15740203857422,1487600
2016-04-29,84.78037610834052,84.92066490228927,83.57035097604114,84.0613784790039,1591200
2016-05-02,84.0526088652337,85.47307054218011,83.89477979001742,85.16617584228516,2274600
2016-05-03,82.6233830587887,83.7194164361014,81.562416862652,81.79916381835938,3521600
2016-05-04,81.10646817846344,81.91314712131542,80.5979070967998,81.67640686035156,2444700
2016-05-05,81.65886467733088,82.64968308742078,81.51857588994028,81.79039001464844,1222800
2016-05-06,81.69393577824867,82.5269250932615,80.72065768059917,82.41293334960938,1785600
2016-05-09,82.61461297596101,83.324840464262,81.86054147667437,82.19373321533203,1532100
2016-05-10,82.62338519359979,83.80709993375078,82.57077104116269,83.77202606201172,1900900
2016-05-11,83.32484869937856,83.49144793000107,82.75490994852146,83.23716735839844,2064500
2016-05-12,83.67556340737762,84.05259911612609,82.17619071156103,82.9565658569336,1451500
2016-05-13,82.61462040424786,82.70230174444617,81.00125564803757,81.24677276611328,1689100
2016-05-16,81.29939356203127,81.72026673985191,81.15909804298535,81.36077117919922,1010500
2016-05-17,81.24676022990005,81.52734448903554,80.3173194361679,80.68558502197266,1641200
2016-05-18,80.56283986406564,80.77328310187877,79.02839304237867,79.35282135009766,1889000
2016-05-19,78.94948004818232,79.87014410644153,78.77411068733026,79.80000305175781,1651300
2016-05-20,80.06305783496587,80.06305783496587,79.03717202211212,79.33529663085938,1759200
2016-05-23,79.21252056954191,79.87014059207272,79.03715790606309,79.55448913574219,1299600
2016-05-24,80.06304944325775,81.202926908948,79.29144430149744,80.79081726074219,1568500
2016-05-25,80.85220685420539,81.32569417832607,80.67684415178661,80.7031478881836,1230400
2016-05-26,81.03740876583683,81.16056538142138,80.43041779507573,80.43921661376953,1094900
2016-05-27,80.74712691114868,81.82035484902103,80.51840455270037,80.9318618774414,1450000
2016-05-31,81.21336266694533,81.5740404855733,80.41284449022683,80.73832702636719,1713700
2016-06-01,80.57119162339168,81.80276489257812,80.36886570814929,81.80276489257812,1761700
2016-06-02,81.58287486102064,82.11948910089329,81.45971815464368,81.98753356933594,1019600
2016-06-03,82.00508625754802,82.5856808819171,81.70598676924061,81.87313079833984,1290900
2016-06-06,81.89074675222821,82.33059394297783,81.48608814212281,81.8643569946289,1308800
2016-06-07,82.11943248732254,82.48890235173893,81.7851511878314,81.91710662841797,1170600
2016-06-08,82.07546264766403,82.27778853327287,81.65320652436142,81.70598602294922,1088300
2016-06-09,81.29252613700282,81.55643031130217,80.79989293088533,81.17816162109375,1669500
2016-06-10,80.50083741915695,80.9846653182213,80.15775713583534,80.53602600097656,1679400
2016-06-13,80.72953860631488,81.17818455436102,80.26330172629228,80.30728912353516,1269200
2016-06-14,79.94659557789703,80.72073066371362,79.3747997950975,80.4480209350586,1216700
2016-06-15,80.50961334815996,81.08141594260628,79.87623913732513,80.06097412109375,1079200
2016-06-16,80.02577838736511,80.81750446950002,79.71788677529423,80.67675018310547,1395700
2016-06-17,80.73831220930043,81.16936037919689,80.35124471137489,80.87906646728516,1646000
2016-06-20,81.67960250704563,82.52410810656602,81.47727660599627,81.8819351196289,1690200
2016-06-21,82.0754484326103,82.41852853707807,81.60041289299366,81.89950561523438,1564200
2016-06-22,82.1282253033452,82.98152948369665,81.85552233452312,82.33055114746094,1166700
2016-06-23,82.73524286310374,83.5709496752425,82.67366453706757,83.52696228027344,1564100
2016-06-24,81.39809901652887,81.6971985189627,78.88217319852467,78.9349594116211,3222200
2016-06-27,78.66225576831431,78.66225576831431,76.63016426194936,76.74452209472656,2277000
2016-06-28,77.75617450832242,78.00248782538841,76.6037771842489,77.58023834228516,2476800
2016-06-29,78.08167431804827,79.14610370251272,77.87934165946426,78.9173812866211,2504600
2016-06-30,78.94376320280219,80.13134914443486,78.8645939387429,80.06977081298828,2718700
2016-07-01,80.2720884142301,81.30132892340342,80.19291916500146,80.77351379394531,1541000
2016-07-05,80.44802175584971,81.07261046519996,80.0785518492312,80.33366394042969,1685400
2016-07-06,79.82341733836392,80.29845281839503,79.44514871786868,80.07852935791016,1536000
2016-07-07,80.05219139037648,80.71196219853893,80.05219139037648,80.53602600097656,1111900
2016-07-08,80.93187281411618,81.96111349891868,80.78232639903231,81.82036590576172,1283000
2016-07-11,81.53884505119215,82.25139509631457,81.51245530308142,82.057861328125,839800
2016-07-12,82.06665802001953,82.33056220581702,81.6092133595179,82.06665802001953,1206000
2016-07-13,82.0578494453053,82.32176031126188,81.75875672798446,82.07544708251953,869500
2016-07-14,82.41856613788984,82.9375825849858,82.27781181977448,82.71765899658203,1199900
2016-07-15,83.15750971014975,83.51818763200882,82.81442943457118,83.04315185546875,1098300
2016-07-18,83.03434886011388,83.03434886011388,82.33059069803788,82.66487884521484,1200900
2016-07-19,82.1722214372399,82.48011300121209,81.91710936665359,82.24259185791016,856900
2016-07-20,82.24260498778047,82.75282921040939,82.09305859162387,82.25140380859375,832400
2016-07-21,82.00510602115382,82.3657772042772,81.49488170206703,81.68841552734375,1004100
2016-07-22,81.86432478187805,82.11063803793049,81.69718747900411,82.01387786865234,716100
2016-07-25,81.79396040206451,82.03147485607983,81.36290546059719,81.96109771728516,741000
2016-07-26,81.87315123630441,82.73525463500864,81.60044814099062,81.85556030273438,909400
2016-07-27,81.84676177789133,81.84676177789133,81.04623671107305,81.29255676269531,1097400
2016-07-28,81.42447748884186,81.7059793107402,80.94064979795588,81.02861785888672,1273700
2016-07-29,80.84390798972689,81.94352587122063,80.84390798972689,81.72360229492188,1097000
2016-08-01,81.64442931869829,82.88480155615598,81.64442931869829,82.1898422241211,1184800
2016-08-02,82.45376815798052,82.72647130436249,81.58286577363276,82.04910278320312,1254600
2016-08-03,81.85554646355106,82.59448635619323,81.5212583784219,82.55049896240234,1410700
2016-08-04,82.50650351309416,82.92875288716273,82.09304624698296,82.40973663330078,1721400
2016-08-05,82.40096950319321,82.85841433114442,81.36292988473205,82.3218002319336,1760300
2016-08-08,82.31297127804369,82.37454959254973,81.90831282392787,82.06665802001953,1260100
2016-08-09,82.24260457428716,82.74402997358176,82.08425935811339,82.11064910888672,990100
2016-08-10,82.06667273732639,82.1722384574966,81.56524731170256,81.73239135742188,1282500
2016-08-11,81.77636290953504,82.02267618422862,80.72073267183876,81.3980941772461,2074600
2016-08-12,81.4948472025681,82.37454115485103,81.08138997114996,81.89950561523438,1471000
2016-08-15,81.89076662696303,82.53294663438898,81.87317568813937,81.98753356933594,1406500
2016-08-16,81.60922217218447,81.7763662059785,80.88787324798966,81.30133056640625,1412500
2016-08-17,81.49483558323415,81.98746197858482,81.0022091878835,81.82911682128906,2013800
2016-08-18,81.96988654395048,83.90521064412043,81.77635279162698,83.65889739990234,3520700
2016-08-19,80.83509877703064,82.03148341523725,80.10495098680244,80.69435119628906,5640800
2016-08-22,79.95539586390326,81.76756355432131,79.26043672254553,80.38644409179688,2744700
2016-08-23,80.62398127842397,81.1693874310548,80.44803839730544,80.55360412597656,1383000
2016-08-24,80.37766396963535,80.55360013049274,79.33962451289435,79.6123275756836,2038100
2016-08-25,79.66511630026434,80.72954563315339,79.43640060699025,80.2545166015625,1419400
2016-08-26,80.21930521163387,80.76471124523216,79.40118944970321,79.97299194335938,1471000
2016-08-29,80.00830268381793,80.47608318069892,79.95534170022881,80.19364929199219,954300
2016-08-30,80.1671639449416,80.29955628970333,79.23159631337857,79.31986236572266,1373900
2016-08-31,79.20512181325306,79.32868621012008,78.33134308290629,78.75499725341797,2352300
2016-09-01,78.93152776939439,78.99330997712126,77.96948283906984,78.50787353515625,1998200
2016-09-02,79.07271353619747,79.43458543538243,78.91385082972981,79.09919738769531,1018700
2016-09-06,79.0021324708043,79.52286722369129,78.29604437379109,78.96682739257812,1289600
2016-09-07,78.64909141343072,78.74617869880628,77.6693973400995,77.85474395751953,2276800
2016-09-08,77.66939369825323,78.14600214945222,77.2280903249677,77.74882507324219,2946000
2016-09-09,76.9191727814622,77.68703627619894,76.65438808646397,77.272216796875,3693500
2016-09-12,77.26339648091091,78.45491425865566,77.00743971278341,78.3489990234375,2384900
2016-09-13,77.71354399646152,77.89006269149486,76.8309370537817,77.52819061279297,2478300
2016-09-14,77.72234524183654,78.21660958165876,77.04274103349391,77.2369155883789,1266300
2016-09-15,77.28985779838283,77.7664661587523,76.83090534048286,77.54581451416016,1473400
2016-09-16,77.21926158662234,77.69587003297353,77.06039210450527,77.4222640991211,1752600
2016-09-19,77.73999821264712,78.09304223240689,77.11334827610699,77.1221694946289,1236200
2016-09-20,77.53697368669033,77.83706337505299,77.0427162396844,77.05154418945312,1242200
2016-09-21,77.14865117640664,77.96946890360647,76.86621058155801,77.8900375366211,1424300
2016-09-22,78.29604027117605,78.70203854887055,78.04008351776447,78.32251739501953,1317500
2016-09-23,78.01361206999248,78.35782817251155,77.80178833007812,77.80178833007812,1289000
2016-09-26,77.4575552149795,78.28720081982085,77.43107809502497,77.95181274414062,1758700
2016-09-27,78.13720522163314,79.0727665896701,77.99599158766424,78.89624786376953,1726100
2016-09-28,78.94917324129067,79.22278592018597,77.68704528511257,78.06656646728516,1569800
2016-09-29,77.96946897829785,78.11068927585745,76.40725815563265,76.67204284667969,1771600
2016-09-30,76.91036557575971,78.46375562234816,76.91036557575971,78.16366577148438,1952500
2016-10-03,78.03124511173027,78.16363070178825,77.2545470700392,77.73115539550781,1219500
2016-10-04,78.04892769236801,78.07540482171463,76.97214620723116,77.16632080078125,901400
2016-10-05,77.19277639922144,77.80177713935346,77.08686117762109,77.62525177001953,1274100
2016-10-06,77.4663923351736,78.32252196947411,77.40461013134548,77.94300079345703,1049000
2016-10-07,77.90769051391584,78.12834218910777,77.01626259444383,77.51934814453125,763700
2016-10-10,77.8635631478823,78.0665589153634,77.13099798022259,77.25456237792969,1246500
2016-10-11,77.08687454118896,77.37813640076658,76.78679146193117,77.03392028808594,1361400
2016-10-12,77.24573865054585,78.18130637061216,76.98978862254955,77.82826232910156,1377000
2016-10-13,77.11335612504,78.13717647942214,76.90152565137036,77.80178833007812,1227600
2016-10-14,77.219262283792,78.10186902935429,76.94565634746932,77.07804870605469,2200200
2016-10-17,76.96329981460276,77.67821580446832,76.96329981460276,77.26338958740234,1300800
2016-10-18,77.66940519613384,77.74883658288151,77.2987119237992,77.37814331054688,1107700
2016-10-19,77.31635284423828,77.57230961935954,76.97213673756787,77.31635284423828,1184800
2016-10-20,77.15749894659936,77.39580659707221,76.03659106851626,76.16898345947266,1729800
2016-10-21,75.9836091427088,76.45139635974013,75.41874138172348,76.35430908203125,1527300
2016-10-24,76.29250679536297,76.5661126511887,76.08950434075629,76.46019744873047,1616800
2016-10-25,76.55729157932366,76.80442034017689,76.00125186740388,76.06303405761719,1254600
2016-10-26,75.80708874149349,76.11599973899762,75.5334828199548,75.69235229492188,1488200
2016-10-27,76.01012072416863,76.02776990211895,75.26872730886642,75.8335952758789,1035300
2016-10-28,76.01890909588933,76.71616916436982,75.9130006064395,76.26604461669922,1420000
2016-10-31,76.35430792794425,77.42226123284497,76.24839269920233,76.90151977539062,1762500
2016-11-01,77.09571672865394,77.28989133755576,75.74532915516355,76.16898345947266,1980600
2016-11-02,73.49466555163617,74.69501134288501,71.63237139163456,72.02071380615234,6825100
2016-11-03,71.76476082818496,71.87067607435108,70.11429032807054,70.2290267944336,3706300
2016-11-04,70.25549721952713,71.01453957690843,69.7347624598439,69.74358367919922,1907000
2016-11-07,70.67035336673437,71.28817567067412,69.90248273147375,71.10282897949219,1683100
2016-11-08,71.00571315386512,71.50879875192322,70.7321072053395,70.88214874267578,1959100
2016-11-09,69.63767656705826,71.06749524676911,68.61384946596397,70.9527587890625,2496100
2016-11-10,70.7497584214052,70.77623554579678,68.9315839860427,69.02867126464844,2854100
2016-11-11,68.86095916454612,69.71708858421245,68.06661866697242,69.16104888916016,2290400
2016-11-14,69.13457061773258,69.16104773604312,68.12839971941179,68.49026489257812,1971000
2016-11-15,68.99335857335527,69.71709573979062,68.49910101591283,68.62266540527344,2839600
2016-11-16,68.51675529824476,68.67562477267072,67.65180450817935,67.96954345703125,2253500
2016-11-17,68.38437459514027,69.36406190178711,67.8195000747801,68.94041442871094,2315400
2016-11-18,68.71974869674516,68.87861815012367,68.28727335900791,68.32257843017578,2023100
2016-11-21,68.32257543326436,69.03748457523189,68.32257543326436,68.68444061279297,1330800
2016-11-22,68.7550677778386,68.86980423219819,68.3667186496136,68.60502624511719,1686000
2016-11-23,68.49911312573026,69.19637329396328,68.49911312573026,68.64915466308594,1205200
2016-11-25,68.84332696693596,69.5317591592045,68.84332696693596,69.41702270507812,833900
2016-11-28,69.29290722935299,70.29458722612378,69.02697969375139,69.5322494506836,1571700
2016-11-29,69.64747926715522,70.06410648367047,69.35495291134797,69.68293762207031,1648200
2016-11-30,69.87796950091085,70.58711645544952,68.84969728679185,68.87628936767578,2557600
2016-12-01,68.63693434555879,68.75216891759528,66.74882274717491,67.28955078125,2188500
2016-12-02,67.47571706472542,68.00757893832315,67.08568186802478,67.22750854492188,2007400
2016-12-05,67.70619320885599,68.80538219182564,67.36934889903769,68.39762115478516,2759700
2016-12-06,68.61924107109257,68.78765986958012,68.1228306696235,68.66355895996094,2510000
2016-12-07,68.9915340141972,70.03753207761771,68.72559966673771,69.43475341796875,2564500
2016-12-08,69.58545614570383,70.3123357992539,69.40817106454227,70.2857437133789,2054600
2016-12-09,70.39213050063395,70.78215909650858,70.17938025234585,70.6580581665039,1618800
2016-12-12,70.64915123955598,70.65801751888247,69.00037496028295,69.3460922241211,2808800
2016-12-13,69.4436121757032,70.27686680981986,69.4436121757032,69.7893295288086,2195100
2016-12-14,69.84249612857252,70.35663212513677,68.96492383305053,69.10675048828125,3106900
2016-12-15,69.05358048066799,69.62090074376175,68.24691796605562,68.7699203491211,3175900
2016-12-16,68.23805935707398,68.69013825953766,67.39593846942365,67.48458099365234,4157000
2016-12-19,67.87462944479226,68.0873728970036,67.21866652206171,67.61756134033203,2437700
2016-12-20,68.02530953515266,68.83197206468523,67.72392359861814,68.81423950195312,2225200
2016-12-21,68.74335667949958,69.40818602161082,68.59265688874575,69.24862670898438,1972200
2016-12-22,69.47905662214527,69.95773428865027,68.96492736226061,69.83363342285156,2302600
2016-12-23,69.85138968692637,69.87798177248024,69.44362183179273,69.47908020019531,1289700
2016-12-27,69.43473472841748,69.60315345768373,69.14220837754881,69.3460922241211,1123700
2016-12-28,69.22199538142199,69.38155461919708,68.41533967483011,68.45079803466797,1221400
2016-12-29,68.72560080430824,69.03585303948546,68.29124767506015,68.49512481689453,852800
2016-12-30,68.53059829085299,68.67243177991465,67.61756718474585,67.80371856689453,1237400
2017-01-03,68.48625888494686,69.11562957822655,68.19373247788998,68.54830932617188,2075900
2017-01-04,68.7256016478681,70.01980153262953,68.69900956495387,69.76273345947266,1550500
2017-01-05,69.31061318936904,69.75383234159574,68.75215272925134,69.6740493774414,1587500
2017-01-06,69.70956488419615,70.4719029921952,69.4081788597744,70.17051696777344,1634600
2017-01-09,69.85138318781243,70.02866825033816,69.23973822501291,69.35497283935547,1397200
2017-01-10,69.49680348713227,69.49680348713227,68.4596717110486,68.5660400390625,2472400
2017-01-11,67.92780338735065,69.46134550011642,67.67073532160418,69.43475341796875,2787800
2017-01-12,69.79818650787034,70.78213407869974,69.23086623894055,70.15276336669922,3338600
2017-01-13,70.01094722245688,70.53394292665847,69.69182867776055,69.84252166748047,1933200
2017-01-17,70.33890803952595,71.21648044076201,70.25026552395501,70.7821273803711,2253300
2017-01-18,70.90623473290532,71.29626995264039,70.22367986136,70.26799774169922,1615900
2017-01-19,70.23253737278655,70.31231360523024,69.46133331087985,69.93114471435547,1720300
2017-01-20,70.01978462223389,70.72893822264061,69.77158289098851,70.58710479736328,1853200
2017-01-23,70.49847567987807,70.74667745827159,70.13503929379934,70.60485076904297,1188600
2017-01-24,70.7200744035034,71.65969720819483,70.6491576883972,71.6153793334961,1283400
2017-01-25,71.84586559378879,72.74116388936395,71.71289842461698,72.69684600830078,1996500
2017-01-26,72.87411360850905,73.86692723586836,72.36884389703813,72.65250396728516,2746600
2017-01-27,72.31570030500289,72.49298541221518,71.52677008081955,71.76610565185547,1189100
2017-01-30,71.89903793356187,71.89903793356187,71.01259930216595,71.68629455566406,1672500
2017-01-31,71.73064092861127,72.0231674163127,71.18991260758476,71.98770904541016,1891000
2017-02-01,71.65083968616024,72.05860066488965,70.33890747212575,70.84417724609375,4869500
2017-02-02,73.49465862369426,73.84922880310815,71.67745602073109,72.68799591064453,5021800
2017-02-03,72.74118245423973,74.01765678328282,72.63481410214807,73.5921630859375,3395500
2017-02-06,73.565564209373,73.75171557134847,73.18439520256827,73.41487121582031,2114500
2017-02-07,73.7339908362338,74.23926075833802,72.97165281158641,73.92900848388672,2402500
2017-02-08,73.671924164962,73.99990893318282,72.86526166595571,73.12232971191406,2263800
2017-02-09,73.12233340891511,73.48577655664255,72.9450483572864,73.27303314208984,1535200
2017-02-10,73.18439119225533,73.34395045991835,72.8209547710735,73.21098327636719,1684800
2017-02-13,73.40600091050997,73.54783437642905,73.06915657344,73.21098327636719,1048900
2017-02-14,72.99823943274264,74.07082965154503,72.86527224993416,73.79603576660156,1666600
2017-02-15,73.86694163319109,74.4076698042093,73.2641630210556,74.05309295654297,2035800
2017-02-16,73.8935418620415,74.19492781984994,73.14892972352914,73.81375885009766,1530100
2017-02-17,74.17719872812535,75.98553468372728,74.09741571972091,75.34729766845703,6467700
2017-02-21,75.52454817098625,75.97663364381135,74.88631821068917,75.02814483642578,2411100
2017-02-22,74.9306642192708,75.3384252205431,74.48744485749776,74.63813781738281,1600100
2017-02-23,74.99270504763979,75.19658890363968,74.33674236992736,74.47856903076172,1501400
2017-02-24,74.51419342556106,74.62989624859904,73.81996290639265,74.5408935546875,1225200
2017-02-27,74.24717228333076,74.51418713298678,73.42833670374115,73.8466567993164,1264600
2017-02-28,73.8733756226797,74.2293932488351,73.64196314710799,73.7398681640625,1556200
2017-03-01,74.03355432031725,74.96809937542197,73.70423695632053,74.80789184570312,1622900
2017-03-02,75.65341689599936,75.68901931880656,73.69533117487826,73.80213165283203,3459500
2017-03-03,73.68644685696177,73.91785926645782,72.7074037574362,73.82884979248047,1371800
2017-03-06,73.45502684507906,73.99795198589621,73.36602417078271,73.615234375,1184100
2017-03-07,73.41054200174094,73.8199598089312,73.29483239308782,73.66864776611328,1274100
2017-03-08,73.73095849047176,74.095878388206,73.61525565948007,73.81106567382812,1126700
2017-03-09,74.14038563300875,74.17598128184414,73.57076018504877,73.76656341552734,958600
2017-03-10,74.95030822276547,76.91729687439933,74.89690796676138,76.34767150878906,3603700
2017-03-13,76.04504485850387,76.42776245637248,75.80473017656831,75.98274230957031,1523600
2017-03-14,75.61783389131207,75.92934668278453,75.17281367764582,75.45762634277344,1126000
2017-03-15,75.43092610726357,76.320966533308,75.43092610726357,75.94715118408203,1412700
2017-03-16,75.87593990073408,76.24975521833305,75.74243249002902,76.1696548461914,915300
2017-03-17,76.28537864501324,77.1309212852376,76.00946823328815,76.50788879394531,2237900
2017-03-20,76.33875601461007,77.03299317507916,76.09844811363644,76.99739074707031,2210900
2017-03-21,77.41570801467536,77.92303071230604,76.8905807084437,76.97068786621094,2149500
2017-03-22,76.88171317906908,77.33563583715103,76.62360056135469,77.01522064208984,1226600
2017-03-23,76.90840367108851,77.64713213307945,76.86389892943366,77.00630187988281,1348100
2017-03-24,77.04191696788766,77.63824936783672,75.9293661485017,76.55239868164062,1888200
2017-03-27,76.08954768879987,77.05079289737944,75.98274719260368,76.38326263427734,1786100
2017-03-28,76.1251604889676,76.65918341411067,75.55553513008566,76.19636535644531,1591100
2017-03-29,76.24088390855276,76.69479974240039,75.94716886984818,76.11627197265625,1300600
2017-03-30,76.02725192223816,76.24086651463625,75.84924655237602,75.95604705810547,1373600
2017-03-31,75.88482692509687,76.3743449451521,75.39530211457401,75.46650695800781,2078600
2017-04-03,75.41311184821015,75.83142505327385,74.17594967844958,74.318359375,2666400
2017-04-04,75.06602541726754,75.89376349620588,74.48750442517397,75.70685577392578,2691500
2017-04-05,75.75134735069305,76.90840271462744,75.448730050238,75.86705017089844,2665200
2017-04-06,75.52883030519992,76.18745831223343,75.02150753929432,75.09271240234375,1809700
2017-04-07,75.0838269651315,75.1639273612053,74.46969676668164,74.89691925048828,1096300
2017-04-10,75.06600089747813,75.64452849107096,74.80789516802213,75.40422058105469,1074600
2017-04-11,75.30634300334121,75.6712561536415,74.90582741073598,75.51995086669922,994600
2017-04-12,75.09272662542027,75.68014988066635,75.05712418715221,75.58224487304688,934100
2017-04-13,75.43982145816176,75.92933957307645,75.38641442000332,75.60002899169922,1043500
2017-04-17,75.73353933853348,76.00945649813036,75.69794369581433,75.9738540649414,765000
2017-04-18,75.80472717312166,76.8816750708571,75.51101225815701,76.80157470703125,2110100
2017-04-19,76.84609230582188,77.33561728933542,76.06285912267025,76.20526885986328,1507300
2017-04-20,76.32094973414624,76.9261773622573,75.95602998036588,76.57015991210938,1506600
2017-04-21,76.50785946242993,76.6769692837358,75.66232393683708,75.81362915039062,1501100
2017-04-24,76.28536617641964,76.83719370014627,76.1340609295892,76.53457641601562,1312900
2017-04-25,76.78379818307533,78.0743611039763,76.76600035920497,77.77174377441406,1759800
2017-04-26,77.79844631117673,78.68848684488856,77.67383438922433,78.15445709228516,2709600
2017-04-27,78.07433444127741,78.47484985105517,77.74501709313745,77.80731964111328,1603700
2017-04-28,77.62043855562126,77.94085370926338,77.0419108176302,77.55813598632812,1717000
2017-05-01,78.03875501231435,78.67068298242476,77.52252986812148,77.59373474121094,1562200
2017-05-02,77.53143085145103,78.15445650417288,77.45132367297518,77.86074829101562,2660800
2017-05-03,80.23714852785609,81.8036216329456,80.08584327993313,81.26069641113281,5116200
2017-05-04,81.40312237320373,82.07065290448567,80.78899211147342,81.75914001464844,2483000
2017-05-05,81.33189184222553,82.72925504215705,81.02928135621964,82.64915466308594,2086100
2017-05-08,82.39992036483919,82.72923088102674,82.00830051805659,82.42662048339844,1586500
2017-05-09,82.56902887504877,82.78264341867627,82.13291106512835,82.75594329833984,2162400
2017-05-10,83.1742556682399,84.08210049339651,83.103057611545,83.7349853515625,2572100
2017-05-11,83.42350396496902,83.5303044853568,82.64026393294922,82.68476867675781,2338500
2017-05-12,82.84495607788432,82.84495607788432,82.21302825438431,82.7114486694336,1295200
2017-05-15,82.75593779005358,83.11194842480039,82.31091770615248,82.42662048339844,1813700
2017-05-16,82.58685901446711,82.72926196377546,81.67011838367108,81.79472351074219,1646500
2017-05-17,81.79473476459574,82.46226523309277,81.07379724109863,81.97274017333984,2644700
2017-05-18,81.84811133407403,81.84811133407403,80.96697327207958,81.3318862915039,1937800
2017-05-19,81.46541322383017,82.6224686943438,80.82458291957467,82.21305084228516,3273100
2017-05-22,81.9816476520049,83.04079823511138,81.9816476520049,82.72927856445312,1199600
2017-05-23,82.96956187501888,83.11196479887921,81.77690428415258,81.87480926513672,1757100
2017-05-24,82.18635345901711,82.88948641387337,81.99944573032947,82.80048370361328,1360000
2017-05-25,82.99625583719218,83.41457585389212,82.80044588976085,83.29886627197266,1220800
2017-05-26,83.38822567064376,84.13858926500022,83.29889845625671,83.70087432861328,852600
2017-05-30,83.44182225326676,84.01352456800403,82.94157761644978,83.95992279052734,1023600
2017-05-31,83.95990077278695,84.53160293760038,83.73657940168084,84.0938949584961,1260600
2017-06-01,84.27256176734403,84.478020457786,83.87952073054174,84.46908569335938,1373800
2017-06-02,84.86214113054885,85.96088553546619,84.68348671741823,85.87155151367188,2331500
2017-06-05,85.73755585978671,86.09486465165939,85.23731128375391,86.02340698242188,820900
2017-06-06,86.02342145425283,86.64871876045295,85.62143877292746,85.96089172363281,1419200
2017-06-07,85.89834232425105,86.28244857065849,85.63035393139737,86.21099090576172,1205600
2017-06-08,86.21100521054876,86.21100521054876,85.42490942919787,85.80009460449219,929500
2017-06-09,85.74650128638137,86.34500794673951,85.4427873883388,86.06808471679688,1206700
2017-06-12,86.05018669594781,86.2467105800441,84.52266943578168,85.76433563232422,1296500
2017-06-13,85.77329356764523,86.6129843422737,85.4695796880226,86.32713317871094,1005500
2017-06-14,86.43430280101896,87.27398649695787,86.35390356590251,86.79161834716797,1085300
2017-06-15,86.41644866444507,87.34546652378187,85.84474641488835,87.1400146484375,1096500
2017-06-16,87.14004208203048,87.33655925481042,86.36288089723362,87.09537506103516,1920800
2017-06-19,87.18468123115032,87.73852080766963,87.04175906589853,87.71172332763672,1257700
2017-06-20,87.72959015937802,87.8993166278562,86.63085253509625,86.6933822631836,1335800
2017-06-21,87.0685485134759,87.0685485134759,86.19312562686555,86.94348907470703,1358900
2017-06-22,87.00602726964487,87.46160487824127,86.36286048462148,87.0774917602539,1278700
2017-06-23,86.95239614146617,87.02386060795087,86.16630745581439,86.6397476196289,1728100
2017-06-26,87.03282813734008,87.03282813734008,86.15740513137825,86.20207214355469,1783500
2017-06-27,86.01445399181667,86.76481047402474,85.80899534632051,86.12165069580078,1505500
2017-06-28,86.5593879064359,87.28294716106458,86.44325640071975,86.47898864746094,1141400
2017-06-29,86.13954437760151,86.22887158875972,84.58522909471478,85.41598510742188,2109200
2017-06-30,85.71970218427312,86.13954758912197,85.53211298927823,85.7375717163086,1290300
2017-07-03,85.8179342294234,86.00552335898269,85.49635091725683,85.58567810058594,778000
2017-07-05,85.55888211829627,86.00552485795346,85.2462335635817,85.50528717041016,1441600
2017-07-06,85.16585058861378,85.3981067658476,84.21003521584724,84.71920776367188,1575500
2017-07-07,85.03186447742134,85.08545943635056,84.01351936639355,84.2189712524414,1570500
2017-07-10,84.24576947612337,84.48696042389304,83.58473998765139,84.21003723144531,2577700
2017-07-11,84.32614017575675,84.35293764638388,83.47751498628107,83.84376525878906,1764500
2017-07-12,84.39762418375071,84.87999239718751,84.12963578497198,84.433349609375,1553500
2017-07-13,84.63881913599948,84.97826524475116,84.32617050751388,84.62095642089844,965900
2017-07-14,84.76388260216834,85.43384690146794,84.57629341619196,85.1390609741211,952700
2017-07-17,85.03186082753902,86.53258095019963,84.79960465676709,85.93407440185547,1705100
2017-07-18,85.97874834510915,86.18420705414108,85.68396242941381,86.01448059082031,1138500
2017-07-19,86.16632035496185,86.8005522556985,86.01446345236879,86.59510040283203,1065300
2017-07-20,86.9166975869232,87.3990658467146,86.66657187692003,86.7469711303711,1111200
2017-07-21,86.43430177595843,87.55090858491481,86.43430177595843,87.49730682373047,1163200
2017-07-24,87.38120190298977,87.46160115530985,86.72017243106627,87.31867218017578,859000
2017-07-25,87.64917715927703,88.52459314718983,87.51518296902127,88.21194458007812,2067600
2017-07-26,88.21198123085614,88.57823171537841,87.71174331563591,88.36383819580078,2039600
2017-07-27,88.64964543939305,88.93549650849347,87.84568717778969,88.90869903564453,1699400
2017-07-28,88.70324531124406,88.89083443241866,88.05114395315688,88.43525695800781,1532100
2017-07-31,88.66754442080986,89.16778225411163,88.01544283220206,88.42635345458984,2250200
2017-08-01,88.40848218406823,88.64966631172187,87.8546426256243,88.08689880371094,1592000
2017-08-02,87.75638438776585,88.25662900915104,87.15788461036767,87.97970581054688,1717400
2017-08-03,87.92612677445443,88.23877545992657,87.64027557413272,87.6938705444336,1046300
2017-08-04,87.85463805248916,88.2744833780584,87.55092421753255,88.06009674072266,1013900
2017-08-07,87.93503828560003,90.23970999702802,87.83677632254835,89.802001953125,2231700
2017-08-08,89.63225455844616,90.5880764875283,89.38213573466747,90.27542114257812,2128900
2017-08-09,90.08787322593756,93.34836781902608,89.93601627279624,92.6962661743164,7523500
2017-08-10,92.02629113684657,93.24116025151106,90.41838094289352,90.83822631835938,4764900
2017-08-11,91.025791993016,91.40990502294493,88.44419749485232,89.01589965820312,3592400
2017-08-14,89.40894156069062,90.92753098516928,89.33748390095326,90.33795928955078,2687700
2017-08-15,90.65063148819154,90.7935536494196,89.7930712599082,90.25758361816406,1702400
2017-08-16,90.10570842384728,91.11511855831542,89.73052334432852,90.28436279296876,2034100
2017-08-17,90.35583482745416,90.4898290231212,87.68491293879676,87.82783508300781,4479400
2017-08-18,91.83870217043147,95.0902616275354,91.11514292221662,94.6168212890625,8925800
2017-08-21,94.14335780767526,95.5636852891692,93.83964401057204,95.1170425415039,3541900
2017-08-22,95.66195665497062,96.39445742804628,93.69673095788704,93.98258209228516,4659500
2017-08-23,93.7949979073034,94.19697374367168,92.9106469781558,93.3036880493164,3201200
2017-08-24,93.60740265243732,94.83120642773864,93.366211714091,94.69721221923828,2511000
2017-08-25,94.02723841548256,95.71554755104188,93.7235177861332,95.1349105834961,3170200
2017-08-28,93.79499630950718,95.41184120787402,93.169699060202,94.65254974365234,3841500
2017-08-29,94.5987582758181,95.44115185094024,94.27613975075712,94.7242202758789,1826500
2017-08-30,94.67940622702363,95.36049046696986,94.24028927364768,94.68836975097656,1805000
2017-08-31,94.99309703436252,95.9788730889836,94.69736216682576,95.88029479980467,2085000
2017-09-01,95.88923381666028,96.9467041453213,95.6383098127689,96.72266387939452,2360600
2017-09-05,96.30149109902489,97.09907409763436,96.23876008240956,96.74060821533205,1632600
2017-09-06,97.063244252563,97.3231318929636,95.76381288772926,96.8481674194336,1520400
2017-09-07,97.28727468228224,97.44858399995312,96.38215663489916,96.99154663085938,1467900
2017-09-08,96.96463266126156,97.54713876998406,96.5434426684727,97.51129150390624,1387900
2017-09-11,97.84288338062188,98.43434623718989,97.35895549588396,97.44857025146484,2548000
2017-09-12,97.269323301511,98.21925184726356,97.269323301511,97.5919418334961,2438400
2017-09-13,97.95040698283756,98.55083325450812,97.84286519382954,98.27302551269533,1302600
2017-09-14,98.04897470895652,98.6045901328672,97.72635621377228,98.586669921875,1227900
2017-09-15,98.90932433974866,99.46493996545232,97.81600646867383,98.29993438720705,1896800
2017-09-18,98.6135736541966,98.85553415606766,98.31783883411318,98.81968688964844,952300
2017-09-19,98.81966290643658,98.96305193731342,98.56873893956738,98.891357421875,1061900
2017-09-20,98.90929836580776,99.3573788945041,98.07586830894591,98.7838363647461,1438200
2017-09-21,98.54187994757366,98.67630548848108,96.95567770893352,97.00944519042967,1402700
2017-09-22,97.34998458822284,97.82495574740828,96.15809543874605,96.40901947021484,2173300
2017-09-25,96.59721376132023,97.10802535698924,96.4448680026676,96.76748657226562,2025000
2017-09-26,96.7943606548159,97.0452846645385,96.06846552707096,96.74954986572266,2833200
2017-09-27,96.87501777108476,97.46648740474193,96.27459144879664,97.25140380859376,1231000
2017-09-28,97.0542737431605,97.26935054566928,94.99309997118262,95.30675506591795,2542200
2017-09-29,95.67418737888195,96.92881463288612,95.261953979469,96.64203643798828,2531100
2017-10-02,97.01840444324785,97.53817269487408,96.59720762430064,96.96463012695312,1151800
2017-10-03,97.02738087816736,97.58300334517864,97.02738087816736,97.18869018554688,1316900
2017-10-04,97.72636587668912,99.24983693678917,97.40374734960528,98.5239486694336,1864600
2017-10-05,98.48809951160132,99.07060555413656,98.40744146279928,98.59563446044922,1082000
2017-10-06,98.3267987191429,98.75695222591187,97.98625311935352,98.34471893310548,1212000
2017-10-09,98.3447330690367,98.63150439382504,98.00419425746549,98.24615478515624,1228200
2017-10-10,98.55980576771736,98.8107297944528,97.8159903762038,98.21029663085938,852100
2017-10-11,98.43432581920648,98.73006060473077,98.1565180833804,98.33575439453124,1030600
2017-10-12,98.20135509233124,98.46124268502088,97.85185273872015,98.12069702148438,1799900
2017-10-13,98.45228410311262,100.1460284671268,98.17447627915136,99.47390747070312,1676300
2017-10-16,100.14601221868664,100.18185948647331,98.9003487210607,99.72481536865234,1243400
2017-10-17,99.48287070201,99.72483125164756,98.61359312194492,99.0347900390625,1238900
2017-10-18,99.19608810189374,99.32155012631756,97.8608029549768,98.559814453125,1447700
2017-10-19,98.09381450005996,98.3716223135307,97.60092989026244,98.30889129638672,1822300
2017-10-20,98.10276091654644,98.36264846714764,97.00944323373,97.50233459472656,1927100
2017-10-23,97.66368010932172,98.38060518375684,97.30521415351944,97.74433135986328,1260200
2017-10-24,97.51129021592445,98.81968464323188,97.44855921040858,98.79280090332033,1351000
2017-10-25,98.8376131392954,99.66207974874553,98.5866891135642,99.58142852783205,1948600
2017-10-26,99.617260020757,100.80914895425872,99.617260020757,100.1818389892578,1639500
2017-10-27,99.7696350248912,100.28941019821696,98.98997226490252,100.2535629272461,1644100
2017-10-30,100.02054666984716,100.21770321713169,98.3536863810178,99.33946228027344,1838300
2017-10-31,99.60831289388553,100.61200900311556,99.04372699527669,100.19977569580078,2255900
2017-11-01,107.6737553012226,111.84090569730444,104.97630853171232,109.43919372558594,7620700
2017-11-02,109.03592134848692,109.77973671572572,106.48186353518705,107.67375946044922,4197600
2017-11-03,107.92468456818578,109.33165726109183,107.36906220924938,109.07176971435548,2219300
2017-11-06,108.81188929678672,109.1076241283628,107.96053890703809,108.54304504394533,1331300
2017-11-07,108.10393150771496,109.5915624973289,107.95158573277897,109.5288314819336,1299200
2017-11-08,109.7797472617429,111.1239890649479,109.7797472617429,110.29952239990234,2227900
2017-11-09,109.93208704977522,111.30321252056936,109.33166071790026,110.92682647705078,1855300
2017-11-10,110.96267092440723,112.28002888041904,110.88201970448824,111.67063903808594,1859200
2017-11-13,111.84987393651662,113.80350556927912,111.63479716916828,113.2030792236328,2035000
2017-11-14,112.69225887053356,113.19410690106965,112.25314184381448,112.93421936035156,1431800
2017-11-15,112.36068010033809,113.02384425978404,111.60790803242664,111.67063903808594,1392200
2017-11-16,112.16353543162558,113.31957732537887,111.84987355207704,112.59368896484376,1444800
2017-11-17,112.45030824286827,113.05969812074984,111.74234008789062,111.74234008789062,2215300
2017-11-20,112.14561025163675,113.34646979601708,111.92156995517156,112.18145751953124,1674000
2017-11-21,111.84092109268568,113.30166139511348,111.7961102975792,112.46823120117188,1889400
2017-11-22,112.80878123218264,113.55259674715492,112.08289277190526,112.77293395996094,1561000
2017-11-24,112.91631317965636,113.4540085416498,112.91631317965636,113.08658599853516,870700
2017-11-27,113.0059219078647,113.32854047529094,111.72441116424577,112.15457153320312,1593000
2017-11-28,112.67434362128164,112.7639583682306,112.09183751036298,112.2979507446289,2022900
2017-11-29,111.93840159020816,112.35188880416122,110.87771461251508,111.3990707397461,2575000
2017-11-30,111.34516083976712,112.38786643411804,110.86874485919608,112.20809173583984,2857500
2017-12-01,112.11816432909175,112.60355721261466,110.94061784479858,112.15411376953124,1703300
2017-12-04,112.67549469732712,112.90021646850566,111.45300771347873,112.66650390625,1541900
2017-12-05,111.39009703984708,112.33393131644208,111.01256607239505,111.91145324707033,2491700
2017-12-06,111.71368496862084,112.06425038044156,110.57210139694187,111.8844757080078,1902800
2017-12-07,111.93841941023088,112.6665158313657,111.68673209714552,112.52269744873048,1635700
2017-12-08,112.50471387796485,113.16988841853494,111.9743669174016,112.92718505859376,1788500
2017-12-11,112.63956097625338,113.1249609222819,112.31596101223435,112.78338623046876,1322300
2017-12-12,112.45077529407284,112.64853155414843,112.10920066355588,112.3159408569336,1609200
2017-12-13,112.31594986202424,115.56993076493384,112.2710096180176,115.01261138916016,2379600
2017-12-14,114.75193694014575,115.255311549945,114.4642864683008,114.8867645263672,1588900
2017-12-15,115.58788036279051,116.6665420599622,115.45305279411691,116.51373291015624,2777800
2017-12-18,116.73846116624136,117.17892077497054,116.03733033825831,116.30699920654295,1693900
2017-12-19,116.17216929867324,116.69352544264515,114.5272043226743,114.9137191772461,1980300
2017-12-20,115.09347946239136,115.33618278023516,114.40133952587304,114.77887725830078,1143000
2017-12-21,115.19238939536751,115.83060534349453,114.60811820071636,114.6800308227539,827800
2017-12-22,115.1384277236402,115.16539323523844,114.37437517718192,114.8328094482422,747000
2017-12-26,114.8597785745855,115.965405732689,114.67101312949376,115.82159423828124,491500
2017-12-27,115.63281829615256,115.88450554835404,114.72494054388586,114.8328094482422,613800
2017-12-28,114.71596745514198,115.24631437923576,114.50022962603744,114.95866394042967,794100
2017-12-29,114.87779406341268,115.17442850381325,114.33845622342416,114.3744125366211,805100
2018-01-02,114.73394245699164,115.12047102058422,113.97888062718528,114.68899536132812,1288900
2018-01-03,114.6530438828224,116.6036270998904,114.32944400207812,116.51373291015624,2121200
2018-01-04,116.85531731263929,118.28454444025576,116.81037021664112,117.0620574951172,1904300
2018-01-05,117.05306890961188,117.42161587984836,116.59464146687968,116.84632873535156,1572000
2018-01-08,116.65759394073554,117.9789593831008,116.4868031573652,117.7272720336914,967900
2018-01-09,118.02390393945456,119.09358200927824,117.75423500922422,118.38345336914062,1249300
2018-01-10,118.02387269480052,118.02387269480052,115.30024602396055,117.1429672241211,1599100
2018-01-11,117.38565353824988,117.63734080848022,115.7317047007568,116.03732299804688,1250200
2018-01-12,116.10023869957372,116.39687303118131,115.43505743633914,115.533935546875,1466000
2018-01-16,116.13620320990049,117.20588098559575,115.47103557628866,115.65081024169922,1618900
2018-01-17,116.20817842724624,119.18349394793611,115.96547495442348,118.70708465576172,1613400
2018-01-18,118.84186225429303,119.05758636689896,117.55644664766238,117.73622131347656,1147100
2018-01-19,118.275575409873,120.86437484715572,118.04186968353544,120.85537719726562,1380100
2018-01-22,120.21715426841524,121.96998120367176,120.082312986671,121.2328872680664,1388000
2018-01-23,121.13402630215812,123.29136367223026,121.13402630215812,122.8958511352539,1317900
2018-01-24,122.98574566899228,123.68687654428456,121.4576265509112,122.47337341308594,1623200
2018-01-25,123.1115420512334,123.74974399773647,122.4823103190654,123.30030059814452,1115400
2018-01-26,123.03066815493447,123.9115873537983,122.10481557557873,123.7857437133789,1587900
2018-01-29,123.83069309039637,124.22620564450074,122.3655163125114,122.78799438476562,1374600
2018-01-30,122.2486305843168,123.32729222864006,121.5564837618725,122.81493377685548,1318300
2018-01-31,123.11154779107224,123.83964393780946,120.54073087690996,121.31377410888672,2024900
2018-02-01,121.46659576878756,122.6261538785281,120.34298710139606,120.9542236328125,2098600
2018-02-02,124.7115860146552,124.7115860146552,119.58791919544936,120.80142211914062,3279600
2018-02-05,119.91152869223612,123.18347705222068,119.138485269584,120.72053527832033,3610500
2018-02-06,119.45309350274816,123.81270096179736,118.36543419208232,123.34527587890624,3546200
2018-02-07,122.99469372331392,123.5969462884082,120.44185826997904,121.08905792236328,2835700
2018-02-08,121.46660782066434,121.88908581879576,117.96993784944056,118.16769409179688,3067500
2018-02-09,118.81487672143928,121.61041583172572,117.91598972412436,121.1250228881836,3029100
2018-02-12,121.71832186189116,124.02845488709252,121.71832186189116,123.1745147705078,2273400
2018-02-13,122.59023563021964,123.80372507022864,122.59023563021964,123.59698486328124,1740800
2018-02-14,123.30030005780344,125.835167404037,122.68006597453676,125.60144805908205,1693300
2018-02-15,125.8441881314754,126.3205971749846,124.00146691922176,125.51160430908205,2262600
2018-02-16,125.13406347152036,127.34531777820143,125.13406347152036,126.77901458740234,2087300
2018-02-20,126.50936298128887,126.78801576040472,124.9902417367646,125.2599105834961,1399700
2018-02-21,125.27788578331356,127.8307354704572,125.2599179174928,125.6823959350586,1965600
2018-02-22,125.93405527694954,127.00371912495712,125.49359577535223,125.97898864746094,1191500
2018-02-23,126.46444060595444,128.04647711824504,126.17679012230344,127.99254608154295,1065300
2018-02-26,128.1992610208806,129.1071456794841,127.92060824223384,128.801513671875,1119400
2018-02-27,128.5130854634849,129.11693940946589,125.78221722532815,125.98049926757812,1861800
2018-02-28,126.04364681074748,126.89985756934333,124.77284240722656,124.77284240722656,1616900
2018-03-01,124.61058141004284,125.52088018861056,123.51102211977204,124.8629379272461,2361200
2018-03-02,123.84451874802586,126.84577384740793,123.84451874802586,126.7646484375,1680400
2018-03-05,126.26895279317668,127.81012924507816,125.78225535922888,127.65691375732422,2085300
2018-03-06,128.12555358164585,128.99077188107614,127.71096007188768,128.59420776367188,2033600
2018-03-07,127.55778801239902,129.6577659831305,127.45864694932064,129.3783721923828,1627000
2018-03-08,129.42344912613402,130.16248949419273,128.68439500567266,130.1354522705078,1944700
2018-03-09,130.9105383685688,131.05474604875937,130.26161756011254,130.73028564453125,1814100
2018-03-12,130.6851781175291,131.5594179954726,130.40578441986824,131.01864624023438,1259100
2018-03-13,131.58648095142496,131.88390409975383,130.51395880356023,131.38819885253906,1163800
2018-03-14,131.38817981106152,131.72164795067815,129.72081160818297,130.76629638671875,1644600
2018-03-15,131.0277235208835,131.32514673747835,129.4144291416936,129.89210510253906,2244900
2018-03-16,129.91009390584276,132.10020463366786,129.91009390584276,131.82981872558594,1617500
2018-03-19,131.85684550555186,133.11862797354095,130.7302491047054,131.4602813720703,1787000
2018-03-20,131.5864979276567,133.72252092475497,131.49636468838946,133.56930541992188,1613700
2018-03-21,133.23585862240515,133.46117800441849,131.5955269201944,131.7036895751953,1237200
2018-03-22,131.4422662779818,132.41564732449046,130.09035044989733,130.23455810546875,1602600
2018-03-23,130.32470808987165,131.5233948428299,129.3332975208076,129.6036834716797,1672500
2018-03-26,130.82041803877513,133.75859136487048,130.82041803877513,133.57833862304688,1720100
2018-03-27,133.97482350469994,134.2181721507393,131.51434109108928,132.2083282470703,2150000
2018-03-28,132.7040616091104,133.92979916718798,130.93755222302255,131.61351013183594,2171300
2018-03-29,132.30746653225765,135.55205548527806,132.27140775086656,134.93919372558594,1666400
2018-04-02,134.67784138464629,135.60616952521093,132.0821724775667,133.0915985107422,1707200
2018-04-03,133.89377366028975,135.1014821236692,132.84828853419907,134.63282775878906,1816100
2018-04-04,133.43413066455437,136.4804391268319,133.38906404108698,135.6422576904297,1880300
2018-04-05,136.04782151214326,137.0121949364893,134.9031953573069,136.52549743652344,1378500
2018-04-06,135.86753923920745,138.0215912183434,133.97485159959228,135.41690063476562,1722800
2018-04-09,136.2550757549975,136.8949885957925,135.38084955361563,135.48899841308594,1683500
2018-04-10,136.99410998731307,137.87735763524452,136.3451894187604,137.26449584960938,1797800
2018-04-11,136.88599698640994,138.11173463103103,136.56153661717494,137.3726806640625,948000
2018-04-12,138.08466728006346,138.42714321834305,136.14691330940096,136.5344696044922,1864400
2018-04-13,136.5075038680081,136.81393493464202,133.01054257083203,134.11911010742188,2318500
2018-04-16,135.2997133167076,137.16536350748763,134.8671041610879,135.9306182861328,2030900
2018-04-17,136.75078567580562,138.43618339107286,136.19199821269385,137.9945526123047,1268100
2018-04-18,138.44518135423908,138.68853003153058,137.0932656507939,137.44476318359375,1827700
2018-04-19,136.77784636684555,137.6791237213376,136.21005098514829,136.8409423828125,1443600
2018-04-20,136.62465123860278,137.03022335811775,133.3349939051554,134.0469970703125,2484200
2018-04-23,134.60571378879578,134.76793703359095,132.48770752134038,133.3439178466797,1666800
2018-04-24,134.0649959034924,135.0924514564551,131.0907781178425,132.37059020996094,2164700
2018-04-25,132.10025631968034,132.3706285811505,130.5139990395677,132.0281524658203,2011600
2018-04-26,132.67700952318157,133.70446487932998,132.44266867285472,133.0194854736328,1201100
2018-04-27,133.11863329397133,134.38943738549253,132.54181646377987,134.05596923828125,1326800
2018-04-30,134.5967812235548,135.67831149456168,133.11868664428457,133.47018432617188,3015100
2018-05-01,133.04650766707996,133.30788570103013,130.6220703125,130.6220703125,3096200
2018-05-02,126.17877860174296,126.9809145727582,118.752251253178,119.50031280517578,7249300
2018-05-03,121.38400838777648,122.14109169815842,118.99562927542551,120.8792953491211,4397200
2018-05-04,120.39261620445625,123.31275943317227,119.92394818573403,122.3393783569336,2293300
2018-05-07,122.33037422835788,122.53767792628648,119.83384580194335,120.58189392089844,2285700
2018-05-08,121.05055371361236,123.718340611258,120.60893663176051,122.75396728515624,2376300
2018-05-09,123.45692497943908,124.23202378325004,122.39342467432904,124.20498657226562,2734600
2018-05-10,124.76382353668528,125.74622635180064,124.58357080766288,124.82691955566406,1691000
2018-05-11,124.82689876083704,126.44920055658407,124.62861666622352,126.35005950927734,2059200
2018-05-14,127.07112642191116,127.19730472851369,126.35010163315222,126.74666595458984,1621200
2018-05-15,126.64751582875752,128.16165539984422,125.73721676890858,128.1256103515625,2355400
2018-05-16,128.3418398044437,130.8383809549457,128.23369096478442,130.41477966308594,2500900
2018-05-17,130.3247053219195,131.2169610627259,129.97320771897142,130.59507751464844,2476700
2018-05-18,130.84742355729998,131.55944028072085,129.05389064499536,131.1268310546875,1795100
2018-05-21,131.8478823044488,133.27190243584803,131.22601236788142,133.19979858398438,1448700
2018-05-22,133.389047929188,133.9929021039847,133.05557971013334,133.28089904785156,1015400
2018-05-23,133.49719686305878,136.38129538890777,133.48818904041084,136.36326599121094,1684800
2018-05-24,136.0928671622707,136.53449797346246,134.68687682773316,135.6692657470703,1407800
2018-05-25,135.19156446590193,136.7687993846708,135.02031961719493,135.9306182861328,1243800
2018-05-29,135.38085016199423,136.37224680052287,134.65982567335632,135.30874633789062,1542700
2018-05-30,136.5375764962368,137.0797204901887,135.4352271525505,136.60986328125,1988000
2018-05-31,136.5737895931588,136.89004273155192,134.34198383309916,135.02870178222656,2903100
2018-06-01,135.71533117457284,135.9683280309832,132.18239207551397,134.0889129638672,1631200
2018-06-04,134.8118170546184,135.6340640366869,134.4865332917836,134.7756805419922,1717500
2018-06-05,134.85691775738275,135.2454436328542,133.347967635276,134.35995483398438,1629700
2018-06-06,134.17027902654485,134.24256583103107,133.1944278469282,133.9172821044922,1467900
2018-06-07,133.6913603099214,137.32367833696813,133.35703219253523,136.8990020751953,1594000
2018-06-08,136.84484905881422,138.45319286327793,136.60992723800862,138.29055786132812,983000
2018-06-11,138.3808757000603,140.68496756687802,138.34473919220693,140.09765625,1309600
2018-06-12,140.09763773252004,142.43786579787022,139.56453814153377,141.94090270996094,1613800
2018-06-13,142.30233005996797,142.42882849579925,140.16087354206593,140.61265563964844,1787100
2018-06-14,140.35061312433865,141.76017091253237,140.31446283950118,141.29031372070312,1003800
2018-06-15,142.17586601967326,142.9077509888491,140.94701786547105,142.790283203125,1591600
2018-06-18,142.79025901248562,143.48600735365324,141.3807009717902,141.90476989746094,1485800
2018-06-19,140.65789208823907,141.13678019758646,139.42001306452607,140.05250549316406,1463800
2018-06-20,140.91080291593585,140.9288780563615,137.72122310178503,138.3085479736328,1941400
2018-06-21,138.3808038369222,138.3808038369222,136.8447479858389,137.2242431640625,1218000
2018-06-22,137.9110096382173,138.80552938130097,137.16104969023584,138.18206787109375,1305900
2018-06-25,134.53171663341325,135.10999735667673,130.82709670209115,131.57705688476562,2880000
2018-06-26,131.64027457856548,133.17633100865118,131.57701846470567,132.58901977539062,1662200
2018-06-27,133.38414651946812,135.20031943608998,130.98970683747402,131.00778198242188,1465200
2018-06-28,131.00784636129885,131.00784636129885,127.17672720015302,128.8031463623047,3745000
2018-06-29,130.11326300894888,130.62830129292874,128.9024901204559,128.92959594726562,2230400
2018-07-02,128.51393538597569,129.12836622609697,127.5200230145294,128.97476196289062,1440800
2018-07-03,129.66148330052076,130.3662623855119,127.77303713143677,128.26095581054688,904000
2018-07-05,129.72474018648347,130.0951910911776,128.26095656593674,129.7066650390625,1848300
2018-07-06,129.11026886545687,129.11026886545687,127.32121587485588,128.6855926513672,1721200
2018-07-09,128.65852359176571,129.2910158613466,128.07121229586147,128.88441467285156,1377100
2018-07-10,129.09221943512446,130.8541807449486,128.65851245741672,130.6553955078125,1768300
2018-07-11,129.92346227097516,130.1764728767981,124.73701370380977,126.02007293701172,2648900
2018-07-12,126.5261412235835,126.90563667527864,125.04429593193068,125.45089721679688,1913500
2018-07-13,125.74900788462988,127.74589051266446,124.80026286938536,126.94171905517578,1414800
2018-07-16,126.86947267873153,127.89953547800911,126.3725095327428,127.35739135742188,1158000
2018-07-17,127.06825807353503,128.99284075036064,127.06825807353503,128.48684692382812,1723300
2018-07-18,128.98382171055113,130.0952020932176,126.32734009422238,127.59233856201172,1858900
2018-07-19,126.9236752340548,127.55616747119753,126.41768144434064,126.87849426269533,1315500
2018-07-20,126.95076936937656,128.52297603175464,126.5080179504983,127.47483825683594,1106900
2018-07-23,127.39356932332588,127.96280560755947,127.11345273488946,127.75498962402344,1008100
2018-07-24,128.24283845111307,129.3542321547195,125.95682251735585,126.12850189208984,1782600
2018-07-25,126.0472286550818,127.92664418484482,126.0472286550818,127.86338806152344,1388600
2018-07-26,128.2338408541165,129.11932998732064,126.13757889569276,126.24600219726562,1986300
2018-07-27,126.4447845766272,127.11341330423872,123.54433723960209,123.59854888916016,1981000
2018-07-30,123.60756832153768,123.7792477018992,120.93301259087649,121.13179779052734,3831700
2018-07-31,120.71620611043495,122.73115080783576,119.29760342265936,121.9269790649414,2730000
2018-08-01,121.375777343113,121.91790757600788,120.43606287975634,121.46612548828124,2198500
2018-08-02,121.44807647625898,123.88769724049992,120.8607514301384,123.55338287353516,1658300
2018-08-03,123.56242095220765,124.48406042048454,120.96015129462452,121.97215270996094,1750800
2018-08-06,122.32450061152603,123.15577784982402,121.09565300115231,122.05342864990234,1317000
2018-08-07,122.73115425667702,123.50822019311995,121.90890734271908,122.29744720458984,1147500
2018-08-08,121.9359872304503,122.2522402184754,120.25535725044784,120.28246307373048,1547600
2018-08-09,119.76744635783626,120.29151528721354,117.88803102785118,119.42408752441406,3087400
2018-08-10,118.56569957283966,121.42999653251933,116.3881064657454,119.9300765991211,1959300
2018-08-13,120.5174251957828,120.68006017137988,118.57475344548128,119.56867980957033,1934100
2018-08-14,119.9662185288349,120.58063554559853,118.68315906386226,120.2192153930664,1939100
2018-08-15,119.62287610108652,120.74330078691844,118.6831753035446,120.65293884277344,1956300
2018-08-16,121.37577545450657,125.57734329006982,120.0294598906036,120.68907165527344,3010800
2018-08-17,121.43904665770148,123.08354044044218,120.7433120148172,122.8305435180664,4549000
2018-08-20,127.50196804080448,130.99875771988775,125.7580816477232,127.0050048828125,6274500
2018-08-21,127.8272505547485,128.65852810784767,121.8817954374,123.4540023803711,5280900
2018-08-22,123.34554686143736,123.42687811968284,120.86978971944248,122.04442596435548,2844700
2018-08-23,121.27637786336612,121.41190696708983,119.36082633183428,120.29149627685548,3086000
2018-08-24,120.50836083874076,123.10159963803154,120.43607404352848,122.51427459716795,1983900
2018-08-27,123.08352835556732,125.86650801575396,122.88474310931848,124.91776275634766,1887500
2018-08-28,129.13740316189504,131.92038275391903,126.08335153278036,126.58031463623048,3226600
2018-08-29,126.9598190724113,128.41455819551877,126.60742953512678,126.83332061767578,2532300
2018-08-30,126.70648526490456,127.32257020014828,126.08133131167502,126.38937377929688,1808800
2018-08-31,126.24441861220951,127.3950641929878,125.75517546412574,126.95111083984376,2844300
2018-09-04,125.827623869363,126.79705470474995,124.939717407381,125.16622161865234,2389200
2018-09-05,124.468603556303,125.56487624065107,123.3813722391466,124.80382537841795,2126600
2018-09-06,124.31462134307716,126.53436063328476,124.15153106445392,125.64645385742188,1670300
2018-09-07,124.95786917869202,126.10851469668395,123.69850603921904,125.72798919677734,1687500
2018-09-10,126.33497985570948,127.1956930170535,125.48332188511183,125.52862548828124,1434000
2018-09-11,124.89443846272228,125.37462632630864,123.65318587643507,125.18435668945312,2047100
2018-09-12,125.67363559121291,127.08702002789822,125.06659198020652,126.59776306152344,1719500
2018-09-13,126.7427026410884,127.44033951979804,126.00883116952666,126.96015167236328,1110800
2018-09-14,127.37692458409516,128.4732112186583,126.7880190738224,127.68496704101562,1526500
2018-09-17,127.66685511253984,127.66685511253984,125.95448358482612,126.74271392822266,1877600
2018-09-18,127.20477491919829,128.11079187396388,126.25346817647171,127.11418151855467,1506600
2018-09-19,126.84237472464584,127.46752864060134,125.78233653769934,126.53433227539062,1201400
2018-09-20,128.1379969068596,129.40642919207687,127.17762095466864,129.18898010253906,1647000
2018-09-21,130.34865461187263,131.87077028185743,129.56042428662712,130.04966735839844,2544600
2018-09-24,129.39732716074212,130.88319417294588,129.07116055685742,130.10401916503906,1378900
2018-09-25,130.9285128875783,131.363411005346,128.6272357694613,128.72689819335938,1647300
2018-09-26,128.89904697805247,129.5332561353332,127.32257236590657,128.4097900390625,1200800
2018-09-27,128.74503546515297,130.8016843287554,128.69066282637428,130.57518005371094,1281700
2018-09-28,130.2218217309556,131.97044175924376,130.2218217309556,131.6623992919922,1631700
2018-10-01,132.07919311523438,133.3929153579772,131.59900508047133,132.07919311523438,1772600
2018-10-02,131.734838942753,132.48683455572407,130.56608333807998,130.74728393554688,1670300
2018-10-03,131.3814853081752,132.27844687691046,129.75066620097448,129.82313537597656,1252500
2018-10-04,127.58530128326184,128.59096672945836,123.17298975965122,124.25115203857422,3668900
2018-10-05,123.67136723099144,126.12668031164434,123.67136723099144,125.3112564086914,2395200
2018-10-08,124.94880887944495,127.10511995747062,124.42331735588776,126.82425689697266,1583700
2018-10-09,126.4981248635784,127.82997133592671,126.33504839336082,127.1414031982422,1253100
2018-10-10,123.45385737166674,123.9159348368208,117.6825341634009,117.69158935546876,5086200
2018-10-11,117.437900562728,118.26237922040656,115.65305316108947,116.04264068603516,3584700
2018-10-12,117.12985276683708,118.00869018358684,112.96217679925527,114.4480438232422,3715500
2018-10-15,114.84670474344908,115.27253379451788,113.60545909590384,114.03128814697266,2070000
2018-10-16,115.37220099165334,116.94867554212551,115.20912456818496,116.40505981445312,2275600
2018-10-17,116.49566282929504,117.29296218110994,115.66212888181664,116.7131118774414,1947700
2018-10-18,116.7221659233198,116.84900774397843,113.85009383612478,114.85576629638672,2347700
2018-10-19,116.1513748987908,117.65536641424204,113.65982818603516,113.65982818603516,1935500
2018-10-22,114.06754597866758,115.1366463554282,113.52393714066557,114.33029174804688,1819300
2018-10-23,112.7628831108059,114.42089599916952,110.47066104171604,113.52394104003906,2667300
2018-10-24,113.8682314706688,115.8614663618919,112.44578487435254,112.59074401855467,1905700
2018-10-25,113.14338282125152,115.49903218366056,112.4910564893974,114.52959442138672,1582500
2018-10-26,113.18869650276228,114.55678401656044,111.38572472902392,113.81385040283205,1621200
2018-10-29,114.38462742751064,116.65872474639798,113.34270666649104,114.57489013671876,2715700
2018-10-30,114.74705299245932,119.31337944463776,114.42994842891106,118.8875503540039,3522100
2018-10-31,129.8865908043281,132.57746225800727,122.55691697986916,124.5229721069336,5467100
2018-11-01,124.24211243407638,128.82655612404923,123.97030457613228,128.6000518798828,2738200
2018-11-02,128.98056727663118,131.9613568141585,128.98056727663118,129.6600799560547,2951700
2018-11-05,128.7178884165669,128.9081443135874,125.81862190737117,128.48231506347656,2896700
2018-11-06,129.0621035363145,129.92281681900954,128.2104454456426,129.0167999267578,1427700
2018-11-07,128.32831494483392,129.39742275701602,127.3135797940682,128.9625244140625,1234400
2018-11-08,128.5818998861463,128.65438288758443,126.94201172467506,128.37351989746094,1582000
2018-11-09,125.80953462183012,127.73935546203606,125.38370548033188,127.05077362060548,1962800
2018-11-12,126.9148784520908,128.82657510754615,125.32029331508582,127.83901977539062,2849100
2018-11-13,128.91711810412963,130.44828863343676,128.10170855377032,129.9137420654297,2160700
2018-11-14,130.33963084655318,132.42347310597333,129.9862847026529,131.22752380371094,2040400
2018-11-15,130.89232702674627,131.2366180419922,129.26149303969663,131.2366180419922,1690500
2018-11-16,130.60233090192628,132.26941250850277,129.15271215346425,130.48455810546875,2373700
2018-11-19,130.37582323161118,131.29090912633367,128.57285849197302,129.442626953125,1673100
2018-11-20,128.55474450050232,131.11877412832771,128.27388145791843,128.6725311279297,1666600
2018-11-21,128.95338558103828,129.4426286186412,127.3134972224958,127.44939422607422,1581400
2018-11-23,126.57960779755416,127.62152154310785,125.76418441759512,126.94200897216795,971500
2018-11-26,128.13797553344762,128.935274904039,126.93298510933391,127.68496704101562,2162600
2018-11-27,127.3678673120867,127.53094373083368,125.31120491909472,126.83332061767578,2628200
2018-11-28,126.7789692234651,128.03834629456048,126.05416658577091,127.02359771728516,2767600
2018-11-29,126.90541830607904,129.422809830304,126.57824823842796,128.59579467773438,2139900
2018-11-30,128.61395779585465,129.83175193975717,128.0232268211558,129.64999389648438,4825200
2018-12-03,131.06778848791745,138.97438500855347,131.06778848791745,138.72900390625,5296600
2018-12-04,138.13827731242827,138.13827731242827,130.92236771300503,130.9496307373047,3101800
2018-12-06,129.53193218427407,129.895448515694,126.0330285585058,128.4958953857422,3345700
2018-12-07,128.18685798609903,129.06839932629305,123.42471813877042,124.61524963378906,2599800
2018-12-10,124.03361354620554,125.89666523326656,123.02484016512156,125.39682006835938,1750000
2018-12-11,126.39653458114296,127.41439120823924,125.20600287610934,126.42379760742188,1521900
2018-12-12,127.81424216862268,128.74122648076104,125.95119049313274,126.07842254638672,1487400
2018-12-13,126.41469401738593,128.26864883944455,126.29654501120056,127.35076141357422,1581900
2018-12-14,126.54193038555616,127.08720470838064,122.6340686693346,122.8521728515625,2376300
2018-12-17,122.41593927641009,122.4795622351675,117.84465465074358,118.41720581054688,2769600
2018-12-18,118.6898560503951,119.40780539978152,117.9082837389438,118.96248626708984,1587000
2018-12-19,118.96248980417676,120.99821664196836,116.02705549003338,116.81771087646484,1795500
2018-12-20,116.31785732237095,116.80861246335564,112.22823808112528,113.51874542236328,2280400
2018-12-21,112.85532556624123,117.24484535019872,112.85532556624123,114.34576416015624,3562300
2018-12-24,113.90955264371014,113.92773261653258,110.91050195541794,111.29219818115234,858800
2018-12-26,111.8556530547337,115.34545880475412,110.54697243166218,115.32728576660156,1257400
2018-12-27,114.09130532836866,116.74501944872432,112.40092858789562,116.681396484375,1277700
2018-12-28,117.02674674967962,118.453562450107,115.66353321280408,116.8358917236328,1372100
2018-12-31,117.89916849210074,119.0079107584794,117.31753434148013,118.23543548583984,1233400
2019-01-02,118.05366254726566,120.3802129973051,117.66288338922408,119.90763092041016,1640100
2019-01-03,117.96279721280688,118.94430749008605,113.78229201705344,114.21852111816406,3863900
2019-01-04,115.85435339010704,118.8624859040468,115.44538737197227,118.07183074951172,2091400
2019-01-07,117.6174596041333,120.31660968559342,116.790444301382,119.50777435302734,2312500
2019-01-08,120.92547924128746,121.60708236089542,118.7534378548268,120.62557220458984,1989100
2019-01-09,118.88069556077106,119.4259837211404,115.66352730927598,116.1724624633789,2727900
2019-01-10,111.37398724504578,114.45483375162613,110.39247678269426,113.87319946289062,4445600
2019-01-11,113.85501972273124,115.07282128411664,112.79172018650198,114.454833984375,2895600
2019-01-14,113.8549985669004,114.64566078298006,113.51874542236328,113.51874542236328,2412700
2019-01-15,113.60963226468397,114.52751965409412,113.21884612189608,113.67324829101562,1579300
2019-01-16,113.90951519165588,114.89102539251704,113.03706399098787,113.75502014160156,1921100
2019-01-17,113.61871228155007,115.11824078632348,113.45512722769068,113.99132537841795,1477700
2019-01-18,114.74563659678836,117.35390751884776,114.60022457591144,115.90890502929688,2060600
2019-01-22,115.97252353645112,116.34513664770093,113.31881650130724,114.2912368774414,2207300
2019-01-23,115.60900866343138,117.8355836377254,114.36394412024754,115.31819152832033,2411600
2019-01-24,115.03645478222516,115.48176696648429,113.18249310044249,113.8095703125,2104000
2019-01-25,114.20943298692552,116.79953074959288,114.20943298692552,116.39057159423828,2393900
2019-01-28,115.89070398564792,120.08938172099693,115.19092782990252,119.9439697265625,3275300
2019-01-29,120.5710537240495,120.58923369120777,118.40809525152685,118.50806427001952,2939200
2019-01-30,119.68954932807844,122.21602471712052,118.71713572850769,122.12515258789062,3366100
2019-01-31,122.2978231534029,124.4971282881955,121.67074585562727,123.9791030883789,3369700
2019-02-01,124.7515693785484,125.14234856886968,123.46106894453528,124.25172424316406,2684300
2019-02-04,124.39711863146644,124.66974878736008,123.04299543244,123.75186157226562,2653400
2019-02-05,135.41184024584297,142.6913576722171,134.88473208954045,138.15643310546875,10521300
2019-02-06,136.14796022156534,138.3109187383062,133.59422254006992,136.54783630371094,3705000
2019-02-07,135.4118876297513,138.98348311027905,134.1577328235774,138.42002868652344,2775700
2019-02-08,138.42004143314958,140.60118103027344,137.69299490077495,140.60118103027344,2478200
2019-02-11,140.30124113311695,140.30124113311695,138.81988538186386,139.67416381835938,1757900
2019-02-12,140.70111733888217,140.81925249246254,138.93803441527533,138.97438049316406,1752600
2019-02-13,139.04708475426852,141.08281177164113,137.82929008521566,141.03736877441406,1594900
2019-02-14,140.0467198336945,140.64652001119222,139.1469987665725,139.3923797607422,1538600
2019-02-15,140.42845876033323,141.11914510715152,139.67414944969056,140.87376403808594,1509100
2019-02-19,140.2467138153652,141.6371835584562,138.4745339880185,141.22821044921875,1514500
2019-02-20,141.77347276972787,143.0003641386749,141.36451360249663,142.3823699951172,1740900
2019-02-21,141.90072429482262,142.6822966656431,141.42814210456356,142.25515747070312,1405600
2019-02-22,142.25518200617088,144.56355344086666,141.30093440890715,144.48175048828125,1336500
2019-02-25,144.83611060537004,144.83611060537004,142.72769222244247,142.9185333251953,1647100
2019-02-26,142.55505126646136,143.77284577048778,141.62806694421928,142.17335510253906,1966600
2019-02-27,141.69948402496678,143.48564241499992,140.678808182329,143.12112426757812,1319400
2019-02-28,143.15751902681723,144.67940329837396,142.24621008058176,143.0208282470703,1270200
2019-03-01,144.1873291411087,145.0895301700117,142.24623627838113,143.00262451171875,1158100
2019-03-04,143.8319519751266,144.49720388672347,140.68793759498948,142.42852783203125,2100000
2019-03-05,142.94798327831552,144.44253003603396,142.13691852392216,142.14602661132812,1480700
2019-03-06,141.86350669650673,142.1551323258266,139.42120462559217,140.23226928710938,1971200
2019-03-07,143.59496919534726,143.75899814459402,140.48740209465478,141.61741638183594,2405200
2019-03-08,141.45341726932935,142.8386111677488,140.6058924697031,142.20068359375,1852500
2019-03-11,142.1642417710697,144.00509033368976,141.71769523645864,143.54031372070312,1852500
2019-03-12,144.16909365747992,145.80945278237624,143.82280566284342,145.0986328125,2007200
2019-03-13,145.80944888822535,146.56583707298972,144.8708016734452,145.2991180419922,1172800
2019-03-14,144.92547594573188,145.88235322164545,144.00505881859027,145.8003387451172,1108100
2019-03-15,146.35625647578084,148.88969482498538,146.05552278469872,148.30645751953125,2133500
2019-03-18,148.04217741724494,148.8805802163163,147.194666532104,148.63453674316406,1055300
2019-03-19,148.98084171685852,149.26334537734576,146.24691379398615,146.44740295410156,1406300
2019-03-20,146.56582343312255,146.75719052991445,144.25109086037344,145.5269317626953,1715800
2019-03-21,145.18067652483302,147.64120875487473,144.497194577295,147.4407196044922,975200
2019-03-22,147.07619467285988,148.1150866289474,145.31737455033746,145.35382080078125,1033800
2019-03-25,144.92553386894227,146.06467062758358,144.515447416927,145.79127502441406,1160100
2019-03-26,146.7572569973967,148.41584674996167,146.19224962939123,147.45896911621094,712100
2019-03-27,147.49537660368532,148.7985418820355,147.16730478657706,148.45223999023438,1220300
2019-03-28,148.78947846851332,150.66677346679165,148.78947846851332,149.8374786376953,944700
2019-03-29,150.129090270387,151.05861568984986,149.65520556868643,150.86724853515625,1062100
2019-04-01,151.07681976242222,152.11571156835396,149.56404333636291,150.15640258789062,1080600
2019-04-02,149.6642831119289,150.09259948280044,148.06038417142395,148.74386596679688,805400
2019-04-03,148.95352664984654,150.21113813915127,148.5525482674318,149.7099151611328,897200
2019-04-04,150.20199946284612,150.36602845562385,148.17889178573236,148.60720825195312,852800
2019-04-05,148.96259245049032,149.43646317324104,148.4613696615488,148.99903869628906,733900
2019-04-08,149.16308996510548,150.30222651691187,148.57985260679965,150.20199584960938,1091000
2019-04-09,149.8192632564069,150.15645719791607,148.79860115459772,149.31805419921875,1062400
2019-04-10,150.01063177634947,152.03373963387412,149.40005618410223,151.75123596191406,977000
2019-04-11,152.80829598115983,153.39154712680974,151.94255515822886,153.13636779785156,1601200
2019-04-12,153.60116872761762,154.43957152452455,152.3526656655658,152.6625213623047,1215600
2019-04-15,152.47115231660865,153.22754068223207,151.40492213532534,152.27978515625,1077300
2019-04-16,153.1090511798673,154.9225614641538,152.51670577175298,154.77674865722656,1332800
2019-04-17,155.57870760850767,155.6516140131047,153.21842011976247,154.49424743652344,1425300
2019-04-18,154.77676582174666,156.1892979963684,154.448693922515,155.2233123779297,1131500
2019-04-22,154.94074582880995,155.578659289068,153.34595522542955,154.849609375,978800
2019-04-23,154.7129464597217,156.5629027803366,154.58536374469563,155.93409729003906,1122000
2019-04-24,155.68804601155543,156.3168515263558,154.51246337053954,155.3052978515625,730200
2019-04-25,155.56962554509894,155.77010080943134,154.3575824386964,155.2779998779297,738600
2019-04-26,155.82477942799505,157.43778684822357,155.34178662006542,157.2008514404297,819900
2019-04-29,157.04592354199673,157.84788012572753,156.06170789072954,157.16439819335938,1301200
2019-04-30,157.33751782644993,157.62003534110818,155.9978922750818,156.572021484375,1797600
2019-05-01,164.02654139083486,164.2179085281585,154.76763694973624,155.19595336914062,3354900
2019-05-02,153.8290102006758,155.3417869521874,151.90614705171205,155.15040588378906,2323900
2019-05-03,155.86122503099577,159.14194400087118,154.69475026514584,158.9596710205078,1314400
2019-05-06,155.66985165951166,157.31019717353888,154.0112621616046,154.9681396484375,2166200
2019-05-07,153.83813606231735,154.0841934914091,150.79436603384073,152.45294189453125,2514000
2019-05-08,152.29799539798026,153.82900214859885,151.4960527242995,151.9608154296875,2149500
2019-05-09,151.27732352739488,151.27732352739488,148.46138150507232,150.666748046875,1896500
2019-05-10,149.91037246670223,150.9492644613163,147.1582146227165,149.773681640625,2617700
2019-05-13,147.17646451559955,150.59387468237043,146.56588890112712,150.45718383789062,2437600
2019-05-14,150.86726390703686,152.80834334408362,150.6029764115643,152.18865966796875,1850400
2019-05-15,152.0063994966808,155.077507498556,151.77857216347397,154.89524841308594,1353000
2019-05-16,154.92257214739078,157.64739180466023,153.27310463352111,155.56048583984375,1714500
2019-05-17,153.85635249300685,156.59938851043927,152.71721585538063,152.753662109375,1769800
2019-05-20,152.27068562917174,153.50095889203178,150.94018168070127,152.53497314453125,1428500
2019-05-21,153.59204191074903,154.16617113953473,152.42556728165783,153.22752380371094,1194400
2019-05-22,153.4917813053414,154.01123415433514,152.4164432681216,152.70806884765625,1155100
2019-05-23,151.42312822450668,152.079271909879,148.7985534830175,150.8489990234375,1480400
2019-05-24,151.8970362837208,152.0975254538194,149.764575735011,150.51185607910156,1290300
2019-05-28,150.31136839662906,154.74944053991885,150.31136839662906,151.8423614501953,1776200
2019-05-29,151.414015604415,151.414015604415,147.240231771759,149.50027465820312,1529500
2019-05-30,150.22213060241373,151.7662931339899,149.8840505234276,151.31857299804688,1132900
2019-05-31,150.75211080120826,150.75211080120826,147.04245881185923,147.1338348388672,1401100
2019-06-03,147.48098719082353,150.71549368139188,147.28910318874725,149.98452758789062,1826300
2019-06-04,151.39163213243063,154.64441644555518,151.06269810402378,154.63528442382812,1588200
2019-06-05,154.6443802390654,155.32052612304688,153.20985846875757,155.32052612304688,1083200
2019-06-06,155.3296970630624,159.31344749836052,155.07386103032,158.92054748535156,1582800
2019-06-07,159.6332589302434,162.04543733988447,159.6332589302434,161.59771728515625,1083000
2019-06-10,161.85352877820202,163.16926479149032,160.93069274150082,162.6575927734375,990700
2019-06-11,163.10533864663572,163.48909275388357,161.4972242054989,162.17337036132812,1191700
2019-06-12,162.96829174123215,163.6444379101455,160.5012930371739,161.8809814453125,1237500
2019-06-13,162.88606576758815,163.22413188946797,161.3967233309464,162.5936737060547,1293000
2019-06-14,162.4931608477286,162.66676688635127,161.05865242177916,161.6160125732422,1300400
2019-06-17,161.98148867580204,162.98656892978914,160.87591433843667,162.29214477539062,1039700
2019-06-18,164.4210827346642,164.4393607240675,162.88606623328738,163.6809844970703,1541900
2019-06-19,163.20585086059685,164.85052132104036,161.9906225187697,164.30230712890625,1266300
2019-06-20,165.8372962871254,167.76521252065098,165.1794282112861,167.1713104248047,1356300
2019-06-21,167.15300771483126,167.4727957414409,165.30732177828057,165.66366577148438,1900200
2019-06-24,166.80581580579434,168.20378194282046,166.15709371188964,168.03932189941406,1096500
2019-06-25,168.03935518058628,168.5601593632061,166.62311077756917,168.07589721679688,1257800
2019-06-26,167.82921735534623,168.76119974631024,166.0566425321713,166.7510528564453,933600
2019-06-27,167.66472736303572,168.11244745795528,166.32158102029717,166.33985900878906,1386200
2019-06-28,166.84239599431183,167.60990419231632,166.52259394079996,167.30838012695312,1235800
2019-07-01,168.9256273358141,169.86674149284875,165.3164847977672,166.50430297851562,2152500
2019-07-02,166.76017281459517,169.57438383357973,166.70535278533276,168.12159729003906,1228300
2019-07-03,168.31349044450437,170.75307947287712,167.2261799985432,169.97642517089844,650000
2019-07-05,169.8575828529561,169.9398268160692,167.45455060372575,169.3550567626953,819700
2019-07-08,168.92560584471133,169.61088386849676,168.63321386239468,169.263671875,671000
2019-07-09,168.64237591338977,168.75201594620916,167.50024576479288,168.03018188476562,938800
2019-07-10,168.45958785506022,169.7570457529325,167.76517789256977,168.38648986816406,922700
2019-07-11,168.5966577517255,170.90832764349267,167.90223382274138,170.02203369140625,1283100
2019-07-12,170.15005039011817,172.3155255591139,169.7845741727601,170.6891326904297,875500
2019-07-15,171.22820885313843,172.55309146312558,170.67999454675189,171.12770080566406,938700
2019-07-16,171.85860626363635,173.45758848925715,171.04541014657283,172.79058837890625,1269900
2019-07-17,172.61698804358076,174.64541239190282,172.53475801535612,173.35708618164062,1013200
2019-07-18,173.2017939109301,174.3713343605679,172.4982376594689,173.8231201171875,764800
2019-07-19,175.95200222559652,176.31747828255044,173.89616803569044,174.36215209960938,1241000
2019-07-22,174.74589786576746,175.23015989220403,172.05960575412783,172.3611297607422,949800
2019-07-23,173.05557935512925,173.44847943243886,171.77639898207093,173.12867736816406,723500
2019-07-24,172.69921002348644,173.3022580864013,171.83119390130082,173.1012420654297,1196600
2019-07-25,172.11450019745857,173.4576468341274,171.2830397563967,173.18353271484375,785500
2019-07-26,173.77743041760166,174.45356270538278,172.1144818289061,174.39874267578125,686100
2019-07-29,174.76417238793758,175.81492643761064,173.69514035403927,175.48599243164062,918500
2019-07-30,176.04335354403398,177.93472757569114,172.16924344305596,172.67178344726562,1487500
2019-07-31,172.25152219095057,172.45253823323333,166.38554281474762,168.29518127441406,1925700
2019-08-01,168.56930484223534,170.99061556729296,166.7053403343995,166.98858642578125,1740800
2019-08-02,166.2941753884773,168.38655201024986,165.49925714339656,166.47691345214844,1233100
2019-08-05,164.33883553828036,164.33883553828036,158.2718402977226,159.49620056152344,1983800
2019-08-06,160.80276609602444,164.6037640010292,160.6382921321932,164.06468200683594,2354700
2019-08-07,162.83125180041327,167.29011936854366,161.68912140883924,166.83326721191406,1852000
2019-08-08,167.41803741372652,171.27387073101923,166.97033122312584,170.34188842773438,1310600
2019-08-09,170.26879827841847,171.1916345827609,166.2393590546082,167.76524353027344,1187200
2019-08-12,165.38050973902594,165.38050973902594,159.92569291569728,162.38356018066406,1801300
2019-08-13,161.38758433250428,167.6738600215669,160.1723560205641,165.18858337402344,1729300
2019-08-14,161.14088711844448,162.19164146194052,159.57844666767664,160.0078887939453,2164000
2019-08-15,161.04952926378795,162.6759219474934,159.61502063468706,160.29115295410156,2162000
2019-08-16,161.34189547418708,165.49010656620854,160.80281332167257,163.7540740966797,2451500
2019-08-19,178.35501007771128,185.33570776950356,174.8007022335006,184.24839782714844,5316300
2019-08-20,182.18347012865308,188.22305512505528,181.47078200616244,184.7509765625,3406500
2019-08-21,186.64237167054023,187.43728990923125,183.91039093484827,186.13983154296875,2360300
2019-08-22,186.54181173558567,187.60171172024636,182.8230297684115,185.0798797607422,1410500
2019-08-23,184.13882429219856,185.67385474794784,179.2961887709006,180.1367950439453,1816100
2019-08-26,181.9550569806686,184.5317095614499,180.48399263551795,182.8870391845703,1674700
2019-08-27,184.5956406085811,185.2443766625069,182.4484303688462,183.2433624267578,1238500
2019-08-28,182.50324889826513,185.08903298934044,181.8453808779624,185.0707550048828,1679900
2019-08-29,187.24087914385893,188.22061531494873,184.86018856962968,186.4351043701172,1608900
2019-08-30,185.75745992438857,186.27022044369625,179.77828106232536,181.2891082763672,2365700
2019-09-03,180.16289902462415,182.77250146507052,180.0164059601943,182.66262817382812,2012200
2019-09-04,184.47563329767144,186.7647536652192,182.34217143851512,185.6201934814453,2422600
2019-09-05,188.3487664940047,189.34681933197504,186.38012913678412,187.6894989013672,2111900
2019-09-06,187.7811391510472,189.99700617294417,187.6987341642243,189.566650390625,1899900
2019-09-09,189.53918522521275,189.6856922964652,187.1951279719065,188.0741424560547,1823000
2019-09-10,186.5724221204963,186.7921826593117,181.29829493403784,182.63514709472656,2317200
2019-09-11,181.73783976048983,183.12047740019764,180.4742548221559,180.62991333007812,1334200
2019-09-12,183.0380210047314,184.026922474834,180.40096438947015,180.58409118652344,1439400
2019-09-13,178.96338433715303,181.06937736122745,177.25112718652002,178.38653564453125,1746600
2019-09-16,177.2053756594429,178.01115045830892,174.2844559852347,176.30804443359375,1747700
2019-09-17,177.08633660662505,178.04776990408982,174.99866006042325,175.20010375976562,1596500
2019-09-18,175.30085820439157,176.03337961350496,173.8083610275292,175.82278442382812,1270500
2019-09-19,175.593845567727,177.92875109044587,175.593845567727,176.64683532714844,1263600
2019-09-20,176.50944258487394,178.35904120980754,175.65788280642158,175.72198486328125,2212600
2019-09-23,176.40874529213505,178.2675095960556,175.39237546329895,176.72006225585938,979400
2019-09-24,178.91764527771335,181.82941369833665,177.91959213427245,178.5513916015625,1656000
2019-09-25,178.55135365923712,179.31134314884974,176.43620908981944,177.06800842285156,1123600
2019-09-26,177.6173739492656,179.68674712439358,177.3426767876839,178.86265563964844,951200
2019-09-27,180.58407583380517,180.79467093392836,178.13929767320994,179.76914978027344,998800
2019-09-30,179.06412094786674,182.6809277596577,179.06412094786674,182.1681671142578,1321500
2019-10-01,182.1406873971618,184.42980725783147,179.805782344943,180.6115570068359,1183800
2019-10-02,178.91760785184002,179.4670022228265,175.18177642717723,175.83187866210938,1456000
2019-10-03,175.99673144986596,178.16681302526527,175.50227364048288,177.3610382080078,1352300
2019-10-04,177.81890279454305,181.7195736200908,177.81890279454305,181.4265594482422,969500
2019-10-07,181.20670666833692,182.177305140233,178.59711863935527,178.75277709960938,1117900
2019-10-08,176.95814340579977,177.62657656567907,172.75532206005138,173.139892578125,1443200
2019-10-09,174.49506955089765,176.41792222667775,173.71676305747707,174.98036193847656,1338600
2019-10-10,174.88876665483653,175.61212242173374,172.67290018848152,173.68927001953125,2292000
2019-10-11,175.42899392359317,179.23809289071903,174.55913113301878,177.4983673095703,1200900
2019-10-14,177.81888675230485,178.69791521686295,174.90713203359283,176.564453125,860900
2019-10-15,176.81163760279225,178.05691946429644,174.8796197288044,174.97117614746094,1241700
2019-10-16,176.3080192792743,176.50946295025034,173.0757830654489,176.48199462890625,1166200
2019-10-17,177.46168902613945,179.09154091106603,171.6931053796907,171.86708068847656,1914700
2019-10-18,170.9057247228176,171.1712705152979,168.33275560990592,169.8802032470703,3567000
2019-10-21,169.3948971344355,171.67486591486093,169.24839008641305,170.04501342773438,2219700
2019-10-22,171.74810187046666,173.69842260749942,168.90043603484824,169.4864501953125,1587200
2019-10-23,169.53225799325023,172.24258280242978,169.3399796961276,170.218994140625,1606300
2019-10-24,171.37267363874412,172.92927235907715,170.5852158430445,171.7480926513672,1451200
2019-10-25,171.2261933613632,174.32108838610546,170.68596433979016,172.7187042236328,1490100
2019-10-28,171.38185181881607,172.13268996117023,169.70621413272235,170.04501342773438,1689400
2019-10-29,170.3563067465832,177.122944651608,169.88016589253414,174.39431762695312,2569000
2019-10-30,176.44535911259985,178.22171839061886,175.81355978467772,176.96728515625,2993000
2019-10-31,170.6126911603741,172.06856810706478,164.86242291752194,170.55775451660156,4410600
2019-11-01,171.5375165742857,172.7278619324404,168.1404698509149,170.8416290283203,1709800
2019-11-04,171.32692679229797,171.5100536289096,164.596907266285,166.41905212402344,2322100
2019-11-05,167.23399638141373,169.72456074749252,166.354967910928,168.47927856445312,1687700
2019-11-06,169.4315148925574,171.7206350968389,168.85466610182152,171.2811279296875,1363100
2019-11-07,171.85797932315026,173.13072951366703,170.64016577843307,171.3543701171875,1476600
2019-11-08,171.87632187320196,172.93846311792623,170.28308904859244,171.4734344482422,932900
2019-11-11,171.54666760012873,172.14183324341516,170.38379066561598,171.46424865722656,809800
2019-11-12,171.96786390464027,173.103272555199,171.40016656520137,172.09605407714844,1037500
2019-11-13,172.10521459494387,173.0941021994351,170.58523547017907,172.215087890625,1017600
2019-11-14,172.94760994861198,175.58466685921871,172.56303944022517,175.3466033935547,1501100
2019-11-15,175.538906433006,176.0791354681412,174.14711738487597,174.879638671875,1365700
2019-11-18,175.0444384625334,177.12296347684722,174.89793141930411,176.61935424804688,1678900
2019-11-19,177.0405615345811,179.59521352559378,176.5735720727549,179.55859375,1270600
2019-11-20,178.87185276401465,179.93399388714687,176.00586988683773,178.79859924316406,1725200
2019-11-21,178.06606170369113,179.31134350077963,175.59381498096994,176.48199462890625,1610900
2019-11-22,176.49115050626196,177.39764704839448,175.8501997060226,176.88487243652344,864000
2019-11-25,177.54418152185843,178.5514001369451,176.1615577608602,178.27670288085938,1115200
2019-11-26,178.9450492756736,179.879013977293,177.54410920908305,178.93589782714844,1761600
2019-11-27,179.3306192260968,180.30359370176663,178.5228744949061,179.8721923828125,1500200
2019-11-29,178.82580843032446,180.23937240741472,178.1832653437454,179.4224395751953,631400
2019-12-02,179.04607500895915,179.74368993363257,177.92623274090306,179.53256225585938,1178400
2019-12-03,178.3392805529043,178.67891402106542,176.3933316258379,177.91705322265625,1459700
2019-12-04,178.85332572515708,181.99255091032265,177.9170611592397,181.62538146972656,1688100
2019-12-05,181.68042131525783,182.20363242347267,179.12865367938525,180.1842498779297,2172900
2019-12-06,182.25875231586687,182.55248789383413,180.7166825497886,181.6712951660156,784100
2019-12-09,182.4056300425504,183.31435877955164,180.68915643429872,182.38726806640625,1140700
2019-12-10,181.82733693952952,181.9925667036569,180.09250144964983,181.6712951660156,1755400
2019-12-11,182.2036713695132,184.17715641415552,181.73554607216417,182.2587432861328,1139300
2019-12-12,182.2495915585116,184.4250165671453,181.99257991217868,184.1496429443359,1114200
2019-12-13,184.49842189690597,187.031828021062,183.2867837466039,186.52699279785156,1017800
2019-12-16,187.9589313543931,188.8401100633887,186.1506619961646,187.27967834472656,1273000
2019-12-17,186.10475545760087,186.16901536366237,182.17613338026487,185.81101989746097,1901000
2019-12-18,186.4902935050824,188.0140153781754,186.26999181060788,187.19708251953125,1223100
2019-12-19,187.90385724319432,189.01451160391775,186.8757967532518,187.5183258056641,1213600
2019-12-20,187.78454794419676,190.90541171949187,187.78454794419676,189.8773651123047,3176800
2019-12-23,190.4372788879341,190.4372788879341,188.50050358392383,189.0604248046875,1240200
2019-12-24,188.97778950287295,189.3265829625528,188.39950638986403,188.5830841064453,327800
2019-12-26,189.0879461828031,190.51987207797148,188.7575006680656,190.2261505126953,1092600
2019-12-27,190.5749438381228,191.16240097427115,189.84063292249948,190.8778533935547,495000
2019-12-30,190.85949863059372,191.226668108362,189.05124322615816,189.45510864257812,680600
2019-12-31,188.8125528613394,190.106798826028,188.7115830199932,189.5835876464844,541500
2020-01-02,189.58362602696215,190.79526436840845,188.91356094751131,189.3266143798828,1138700
2020-01-03,187.73864205634104,189.59280947101473,187.00431707969048,187.89468383789065,1076200
2020-01-06,187.0777313395109,190.4647942591161,186.74728583501084,190.33628845214844,2428900
2020-01-07,189.0970803795547,190.1985745343051,188.33521965848703,189.13380432128903,1180600
2020-01-08,190.44641587658327,192.19961309679897,189.08792403338597,190.66671752929688,1614300
2020-01-09,191.87835163287963,194.6137114409037,190.10680635357252,194.5586395263672,1277100
2020-01-10,194.7146602311969,194.7146602311969,192.97982508047943,194.24652099609375,1212800
2020-01-13,194.2465461968614,195.9997435465856,193.17260182195284,195.94467163085935,1235500
2020-01-14,196.20168509877007,198.79935119507667,195.7610957627075,197.99159240722656,1434500
2020-01-15,198.26695358692575,201.1216311177956,198.26695358692575,200.5525360107422,1696500
2020-01-16,200.55251762155297,201.2868283996787,199.36841558057657,200.04766845703125,1623800
2020-01-17,201.07574331338137,202.32409142203113,200.46992422990084,201.82843017578125,1147000
2020-01-21,197.72542298097076,200.0385276890383,195.26543647409304,199.85494995117188,2104100
2020-01-22,198.5056186052019,199.75396674780188,194.1639430676793,195.1828155517578,2528600
2020-01-23,191.9242755334432,194.2098583385504,189.7396765934267,191.7223358154297,2781200
2020-01-24,191.84167464135453,192.38323390208757,187.5550704820123,188.48214721679688,2420800
2020-01-27,176.24646220548203,181.96500513165523,175.38364558033558,180.817626953125,4042600
2020-01-28,181.70797230644828,182.7819164753258,179.08277078049895,180.92774963378903,2035600
2020-01-29,182.3505490177035,183.86508283101972,181.69883195491644,182.414794921875,1446100
2020-01-30,181.45098206305704,182.65344625284055,179.11034160157206,182.35971069335935,1497600
2020-01-31,181.37759394758405,182.4698864847538,178.68813153359358,179.13790893554688,1620600
2020-02-03,179.61520069356666,182.9471921078616,179.02774350265227,180.09251403808594,2301600
2020-02-04,183.02975419840095,185.61824598971668,182.1669376073765,183.9660186767578,2252200
2020-02-05,186.8849614313776,187.48159247574677,184.08535590286132,184.79214477539065,2293800
2020-02-06,193.65904552923968,195.9262655905916,188.27096289260965,194.1638946533203,4056300
2020-02-07,192.6402276793239,192.7595595076324,187.83960066662289,191.8049468994141,3386200
2020-02-10,190.52905413221575,191.87835810209836,189.032868375147,191.54791259765625,1689900
2020-02-11,193.14510889639843,193.99876579859492,191.8783985281454,192.59437561035156,1468700
2020-02-12,194.00791155672349,197.35825074581712,193.82433382141812,197.15631103515625,2141100
2020-02-13,196.19249506795148,198.4321655132991,195.4857061863917,197.24807739257812,1818700
2020-02-14,197.78048723581145,197.90899304794547,196.26595344951176,197.35824584960935,1442800
2020-02-18,197.20219260515103,197.23891655281457,193.8426657041373,194.08132934570312,2122600
2020-02-19,195.0543179109205,195.95385860828873,193.1450786713448,195.6234130859375,1768500
2020-02-20,195.18280024628032,196.30264249253793,191.73149165494576,193.97117614746097,2379900
2020-02-21,192.72286318074643,193.33785632856515,191.5387608167006,192.08950805664065,1709000
2020-02-24,183.17665632830528,187.1603505925752,182.0292779798807,182.460693359375,2494300
2020-02-25,183.17660131171164,184.70032266223384,175.06234743020747,175.71405029296875,2767800
2020-02-26,178.07311401916712,179.93645527733466,173.62128056625477,173.74978637695312,2982500
2020-02-27,170.31731042234213,173.68537814278343,167.7038430941952,167.7406463623047,4176000
2020-02-28,162.67015325587337,169.0749891968855,162.36647363187083,168.9553680419922,4077000
2020-03-02,170.26208124376433,178.32334414494474,168.05350625541232,177.90924072265625,3350100
2020-03-03,177.26510303722353,180.03500893386902,171.92773028882158,173.36329650878906,3149900
2020-03-04,176.9430336905319,178.17614695590447,171.91855138285922,177.97369384765625,2815600
2020-03-05,174.08112042184598,177.73446010184577,172.49831266942672,174.49522399902344,2851600
2020-03-06,169.73758613204026,177.7160333281057,168.66091132444234,176.6393585205078,2384600
2020-03-09,165.09039172426253,167.81429743509966,160.97693421233186,163.7100372314453,3035900
2020-03-10,168.28357915345293,172.71912410737278,163.3511128601355,172.43385314941406,2340300
2020-03-11,167.9523008000911,169.82959047782785,156.03524503178377,158.74993896484375,3040400
2020-03-12,147.05373957750882,153.3849547411244,140.3084069130441,144.79916381835938,3958500
2020-03-13,152.10583389498225,158.78675763108814,144.57830858949882,158.4830780029297,2880600
2020-03-16,138.49554946851828,144.0077694159947,135.25631408083714,137.09678649902344,3512100
2020-03-17,139.33297491336768,146.73166823445322,129.69810018816332,141.4771270751953,3612800
2020-03-18,131.75942729214535,144.4770997558926,126.08157098037218,143.77772521972656,4214500
2020-03-19,138.52310133830156,150.0812613643893,128.68577785789194,144.02610778808594,4292300
2020-03-20,145.90349173045792,146.54765443612408,137.08762486807274,138.95570373535156,3681100
2020-03-23,137.8329942430151,139.84831402108054,129.1275665597897,132.8637237548828,2868200
2020-03-24,139.02929575211547,146.98933377907508,135.52319785054868,145.2408905029297,2702900
2020-03-25,146.2163532734357,160.87572564902345,144.15501879183805,154.37884521484375,2988000
2020-03-26,156.0720456624852,162.40326038014643,152.9156285886544,159.18243408203125,2553700
2020-03-27,154.12113349201914,155.32664050033492,146.38195879390722,147.863525390625,1882100
2020-03-30,147.58744692980343,154.5260198509186,147.35738794109463,152.0505828857422,1890000
2020-03-31,150.50464835510647,150.56905759386268,145.84825496456128,146.6304473876953,2209200
2020-04-01,140.82372474692724,143.12431492320417,139.010858564686,141.14581298828125,1822200
2020-04-02,139.70106223508137,142.74704196215828,135.58760509281828,137.30845642089844,1888700
2020-04-03,136.71951166718054,142.07527954673628,135.4219751347104,141.79000854492188,1589400
2020-04-06,145.6918134186649,149.07827616183556,144.50470076365878,147.6979217529297,1792900
2020-04-07,152.15181767208708,153.34812728673103,149.39110965753358,150.1549072265625,1827100
2020-04-08,150.5046490604701,153.45859970809403,149.1979152047942,152.51075744628906,1749000
2020-04-09,154.5812794284706,155.7407860757895,150.72548734206322,151.6825408935547,2976800
2020-04-13,151.03835499774948,151.03835499774948,146.98011044255907,149.28070068359375,1937100
2020-04-14,152.83283078656532,153.98312604413368,149.65801868401468,151.83897399902344,3991400
2020-04-15,147.2378302714699,149.98934227967774,144.23786453469845,145.2041015625,2103800
2020-04-16,145.77460901131758,149.4187362299716,143.84210751782388,148.9586181640625,3303800
2020-04-17,153.81748640170522,161.08736133551565,153.05370265683635,160.36036682128906,4430900
2020-04-20,158.22542194068535,159.173264148075,153.32975838566765,154.40643310546875,1805600
2020-04-21,151.84822471047266,153.3114114643809,148.0292487289036,148.25930786132812,1247600
2020-04-22,150.817508682274,153.91870015056654,150.48622309206397,152.7407989501953,1190500
2020-04-23,151.81134251574665,155.4370748047644,149.56596430376482,149.76841735839844,1976400
2020-04-24,150.30216445484126,154.59966537276,149.45554892470733,153.04446411132812,1278600
2020-04-27,154.35120308005895,154.7285032656299,150.44019950407457,152.1150360107422,2083900
2020-04-28,155.2530473339861,157.11191425043177,154.42482637243006,155.4462890625,1923100
2020-04-29,157.7100850018728,164.372586126533,157.4616172953291,162.7529754638672,2431100
2020-04-30,162.56892126405026,165.51367412910164,160.6732370459762,162.32965087890625,2442200
2020-05-01,156.97388708984752,165.12718009310805,156.97388708984752,158.7775421142578,2190300
2020-05-04,157.8481308738492,161.74072647781415,156.7530474339374,160.47080993652344,1348500
2020-05-05,162.11798493244524,162.78055601868294,156.17326785085822,156.38491821289062,1535600
2020-05-06,156.9002557953378,159.55973757530384,155.621128171929,155.99842834472656,1315600
2020-05-07,158.66715814801452,159.44936470343475,156.29294655482678,158.22544860839844,1399800
2020-05-08,161.2069761297831,161.96157657885513,158.75915842817383,159.33889770507812,1368200
2020-05-11,158.28068325258312,159.03528394763816,156.26536300403308,156.39419555664062,1345200
2020-05-12,157.277577771199,159.09964157877062,155.0045931549672,155.10581970214844,1242500
2020-05-13,153.54144155071393,155.01381129467936,149.08748691786053,149.7776641845703,1742900
2020-05-14,147.2377902738534,151.5537002479261,145.62737694273312,151.0935821533203,1712400
2020-05-15,150.67950876472975,157.15796665207714,150.02613476157796,155.89724731445312,2507300
2020-05-18,158.27148976215116,164.87878147086852,158.27148976215116,164.03216552734375,1704300
2020-05-19,164.05050461887794,164.67625846936062,160.56280169969233,160.6548309326172,1711100
2020-05-20,162.42169261608734,165.48608090965433,162.13642163493353,165.41246032714844,3102000
2020-05-21,165.4492603446907,166.56275232587583,163.2038958100135,163.69161987304688,1269700
2020-05-22,164.37256619908078,164.6302311814107,162.78056169218067,163.98606872558594,1031800
2020-05-26,169.13022333699865,171.8909322359922,167.92471603110877,171.5596466064453,2354000
2020-05-27,174.70684232051246,178.39698430359948,173.39089729701936,178.12091064453125,2088800
2020-05-28,178.7743059994187,183.1730342933059,176.8602128525281,177.1270751953125,2096900
2020-05-29,176.81417938370768,182.9429557236112,176.66693822463552,181.7190399169922,2937300
2020-06-01,183.27425744411713,185.63006002989147,182.60247486234772,184.4429473876953,1452100
2020-06-02,184.66381883946937,187.047227514903,183.74358252848876,186.51348876953125,1582800
2020-06-03,188.3539215474366,188.6484038446682,185.63922781264375,187.02879333496097,1405400
2020-06-04,186.9643676820975,187.5901355348886,184.17605340856144,185.077880859375,1288000
2020-06-05,187.08401818359283,190.04717980623113,185.4367875582116,188.8048553466797,1404900
2020-06-08,187.26806182089115,189.007307631909,185.8140869777704,188.5011749267578,1211900
2020-06-09,186.8447489991311,187.43369959641535,184.0564344793036,184.70980834960935,1058900
2020-06-10,185.42760692876791,185.84171043863296,183.55952843887545,184.4429473876953,788100
2020-06-11,180.7067644668948,180.9828381144039,173.81420483559867,174.10867309570312,1241200
2020-06-12,176.446077432598,178.268141005398,172.92157143338773,176.1147918701172,1865200
2020-06-15,173.05956573289254,176.29880011914324,170.78658187580504,176.1699676513672,822100
2020-06-16,181.038093405403,183.0166099851214,178.0657339232673,180.5503692626953,920600
2020-06-17,180.2374519178775,182.04112094038587,179.0779594302081,179.6208953857422,1074400
2020-06-18,178.8662687454893,181.25888798783149,178.26812095574735,180.50428771972656,910300
2020-06-19,183.9552317841783,183.9552317841783,174.9553218430796,175.1209716796875,2418200
2020-06-22,175.9123094162743,178.01964358552567,174.3202910960694,176.924560546875,1478500
2020-06-23,178.16690324340112,179.70369577087982,176.92457895196569,178.81106567382812,1267500
2020-06-24,178.06572710181996,178.51664795155716,172.28664416210916,172.7743682861328,1832000
2020-06-25,171.69766408745195,172.8663679400764,168.60567003413345,172.03814697265625,2111200
2020-06-26,173.32648617456377,174.4767813733817,168.7160940310202,169.45228576660156,1488400
2020-06-29,170.49216244834622,170.97988650455352,169.24064067124883,170.8418426513672,892700
2020-06-30,170.77743370866378,174.13629018319574,170.33572426943837,173.63015747070312,1339500
2020-07-01,174.6240273707035,175.7099134574921,173.47373204749448,174.22833251953125,828500
2020-07-02,177.2006680538302,177.94605707711943,175.52584558843895,176.32644653320312,846600
2020-07-06,178.5258450998524,179.17921906180968,174.80809656580814,176.7037811279297,1507000
2020-07-07,176.57491010055827,176.57491010055827,173.91542829196908,174.03504943847656,1670600
2020-07-08,173.43694811075403,174.3479871633096,170.68543633588277,173.56578063964844,1474200
2020-07-09,173.82343145860222,175.9583863816149,172.56271224043005,172.82957458496094,996400
2020-07-10,173.23447364538734,175.0657488334867,171.62406021176488,174.5596160888672,804300
2020-07-13,175.54423680941753,177.82643249200515,174.1086707120507,174.60560607910156,862100
2020-07-14,173.94302417628683,180.5135090899476,173.62093593827208,180.25584411621097,1355800
2020-07-15,183.0257802190948,185.45520326475392,182.1883618935333,183.61473083496097,1610800
2020-07-16,182.77731734014415,183.541115103698,181.64543069757937,183.25584411621097,938200
2020-07-17,184.13927353234408,184.2588946927854,181.64542719382308,182.2067718505859,1014100
2020-07-20,181.26811929630145,181.53499565257144,179.63010001479455,180.67916870117188,648600
2020-07-21,181.77427966490228,182.12397396080297,178.6730877513366,178.95835876464844,769900
2020-07-22,178.83869570299788,180.246655933896,177.84483894441868,179.97059631347656,624300
2020-07-23,181.08408525728797,181.8846862886504,178.01969690876504,178.61785888671875,774600
2020-07-24,177.31108934317157,178.51661045866442,175.11172557206558,176.4552764892578,965300
2020-07-27,176.99822541086905,178.10250603050784,175.8111269041376,177.45834350585938,855500
2020-07-28,176.36326740218877,177.79884771225926,175.2497894301437,177.2375030517578,933100
2020-07-29,177.23748562388934,177.9460573394472,175.13934835461572,175.65467834472656,1371300
2020-07-30,174.4675941568418,178.40620433903374,172.77436275998556,177.63320922851562,1640500
2020-07-31,177.63321700513248,182.01353686485945,177.00746304303948,181.78347778320312,1557200
2020-08-03,183.27424384350311,183.752756554566,181.7006337727631,182.3632049560547,947100
2020-08-04,182.41839035201247,184.04721211086624,180.7527653290792,183.5134735107422,847500
2020-08-05,184.04724128243885,186.25580256115205,183.1546110388838,185.18833923339844,1226200
2020-08-06,184.8386788246257,184.8386788246257,181.65465478911753,183.347900390625,945000
2020-08-07,183.00735090962817,184.49814295786487,182.41840036022867,184.03802490234375,1312000
2020-08-10,183.63310876092171,188.6483924844888,183.2190053418543,188.1790771484375,923800
2020-08-11,189.63308013305107,191.70361157932825,189.23737126608373,190.7281494140625,1057300
2020-08-12,191.40913236000296,195.8262689920334,190.20362516729068,194.6299591064453,1382400
2020-08-13,196.93055287778037,199.9857438960826,195.32933678535431,196.35079956054688,1192200
2020-08-14,194.9796251078502,195.78022600404475,194.51950706788773,195.17286682128903,851700
2020-08-17,196.91213614967185,197.4090715559845,195.47656993888407,196.90293884277344,905700
2020-08-18,196.148328146256,197.54709101445093,195.65140680767695,196.27716064453125,964200
2020-08-19,196.11151548009585,197.25261329705225,194.0225756051786,195.5501708984375,1296400
2020-08-20,182.0779305103825,184.0472353671433,178.6546508092184,182.45523071289065,4320600
2020-08-21,185.6852760812008,191.3447236056081,184.56258669247975,190.49810791015625,3228200
2020-08-24,194.87843222405297,198.4857565951776,194.09622580438983,195.6146240234375,1727900
2020-08-25,196.12995831678597,198.36612568549185,194.01341211336532,198.2464904785156,954200
2020-08-26,197.8507993470579,200.4734783504279,197.6483462429954,199.39678955078125,1469600
2020-08-27,199.50722226513065,200.59309430260527,198.6330006339672,199.14833068847656,1018700
2020-08-28,199.39737027524652,206.16691693696876,199.39737027524652,205.6043243408203,1372900
2020-08-31,206.04701630989229,206.8032802000944,202.24720506052813,204.4883575439453,1917700
2020-09-01,201.8413960653075,205.31838863761055,201.02056575096452,203.81507873535156,1710300
2020-09-02,204.5620720619547,205.80714384131576,204.19315095951723,204.7096405029297,1539600
2020-09-03,204.94030247401767,205.92713695900252,199.4988298834597,201.11282348632812,1523200
2020-09-04,201.7860129471105,201.7860129471105,195.66206284004983,199.4157562255859,1567300
2020-09-08,197.11930508481197,200.0798361539358,196.07713611511576,199.23133850097656,1531000
2020-09-09,200.22739480357043,203.10490966562185,199.88614095028055,201.52780151367188,1387200
2020-09-10,202.47773683115076,203.418468192005,197.32218503191507,197.9216766357422,957400
2020-09-11,199.38812253149,199.8400316474875,196.7042788745429,198.00469970703125,851300
2020-09-14,199.6739953911313,202.66219327523885,199.28663875163815,200.5132751464844,683100
2020-09-15,202.03504395459305,203.16022884912627,200.6792886156539,200.83607482910156,798500
2020-09-16,201.3156550115955,202.7175271823953,200.301139478865,200.3749237060547,693000
2020-09-17,198.74251618352957,201.14044049260607,197.7372182955947,198.94541931152344,543900
2020-09-18,197.34989359457953,199.16679021599072,194.96118665047857,195.8834686279297,1067000
2020-09-21,193.2180194454664,194.93346399964057,188.3575908631559,191.6778106689453,983000
2020-09-22,192.78458681741913,194.97962226991845,191.58561751799752,193.5224151611328,767400
2020-09-23,194.50004233189568,195.26553804882343,191.22593855341583,191.493408203125,705800
2020-09-24,190.70941990080163,196.12320929159375,189.4182310748061,194.1034240722656,1015600
2020-09-25,192.94139043058243,198.77943714438803,192.62781792995688,198.47508239746097,1011400
2020-09-28,200.2366036247734,200.92831497983025,198.26292112126063,198.9822998046875,873900
2020-09-29,200.9375242875296,200.9651916147369,196.1969965630036,198.08767700195312,957900
2020-09-30,199.0376397239392,202.87433551892613,198.6410652915483,201.2880096435547,1039800
2020-10-01,202.61613539243723,203.42774805801355,200.4395493034969,202.46856689453125,897000
2020-10-02,200.27350269966385,203.6029408175745,199.01919879192977,201.7583770751953,722900
2020-10-05,204.43300472182355,205.7241937235471,203.0311323250204,204.79269409179688,819700
2020-10-06,204.7465812840012,205.6873127600438,199.9876033144975,200.7438812255859,892400
2020-10-07,202.36708464652608,204.8756924391707,202.0442944382892,204.26698303222656,775500
2020-10-08,204.9679090547704,207.33816592535297,204.1009619248247,206.78480529785156,778200
2020-10-09,207.12608167061748,208.68474041515515,205.21695128234077,207.14453125,740200
2020-10-12,208.83229254592536,210.8336567363049,207.1445289828991,209.37644958496097,817800
2020-10-13,206.71105038444537,207.71633429562172,204.75580315249545,205.68731689453125,854200
2020-10-14,208.26969608209956,208.26969608209956,204.25776436768004,205.5212860107422,855300
2020-10-15,204.24852286973797,206.2683080841905,203.2247895627046,204.63587951660156,893800
2020-10-16,206.0931171345624,208.0944671452016,205.2907223214538,206.71104431152344,936300
2020-10-19,207.16293629512128,208.71237705858988,204.16552040341543,205.0601348876953,732200
2020-10-20,206.54495634997497,209.96662719264484,205.4013362011764,208.17739868164065,587000
2020-10-21,209.08128882079544,215.64794504429108,208.13133965820944,214.56886291503903,1220800
2020-10-22,214.04315750183417,216.5148659208284,212.9179726027687,214.5411834716797,858200
2020-10-23,215.83241105578472,217.5109567715892,214.39365356426524,216.9483642578125,685700
2020-10-26,214.1907108843211,214.91008949728547,209.62540512979083,214.1261444091797,1183200
2020-10-27,215.37120688309653,215.37120688309653,212.45679359938728,213.0931701660156,983100
2020-10-28,209.18271935309943,209.911329809066,203.270890017812,203.40924072265625,1069400
2020-10-29,203.40926699342805,207.79932357982955,202.09039661600409,205.7979736328125,1039900
2020-10-30,204.2854352130833,207.42118795739543,199.44345537168968,202.58843994140625,1411700
2020-11-02,215.3897200849529,219.33709977205223,203.28938542259527,206.45281982421875,2442300
2020-11-03,208.4910345660791,209.8652396007332,204.248546463057,207.3197326660156,1654800
2020-11-04,209.2011850391618,212.9640965196912,207.94688121231863,210.0496826171875,976500
2020-11-05,213.04708843223895,219.1618210581036,211.88501847067184,218.45166015625,1397400
2020-11-06,219.6045145378096,221.21850764795224,217.0405723229581,220.09332275390625,945500
2020-11-09,229.62053581371768,236.16874321933489,226.8813573250583,227.07504272460935,1912900
2020-11-10,227.54537700405317,230.78258120066664,227.06578650617945,228.1264190673828,1478600
2020-11-11,230.00785378808865,231.5665122563344,228.21862487360303,228.93800354003903,1251900
2020-11-12,228.61520819430572,231.2898196811032,227.748261084365,230.10008239746097,888300
2020-11-13,230.57047929440765,235.73526365976448,230.2107899096246,235.28334045410156,919500
2020-11-16,238.6404222509933,239.58113958012967,233.21740061593135,238.2622833251953,1291800
2020-11-17,235.38475853989905,239.30445613025165,234.38869252230813,236.98031616210935,990500
2020-11-18,237.4137916908188,237.71813229854948,230.78256927031853,230.86558532714844,1160500
2020-11-19,226.83521819155945,227.68371580480587,220.36079566418508,223.1184234619141,2594500
2020-11-20,223.53343301340067,225.3779965940149,221.3937465777979,221.86410522460935,1327100
2020-11-23,222.72184573711272,223.13686974890936,219.15260546069192,221.07095336914065,1677100
2020-11-24,222.2975793619375,227.53614726222503,221.947107777393,226.70608520507812,1424700
2020-11-25,227.9972746741883,229.4913665866235,227.22254731875665,227.66525268554688,1074400
2020-11-27,227.70224655064524,228.33999255504685,223.69093418779835,227.3140563964844,631300
2020-11-30,225.36382039456137,227.35098700530693,222.0549458360276,226.7409820556641,3488100
2020-12-01,231.28833970349663,231.85214255391733,226.9535297048299,228.45083618164065,1523300
2020-12-02,226.53764237138896,228.61724123978047,225.71504604979697,226.7409820556641,932300
2020-12-03,225.87221302219655,229.32896011296108,225.63189474739636,226.87042236328125,1019200
2020-12-04,227.3048168105636,227.9333252625644,223.26577737186895,225.63189697265625,1140000
2020-12-07,224.49504994615356,227.4619510922195,223.6816910568774,227.1476898193359,1022900
2020-12-08,226.24191473286,230.1700466979296,225.72432783632516,229.6616973876953,1018600
2020-12-09,229.3012369472628,230.4380947197932,226.75026688104867,227.9702911376953,1228400
2020-12-10,228.2198383010818,229.73563450347507,226.7594958214419,227.859375,1042600
2020-12-11,227.1476653195986,229.17181063506337,225.51172423446107,227.138427734375,778900
2020-12-14,229.58769046530975,230.84469290828144,228.1735644798643,228.7096405029297,1278500
2020-12-15,231.12204737306857,233.026033848211,228.7559277106319,231.4362945556641,1260200
2020-12-16,232.4899419755892,239.54211255418844,231.4917467691719,239.08920288085935,1659000
2020-12-17,239.03379219060028,245.4389521179851,239.03379219060028,243.8492126464844,2341300
2020-12-18,245.1061926984148,246.81609106685625,239.66225042259168,241.52003479003903,2868000
2020-12-21,237.27766112596592,238.03556631088185,231.7967542761579,235.24427795410156,1931100
2020-12-22,235.64170540281097,239.3480084251976,235.2720045004908,237.96160888671875,940700
2020-12-23,238.99675813763764,241.98214832469156,237.4809761319679,239.96725463867188,600500
2020-12-24,241.52932149409975,241.8158418442201,240.24457755756904,241.18734741210935,285500
2020-12-28,244.3483163429484,244.79197439227963,242.5644888678511,243.83998107910156,622500
2020-12-29,246.73291260583215,246.96397919257436,242.77705376906113,242.8509826660156,732300
2020-12-30,243.46101330721913,244.26512055393744,242.01915999454383,242.7308349609375,555100
2020-12-31,243.0082062274066,246.46495456053907,242.1671201696868,246.03054809570312,700600
2021-01-04,241.27968686882343,244.60705092168433,234.31072573439903,235.67864990234375,1909900
2021-01-05,235.67867898260567,239.3480033754336,235.65095212067592,239.22784423828125,1387800
2021-01-06,237.09279186713897,241.52003554257217,236.88945214366848,238.77496337890625,1295000
2021-01-07,241.32592489369856,241.74182778475193,237.4347718567718,238.71023559570312,891000
2021-01-08,240.33696531891428,241.2982101705301,237.9523706711707,240.9839630126953,939900
2021-01-11,239.10773520031069,240.03200162442263,236.63993143712773,238.56239318847656,904000
2021-01-12,238.23889550545255,239.84710987510863,235.9189780178092,236.06686401367188,1254000
2021-01-13,234.56955963015457,239.0707465150101,233.4327159255625,237.2222137451172,1178100
2021-01-14,238.81190315931215,238.8303783288572,230.8447189955312,231.0850372314453,1072500
2021-01-15,230.60442516511316,232.1202212233136,229.3381849387483,230.262451171875,2122400
2021-01-19,230.1423275143897,231.16826375538852,227.25862093566255,229.6247406005859,1714800
2021-01-20,232.72100980861464,236.32565690770195,227.36951403728472,235.89125061035156,1294800
2021-01-21,235.60470256569567,239.28329222938345,234.4770966632041,235.93743896484375,835800
2021-01-22,236.27021738726452,236.82478285220793,230.80779973935876,230.9094696044922,1161500
2021-01-25,231.2883769219036,233.09993076011756,228.672701906629,231.0850372314453,1072000
2021-01-26,230.80776801680028,231.26066355436365,226.2603797800952,226.73175048828125,989000
2021-01-27,224.1622811659995,225.0680580963742,214.40203231531655,217.9881896972656,2597300
2021-01-28,219.8089974138382,228.49709416957324,218.37638196390765,226.5191650390625,1503200
2021-01-29,225.13281959264145,225.160546457395,217.9512654545505,218.72764587402344,1160500
2021-02-01,220.74255539846047,224.86477582010448,219.72585667391868,223.53384399414065,1470900
2021-02-02,224.4396058255201,230.41035871800116,224.4396058255201,228.16439819335935,1277900
2021-02-03,228.0904603915112,230.58597684351915,227.6190896060474,229.7911071777344,1054300
2021-02-04,231.06660471897868,234.7267059431293,226.16798987829907,233.8856201171875,2119700
2021-02-05,254.81100057430103,255.96633354937177,247.2874587015824,252.14910888671875,3129800
2021-02-08,259.02565602075987,263.1016741889377,256.8536243611134,259.293701171875,2477700
2021-02-09,257.9719740286477,260.23643792679894,253.62793899600808,258.1938171386719,1364800
2021-02-10,260.88338263706595,266.6415429226832,259.7187982168892,262.8612976074219,1624800
2021-02-11,262.41768762356963,268.2590289204041,261.1699225376031,267.8153991699219,1490800
2021-02-12,266.99272734171916,268.96141852642523,263.09232351181004,268.2682189941406,1680800
2021-02-16,269.8488336477292,275.0154798870204,268.8691134352768,273.3425598144531,1862300
2021-02-17,273.58278310747335,273.6659636770328,267.1313951623369,267.6582336425781,1470100
2021-02-18,265.89287896982063,267.51959641806684,265.0425699083206,266.15167236328125,910100
2021-02-19,266.1794737793563,268.0372582852345,263.1294059159008,263.5638122558594,898600
2021-02-22,262.4732058048372,267.8893938521996,262.14045520388555,263.8318786621094,1014300
2021-02-23,262.9352946164963,272.6400910410363,261.6967811242242,269.7933349609375,1629400
2021-02-24,266.715546793498,275.7178919963587,266.715546793498,272.0485534667969,1511600
2021-02-25,270.39108849183316,272.3911082278683,266.69662289655525,268.1688537597656,1008900
2021-02-26,268.41888669442994,269.2059075953446,263.09476885489437,264.6873474121094,1334600
2021-03-01,269.24300039148784,273.90044577627623,267.9652073632082,272.17822265625,1046500
2021-03-02,272.409641003498,275.65040818212515,267.9280980958189,268.09478759765625,1305600
2021-03-03,268.1225644717546,272.187397753464,267.4466228590319,268.09478759765625,1928900
2021-03-04,268.1411809359841,270.0856476775508,262.7059537433479,264.06707763671875,1655300
2021-03-05,266.53921299740875,271.98370668753273,264.2984696736972,271.1966857910156,1269000
2021-03-08,262.03924244230404,265.28001045837493,257.66883415891255,259.3262634277344,2632500
2021-03-09,263.64104364091827,264.42806447433725,258.66875723589976,259.2798767089844,2465200
2021-03-10,260.9003296482436,265.36333688403056,260.4651396769988,264.1225891113281,1663900
2021-03-11,268.0115399494933,271.84489104807426,266.0578050088924,270.0393371582031,1554100
2021-03-12,270.88189127467894,272.2800601969939,267.4651936782201,267.7892761230469,1082500
2021-03-15,267.9097182820591,269.44677198735997,265.724527784066,268.1041564941406,1417400
2021-03-16,268.8910849420872,272.19667434579276,267.1040400542485,267.5207214355469,830200
2021-03-17,267.71519304703753,271.5763204324426,266.6873920313225,269.2059326171875,1028900
2021-03-18,267.83556043869174,268.770734153687,263.44661598826787,265.7336730957031,1381200
2021-03-19,265.8170412798637,267.74299925149205,263.020731603606,264.0948181152344,4516800
2021-03-22,265.6411368957484,267.42818218285345,263.7985095891035,264.98370361328125,1563700
2021-03-23,262.8725356779633,264.9373777180076,259.2984456502791,260.44659423828125,1638800
2021-03-24,268.2522993615658,270.1967661820301,263.6781836843561,263.8726501464844,1509000
2021-03-25,262.29845577189644,265.465160956447,260.24288215388106,264.96514892578125,1275500
2021-03-26,266.10412015461594,271.085620109186,263.381872605828,270.6596984863281,1477500
2021-03-29,270.39119858629823,274.0579170572878,268.68748365610776,269.0115661621094,1327800
2021-03-30,268.22449305591437,274.2430626808272,268.22449305591437,273.2708435058594,1022300
2021-03-31,274.33561309143613,275.9189516770402,269.29853191440475,269.30780029296875,1209800
2021-04-01,269.2523352676456,272.23384365088515,267.61341412780604,270.6782531738281,965400
2021-04-05,271.9281596633512,274.89115834238936,270.576304585018,273.400390625,1035600
2021-04-06,273.70595639297517,277.5393065032313,273.14112224740495,273.150390625,1179800
2021-04-07,273.69676513651365,274.02084761392183,272.19675692038874,273.2708435058594,905600
2021-04-08,273.15038048853677,276.7337385859895,273.15038048853677,276.4652099609375,846400
2021-04-09,275.56710266574515,279.79862626872017,274.76154490365093,279.7430725097656,690200
2021-04-12,280.4653521068138,281.4746165929864,279.33571170130034,280.76165771484375,780700
2021-04-13,279.2153375130147,281.8727913638577,277.49311413802207,280.5579528808594,863600
2021-04-14,282.29857747078984,283.47450270767416,280.90040900458695,281.8448791503906,776800
2021-04-15,283.4745629388384,287.0856982885384,282.01160029976785,282.5301208496094,936500
2021-04-16,286.8263589158396,290.4838068907817,283.7707902142435,289.15972900390625,1769900
2021-04-19,287.81720457540433,288.73386982174225,284.50237463142594,286.2801513671875,1006000
2021-04-20,285.29871721804994,286.52095661272085,282.91906057628694,286.5116882324219,904500
2021-04-21,287.0394432834145,288.3450131743805,285.29868342879325,286.9190673828125,800100
2021-04-22,288.29863723862337,291.54867282357935,287.3819721278912,288.9745788574219,778200
2021-04-23,289.2893609211745,292.8634784838506,289.02086058452943,290.54864501953125,717500
2021-04-26,290.19682923272075,293.9468487031198,289.7709077235856,292.82647705078125,833900
2021-04-27,292.8265303477244,293.4746952355853,289.4653865217029,292.132080078125,1043300
2021-04-28,292.5950469245246,293.53024899657294,291.2061463853259,292.132080078125,855500
2021-04-29,292.06725052089655,294.7617208893869,291.65059732407,293.28948974609375,1162200
2021-04-30,293.24315213170536,294.1227720064925,290.11349236583027,290.55792236328125,1637400
2021-05-03,279.9931178095379,281.8357169138138,265.35407935170315,267.530029296875,5039900
2021-05-04,271.75222215630174,280.22453654535536,268.20590917639123,279.7337646484375,3272600
2021-05-05,273.85415949841496,275.1504610238594,270.43746189301794,272.4189453125,2690200
2021-05-06,273.16894450937235,277.59490637609895,271.92819676718784,277.1782531738281,1121000
2021-05-07,277.68750601459374,283.17828597569934,276.4838035290128,280.8819885253906,1221300
2021-05-10,282.40971342380635,283.28936153900906,276.0856001432753,276.289306640625,901500
2021-05-11,273.32634660022717,275.0856148206741,269.73371964592957,272.9744873046875,1678600
2021-05-12,271.3448662164789,271.86338684076753,266.5114910522315,268.5856018066406,1480200
2021-05-13,271.4560207260635,272.45601678267616,267.5670875183614,269.4652404785156,913200
2021-05-14,271.64117490063774,275.8356535834871,270.9189477187317,274.5208435058594,835300
2021-05-17,273.8448508790881,275.05782158436307,271.5300169747847,274.6689453125,1010200
2021-05-18,274.78005618486725,277.07635336142647,272.91892066068806,274.26153564453125,1182700
2021-05-19,273.28011417138066,276.3449527761933,272.36342049821656,276.326416015625,989700
2021-05-20,276.7152777957956,279.2708354626386,275.1411792831057,275.90045166015625,1156600
2021-05-21,276.5578581663296,278.66898577610107,274.63192859104356,274.77081298828125,986900
2021-05-24,275.59482290730887,281.63189833113216,275.50222391849144,280.05780029296875,941600
2021-05-25,281.4837996549361,284.5764143260644,281.0486097554427,282.5856628417969,1222100
2021-05-26,283.9561018346097,284.8727671605259,282.7523710633796,283.18756103515625,1019400
2021-05-27,283.7718902445291,284.2356607354424,281.2118680766704,281.5550537109375,1860300
2021-05-28,282.71447338667986,285.03332578750997,282.55680727495354,284.3098449707031,896500
2021-06-01,285.68266554718025,287.0646927608021,279.70001398836035,282.04669189453125,1342900
2021-06-02,282.566104865799,284.41190240456694,280.88722960782655,281.6571044921875,810600
2021-06-03,280.22871448639984,281.52726637386576,277.35333139581286,280.93365478515625,1100300
2021-06-04,282.6217538817309,283.00202078199317,279.4866607742839,281.36956787109375,903400
2021-06-07,281.21184211183464,281.8611320616848,279.68140529438983,281.0077819824219,814000
2021-06-08,281.72198912843896,282.3156005459306,278.1880607974982,278.2807922363281,815000
2021-06-09,277.1399642744796,278.6982262539039,276.0361882958117,276.2587890625,896300
2021-06-10,277.6501529838345,277.984082503332,275.78578629126986,276.6669616699219,843300
2021-06-11,278.2529945071787,279.5793995497472,277.17704363172095,278.4663391113281,901600
2021-06-14,278.475684508273,282.0745203264631,278.28088048983034,281.2490234375,1126100
2021-06-15,281.32316888508365,284.059426108075,280.53478169439865,280.8686828613281,948300
2021-06-16,281.68494768192784,282.10235248279315,275.9712913371934,277.33477783203125,1151300
2021-06-17,276.58337736116226,279.8854201529786,273.9769901289639,278.1694641113281,1671600
2021-06-18,278.1046271844928,279.00434315665467,273.1608457251256,274.44085693359375,1900700
2021-06-21,276.00829172957214,279.93177075801157,275.16422629937307,279.6349792480469,980200
2021-06-22,279.4402328708442,279.8576375925665,278.17879085139265,278.7353210449219,711300
2021-06-23,278.2622662737874,281.37879006902915,277.6871954524965,280.4698181152344,875300
2021-06-24,281.6015346047178,286.5360609436189,280.40499844332084,286.3320007324219,1797100
2021-06-25,287.5376995184994,294.0212018141412,286.92551908405835,293.05657958984375,2123100
2021-06-28,294.3457906312335,294.7631953088692,290.8767971378383,291.7486877441406,1406500
2021-06-29,291.54468210440757,295.2733865831055,291.53539763676605,294.5035400390625,926800
2021-06-30,292.4350323581244,295.6907092908892,292.24025673582526,295.0321350097656,1076000
2021-07-01,296.8131381509492,297.054307883715,292.9731045890941,294.1047058105469,1194400
2021-07-02,294.55918070757565,295.82062278866476,293.3997545420292,294.5498962402344,620100
2021-07-06,294.4293128292302,297.2119356401435,293.8820670731736,295.92266845703125,1058300
2021-07-07,297.00784924489153,298.5753955542986,295.79277298938194,296.024658203125,735300
2021-07-08,291.9064421589148,292.0548521268437,285.5527801693509,290.84906005859375,1512500
2021-07-09,292.045525585345,295.0414929995446,291.31278862628403,294.8374328613281,628100
2021-07-12,294.24382323716185,298.87224347998017,293.85424358672697,297.2583312988281,834700
2021-07-13,296.8130751492138,299.4101782342491,296.7203154019695,297.3974304199219,858100
2021-07-14,301.44145930700483,303.09248070987627,299.97595737666614,302.897705078125,1473000
2021-07-15,302.56385646652876,303.8531236134385,300.6252710531478,303.2687683105469,853400
2021-07-16,304.58590055462264,304.8363264199199,300.1429714949193,300.9777526855469,687300
2021-07-19,296.78527884019854,298.37136593859395,290.9788634364249,293.2049560546875,1352400
2021-07-20,293.6038412561111,301.46937095912324,293.2049771062682,300.0131530761719,787800
2021-07-21,301.48789184032296,302.0351375560133,299.1968647627443,299.6698913574219,675600
2021-07-22,299.3174855755919,303.1482060457867,297.4994848742098,302.91632080078125,761100
2021-07-23,303.1574944892915,309.5018714790867,303.1574944892915,309.38128662109375,771800
2021-07-26,308.62075342768645,309.5297255691338,306.4224572930034,309.1679992675781,747600
2021-07-27,308.54649850841685,308.713449089774,304.1685039906818,305.88446044921875,989500
2021-07-28,307.4705787441,307.7859393096127,305.7917316800522,306.8955078125,652800
2021-07-29,308.61143986239745,312.17319387344253,308.0178000407376,309.41839599609375,843700
2021-07-30,309.1771902515954,311.4775018330132,308.09198326939645,309.6409606933594,718900
2021-08-02,308.19397217422943,309.63167740150044,303.4635367277799,303.92730712890625,1059700
2021-08-03,304.4097197919678,304.51173572725315,300.91289999022644,303.80682373046875,687400
2021-08-04,302.88848222122834,304.1406681497805,301.08905053557913,302.1742858886719,806700
2021-08-05,303.84388882235993,306.0978351172016,302.7215720624145,304.87347412109375,769100
2021-08-06,306.0792162346279,306.4687958721122,304.0664683088153,305.0032653808594,550200
2021-08-09,305.0125680992255,305.0125680992255,301.74763408664296,302.8143005371094,726100
2021-08-10,303.30589374217374,304.01083392937767,300.69950591060615,303.9737243652344,531800
2021-08-11,304.233475172363,305.8844971675705,302.6937535780874,303.8531799316406,555500
2021-08-12,303.50064242420535,304.40964267389427,301.098314949636,303.101806640625,668100
2021-08-13,302.498960589584,304.3911522162161,302.396916357023,302.9349060058594,649000
2021-08-16,302.7957681994678,304.63228124782654,299.4009647715591,304.21490478515625,1059100
2021-08-17,302.37836517545196,302.99983009853145,297.52731556841036,299.2247314453125,1078700
2021-08-18,296.3865282072658,299.39175269031153,294.9024565997983,295.9598388671875,1696700
2021-08-19,295.9597626733622,306.83982853071535,294.0768556211148,303.6769104003906,2329300
2021-08-20,303.5377744691958,306.7285175867911,303.16676375219004,306.2554626464844,958500
2021-08-23,308.16620210612183,315.35464460709125,307.71171608988425,311.9227600097656,1092300
2021-08-24,312.07121182309817,314.3993207164538,310.058435198056,313.13787841796875,654400
2021-08-25,315.1227250336999,315.59577993379185,310.2902450433582,311.02301025390625,781800
2021-08-26,312.89669191466055,314.60336403629185,311.1436540634217,312.1082763671875,607000
2021-08-27,313.2119893275446,317.0241969633618,312.21025765826226,316.1244812011719,869400
2021-08-30,317.94535009875034,320.407156489334,317.94535009875034,319.0880126953125,863600
2021-08-31,319.6267573438994,320.29562805566474,315.9665521087376,316.3102722167969,1268000
2021-09-01,317.4344307120084,322.65532590339575,317.00707687007565,319.85906982421875,684500
2021-09-02,321.02027901239774,323.1197956539577,318.2890589328012,319.6268005371094,694000
2021-09-03,318.80931217170104,320.1935201709725,316.3103383201131,317.55517578125,739100
2021-09-07,317.034885745528,318.0382060072113,311.5167093574368,313.59765625,971500
2021-09-08,313.04956228212563,313.6812656549319,309.64947175147154,312.8451843261719,899900
2021-09-09,313.3561963433637,314.6567707866992,312.7616601765803,313.5234069824219,894000
2021-09-10,317.03487767350623,317.35072934773086,311.61890457514403,311.8697204589844,612900
2021-09-13,314.61962914412567,314.8240071514028,305.85000104161105,309.2872314453125,825600
2021-09-14,310.16972006633796,310.29049273172524,306.59311979702784,307.3270263671875,842900
2021-09-15,307.4941934753652,308.07945886305697,300.09947700240434,303.0815124511719,1685900
2021-09-16,302.39412635735397,302.86788975800806,297.36831061616806,300.1831359863281,1019900
2021-09-17,297.94428498984695,300.61046932465666,295.92837361330714,297.1639404296875,1663100
2021-09-20,289.34188285671337,291.3299258950089,286.1926360250583,288.54296875,1881000
2021-09-21,290.7725720438874,292.79775439971405,289.14684680083053,289.4533996582031,953200
2021-09-22,292.0451705117941,297.70268887086166,290.4101469405631,295.9376220703125,1431400
2021-09-23,298.2044267392939,301.41870950684665,297.96288137136617,298.501708984375,1251600
2021-09-24,297.23827003101474,298.71535395854266,295.3802985472723,297.8792724609375,890800
2021-09-27,296.32790709219705,299.4121184685288,295.4360602926434,296.0491943359375,755500
2021-09-28,294.4420146435166,295.38027087664403,286.1275816924902,287.5582275390625,1168100
2021-09-29,288.2085373200212,288.8495397718157,283.7958548955669,284.6412353515625,990900
2021-09-30,286.062530593244,286.4805854557229,278.4727340752945,278.6306457519531,1685900
2021-10-01,281.9285988241106,290.0943629576021,280.24713692515087,288.6172790527344,1356200
2021-10-04,287.010062740644,289.0631126228793,280.8322868905239,284.4553527832031,1325800
2021-10-05,287.91119335187375,293.78236005786107,285.709473942943,290.9396667480469,1616700
2021-10-06,285.24507025871947,291.6829632118929,285.0314216751834,291.2834777832031,1063100
2021-10-07,293.88467093891654,296.6901979197875,291.8780581580774,292.4354553222656,800100
2021-10-08,293.2157327466277,293.6430581893022,289.3418502770875,289.5740966796875,588500
2021-10-11,289.78779663649647,292.3610767759363,287.4374639891689,287.9483947753906,775100
2021-10-12,288.5615358197036,291.40422981555923,285.9603871798336,287.1308898925781,845200
2021-10-13,288.3478614607099,293.71739723377107,287.6882612553443,292.6397705078125,1008700
2021-10-14,295.14802387489345,299.0869423218585,295.00868169702267,296.84808349609375,946300
2021-10-15,299.08689806117553,299.6349961132846,296.1420015028127,298.0371398925781,835000
2021-10-18,293.88452869629793,296.1791237037913,292.3609790749543,295.75177001953125,851200
2021-10-19,295.14802407413976,296.4207298835392,288.45934437829663,290.24298095703125,1228400
2021-10-20,292.5282799429402,292.61188524224985,282.4023145427935,282.64385986328125,2832500
2021-10-21,284.26028643469306,296.569345278006,283.55427667741714,295.2037353515625,1956600
2021-10-22,295.7704181552247,305.5061683843941,295.70538236390445,304.3728332519531,1447500
2021-10-25,304.2613404190698,307.47565086909816,300.2852833561023,306.6209716796875,1412700
2021-10-26,307.4942419905297,309.9653471560051,306.03572775463783,307.5406799316406,1201000
2021-10-27,308.63689400091897,309.5937480284138,302.07825797743186,302.2640380859375,773000
2021-10-28,302.70991620435143,304.05692810396994,300.7404715756667,302.384765625,942200
2021-10-29,300.74981444945405,303.79688634055344,299.73722346205744,301.29791259765625,1135600
2021-11-01,303.313828738333,304.883816827399,297.60984297561623,302.0596923828125,1256600
2021-11-02,293.7174090296571,317.41581397294954,291.1533995321492,314.5731201171875,2683500
2021-11-03,311.21018271097364,317.0163428361784,307.5499771000133,316.2081298828125,1500800
2021-11-04,317.7131121300704,317.7131121300704,313.05888466095115,315.6228942871094,842400
2021-11-05,316.4682513071179,325.48869392721355,315.97589005227167,324.68048095703125,1317800
2021-11-08,326.1482984283025,328.35001842822953,320.6208503312426,324.5783386230469,795700
2021-11-09,324.24393055117304,324.83849510420714,321.0296474437276,322.4231262207031,673500
2021-11-10,320.91808341809633,326.0553725969799,319.1251196830302,320.6022033691406,1031300
2021-11-11,321.2061016853232,322.90613302617254,316.282460511361,319.95196533203125,863400
2021-11-12,321.66124553209966,322.2186425301753,319.1344037111605,322.0978698730469,1065100
2021-11-15,322.46014325393327,325.77662829258526,321.9956505039951,323.35198974609375,1045200
2021-11-16,323.2405995919012,326.83576986984644,322.5345613573338,325.4422912597656,797800
2021-11-17,327.7926156479995,331.1927067715126,324.03020648696076,329.28826904296875,1201800
2021-11-18,323.259193144247,323.75155448908106,317.75031410007756,322.54388427734375,1845500
2021-11-19,325.4701080399667,329.7248495799353,321.6612614401996,327.7925720214844,1556800
2021-11-22,328.85168495517166,332.4097165610041,325.38658595283493,325.5816650390625,1034300
2021-11-23,324.336701171485,326.17607425496976,321.51257740897984,324.9219665527344,1106700
2021-11-24,323.66789459548704,325.6837775852292,322.1257750102618,324.41107177734375,1016500
2021-11-26,317.2299947269237,321.28035810277885,310.3462084230994,310.6063232421875,1381400
2021-11-29,313.52860495537436,318.6564984275984,311.2857213635083,316.4694519042969,1775700
2021-11-30,314.86876317113115,315.00838426171174,308.1866613677838,309.0428771972656,3478700
2021-12-01,311.7696556409212,313.71472262168226,302.55617000523716,302.77020263671875,1308100
2021-12-02,304.93864940053226,313.1749580077173,303.8684010281541,311.4625549316406,1047100
2021-12-03,315.77145072548365,323.26324574977093,307.29319138553325,312.048828125,1463700
2021-12-06,314.17080400031597,319.87572917112965,313.93814002696377,317.8655090332031,1354900
2021-12-07,323.1702523136714,332.9328233455243,323.1702523136714,329.1171569824219,1344200
2021-12-08,329.079872689951,332.24409650015684,326.874223148159,331.4530334472656,944200
2021-12-09,330.7364570729769,335.98534092620145,330.5410273107115,331.16455078125,994000
2021-12-10,334.2729421549138,337.5488687353116,330.6713087668449,336.3297119140625,841800
2021-12-13,335.21285484503574,337.33474855299795,333.11887967001957,335.3524475097656,1116500
2021-12-14,333.17475598598224,333.17475598598224,328.40048748028966,332.020751953125,1139900
2021-12-15,331.5460835955311,339.9964246120495,330.42928542708745,339.8009948730469,1040200
2021-12-16,341.2900386359554,343.63528063250703,335.2407769547017,337.5301818847656,1389000
2021-12-17,335.18492541658907,336.64606152976353,319.63367824135634,321.9696044921875,2557000
2021-12-20,318.4703189164981,322.1463910482355,316.55317088596075,321.5787048339844,1125100
2021-12-21,324.7802261877211,329.36835182797955,323.2167030759024,328.2887878417969,992000
2021-12-22,328.8099792410062,336.8136243342944,328.754142168373,336.6181945800781,1058500
2021-12-23,336.80433884092207,342.4348236472911,336.80433884092207,340.6107177734375,898100
2021-12-27,340.620004447846,344.14719769218664,340.620004447846,343.6632385253906,553000
2021-12-28,344.2867522146495,345.11502097151276,342.0997057646183,342.2951354980469,539300
2021-12-29,342.2951290068808,345.952627214108,341.92287243552886,344.4170227050781,573400
2021-12-30,344.3426437673782,346.53897780848445,341.6437476451493,341.8670959472656,505200
2021-12-31,342.1649044634515,345.589710887302,341.96947470375704,344.5287780761719,613000
2022-01-03,342.93729058603355,348.2513547842061,341.466867159035,344.61248779296875,1026700
2022-01-04,346.3062723190199,348.04662230211653,342.6115965254745,346.0736083984375,1012700
2022-01-05,341.5506880959588,343.09558017507396,331.4065452741986,331.41583251953125,2075000
2022-01-06,332.2440695140235,332.7745500547833,328.5214468864154,330.7457275390625,1096200
2022-01-07,330.3827796696676,332.6721847820404,325.7946537993135,330.317626953125,936500
2022-01-10,325.26414030726,325.35721154985083,310.2433449162139,312.5979309082031,1863400
2022-01-11,312.70035676272994,317.30711445058273,308.57755828007197,316.9534606933594,1029700
2022-01-12,320.1175894286082,325.21759204732507,318.6099319876692,321.5880126953125,1589800
2022-01-13,321.58812880766175,322.7421614147825,308.9684373142351,311.1927185058594,1255800
2022-01-14,307.47937606493963,308.1959707893674,296.54417067561377,299.7176818847656,2548000
2022-01-18,292.87734887738657,295.15743821380875,287.96348810658054,289.38739013671875,2446100
2022-01-19,293.0541631133777,296.94429680589485,287.58190349930567,288.0565185546875,2036700
2022-01-20,289.7782232568451,293.87310212654586,279.25251092436724,280.18316650390625,2036300
2022-01-21,279.1967656421088,281.58855808410345,276.1814496616104,276.42340087890625,2239800
2022-01-24,273.612823267744,282.66811502419097,263.87817090930724,280.8626403808594,2642500
2022-01-25,277.1957972966866,279.4758866498969,272.6262745437643,273.8081970214844,1816500
2022-01-26,277.73554968380284,283.3287990448827,269.08977942847235,272.28192138671875,1834700
2022-01-27,277.46571612234396,283.74764237110435,273.8361360130839,277.5122375488281,2220900
2022-01-28,274.4503052867999,283.0588687878016,271.7607256211361,282.7238464355469,1938300
2022-01-31,281.59782880201516,290.197107991996,281.59782880201516,290.169189453125,1514700
2022-02-01,290.4018046474876,294.310541439898,287.3771737051113,293.1751403808594,1726800
2022-02-02,295.2690851952178,297.37237589126784,290.5506829967885,297.037353515625,2246700
2022-02-03,283.6824984831911,295.92061617218377,279.15020942981795,282.1003723144531,2395200
2022-02-04,288.391625417637,294.9806560208955,283.8686234363152,291.6210021972656,2579300
2022-02-07,293.6497950766329,296.43244656144304,289.8248137407109,292.6260681152344,1341300
2022-02-08,289.56416992201827,293.6218143256925,288.6055674784143,293.2309265136719,1247400
2022-02-09,297.51199509154736,302.1839046897669,295.0550789135663,297.8470458984375,1321000
2022-02-10,291.8257562321987,297.1770272694193,289.2664526926584,293.7242736816406,1418200
2022-02-11,291.58376156807554,293.6219000082288,279.2898066072752,279.913330078125,1982000
2022-02-14,279.91328882256175,283.98027785852753,278.8709590417707,282.77972412109375,1352400
2022-02-15,288.25201332000955,289.98301936823293,284.8923313212158,286.2045593261719,1327900
2022-02-16,284.7806854427145,288.6149829377906,281.9235652136126,287.2469177246094,983900
2022-02-17,285.8043182274387,288.49389793369886,282.3422785284557,283.1891784667969,1036200
2022-02-18,283.9616406311874,285.82295188692547,279.98775132467466,281.9793395996094,1024800
2022-02-22,279.19670895655025,280.8346720708632,273.1939683534412,275.17626953125,1930800
2022-02-23,279.2432208709633,279.3083735838269,270.42991058899213,270.7556457519531,1399700
2022-02-24,262.42626620817305,273.30563202538843,259.9972404169943,272.8030700683594,1998400
2022-02-25,274.88272469914716,280.4594422674656,273.2880188925049,280.07708740234375,926700
2022-02-28,275.5915181576785,278.0814785035306,272.793823973835,276.3468933105469,1517600
2022-03-01,275.09715406286034,275.09715406286034,263.3281962813874,266.3310546875,2020400
2022-03-02,269.9494377446665,274.22057048673804,268.34542572099934,272.07568359375,1062200
2022-03-03,274.54704766997105,276.0205158638503,266.7321507686991,272.49542236328125,1559600
2022-03-04,267.4408694196143,270.1639705185554,264.70846202739904,266.42437744140625,1612400
2022-03-07,265.8555084798134,266.2565328944111,245.0873047056465,246.07582092285156,2455500
2022-03-08,244.84477080180355,260.25075283886895,244.5463718243654,251.64317321777344,2624600
2022-03-09,263.8971693169133,264.7924234611213,257.4811196209208,258.9545593261719,1435900
2022-03-10,256.2967593913463,257.51844540466004,251.7458672877529,254.92588806152344,1513400
2022-03-11,259.3648357237966,260.1854970421985,246.262315804978,246.4115295410156,1857900
2022-03-14,248.1274538151876,248.30464335443295,231.66768115777495,233.4955139160156,2877600
2022-03-15,237.86926896381505,242.45747104382576,235.72436745118537,241.44097900390625,2174000
2022-03-16,246.5420340494863,254.01188364228167,245.26442543630176,252.613037109375,2006300
2022-03-17,251.34478659457753,255.9236819379165,250.35627045100497,254.02127075195312,1687500
2022-03-18,255.21487755906867,260.362622109546,252.9673942420681,258.1990661621094,2017200
2022-03-21,257.070741531293,259.96169726369993,252.2213945956677,255.4947052001953,1261300
2022-03-22,259.8870643102944,263.7758707418678,258.19912486622036,262.8899230957031,1642800
2022-03-23,260.47455675967376,262.04125810015057,254.82321884897732,254.99107360839844,1029600
2022-03-24,257.26662801781106,258.1339063881096,254.6554581525196,258.0220031738281,836000
2022-03-25,260.1016219890775,261.6123722384853,254.1798304954821,256.35272216796875,982000
2022-03-28,258.0126099318057,259.03840802344865,253.54561840294687,258.8985290527344,1071100
2022-03-29,268.8863204232396,270.0613608469013,262.6847719442904,265.7156066894531,1210800
2022-03-30,264.0369991077965,264.38204342928105,258.51620458521023,260.334716796875,1194400
2022-03-31,259.7938441892722,260.57722352922286,253.9560089111328,253.9560089111328,1437200
2022-04-01,256.65102360740036,258.255035407864,253.76940321684057,255.9049835205078,1190200
2022-04-04,255.82106972092117,260.74500855068527,253.87201356534857,259.8310852050781,1293900
2022-04-05,255.6066318579326,258.11523294853873,253.23790976762513,254.2730712890625,1016200
2022-04-06,250.49618037862987,250.49618037862987,243.43668751154067,246.8778533935547,2039900
2022-04-07,249.80605222936637,253.07002803382437,245.2085159979649,249.01336669921875,1789300
2022-04-08,249.591637604507,252.21214221490823,248.29535897123353,248.65907287597656,1078900
2022-04-11,246.1970296673726,248.08079972467084,242.979670736739,244.593017578125,1314500
2022-04-12,247.3067872401884,251.4753517813651,243.59517020656008,244.98471069335935,1286400
2022-04-13,246.05717472448967,249.6102435639385,244.7329204739058,248.60305786132812,967500
2022-04-14,248.99475272746452,252.44525319405008,245.9079661221066,246.07582092285156,1552800
2022-04-18,245.36706059882707,248.33263768457735,244.70494769516807,246.3089599609375,1091500
2022-04-19,244.6862632647076,257.5929517489471,244.6862632647076,256.0448913574219,1780800
2022-04-20,264.03703824746157,266.5176636723841,259.08512215134647,259.4954528808594,1571800
2022-04-21,261.94799740095254,264.48454495165356,252.91144714296772,253.61087036132812,948600
2022-04-22,255.01914955940177,257.3505614434808,245.76812314076233,246.23440551757812,1495500
2022-04-25,245.3017691066907,250.6546801217725,240.3778297842758,250.1324462890625,1404600
2022-04-26,248.01555674584552,248.13676623287952,237.5894775390625,237.5894775390625,1352000
2022-04-27,238.16768945573048,245.35776929095655,237.98117936851145,242.131103515625,1442500
2022-04-28,244.61175332631856,256.18488674548826,244.44389848050173,253.9653778076172,1482500
2022-04-29,250.30968319323048,254.08655867314224,245.10595646577997,246.2530212402344,1512000
2022-05-02,243.5019646659671,245.63754588106136,236.274602188522,243.05435180664065,2710800
2022-05-03,212.15845346656724,235.00628691681297,212.1491329429915,228.96327209472656,4803700
2022-05-04,230.10097722013188,240.778838241056,226.65981182818345,239.91156005859375,2196600
2022-05-05,233.90583962116196,235.47254118368147,222.22079309991324,225.52207946777344,2590400
2022-05-06,223.4145077063064,226.36140102308957,218.46257773493792,224.09527587890625,1833000
2022-05-09,219.24590156567925,224.0952337199037,216.3549461621089,217.82839965820312,1977300
2022-05-10,221.34420421284025,222.4073272430322,211.8786653821936,214.19142150878903,2240400
2022-05-11,216.83995218332188,223.12542927468385,213.24957232760167,214.0142822265625,1724400
2022-05-12,211.75743724032023,219.34851203792027,210.1907214113114,215.4224090576172,2166100
2022-05-13,218.705049677878,225.22366699668376,218.36932585928412,224.17919921875,1792900
2022-05-16,222.76172172124265,223.76889328847864,218.82629761270863,219.507080078125,1559900
2022-05-17,224.72937254209205,226.60383615500996,218.9288206443317,226.2214813232422,2159900
2022-05-18,221.95038699372896,222.3420624396704,213.02573645111056,213.6785430908203,2140700
2022-05-19,213.0630546905228,222.97622184422423,212.35431065275276,219.507080078125,2183400
2022-05-20,221.157672480857,222.77101936236545,214.0142389994793,221.2136383056641,1791800
2022-05-23,223.9926941573264,223.9926941573264,215.71151593336344,220.6447906494141,1499800
2022-05-24,219.41379353825357,220.2997270444804,212.4288797019564,216.4109344482422,1662400
2022-05-25,214.64838774502448,217.1756440188105,210.47982293260284,216.4575653076172,1350600
2022-05-26,219.60030625147107,225.21434908251132,218.0242698134207,224.1885223388672,1188200
2022-05-27,230.43362378368496,238.00630226249476,227.26432056426796,235.46337890625,1820400
2022-05-31,237.16489471318815,245.77532499746695,235.25770925556463,238.07174682617188,3734600
2022-06-01,240.6053214803343,244.30753788549376,233.91146303445728,234.1171417236328,1555900
2022-06-02,236.6413640076643,247.3646446113168,235.5288331671969,247.18701171875,1938900
2022-06-03,242.54059858267965,247.7105837500013,242.3536360878452,247.01876831054688,1813700
2022-06-06,250.440407627164,252.20734949484225,247.2617610621174,248.3836212158203,1345900
2022-06-07,243.83073784076984,253.9837446546291,243.83073784076984,253.65652465820312,1500200
2022-06-08,250.10389104818063,254.95601372481147,248.90722280511076,250.4217529296875,1502200
2022-06-09,249.1035671157214,249.1409424910689,241.8581080926353,241.94224548339844,1626000
2022-06-10,237.22100126023835,237.77258760446605,232.52780974899304,233.2383270263672,1319800
2022-06-13,225.1888635045628,227.8065806043115,220.68266282652877,222.748779296875,1653500
2022-06-14,222.52442301772476,230.6954223000311,222.5057210636564,225.104736328125,1309900
2022-06-15,225.81521809872183,233.08873642138033,222.51502986326537,227.2923583984375,1606600
2022-06-16,221.52403498638577,224.3474303893315,215.20413087612235,217.94337463378903,1585100
2022-06-17,217.83124252915695,225.0767023128521,217.7377470193316,222.3468017578125,1940900
2022-06-21,226.17045669555176,231.80788885539653,222.1317059277171,230.6953582763672,1725300
2022-06-22,228.8162575867713,233.68708184936185,227.6943829767107,231.77053833007812,1231600
2022-06-23,233.8834251722535,241.97030123178988,233.8834251722535,241.7272186279297,1767900
2022-06-24,244.88715509081675,252.7028877405215,243.69984504402743,252.6094207763672,2114400
2022-06-27,251.1510329937659,252.3102974788912,244.4291135405153,245.75665283203125,1412500
2022-06-28,244.09249115565777,251.1135835682616,239.62368030068495,240.6146697998047,1703300
2022-06-29,239.894804073303,241.30648048502852,236.67875305201065,240.2593994140625,1035000
2022-06-30,236.6133288245572,240.16595830443745,232.4530356228576,238.09046936035156,1313100
2022-07-01,237.8847457510412,240.40896699397496,234.39758090160092,239.81997680664065,944600
2022-07-05,233.45336939036764,242.44706868566252,232.99526426713155,242.16661071777344,1114100
2022-07-06,242.95187341279947,244.8964767075365,240.2593633313575,240.4930877685547,1317100
2022-07-07,241.38127881545483,243.07344164598643,239.43667530502873,242.45640563964844,1019000
2022-07-08,240.28743635909328,240.52116082278303,232.57454332273977,235.1081085205078,1357300
2022-07-11,233.2850778622531,234.93985118224492,228.86301467552167,229.60157775878903,1368400
2022-07-12,228.0870355784392,231.20024721231113,226.72207840491632,228.3955535888672,1213300
2022-07-13,223.7864973415473,232.6119354680916,222.99184271567984,229.4613342285156,1037200
2022-07-14,227.17083476576713,228.74145631369055,225.0018648962624,228.09637451171875,906300
2022-07-15,230.70477485612963,231.90144311029783,228.64800218586623,229.55484008789065,791700
2022-07-18,232.6586981069277,237.7725908961699,228.95649604840725,229.76986694335935,889600
2022-07-19,233.34114925596393,238.987940217409,231.27503301116192,238.7729034423828,1058000
2022-07-20,238.95056139478817,241.85810882827775,236.9031326208616,241.0166778564453,1008700
2022-07-21,241.27840950975303,245.71917401998527,240.02564989266972,245.4761199951172,1239000
2022-07-22,246.1960373365679,248.4958784413918,241.14759381319865,243.16697692871097,800900
2022-07-25,242.92386650103933,244.05508496949471,237.4921119937007,241.84873962402344,586400
2022-07-26,238.76358841680644,239.26842703627543,234.36957087660423,235.4260101318359,970700
2022-07-27,238.5578911851507,247.15894885898183,237.32383339712837,246.27081298828125,1255300
2022-07-28,247.80402454609467,254.18939290862076,243.84006674864543,253.62844848632812,1453200
2022-07-29,254.8811688317413,256.3022030887102,253.38532678025,255.3205718994141,1375900
2022-08-01,252.76837078274397,256.80713703947674,250.7770334534873,255.70396423339844,1379400
2022-08-02,252.8898570077743,255.5543214661453,249.7766598613859,250.917236328125,1288200
2022-08-03,251.9924359667611,252.6842514147104,247.67321141075016,252.01112365722656,1350500
2022-08-04,251.9829943158008,256.09653878962115,251.06678423189263,255.51690673828125,844000
2022-08-05,251.25391093136668,254.2736426250084,249.1129858970304,253.1143493652344,999200
2022-08-08,251.8801909474177,255.58237843959805,250.95462267625905,252.5720062255859,1103300
2022-08-09,251.24444804373888,251.64647581700535,247.7479390898425,248.33692932128903,1040900
2022-08-10,252.45980301801492,256.2835314920736,252.45980301801492,254.7596435546875,797000
2022-08-11,256.9006689223594,258.5647864770833,251.83350842942065,252.7590484619141,1021700
2022-08-12,256.06851984202893,257.4989124360599,253.15164306446135,257.4521789550781,1080200
2022-08-15,255.58241079048665,259.0508742595228,254.6849167307718,258.37774658203125,1038500
2022-08-16,257.0875320856163,259.98572091759496,255.31123200498945,258.1346130371094,1077200
2022-08-17,255.2926241315475,260.0418937979409,254.1052853168304,258.51800537109375,1200600
2022-08-18,253.3573676513233,265.9317576426576,250.72094834349485,263.2859802246094,2450500
2022-08-19,261.94897680004146,262.5099211004098,254.00234671545817,255.48883056640625,1448500
2022-08-22,250.01974918453303,252.9459843009356,247.50487144409377,248.0003662109375,1230300
2022-08-23,246.4764509364413,250.49649975829504,246.40164314087488,248.2714385986328,923700
2022-08-24,248.68286207360413,250.07585093054433,246.6354332199309,248.14996337890625,1174700
2022-08-25,249.5803423098443,259.49026603055677,249.21574695476968,259.2658996582031,1166100
2022-08-26,260.0792202019515,261.13565927656623,244.52250717871408,244.83103942871097,1144600
2022-08-29,241.85810510073065,247.2991893518509,241.85810510073065,242.9238739013672,778600
2022-08-30,244.32012029453549,246.05366165399911,238.7539569151327,240.9279327392578,981400
2022-08-31,242.03366551923193,243.02694859662697,238.3322605028346,238.3697509765625,1492600
2022-09-01,236.2894549243688,236.84231783308908,231.52918031205095,235.37112426757812,1854700
2022-09-02,239.2880857045728,239.70039515655347,231.3136954710592,232.6911773681641,1027600
2022-09-06,233.6282127978255,235.35240276793456,229.4770223356499,230.65771484375,1439700
2022-09-07,231.52921314611396,234.13424360243505,228.57746012798748,232.38194274902344,1780100
2022-09-08,229.85186089359388,233.99368624051823,228.0808148310189,232.3350830078125,1569800
2022-09-09,234.32164313828932,238.05114464858903,234.24667648752617,236.98289489746097,1578600
2022-09-12,237.99489782600813,243.898388682883,237.6763003180993,239.34426879882812,1345400
2022-09-13,232.3913153436068,234.912013753429,229.50516342110873,229.82376098632812,1227400
2022-09-14,230.19856037444865,232.35380495426932,227.40610645958057,230.6483459472656,1037500
2022-09-15,228.51185215038453,233.42206029245028,228.0620665666492,229.3739471435547,1283500
2022-09-16,226.60024486669244,227.2468053654121,222.67395444217135,224.31381225585935,1696700
2022-09-19,221.41831653632232,226.4597133705379,221.1465749177739,226.45034790039065,1036100
2022-09-20,223.9764839340787,226.24417145528477,222.51467001945215,224.42626953125,1156200
2022-09-21,230.1048523050248,231.8571529831875,222.8894805908203,222.8894805908203,1280100
2022-09-22,221.76501045270467,222.68332685344132,218.33536142952852,220.12515258789065,1110000
2022-09-23,217.38892429723964,218.71955004464996,211.3636108138097,214.60585021972656,1394300
2022-09-26,213.52820713727536,219.590996404999,211.335486579746,217.8293304443359,1630800
2022-09-27,220.70612049353815,221.29647388503048,209.6487906040842,211.85089111328125,2150200
2022-09-28,211.94458769767363,214.53088688752052,210.14543112558587,213.78123474121097,1577600
2022-09-29,211.1200090202431,212.36630282745932,202.8832284691767,205.54449462890625,1838200
2022-09-30,204.14826221063353,207.19371273081055,202.27413881360152,202.3116149902344,1693800
2022-10-03,204.1482755828333,207.21247154125223,199.6691215144056,205.3008575439453,2109100
2022-10-04,209.53638008608235,213.14407357044365,209.47077889983728,212.95664978027344,1576000
2022-10-05,209.9861480461175,212.8254437873233,207.09999636131428,212.00083923339844,1224500
2022-10-06,211.36361060444315,217.0234706326148,211.3542451359473,214.68081665039065,1919600
2022-10-07,211.8509062265652,212.36629300999832,205.02909834337683,205.93804931640625,1387300
2022-10-10,205.97550993975523,206.37845386671492,200.7092282738676,203.2486572265625,930000
2022-10-11,202.0867185319635,204.9541248884101,197.40141028981515,200.5780487060547,1550200
2022-10-12,202.4709168836363,202.6676918223422,198.4884048848088,201.5619659423828,1802300
2022-10-13,195.91149212959775,202.0773453959928,193.21274991806024,199.8377685546875,1863700
2022-10-14,202.2272841351296,203.4923231554173,195.649106966802,196.13638305664065,1400400
2022-10-17,198.45087699594373,201.48696130653133,197.6543690269812,199.57534790039065,1280000
2022-10-18,205.29147442782408,206.4346908205053,199.9033697715612,201.6931610107422,2087000
2022-10-19,200.9528486988441,200.9997046365329,193.60628949946175,194.2434844970703,1890200
2022-10-20,193.31585289574255,196.86731083922157,188.09641178770377,188.3025665283203,2872200
2022-10-21,188.44315011870447,190.40160601972485,184.5637145006206,189.09909057617188,2584300
2022-10-24,189.09901468654547,189.6612430108416,181.30265609684275,184.40432739257812,3041000
2022-10-25,186.1379422349779,192.35066610573165,184.8073162887583,192.21009826660156,2065400
2022-10-26,189.7268870272425,196.20198692478132,188.48059322754287,193.0347137451172,1491600
2022-10-27,193.32515676701485,194.53397411532092,190.92628160248117,191.5634765625,1237200
2022-10-28,190.767009377432,194.72141062117856,190.0361024459742,193.4470062255859,2050600
2022-10-31,191.50727986319552,191.61035721395652,186.0723338730355,187.8714904785156,2636500
2022-11-01,192.9503780822832,196.5955475234153,190.71080119117775,193.7468719482422,3042900
2022-11-02,179.51289642282208,185.0602993433983,176.02702614932636,178.0042266845703,7665000
2022-11-03,176.15820592767997,183.31735559757016,174.7338683681555,181.5837860107422,3467200
2022-11-04,198.40407325100932,203.9514768974379,191.98520907139277,197.27960205078125,6164600
2022-11-07,196.2394665856294,197.0265950104351,190.09234389936643,193.04408264160156,2725300
2022-11-08,195.46168063327403,199.47230323837047,192.7629528802607,194.8057403564453,2118000
2022-11-09,193.9717379746794,195.41480644898144,191.1605533663507,191.91957092285156,1855700
2022-11-10,199.28489412617063,205.53509345077904,198.05734568484084,205.11341857910156,1764500
2022-11-11,208.29943326745385,217.70754048357873,207.74657031129593,213.8562164306641,3516900
2022-11-14,211.56978842285355,213.256502334094,206.71581570440097,206.78140258789065,1829700
2022-11-15,214.04360006165177,215.75842443420365,211.07311662890064,212.69422912597656,2011500
2022-11-16,214.0061608981635,215.66474985319135,208.6461666981301,208.88043212890625,1507400
2022-11-17,203.58597825060923,213.9030346132936,202.7707393134643,213.79995727539065,1940500
2022-11-18,217.894974085921,220.7155248901563,215.88966245301677,218.76644897460935,2460400
2022-11-21,214.06235576988084,215.14935066551655,204.84167298952525,205.1415252685547,2672600
2022-11-22,206.5283470528064,208.4399605030055,201.4775861844438,208.2993927001953,1753600
2022-11-23,208.9647347340688,210.97941143478056,207.3248769502813,208.6929931640625,825100
2022-11-25,206.8188879588788,207.77468056963875,203.68909110698257,206.16293334960935,1076000
2022-11-28,202.9769450061411,206.3503730050151,200.66240135383015,203.62351989746097,1568900
2022-11-29,204.41300068923857,205.3623253672448,201.37707494043153,202.0256195068359,1257100
2022-11-30,203.3885348271457,221.72630093659396,202.43922430675084,221.62290954589844,3410200
2022-12-01,219.17910338787615,221.09652649646,215.6732192991788,218.02301025390625,1605600
2022-12-02,214.6111429279481,225.33559397292825,214.3103627543171,224.64944458007812,2002500
2022-12-05,221.34093776009976,222.24324955232927,216.61315899764165,217.56246948242188,1325300
2022-12-06,221.4254964942674,223.5121119484289,218.74672914738875,222.8071746826172,1902200
2022-12-07,220.88973485541396,221.7074718272998,217.13947782146835,218.55874633789065,1575300
2022-12-08,224.5460058274841,228.51245389322403,222.18682099886016,228.04249572753903,2017500
2022-12-09,226.41645736262348,228.9166383882883,224.0008797115006,225.96530151367188,2468000
2022-12-12,225.42017349477595,230.0445609040664,223.7283209445508,229.7531890869141,1665200
2022-12-13,237.27252099466625,239.5095268299661,228.48429607769177,233.2496795654297,2803900
2022-12-14,233.54104957653396,237.3947128919485,231.4450398361144,234.24598693847656,1737300
2022-12-15,226.19092051289985,228.5407119761213,222.69442966826725,226.14393615722656,2070600
2022-12-16,223.59672243452735,227.00862371789643,222.7977877198144,226.4634704589844,2745800
2022-12-19,226.0122699030767,227.1401665452477,220.5795407325501,222.0458221435547,1230100
2022-12-20,220.26940631692872,224.0948584723292,218.25798586546844,223.3617248535156,1374900
2022-12-21,226.6514545655924,233.2590661313009,225.58934437647432,229.21742248535156,2012900
2022-12-22,225.78671689808033,227.9673154703104,224.03847183478163,227.6665496826172,1053000
2022-12-23,227.5537772539375,228.24930624492427,224.40505142386556,226.5386657714844,551000
2022-12-27,227.252990704316,234.80992674677827,227.252990704316,233.3718414306641,1826200
2022-12-28,232.95825948712508,234.65009734478863,231.32279997046788,231.3979949951172,1394300
2022-12-29,233.84179543552287,236.0881950635112,233.03346675580391,234.91329956054688,775800
2022-12-30,233.40946527168387,233.8888175217316,230.3923270077701,233.2026824951172,866100
2023-01-03,240.78780548111976,240.78780548111976,235.52428161209303,238.6542053222656,1689000
2023-01-04,243.25976111453065,247.15102877764153,241.426912661505,246.1735076904297,1553100
2023-01-05,244.5473992129832,246.34264266445865,241.53968447044304,245.4779357910156,1421500
2023-01-06,246.4554785642824,251.29604243188257,245.0738002677079,247.9593505859375,1708500
2023-01-09,245.87270415396952,251.0986365441941,240.8065701574325,245.91030883789065,2025500
2023-01-10,245.64719264006297,248.95568852351008,244.50990166199932,246.6811065673828,1266000
2023-01-11,247.8466174741841,249.07790595987117,245.48741756338896,247.7714080810547,1092400
2023-01-12,248.7018817561804,249.7075991745012,243.9459071323112,246.4930725097656,1259100
2023-01-13,246.08893140276976,251.70023374704311,246.08893140276976,251.1644744873047,914200
2023-01-17,250.01776394064385,253.25107867128577,248.57028464421208,250.9952850341797,1389100
2023-01-18,251.6156071848276,252.61191617682616,247.27316974630403,247.43296813964844,1414000
2023-01-19,244.61325359634904,246.10771729439975,243.4383580459343,243.917724609375,1292300
2023-01-20,244.37824369032305,251.73777586974256,244.37824369032305,251.4840087890625,1251700
2023-01-23,253.77743457993384,258.0822391826009,252.5461463587268,257.9976501464844,1555900
2023-01-24,256.69114430912475,260.9959482925771,254.76429870594492,260.5072021484375,1530100
2023-01-25,257.1422671002723,259.0597042224742,253.55180893614576,257.48065185546875,1299600
2023-01-26,259.5767815732187,260.21591798083176,254.10646004481504,256.80401611328125,1950600
2023-01-27,258.94697203289843,259.1913594793869,253.8808087936031,254.5199737548828,1805100
2023-01-30,252.93150879367215,255.52565855069295,252.0667730853505,254.9147186279297,1147300
2023-01-31,255.62904810740235,260.4978078638827,253.11007920064847,260.4320068359375,1338900
2023-02-01,258.6743983157092,264.89664062870645,256.6065993349525,263.92852783203125,1727500
2023-02-02,257.2833210098606,266.5790790918979,249.72638528355296,252.282958984375,3688200
2023-02-03,251.94458255681332,254.34138661583523,249.56659518375844,253.34507751464844,1913500
2023-02-06,250.60987040417527,251.81296203798476,244.5850038939055,245.4779357910156,1828600
2023-02-07,243.09997852360877,245.90091088876733,240.57158690549625,245.32757568359375,2679200
2023-02-08,242.49844050573537,244.24667130851603,240.27084314168815,243.616943359375,1404900
2023-02-09,246.51188219390477,247.0194451190801,237.31951460914053,237.3383026123047,1967100
2023-02-10,233.25906272752655,236.99992616756785,231.7269943308169,235.20469665527344,3101700
2023-02-13,238.1465952825963,241.0697499764587,236.41715268226625,239.95123291015625,1922300
2023-02-14,239.08652226252755,246.50247618439735,238.55077738987447,240.1674346923828,1602400
2023-02-15,237.02813653851973,240.0640771655488,236.2104137713941,239.3497314453125,1175700
2023-02-16,234.72531866852864,237.4698728368032,233.6820108903501,234.5373382568359,1191400
2023-02-17,233.09928398097503,238.76697913363736,232.6387197487037,237.6860809326172,1200300
2023-02-21,232.62934446537017,237.25373213734017,232.62934446537017,234.96974182128903,1297400
2023-02-22,234.33997095605676,238.2500124006806,233.09927438565697,234.274169921875,852500
2023-02-23,235.96599851139737,237.74243980892,233.512816306058,234.65951538085935,862400
2023-02-24,230.27952873024017,231.7364020865227,227.17780159731305,228.1365203857422,1132400
2023-02-27,230.3042498448995,231.6519883849916,228.14597850509196,228.21194458007812,1142000
2023-02-28,227.59931477805063,230.73777234448252,225.42217567330317,229.069580078125,1245900
2023-03-01,232.08550629193056,235.7140570158349,230.50214811639583,231.68966674804688,2013200
2023-03-02,229.48424977269048,235.28991031502483,229.20150315595475,234.52650451660156,902000
2023-03-03,236.53401879339097,239.5593691359379,234.5925138371462,238.6640167236328,1055900
2023-03-06,237.73092128653008,239.75724549617453,236.18525621628,237.21255493164065,867800
2023-03-07,236.97697939855615,238.7488449492147,230.7660447372554,231.34095764160156,798500
2023-03-08,232.4624715502069,235.23336249204803,231.6425193094503,234.1872100830078,769300
2023-03-09,234.1117876284661,234.17776806414503,227.88200060294977,229.47479248046875,1092700
2023-03-10,228.90935502392068,229.51254114280607,221.1244675489192,222.61358642578125,1260300
2023-03-13,221.5862818968849,223.33929375730676,217.99543850080084,221.4449157714844,1570600
2023-03-14,227.3636906882294,229.02244892713423,223.9707597665019,226.59085083007812,1362000
2023-03-15,223.42411656292867,224.9320890334207,219.126413717445,223.1790771484375,1322900
2023-03-16,222.67011416142392,225.45985871496623,221.08675612534412,223.58432006835935,1083200
2023-03-17,225.23368871738083,225.62952827942496,219.17355400031815,221.06793212890625,2149800
2023-03-20,221.12445609439607,223.45238077194824,220.2762306021528,223.1979217529297,1201400
2023-03-21,225.40332021701303,226.9207122456458,223.4712350554237,224.78128051757812,1273200
2023-03-22,225.31850652158263,229.38058952347507,223.47124098424607,223.6503143310547,1290800
2023-03-23,228.3061784439636,230.8602891552191,223.50894813715453,224.9886474609375,985400
2023-03-24,224.20638726808065,228.14595799474608,223.5278010604358,227.78781127929688,897100
2023-03-27,229.3051959935561,230.3419145018887,227.1280713068569,227.9574432373047,854400
2023-03-28,228.25902271626128,229.54079490785895,225.5352586067525,226.60025024414065,729100
2023-03-29,229.6727677769531,231.25612599364672,227.4579358155273,230.55870056152344,865100
2023-03-30,233.0845321853604,234.1024114625258,231.33152027153528,232.52847290039065,1646300
2023-03-31,233.97044809241305,235.2710739163863,230.91681048090257,232.28341674804688,1893200
2023-04-03,231.3409519583732,233.47094978421697,230.92625880724987,232.5944366455078,1333500
2023-04-04,233.05626625118344,234.46056550160725,229.5785155406642,230.4927215576172,1596000
2023-04-05,230.16285500787748,231.2561199656769,224.1781062509806,225.6577911376953,1530800
2023-04-06,226.7887856956225,228.1553777268796,222.96232225566587,227.38253784179688,1317500
2023-04-10,225.7520107686976,226.741616669652,222.93399316868425,226.72276306152344,1144400
2023-04-11,227.59930567958727,228.6266045493296,226.1290260571967,227.84434509277344,960700
2023-04-12,230.10629444738836,234.12126510470188,226.42121164864884,232.83949279785156,2112900
2023-04-13,235.1108571456238,238.21160724859823,234.2908904988015,237.03350830078125,1418600
2023-04-14,237.6555766388359,242.70725173005383,237.6555766388359,239.3991546630859,1637000
2023-04-17,239.57819839061384,240.83169739283915,237.41992745275067,238.6828460693359,1096700
2023-04-18,240.41703222946225,243.2539040206818,239.40858689419736,242.2925567626953,1383300
2023-04-19,242.6412785581138,243.09365016074852,237.22200884373024,241.86843872070312,1583400
2023-04-20,240.85997815445847,245.3461882777802,240.85997815445847,243.61203002929688,1058800
2023-04-21,243.61203327204612,245.4781236748999,240.76574206949977,241.491455078125,1308900
2023-04-24,240.83170374478004,241.08617715011707,238.51321301510347,239.01272583007812,864300
2023-04-25,237.5895817108312,238.67344143606527,232.74523912397328,232.83949279785156,928000
2023-04-26,231.5105819539368,233.4049599019829,226.66623961190317,226.98667907714844,1301500
2023-04-27,228.8433579580628,231.6896489909965,227.6746930269531,231.53884887695312,1168600
2023-04-28,230.90740750132255,232.95258567060333,229.135541976506,232.52847290039065,1252900
2023-05-01,233.9233293560907,236.21356123927217,232.46248375239435,232.6698303222656,890400
2023-05-02,231.00163794256943,232.30224934834203,226.60968179422483,231.11473083496097,2021700
2023-05-03,182.92576639962485,197.9300320551569,179.35377691229272,191.04051208496097,14857500
2023-05-04,194.98954173320308,194.98954173320308,187.5533806340611,189.43833923339844,4884100
2023-05-05,192.6521657330443,195.27225660908613,188.0717165071061,191.8321990966797,3312800
2023-05-08,195.0931852739683,197.58132967033467,191.69083494587912,194.16012573242188,3816100
2023-05-09,193.2082423695628,195.5078939943508,189.2498324752828,189.6833648681641,2370600
2023-05-10,191.49291020224015,192.08667667925693,188.40157968570836,189.6173858642578,2230300
2023-05-11,190.12631488010624,191.16304769741873,188.05286362657176,190.182861328125,2087700
2023-05-12,188.2413417380021,189.38174774712783,185.0086454117008,187.6947021484375,4015800
2023-05-15,188.53352619381312,190.0226450030471,186.62029463574893,189.6173858642578,2190900
2023-05-16,189.9095543580378,190.0980473174107,183.68918603109495,183.73631286621097,2021000
2023-05-17,184.25467581559064,185.8851607360002,182.6807373438175,185.734375,2031900
2023-05-18,185.9040252165129,189.05190234412908,185.58358573477537,188.35447692871097,1918200
2023-05-19,190.07920255929608,190.07920255929608,186.6203055408465,188.38275146484375,1795900
2023-05-22,187.55336352359407,188.2696425488028,186.46008418425583,186.5826110839844,1571400
2023-05-23,185.30081643305252,185.4987433717393,180.65438699171509,180.72036743164065,1839500
2023-05-24,179.32550812160372,179.90984058035193,177.44996947539957,178.9673614501953,1646100
2023-05-25,179.10873283965816,181.38954505713625,177.68559448842163,180.10777282714844,1681700
2023-05-26,179.4668755934183,184.06617838524983,179.32550947526377,183.25564575195312,2062100
2023-05-30,183.60554765265545,183.64338330051584,179.72823069111973,181.4872131347656,2474500
2023-05-31,179.88900537393403,179.91737489625302,172.4369696699378,174.03518676757812,4465100
2023-06-01,173.57178447562163,174.21486061694495,172.13434732221023,172.95709228515625,2906600
2023-06-02,174.26215207993434,178.63123154513843,173.382653624559,178.06381225585938,2499200
2023-06-05,173.99734410628028,175.898174017776,171.217015821059,171.2548370361328,2270500
2023-06-06,170.2429774697586,174.5364001804601,169.07031764182304,174.1297607421875,2467300
2023-06-07,173.28809389885163,173.47722885250545,170.6306951302526,171.41561889648438,2075600
2023-06-08,172.3613284585148,172.739612840587,169.5810140081712,171.29270935058594,2227600
2023-06-09,171.16975219270003,171.20757341301342,166.2805405605725,166.94252014160156,3677200
2023-06-12,167.16947397951049,169.94033624423736,165.54288749787034,169.8741455078125,2290400
2023-06-13,171.98302720807425,175.1321737691164,171.07515928639364,174.64041137695312,2371000
2023-06-14,180.09707654405793,182.13976894000055,177.95035774563468,181.72366333007812,3769600
2023-06-15,182.35727283715136,189.66744722148744,182.14922003288177,188.5799102783203,3371000
2023-06-16,191.63445575164835,193.30832964847423,189.5350246078523,192.8733062744141,5234900
2023-06-20,189.3269782442976,190.61311615585225,186.74525072384995,186.82090759277344,2807600
2023-06-21,185.6388255546757,186.7169108554262,182.99089244210828,184.17300415039065,2074500
2023-06-22,185.0524551144586,186.99112085402896,183.40696514717425,184.92005920410156,1566800
2023-06-23,183.14221191573165,183.56776925797044,180.39970400893992,181.515625,3713400
2023-06-26,182.16812117690785,184.80658778204648,181.2980888160359,183.53936767578125,1149200
2023-06-27,182.90576888949056,186.66015652206357,182.03573647502537,185.7995758056641,1241600
2023-06-28,184.97681197131436,185.29834283380137,181.75200835912185,183.34075927734375,1225100
2023-06-29,182.50854017036664,183.5204199791496,180.85358428556847,182.07351684570312,1688100
2023-06-30,183.5677285281833,186.7452447713245,181.64798063441793,185.7144470214844,1603300
2023-07-03,186.4142184726555,187.82330033349373,185.7995263702481,187.24642944335935,952200
2023-07-05,184.4472138907675,188.05975353519216,183.5393603461443,185.01463317871097,1492800
2023-07-06,181.85601855847787,183.5677135370673,179.85114783482015,183.48260498046875,1535400
2023-07-07,182.51803587060047,183.70959920011052,181.40212941710155,182.0073699951172,1214800
2023-07-10,181.50612397770783,186.688511261825,181.38319419229555,182.7071533203125,1605300
2023-07-11,184.1918953274379,184.693109464823,181.7141797329278,182.42344665527344,1254900
2023-07-12,185.22269479068473,185.39291192714393,180.5793571674132,180.6550140380859,1740700
2023-07-13,182.39503683952827,183.6244354526863,181.2223916888813,182.76385498046875,1542700
2023-07-14,182.54641119333715,183.8609187918756,181.1089593636165,183.11383056640625,1139400
2023-07-17,181.22240398287585,182.53691123387165,180.56987620539047,182.18699645996097,935900
2023-07-18,179.86062226423996,180.8630504573096,177.06137602296346,177.95977783203125,2601200
2023-07-19,179.66201392463287,180.93870000118176,176.69255068243226,180.59825134277344,3220800
2023-07-20,175.89819576074223,176.31430132834268,171.5858552057421,172.36131286621094,3320900
2023-07-21,172.1154206851286,173.06110980977218,169.81740303867878,169.9025115966797,4666700
2023-07-24,166.59262321140437,169.18380254399395,162.5923472589974,167.42481994628906,5137600
2023-07-25,168.56910290332712,169.15542560015035,166.47912338485912,168.69204711914062,2778900
2023-07-26,167.50047891296222,169.13653173999015,166.2427104520418,168.39889526367188,2098800
2023-07-27,169.9308750183104,170.66851135465777,163.42452945661,164.02976989746094,3475500
2023-07-28,166.1954010117319,171.45342988957145,166.08190851180268,170.64013671875,2100600
2023-07-31,171.9074011300044,173.2502782147882,169.44860315894604,170.2240753173828,2954400
2023-08-01,167.44375025836632,168.67314927189346,165.3916061463585,165.5240020751953,2859000
2023-08-02,162.68687268504198,164.89032972122448,161.61823952915012,163.13134765625,4455600
2023-08-03,162.8665838959548,163.93521723554912,161.74121151710253,162.50721740722656,3216100
2023-08-04,162.84769736077598,163.25435127037323,160.81447110301107,161.39134216308594,2363400
2023-08-07,161.8830552126663,162.9611546528608,160.03896433088488,160.90899658203125,1724900
2023-08-08,159.0176456676412,159.97280106972755,157.2397596447857,159.00819396972656,2905300
2023-08-09,158.80011590218572,158.92306010587552,156.5966585126047,157.16407775878906,2778500
2023-08-10,160.34158528095966,165.78874914891762,160.07679349481333,160.7104034423828,2724500
2023-08-11,159.2067915818928,161.21164818147713,158.29892354939687,158.52589416503906,1965400
2023-08-14,157.47615866488636,159.1311146497099,157.1924490386167,158.09085083007812,1836100
2023-08-15,156.01978185130358,156.511544217967,153.66502525511208,154.6390838623047,2341600
2023-08-16,153.2489280980919,155.8117375879076,153.2489280980919,153.3245849609375,2494900
2023-08-17,153.0787090737836,155.97251577155575,152.52075589847666,153.25839233398438,4463500
2023-08-18,143.74476873522957,153.15437406576453,141.3332582158279,148.1800537109375,8014500
2023-08-21,146.93173028148377,148.04765107070386,141.77772689086743,142.70449829101562,5334900
2023-08-22,141.74934683949297,141.843921527004,139.18652288068623,141.46563720703125,5636900
2023-08-23,141.8533964406605,144.97417404836978,141.67371316302388,144.56752014160156,2675400
2023-08-24,143.25298326774566,146.58181299686856,142.30729415163685,142.54371643066406,2918700
2023-08-25,143.2529760260438,145.93874394687612,142.85578834896512,144.8795623779297,2131700
2023-08-28,146.30758087498614,148.78528193416153,146.18463666271285,147.89633178710938,2032600
2023-08-29,148.63398084288715,151.10223041493282,148.47321539858663,150.61993408203125,2078100
2023-08-30,150.66738899986711,156.37462560233774,150.66738899986711,155.33004760742188,2844100
2023-08-31,155.83338851552872,157.41925971481018,152.4052434409981,152.44322204589844,2252500
2023-09-01,154.59882214893446,155.26355618872245,152.17727754888546,153.55422973632812,1413600
2023-09-05,152.53815664002352,154.9976801105885,152.49067252678404,152.95599365234375,1772800
2023-09-06,151.6740043674726,151.9968731731577,148.59721621592644,148.6921844482422,1845400
2023-09-07,148.5117427646075,149.88869509293562,147.0113346412174,147.5716094970703,1676600
2023-09-08,147.75205629441717,148.1414057744014,145.8433164749204,146.24215698242188,1516700
2023-09-11,147.59060671260406,147.7140625082285,145.04562054825004,145.57740783691406,1927600
2023-09-12,145.08361695677485,145.6628884294988,143.15588055363685,143.6781768798828,1658500
2023-09-13,143.04190808241583,144.83669736878835,142.54809940597258,144.71324157714844,1967000
2023-09-14,145.82429498340542,146.99232873342254,145.3019987569373,146.4700469970703,1564100
2023-09-15,149.04356753128494,150.92382004907532,147.59064315524867,147.85653686523438,5414800
2023-09-18,147.01133928837135,148.14139455241428,146.11869010534187,146.43206787109375,1375700
2023-09-19,144.96968161965614,145.50146902847086,142.60511136604762,144.3524169921875,1567100
2023-09-20,145.12159964754662,145.75784622115128,143.03241449228648,143.2413330078125,1074500
2023-09-21,142.32018538677676,142.41515361027623,138.65463510749137,138.7401123046875,3139600
2023-09-22,139.5947702933012,141.1236659761182,138.13235526587985,140.18353271484375,2213600
2023-09-25,138.8255769991708,139.42384493752587,137.1922220643893,138.1608428955078,1629900
2023-09-26,136.74589142718753,137.27767868654135,132.07374187557255,132.58653259277344,2930600
2023-09-27,133.32726270951184,133.8210714649138,131.18111673775965,132.9853973388672,2075700
2023-09-28,132.43463861410478,134.96062876147516,131.59896442062052,134.7991943359375,1799800
2023-09-29,138.55967803843495,139.9461213314045,136.46100206659867,137.2681884765625,2148700
2023-10-02,136.0242033117115,137.98991827096617,135.02709480073034,136.17613220214844,1493200
2023-10-03,135.41642421441983,136.57496696178072,133.69759214554654,133.95399475097656,1322900
2023-10-04,134.57125776885408,135.3214545447141,133.08983177898293,135.20750427246094,1207200
2023-10-05,134.48578929342585,135.31197229117174,133.1373245205821,134.2673797607422,1195600
2023-10-06,133.1943068139357,139.65175532586608,132.59605332357438,137.9424285888672,2218900
2023-10-09,136.1571643731627,136.97384201632752,133.11835440502946,134.76121520996094,1442800
2023-10-10,136.2616272950555,138.1228832357424,133.17534761176404,133.58367919921875,2015200
2023-10-11,134.38133946726606,135.28349421143113,132.07375920196293,133.35574340820312,1655300
2023-10-12,134.51426865298907,134.84664293514325,129.55722892954424,132.58653259277344,1892400
2023-10-13,132.5960725659386,133.06137929373196,129.43382126611368,130.74429321289062,1506600
2023-10-16,131.57994646925246,133.9540073235335,130.71578484066598,133.14683532714844,2124600
2023-10-17,132.15920990252883,136.4800032939639,131.80785355418763,135.48289489746094,1642500
2023-10-18,134.6187687971893,134.92265560349367,131.03869473493356,131.64645385742188,1516200
2023-10-19,132.70051046583518,134.14392902950902,131.48499247004798,131.81735229492188,2535400
2023-10-20,132.17822771684513,132.55807169563317,129.92762243778213,130.38343811035156,1593600
2023-10-23,128.7405696555435,132.52007020513503,127.62000547845872,130.07003784179688,1724000
2023-10-24,130.34541499226614,133.48868332665322,130.34541499226614,131.067138671875,1275200
2023-10-25,129.40532014267282,129.80416064907683,126.66090622541896,127.77196502685548,2014100
2023-10-26,127.2496690594422,129.53826733134864,126.87931612462022,127.46807861328124,1665400
2023-10-27,128.57913374939702,128.57913374939702,117.4115563878895,118.25672149658205,4227400
2023-10-30,118.36117159872369,122.26412803241156,118.36117159872369,121.52342224121094,3792000
2023-10-31,121.30501695754718,122.60600497371462,119.76663009009827,122.37808990478516,3239200
2023-11-01,103.77494405566527,104.5061588359531,97.07059870555352,99.2452392578125,15176000
2023-11-02,98.59950146516852,109.1118430993837,98.59950146516852,108.61803436279295,6950600
2023-11-03,110.54578053896248,110.67872737614827,105.14241535241372,105.37032318115234,4036400
2023-11-06,106.4148997237292,107.52596569213075,105.53174881016102,106.99417114257812,4303400
2023-11-07,106.59533901970764,110.40333489660064,106.35793291944104,109.7101058959961,3546800
2023-11-08,107.6589063185212,112.44501351852637,107.35502684130142,110.72618865966795,4895300
2023-11-09,111.82775912356628,112.03667762789186,108.7604694597157,109.51067352294922,2965600
2023-11-10,110.09945383842036,110.09945383842036,106.0825394902562,108.96939849853516,2901800
2023-11-13,108.91241668529342,109.0833493544317,106.680793714583,108.0007781982422,3117700
2023-11-14,110.62173461340517,117.39256062767944,109.25428052412506,116.6328582763672,4274100
2023-11-15,117.7534020158377,120.8301824269902,117.33556504510496,119.71912384033205,4116100
2023-11-16,118.22823091816107,119.5292188786544,115.40784545512084,116.44293975830078,2414700
2023-11-17,117.86736360053888,118.7315178938806,115.36984720564666,117.5729751586914,2208700
2023-11-20,117.01271659568371,117.17415100054916,114.46772298199116,116.28150177001952,2169600
2023-11-21,114.9045532594278,114.9140515321154,113.30918396569288,114.09737396240234,2034500
2023-11-22,115.236927823208,116.66136452620208,114.06889378398633,116.45244598388672,2067500
2023-11-24,117.35456811633,118.55108947081928,116.6708374880172,117.6679458618164,928000
2023-11-27,117.27860900096957,118.41815534020238,115.85417245439908,116.54740142822266,1798800
2023-11-28,117.23112732326572,121.1530806665752,116.0725916604724,119.68115997314452,2383100
2023-11-29,120.64533158349715,122.42093939888773,119.44251105513624,119.90072631835938,2458700
2023-11-30,121.68587092583184,122.27773289399876,119.3661352966356,121.89588928222656,4817400
2023-12-01,121.90541696940552,126.39214446684326,121.666761096495,125.9530258178711,3112600
2023-12-04,124.74064682800118,134.1150562765648,124.74064682800118,132.64492797851562,6849900
2023-12-05,130.66885176429935,131.45163535447577,125.96255096784112,126.17256927490234,3716400
2023-12-06,127.48040371307408,131.1652506569104,127.00309200825797,127.30857849121094,3272400
2023-12-07,127.17496190291008,130.3824979012569,127.17496190291008,129.6760711669922,2291200
2023-12-08,129.284669059222,129.86699004644987,127.45179346820976,127.66181182861328,1659800
2023-12-11,128.12006403944363,129.2560541028975,127.48045328782786,128.68328857421875,1998900
2023-12-12,128.62601406337143,130.41115588046895,126.01988064193252,130.39205932617188,2439900
2023-12-13,129.84790409453032,136.91211279611286,129.61878919025418,136.53981018066406,3471200
2023-12-14,138.8786286101937,141.42747171566995,138.64952828294142,139.43231201171875,4176900
2023-12-15,139.460956220712,140.39649782305423,135.76656760313577,137.12213134765625,4399600
2023-12-18,137.46578007352582,138.3631284685184,136.30113827147994,136.3966064453125,2333500
2023-12-19,138.21038679107843,144.32952681692467,137.4657816391781,142.25799560546875,3924800
2023-12-20,141.59931498771135,142.7830534509052,136.84529371786448,137.09349060058594,2546000
2023-12-21,139.82372271728585,140.25330043279246,136.78801203266494,138.85955810546875,1873900
2023-12-22,137.48489712655095,140.1387496112412,136.15797088420584,137.87628173828125,1843200
2023-12-26,137.62806666456984,139.08863943746414,136.96937412651977,138.42994689941406,930200
2023-12-27,138.84043365633508,139.77596053689666,137.7617045217789,139.10772705078125,1272800
2023-12-28,140.80695646679462,141.18880001370485,139.4895714670784,140.8546905517578,1074800
2023-12-29,140.10054600058743,141.37019706141425,139.42277144188395,139.6136932373047,1270100
2024-01-02,137.79034299135907,139.15546207674095,135.98610528344418,138.8499755859375,2086300
2024-01-03,136.64481239098987,136.9789364552244,131.5184886627694,132.36810302734375,2463400
2024-01-04,132.14853552539265,133.16044875855567,131.06026522406626,132.42538452148438,2040800
2024-01-05,130.7834342232293,133.4945617725047,129.92427880306747,131.06982421875,2404200
2024-01-08,130.50657936945095,132.7881288517132,129.68560261280774,132.72129821777344,2486300
2024-01-09,131.45165824804687,132.9981582845081,130.83115877500697,132.95042419433594,1649800
2024-01-10,132.24401827443265,132.25355926740386,129.03648210152508,129.5137939453125,2573500
2024-01-11,128.87419911743848,132.5017720799504,126.97449271617312,132.20584106445312,2794800
2024-01-12,132.93134133371848,133.07452905258052,128.2250537993773,128.69281005859375,1978200
2024-01-16,127.6713683726428,127.90046871928736,122.63095681685614,123.87195587158205,5142600
2024-01-17,120.28257989537312,120.8935384486936,118.5069793237854,120.54987335205078,4909300
2024-01-18,121.06537610686637,122.87916257499184,120.32077079377925,121.86726379394533,2232400
2024-01-19,122.26819582307604,122.26819582307604,119.23249239965212,120.12029266357422,2766200
2024-01-22,120.52123284315488,121.40903310710968,119.15612076595984,119.51887512207033,2909800
2024-01-23,121.55222294791017,126.77401512840856,121.55222294791017,122.3350067138672,3663900
2024-01-24,123.92924389762784,123.97696342495196,120.43531799316406,120.43531799316406,2276800
2024-01-25,121.71450208743929,123.66192771162262,119.84344081168692,122.82186889648438,3084000
2024-01-26,126.22987372919134,128.77871697666146,124.8552134234996,124.8647689819336,3077500
2024-01-29,124.83608751177437,129.39918551913706,123.94828030741904,129.36099243164062,3201500
2024-01-30,127.78591291682554,130.3347561257695,126.24896837138743,128.0913848876953,2177200
2024-01-31,128.11048826387085,128.87419008133665,125.4852732807325,126.0007781982422,2383500
2024-02-01,127.14632264580474,128.7882764422611,125.30389147935291,128.58779907226562,2451200
2024-02-02,125.05568263628923,129.656975050351,124.2728843485264,128.0341033935547,6052700
2024-02-05,152.22429893364864,152.5011333925625,143.0599057482862,143.46084594726562,12224600
2024-02-06,143.19353259474855,144.55863728028012,138.5445205644202,139.5755157470703,6008100
2024-02-07,140.04328983100552,140.8451702199036,134.8405937295867,135.48973083496094,4119900
2024-02-08,135.4897069305023,136.196133567364,131.75714010033482,134.38235473632812,4338500
2024-02-09,135.16514788692513,138.63997710180865,134.2296208661795,136.8357391357422,2578800
2024-02-12,137.38941745595648,140.7687929281893,137.23667419436873,139.28912353515625,2677400
2024-02-13,135.84295154109483,138.1626800739277,133.8382360018259,135.7093048095703,1981500
2024-02-14,136.8643932075484,138.70682449615109,135.60429751649292,136.17706298828125,1943500
2024-02-15,137.68537073823282,140.9120034718717,136.74030260757402,138.72592163085938,3148000
2024-02-16,139.07908877249528,140.94060153332967,138.2008369716503,139.7282257080078,2419500
2024-02-20,137.46578844069182,138.678164403448,136.5684399910801,138.52542114257812,1934700
2024-02-21,138.19128020358,140.90242177052477,137.80943666443713,140.78785705566406,2394600
2024-02-22,141.55158653803545,144.30090717301994,140.0146419561726,141.92388916015625,2421500
2024-02-23,142.63986326785886,144.8450415568744,141.52295535133413,143.1840057373047,2234500
2024-02-26,142.23891188907106,143.97633377784297,137.89537173354097,138.43951416015625,1658700
2024-02-27,139.44186427456577,142.67803741812554,138.27722241722338,141.77113342285156,1831600
2024-02-28,140.03557840716613,142.29854790665345,139.87256969030202,141.32049560546875,1582300
2024-02-29,142.154681350829,144.31217229881798,142.154681350829,142.4711151123047,2913100
2024-03-01,140.34239899866273,144.07246079266346,138.41504555587014,142.71084594726562,2156600
2024-03-04,142.44235548299386,143.5930144420547,140.27526623481637,141.70401000976562,1934000
2024-03-05,140.09309863039385,142.3944166838257,140.09309863039385,141.262939453125,1733900
2024-03-06,139.98761252009004,141.4163416641421,137.17807214066573,139.43145751953125,2847200
2024-03-07,139.21091627423618,142.7683860364397,139.0383239985628,142.07798767089844,1483100
2024-03-08,143.08481538276433,144.22589083002836,142.0108689060092,143.35330200195312,1750600
2024-03-11,143.90945334049098,148.99154644134262,143.62178493262712,147.59156799316406,2212900
2024-03-12,148.11895917322587,148.75182675081126,143.46836132018305,145.8272247314453,1846400
2024-03-13,147.22718656720656,152.98049618053335,147.0737760973993,151.4462890625,3541100
2024-03-14,150.31479640935757,151.0147929431143,145.24230156580074,146.55596923828125,2391300
2024-03-15,144.9546478198972,146.584749440008,143.3053644024417,143.59303283691406,4432000
2024-03-18,143.1423497523011,143.89987708596422,141.0903364644684,141.7423858642578,1613300
2024-03-19,141.1766468918335,142.03005403176758,140.05475309875783,140.17941284179688,1499000
2024-03-20,139.162994694702,141.17664456000435,137.83014503454058,140.72596740722656,2204800
2024-03-21,141.43552939912192,142.22182207716963,139.86295867444963,140.23692321777344,1462000
2024-03-22,139.54653753318587,139.76707699374188,135.23155488928668,137.29315185546875,2003200
2024-03-25,137.90685275603357,137.90685275603357,132.69051582463402,133.44802856445312,2241100
2024-03-26,134.35895460082202,135.7493494843803,133.28500813816703,133.58226013183594,2305500
2024-03-27,134.92471619731865,139.09585721203814,134.6753967306028,139.07667541503906,1838200
2024-03-28,146.01900824252107,148.6751238186612,142.43277303559222,147.81211853027344,4845600
2024-04-01,147.8408939349989,148.82855902379185,144.17796055449654,145.779296875,1829000
2024-04-02,147.94635570495623,149.3271524039178,144.1971265890595,146.48886108398438,2470800
2024-04-03,145.04094298395268,145.78887212968883,139.35476183349405,140.4574737548828,3396100
2024-04-04,141.91499740946338,143.87111661160435,138.31917821834523,138.376708984375,2064800
2024-04-05,138.60683640886415,140.64925160870254,138.02191594519573,138.49176025390625,1442500
2024-04-08,138.8082018149141,141.53144661891963,138.8082018149141,139.45065307617188,1680200
2024-04-09,140.24654278996158,142.5286942269499,139.8821763666957,142.44239807128906,1349100
2024-04-10,137.868469485255,139.78623928155167,137.35067807808073,138.9136505126953,1675800
2024-04-11,139.98764102259335,140.03557357245512,136.8424990649663,139.45065307617188,1370000
2024-04-12,137.37946375868478,138.19450726371784,132.44119702450993,133.09324645996094,2166800
2024-04-15,134.8575847125824,135.9411294357825,130.76314169924666,131.59738159179688,1778000
2024-04-16,130.76313662951628,132.31654020596298,129.21933126673034,131.30010986328125,2178500
2024-04-17,133.3713035545803,133.9082767830186,131.7316184914149,132.36447143554688,2200900
2024-04-18,133.60145422054856,140.60131793053313,132.4987276470014,138.85614013671875,3921100
2024-04-19,138.07944882816602,139.20134259412387,137.85890936086446,138.47259521484375,2324700
2024-04-22,139.39313859023216,141.72323726379864,137.4274356107196,141.35885620117188,1777400
2024-04-23,140.9560721389027,143.74643054788748,140.38073537964468,142.8546600341797,1884900
2024-04-24,141.2054056922792,142.34648123065818,139.44106073060607,141.30130004882812,1840400
2024-04-25,140.95607028577473,141.74236287099532,137.46573008300288,139.02871704101562,2969500
2024-04-26,139.76702527914009,141.6368621047856,137.80132339604654,141.38754272460938,2435900
2024-04-29,142.12592804869686,142.9313878928271,139.68076850697997,140.7547149658203,2126400
2024-04-30,140.23694596666573,142.5958097520348,139.4602513761861,140.67803955078125,3755300
2024-05-01,134.63704774687454,135.2027863911539,118.9305066032082,122.13318634033205,11758400
2024-05-02,125.21119829629782,129.42070263379256,124.31942768609922,129.39193725585938,4842600
2024-05-03,129.45904334881433,130.58093691102655,125.10571239891168,127.47415924072266,3791900
2024-05-06,127.5317082629368,128.01115077520348,123.5523412636931,124.73176574707033,3473600
2024-05-07,124.65504933447102,125.24955334924132,123.2263054247864,124.16602325439452,3269400
2024-05-08,123.38932567553636,124.30986179467116,121.40444115855774,124.20438385009766,2981200
2024-05-09,124.94273419266264,126.62078315441369,123.30303419792426,126.24681854248048,1591700
2024-05-10,126.29475235297949,127.2056901951966,124.1756100221114,126.57282257080078,1772500
2024-05-13,127.52210357894523,129.23850105102127,126.8700542618164,129.17138671875,1836900
2024-05-14,130.31244024768748,131.30009043466652,128.14536583739363,128.548095703125,3701300
2024-05-15,129.7754881221541,130.99327612891864,129.3535763949964,130.40835571289062,1802000
2024-05-16,130.43714703322826,133.61105456909766,129.7946957323464,132.55628967285156,2618800
2024-05-17,132.41241954339594,132.489132095346,128.94126069833953,129.20974731445312,2908000
2024-05-20,128.92208353976037,129.0946904457124,125.5947514652883,125.74817657470705,3543700
2024-05-21,125.1344883120574,127.66594404207888,124.6646294104698,127.26321411132812,2690900
2024-05-22,126.57282661444506,127.66595498631284,124.86601239576424,125.39340209960938,2268900
2024-05-23,125.61392504562788,125.61392504562788,120.75237877351331,120.94415283203124,4541600
2024-05-24,121.11675064645596,122.03727928221151,120.63730819143466,120.87702941894533,2202800
2024-05-28,120.83867314465826,121.82633074719963,119.62089252781708,120.87702941894533,2787600
2024-05-29,119.07433989840564,119.54419150121284,116.53329317873796,116.55247497558594,3322100
2024-05-30,116.29357754033894,116.81137634454254,115.02784956863428,116.39905548095705,2903100
2024-05-31,117.35353241766283,119.03111123515149,116.71720510596089,118.93470001220705,2969100
2024-06-03,120.35197302843385,121.38358860580284,118.33694380941282,119.76385498046876,1702300
2024-06-04,119.1660987466431,120.43874612464366,118.54905803947348,119.1082534790039,2603500
2024-06-05,118.46228148232248,119.25286529034952,117.71989960857098,118.5490493774414,3054800
2024-06-06,118.4719257133472,120.25556658707652,118.2019713243324,119.07933044433594,1333400
2024-06-07,118.0091417985482,118.0091417985482,115.88805806551495,116.14837646484376,2187000
2024-06-10,115.79165258368218,115.87842783966424,114.38402802989684,114.54792785644533,2409100
2024-06-11,114.09477663208315,114.09477663208315,111.87728912075956,113.3813247680664,2487700
2024-06-12,114.73111181131614,115.2903072308918,109.81406563340076,109.92975616455078,3112600
2024-06-13,110.28647918110902,111.74231290826508,109.48625206204864,109.99723815917967,3297700
2024-06-14,109.3319929420272,110.81674926443984,108.99454999504808,109.81405639648438,2782300
2024-06-17,108.86920802844136,111.24095932511187,108.6088970013636,110.75889587402344,1713800
2024-06-18,109.07167384372232,111.22168007304288,106.42996819018012,106.81562042236328,2989700
2024-06-20,106.2564229817102,108.7245854504313,105.88041408548172,108.65709686279295,3118400
2024-06-21,109.7369388770808,110.286490993041,109.08133219876817,109.76586151123048,4748300
2024-06-24,109.76585003604058,111.66518127416676,109.67908214266252,110.99993133544922,2684400
2024-06-25,110.7396091954158,111.64589077691429,108.3678580567428,109.79476165771484,2058600
2024-06-26,108.95599673263328,109.76585989975638,108.09792427216485,109.15846252441406,1922600
2024-06-27,108.88849578859592,109.40912520372936,105.98647172405214,106.88311004638672,2747400
2024-06-28,106.053970364822,106.23715684927784,100.27885167455328,102.58311462402344,7457700
2024-07-01,104.4824459628022,104.4824459628022,101.04051285633231,101.59970092773438,2996000
2024-07-02,102.18781882842596,103.4315435430339,100.73199235228246,102.07212829589844,1739000
2024-07-03,102.35171921839016,102.96875986994976,101.975702945507,102.62167358398438,1682600
2024-07-05,102.92055674924516,103.7111405911704,101.19476854495726,102.53490447998048,3075400
2024-07-08,102.76628754764111,103.44118082263516,101.70574937917034,102.67951965332033,2120800
2024-07-09,102.1203205624594,102.2263751110372,99.86426712334188,100.47166442871094,2691300
2024-07-10,99.69072463936776,100.51987437603184,98.29273619699018,98.5434112548828,3303800
2024-07-11,100.24992652058728,101.80216418964714,97.71426785797232,97.9649429321289,4288000
2024-07-12,99.32435366148556,100.75126476257569,98.8230108915216,99.65216064453124,3050600
2024-07-15,98.65913014329634,99.35330284793442,96.21988970195316,97.4154052734375,3379700
2024-07-16,97.41539679417824,98.7169668242299,96.68265818576108,97.3671875,2785500
2024-07-17,97.18398857949936,99.26649873247364,96.63443657399326,97.06829071044922,2267400
2024-07-18,97.6082119180673,98.08063942722364,93.27928390299348,93.42390441894533,4414100
2024-07-19,93.52031893607564,95.67996135500196,92.4308580748742,95.6221160888672,3803100
2024-07-22,95.34253049033944,98.3120437909773,94.08916228966444,97.4154052734375,3221300
2024-07-23,96.82727109812411,97.57928895165084,95.80529887212168,96.37413024902344,2543500
2024-07-24,98.27346704665804,98.34095564355776,95.43893126545916,96.21987915039062,2468800
2024-07-25,95.80529807095937,98.0709949418112,95.57390230588231,96.3162841796875,3646200
2024-07-26,97.28040806968843,98.50484602624236,95.8534969861432,97.10686492919922,2046000
2024-07-29,96.79833722856591,97.5214323661961,94.8700835282188,97.1165008544922,2286900
2024-07-30,94.87973033105727,96.17165682686552,94.23375972744876,95.8727798461914,3140300
2024-07-31,96.41270635401952,97.70463308842464,95.42929998571906,96.03669738769533,2009800
2024-08-01,96.08489247835236,96.59587856957364,92.37299794790952,93.6360092163086,2072200
2024-08-02,93.00932384405958,93.52030992757588,90.16514505655078,92.0741195678711,2596100
2024-08-05,87.89945979381748,89.70237999277286,87.02210801914785,88.89250946044922,4730200
2024-08-06,89.36493169265857,91.3895968696085,88.53578190546015,90.02053833007812,3540500
2024-08-07,91.16784031051203,91.4088720434444,88.12120303121341,88.28510284423828,3845000
2024-08-08,88.69967956541902,89.78914037289704,87.87052979841633,88.41043853759766,4569100
2024-08-09,88.04408109887267,88.2176242604986,85.74946138911261,85.9519271850586,3447900
2024-08-12,85.95191340898415,85.98083603866858,82.96312153175359,83.10773468017578,4523800
2024-08-13,83.53196883619654,88.84431105657254,83.17523917190144,88.62255859375,6367500
2024-08-14,87.88017210130998,88.90214430445624,86.55931554471724,88.34294891357422,3716100
2024-08-15,90.3097602470783,92.85505454185952,90.0687285346505,91.7270278930664,3774400
2024-08-16,88.56471273928534,91.98736676076906,88.48758080875085,91.56314849853516,3905200
2024-08-19,91.6884736154138,93.14430740351486,89.0467677703092,89.5191879272461,11614000
2024-08-20,88.69968415632165,88.94071590674645,84.58286509557661,87.70663452148438,10044500
2024-08-21,88.7478938703728,89.72165685060797,87.62950301234925,88.22726440429688,5145200
2024-08-22,92.51762556134344,92.51762556134344,88.04407689281477,88.15977478027344,9527100
2024-08-23,88.5839734863528,91.76559507516846,88.31401914174138,90.33868408203124,5478300
2024-08-26,90.14587361976584,92.26695005677236,89.66381012447296,91.11000061035156,3193900
2024-08-27,90.897897994977,91.44745012467726,88.37188980667669,89.53848266601562,2817000
2024-08-28,88.89250474285278,89.2685136771426,87.88017582580522,89.07569122314453,3064900
2024-08-29,89.76021622731912,90.00124796120328,87.11851048354609,87.32097625732422,3191000
2024-08-30,88.26305370479123,89.13713915168594,87.56379275697705,89.02059936523438,2653400
2024-09-03,88.11736864222617,90.37056230248028,87.84542521641386,89.86553192138672,4223900
2024-09-04,89.36050971798056,90.7104831022085,88.64181320099388,89.74899291992188,4040400
2024-09-05,89.8946684184453,89.99179477705036,86.85480160050881,87.47637176513672,2963700
2024-09-06,87.12673783502674,87.82600612437352,84.96095637131748,84.98037719726562,3868900
2024-09-09,85.04835483571613,85.29115589524594,84.03830153890806,84.40736389160156,3090500
2024-09-10,84.39766293308111,84.49478189009496,81.13441559144616,82.67862701416016,4147700
2024-09-11,82.45524400543556,82.55236295049603,80.01751921300476,82.086181640625,2994400
2024-09-12,82.10560390583758,82.80487211495246,80.69735337089791,81.775390625,2792800
2024-09-13,81.86281623056333,83.22250381379622,81.28009509766385,82.12503814697266,4165900
2024-09-16,82.65920618663797,84.4462187067373,82.10561998098747,82.67862701416016,2712700
2024-09-17,83.20306840959138,85.61165827037371,83.18364758437163,85.56309509277344,3482500
2024-09-18,85.57281359822346,86.6314227549473,84.91239436137799,85.46598052978516,3574400
2024-09-19,87.67060633915715,88.35045377511372,84.72785858169097,84.92210388183594,3381000
2024-09-20,84.22283886253662,84.62102877618457,82.08618493690332,82.56208038330078,9790700
2024-09-23,82.14445897636733,85.1746115580876,81.72684084366864,84.20340728759766,3658000
2024-09-24,88.37958409598936,90.16659630566976,87.43751481622733,89.33136749267578,7132700
2024-09-25,89.02058618722081,90.67163046828892,87.69974779848614,88.9720230102539,4799000
2024-09-26,95.57621839353509,98.91715613553876,94.66328398354592,97.87796783447266,9735000
2024-09-27,97.84883591194944,98.77147705840504,96.76108439858729,96.99417877197266,3820400
2024-09-30,100.0049077371424,100.46137494269304,96.2172094935124,96.8193588256836,5288800
2024-10-01,96.1298118278968,96.42116869315188,93.19677048030044,94.43991088867188,3915700
2024-10-02,94.59530027618634,96.13951155610955,93.68236586333065,94.3233642578125,3108200
2024-10-03,93.24533405771916,93.98344404725331,91.79823420492694,92.66261291503906,3095800
2024-10-04,93.93489153509248,94.32337478026498,92.86656816814433,93.0996551513672,2269100
2024-10-07,93.8766014806568,94.59529051357332,92.41979518140164,93.27445220947266,2675300
2024-10-08,90.59393186425908,91.45830305980137,88.56411852475206,91.20579528808594,3378500
2024-10-09,91.0406801120558,91.45829821664,89.39935004402027,91.0018310546875,2225200
2024-10-10,91.040689005048,92.22555943657105,90.44825378928648,92.20613861083984,2113900
2024-10-11,91.7496727889373,94.63415078894964,91.37090369900648,93.33273315429688,2861000
2024-10-14,92.75001716694511,92.9248342496164,90.63279134779329,91.72054290771484,2284900
2024-10-15,90.10834277689142,91.46803041476426,88.52528227711964,88.7972183227539,4638400
2024-10-16,87.41810154757837,88.9040429483331,86.69940502705977,88.2339096069336,3293000
2024-10-17,88.37959710019256,88.62239819112715,86.53430732714938,88.32132720947266,3116600
2024-10-18,89.04973143608926,89.1371362731053,87.22386247049539,87.4472427368164,3125000
2024-10-21,87.1461721384425,87.79687729367458,85.55339014086186,86.68970489501953,2248900
2024-10-22,86.42747476969137,87.03933826470363,83.74695604477559,85.06778717041016,2647200
2024-10-23,84.79585020264518,85.60195159884329,84.23255730586814,85.26203155517578,2132200
2024-10-24,85.53396304205883,86.42746922638955,84.60160779627448,86.07783508300781,2234200
2024-10-25,86.27207622600368,86.41775834699759,84.62102453757336,84.7375717163086,2882500
2024-10-28,85.31058054606602,89.79754699491728,84.75699440189676,86.16524505615234,6038100
2024-10-29,85.95158063861686,86.83538010918443,84.91239233293348,86.19438171386719,3728400
2024-10-30,85.4659793354154,86.40804870227836,84.05773604888265,84.64045715332031,4669300
2024-10-31,64.00236441401795,70.50943021561446,61.535504619732805,66.95482635498047,27601100
2024-11-01,66.06131763792361,66.95483128497338,64.65307427274827,64.66278839111328,11486400
2024-11-04,65.34262324821361,66.47893048575206,64.27430001438171,64.5365219116211,6304900
2024-11-05,64.09948424552054,64.64335628619645,62.75922496969741,63.96351623535156,4955500
2024-11-06,63.60417015042897,63.837264527008415,61.0693299351614,61.45780944824219,8126300
2024-11-07,62.32218174273119,65.80880923362221,61.93370222326312,64.40055847167969,6386500
2024-11-08,63.93437624261384,63.93437624261384,61.76858754933104,62.05995178222656,5676900
2024-11-11,62.63296070673519,64.80846358599696,61.96283110050296,62.730079650878906,5866400
2024-11-12,62.39015993195806,62.39015993195806,60.496314578387846,60.93335723876953,5974700
2024-11-13,61.24414547371339,62.05995724698784,60.63228571754493,61.049903869628906,4223300
2024-11-14,61.603496686106425,63.429358329076855,61.33156063393016,62.96318435668945,4010600
2024-11-15,62.86605575469131,62.86605575469131,61.613197650437414,61.91427230834961,3633100
2024-11-18,63.39049904798697,64.04121153620831,62.399873959022464,62.71065902709961,3266800
2024-11-19,61.81715553471005,63.225398813980014,61.13731177980534,62.9243278503418,3945500
2024-11-20,63.079721468189106,63.52648200317978,61.57435912617763,63.44878387451172,4745300
2024-11-21,63.74013453719972,65.50772603896101,63.28367474754049,64.91529083251953,4159300
2024-11-22,64.66278769542394,68.0911378809644,64.66278769542394,67.91632080078125,8249500
2024-11-25,69.3245707493008,72.54896921648452,69.28572168226222,70.86878967285156,10287400
2024-11-26,71.043596074599,72.05364943644066,69.86843975997473,71.0727310180664,4799500
2024-11-27,71.86912555439734,74.21943842257765,71.55834044298261,71.83027648925781,5396300
2024-11-29,70.57146610203095,71.35212689416159,69.78105244757518,70.37630462646484,3620900
2024-12-02,70.75687059079738,74.23079527892133,69.82983502356326,74.14297485351562,4469300
2024-12-03,73.61603402801862,75.79211350903874,72.9915083742335,75.6067123413086,6544300
2024-12-04,75.7140453881119,77.49004904395046,75.58719117480899,77.3729476928711,5700500
2024-12-05,77.72424961247964,77.84134352662764,75.38227454538392,76.280029296875,4243800
2024-12-06,77.87061196659626,79.1001425376443,77.08995125440154,77.40221405029297,4895200
2024-12-09,79.62708685927112,82.2325302427061,79.23675650583242,79.70515441894531,5419200
2024-12-10,78.84643463317828,80.64194385967977,78.65126573142875,80.5833969116211,3781100
2024-12-11,79.78323922479663,80.71026750028695,78.86596381267462,79.25629425048828,4532700
2024-12-12,79.19774105025346,79.83201958617283,77.92916908854812,79.06111907958984,3392500
2024-12-13,79.04158563294664,80.12474869832596,77.25582950408541,78.10479736328125,2842800
2024-12-16,76.56301586337415,78.32925182320488,76.14341198151604,77.64617919921875,4447400
2024-12-17,77.50954965801819,78.14383551165447,76.2800117281159,76.2897720336914,3502800
2024-12-18,75.6262179830816,76.50445942283933,73.05004805641379,73.14762878417969,4068700
2024-12-19,73.17689493329605,74.55280762534842,72.10349214544992,72.89390563964844,3906300
2024-12-20,72.21084482103038,73.72337225133587,72.18157134540027,72.56214141845703,7621000
2024-12-23,72.14253695461397,73.54772333247216,71.85954761768794,72.94271087646484,2995200
2024-12-24,72.96221481922676,73.46964647814912,71.68389025624654,73.26472473144531,1162700
2024-12-26,73.06956704638665,74.05514959870061,72.70851758039012,73.1866683959961,1740500
2024-12-27,72.32795340054649,73.40135646893172,71.90834950304922,72.81586456298828,1853400
2024-12-30,72.05471934131083,72.81586703429687,71.03011033236882,72.3962631225586,2277100
2024-12-31,73.06956422807484,73.67457667698876,72.55237964921368,73.16715240478516,1939800
2025-01-02,73.68433673757208,73.9868392385525,71.41066921457492,72.19132995605469,2364800
2025-01-03,71.8693096659716,72.13277839573794,69.40048058305669,70.41533660888672,3519700
2025-01-06,72.14254112159149,73.15739718144832,71.07889096998908,71.79124450683594,3308700
2025-01-07,72.87441096845787,74.74798803126767,71.97665622314484,72.37673950195312,3037700
2025-01-08,70.83493708992208,72.6011805131451,70.01524993257215,71.87907409667969,2341100
2025-01-10,70.63000390738361,73.16714743071883,69.63466859902401,71.67413330078125,4702900
2025-01-13,71.74244819721129,73.48917090965435,71.58632050933161,73.1866683959961,2908800
2025-01-14,73.30376205360471,73.57699106242303,71.215503263428,72.083984375,2838600
2025-01-15,74.3186168583587,74.69918689276766,72.39624607458765,72.71826171875,2252500
2025-01-16,74.58209383904133,77.60714128342984,73.80143307181012,76.18244171142578,4885000
2025-01-17,75.85066197001696,76.46542726845153,75.01145429250994,75.9775161743164,2963900
2025-01-21,76.11412517259787,77.11922076253408,75.28467786162645,76.91429901123047,2944600
2025-01-22,78.14384270940259,78.92449599391782,77.48028332285178,77.77302551269531,3349700
2025-01-23,77.17778329061655,78.32925391967873,76.58253852803024,78.17312622070312,2787000
2025-01-24,79.36361995576802,80.8468663986361,78.631753318282,80.4858169555664,3090100
2025-01-27,80.31017271648466,84.23297481554795,80.21258453728383,81.53970336914062,4777700
2025-01-28,81.47139829779883,82.32036634308035,80.26138078153983,80.96397399902344,2658800
2025-01-29,81.09081561472925,81.35429175282013,79.24651242782052,80.29064178466797,3072600
2025-01-30,81.96906418089554,83.43279746984011,81.08106241203491,83.41328430175781,3526100
2025-01-31,82.26181745154628,83.82313153975683,81.3347818606258,81.41284942626953,3042300
2025-02-03,79.63684896697181,81.0517881546464,78.86594854884781,80.768798828125,4432600
2025-02-04,74.65039576865682,75.24564788606683,64.97999452100579,67.79036712646484,17784100
2025-02-05,67.33173992304424,67.34150023080286,63.47724474600277,64.3457260131836,11901100
2025-02-06,64.67749848795111,65.37033140222647,62.55020565393583,62.70634078979492,8460800
2025-02-07,63.11618160684798,64.0627303532286,62.37455463366326,63.45771789550781,4670100
2025-02-10,64.50184025864799,67.52688732363538,64.4432933141751,67.04873657226562,5056500
2025-02-11,66.85357577567474,69.15651658307752,66.85357577567474,69.00038146972656,6675000
2025-02-12,68.30755644956288,68.47344444272794,66.64866162804663,67.36100769042969,4259200
2025-02-13,67.60497217108606,68.06360987324933,66.26810029747305,67.98554229736328,3742800
2025-02-14,68.51247465456056,69.24434129266004,66.90236656175522,67.02922821044922,3722100
2025-02-18,67.9172197416764,70.53242338571185,67.53664970106468,70.4446029663086,4245600
2025-02-19,70.47388767199868,70.47388767199868,68.32707414580605,69.67371368408203,3947500
2025-02-20,69.42975690987814,70.28847783856213,68.74667684496146,69.61515808105469,2669200
2025-02-21,70.16162187455791,70.67880648036936,69.2443465691969,70.06404113769531,3565600
2025-02-24,70.06403214968977,73.71360484369127,69.7712825317237,73.28424072265625,4223500
2025-02-25,73.06957323648375,73.60627849482793,71.64487353107339,72.97199249267578,3382300
2025-02-26,73.93804249247692,74.05514383296916,70.80565422239944,71.50824737548828,3125500
2025-02-27,71.13744987530237,72.5816627652856,71.039869130563,71.20575714111328,2135800
2025-02-28,70.76451372799721,71.0684816778064,68.9309360849477,70.50958251953125,4709100
2025-03-03,71.11750368558857,72.08822170448163,68.03865463106729,68.81327056884766,2839400
2025-03-04,68.13670644724643,68.40145248865859,65.9011097815279,66.76396942138672,3906800
2025-03-05,68.07787632513201,70.77432107626586,67.72488659560929,70.50958251953125,3106400
2025-03-06,69.842813871312,71.28417964347568,69.40157303913591,70.14677429199219,2168400
2025-03-07,69.68593433337007,72.46082278994841,69.29372270841806,71.88230895996094,3043400
2025-03-10,71.79406702132063,73.38251329390394,69.55847042967396,70.63704681396484,3098700
2025-03-11,70.73509543270399,70.99003410853669,67.62683198802729,68.24456024169922,3641900
2025-03-12,67.11695335936317,67.20520452581688,64.60681100142939,65.14610290527344,4725900
2025-03-13,65.04804755297117,66.29331892571514,63.33212820564551,63.59687423706055,3676800
2025-03-14,64.74409297356725,65.63637470603896,63.743960326099696,65.22454833984375,3996300
2025-03-17,65.45986947672343,68.17592119787346,65.45986947672343,67.54838562011719,2775600
2025-03-18,67.45032920049712,67.6464312475751,66.45999665688215,66.71493530273438,2031700
2025-03-19,66.45019580517103,67.13656799865755,65.55792167869714,66.28350830078125,2668500
2025-03-20,65.69520275717045,67.3130711869056,65.69520275717045,66.6953353881836,2738300
2025-03-21,66.52864591297654,66.90125034720475,64.79311927212281,65.64617156982422,5875400
2025-03-24,66.03837779866612,66.81299368734997,65.53830779846477,66.13642883300781,2874900
2025-03-25,65.89130501699081,66.3129312454497,64.29305128069164,64.79312133789062,2363200
2025-03-26,64.90097977037273,64.90097977037273,63.949868918581785,64.60681915283203,2235300
2025-03-27,64.4695440994978,66.01877600405243,64.02831066832913,65.64617156982422,3133500
2025-03-28,64.95979567286668,65.4794728413194,63.94985589556211,64.14595794677734,2037700
2025-03-31,63.33212404273747,65.22453812634393,62.98894169199312,64.71466827392578,3121400
2025-04-01,65.90109806556133,66.62668462192015,65.05784579162528,66.54824829101562,3269100
2025-04-02,65.97954794623946,67.63663808734385,65.97954794623946,67.4209213256836,3908300
2025-04-03,63.538038907645465,64.67544430252609,56.98812622735259,57.0567626953125,11321500
2025-04-04,51.967840725687594,54.174022643287536,50.47744182583788,51.89920425415039,10911300
2025-04-07,49.349840362740714,54.15441210975393,47.869245058561894,51.91881561279297,8610100
2025-04-08,53.928891941730384,53.928891941730384,48.25164951053049,49.08509826660156,6309800
2025-04-09,48.51639028510475,55.81149700364742,47.428006628541624,55.06629943847656,9087800
2025-04-10,54.02694988433866,54.02694988433866,50.59511086742839,52.26200485229492,5799200
2025-04-11,51.19322449137482,54.29168425804793,49.62438552359368,54.15441131591797,4459900
2025-04-14,55.782078725827745,57.41955777527891,53.9288866731606,54.50739669799805,6687900
2025-04-15,53.428827581373874,53.99753033525442,52.87973204279322,53.35038375854492,2754100
2025-04-16,52.71304064194384,53.517074862060795,50.957903125742995,51.634464263916016,2713900
2025-04-17,52.32083034377476,54.232855417256374,52.10511358192752,53.40921401977539,6345200
2025-04-21,52.95817172509464,53.45824174083264,51.487383721830234,53.330772399902344,4923200
2025-04-22,53.99752618730774,55.4192885734041,53.68375840090942,54.850582122802734,3122900
2025-04-23,56.73319582589634,58.58638808916372,55.52715012663356,56.14487838745117,3363700
2025-04-24,56.115464576719674,57.733332878617155,55.08591372115188,57.5078125,2721800
2025-04-25,57.3705388625935,58.70405399005182,56.93910903799538,58.233402252197266,2585800
2025-04-28,57.45878142833862,58.73346731830691,57.02735164029851,57.98826599121094,4026400
2025-04-29,57.782361600674925,58.61580668700344,57.468593774734245,58.42950820922851,2919500
2025-04-30,57.85099395259774,58.909963094922134,57.27248386345548,58.79229736328125,4161000
2025-05-01,57.99807604567369,58.743273667140905,56.60572810133294,57.74313735961914,5809600
2025-05-02,58.87074525118786,59.566917379655585,56.16449308301481,58.233402252197266,4292000
2025-05-05,57.85099911680173,58.75308069746469,56.3802110036627,56.576316833496094,3439900
2025-05-06,55.97819299002965,57.7725524550363,55.556566785710736,57.3901481628418,3674200
2025-05-07,57.36072894579621,58.39027974289575,56.78221888031634,58.105926513671875,2876500
2025-05-08,58.69424868048043,60.949456261644436,58.10593121991107,60.0473747253418,4019300
2025-05-09,60.15522826037632,61.22400103321393,59.73360206390963,59.802242279052734,2802600
2025-05-12,63.39095569108068,66.38155306329631,63.39095569108068,64.08712768554688,5516600
2025-05-13,63.9400574319799,64.56759306002897,63.39096562764067,64.20480346679688,2836300
2025-05-14,63.75375489031552,63.75375489031552,62.626152983388685,62.861480712890625,3107100
2025-05-15,60.90042523653321,62.841861085650734,60.82198141938535,62.4300422668457,2434900
2025-05-16,63.50861392425262,64.54797572339916,62.47906695254932,63.90082550048828,4460300
2025-05-19,63.20466456064087,64.52837231624267,63.04778439119621,64.07733154296875,3754100
2025-05-20,64.46954615494921,65.9501416289535,63.8910397498254,64.79312133789062,3863700
2025-05-21,63.930240659927776,65.37161391466184,62.21432528390144,62.42023468017578,5315500
2025-05-22,62.06725228964224,63.92044829479601,61.95939390548752,63.16543960571289,2927500
2025-05-23,61.880950909112315,62.68498133804851,61.35146636115713,62.44965362548828,2537400
2025-05-27,63.86161407419124,65.7834428842146,63.28310770194385,65.7540283203125,3758700
2025-05-28,65.74422428115814,66.24428679739246,64.86175001601765,64.97940826416016,2650900
2025-05-29,66.49922709095001,68.13670258457849,66.23448854536083,67.33267211914062,5809700
2025-05-30,67.21441155543788,67.51007914328308,65.94306047746518,65.97262573242188,4619400
2025-06-02,65.54883715693713,66.00218859449501,64.47458531124263,65.68681335449219,2530000
2025-06-03,65.72622678558689,68.12110975604944,63.89310611589272,67.93385314941406,4211400
2025-06-04,68.20981765046606,69.27421194222869,67.82545429829717,67.83531188964844,3081300
2025-06-05,67.82544675236514,67.94371527800493,66.29784358585555,66.4752426147461,2452800
2025-06-06,67.1355592453732,67.57905301461658,66.27812943648017,67.47064208984375,2264000
2025-06-09,68.77157238277985,69.56001418190367,67.96342292229014,68.00284576416016,4188100
2025-06-10,68.68288050158667,70.14148813735034,68.1999563007961,69.4417495727539,3180700
2025-06-11,69.70785570814206,70.82152291800138,68.64346141674395,68.85042572021484,3181800
2025-06-12,68.03241284034375,69.79654558586356,67.79588330191841,68.9785385131836,2649900
2025-06-13,67.77616487649283,68.87012427815844,66.14015832858574,66.33726501464844,3201700
2025-06-16,67.85501555209935,73.5219196635239,67.78602745498668,73.5120620727539,6399900
2025-06-17,71.96475000935573,74.15266893859516,70.71310669063922,73.70917510986328,6569400
2025-06-18,73.69932063240344,73.97527302808327,72.02389107626797,73.64019012451172,4884200
2025-06-20,73.9161369349946,74.33006549723737,73.20654081735653,74.1033935546875,5265400
2025-06-23,76.24202331724696,78.10470915486674,75.39445110848335,77.69078063964844,6611200
2025-06-24,78.49894832066236,78.90301934096614,75.00024774615468,75.9365234375,8580000
2025-06-25,75.40431889187657,76.93191457669599,74.53703138753366,76.43914031982422,3718300
2025-06-26,76.98119843772936,78.17371129016065,76.32088270871297,77.88790130615234,4245900
2025-06-27,80.32220609254192,82.22431507746214,78.54821571106345,78.93257904052734,10753400
2025-06-30,78.94243573637867,80.05611038734686,77.99631005002863,79.63232421875,4377700
2025-07-01,79.5830504768125,84.43194784678154,79.23810996618975,83.88004302978516,6024800
2025-07-02,83.85046883411978,87.96020430636162,83.27884889509868,87.29988861083984,6990200
2025-07-03,87.73351860132203,88.56138319880667,86.64941682385644,87.43785858154297,2288200
2025-07-07,86.80711607485132,87.20133698953397,84.03771960058114,84.55020904541016,4270900
2025-07-08,84.75717587556133,84.9739977610959,83.35769872965118,84.32353210449219,3056300
2025-07-09,84.98385454941106,85.95954550596316,83.95888315783424,85.35836029052734,3350700
2025-07-10,87.63497538633317,91.3110747914946,87.63497538633317,90.7690200805664,5899000
2025-07-11,89.73419817439895,90.57191293517012,89.05416727112956,89.76376342773438,2976000
2025-07-14,89.48780067668297,89.49765074722852,87.15204818481983,88.29528045654297,2477800
2025-07-15,88.60081562492456,88.89647567669307,84.50093007198092,84.85572814941406,3790900
2025-07-16,86.11722337423032,86.31433758148141,82.87476797654709,85.1513900756836,2982600
2025-07-17,85.15139055430645,85.61459954502742,83.78147876254856,85.30907440185547,2843900
2025-07-18,85.32879886663345,86.07781038248086,84.93457792615958,85.94969177246094,2294000
2025-07-21,85.94967490430312,86.70855138163043,84.79658508300781,84.79658508300781,2459300
2025-07-22,84.85572171648323,87.83208230496292,84.5896269381504,87.71381378173828,3027500
2025-07-23,88.5955324795937,88.82144457015971,87.24990663693079,88.08478546142578,3629900
2025-07-24,87.42670791159831,88.89020195606885,85.14797596230612,85.22654724121094,4803700
2025-07-25,88.11425574075739,88.88038005931553,85.48192673969244,88.79198455810547,7610800
2025-07-28,88.77234156576762,91.43413589726308,88.65448089025415,90.87427520751952,4329800
2025-07-29,91.2573352680286,91.993994387104,89.14557762794232,89.7741928100586,3738800
2025-07-30,91.0805380463992,93.00567300511447,90.42245019567298,91.9939956665039,5796200
2025-07-31,91.463599489032,93.60482230816346,90.75640553134689,91.67967987060548,3758300
2025-08-01,88.98842511883258,89.60722360981349,86.8668506326131,89.42060089111328,3145600
2025-08-04,90.0786885349124,91.3457432927312,89.67598539130587,90.8546371459961,3006000
2025-08-05,90.9626754458034,91.3850270055002,88.9294964243991,89.302734375,2513400
2025-08-06,89.63668092763949,89.90187490506182,88.31069605316016,88.54642486572266,2350500
2025-08-07,89.3714847504722,89.78401956399796,87.89816647073755,89.59739685058594,2470600
2025-08-08,89.44023406529341,90.43227041377642,88.80180217641524,89.07682037353516,2407600
2025-08-11,89.23398737282294,90.16709356884677,87.37760669584831,87.55440521240234,2821500
2025-08-12,88.01602793951827,90.6385324795886,87.70172036348382,90.06884765625,2711900
2025-08-13,90.55995467965062,93.77179251607228,90.14742738676388,93.5655288696289,3639700
2025-08-14,90.6581865844041,90.6581865844041,86.6016455131047,87.90798950195312,4713700
2025-08-15,88.17318565462405,90.17689943636326,87.69190377617744,89.35184478759766,4144900
2025-08-18,89.38130805022217,90.60907327069226,87.25972615228144,89.12593078613281,5075500
2025-08-19,89.95099772265422,89.98046289053218,87.99638999165754,88.27141571044922,6460900
2025-08-20,84.47025254379983,88.202662049023,82.91835540788291,85.03011322021484,12990300
2025-08-21,83.65501608780113,86.94542564834627,83.00675989522584,86.15966033935547,6316800
2025-08-22,86.64093105346892,90.3045855941272,86.20875531846261,89.60721588134766,4051400
2025-08-25,88.9196682601606,89.47952890807385,86.4052074546112,87.10257720947266,4378500
2025-08-26,87.30884004171757,88.29105222127896,87.04364605045706,88.22229766845703,3811900
2025-08-27,88.31070692646907,91.59129224197432,87.91782052803464,90.96267700195312,4059600
2025-08-28,91.44395542947603,92.0823948659502,89.77419766671395,90.13761138916016,1852700
2025-08-29,88.78215940320004,90.68765345296823,88.78215940320004,90.09832763671876,2357900
2025-09-02,88.87571680624522,89.74337142366949,87.91932059616467,89.5166015625,2808000
2025-09-03,89.46729802006958,90.72934380967394,88.61935959473172,90.64060974121094,3137300
2025-09-04,90.50256917970538,90.91667652213044,85.90792597672888,86.2332992553711,4786800
2025-09-05,86.23329778076413,88.6193534052332,85.65157664621732,87.94889068603516,3698900
2025-09-08,88.30384631632322,88.36300988312472,86.03611018589581,87.60380554199219,3489400
2025-09-09,88.1066563206631,88.2939938283928,87.08124223593079,87.4559097290039,1906500
2025-09-10,86.43050510621327,87.16012393431247,85.98681218674717,86.20372772216797,2380500
2025-09-11,86.22344540540385,87.17984163427933,85.57270631014406,85.59242248535156,2302900
2025-09-12,85.00082935692382,85.2670465861643,82.2795386354543,82.47673797607422,3243800
2025-09-15,84.32051967204177,86.4305116158049,83.91627411662765,86.17415618896484,3341600
2025-09-16,86.32203853183715,87.85029392772007,85.56283423531923,87.27842712402344,2257400
2025-09-17,86.84461553579118,89.32926738716553,86.20373075560117,86.933349609375,2099100
2025-09-18,86.74601563687081,87.8996036749013,86.26288285043847,86.76573181152344,1800200
2025-09-19,86.9136243049654,87.21927388949959,85.31634344674434,86.56853485107422,5342300
2025-09-22,86.46993631869182,87.63338620233098,85.97694920735974,86.04596710205078,2016400
2025-09-23,87.47563641763803,87.86016577226597,86.19386688728719,86.48966217041016,1852300
2025-09-24,86.51923442474295,86.51923442474295,83.87682331748499,84.1331787109375,2352300
2025-09-25,83.26552081544055,83.6007559656877,81.95418080496522,82.81197357177734,4390800
2025-09-26,83.09791071239442,85.65158799686868,82.60492357478184,85.44453430175781,2349900
2025-09-29,86.53895722127834,88.20525612266111,85.22761717656947,87.8798828125,6036700
2025-09-30,87.8207209348725,88.63908131917957,86.17414584046148,86.88404846191406,2877600
2025-10-01,86.93334483573756,87.0812424726427,83.817670224231,84.99097442626953,3156900
2025-10-02,84.79378004498567,88.00805799947067,84.57686452035858,87.5249252319336,2544200
2025-10-03,87.2587170949844,88.63908248570998,86.63755605423168,86.78544616699219,1825500
2025-10-06,87.40661916925278,87.97848604225749,86.0065375331819,87.4164810180664,2051000
2025-10-07,87.75170346318369,91.40966682845703,87.74184161495342,91.38008880615234,3041200
2025-10-08,91.79419798076172,95.07749392454308,90.78850759055858,94.4168930053711,3855700
2025-10-09,94.65352692850664,95.14651404792596,92.3266271230566,92.6520004272461,2340700
2025-10-10,93.2140005881098,93.4407704386966,84.04443763548669,86.42063903808594,4181100
2025-10-13,91.20262303427296,93.70699866676536,90.35468453183904,91.4392547607422,3773500
2025-10-14,89.96028402975675,94.85071516603011,89.8222482433512,93.66754913330078,3874100
2025-10-15,95.6394925567554,95.787390183743,93.10553929197184,93.93375396728516,3692700
2025-10-16,94.20983122541784,97.5917227956222,94.16052950991389,95.44229888916016,4060900
2025-10-17,96.10290579466349,99.38620166270468,95.93529198722726,99.3664779663086,4414600
2025-10-20,102.16664701044822,103.06387960059456,100.69754006942622,101.08206939697266,4417400
2025-10-21,101.0229229160214,101.0229229160214,96.94099003538554,97.15790557861328,5338000
2025-10-22,96.48743102117706,98.41993945450136,96.16205774596595,97.2466278076172,3464300
2025-10-23,97.74948449880416,99.9284866430445,97.74948449880416,98.09457397460938,2717500
2025-10-24,99.82988694964332,101.1017945601325,99.22844209067432,100.72712707519533,2705900
2025-10-27,101.20038835000123,102.06804291276826,98.20302596627975,99.05096435546876,3265900
2025-10-28,98.62700085463966,98.9425123068046,96.6156125261933,97.37481689453124,2441900
2025-10-29,97.414258755097,98.44952720252996,95.2352490463384,95.99445343017578,3615000
2025-10-30,93.26329756126276,98.79461351959203,91.0941572931434,96.2409439086914,5636600
2025-10-31,95.76767057522076,96.62547083044802,93.29288076904872,95.33384704589844,3833700
2025-11-03,94.93945532529702,95.1760870238002,91.89279117722604,91.9420928955078,3911200
2025-11-04,89.1912224528559,91.6462960281631,88.99403062794879,91.57727813720705,2243400
2025-11-05,90.12790452208488,90.98569725499402,89.20108637422929,89.81238555908203,8579000
2025-11-06,89.82223894574238,89.82223894574238,86.5093653701564,86.5488052368164,7269200
2025-11-07,85.80933109528394,86.84460698616189,83.42327540136604,86.51923370361328,5083200
2025-11-10,86.87419381351077,89.58562306481289,86.86433196451048,88.37287139892578,3513000
2025-11-11,89.72365456747445,90.99556222172173,88.56020467987987,89.5658950805664,4283400
2025-11-12,90.21664109300757,92.08999361471666,89.76309385467988,90.71949005126952,3401600
2025-11-13,90.63073881777729,91.44909913835016,88.36300286740045,88.6587905883789,3828300
2025-11-14,87.56436783598288,89.09263088183502,86.81503284691252,86.94320678710938,2321500
2025-11-17,86.69671917900843,87.35732014457083,84.47827703780798,84.88252258300781,3659600
2025-11-18,84.64588050675118,87.03193617915576,83.99514146990717,86.82488250732422,3142000
2025-11-19,86.74601391196374,86.98264561502168,84.34023444331848,84.70504760742188,3513200
2025-11-20,86.03611025533526,88.06721468735435,84.79378066490688,85.39522552490234,2916900
2025-11-21,86.05582869843352,88.67852373378207,85.38536592809065,88.63908386230469,2933000
2025-11-24,88.73767953667134,92.6026966622292,88.40245191361156,92.08013153076172,3734000
2025-11-25,90.4335590107243,92.297049733132,89.52646451013794,90.65047454833984,2920600
2025-11-26,90.9462513821242,93.65768023178896,90.21663263430057,92.38577270507812,2640600
2025-11-28,92.81133742339809,93.36555072093972,92.65299400292471,93.0983428955078,1012700
2025-12-01,92.4748564390693,95.06778950844615,92.0492976264524,93.7317352294922,3096100
2025-12-02,94.79068632562486,98.86813352743444,94.67193063906304,98.6108169555664,4870500
2025-12-03,99.23430460722592,101.04540429022586,98.96709676821148,100.97612762451172,4253200
2025-12-04,101.20375066454714,102.94556605198972,100.47138874536,102.74763488769533,4941900
2025-12-05,102.55959908660056,104.6774943414967,102.02517586098328,104.04410552978516,3807100
2025-12-08,104.68738107371676,104.68738107371676,101.65899069559316,101.71836853027344,3775500
2025-12-09,101.40168528081514,102.816915050409,101.09488970053772,101.57982635498048,2604900
2025-12-10,101.94600627064918,106.54797768007457,101.72827745441548,106.1718978881836,2741000
2025-12-11,105.8947864116404,108.48772689058632,103.91544460955366,104.46965789794922,4637700
2025-12-12,104.1727640275822,104.82594291395692,102.53980548576044,103.02474212646484,3648400
2025-12-15,103.66802716526644,103.80658048774086,99.09574487184142,99.9864501953125,3818100
2025-12-16,103.24246802893616,103.69771573705484,100.91674292308636,103.3117446899414,4839100
2025-12-17,102.90598365015973,105.16243209726454,102.90598365015973,104.21234893798828,4065500
2025-12-18,104.33111339128902,108.08196732924188,104.27173554839804,106.82508850097656,4145400
2025-12-19,107.30011276864872,109.22997547491588,106.18178741569056,106.88445281982422,7304100
2025-12-22,107.5772271240807,108.30958904906844,107.01311499572472,107.52774810791016,2133800
2025-12-23,106.91415405901589,107.84444719029396,106.1026241627702,106.52818298339844,1692100
2025-12-24,106.29065941334494,108.01268471772364,105.9244784509594,106.36983489990234,1475100
2025-12-26,106.39952498041352,106.63704389208684,105.75623735864951,106.53807830810548,981500
2025-12-29,105.89478943085,107.37929582474042,105.06346947455457,105.59788513183594,2542400
2025-12-30,105.19212157507008,105.89478701272864,104.45976721830608,104.74676513671876,1913100
2025-12-31,104.64779716107157,104.64779716107157,103.25236514092384,103.63833618164062,1770300
2026-01-02,104.5290405162301,106.06302584184046,103.80657745535534,105.65726470947266,2543000
2026-01-05,107.82464958697676,109.051847031047,106.01355744317485,107.04281616210938,2561400
2026-01-06,107.95331163949034,109.98213260552473,107.33971291749202,107.42878723144533,2580600
2026-01-07,106.37972600412252,106.89435911533978,102.6684600217653,104.18265533447266,3750200
2026-01-08,103.25237167429567,109.40812617044338,102.92577844976536,109.13101196289062,3382500
2026-01-09,110.07119888615028,112.68392946237704,109.85347007969976,112.5552749633789,3804600
2026-01-12,111.79322226074642,112.42661102308348,110.59572139599696,111.85260009765624,3886500
2026-01-13,112.78289747154712,118.19639862809336,112.33754857646257,114.17833709716795,5997100
2026-01-14,114.67317206361804,116.919721726722,113.50536007757287,115.70243072509766,4071200
2026-01-15,115.29665542917007,116.28632629122306,113.61421798391584,114.45543670654295,4007000
2026-01-16,113.7032899606898,114.5049209795906,111.70415804976308,113.86164093017578,2913700
2026-01-20,111.8328142087776,113.64391380854804,111.3379787476768,113.2777328491211,3880000
2026-01-21,113.52514793119904,116.85044275626642,113.33710804417883,116.65251159667967,2899500
2026-01-22,117.31559110318295,119.027717556825,115.9597392321948,118.25577545166016,3602700
2026-01-23,118.107323839514,118.93865133771274,114.81172541796197,116.47437286376952,2725300
2026-01-26,116.40509609783292,116.62281735730576,115.0888319647009,115.18779754638672,2984000
2026-01-27,115.44511178186173,116.7118893234273,114.64347321994153,115.2372817993164,3098700
2026-01-28,115.1877950980518,116.7811658462727,113.20845330404718,113.4360809326172,3406900
2026-01-29,114.47523674368372,115.13831446670594,112.3672403426439,114.01998901367188,2294700
2026-01-30,113.5350506098805,114.70286261251522,112.71362192358023,114.08926391601562,2851300
2026-02-02,115.5737658721995,118.89906068235892,114.6434728150151,117.53331756591795,4868800
2026-02-03,118.07763116564186,120.38356614554525,113.74287539681688,115.06903076171876,3543400
2026-02-04,114.80183692295248,118.80010870116756,114.55441917096336,118.37454986572266,5171600
2026-02-05,103.66802434523444,105.12284174223086,89.87200990639596,95.66159057617188,18416600
2026-02-06,96.72054066111568,104.05399812517966,96.68095291892956,98.44256591796876,8558300
2026-02-09,98.3040143388042,99.6598586674206,96.03766702494065,97.98731994628906,4715400
2026-02-10,98.15556111487382,103.09401683954836,97.24506569019522,100.26355743408205,4211300
2026-02-11,100.13490094904894,105.5978809394163,98.9670889968624,104.3014144897461,4716100
2026-02-12,105.18222456778896,109.50708922277786,105.10304908174756,105.3207778930664,5382900
2026-02-13,105.11294799101154,108.11164968432152,104.9051180029256,107.12197875976562,3413900
2026-02-17,108.99245640628908,111.18952707099288,107.07249994347302,110.98169708251952,4393800
2026-02-18,110.83324430947064,112.66413400288624,110.0415121031614,110.44727325439452,5347700
2026-02-19,109.53677433258554,111.10045614986156,108.84400773029346,110.58582305908205,2067200
2026-02-20,110.08109717289288,113.31731768315672,110.08109717289288,113.05010986328124,2666900
2026-02-23,113.81215177216691,114.19812281326014,109.73470500785616,111.85260009765624,3556600
2026-02-24,112.46620826189285,116.3556154703151,111.33798396179388,114.0991668701172,3379700
2026-02-25,113.43607658253572,113.87152662611696,110.2592340310556,111.75363159179688,2900500
2026-02-26,111.83281528677011,112.8719727853345,109.04194356128318,110.74417877197266,3531800
2026-02-27,108.78841283108515,109.9301069236494,106.50502464595672,108.67920684814452,5885200
2026-03-02,105.97885685340292,106.17740905901302,99.25776547041885,99.46624755859376,5245100
2026-03-03,96.45813449349144,99.18826890949649,94.19459850618944,97.99693298339844,5841800
2026-03-04,99.10884056337062,102.10702107333506,97.41119432959292,98.49331665039062,3580400
2026-03-05,97.29206255705434,98.39404468787772,94.35344606628558,95.17745208740234,3353700
2026-03-06,93.02312546469336,93.5195135569794,91.8317970729193,92.05020904541016,4607400
2026-03-09,90.34262365685628,92.08991168574346,87.53306552090918,91.96084594726562,4666200
2026-03-10,91.33539853855856,95.6639028143718,90.66031050725888,93.58899688720705,4947200
2026-03-11,93.25146519504663,94.47258320693024,90.8290889361158,90.87873077392578,2854000
2026-03-12,87.73163526961599,88.60527559637399,83.50240654892308,83.68110656738281,5679600
2026-03-13,84.3065465486548,87.54299883048415,83.98885849226103,87.24516296386719,4275500
2026-03-16,87.66213644423334,89.72710506492828,87.6522065620061,88.11881256103516,3365300
2026-03-17,89.25057697592352,91.32547548391308,88.0791008215167,88.26773071289062,2578500
2026-03-18,87.3841499388608,88.53577386302938,85.37874552775287,85.39859771728516,3541300
2026-03-19,83.73073599048524,86.77856601081372,83.44283757532618,84.98163604736328,3755100
2026-03-20,84.7036598671664,86.0439061398124,83.88958373624742,85.29932403564453,5640400
2026-03-23,87.00690369870445,90.40219641216284,77.44647182419338,78.71722412109375,9878800
2026-03-24,76.682031379585,76.7217433364016,69.96093985471313,70.9636459350586,19705800
2026-03-25,72.254245462895,73.84268575457426,70.0701410086211,72.58186340332031,6761800
2026-03-26,70.98349004492538,72.33366612584821,68.63060799781417,69.24613189697266,5360300
2026-03-27,68.50154931286087,68.72989114325378,66.53584934772151,66.74433898925781,4195100
2026-03-30,67.24073569728533,67.76690587404994,66.15860569520981,67.48892974853516,5267000
2026-03-31,68.58097843777695,71.4798829854714,67.61798435789328,71.25154113769531,5428700
2026-04-01,71.79756596006368,73.36615398773051,69.64324367956706,70.1991958618164,7895100
2026-04-02,67.81653556971932,68.98801171564645,65.74163707674884,68.62068939208984,8326300
2026-04-06,68.203723979354,70.83458250402147,68.203723979354,70.39776611328125,4161100
2026-04-07,69.55389642305205,70.0205024373636,67.67755005753445,68.67032623291016,4225200
2026-04-08,71.53944364418736,72.95911377615079,70.49703327935583,70.9239273071289,4558500
2026-04-09,69.9807903941293,74.09088314911463,69.09722020508973,72.76056671142578,3494000
2026-04-10,73.00876041363614,73.86254852534503,71.28133199951212,72.1450424194336,4912200
2026-04-13,71.52952653899227,74.28944309748617,71.33096675914454,74.01146697998047,4792900
2026-04-14,74.42842807302496,75.95730423025338,74.11074001271001,75.86795043945312,3927700
2026-04-15,76.14592985053841,76.44376573375902,74.31922531801003,76.0466537475586,2726900
2026-04-16,75.51055353775051,76.23528347905778,73.68384900920354,74.7957534790039,3201600
2026-04-17,76.31470187927745,78.31017639583052,75.45098394162572,75.6495361328125,4179300
2026-04-20,75.25243401358084,77.42660859730039,74.97445033356644,77.2876205444336,3231700
2026-04-21,77.17842064219255,77.97264464193847,74.81561598308463,75.31200408935547,3371800
2026-04-22,76.19557027880231,76.70188824119303,74.81561202236648,76.1062240600586,3545200
2026-04-23,75.91759278184354,76.64231512382243,74.14052257895538,75.84809875488281,2502300
2026-04-24,77.38689355375628,77.75422343554388,76.5430353880999,77.2578353881836,2251300
2026-04-27,77.59537991469061,78.3101723102393,75.9076560805324,76.76144409179688,3105500
2026-04-28,77.17842121877625,77.33726904962471,75.09359267171965,76.54304504394531,3821900
2026-04-29,75.31199674538226,76.30477286111439,74.90495490227735,75.14322662353516,3164800
2026-04-30,75.31199510633346,77.08906522373248,74.67661901203532,76.15585327148438,4812400
2026-05-01,85.37874698985281,85.7957111456968,77.38689613143917,78.7271499633789,7022700
2026-05-04,78.10169688610425,82.34085523302487,77.9627088328558,80.74248504638672,5333600
2026-05-05,80.62335070120166,83.25420902884946,78.97534622124887,82.25150299072266,3988300
2026-05-06,83.19464446048576,86.79841916087717,83.13507274093121,86.04390716552734,3745600
2026-05-07,86.41123985047369,87.26502797353177,84.2668396602028,84.67388153076172,3023300
2026-05-08,85.10076512849396,85.5872232774008,83.66123529602237,85.5772933959961,2310600
2026-05-11,84.72350812440011,84.98163202932818,81.44735156270897,82.1522216796875,3091300
2026-05-12,81.68561764624575,84.73344002065006,81.22894154161129,84.27676391601562,3118100
2026-05-13,83.96900334807229,84.49517346287256,81.52677508029639,81.53669738769531,2465100
2026-05-14,81.70547582468699,82.19193399148914,79.9581877729145,80.24609375,3218000
2026-05-15,79.9184775708342,80.62334770633409,79.01504766698743,79.70006561279297,2720900
2026-05-18,79.580932388783,81.70547254546153,79.14410849980155,79.43201446533203,1895200
2026-05-19,78.80656596957436,78.82642573364481,74.71633318762524,75.58997344970703,4504000
2026-05-20,76.23527573200828,77.85349800802348,75.12336380091956,77.63508605957031,3312300
2026-05-21,77.29755541169702,78.87606593146391,75.92752698467588,78.33997344970703,3754200
2026-05-22,88.3173600392805,89.91573014979345,85.37874372239992,87.6819839477539,8105900
2026-05-26,87.92025911117429,88.15853085607952,85.45817834140487,85.97441864013672,3597800
2026-05-27,87.71176551739133,91.58359376032624,87.71176551739133,90.54117584228516,4249100
2026-05-28,89.89588158255046,91.68287407161102,89.01231143297635,90.21356964111328,3102400
2026-05-29,90.54244957267876,90.68197503102051,88.57911727571194,88.64888000488281,5559700
2026-06-01,87.472871931395,88.1007440806275,84.44316982861838,85.29029083251953,4159200
2026-06-02,85.49958013318162,86.63572033748116,82.31040837782056,83.12763977050781,4309700
2026-06-03,82.75889383664614,83.21733573184255,81.04471516547929,81.77224731445312,5990900
2026-06-04,82.68912460375677,84.2139439100545,81.12443979619783,82.6193618774414,4418000
2026-06-05,82.37021416690358,83.69571366652605,82.031361183409,83.20736694335938,3165600
2026-06-08,83.54621435325221,84.93150821489971,82.42003484594483,84.35346984863281,2958200
2026-06-09,85.61917428796528,87.7618898541892,85.20059032664395,86.2669677734375,3847500
2026-06-10,85.53944983337782,87.871524808155,84.51293780925448,85.10093688964844,4072000
2026-06-11,85.01124479260973,88.65885097719931,84.99130823877346,87.72203063964844,2968100
2026-06-12,87.54263633687337,89.6255651264747,87.54263633687337,89.37641143798828,2798100
2026-06-15,90.6919425116645,91.19024988810222,89.0475266487066,89.69532775878906,3554600
2026-06-16,89.69532948303579,91.23011714439582,87.21376082967065,87.28352355957031,4093300
2026-06-17,87.41308245291027,88.29010073217482,82.10112378918447,82.18085479736328,3784500
2026-06-18,83.9747622542069,85.2803251636244,83.60601205375717,84.52289581298828,5699600
2026-06-22,85.26039437530821,85.6889390192939,83.51631857362156,84.24384307861328,5149000
2026-06-23,83.14757098784882,84.74215310724,82.31041062293889,83.47645568847656,3247500
2026-06-24,84.03455428881807,84.70228433750661,82.499766681974,82.98810577392578,3135800
2026-06-25,83.13760441750505,83.72561110071752,80.90518940453691,81.22410583496094,2150300
2026-06-26,80.22749136814632,82.469874667256,79.01162009605827,80.2673568725586,5107900
2026-06-29,80.646066716653,80.94505419409641,77.45690244057094,79.101318359375,3795100
2026-06-30,77.9053733384342,79.40029546642364,76.56991322047584,78.68273162841797,3084300
2026-07-01,79.16110906598458,82.25061323785218,78.42361628772207,82.1908187866211,3663500
2026-07-02,84.423235241442,85.3301583209739,82.28051199093491,83.42662048339844,3259900
2026-07-06,84.12425550132313,85.29029294511272,82.4698713507973,84.61259460449219,2844200
2026-07-07,86.15734208927758,86.93470798121264,83.73556794282591,84.1541519165039,2293200
2026-07-08,82.649258436023,83.86512960220053,80.53643250761888,81.52308654785156,3333200
2026-07-09,81.17426761812081,83.02797164478258,81.08457594113737,81.71244049072266,1736000
2026-07-10,82.45990376160233,83.50635230925513,81.73237923908104,82.38018035888672,1462400
2026-07-13,82.21075005595536,84.5926587423971,80.69589895466922,80.87528991699219,1793800
2026-07-14,82.10112434110297,82.47984283071449,79.91854310339986,80.58627319335938,1952200
2026-07-15,81.13440962842886,84.14418279748561,80.46667197395644,82.03135681152344,2414400
2026-07-16,81.98153190371615,82.9183446033152,81.78220439050676,82.55956268310547,2007000
2026-07-17,81.35365948182837,83.2870945341672,80.6460639202203,81.85196685791016,2448000
2026-07-20,82.27055086917476,83.37679385285443,81.80214071887849,83.35685729980469,2371000
2026-07-21,83.58608583201189,83.71564301844661,81.16431156912127,82.0911636352539,1771600
2026-07-22,82.61936336980614,82.94824805847647,81.50315212503125,82.35027313232422,1820700
2026-07-23,80.1577278814834,81.06464338672792,78.39372304836485,79.64945220947266,2784700
2026-07-24,79.93846510417383,80.83541986531783,79.03154967048204,80.01819610595703,1430400
2026-07-27,80.73576149953699,82.99807359368018,80.73576149953699,82.91834259033203,1756600
2026-07-28,83.95482098787767,85.08100047574246,82.9681745546054,84.46309661865234,2295200
2026-07-29,83.00804681067847,85.7088719804242,82.33034844901613,83.84519958496094,2482400
2026-07-30,83.89503169854491,85.35008835128467,83.50635254627177,84.59265899658203,2552800
2026-07-31,83.99469293701247,84.47307137980235,82.84858441254222,83.61598205566406,1848000
2026-08-03,85.11090493274125,87.20379447953664,83.52628345634373,84.39334106445312,1893000
2026-08-04,84.05448132186345,86.70548011058894,83.09773210893324,86.67558288574219,3233300
2026-08-05,87.07423459911355,88.07084936232552,86.50616448822542,86.66561889648438,1857700
2026-08-06,87.5825006626558,87.68216821956491,84.68235572149673,85.20059204101562,1546900
2026-08-07,85.20059217882515,88.56915487363122,84.76208686269743,88.05091094970703,2118000
2026-08-10,86.85497855202766,87.43301694232456,85.66900454496458,86.89484405517578,2214600
2026-08-11,86.51612396814487,88.3598673375137,86.28690683376489,87.48284149169922,3910100
2026-08-12,87.35328148599127,88.41965892928555,86.56595494695094,87.3831787109375,3350600
2026-08-13,87.63233440347352,88.35986650933543,86.74534789304622,87.02439880371094,2036600
2026-08-14,86.34669794174864,87.18385825273668,85.6789679103198,85.80852508544922,1846700
2026-08-17,85.21055822673831,85.37998090361964,83.59603964936866,84.05448150634766,3048700
2026-08-18,83.99468659885933,85.37998043840797,83.56614196912773,83.9847183227539,3334400
2026-08-19,93.42266573188355,99.48208531430492,93.1834803178206,97.67821502685548,13700900
2026-08-20,97.10017431622737,98.6748274285626,94.10036182310692,95.8245086669922,5120100
2026-08-21,96.42247670168275,101.60487034086314,95.57535568806614,101.59490966796876,6020900
2026-08-24,101.5749710758826,103.82732248623604,100.8773438089252,103.7774887084961,4535400
2026-08-25,103.64793512635144,104.5249533785979,102.60148658605272,104.49505615234376,3312000
2026-08-26,104.10637835955367,104.90367322002696,103.50841101598236,104.704345703125,2666500
2026-08-27,104.1362700716524,108.01310072818218,103.38880903087828,105.85044860839844,4548100
2026-08-28,106.62781258260502,107.0663255164766,102.24270605459128,103.04000091552734,3121700
2026-08-31,102.6999969482422,103.2300033569336,100.7699966430664,102.3000030517578,4134500
2026-09-01,101.31999969482422,102.16999816894533,99.23999786376952,100.0,2910300
2026-09-02,100.0,102.2300033569336,98.75,101.1500015258789,3500800
2026-09-03,101.3499984741211,102.1500015258789,99.56999969482422,100.86000061035156,2127400
2026-09-04,100.51000213623048,104.18000030517578,100.4499969482422,103.86000061035156,4712900
2026-09-08,104.66999816894531,104.73999786376953,100.91000366210938,101.69000244140625,2717900
2026-09-09,100.91000366210938,100.91000366210938,97.5999984741211,98.7699966430664,3279100
2026-09-10,97.25,98.48999786376953,96.26000213623047,96.47000122070312,2266300
2026-09-11,97.68000030517578,97.91999816894531,95.91999816894531,97.12000274658203,2574200
