Date,Open,High,Low,Close,Volume
2015-01-02,8.366067655422237,8.398265191435721,8.146049282837865,8.242642402648926,24777900
2015-01-05,8.113852523025491,8.119218950469794,7.883101260627368,7.920665740966797,44079700
2015-01-06,7.98505977075315,7.995792111768655,7.716744592347885,7.845535755157471,32981600
2015-01-07,7.931395047357644,8.097750652042922,7.926029133738501,8.070919036865234,26065300
2015-01-08,8.264108454295776,8.307038847946352,8.172881239845637,8.27484130859375,33943400
2015-01-09,8.296305107467427,8.301671533712156,8.081653175384025,8.162147521972656,23420800
2015-01-12,8.215811618729694,8.221177533764129,8.108485129710964,8.16751480102539,22750800
2015-01-13,8.253374721050747,8.30703744818631,8.092385516102906,8.162147521972656,26279400
2015-01-14,8.087020977318923,8.135317801252514,7.958229788009814,8.10848617553711,36798300
2015-01-15,8.113851105962572,8.135316300220254,7.942129551901121,7.974327087402344,24981300
2015-01-16,7.947497777499769,8.070922544478707,7.915299722939206,8.060190200805664,32089900
2015-01-20,8.09238593017263,8.119217550998615,7.915297949199973,8.054821968078613,28553700
2015-01-21,8.03872258124205,8.108484589750379,7.985059852076822,8.033356666564941,23281500
2015-01-22,8.054822277155598,8.087019813965773,7.995792606719245,8.06555461883545,23669200
2015-01-23,8.060186460955848,8.092383988806349,7.99042446825246,8.0011568069458,21620600
2015-01-26,8.038724896683407,8.129952125488662,8.033358980460724,8.092388153076172,25237200
2015-01-27,8.027991356355939,8.044090126166875,7.899200174327127,7.9689621925354,34609100
2015-01-28,8.039435466217242,8.039435466217242,7.817171991410368,7.838856220245361,40579800
2015-01-29,7.925592069512182,8.109908248313607,7.752118262166241,8.050276756286621,40731100
2015-01-30,7.9960671064503455,8.07196216679847,7.931014419148869,7.974382877349853,30439700
2015-02-02,7.996065344113413,8.294223816275501,7.990644158784922,8.277960777282715,40371800
2015-02-03,8.386383291863797,8.559857115247949,8.370119733176953,8.483962059020996,48335400
2015-02-04,8.500223868469117,8.68454002638123,8.483960313129108,8.60322380065918,41179500
2015-02-05,8.679119329754805,8.684540515173262,8.538171610831093,8.592382431030273,25713200
2015-02-06,8.586962214451573,8.673699122962356,8.549014946226295,8.597804069519043,28187700
2015-02-09,8.543595071281745,8.689964014599786,8.521910840826424,8.630331993103027,20286700
2015-02-10,8.700801757487843,8.749591385091234,8.624907240764898,8.72248649597168,27928500
2015-02-11,8.717066050324782,8.841750205220999,8.679118788746395,8.809224128723145,34285300
2015-02-12,8.858015964543446,8.91764798128179,8.836331218825654,8.868858337402344,23738800
2015-02-13,8.852595882484232,8.868859443801473,8.776701330975209,8.836332321166992,19954600
2015-02-17,8.787543395198819,8.83633304918456,8.673701558555956,8.733333587646484,44362300
2015-02-18,8.76043554114305,8.852593630525767,8.706224717861666,8.787540435791016,22812700
2015-02-19,8.776700614171551,8.933910891455794,8.765858240845567,8.906805992126465,24863900
2015-02-20,8.88512084391649,8.923068114856797,8.809226302035874,8.890542030334473,21523600
2015-02-23,8.852591005722648,8.917644181169061,8.830907303230608,8.879695892333984,19016800
2015-02-24,8.868858337402344,8.901384421993447,8.825489879952343,8.868858337402344,17672500
2015-02-25,8.858016227598785,9.009806350174268,8.858016227598785,8.950174331665039,23320200
2015-02-26,8.890538260572578,8.982696322630327,8.874275742199835,8.879695892333984,20800000
2015-02-27,8.8796987699438,8.89054114169604,8.792961863896853,8.858015060424805,20337000
2015-03-02,8.85801427836561,8.993540811346742,8.85801427836561,8.982698440551758,26341100
2015-03-03,8.711644971702126,8.836329128122006,8.706223786555348,8.76585578918457,37689000
2015-03-04,8.72248846817982,8.749593363427959,8.635751562603211,8.689962387084961,25659400
2015-03-05,8.722491212541698,8.798385770303605,8.722491212541698,8.733333587646484,16548200
2015-03-06,8.695383735687802,8.782120642887913,8.624909352346778,8.635751724243164,24420500
2015-03-09,8.66285645785135,8.727909654026544,8.635751562603211,8.689962387084961,17132400
2015-03-10,8.64117173995875,8.646592925497123,8.505645203455684,8.5219087600708,31687700
2015-03-11,8.549016048995933,8.592384508845585,8.511068258882872,8.53817367553711,20638700
2015-03-12,8.60864503887669,8.798381866079898,8.597802668583132,8.76585578918457,31172200
2015-03-13,8.7604359607056,8.809225600596976,8.673699052895484,8.782120704650879,27877700
2015-03-16,8.814644996924935,8.94475033222451,8.803802627153647,8.939329147338867,37731700
2015-03-17,8.88511848449707,8.939329300295794,8.868855963547169,8.88511848449707,20917700
2015-03-18,8.841753263877026,8.950174935023636,8.7333326267161,8.92306900024414,33748000
2015-03-19,8.901383513448279,8.923067222967275,8.825488979153569,8.858015060424805,18021500
2015-03-20,8.863437015339814,8.966437487951989,8.858015828993324,8.933910369873047,42096800
2015-03-23,8.928487620562228,9.074856524338344,8.923066435164735,8.982698440551758,30709000
2015-03-24,8.988119172310748,9.04775117468809,8.928487169933407,8.977276802062988,16661800
2015-03-25,8.961015755979645,8.971857094026939,8.771278381347656,8.771278381347656,21996200
2015-03-26,8.73333088856574,8.765856969841948,8.652014651389738,8.679120063781738,33327900
2015-03-27,8.706224552996519,8.727909295492621,8.592382756848279,8.662856101989746,53270400
2015-03-30,8.738752347843723,8.825489256617589,8.700804045517833,8.760436058044434,20537600
2015-03-31,8.738751444080508,8.830909529369924,8.717066702136925,8.749592781066895,21792600
2015-04-01,8.760434011132324,8.760434011132324,8.592381418897341,8.624907493591309,27365900
2015-04-02,8.635751562603211,8.695383572931684,8.592383109814905,8.689962387084961,15925400
2015-04-06,8.646593014315386,8.733330432842195,8.619487603337802,8.673698425292969,18522100
2015-04-07,8.646593173929114,8.65743554531738,8.554435085099746,8.619487762451172,26616700
2015-04-08,8.657435433358437,8.722488109868594,8.646593062110385,8.662856101989746,25147000
2015-04-09,8.67369946176295,8.711646731470475,8.608646777838862,8.646594047546387,23461900
2015-04-10,8.657435788997363,8.70080372479293,8.646593417303919,8.689962387084961,17657700
2015-04-13,8.673697656154555,8.717066103075915,8.60322380065918,8.60322380065918,22521100
2015-04-14,8.619487634870765,8.70080335110828,8.614066966249588,8.657435417175293,21745900
2015-04-15,8.679118098756424,8.717065357318003,8.673696914106879,8.711644172668457,25503500
2015-04-16,8.6953837516463,8.72248864745152,8.635751740092221,8.641172409057617,23494400
2015-04-17,8.608646085368568,8.608646085368568,8.516487994641013,8.543593406677246,32149000
2015-04-20,8.6140656410242,8.630328678371182,8.576117864557721,8.624907493591309,15250800
2015-04-21,8.63033408538712,8.662860180459107,8.543597142537877,8.576123237609863,18509500
2015-04-22,8.581539049337595,8.635749863151055,8.521907567736898,8.624907493591309,20312100
2015-04-23,8.586961859138128,8.61948793998742,8.511066808835219,8.543593406677246,28458000
2015-04-24,8.5273293495393,8.603224395394589,8.511066310067704,8.5490140914917,20293300
2015-04-27,8.576119310883556,8.673698585407056,8.549014416398336,8.619487762451172,34824900
2015-04-28,8.635752043243855,8.717067767499536,8.549015132839722,8.706225395202637,56634200
2015-04-29,8.678864224170429,8.810196743039652,8.656975558003387,8.766419410705566,35126900
2015-04-30,8.739059304169594,8.777364865117017,8.613199069971522,8.646032333374023,30269300
2015-05-01,8.700754587357187,8.72264325779346,8.591311235175834,8.651505470275879,20602200
2015-05-04,8.651503904500954,8.689808940365102,8.618670643855276,8.635087013244629,15078700
2015-05-05,8.629613980458894,8.656974418165003,8.492809704460752,8.498281478881836,32248900
2015-05-06,8.542060772618402,8.569421738492416,8.427145133441158,8.470922470092773,26381200
2015-05-07,8.459979005606916,8.514700941292498,8.284869646400344,8.487339973449707,26996600
2015-05-08,8.547532035180712,8.596781663417097,8.531115666390903,8.5748929977417,21336800
2015-05-11,8.563950538635254,8.667922117909741,8.558478762252715,8.563950538635254,17249800
2015-05-12,8.531116305933564,8.563949045974518,8.481866674005136,8.514699935913086,17670000
2015-05-13,8.503754526251933,8.547531856688558,8.41072756860737,8.432616233825684,20890400
2015-05-14,8.481867291757382,8.503755960667881,8.317702013995122,8.35600757598877,28794700
2015-05-15,8.356007352782548,8.47639476764098,8.356007352782548,8.470922470092773,18937700
2015-05-18,8.465450595641256,8.558477565407303,8.454506000672538,8.525644302368164,19491900
2015-05-19,8.531117428631864,8.553006098828723,8.454506822009328,8.481867790222168,15145300
2015-05-20,8.503755173299954,8.514699767675353,8.350534505113256,8.37242317199707,22391500
2015-05-21,8.36147973011969,8.509228643350529,8.350535656102808,8.487339973449707,23962000
2015-05-22,8.481867291757382,8.481867291757382,8.35600757598877,8.35600757598877,24795800
2015-05-26,8.356008930627876,8.394313976964337,8.29034239138378,8.312231063842773,25002900
2015-05-27,8.334117905769977,8.410728503483021,8.317701535498253,8.383367538452148,18763900
2015-05-28,8.361478691507298,8.394311953213707,8.339590024325354,8.366950988769531,13959000
2015-05-29,8.37789538428959,8.427144492878881,8.295812492906816,8.301284790039062,19060400
2015-06-01,8.388838949151436,8.454504945164592,8.31222835953595,8.405255317687988,26685300
2015-06-02,8.449034143275155,8.481867408024488,8.323174425781293,8.35053539276123,34974700
2015-06-03,8.366952889886809,8.383369263536606,8.273925902759451,8.317703247070312,24311600
2015-06-04,8.279395923576168,8.301284589709955,8.213729925174807,8.235618591308594,23428400
2015-06-05,8.219201192710868,8.219201192710868,8.087868690490723,8.087868690490723,44736900
2015-06-08,8.115229857771775,8.213729106489605,8.098813490274441,8.153534889221191,30240600
2015-06-09,8.16448205463794,8.213731694514687,8.120704712940183,8.142593383789062,20454700
2015-06-10,8.213731104822644,8.252036145591362,8.180897839973001,8.224675178527832,20961100
2015-06-11,8.268453724411396,8.399786281119619,8.252037350523036,8.361480712890625,27187100
2015-06-12,8.3177024709606,8.39978537528479,8.30675839683761,8.334118843078613,19847300
2015-06-15,8.241090888308783,8.268451329575791,8.19184125904102,8.235618591308594,23825400
2015-06-16,8.213729972202419,8.23014634143001,8.169952639684197,8.208257675170898,23359500
2015-06-17,8.213731650824728,8.252036694139747,8.131648744177735,8.21920394897461,25842100
2015-06-18,8.224674016944594,8.339589644888077,8.2082576477718,8.284868240356445,21360500
2015-06-19,8.257504760826354,8.345059398889786,8.241088396656162,8.268448829650879,24675100
2015-06-22,8.284866445608065,8.345060134113208,8.262977784163754,8.279394149780273,18863800
2015-06-23,8.33411772706312,8.432616990315362,8.328645951667877,8.366950988769531,21177800
2015-06-24,8.481867790222168,8.569422471009602,8.43809044982845,8.481867790222168,35401000
2015-06-25,8.492809678135234,8.514698341352412,8.421671392212684,8.449031829833984,23994400
2015-06-26,8.443561896665447,8.4763946377174,8.399784560684838,8.427145004272461,20428200
2015-06-29,8.334119078919665,8.37242464410176,8.164482011209946,8.21920394897461,38117400
2015-06-30,8.30128644990189,8.306758748128336,8.153537528990318,8.21373176574707,28509300
2015-07-01,8.28487030938897,8.301286682661527,8.098816339409671,8.202787399291992,31744500
2015-07-02,8.213730847895285,8.252035887465812,8.10428750493162,8.137120246887207,18482400
2015-07-06,8.071453161726978,8.153535527506234,8.044092199178243,8.093341827392578,22609800
2015-07-07,8.082399493362292,8.153537280671243,7.945595173070042,8.126176834106445,28151300
2015-07-08,8.027676836344437,8.05503780232178,7.808790152259751,7.863511562347412,42278500
2015-07-09,7.989370273914735,8.000314345098962,7.808788663506183,7.841621398925781,29660700
2015-07-10,7.923703193664551,7.956536448607087,7.852565431378341,7.923703193664551,20093600
2015-07-13,8.011261940002441,8.016733716711391,7.890873980664576,8.011261940002441,19864000
2015-07-14,8.049566164754832,8.131648547549954,7.983900154145324,8.104288101196289,20830700
2015-07-15,8.115230425448903,8.131646794094596,7.994842504357607,8.071453094482422,21892100
2015-07-16,8.065977860256652,8.093338812613398,7.907284962827634,7.9729509353637695,33938900
2015-07-17,7.940120317429342,8.038619041442871,7.923703428538005,8.038619041442871,31718000
2015-07-20,8.049561497589307,8.071450155101353,7.951062277851724,7.9729509353637695,25428200
2015-07-21,7.951065723260803,7.9620103176927906,7.907288389266825,7.940121650695801,19334700
2015-07-22,7.929177517491233,7.94012211255985,7.852567439478981,7.890872478485107,30909700
2015-07-23,8.071453601067121,8.137119601638206,7.98389893363901,7.994843006134033,29440400
2015-07-24,8.055040495028432,8.060512272559437,7.836153215905246,7.87445878982544,26050900
2015-07-27,7.85256422601878,7.989368477190767,7.786897726213439,7.962007522583008,43857200
2015-07-28,8.18636693070364,8.20825559140605,7.989368984381956,8.115228652954102,56398500
2015-07-29,8.198151063600328,8.457971239517885,8.187095166326888,8.408218383789062,52125400
2015-07-30,8.408219919811557,8.457972784629286,8.270017751850945,8.347411155700684,34980300
2015-07-31,8.391635787687326,8.39716347372128,8.142871464179258,8.198152542114258,32654400
2015-08-03,8.275546317997366,8.314242757972679,8.209209337811348,8.25896167755127,26702300
2015-08-04,8.258961393865961,8.29213014641939,8.203680842542827,8.242377281188965,18845000
2015-08-05,8.28660059162757,8.314241126414188,8.137342547298786,8.181567192077637,22490000
2015-08-06,8.18156842961353,8.225793081081758,8.082062700210303,8.198152542114258,26811400
2015-08-07,8.209207726864257,8.247904159245913,8.153926657291018,8.181567192077637,14279200
2015-08-10,8.2147358829048,8.292129279303408,8.187095873733293,8.286601066589355,16804900
2015-08-11,8.18156949916318,8.18156949916318,8.076535542795822,8.126288414001465,26971300
2015-08-12,8.043363487309229,8.131812759733918,7.943857792231826,8.115228652954102,20864000
2015-08-13,8.093117572188513,8.209207391794472,8.065477038530078,8.131814002990723,20560700
2015-08-14,8.142871659770432,8.198152739033278,8.115231647338451,8.170512199401855,18398900
2015-08-17,8.159453289166446,8.164981500492802,8.05441938276269,8.115228652954102,16028300
2015-08-18,8.120759138445145,8.203680755347644,8.104175025944416,8.198152542114258,16853800
2015-08-19,8.17050952639935,8.2810711215551,8.15945363048341,8.164981842041016,22521900
2015-08-20,8.131816576649058,8.131816576649058,7.960445635488626,7.977030277252197,24108500
2015-08-21,7.899635588272427,7.949388451129752,7.650871801185215,7.661927700042725,42103400
2015-08-24,6.766379525373018,7.451862304756657,5.771323588771209,7.291547775268555,59805900
2015-08-25,7.656400454325484,7.66192814047228,7.1312317848205575,7.131231784820557,47961800
2015-08-26,7.286020557986358,7.379998101389793,7.05936902173087,7.302604675292969,48377900
2015-08-27,7.44080267373722,7.556892483610953,7.313656440447282,7.496083736419678,42067900
2015-08-28,7.485028498910798,7.650871186034545,7.479500286326821,7.595590114593506,25699000
2015-08-31,7.606645967294206,7.7061511503203155,7.46844382629191,7.667454719543457,38210300
2015-09-01,7.711681348159925,7.82224298399028,7.51819861725667,7.584535598754883,50482900
2015-09-02,7.73379168396064,7.739319896128571,7.5347807907090925,7.667454719543457,29602800
2015-09-03,7.70614990062338,7.778015065554207,7.617700629077515,7.650869369506836,27560400
2015-09-04,7.562420695319055,7.573476591535975,7.407633930687888,7.496083736419678,31138400
2015-09-08,7.612174417704661,7.617702102846265,7.485028169859529,7.556893348693848,30030100
2015-09-09,7.634285136219254,7.65086924255912,7.446330173703326,7.479498386383057,30846300
2015-09-10,7.473972836689403,7.645343214603193,7.379995328594981,7.590062141418457,38696300
2015-09-11,7.601117084077138,7.634285826957159,7.479499063116105,7.579004764556885,22804500
2015-09-14,7.584534262823698,7.62323069674851,7.534781403663583,7.617702484130859,26093500
2015-09-15,7.628757830384866,7.943858524233168,7.623229618549104,7.9106903076171875,46666700
2015-09-16,7.916221410222504,8.159457564024601,7.877524965062885,8.093120574951172,41675000
2015-09-17,8.076532552263522,8.225791110613844,7.993611482423991,8.071004867553711,37709000
2015-09-18,7.982557123228853,8.004669449385187,7.855411379629791,7.894107818603516,40712200
2015-09-21,7.849882736467019,7.977029000303571,7.822242198485211,7.916219711303711,20764100
2015-09-22,7.744847916134129,7.76696023705788,7.590061142468554,7.695095062255859,44081000
2015-09-23,7.700623462825861,7.711679359958768,7.468443823842215,7.562421321868896,31598400
2015-09-24,7.501612755211431,7.573477938601294,7.335770592064923,7.54583740234375,32462000
2015-09-25,7.667453348898985,7.667453348898985,7.468442491222892,7.479498386383057,35967400
2015-09-28,7.440804608203329,7.468445146730565,7.219681354384275,7.252849578857422,41124700
2015-09-29,7.263904859634056,7.302601291150128,7.19203968167611,7.269432544708252,44417400
2015-09-30,7.391050107174625,7.5071399215155585,7.335769569564227,7.501611709594727,40205300
2015-10-01,7.6066462053637105,7.617702102846265,7.446331737871568,7.556893348693848,33326900
2015-10-02,7.462917593812174,7.744850162772951,7.418692939135911,7.73379373550415,30097000
2015-10-05,7.805657717653488,7.888579327679749,7.684039672601268,7.844354152679443,38611900
2015-10-06,7.844352819986631,7.98255495268491,7.822240499842878,7.9106903076171875,27045900
2015-10-07,8.010195549984806,8.153925895690918,7.993611441541577,8.153925895690918,33389600
2015-10-08,8.137343013705571,8.297657492017462,8.115230690048739,8.286601066589355,25994700
2015-10-09,8.308712384435324,8.347409341549861,8.19262256749035,8.275544166564941,29216500
2015-10-12,8.281074523925781,8.292130951583646,8.209209852947605,8.281074523925781,14372100
2015-10-13,8.225793451057989,8.347411511665415,8.198152910847284,8.25896167755127,30615400
2015-10-14,8.258961951828207,8.314243034085479,8.214737296902179,8.297658920288086,22314500
2015-10-15,8.402692313858237,8.419276427596264,8.286602463293114,8.413748741149902,27437600
2015-10-16,8.430332467224778,8.452444793591816,8.352939061340422,8.446916580200195,24240500
2015-10-19,8.419277071654266,8.491142272949219,8.37505241350345,8.491142272949219,17863000
2015-10-20,8.441389449587627,8.62381628592218,8.441389449587627,8.502198219299316,29453800
2015-10-21,8.623813675399703,8.673566002539888,8.485611536545216,8.518779754638672,34039800
2015-10-22,8.563005774133066,8.640399174130955,8.513252911791524,8.61275863647461,23484400
2015-10-23,8.684623194972076,8.706735518056943,8.563005154405616,8.662510871887207,28592800
2015-10-26,8.695679331113109,8.756488616661754,8.607230036350769,8.668039321899414,38062300
2015-10-27,8.29766119644799,8.375054100198717,8.181571313622284,8.231324195861816,64579700
2015-10-28,8.253655603000084,8.376511250458124,8.192228045553184,8.359758377075195,34485300
2015-10-29,8.343006869865748,8.354175809705739,8.158723623020828,8.225735664367676,32247000
2015-10-30,8.231321680848103,8.348592908379945,8.16989409787979,8.27041244506836,29225800
2015-11-02,8.259242446416033,8.320670021525105,8.214567749506818,8.236905097961426,30295900
2015-11-03,8.253659032160622,8.303918205754906,8.220153271474075,8.27041244506836,25878800
2015-11-04,8.281578151725435,8.298331026601359,8.17547590075886,8.181059837341309,27166400
2015-11-05,8.208982425734023,8.214566895408137,8.097295695073464,8.136385917663574,21877700
2015-11-06,8.102878818607158,8.12521616102834,8.030282322597246,8.108463287353516,24085700
2015-11-09,8.108467949231201,8.114051888623736,7.963274873734161,8.002365112304688,25257400
2015-11-10,8.002362870883296,8.007947341276205,7.896260596240051,7.974441051483154,22197200
2015-11-11,7.974440361632872,8.030283995602252,7.918597260227857,7.991193771362305,16893000
2015-11-12,7.935351739312223,7.96885803297068,7.8292494524286385,7.840417861938477,20283700
2015-11-13,7.829247274268219,7.857168556557123,7.756650768675561,7.773403644561768,25482700
2015-11-16,7.734315575054892,7.862755213522624,7.734315575054892,7.840417861938477,22636000
2015-11-17,7.829250879226176,8.024702608065347,7.823666407171311,7.901846885681152,25188600
2015-11-18,7.94652053140229,8.09729806127773,7.918599240001205,8.074960708618164,26250400
2015-11-19,8.06937387926724,8.169892203143913,8.052621002809241,8.136385917663574,23593800
2015-11-20,8.164308475853634,8.242489460707223,8.119633779527122,8.1531400680542,18906200
2015-11-23,8.153138296347478,8.2257342626794,8.102879140760555,8.125216484069824,18273900
2015-11-24,8.047035516205243,8.169891170688363,7.996776360618319,8.125216484069824,21251800
2015-11-25,8.119632015101438,8.197812982966019,8.10846360972894,8.125216484069824,12627000
2015-11-27,8.119630564772645,8.147552372062906,8.097293225453273,8.114046096801758,7760600
2015-11-30,8.119636360580827,8.12522083253792,7.980027757040879,8.002365112304688,27860300
2015-12-01,7.9967794182248,8.130804061889648,7.980026537478373,8.130804061889648,29142200
2015-12-02,8.153141279110601,8.164309688568974,7.952104583215195,7.963273525238037,21398100
2015-12-03,7.991195770518479,8.007948651874612,7.778990653937627,7.806911945343018,29847300
2015-12-04,7.862751295745822,7.963269594071423,7.818076614837601,7.929763317108154,28354100
2015-12-07,7.924180572259995,7.929765041729123,7.829247254106414,7.885090351104736,14530600
2015-12-08,7.834830593491179,7.873921344229519,7.75106568809983,7.801324844360352,30356900
2015-12-09,7.767819808833672,7.896259954611867,7.706392237196324,7.756651401519775,25196900
2015-12-10,7.767820216316102,7.868338550235971,7.756651808416335,7.795742034912109,22039300
2015-12-11,7.728728789135464,7.773403478922949,7.583535781043978,7.617042064666748,29576400
2015-12-14,7.6282138004138735,7.6728885097010915,7.483020728948142,7.605876445770264,26825200
2015-12-15,7.672885461037889,7.818078474814163,7.661717054435893,7.745481967926025,43728500
2015-12-16,7.818078384725378,8.01911449432373,7.812493915206564,8.01911449432373,40683800
2015-12-17,8.024701533230747,8.030286004537624,7.790159063986884,7.806911945343018,26179800
2015-12-18,7.751066982888047,7.7678198602519695,7.661717593527968,7.706392288208008,40453000
2015-12-21,7.756653507759373,7.790159271363576,7.633797798560104,7.667303562164307,31598000
2015-12-22,7.778986402183959,7.957685125816844,7.762232997420222,7.929763317108154,50646600
2015-12-23,7.968855866347386,8.030283433361356,7.963271396828572,8.01911449432373,22172300
2015-12-24,8.013531118437184,8.02469952569244,7.9576874844678045,7.991193771362305,9000100
2015-12-28,7.974439842305645,8.007946127018082,7.907427805445098,7.9185967445373535,13697500
2015-12-29,7.974438802186042,7.985607739821514,7.901842305248252,7.946516990661621,18867800
2015-12-30,7.946520173122718,7.963273586285414,7.885092589219582,7.913014411926269,13800300
2015-12-31,7.896257053913983,7.907425457125156,7.840413440165607,7.868335247039795,19881000
2016-01-04,7.7454812190565985,7.818077718925766,7.678469188230663,7.801324844360352,38618500
2016-01-05,7.801327422194134,7.81808030229529,7.544447619530424,7.661718845367432,50267500
2016-01-06,7.572368901696117,7.572368901696117,7.287567297453108,7.321073055267334,61285500
2016-01-07,7.2038011854212645,7.281982167515181,7.036271346392597,7.092114448547363,57846700
2016-01-08,7.28756576953744,7.315487583571468,6.980426880291741,7.0027642250061035,46199400
2016-01-11,7.147958914953255,7.1591273236579385,7.008350344475904,7.131206035614014,41269100
2016-01-12,7.276396785928687,7.281981255213841,7.025101526304095,7.175879001617432,50983700
2016-01-13,7.108865195147976,7.170293281439633,6.7347148719081655,6.81289529800415,102174700
2016-01-14,6.8073134422302255,6.874326022551146,6.6006928285065625,6.807313442230225,62938600
2016-01-15,6.5951065068679755,6.701208744324862,6.466666395668353,6.684455871582031,69030000
2016-01-19,6.784975559655958,6.790560029671146,6.6006923096697525,6.673288822174072,41142600
2016-01-20,6.583939571762176,6.740301007551539,6.405240788002905,6.64536714553833,59879000
2016-01-21,6.706795692443848,6.857572668004077,6.623030232630904,6.706795692443848,48841800
2016-01-22,6.846402364849363,6.902245456705856,6.717962241707311,6.779390335083008,44537800
2016-01-25,6.868739871230726,6.874324340318283,6.662119308069691,6.690040588378906,96738600
2016-01-26,6.7793901404316355,6.868739510888023,6.723546517614265,6.846402168273926,45969800
2016-01-27,6.9560850671126175,6.984948600275961,6.771358785182886,6.840631484985352,42064200
2016-01-28,6.944540009101196,6.961858460749972,6.465407190674771,6.759814262390137,75699800
2016-01-29,6.829087361490028,6.892586708068848,6.725178839337207,6.892586708068848,52137400
2016-02-01,6.881039392629572,7.008038595156836,6.771358088006828,6.967629432678223,37301200
2016-02-02,6.8983579440512175,6.973402909448269,6.609723715843836,6.644360065460205,55649200
2016-02-03,6.736724491915849,6.7424973099443495,6.361500128482986,6.615498065948486,69454600
2016-02-04,6.56354143998634,6.748267146134267,6.500042116129498,6.655904293060303,40223100
2016-02-05,6.650132733365343,6.754040678837491,6.59240566880497,6.6097235679626465,33322200
2016-02-08,6.575086284369249,6.748266337877712,6.4942685223462595,6.690539836883545,45274500
2016-02-09,6.621268851414779,6.702086076900024,6.476951748161347,6.55199670791626,48956800
2016-02-10,6.615496745048125,6.678996079104183,6.540451777240356,6.546224594116211,38160300
2016-02-11,6.448090076446533,6.598180039228613,6.407681452053749,6.448090076446533,45801300
2016-02-12,6.4942702546178275,6.684768804711195,6.453861638090783,6.667450904846191,28085000
2016-02-16,6.78290687607223,6.85795186927491,6.655907614457981,6.852179050445557,41072100
2016-02-17,6.921449010919275,7.100402483704911,6.915676193936419,7.083084583282471,37766400
2016-02-18,7.158128748603162,7.181219465191194,6.99649373248694,7.0773115158081055,28784700
2016-02-19,7.036903295190736,7.054221747855287,6.9329953318343485,6.984949588775635,26479300
2016-02-22,6.984947663721726,7.250491142272949,6.984947663721726,7.250491142272949,33549700
2016-02-23,7.233172767506907,7.302444908195458,7.169673442840576,7.169673442840576,30136700
2016-02-24,6.990719920659922,6.990719920659922,6.696313463699413,6.97340202331543,60608400
2016-02-25,6.9907224529296395,7.158130322636462,6.956086645694423,7.152358055114746,32024800
2016-02-26,7.227400402049635,7.2678090125942285,7.1581277117931466,7.1985368728637695,30228800
2016-02-29,7.16967488913291,7.302446381270929,7.152356988098853,7.2216291427612305,32999100
2016-03-01,7.510261787862208,7.573761111742857,7.342853978971379,7.556443214416504,71523900
2016-03-02,7.539124526119057,7.706532317446213,7.527578895428784,7.6314873695373535,36598200
2016-03-03,7.648805338026481,7.85662173770049,7.643032522626264,7.816213130950928,44524500
2016-03-04,7.827761996004193,8.00094212535696,7.752717016372431,7.8450798988342285,31818600
2016-03-07,7.770034789822006,7.931669831438732,7.764261972132717,7.86239767074585,26131400
2016-03-08,7.798896467436139,7.839305080569922,7.591079484402821,7.637260913848877,34770600
2016-03-09,7.6488088162746735,7.689217441399807,7.510264486823163,7.614172458648682,34146200
2016-03-10,7.648807736641416,7.666125637746867,7.458309172903005,7.591080665588379,39076500
2016-03-11,7.654578561075173,7.67766927337977,7.619942217355272,7.671896457672119,27583000
2016-03-14,7.666124973093108,7.7180792224311725,7.608398457571115,7.66035270690918,20609600
2016-03-15,7.573761585992066,7.64303373016115,7.533352972858283,7.637260913848877,27729900
2016-03-16,7.625715434584789,7.798896061250868,7.608397537075992,7.793123245239258,47035000
2016-03-17,7.775805950164794,7.89703234317052,7.729624519546049,7.775805950164795,31521700
2016-03-18,7.816214359485172,7.908577218302109,7.787350828473363,7.873941421508789,32182400
2016-03-21,7.87394247282695,7.943214626188777,7.827761037252398,7.88548755645752,20905200
2016-03-22,7.8797157044943,7.925897145725199,7.79889845760333,7.8450798988342285,26148000
2016-03-23,7.83352815551018,7.856618858121951,7.614166205435458,7.654575347900391,31535500
2016-03-24,7.567989379012323,7.573762195789391,7.377490829577938,7.539126396179199,36203200
2016-03-28,7.579533927693651,7.602624640970799,7.544897582514914,7.556443214416504,18684200
2016-03-29,7.533354512175634,7.619944572448731,7.4871730732931585,7.619944572448731,26077400
2016-03-30,7.666125217946391,7.758488086152496,7.6488073177892755,7.706534385681152,25322500
2016-03-31,7.700760391157624,7.80466887726248,7.700760391157624,7.793123245239258,32943400
2016-04-01,7.666124219831056,7.694987750019015,7.533352751702909,7.562216281890869,57914000
2016-04-04,7.567990064348923,7.573762881648761,7.365946413589986,7.389037132263184,42406300
2016-04-05,7.348625238685635,7.41789791956266,7.227399423465728,7.371716499328613,32425000
2016-04-06,7.360172270259702,7.429444413799019,7.302445208713909,7.400580883026123,22597400
2016-04-07,7.371717882668842,7.38326296463087,7.15235582012974,7.227400779724121,37688100
2016-04-08,7.285127643084293,7.377490505353812,7.221628312905521,7.2447190284729,20015300
2016-04-11,7.279355421543728,7.3890367423482175,7.262037521084224,7.308218955993652,27744800
2016-04-12,7.342856416820655,7.412128579650654,7.308220060142549,7.394810676574707,23417000
2016-04-13,7.429445079519335,7.573762195789391,7.4178999964913075,7.539126396179199,29331100
2016-04-14,7.556443214416504,7.608397456921593,7.516034603813003,7.556443214416504,22453700
2016-04-15,7.562216814394657,7.5737618969671745,7.417899703818622,7.469853401184082,22986100
2016-04-18,7.492945235527483,7.666125904179251,7.475627333820157,7.648808002471924,30137700
2016-04-19,7.706533056232847,7.793123092606959,7.66612389546904,7.758486747741699,28808300
2016-04-20,7.746942215372469,7.920122850917259,7.73539658275732,7.873941421508789,32199000
2016-04-21,7.972079355002795,8.01248797955084,7.82776220958695,7.879715919494629,38126300
2016-04-22,7.868169760745102,7.95475981597135,7.798897606458876,7.856624126434326,28846300
2016-04-25,7.845081557714599,7.879717370698581,7.7758093812203155,7.839308738708496,19494800
2016-04-26,7.885482835943747,7.977845651801379,7.868164945601892,7.937437057495117,35214200
2016-04-27,7.960786421777982,8.001640718409876,7.931604542784609,7.972458839416504,27151400
2016-04-28,8.048333203451085,8.299296636606549,8.001642409831208,8.223423957824707,87588800
2016-04-29,8.130041389007669,8.188404595686976,7.8965868924961535,7.914096355438232,69695100
2016-05-02,7.978297162043708,8.048333353781693,7.93744285601276,7.94911527633667,57955400
2016-05-03,7.87907823580339,7.908260118366729,7.67480561445813,7.838223934173584,45594000
2016-05-04,7.75651549980611,7.809042782013532,7.66897040052585,7.7681884765625,28895000
2016-05-05,7.791532996030181,7.838223784601304,7.715660325452579,7.774023532867432,23838100
2016-05-06,7.739006886009491,7.867406295630871,7.727333908808537,7.844060897827148,23284500
2016-05-09,7.832387296880388,7.879078085451512,7.750678138581869,7.774023532867432,21602000
2016-05-10,7.809044095581587,7.890753276826211,7.809044095581587,7.873243808746338,23583400
2016-05-11,7.844059715724117,7.902423479737073,7.762351114023702,7.774023532867432,20229600
2016-05-12,7.820712882845748,7.861567732778953,7.68647702954551,7.791531562805176,24784300
2016-05-13,7.785695313650669,7.890749850114892,7.686477264011797,7.715659141540527,27481900
2016-05-16,7.715660325452579,7.809041902594826,7.709823837731663,7.774023532867432,21262700
2016-05-17,7.668969154357909,7.768187214272136,7.628114298947414,7.66896915435791,34165300
2016-05-18,7.657295782405945,7.785695716212506,7.616441485712149,7.680641174316406,23509700
2016-05-19,7.64562129847703,7.703984484181176,7.598930527274554,7.639784812927246,24117800
2016-05-20,7.674805716561155,7.739005970374223,7.663133297339403,7.698151111602783,19465000
2016-05-23,7.668970109372433,7.703987925115815,7.651460644902596,7.66313362121582,16234300
2016-05-24,7.680640462912933,7.762349605330431,7.680640462912933,7.756513118743896,19721600
2016-05-25,7.7798579666324095,7.93743975390545,7.7798579666324095,7.890748977661133,26188300
2016-05-26,7.931605590551998,7.984132868359328,7.803205639978315,7.8557329177856445,18369900
2016-05-27,7.867404382239916,7.902422748727957,7.820713597987897,7.849895477294922,17263300
2016-05-31,7.873243808746339,7.914098677667781,7.820716517703241,7.873243808746338,26096000
2016-06-01,7.838224372473001,7.844060304033512,7.569752039754397,7.651460647583008,58219600
2016-06-02,7.639788372636141,7.77402426324011,7.61644297615727,7.709824562072754,41614600
2016-06-03,7.668969480287577,7.668969480287577,7.528896559009784,7.610605716705322,39850700
2016-06-06,7.633951809536537,7.70982448649868,7.610606413286504,7.692315578460693,25588700
2016-06-07,7.721495387093073,7.849895319504186,7.692314064970675,7.809041023254395,27656900
2016-06-08,7.849896760150268,7.873242156091457,7.791533548596368,7.797369480133057,18084800
2016-06-09,7.739002227783203,7.762347611534975,7.66896607652789,7.739002227783203,19873800
2016-06-10,7.686478941099034,7.733169732693105,7.616442753707931,7.64562463760376,27382700
2016-06-13,7.628114548031248,7.663132917155417,7.563914854001383,7.575587272644043,20745800
2016-06-14,7.581423931288291,7.628114720108384,7.447188052580054,7.493878841400147,30546000
2016-06-15,7.534733916448189,7.680642785648497,7.517225007991639,7.593097686767578,25829700
2016-06-16,7.5464057025315885,7.668969155586559,7.499714916281893,7.657296180725098,26581200
2016-06-17,7.680638490104848,7.820710792615476,7.674802005017442,7.739002227783203,37364900
2016-06-20,7.814880443541,7.908262045217655,7.814880443541,7.832389354705811,29666700
2016-06-21,7.844058512110111,7.844058512110111,7.6923137508371475,7.715659141540527,36721800
2016-06-22,7.72149690632462,7.768188255422836,7.674806113824555,7.692315578460693,20666600
2016-06-23,7.756513831492822,7.826550007172901,7.75067734436997,7.820713520050049,24579700
2016-06-24,7.464695850855352,7.534732023686288,7.266259749535356,7.307114601135254,96887300
2016-06-27,7.254586682647108,7.254586682647108,7.003623335030497,7.0970048904418945,52731800
2016-06-28,7.248751084506193,7.260423502063903,7.126187638860994,7.231242179870605,40640400
2016-06-29,7.2896061687673805,7.342133444949705,7.213733498348256,7.324624538421631,31937900
2016-06-30,7.330459674671112,7.336295604705811,7.155368971876162,7.336295604705811,44983800
2016-07-01,7.517224487721417,7.523060975669043,7.406333443109026,7.423842906951904,45067800
2016-07-05,7.336295278122609,7.347968250868371,7.184550528613536,7.237077236175537,30243300
2016-07-06,7.190386778476352,7.342132091338509,7.12618709531067,7.336295604705811,35091200
2016-07-07,7.336296392610415,7.493878209029265,7.336296392610415,7.441350936889648,33473000
2016-07-08,7.523057884921056,7.686475584129722,7.523057884921056,7.639784812927246,45945200
2016-07-11,7.68647781637101,7.77985938589504,7.663132423990002,7.744841575622559,28626300
2016-07-12,7.809041180223918,7.902422748727957,7.809041180223918,7.849895477294922,31320100
2016-07-13,7.873243334100873,7.884916312117072,7.7681893149462145,7.867406845092773,26779800
2016-07-14,7.919931411371068,7.995804072608869,7.908258993964195,7.931604385375977,31803000
2016-07-15,7.954951213998051,7.9782966096276144,7.896587446625075,7.919932842254639,19546300
2016-07-18,7.9140970594073075,7.984133247611141,7.832387894870427,7.966623783111572,22545800
2016-07-19,7.9140970594073075,8.007478643679086,7.8790786870063165,7.966623783111572,26183400
2016-07-20,7.9432790053458096,8.042497085507213,7.914097675438024,8.01915168762207,22588900
2016-07-21,8.095019904189698,8.194237929616364,8.089183418788627,8.124201774597168,40574400
2016-07-22,8.124206398699892,8.13004288742295,8.001642918506644,8.077515602111816,25134100
2016-07-25,8.089188024870525,8.141715310194067,8.030824807420744,8.07167911529541,26248500
2016-07-26,8.101178547076186,8.189684115765743,8.077577174632525,8.17788314819336,28467200
2016-07-27,8.17788469665644,8.25458931229745,8.112981050822297,8.166084289550781,34625500
2016-07-28,7.540645657032744,7.587848402718309,7.345934190404515,7.499343395233154,142168600
2016-07-29,7.440340098710332,7.599649796352191,7.434440177194858,7.469841957092285,59754100
2016-08-01,7.440339183612845,7.446239667103756,7.316431843809092,7.3636345863342285,51963100
2016-08-02,7.286931557811611,7.292831479416006,7.02141539107344,7.045016765594482,101624900
2016-08-03,7.092218510245837,7.198424390772771,7.0450152089326075,7.1571221351623535,47323300
2016-08-04,7.1512230245311725,7.216126661903159,7.109920760994557,7.127621650695801,38443200
2016-08-05,7.174824972529708,7.2338286931904605,7.174824972529708,7.192525863647461,31219500
2016-08-08,7.210226376458542,7.275130010553839,7.168923552305981,7.186625003814697,33310600
2016-08-09,7.174822524614248,7.304630328159194,7.168922042021071,7.263328075408936,30097800
2016-08-10,7.257428585409464,7.292830360408424,7.216125764309255,7.227926731109619,24555800
2016-08-11,7.263328075408936,7.298729845566017,7.23382622514404,7.263328075408936,24987300
2016-08-12,7.251528898419901,7.298731645403341,7.22792752492818,7.275130271911621,18816900
2016-08-15,7.2987322342604495,7.340034500527918,7.292831749736189,7.334134578704834,16371100
2016-08-16,7.286933047767878,7.334135806461492,7.27513207674384,7.281032562255859,20450100
2016-08-17,7.275129753980314,7.310532093048096,7.216126043101044,7.310532093048096,23434500
2016-08-18,7.275130271911621,7.292831161355129,7.239728493024605,7.275130271911621,23629500
2016-08-19,7.257428865796969,7.322332497603296,7.227927010357334,7.310532093048096,21891400
2016-08-22,7.286931975792779,7.304632867023602,7.251529630629946,7.292831897735596,22458400
2016-08-23,7.316432274358639,7.334133725873048,7.275130012893902,7.328233242034912,34634100
2016-08-24,7.322333238132184,7.340034128105672,7.245628631312207,7.257429599761963,19999600
2016-08-25,7.257427770761995,7.387235577489722,7.2043245515233325,7.357733726501465,44713700
2016-08-26,7.357734938035196,7.404937682308467,7.281030337915855,7.30463171005249,22645900
2016-08-29,7.304630507262804,7.3754346120140175,7.304630507262804,7.357733726501465,22243200
2016-08-30,7.357734999473205,7.410838227899329,7.334133627139496,7.404937744140625,26040400
2016-08-31,7.363636868038882,7.440341489085277,7.363636868038882,7.434441566467285,26030600
2016-09-01,7.469840389534174,7.50524272470351,7.286929918812188,7.340032577514648,40510400
2016-09-02,7.393136239614723,7.416737610234122,7.35183398170604,7.37543535232544,21079800
2016-09-06,7.369533526117234,7.4757399559021,7.334131757989584,7.4757399559021,36098900
2016-09-07,7.446240265916456,7.522944869363513,7.446240265916456,7.493443012237549,22879100
2016-09-08,7.375439679085958,7.522948472667678,7.375439679085958,7.511147499084473,34017900
2016-09-09,7.440339459162872,7.487542203436144,7.304631710052491,7.30463171005249,35733600
2016-09-12,7.269229685861796,7.534745837294347,7.245628312701249,7.493443012237549,42690200
2016-09-13,7.393136714889601,7.481642282427808,7.275129854206422,7.30463171005249,56549100
2016-09-14,7.186624843951118,7.263329444012629,7.145322020717321,7.163023471832275,62450600
2016-09-15,7.163023296690439,7.186624668232208,7.115820553606902,7.145321846008301,57334800
2016-09-16,7.109920070046188,7.157122813129726,7.086318698504419,7.145321846008301,26271600
2016-09-19,7.151222329569014,7.275129670838571,7.115820553606902,7.145321846008301,41175500
2016-09-20,7.1335198945098455,7.192523029217455,7.056815312959088,7.080416679382324,37820800
2016-09-21,7.127622502526422,7.14532339434312,7.086320234053724,7.133522987365723,32934600
2016-09-22,7.180724519978458,7.251528637909994,7.174824036142219,7.186625003814697,36136200
2016-09-23,7.151222763924707,7.210226477713477,7.151222763924707,7.180724620819092,18993500
2016-09-26,7.1512235656843055,7.1512235656843055,7.080419438820245,7.086319923400879,26758600
2016-09-27,7.092217364749028,7.133519613688527,7.039114151711991,7.068615436553955,28965800
2016-09-28,7.092220718893024,7.133522987365723,7.056818372558422,7.133522987365723,29341500
2016-09-29,7.0981182558069476,7.151221476113648,7.050915518356772,7.062716484069824,23397400
2016-09-30,7.080417107290023,7.163022176114098,7.074516624652375,7.1217193603515625,34903800
2016-10-03,7.11581914247697,7.168921795889411,7.092217775615561,7.139420509338379,20683100
2016-10-04,7.145322538018713,7.227927627765587,7.133522132455525,7.198425769805908,23948700
2016-10-05,7.210225954478073,7.393136441087708,7.210225954478073,7.3636345863342285,55529100
2016-10-06,7.334133464859586,7.381336208482567,7.275129753980314,7.310532093048096,25880900
2016-10-07,7.310533415153573,7.328234306538114,7.1984264567487015,7.251529693603516,22093200
2016-10-10,7.286930049600405,7.30463093615226,7.139421348699191,7.151221752166748,24951400
2016-10-11,7.18072466411506,7.18072466411506,7.0273154575001735,7.074518203735352,40053500
2016-10-12,7.080417948565219,7.086318431903945,7.045015611233926,7.056816577911377,20627000
2016-10-13,7.027317047119141,7.027317047119141,6.897509184258568,7.027317047119141,39904200
2016-10-14,7.056818910864895,7.08042028932125,7.0155166392415875,7.027317047119141,25775700
2016-10-17,7.027314878488148,7.080418104302589,7.009613990783691,7.009613990783691,19875000
2016-10-18,7.033218129471863,7.039118615262168,6.909310741381956,7.015517234802246,39911300
2016-10-19,7.015515796536818,7.109921299022232,7.009615311956185,7.086319923400879,26094000
2016-10-20,7.092218335651438,7.0981182558069476,7.021413666775159,7.062716484069824,18116000
2016-10-21,7.0391180178674135,7.104021667948638,6.991915260953569,7.092221260070801,24364200
2016-10-24,7.11582181457014,7.198426348253773,7.11582181457014,7.192525863647461,33733600
2016-10-25,7.1984950972131,7.228364484944843,7.025253332022415,7.0790181159973145,42486000
2016-10-26,7.049151139106032,7.126811345884218,7.025255734690542,7.096941947937012,36219900
2016-10-27,7.055126874092419,7.06707429439352,6.929675827517501,7.013309478759766,48402000
2016-10-28,7.013308789213103,7.079021588398613,6.9475965597390585,7.00136137008667,37142400
2016-10-31,7.019283473766077,7.055126874092419,6.983440073439734,7.013309478759766,31898400
2016-11-01,7.037203098054948,7.073046489258892,6.8699352684297565,6.935647487640381,35613600
2016-11-02,6.8759111136563655,6.905780519418505,6.786302896369949,6.8101983070373535,36229400
2016-11-03,6.8042246372566275,6.846041461994707,6.732538407829273,6.78032922744751,38651500
2016-11-04,6.756433520551444,6.869936569726039,6.7504595259339695,6.774354934692383,24752400
2016-11-07,6.881884167318697,6.9416224009593375,6.80422395084556,6.917726993560791,25120700
2016-11-08,6.869935868722571,6.875909862730463,6.780328237449891,6.857987880706787,28497900
2016-11-09,6.660850936742832,6.947596395236836,6.61306012194574,6.917726993560791,60625700
2016-11-10,6.917726201482094,7.15668024810735,6.917726201482094,7.132784843444824,52756500
2016-11-11,7.096942892870736,7.407583191632797,7.073047485273654,7.335896968841553,79259300
2016-11-14,7.329924544922786,7.467323014936074,7.180578084624065,7.204473495483398,56109900
2016-11-15,7.204473854528339,7.2522646786287295,7.138761044106631,7.192525863647461,31498500
2016-11-16,7.168629169464111,7.198498571612504,7.120838353911267,7.168629169464111,25195500
2016-11-17,7.1088900213940045,7.144733416181045,7.037203801531358,7.090968608856201,38502500
2016-11-18,7.090968380585564,7.108889792546446,7.00733417524909,7.025256156921387,30662000
2016-11-21,7.0312297105161665,7.10888934738741,7.0312297105161665,7.043177127838135,19508600
2016-11-22,7.025257445513255,7.114865091465158,7.007335460553659,7.102917671203613,24274700
2016-11-23,7.108890056610107,7.168628858313964,7.079021225469614,7.108890056610107,22414000
2016-11-25,7.138761044106631,7.204473854528339,7.1268136229373145,7.192525863647461,11439600
2016-11-28,7.180575044647592,7.198496452776981,7.102914849805181,7.12083625793457,24407200
2016-11-29,7.126810250548131,7.16862705942047,7.09096686457806,7.12083625793457,23690800
2016-11-30,7.1507083775205595,7.252264011824316,7.120838972776246,7.1447343826293945,47646200
2016-12-01,7.306028492132538,7.646538805651554,7.276159656137272,7.425506114959717,95143600
2016-12-02,7.515111978433242,7.515111978433242,7.258235947928111,7.312000751495361,38689800
2016-12-05,7.353819797700752,7.467322854414787,7.341871807672158,7.431479454040527,36220000
2016-12-06,7.407584459113177,7.521088091904033,7.389663042776772,7.503166675567627,23923900
2016-12-07,7.521085114356357,7.855620745516061,7.491215719146409,7.801856517791748,58600400
2016-12-08,7.807832387098108,7.855623206521376,7.748094147674776,7.783936977386475,41459500
2016-12-09,7.766015718174687,7.885492769127378,7.712250902818096,7.8675713539123535,45256100
2016-12-12,7.813806823020738,7.825754813406738,7.652512940790511,7.658486366271973,39596800
2016-12-13,7.67043363282679,7.694329041632328,7.61666882058646,7.628616809844971,39570500
2016-12-14,7.556930023814647,7.640564239601524,7.467322383102017,7.485243797302246,42820100
2016-12-15,7.491218419726431,7.598748053362087,7.47927099916221,7.515113830566406,23774800
2016-12-16,7.562905281022642,7.586800693849271,7.503167033811861,7.544983863830566,28354900
2016-12-19,7.5210870587948975,7.646538095340674,7.5210870587948975,7.562903881072998,22830000
2016-12-20,7.586797910295233,7.658484122473844,7.57485049312115,7.634588718414307,17834000
2016-12-21,7.604720969580488,7.628616948531936,7.550956726074218,7.550956726074219,18117100
2016-12-22,7.544983229860444,7.550957224993028,7.407584190368652,7.407584190368652,27821100
2016-12-23,7.425505195718424,7.443426609039307,7.383687805021089,7.443426609039307,15621200
2016-12-27,7.425506740761973,7.473297566035919,7.3836893413635885,7.401611328125,19467400
2016-12-28,7.389661262032877,7.437452073887804,7.300053632232744,7.317975044250488,26875400
2016-12-29,7.31797587843311,7.353819276265835,7.300054464372489,7.306027889251709,19819100
2016-12-30,7.312003886784158,7.335899301981035,7.216422225996648,7.246291637420654,27405700
2017-01-03,7.288106969062659,7.527061641479897,7.246290143517037,7.521087646484375,40510800
2017-01-04,7.628617252006971,7.927310164244458,7.610695267080429,7.8675713539123535,77638100
2017-01-05,7.8914663067058815,7.897440301335137,7.544982594169848,7.628616809844971,75628400
2017-01-06,7.646539838288594,7.670435252138712,7.550958182888123,7.622644424438477,40315900
2017-01-09,7.640565515137079,7.682382345155784,7.544983863830566,7.544983863830566,39438400
2017-01-10,7.586800072814579,7.777963929491036,7.562904661943963,7.676408290863037,58703500
2017-01-11,7.592773583173055,7.598747577937162,7.473296536448405,7.568878173828125,49718700
2017-01-12,7.562904472029995,7.574852462021041,7.377715184860943,7.521087646484375,36493300
2017-01-13,7.539009868196014,7.568879276657194,7.467323629716128,7.544983863830566,29197100
2017-01-17,7.556930210912234,7.604721029770392,7.49121797741014,7.533034801483154,49069500
2017-01-18,7.545177255518304,7.557317223311693,7.466265438735326,7.533036708831787,33830800
2017-01-19,7.526965212135339,7.624087833162811,7.490544735781443,7.545176029205322,30135600
2017-01-20,7.557316846453792,7.5755270866823565,7.472335339458425,7.502685546875,29270000
2017-01-23,7.496614895085661,7.5148251329879905,7.417703092318199,7.472334384918213,31670700
2017-01-24,7.496614056144482,7.654437065124513,7.490543784558684,7.654437065124512,34625200
2017-01-25,7.715139465030314,7.7697707574776445,7.672648717079291,7.763700485229492,46747800
2017-01-26,7.678716835551212,7.696927648560685,7.496613336599724,7.508753299713135,55672800
2017-01-27,7.5755265787153565,7.611947635623419,7.514825589059334,7.581596851348877,34613900
2017-01-30,7.563384580955742,7.563384580955742,7.454122018470526,7.508753299713135,39254200
2017-01-31,7.472335339458425,7.520896365996664,7.399493220757968,7.502685546875,46974500
2017-02-01,7.557314883784826,7.636226676138987,7.417702113468736,7.478403091430664,44396800
2017-02-02,7.466263086196124,7.508753828424302,7.423771765075,7.454122543334961,29035400
2017-02-03,7.539105734454636,7.660508286762071,7.520895496331779,7.624087810516357,38245300
2017-02-06,7.618017500453335,7.6605082488272656,7.563386207462265,7.599807262420654,26916800
2017-02-07,7.587665389845672,7.59980593233803,7.472333130632905,7.490543365478516,32914400
2017-02-08,7.490543882643205,7.557315134282437,7.448053138772146,7.514824390411377,26411400
2017-02-09,7.514824390411377,7.569455677613006,7.496614154308491,7.514824390411377,32924600
2017-02-10,7.551245323203793,7.59373664855957,7.508754576741019,7.59373664855957,32996500
2017-02-13,7.611947265839097,7.660508286762071,7.5755262107003505,7.624087810516357,24474000
2017-02-14,7.672647920495249,7.709068392416901,7.642297141298564,7.678717613220215,28355700
2017-02-15,7.660508497178472,7.672649042189204,7.618017747427006,7.666578769683838,25114400
2017-02-16,7.654435409570032,7.672646220388666,7.575523632701124,7.611944675445557,22896500
2017-02-17,7.587666587876085,7.636227607727051,7.53910556802512,7.636227607727051,26407400
2017-02-21,7.654435724409695,7.7212075423721185,7.654435724409695,7.702996730804443,29156200
2017-02-22,7.684788092323401,7.7515599241375055,7.678717820541577,7.690858364105225,24787500
2017-02-23,7.709069307685046,7.721209852362305,7.618017538177727,7.624087810516357,22520600
2017-02-24,7.593734696121589,7.593734696121589,7.51482291662772,7.569454193115234,40817300
2017-02-27,7.5815954501185345,7.696928293267367,7.545174978834764,7.684787750244141,41713100
2017-02-28,7.666578487641868,7.6847887255949905,7.557315902137077,7.605876922607422,36089800
2017-03-01,7.684786498129628,7.739417775046934,7.67871622760707,7.702996730804443,36178600
2017-03-02,7.721208800420865,7.739419036062751,7.636226735937145,7.684787750244141,33245100
2017-03-03,7.684787884838145,7.71513866403483,7.605876090483949,7.678717613220215,30429200
2017-03-06,7.636227738486015,7.648368283103155,7.587666717803515,7.599807262420654,28753600
2017-03-07,7.593735308858624,7.605875271894945,7.539104027962923,7.563384532928467,25906900
2017-03-08,7.5876666846543,7.672648759923917,7.563386174419128,7.605876922607422,27327800
2017-03-09,7.61194462940166,7.61194462940166,7.526962582773923,7.587664127349853,29149100
2017-03-10,7.618017467171522,7.666578487641868,7.569456446701177,7.605876922607422,34866100
2017-03-13,7.624085215991313,7.666575950115788,7.58766417324688,7.611944675445557,22625800
2017-03-14,7.593735736647584,7.6240865142875345,7.557314687701056,7.618016242980957,26956700
2017-03-15,7.624086905337738,7.678717613220216,7.599806397758983,7.678717613220215,34296200
2017-03-16,7.678719419352899,7.721210751779947,7.642298938864687,7.709070205688477,28954700
2017-03-17,7.733347898406948,7.733347898406948,7.557314096536842,7.57552433013916,54929100
2017-03-20,7.57552507748186,7.581595348912442,7.435912307936163,7.454122543334961,45329700
2017-03-21,7.466263480746737,7.478403445356484,7.102055280166711,7.114195823669434,101559900
2017-03-22,7.114196204139218,7.180967460296217,7.053494641165213,7.144546985626221,71107900
2017-03-23,7.023144050761411,7.132406635530194,6.980653302859339,7.083845615386963,71209300
2017-03-24,7.077775440673522,7.144547278460311,7.0110041817797635,7.053494930267334,43772400
2017-03-27,6.986722562122538,7.011003068673817,6.926021006297871,6.956371784210205,57713400
2017-03-28,6.986722900071222,7.162756725806008,6.968512085107199,7.071704387664795,57662800
2017-03-29,7.120265476373428,7.138476291524813,7.06563476759819,7.0899152755737305,35795700
2017-03-30,7.083845003856602,7.126335748090556,7.047423952446803,7.0899152755737305,28008200
2017-03-31,7.077774691950379,7.089915235315699,7.041354219640356,7.065634727478027,26717500
2017-04-03,7.065635111682312,7.065635111682312,6.847109950367672,6.944231986999512,65671100
2017-04-04,6.907811776914102,6.968512762684148,6.847110212251032,6.9017415046691895,40068200
2017-04-05,6.968512994719742,6.980653539613817,6.828900201796126,6.834970474243164,43316100
2017-04-06,6.84104061126709,6.89567132552985,6.810689828525757,6.84104061126709,36165300
2017-04-07,6.834969447264787,6.865320226046622,6.804618668482952,6.816758632659912,28874900
2017-04-10,6.834970132525632,6.889601424031571,6.822829588238528,6.82889986038208,25857100
2017-04-11,6.841040101635027,6.847109794616698,6.7803385406744034,6.847109794616699,36366300
2017-04-12,6.841039718799745,6.859249954511664,6.798548396947994,6.816758632659912,56588400
2017-04-13,6.810688816258092,6.828899051639104,6.743916988372802,6.743916988372803,32789900
2017-04-17,6.810689321154715,6.859250338366019,6.7621283039434115,6.847109794616699,44731700
2017-04-18,6.859412964996079,6.877869207684463,6.816349572112636,6.853261470794678,35660000
2017-04-19,6.884021759033203,6.939389322211443,6.87171818204627,6.884021759033203,37524400
2017-04-20,6.920933926085836,7.074732457776633,6.914781844011443,7.056276798248291,49990200
2017-04-21,7.05012537865681,7.062428957266895,6.963997981606643,6.976302146911621,26076200
2017-04-24,7.06242837720837,7.07473254150277,6.988605151526505,7.0316691398620605,41071300
2017-04-25,7.056275073201936,7.074730728218427,7.031667337615052,7.062426567077637,35862500
2017-04-26,7.056276621542297,7.197770985540951,7.043972457701637,7.136251926422119,51685800
2017-04-27,7.1731634241875675,7.185467588336354,6.976301491365697,7.056276798248291,50203700
2017-04-28,7.080884539851025,7.080884539851025,7.013212810422378,7.056276798248291,41415100
2017-05-01,7.068578469013382,7.099338284393311,7.013210918668447,7.025515079498291,32118400
2017-05-02,6.951694648994944,6.994758055696457,6.7056166144415,6.717920780181885,99514700
2017-05-03,6.717918488567951,6.82250151490623,6.711766407796355,6.810197353363037,57290600
2017-05-04,6.822500783551071,6.834804357080636,6.742525502177614,6.7671332359313965,34639800
2017-05-05,6.773286179229192,6.8655650458922075,6.754829936540808,6.853261470794678,28926000
2017-05-08,6.877870093200053,6.914781409939645,6.822502531395862,6.847110271453857,35561800
2017-05-09,6.853262676400171,6.92708590005629,6.828654935181465,6.865566253662109,44142900
2017-05-10,6.865565540820261,6.890173279483981,6.78559024348948,6.791742324829102,34989300
2017-05-11,6.791742477196143,6.810198134934278,6.748679080242234,6.773286819458008,29276300
2017-05-12,6.76713626975359,6.785591931669251,6.7056166144415,6.717920780181885,34264300
2017-05-15,6.7425259093192444,6.785589299315047,6.717918174079545,6.730221748352051,27359500
2017-05-16,6.804045540765837,6.810197034554746,6.705614013112352,6.730221748352051,42130200
2017-05-17,6.730222286537415,6.7363743675129655,6.564120207060684,6.619487762451172,54670100
2017-05-18,6.601031843688183,6.656399401797663,6.582576186549944,6.637943744659424,37890800
2017-05-19,6.650246799628599,6.7302214961395865,6.6379426391225,6.687158107757568,32431700
2017-05-22,6.834804352147148,6.8471085123624835,6.75482907083142,6.828652858734131,73335000
2017-05-23,6.865565613209285,6.871717694613774,6.748678999997882,6.797894477844238,40816600
2017-05-24,6.804047130716126,6.804047130716126,6.687159920992669,6.742527484893799,46638800
2017-05-25,6.742526545669477,6.748678626733699,6.6194878578587595,6.681006908416748,46269200
2017-05-26,6.674856496417814,6.73637555695151,6.650248754865368,6.724071979522705,28176500
2017-05-30,6.767134979861806,6.840958200147832,6.76098289816427,6.81635046005249,36082600
2017-05-31,6.84095573425293,6.847107813732883,6.767132540577256,6.84095573425293,36398700
2017-06-01,6.9209319876411834,7.099338210965925,6.828653129150504,7.019362926483154,76707200
2017-06-02,7.025518185316338,7.031670268450953,6.914783035673035,6.982454776763916,45925000
2017-06-05,6.9886039012030885,6.9886039012030885,6.908628607682315,6.920932769775391,42558600
2017-06-06,6.884019117223425,6.8901711967033785,6.797892351282434,6.84095573425293,44543700
2017-06-07,6.8655649069179745,6.8840205625380495,6.779438122894485,6.810197353363037,37344200
2017-06-08,6.810196618411128,6.828652858734131,6.711765683467046,6.828652858734131,40757400
2017-06-09,6.822502531395862,6.859413848135454,6.77328705127987,6.847110271453857,30285900
2017-06-12,6.84710940823633,6.988603749057863,6.84710940823633,6.939388275146484,38473100
2017-06-13,6.963996308287449,6.982452551810223,6.859413275104072,6.933237075805664,29889300
2017-06-14,6.9332370836154835,6.945540659283107,6.804046312284302,6.902477264404297,44367900
2017-06-15,6.859412588288094,6.945539956019729,6.853261094424521,6.914780139923096,28431600
2017-06-16,6.91478084007192,6.91478084007192,6.810197806770737,6.902477264404297,54035400
2017-06-19,6.890172404384727,6.939387875461463,6.87786882996289,6.914780139923096,30540900
2017-06-20,6.896323276183333,6.902475355663286,6.822500082507659,6.84095573425293,31971500
2017-06-21,6.859413459480639,6.859413459480639,6.7671345861653815,6.791742324829102,37002500
2017-06-22,6.779439132968069,6.877870093200053,6.7671349695916705,6.847110271453857,26972800
2017-06-23,6.828654226172065,6.847109883496163,6.7671345861653815,6.791742324829102,45190200
2017-06-26,6.804046391073219,6.890173181828161,6.804046391073219,6.877869606018066,31316800
2017-06-27,6.871718021940709,6.890173680338515,6.80404688335222,6.81635046005249,28491600
2017-06-28,6.834804756805276,6.87171665294202,6.810197021612343,6.822501182556152,31820000
2017-06-29,6.847110665204156,6.890174066108354,6.810198759647103,6.871718406677246,32917000
2017-06-30,6.877870263887144,6.939389322211443,6.865566100205395,6.884021759033203,41075000
2017-07-03,6.988603100630105,7.19161705835186,6.920931976954411,7.111642360687256,43949600
2017-07-05,7.080883835246463,7.111643655862742,6.927085318859849,6.951693058013916,39412200
2017-07-06,6.945540739710487,6.988604135087958,6.871717524765639,6.877869606018066,31936000
2017-07-07,6.896325103933001,6.939388498316691,6.865565285075474,6.927084922790527,20871800
2017-07-10,6.914782493776517,6.9824542295641105,6.908630411124029,6.976302146911621,18881300
2017-07-11,6.957845452838157,7.031668673625151,6.951693371098872,7.000908851623535,25914300
2017-07-12,7.019364892496771,7.148555682584834,7.013212810422378,7.056276798248291,33088200
2017-07-13,7.050124539621967,7.191618903620621,7.043972457701637,7.136251926422119,33650800
2017-07-14,7.167010046633161,7.216225520942636,7.136250815210787,7.185466289520264,39792200
2017-07-17,7.203922596078232,7.228530335454541,7.167010693666375,7.222378253936768,24394200
2017-07-18,7.21007570015025,7.228531360626221,7.179315874893717,7.228531360626221,24625200
2017-07-19,7.2346818530092705,7.277745246887207,7.222377690932865,7.277745246887207,26225900
2017-07-20,7.283976296816443,7.340054911161318,7.26528362344461,7.290207386016846,30315100
2017-07-21,7.221666332052273,7.240359003209851,7.140663964730362,7.1842803955078125,27630600
2017-07-24,7.171818557111621,7.196742315842872,7.022276004724113,7.034737586975098,48123400
2017-07-25,7.040969551173585,7.090817074837556,6.991122027509612,7.022276878356934,52854300
2017-07-26,6.9412750444837235,6.95373662925564,6.822886720888812,6.891427516937256,72271700
2017-07-27,6.903888741073517,6.97866002848742,6.872733889427048,6.966198444366455,38687500
2017-07-28,6.947504482441151,6.9911215080784554,6.891426468157722,6.959966659545898,24864100
2017-07-31,6.953736304758643,6.997352740769085,6.935043631358364,6.991122245788574,39548600
2017-08-01,6.922581518362836,6.94750528120855,6.773038941288553,6.8228864669799805,65140100
2017-08-02,6.841578445439815,6.872733294388912,6.810424190720037,6.854040622711182,30890500
2017-08-03,6.860274731444494,6.885198502730095,6.804196097494496,6.810427188873291,20309300
2017-08-04,6.791731614865494,6.847810229825694,6.716960326328352,6.8228864669799805,29267600
2017-08-07,6.816656035889807,6.8415798011420215,6.791732270637592,6.804194450378418,35013000
2017-08-08,6.822885870312723,6.854040719702692,6.779269437704363,6.785500526428223,26322100
2017-08-09,6.779270685126203,6.82288712576022,6.7481158300035755,6.804194450378418,32155900
2017-08-10,6.779269795894892,6.7979624688247915,6.710729598999023,6.710729598999023,31903800
2017-08-11,6.723191182875836,6.754346033911907,6.704498509945937,6.710729598999023,32300100
2017-08-14,6.741883578012317,6.822885949676726,6.723190905852633,6.797962188720703,26413500
2017-08-15,6.8041938971484885,6.854041423599955,6.7543463706970215,6.7543463706970215,29266300
2017-08-16,6.766808875759068,6.791732642375457,6.71696134252629,6.729423522949219,28316300
2017-08-17,6.723192775111579,6.729423865640358,6.604805026212286,6.6297287940979,35518800
2017-08-18,6.617265586493369,6.623496676055509,6.523801619978904,6.579880237579346,43998700
2017-08-21,6.561185403304949,6.642187765596277,6.554954909458897,6.586109161376953,30152500
2017-08-22,6.61103443096222,6.6858057222735585,6.61103443096222,6.635958194732666,28676100
2017-08-23,6.611036790688724,6.71696297307949,6.598575201470194,6.673346519470215,35405800
2017-08-24,6.698270292136889,6.7294251565276335,6.660884336022072,6.673346519470215,33584400
2017-08-25,6.710730447657968,6.779270653221636,6.70449935781688,6.741884708404541,35926800
2017-08-28,6.766807696713107,6.779269874964631,6.685805320766297,6.723191261291504,22307400
2017-08-29,6.698267754881774,6.785501223286535,6.6858055761542134,6.7543463706970215,29807300
2017-08-30,6.741881986431407,6.816653251647949,6.710727738263077,6.816653251647949,23629300
2017-08-31,6.835348722250653,6.978660211664967,6.8228865435732065,6.872734069824219,54208900
2017-09-01,6.966199283062135,7.121972965819485,6.941275517590136,7.072125434875488,64560300
2017-09-05,7.078354358673096,7.097047624297941,7.003583078861645,7.078354358673096,44000200
2017-09-06,7.0970477099718545,7.18428057369028,7.0970477099718545,7.165587902069092,43279000
2017-09-07,7.178049552716131,7.178049552716131,7.059661254598575,7.103277683258057,30271000
2017-09-08,7.065892775819176,7.097047624297941,7.0347379273404105,7.078354358673096,26633900
2017-09-11,7.103278855727548,7.134433707439296,7.090817271580471,7.1095099449157715,43375000
2017-09-12,7.121970357015909,7.271512895069926,7.097046600673574,7.221665382385254,41386700
2017-09-13,7.227897247101987,7.246589917811088,7.1780497290581895,7.240358829498291,23302200
2017-09-14,7.227897602869532,7.277745123366895,7.153125727894168,7.20297384262085,31696300
2017-09-15,7.190511311454494,7.246589917811088,7.159356464119799,7.240358829498291,30865500
2017-09-18,7.246591567993165,7.308900682622197,7.227898893027397,7.246591567993164,25132400
2017-09-19,7.246590911103181,7.315131109250902,7.240359821936288,7.302669525146484,26392900
2017-09-20,7.277746495683465,7.35251779052864,7.252822730735074,7.296439170837402,26705300
2017-09-21,7.29643843597959,7.364978634127312,7.283976257645803,7.302669525146484,40319400
2017-09-22,7.315129806785467,7.396132168844432,7.302668224899845,7.377439498901367,30196500
2017-09-25,7.402365795516576,7.514523042097415,7.377442028968552,7.439751148223877,40766000
2017-09-26,7.4459819026750145,7.477136758012622,7.414827047337408,7.433520317077637,30646700
2017-09-27,7.464671786868074,7.489596137201573,7.389900518555232,7.445979118347168,28412200
2017-09-28,7.445980291439818,7.4709040514707645,7.4148254428438065,7.452211380004883,23105700
2017-09-29,7.458442211151123,7.489597058671864,7.427287363630382,7.458442211151123,31227500
2017-10-02,7.477136900932408,7.533215522766113,7.458444225064323,7.533215522766113,36020000
2017-10-03,7.676526982454207,7.745067783945051,7.614217865188243,7.688989162445068,65641700
2017-10-04,7.682756124692133,7.763758491408405,7.651601276842906,7.664063453674316,52909800
2017-10-05,7.688987429970364,7.701449012923947,7.5705991236501005,7.632908821105957,48145800
2017-10-06,7.601756338462533,7.682758732675818,7.595525247931627,7.670297145843506,35091800
2017-10-09,7.682758072449638,7.732605603954188,7.632910540945087,7.688989162445068,28924800
2017-10-10,7.6889908398178415,7.73883838219676,7.632912206084164,7.7201457023620605,40586200
2017-10-11,7.713912487030029,7.745067340995954,7.670296048015382,7.713912487030029,34953400
2017-10-12,7.664066225000714,7.676527812108937,7.545677879210284,7.55190896987915,45924400
2017-10-13,7.514518993483965,7.583059166006128,7.396130720493057,7.508287906646728,44597300
2017-10-16,7.470906573872412,7.57060164765624,7.452213896095323,7.55190896987915,32349700
2017-10-17,7.558139388663288,7.670296633814575,7.551908298548336,7.6453728675842285,55273200
2017-10-18,7.651602930467845,7.695219964574771,7.583062725770428,7.595524311065674,30783700
2017-10-19,7.564370560373863,7.632910769689282,7.508291937193309,7.620448589324951,29678200
2017-10-20,7.645679636692059,7.658296558646854,7.569979909787142,7.633063316345215,28171700
2017-10-23,7.639371438382712,7.689837924721203,7.595213413238525,7.595213413238525,21504800
2017-10-24,7.63937334102774,7.733998477685511,7.62675701710491,7.689839839935303,34651200
2017-10-25,7.664604681551958,7.664604681551958,7.551055388094339,7.595213413238525,47674800
2017-10-26,7.696146320522465,7.784462971668396,7.607830270984501,7.740304946899414,49003100
2017-10-27,7.7150723264869026,7.721380788628569,7.57628976901863,7.607831478118896,33925400
2017-10-30,7.576288370764539,7.6646044180163,7.538438206508105,7.633063316345215,36457400
2017-10-31,7.664604616426921,7.759229728713554,7.651988295753483,7.740304946899414,42010200
2017-11-01,7.822313544606629,7.866472176681349,7.746613805974596,7.790772438049316,43495800
2017-11-02,7.778156412661593,7.841239836279617,7.733998377093844,7.834931373596191,40923400
2017-11-03,7.828623183396357,7.860164896303212,7.771848220485644,7.797081470489502,33220300
2017-11-06,7.797079154648882,7.84123778024601,7.759229591689008,7.778154373168945,20178500
2017-11-07,7.790773998349127,7.809698786395292,7.639373889155309,7.670915603637695,41536300
2017-11-08,7.658297972036098,7.670914294711367,7.57628976901863,7.607831478118896,34127500
2017-11-09,7.576288631263584,7.60152187443283,7.525822144925094,7.595213413238525,26257300
2017-11-10,7.569981668172481,7.62675662694107,7.5573647432869775,7.576290130615234,35298400
2017-11-13,7.576291061798703,7.70876578133819,7.551057810534428,7.670915603637695,30415900
2017-11-14,7.633062303099452,7.670911860723621,7.563670444775357,7.582595825195312,25893400
2017-11-15,7.5510567895249405,7.588906360499474,7.487973369089938,7.569981575012207,28441300
2017-11-16,7.569980170069281,7.60152187443283,7.525822144925094,7.595213413238525,28269000
2017-11-17,7.582598593057986,7.607831841220904,7.56367320572973,7.576290130615234,31117700
2017-11-20,7.588905569296238,7.664605304961096,7.582597709196849,7.651988983154297,32352000
2017-11-21,7.658297350811142,7.715071700656532,7.645680427551269,7.645680427551269,28510300
2017-11-22,7.6393713693144,7.664604612255509,7.60152180570672,7.614138126373291,36184000
2017-11-24,7.633063316345215,7.6646044180163,7.588904691111384,7.633063316345215,9549600
2017-11-27,7.626755550451578,7.689838361150913,7.607830767402578,7.639371871948242,28525200
2017-11-28,7.664605351762325,7.721380304259649,7.620447322756861,7.702455520629883,33199300
2017-11-29,7.721380760792191,7.929555197852172,7.715072298673268,7.923247337341309,64866000
2017-11-30,7.904322883532894,7.980022633066811,7.834931596862168,7.898015022277832,49224200
2017-12-01,7.961097219569057,8.011563715286762,7.7907729469238225,7.935863971710205,52458700
2017-12-04,7.98002211935711,8.08095571384625,7.942172547830762,7.967405796051025,39558900
2017-12-05,7.834930989987506,7.961097229438173,7.8223140652383965,7.8412394523620605,45527200
2017-12-06,7.803388212834869,7.841238380299195,7.7466132624423825,7.809696674346924,28453800
2017-12-07,7.935862420919759,7.942170882053722,7.778154502218479,7.90432071685791,25417100
2017-12-08,7.904322189586312,7.954788684844971,7.8412393713170285,7.954788684844971,21981900
2017-12-11,7.92955550934347,7.967405681935791,7.891705938359233,7.935863971710205,44194600
2017-12-12,7.92324688381865,7.973713374665238,7.891705176637526,7.948480129241943,54370600
2017-12-13,7.954788871136848,8.030488615797635,7.942172547830762,7.967405796051025,31859000
2017-12-14,7.980020973252552,8.005254217848771,7.828621505675233,7.86016321182251,37074000
2017-12-15,7.891705938359233,7.986330467427909,7.885397475992499,7.935863971710205,48655500
2017-12-18,7.986332416534424,8.043107388475095,7.954790698610914,7.986332416534424,25022700
2017-12-19,8.017870714239722,8.062028739531014,7.986329009771096,8.005253791809082,23056900
2017-12-20,8.024182319641113,8.043107109094565,7.980023675438776,8.024182319641113,18989400
2017-12-21,8.036797078254724,8.055722465625989,7.967405796051024,7.967405796051025,21004700
2017-12-22,7.986330467427909,7.986330467427909,7.92324764858482,7.935863971710205,17876200
2017-12-26,7.929554743968453,7.980021234815042,7.91693842206082,7.948480129241943,11664600
2017-12-27,7.9295549878443135,7.9358634497961615,7.853855249246263,7.885396957397461,17005600
2017-12-28,7.872780551259031,7.935863971710204,7.86647269050038,7.935863971710205,14793500
2017-12-29,7.935863355470153,7.954788139492714,7.879088401794434,7.879088401794434,18362500
2018-01-02,7.898016328278475,7.986332416534424,7.885399400465778,7.986332416534424,20773300
2018-01-03,7.998946238914252,8.07464597157681,7.99263777745704,8.049412727355957,29765600
2018-01-04,8.062029008107066,8.226045395521536,8.055721148289582,8.18819522857666,37478200
2018-01-05,8.238661683082764,8.33959465167542,8.226044761204708,8.326977729797363,46121900
2018-01-08,8.333287026955222,8.339595488527284,8.270203614450619,8.29543685913086,33828300
2018-01-09,8.314362290113943,8.339595534934597,8.2512788772583,8.2512788772583,27924100
2018-01-10,8.23866339333758,8.28912988811019,8.17557997406778,8.219738006591797,56517100
2018-01-11,8.213429358156727,8.326978659699934,8.200812434869697,8.301745414733887,28342300
2018-01-12,8.263894857825461,8.383752606649619,8.263894857825461,8.345902442932129,56979200
2018-01-16,8.396369708226178,8.503610537571666,8.207120088801986,8.263895034790039,53961400
2018-01-17,7.935862771070375,7.935862771070375,7.633063842575476,7.683530330657959,132412500
2018-01-18,7.683529995667317,7.696146316333888,7.58259702390288,7.614138126373291,66541700
2018-01-19,7.64568131856936,7.64568131856936,7.513206616942322,7.569981575012207,51303700
2018-01-22,7.582595825195313,7.620445382819482,7.506895506731233,7.582595825195312,52851900
2018-01-23,7.588905859863828,7.588905859863828,7.506897659351592,7.544747829437256,51831000
2018-01-24,7.569980738944837,7.626755690744207,7.519514248813847,7.601522445678711,63300500
2018-01-25,7.525824021250843,7.525824021250843,7.216715963351322,7.298724174499512,114886800
2018-01-26,7.311338292101862,7.380729551065981,7.254563352218541,7.349187850952148,52496000
2018-01-29,7.381507888182356,7.413826347013733,7.181133936566491,7.187597751617432,55114000
2018-01-30,7.16820693747256,7.25869788267653,7.1423522936395205,7.148816108703613,52068200
2018-01-31,7.168206859735103,7.187597688293761,7.045396840542513,7.090642929077148,57644600
2018-02-01,7.077715643344588,7.110034103463182,7.013079339530754,7.058324813842773,41352200
2018-02-02,7.032470267641488,7.032470267641488,6.864414765807014,6.922587871551514,72312900
2018-02-05,6.96783341644493,6.980761047372755,6.61879539489746,6.618795394897461,96757000
2018-02-06,6.638185079672946,6.974295381096918,6.586475186107588,6.954904556274414,139938100
2018-02-07,6.948440742525843,7.135887026271938,6.916122290206198,6.954904556274414,68041800
2018-02-08,6.97429807243826,7.019543553291809,6.735142419261231,6.74160623550415,73990700
2018-02-09,6.832096156910015,6.877342247297532,6.618795184759871,6.806241512298584,72103600
2018-02-12,6.896734939792406,6.99368972917162,6.812707167999447,6.916125774383545,49068900
2018-02-13,6.870878754712348,6.909660415239102,6.8062418319365845,6.845024108886719,36884500
2018-02-14,6.819169516891649,6.948442747040279,6.786851055248645,6.941978931427002,27844300
2018-02-15,6.980759194845489,6.980759194845489,6.877340640561189,6.954904556274414,28208300
2018-02-16,6.916125233567932,6.99368918229079,6.799779618695379,6.857952117919922,41041800
2018-02-20,6.838558811545059,6.89673190615362,6.819167985483287,6.870877265930176,27617900
2018-02-21,6.88380404291368,6.948440949478115,6.8450223921135995,6.8514862060546875,36037700
2018-02-22,6.851486439868404,6.9355135582771625,6.82563179964496,6.870877265930176,25409600
2018-02-23,6.896734939792406,6.922589591388431,6.864416471191496,6.916125774383545,21786800
2018-02-26,6.941978847053832,7.077715891165986,6.916124201338345,7.038934230804443,27157800
2018-02-27,7.064789930937678,7.103571597087373,6.851488917843952,6.857952117919922,43502000
2018-02-28,6.903198216992524,6.974298349215943,6.832097468345635,6.857952117919922,41321400
2018-03-01,6.883805306929245,6.909659951017846,6.592940406826649,6.651113510131836,75841400
2018-03-02,6.618792819443703,6.7351389868289235,6.55415653922546,6.7222113609313965,60491900
2018-03-05,6.664041403975041,6.870878564865016,6.657577588591389,6.838560104370117,44021300
2018-03-06,6.883804277830275,6.903195720315292,6.7674587050363995,6.870877265930176,30978900
2018-03-07,6.793313345259843,6.877341080091848,6.741604064812955,6.870877265930176,30046600
2018-03-08,6.883806767494208,6.903198216992524,6.773924352697625,6.857952117919922,26948000
2018-03-09,6.870880038987947,6.935516357421875,6.832097754788793,6.935516357421875,26684400
2018-03-12,6.90966050083347,7.013079701840487,6.903197301614535,6.98722505569458,33800900
2018-03-13,7.006614357439189,7.097105290994138,6.935513633733726,6.967832088470459,44456800
2018-03-14,7.271626057046683,7.394435470339408,7.116498182437965,7.12296199798584,91985300
2018-03-15,7.142353098059434,7.271626331784251,7.077716172985324,7.155280113220215,47645300
2018-03-16,7.187599408804114,7.252236341369681,7.148817742403552,7.206990242004395,80684200
2018-03-19,7.206987977242194,7.21991560626225,7.02600548592437,7.116497039794922,63122500
2018-03-20,7.142353217085799,7.194062511437455,7.090643922734144,7.103570938110352,45612800
2018-03-21,7.110035196595228,7.232844624219191,7.064789715326944,7.1746721267700195,38551000
2018-03-22,7.110034632128338,7.148816910438971,6.935515304365592,6.9484429359436035,51280900
2018-03-23,6.974299052292923,6.987226686595032,6.7933164870281235,6.825634956359863,39950900
2018-03-26,6.941977584159235,7.026005321553966,6.903195930852907,7.000150680541992,52325500
2018-03-27,7.013078309259612,7.05832377692475,6.929050571864881,7.000150680541992,40677300
2018-03-28,7.000153290719763,7.077717242677294,6.935516355876739,7.0195441246032715,42263700
2018-03-29,7.0647879328487315,7.194061144158643,7.058324118177413,7.161742687225342,39864000
2018-04-02,7.1488179942893195,7.168208828172828,6.91612552199323,7.0195441246032715,43598100
2018-04-03,7.116499276120769,7.2263816916281485,7.045398527013951,7.206990242004395,42523900
2018-04-04,7.026007815853452,7.342727434794418,6.980762332125738,7.323336601257324,44834600
2018-04-05,7.329799840471901,7.355654488625702,7.258699095731374,7.336263656616211,28755600
2018-04-06,7.291016652331426,7.336262743285223,7.155279612316753,7.226380348205566,31920700
2018-04-09,7.271627902984619,7.35565567716771,7.239309433464425,7.271627902984619,36462700
2018-04-10,7.394436071012011,7.465536814967605,7.37504523921659,7.400899887084961,43144300
2018-04-11,7.355653418455643,7.426753536428417,7.3039441296712,7.387971878051758,32979000
2018-04-12,7.433215585617985,7.459070223867554,7.271623942452376,7.31040620803833,47133700
2018-04-13,7.336264588356143,7.362119239793605,7.258700017620243,7.291018486022949,34598800
2018-04-16,7.34272803580083,7.400901157597098,7.284555530428095,7.355655670166016,32803300
2018-04-17,7.387974139655447,7.400901157597098,7.30394636555234,7.355655670166016,30906800
2018-04-18,7.355655068101471,7.420291385366279,7.30394576772023,7.323336601257324,46226100
2018-04-19,7.323336104791469,7.369188634168706,7.107173288164696,7.179227352142334,49154200
2018-04-20,7.211979794091421,7.225080249712296,7.061320493941068,7.087522029876709,44930000
2018-04-23,7.100621249458538,7.231628894805908,7.094070711017737,7.231628894805908,31936500
2018-04-24,7.238180961166701,7.316785564967904,7.1595763573654985,7.179227352142334,39625000
2018-04-25,7.1792283281882145,7.310236019001259,7.120274711148858,7.277483940124512,40356100
2018-04-26,7.48054481659814,7.552598875800177,7.395389678617287,7.487095355987549,80676800
2018-04-27,7.467441258511653,7.572247979863256,7.45434080877621,7.526394844055176,33375900
2018-04-30,7.552598787040066,7.683606449819505,7.349537065905388,7.362637519836426,66090900
2018-05-01,7.369189034253169,7.434693186657421,7.270933430340684,7.375739574432373,61430400
2018-05-02,7.3757391347967936,7.382289674585549,7.284033451835794,7.342987060546875,41899500
2018-05-03,7.316784802102347,7.342986333970913,7.185777142759515,7.336435794830322,38907400
2018-05-04,7.310234085026392,7.473993811392373,7.264381561545926,7.44124174118042,32043500
2018-05-07,7.441242525419445,7.493645593403861,7.408491076449569,7.428142070770264,27510300
2018-05-08,7.415041815923355,7.447793893228858,7.362638742112116,7.382290363311768,25754100
2018-05-09,7.342986057194866,7.388838580063109,7.218528941683735,7.244730472564697,43732000
2018-05-10,7.231630382913468,7.369188595008039,7.218529928029815,7.342987060546875,32023800
2018-05-11,7.349536622703143,7.369187614761583,7.310234013892487,7.329885005950928,19837700
2018-05-14,7.356086616298713,7.395389225533442,7.3167846317577645,7.32333517074585,27903100
2018-05-15,7.270929469480308,7.36918501986779,7.244727947730742,7.349534034729004,26950100
2018-05-16,7.342987752453729,7.467444896697998,7.336437212047736,7.467444896697998,28976700
2018-05-17,7.467443680771877,7.519846746099175,7.45434322678696,7.506746292114258,20741100
2018-05-18,7.493646786176386,7.513298408318899,7.401941714953777,7.421592712402344,23893700
2018-05-21,7.48054425166063,7.565699383210491,7.460893259670285,7.53949785232544,31011900
2018-05-22,7.58535110580818,7.624653718268201,7.53949857851635,7.546049118041992,22360900
2018-05-23,7.532949240432558,7.565701318590616,7.4215925495115185,7.493646621704102,23595000
2018-05-24,7.500197450610969,7.631205143585711,7.493646909788743,7.611554145812988,34876300
2018-05-25,7.572249922105197,7.605001367191182,7.513296321440388,7.53949785232544,19337500
2018-05-29,7.598453396748674,7.611553853195539,7.4412435465287805,7.493646621704102,31324300
2018-05-30,7.552599927240324,7.605003000263283,7.513297934820058,7.565701007843018,25554600
2018-05-31,7.631204536774762,7.690158150099067,7.441243240893061,7.565701007843018,61563200
2018-06-01,7.644305893572112,7.709810049564479,7.605003275037906,7.670507431030273,35406200
2018-06-04,7.690157890319824,7.72290996602626,7.657405814613388,7.690157890319824,25141300
2018-06-05,7.6901566202663565,7.775311753161899,7.6508546356645875,7.749110221862793,31036700
2018-06-06,7.775313297868806,7.860468447681963,7.742561221064683,7.840817451477051,31110500
2018-06-07,7.8408159085431075,7.958722487264551,7.834265369532533,7.880117893218994,47314100
2018-06-08,7.886667947398257,7.939071006873827,7.860466417660472,7.925970554351807,28371900
2018-06-11,7.92597104159924,7.958722487264551,7.873567978902202,7.880117893218994,30398100
2018-06-12,7.90631981060336,7.958722875859043,7.88011827797552,7.932521343231201,51395400
2018-06-13,7.925970161215927,7.925970161215927,7.8342644993354975,7.8735671043396,28406700
2018-06-14,7.860467104693786,7.86701764387421,7.75566097658221,7.788413047790527,34523000
2018-06-15,7.755662153418918,7.880119293262971,7.729460617415228,7.781863689422607,56326800
2018-06-18,7.742559036477683,7.886667758938757,7.736009122720062,7.853915691375732,32706500
2018-06-19,7.742559898221363,7.788413047790527,7.644304309290211,7.788413047790527,40064800
2018-06-20,7.840815127386793,7.893218184863075,7.7491094644564384,7.77531099319458,31964800
2018-06-21,7.729461046484618,7.7491120434047565,7.624654896651974,7.670507431030273,33316700
2018-06-22,7.696706354663712,7.775310940343841,7.611551230670145,7.631202220916748,36703500
2018-06-25,7.61810219216999,7.64430372218553,7.454342473399423,7.532947063446045,36101900
2018-06-26,7.572250651450728,7.618103178742558,7.526397499465066,7.546049118041992,36627700
2018-06-27,7.55914868123029,7.624652819376581,7.467443012764235,7.480544090270996,27242000
2018-06-28,7.447794773369106,7.467445772197091,7.303685991011243,7.388841152191162,43836400
2018-06-29,7.415041005376931,7.447793079102268,7.225079727402591,7.251281261444092,44718500
2018-07-02,7.21853008121077,7.277483066479007,7.146475391393141,7.270933151245117,37892800
2018-07-03,7.270932976353503,7.303684425816779,7.1661262141119115,7.198878288269043,16544800
2018-07-05,7.270931273333988,7.29713280158392,7.218528216834122,7.238179206848144,32008500
2018-07-06,7.23162939477733,7.270932003445661,7.153024802134441,7.244730472564697,25646700
2018-07-09,7.270932277505804,7.37573840498007,7.225079128215467,7.336435794830322,23916800
2018-07-10,7.3364381346098115,7.37574075729418,7.316787135614625,7.369190216064453,21231500
2018-07-11,7.303684329527092,7.316785408894766,7.238180806770265,7.251281261444092,30030100
2018-07-12,7.270931273333988,7.29713280158392,7.205427140362302,7.238179206848144,27025200
2018-07-13,7.2185306147115345,7.238181611253296,7.146475919568551,7.192328453063965,36561500
2018-07-16,7.17267744965217,7.1857785304634065,7.048220305415001,7.107173919677734,46156800
2018-07-17,7.07442223648444,7.139925770108308,7.07442223648444,7.113724231719971,37584300
2018-07-18,7.107172659456343,7.139924106289219,7.0809711271737585,7.120273113250732,36420000
2018-07-19,7.133375186284499,7.13992510174799,7.0547705784775765,7.087522029876709,40308800
2018-07-20,7.094163994282777,7.120733870784832,6.981241860780087,7.014454364776611,41531200
2018-07-23,7.014455201041375,7.021097195851881,6.9214603054594,6.954672813415527,34942000
2018-07-24,6.981239361619465,7.134015938446003,6.974596736502937,7.021093845367432,47303000
2018-07-25,6.855034504866907,7.021096392162915,6.722185121725267,6.987884521484375,92497700
2018-07-26,6.735470302205497,6.7487549236346664,6.536195912961392,6.569408416748047,103893000
2018-07-27,6.615906943655347,6.675689336442069,6.582694432832062,6.595979690551758,46171100
2018-07-30,6.615904529106374,6.708899398776854,6.595977283275458,6.688971519470215,35877000
2018-07-31,6.7155416142670425,6.7155416142670425,6.642474621482009,6.669044494628906,38026900
2018-08-01,6.682330902792679,6.695615524924129,6.522911002884312,6.576050758361816,44126700
2018-08-02,6.5760497112603,6.629189458276386,6.536195217736112,6.589334964752197,40318900
2018-08-03,6.595977501843873,6.682329747940228,6.595977501843873,6.669044494628906,25925100
2018-08-06,6.6424744302604015,6.675686929106848,6.622547184342824,6.6624016761779785,22247900
2018-08-07,6.669043515002817,6.708898635606656,6.655758897118638,6.695613384246826,27961200
2018-08-08,6.67568826675415,6.708900772255585,6.669045638958693,6.67568826675415,22600900
2018-08-09,6.6823310963256475,6.68897309084581,6.576050948816709,6.582693576812744,35682600
2018-08-10,6.582693041196642,6.582693041196642,6.45648628692045,6.469770908355713,39180500
2018-08-13,6.469769182780027,6.47641180846389,6.257210228701626,6.283780097961426,66586200
2018-08-14,6.316994476266605,6.390061480146486,6.2771393437565886,6.310351848602295,37657400
2018-08-15,6.283781814357408,6.310351690874689,6.21071481230384,6.277139186859131,36298600
2018-08-16,6.310351562852551,6.3767765695360605,6.303708935489038,6.3169941902160645,28857700
2018-08-17,6.330278778849729,6.376776536678925,6.283781654496341,6.343564033508301,32742900
2018-08-20,6.350206720759943,6.469770846436296,6.350206720759943,6.456486225128174,25252500
2018-08-21,6.489697747495677,6.576049356633314,6.436557369869542,6.5494794845581055,46413900
2018-08-22,6.502984216102573,6.522911467456925,6.429917205486014,6.436559200286865,30803700
2018-08-23,6.42327455329929,6.4365591763274415,6.3634921659828665,6.39670467376709,31511800
2018-08-24,6.4099870734804085,6.443199569744823,6.383417203164013,6.429914951324463,18380000
2018-08-27,6.4764144594213,6.6690462487727435,6.463129202615589,6.635833740234375,49769300
2018-08-28,6.695616511662403,6.702259140444984,6.609264237916692,6.6491193771362305,33845500
2018-08-29,6.649117500651304,6.6557601275592315,6.576049871615635,6.622547626495361,37336400
2018-08-30,6.556123683677807,6.582693562126796,6.423274291432861,6.443201541900635,48539300
2018-08-31,6.403346832346865,6.429916709930219,6.243926933370889,6.297066688537598,76424900
2018-09-04,6.330279804076924,6.363492312626514,6.217357655093863,6.2904253005981445,54111100
2018-09-05,6.290424884532915,6.3435646413070925,6.190787365474431,6.303709506988525,44561900
2018-09-06,6.297067332574984,6.343565098208336,6.243927571973366,6.263855457305908,29519100
2018-09-07,6.250569866648961,6.303709624413017,6.1442903511208495,6.157575607299805,51229900
2018-09-10,6.184143298153642,6.3037073940815365,6.17750067241441,6.230640411376953,30421700
2018-09-11,6.210714371549427,6.217356365100518,6.124362120627447,6.184144496917725,27158400
2018-09-12,6.184145225480859,6.257212230957228,6.164217342052514,6.20407247543335,25450000
2018-09-13,6.230642605189923,6.250569855948359,6.184145475594944,6.223999977111816,29315700
2018-09-14,6.230642061322844,6.297066435878135,6.217356806326292,6.277139186859131,30013300
2018-09-17,6.270496399837769,6.376776536678925,6.263854405984291,6.343564033508301,29544400
2018-09-18,6.3369226079807515,6.383419741152352,6.297067469922288,6.363492488861084,57055400
2018-09-19,6.383418150833007,6.529552776005863,6.383418150833007,6.496340274810791,40111500
2018-09-20,6.529552873918188,6.595977877304393,6.449843249940211,6.516268253326416,46314400
2018-09-21,6.536194993263673,6.602619358014693,6.496339867632476,6.542837619781494,74488600
2018-09-24,6.496341600601824,6.542839365154624,6.323637699397954,6.3701348304748535,43170800
2018-09-25,6.330278910987282,6.350206793391113,6.223999405403467,6.2372846603393555,44406100
2018-09-26,6.230642615856411,6.250569866648961,6.157575607299805,6.157575607299805,58597500
2018-09-27,6.17750209087172,6.197429339189388,6.111077085178426,6.131004333496094,57272200
2018-09-28,6.1243622455494915,6.1642167415720905,6.038009992866137,6.144289493560791,30987200
2018-10-01,6.263854955448667,6.270496949884779,6.177502693020563,6.190787315368652,44864700
2018-10-02,6.157576028661393,6.20407316151776,6.097793638716964,6.111078262329102,41806400
2018-10-03,6.157574360847392,6.18414423435099,6.064579486846924,6.064579486846924,47023100
2018-10-04,6.0645790741274554,6.124361443811053,6.038009202432046,6.077863693237305,38889600
2018-10-05,6.0778639145241495,6.1243616667908185,6.0446520488024715,6.057936668395996,36952200
2018-10-08,6.044652339413787,6.164216455406776,6.038009712559798,6.1509318351745605,43657700
2018-10-09,6.131005058351802,6.184145449274594,5.945015907287598,5.945015907287598,58356900
2018-10-10,5.945016789671242,5.96494404330255,5.852022517074489,5.858664512634277,54104100
2018-10-11,5.8586632114308,5.971585346054934,5.818808713019829,5.852021217346191,66170800
2018-10-12,5.945016398140027,5.945016398140027,5.679317588967931,5.739099979400635,59308500
2018-10-15,5.759026331927542,5.878591094112116,5.752383704367103,5.852021217346191,40183200
2018-10-16,5.891875523348233,5.905160778035258,5.798880640966485,5.845378398895264,36772000
2018-10-17,5.84537699460667,5.885231482141517,5.7390975165462015,5.818807125091553,48795100
2018-10-18,5.805523796172873,5.81880905206785,5.646104526288352,5.65274715423584,59669200
2018-10-19,5.5265381704495455,5.666030149918858,5.4401859323518105,5.6461029052734375,59831100
2018-10-22,5.666390797643815,5.713723210671627,5.592011199335001,5.686676025390625,39803500
2018-10-23,5.612295533082567,5.842196893777291,5.564962482738815,5.808387756347656,55443300
2018-10-24,5.747531114497808,5.815149385551797,5.524391722817519,5.531153678894043,58895100
2018-10-25,5.761054674484348,6.085620808049648,5.720483585360893,6.078858852386475,90399200
2018-10-26,6.058573558335759,6.126191824453676,5.9909552922178415,6.072096824645996,100639800
2018-10-29,6.329046778961526,6.4845685686193235,6.20057281781441,6.274952411651611,92275100
2018-10-30,6.29523597184217,6.464280968837492,6.268188798117139,6.396662712097168,58062000
2018-10-31,6.504853368841721,6.538662507408619,6.37637941611433,6.457520961761475,68507100
2018-11-01,6.450758521011423,6.457520477188521,6.261428262042113,6.281713485717773,59794400
2018-11-02,6.329044488161616,6.3899007905722405,6.261426875926303,6.342568397521973,48499200
2018-11-05,6.342569668340441,6.471043608727846,6.322284445090982,6.443996429443359,41274300
2018-11-06,6.396663625175035,6.471043202322152,6.362854491978862,6.45075798034668,40928600
2018-11-07,6.491329193115234,6.491329193115234,6.389901791589801,6.491329193115234,37347400
2018-11-08,6.477804233272264,6.525136626077197,6.383138802806908,6.396662712097168,55810100
2018-11-09,6.342568397521973,6.62656404553456,6.268188830606482,6.342568397521973,52203600
2018-11-12,6.342569690082361,6.477805586968373,6.335807734024154,6.416949272155762,36317200
2018-11-13,6.443996024736329,6.538661468714498,6.4034255807853855,6.45075798034668,33098000
2018-11-14,6.511614291128676,6.538661468714498,6.3763784031995625,6.45075798034668,46677600
2018-11-15,6.423711000637867,6.443996223238208,6.16676248322968,6.295237064361572,57170100
2018-11-16,6.274952646283803,6.295238518425341,6.072098438858664,6.119431495666504,54582500
2018-11-19,6.099145204929645,6.329045912079695,6.05857411257632,6.254666328430176,56292500
2018-11-20,6.15323975049913,6.234381292798519,6.0923834325606725,6.126192569732666,35159900
2018-11-21,6.119429880386631,6.220856634898801,6.0720968360727845,6.160000324249268,25882700
2018-11-23,6.132953763767254,6.234381173339754,6.10590658351905,6.173524856567383,13520800
2018-11-26,6.2411427249839715,6.44399690708126,6.2005722754779145,6.356093406677246,46304400
2018-11-27,6.335808736089197,6.376379833999494,6.254667185124324,6.274952411651611,34283200
2018-11-28,6.268191560759602,6.383141616112454,6.200573274217198,6.362856388092041,33199500
2018-11-29,6.335808277130127,6.383140683883663,6.261428688680902,6.335808277130127,29207600
2018-11-30,6.335809202446234,6.410188801758261,6.329047244820839,6.362856388092041,36269500
2018-12-03,6.565708771682745,6.660374217468697,6.491329193115234,6.491329193115234,64668600
2018-12-04,6.457520622060212,6.491329758848562,6.20733404159546,6.207334041595459,57930300
2018-12-06,6.166761113699413,6.166761113699413,6.031525251638002,6.0991435050964355,53963600
2018-12-07,6.0991461925121015,6.1735257882052705,5.950386356270022,5.96390962600708,43534800
2018-12-10,5.970671953527351,5.984195868958728,5.666390949734961,5.761056423187256,56499700
2018-12-11,5.896290720233146,5.950385077265556,5.747530915966216,5.774578094482422,42294500
2018-12-12,5.842197418212891,5.903053097222262,5.808388277748316,5.842197418212891,40602700
2018-12-13,5.862481121153263,5.882766342218501,5.720483283985499,5.747530460357666,34200400
2018-12-14,5.761056423187256,5.869245167215148,5.720485321748907,5.761056423187256,35613300
2018-12-17,5.734006549743807,5.896290252832359,5.686674152306402,5.747530460357666,44469900
2018-12-18,5.78133920307835,5.869242681587787,5.686673769716915,5.727244853973389,38263000
2018-12-19,5.720484668886187,5.848958626542994,5.59201071122938,5.625819206237793,75272900
2018-12-20,5.632581838552416,5.693438168633625,5.531155051654258,5.585249423980713,58926200
2018-12-21,5.5582018268739155,5.679913833181817,5.436489175710277,5.443251132965088,57542300
2018-12-24,5.416203582368301,5.416203582368301,5.145731436604183,5.159255027770996,38709500
2018-12-26,5.226871439313877,5.314774917140803,5.0104937221463075,5.308012962341309,58810000
2018-12-27,5.287727742798326,5.308012962341309,5.09163556760149,5.308012962341309,49813000
2018-12-28,5.2944908264433765,5.436488691878305,5.247158419583627,5.2809672355651855,47331700
2018-12-31,5.308013539148578,5.314775494682876,5.071350576720511,5.1727776527404785,57816000
2019-01-02,5.091637438887289,5.422965929994578,5.057828297319732,5.341824054718018,47494400
2019-01-03,5.389155571998338,5.402679161896374,5.260681629180908,5.260681629180908,39172400
2019-01-04,5.348586037456518,5.4905839253914595,5.308015258393375,5.463536739349365,43039800
2019-01-07,5.483820962544746,5.659627962022821,5.4297266003754405,5.605533599853516,40729400
2019-01-08,5.693436092342811,5.77457762124168,5.646103695032358,5.6596269607543945,45644000
2019-01-09,5.7137223007372215,5.930100393381872,5.652865982332653,5.896291255950928,48404900
2019-01-10,5.889529730713978,5.930100827572784,5.7137227190853315,5.86248254776001,39490400
2019-01-11,5.930101129236565,6.03828986655599,5.882768073017512,5.96390962600708,41559900
2019-01-14,5.950384919064106,6.126191897173103,5.923337741266998,6.078858852386475,44833800
2019-01-15,6.099145363175972,6.105906674697256,5.9165764101325955,5.977432727813721,65311700
2019-01-16,5.869244099070627,5.930100417725012,5.585248375253942,5.605533599853516,73869900
2019-01-17,5.59201021416898,5.706960247720223,5.551439120967162,5.652865886688232,56722600
2019-01-18,5.673151781779892,5.815149641355131,5.632580688391688,5.801625728607178,51127900
2019-01-22,5.774577636729832,5.821910034167237,5.720483283985499,5.747530460357666,47182600
2019-01-23,5.774577714898763,5.774577714898763,5.59877074367205,5.639341831207275,45196900
2019-01-24,5.625817024854823,5.869242221604994,5.5581994162006865,5.815147876739502,79516400
2019-01-25,5.909814289913624,6.058574101803793,5.903052333724153,5.990955829620361,53098800
2019-01-28,5.950385981641891,5.950385981641891,5.801626154765526,5.855720520019531,42116300
2019-01-29,5.889527853596351,5.94362220226327,5.828671550132193,5.923336982727051,30485000
2019-01-30,5.957735474752828,5.999013377148783,5.8614214626456,5.992133617401123,29906100
2019-01-31,5.930217388269085,6.067809309649684,5.916458524176043,6.054050445556641,39389100
2019-02-01,6.033411566836156,6.060929949951338,5.93021713808672,5.999013423919678,34124000
2019-02-04,5.985254764556885,5.985254764556885,5.909579364136075,5.985254764556885,28855600
2019-02-05,5.971495830676369,6.0265326041866505,5.950856548542443,6.019652843475342,26166800
2019-02-06,6.047170430348744,6.1228458198929925,5.971495040804496,5.999013423919678,32644300
2019-02-07,5.930216754205326,5.930216754205326,5.703189944178727,5.716949462890625,55161800
2019-02-08,5.703190671215112,5.785745825740645,5.613755756456607,5.771986961364746,38650100
2019-02-11,5.785745364385636,5.806383987348785,5.703190216443046,5.730708599090576,27403500
2019-02-12,5.76510740485462,5.827023936959239,5.76510740485462,5.820144176483154,26235100
2019-02-13,5.81326544190962,5.95773715695285,5.771988183948804,5.785747051239014,27182900
2019-02-14,5.7651079923021005,5.827024530715832,5.723830081329567,5.79262638092041,23569900
2019-02-15,5.84078305036601,5.8889407196578,5.785746276395479,5.875181198120117,58080300
2019-02-19,5.868300706700444,6.088448431262499,5.868300706700444,6.074688911437988,37929200
2019-02-20,6.074689477971116,6.177883261918861,6.067809717417245,6.150364875793457,55316900
2019-02-21,6.150364155057284,6.164123674552602,5.985253857653464,5.992133617401123,44730400
2019-02-22,6.005892480806441,6.01965200030176,5.888939845546236,5.992133617401123,40947500
2019-02-25,6.033410978612982,6.088447739477575,6.019651460351863,6.026531219482422,56615400
2019-02-26,6.019652080712206,6.150364237213781,5.999013457283538,6.109086990356445,38348800
2019-02-27,6.07468993546369,6.129726711859387,6.040291786193848,6.040291786193848,34093300
2019-02-28,6.03341007232666,6.047168932431101,5.9164568090346155,6.03341007232666,43960500
2019-03-01,6.088449503364457,6.115967891769115,5.992134815903085,6.047171592712402,37699500
2019-03-04,6.074689594193254,6.171004275519918,6.026532581574966,6.0609307289123535,46196900
2019-03-05,6.054048690528243,6.060928448625385,5.985252421736508,6.03341007232666,40852600
2019-03-06,6.0196527769595845,6.040291402775365,5.888940605339528,5.9026994705200195,50378600
2019-03-07,5.888939780290187,5.895818883871617,5.744468107640253,5.833902359008789,54286000
2019-03-08,5.778866858566187,5.827024530715832,5.737589603683791,5.79262638092041,43766800
2019-03-11,5.820144622548598,5.937097935245247,5.813264861545238,5.923338413238525,36875300
2019-03-12,5.950856436475288,5.985254583293947,5.882060798928049,5.895819664001465,37805000
2019-03-13,5.909579779993958,5.950857035459049,5.847663240706176,5.868301868438721,49018700
2019-03-14,5.861423117650821,5.882061746631229,5.778867289548816,5.785747051239014,36307900
2019-03-15,5.792625949936563,5.827024097172689,5.758227802700438,5.799505710601807,66555500
2019-03-18,5.8132645052907295,5.895819664001465,5.792625879635566,5.895819664001465,37198300
2019-03-19,5.923338229626177,6.1022080736282005,5.923338229626177,5.985254764556885,57293600
2019-03-20,5.964615797391996,5.964615797391996,5.833902974210868,5.854542255401611,54539700
2019-03-21,5.847661851653703,5.978374004364014,5.840782092013689,5.978374004364014,46843100
2019-03-22,5.93709773285949,5.964616119844757,5.861422332672533,5.875181198120117,41964000
2019-03-25,5.888940401296122,5.9508562765981665,5.827023869904016,5.854542255401611,45849500
2019-03-26,5.87517979905982,6.026531219482422,5.87517979905982,6.026531219482422,47852100
2019-03-27,6.0196531452168305,6.095328548564255,5.93021821975708,5.93021821975708,39895800
2019-03-28,5.95085428734064,6.0746873087298265,5.943975185333341,6.03341007232666,38914700
2019-03-29,6.054051308337836,6.115967845805526,5.992134770870145,6.040291786193848,33962800
2019-04-01,6.095327520871688,6.1916421911486275,6.095327520871688,6.177882671356201,45653100
2019-04-02,6.1572456076784325,6.212282388611522,6.1297272172118875,6.19852352142334,30699400
2019-04-03,6.239799479798895,6.377392059571652,6.232920375682292,6.2810773849487305,56663600
2019-04-04,6.3361147229225265,6.3980312581576495,6.315476096540854,6.356753349304199,39483100
2019-04-05,6.30859543559003,6.377391721833044,6.24667890918932,6.3636322021484375,37854700
2019-04-08,6.315474661373282,6.411788666660835,6.308594902112755,6.398029804229736,26221100
2019-04-09,6.377392793321913,6.439308674035325,6.308596495520184,6.336114883422852,29879100
2019-04-10,6.349872934808415,6.432428744016812,6.3292343105513345,6.4186692237854,28469500
2019-04-11,6.43242919973718,6.473706451175725,6.418669678530943,6.45994758605957,26488100
2019-04-12,6.514983560505564,6.604418469118523,6.49434428122488,6.501224040985107,38646000
2019-04-15,6.521863001160843,6.535622521392255,6.370512215155532,6.4186692237854,41206700
2019-04-16,6.4117897807701745,6.466826552237638,6.35675300930271,6.439308166503906,40950000
2019-04-17,6.466826778788393,6.590659846973434,6.459947674181517,6.535623073577881,30688300
2019-04-18,6.549382526710635,6.618178164693006,6.521863484209584,6.570021152496338,29843000
2019-04-22,6.590659846973434,6.590659846973434,6.508104686880103,6.535623073577881,38718500
2019-04-23,6.542612578686155,6.6474625430572285,6.500673126230188,6.640472412109375,39493700
2019-04-24,6.6055215888274175,6.717361003390535,6.57057160512257,6.689401149749756,39796300
2019-04-25,6.654452613633317,6.661442077902182,6.528632924175745,6.570572376251221,52596700
2019-04-26,7.0109399282796145,7.304518730190253,6.955020219974303,7.276558876037598,156136700
2019-04-29,7.241608649298313,7.262579039172503,7.038899546822859,7.213648796081543,62500500
2019-04-30,7.192680222575653,7.339469642081915,7.178700627040366,7.304519653320312,46079300
2019-05-01,7.325489825559824,7.339470088561158,7.192680660125309,7.199670791625977,41805500
2019-05-02,7.199669806000689,7.234619792103786,7.129769833794497,7.227629661560059,34508400
2019-05-03,7.248599021884941,7.304518730190253,7.19966944377167,7.276558876037598,36291200
2019-05-06,7.073850261926429,7.283549516057453,7.073850261926429,7.248599529266357,28640600
2019-05-07,7.220639973759513,7.276559688307043,7.1996702474580845,7.255589962005615,41154500
2019-05-08,7.255589517119428,7.304519097694438,7.206659936544416,7.227629661560059,33472200
2019-05-09,7.171710877838056,7.199670737013003,7.038901046795337,7.129770755767822,43621300
2019-05-10,7.213649842787177,7.276559688307043,7.129770270965882,7.255589962005615,37629500
2019-05-13,7.108798249125001,7.171708074330325,7.017928575674574,7.045888423919678,51102100
2019-05-14,7.094818839306482,7.192678653163251,7.080839246821483,7.157728672027588,31297200
2019-05-15,7.136759807142778,7.26956895147062,7.017930256978934,7.2416090965271,44050200
2019-05-16,7.1996710331423905,7.297530210971936,7.1996710331423905,7.269570350646973,32697000
2019-05-17,7.2136496076675085,7.297529176754856,7.15772989494261,7.1926798820495605,34565400
2019-05-20,7.199670665741511,7.199670665741511,7.129770685188289,7.185690402984619,29535900
2019-05-21,7.206658912263695,7.206658912263695,7.094818839306482,7.157728672027588,30099300
2019-05-22,7.108800093848443,7.136759949349089,6.9410409608445685,6.969000816345215,51407200
2019-05-23,6.885120391845703,6.885120391845703,6.759300724464198,6.885120391845703,43153800
2019-05-24,6.9340512793197915,6.955021005649255,6.850171707386356,6.87114143371582,22131500
2019-05-28,6.8991005392801314,6.9200702633246705,6.829201236926498,6.836190700531006,27656200
2019-05-29,6.773280749009044,6.815220863015342,6.675421594020178,6.787261009216309,32262600
2019-05-30,6.808231830596924,6.878131809672166,6.7662923764442615,6.808231830596924,24759600
2019-05-31,6.6264908519259755,6.668430962780452,6.514651445134635,6.654451370239258,48250400
2019-06-03,6.724351580724329,6.745321305695839,6.612512158722221,6.7173614501953125,39446800
2019-06-04,6.801239816176987,6.955019327593285,6.794250353497253,6.934049606323242,37324100
2019-06-05,6.8991005392801314,6.934050523764702,6.745321007517325,6.836190700531006,42464800
2019-06-06,6.79425253533214,6.864151850884157,6.752312412708423,6.815222263336182,28291100
2019-06-07,6.822211265563965,6.864150714629617,6.780271149882789,6.822211265563965,18848700
2019-06-10,6.913081729317944,7.010940899095193,6.82221202408507,6.864151477813721,33883400
2019-06-11,6.899099626462889,6.975989048863329,6.843179925332494,6.934049606323242,26434200
2019-06-12,6.920069706904606,6.941040095878493,6.8781302621877405,6.885120391845703,21746700
2019-06-13,6.899100610377204,7.031910419464111,6.850171031563877,7.031910419464111,25555900
2019-06-14,6.996960208772271,7.017929932356051,6.948029964922795,6.975989818572998,21553200
2019-06-17,6.982980821374429,7.052880797543805,6.948030833289742,7.02492094039917,19383800
2019-06-18,7.045890934335494,7.129770508956678,7.024921207334098,7.059871196746826,32591700
2019-06-19,7.094819462785757,7.115789853279259,7.010939900658253,7.017930030822754,29051300
2019-06-20,7.080839869072257,7.094819462785757,6.955020192573252,7.017930030822754,32086500
2019-06-21,7.01094106366719,7.024921326315305,6.927061487625336,6.982981204986572,47904000
2019-06-24,6.955020427703857,7.003950673894062,6.941040833517746,6.955020427703857,28091200
2019-06-25,6.968999157672625,6.982978748787934,6.871139353403943,6.878129482269287,28682000
2019-06-26,6.899101698806032,6.96201154812836,6.864151708447447,6.927061557769775,33739100
2019-06-27,7.017931319068032,7.157730614942769,6.989971459893085,7.129770755767822,42954600
2019-06-28,7.129771370775146,7.20666149010044,7.129771370775146,7.150741100311279,37551600
2019-07-01,7.227628868199108,7.290538702956099,7.038899363928136,7.094819068908691,38452600
2019-07-02,7.094819879987807,7.136759996825547,7.017930443503419,7.073850154876709,29708000
2019-07-03,7.115791159488161,7.199670737013003,7.08084116886557,7.129770755767822,19326600
2019-07-05,7.115791159488161,7.178701009285699,7.052881309690623,7.129770755767822,21397900
2019-07-08,7.129770755767821,7.171710877838056,7.115791159488161,7.129770755767822,23244100
2019-07-09,7.108800747254258,7.122780342981748,7.059871162284646,7.087831020355225,25140600
2019-07-10,7.1227779892886955,7.171708224705108,7.066858291625977,7.066858291625977,29082200
2019-07-11,7.094819040140186,7.129769022265181,7.066859187763281,7.12277889251709,27667500
2019-07-12,7.157729269602295,7.339468653388199,7.157729269602295,7.332478523254395,40761600
2019-07-15,7.332481289124909,7.381411551902923,7.227631964029846,7.2835516929626465,33753500
2019-07-16,7.248598617673607,7.346458435058594,7.192678912486605,7.346458435058594,29530500
2019-07-17,7.325489483648844,7.33946974599766,7.2066605867619,7.220640182495117,25204400
2019-07-18,7.199670348847932,7.206660479918708,7.115790775845397,7.17171049118042,25810600
2019-07-19,7.199670737013003,7.213650333292664,7.129770755767821,7.129770755767822,38505600
2019-07-22,7.186525612152154,7.2149027836323505,7.094299635700235,7.1084885597229,36238600
2019-07-23,7.186525705957019,7.250374511762153,7.136865824359756,7.214902877807617,74624800
2019-07-24,7.221996883718346,7.34260002560652,7.1936197136602535,7.328411102294922,61107500
2019-07-25,6.916940681759394,6.93822338672661,6.668639976403573,6.782149314880371,133898600
2019-07-26,6.79633815925709,6.845998034085788,6.74667828442839,6.789243698120117,47710200
2019-07-29,6.810527324676514,6.867281662668395,6.753772986684632,6.810527324676514,36487800
2019-07-30,6.78214986956875,6.796338115185637,6.72539485740606,6.775055408477783,36944700
2019-07-31,6.789243810450637,6.79633827170499,6.668640675386901,6.760866641998291,56715500
2019-08-01,6.760866195981621,6.803432284134573,6.583508735713525,6.60479211807251,58060800
2019-08-02,6.569321674463302,6.6260760178507265,6.533850040704876,6.583509922027588,41495200
2019-08-05,6.512566575911447,6.57641537396,6.42743507070173,6.548037528991699,47963400
2019-08-06,6.6828297870360265,6.7466785870021475,6.640263694870251,6.725395202636719,51856100
2019-08-07,6.689924059149957,6.782150025761348,6.611886338482209,6.760866641998291,43042400
2019-08-08,6.782149314880371,6.824714724814803,6.746677688891684,6.782149314880371,25469000
2019-08-09,6.7679603672963715,6.79633753266295,6.66154616631295,6.704111576080322,38739700
2019-08-12,6.661547089965712,6.68992425926691,6.583509366963606,6.590603828430176,23050400
2019-08-13,6.590602906732013,6.682828863204342,6.512565871208497,6.569320201873779,28231500
2019-08-14,6.477095066831831,6.491283313015022,6.356491929731874,6.38486909866333,45967400
2019-08-15,6.427434721005712,6.427434721005712,6.228793876425385,6.285548210144043,40682800
2019-08-16,6.3281148731064345,6.384869211976574,6.250077826301263,6.356492042541504,27369900
2019-08-19,6.420340694216874,6.455812324330462,6.39905798677475,6.40615177154541,21844000
2019-08-20,6.384869211976574,6.434529089346675,6.335209334606473,6.356492042541504,25108600
2019-08-21,6.399057433069304,6.420340138669852,6.363585806025048,6.413245677947998,20434800
2019-08-22,6.420340138669852,6.48418893203651,6.399057433069304,6.413245677947998,20974700
2019-08-23,6.313924993934339,6.377773784635347,6.193321872957988,6.2216997146606445,44982300
2019-08-26,6.299738203508986,6.321020913132643,6.235889398072876,6.257172107696533,31888200
2019-08-27,6.306831772318547,6.321020017869752,6.207511347199931,6.214605808258057,23024400
2019-08-28,6.186228916143136,6.413246267594786,6.17203999339487,6.38486909866333,35147300
2019-08-29,6.455811070004791,6.484188233269133,6.406150526868488,6.469999313354492,22011000
2019-08-30,6.498378198227848,6.548038077955556,6.45581278033699,6.505472660064697,32057900
2019-09-03,6.512566311892133,6.526754557236031,6.413245888224714,6.455811977386475,26331000
2019-09-04,6.505472624118944,6.54803804177461,6.434529359272683,6.526755332946777,27406400
2019-09-05,6.562226469567171,6.668640682231423,6.562226469567171,6.626075267791748,36626800
2019-09-06,6.647357975011586,6.675735143493058,6.526754839824065,6.626075267791748,29210100
2019-09-09,6.661547752589122,6.845999033111713,6.661547752589122,6.7679619789123535,48059400
2019-09-10,6.441623577397718,6.682829856872559,6.413246407845683,6.682829856872559,70567300
2019-09-11,6.590603886687173,6.6899243184018395,6.590603886687173,6.682829856872559,34190300
2019-09-12,6.64026431643898,6.725395832174271,6.611887144527217,6.675735950469971,35687700
2019-09-13,6.718300497046107,6.803431993145842,6.69701711559743,6.704111576080322,27161300
2019-09-16,6.640262667007493,6.704111457090302,6.555131172418741,6.5976972579956055,50052600
2019-09-17,6.576416136528015,6.604793308221728,6.512567331075877,6.583509922027588,27391200
2019-09-18,6.5693207565446095,6.640263337583648,6.540943588815984,6.562226295471191,24309400
2019-09-19,6.604792274605087,6.618980519948984,6.455811977386475,6.455811977386475,28780700
2019-09-20,6.477095489282418,6.597698634248382,6.46290656560872,6.505472660064697,37491300
2019-09-23,6.477094617071154,6.548037196191101,6.441622989228667,6.498377323150635,22051100
2019-09-24,6.519660219366186,6.548037387154746,6.4203404703887434,6.4629058837890625,33092500
2019-09-25,6.45581274466563,6.54803804177461,6.448718282867982,6.526755332946777,20510300
2019-09-26,6.548036669776663,6.548036669776663,6.434528011057995,6.484188556671143,26556300
2019-09-27,6.484190261071991,6.810528078950124,6.427435916794502,6.441624164581299,32459500
2019-09-30,6.462905695308148,6.533848950993122,6.455811910991673,6.498377323150635,21510000
2019-10-01,6.519659891528959,6.555131518622253,6.292642560635898,6.313925266265869,39559500
2019-10-02,6.278454698449654,6.285548483048713,5.987587879806455,6.108191013336182,68137000
2019-10-03,6.065626162825925,6.179134845733643,5.994682897726043,6.179134845733643,40827900
2019-10-04,6.18622879587122,6.214605964250971,6.1436627050190635,6.2004170417785645,27827400
2019-10-07,6.172039942079632,6.235888740785829,6.108191143373435,6.157851696014404,29340400
2019-10-08,6.136567846344047,6.143662307120772,6.030153640953232,6.058530807495117,31091200
2019-10-09,6.10819100344479,6.129474386902667,6.072720050811768,6.072720050811768,16898500
2019-10-10,6.086908228846123,6.13656810323202,6.044342815533938,6.115285396575928,28069600
2019-10-11,6.193321994802047,6.292642413020366,6.193321994802047,6.228793621063232,34175700
2019-10-14,6.257172107696532,6.271361031822398,6.21460668844922,6.257172107696533,24794500
2019-10-15,6.271360279192593,6.455812211301801,6.228794188488522,6.434528827667236,29771700
2019-10-16,6.4629059959482635,6.519660332510318,6.427435043020774,6.434528827667236,27190300
2019-10-17,6.470000344877464,6.484189267054269,6.406151548211939,6.4629058837890625,28361200
2019-10-18,6.4487179819241875,6.611886536264803,6.4487179819241875,6.590603828430176,42422900
2019-10-21,6.626656809571138,6.662710576659474,6.496864210788906,6.511285305023193,33610200
2019-10-22,6.496864734030096,6.59060426094195,6.460810964038081,6.540128707885742,35878500
2019-10-23,6.496865027008767,6.641079425811768,6.468022147248167,6.641079425811768,44770400
2019-10-24,6.395913070023105,6.4103348502787485,6.165170087279468,6.201223850250244,120395200
2019-10-25,6.25169981264678,6.309385568545721,6.215646043292828,6.287753582000732,51373600
2019-10-28,6.3165958798858,6.3165958798858,6.186802597198106,6.208434581756592,39635300
2019-10-29,6.19401443523011,6.280543074365813,6.19401443523011,6.230068206787109,36771800
2019-10-30,6.230066990245766,6.230066990245766,6.143538368006454,6.157959461212158,28685300
2019-10-31,6.186804133559565,6.201225918625493,6.129118368632975,6.194015026092529,29124100
2019-11-01,6.2300673941682545,6.439178416721265,6.2300673941682545,6.410335540771484,55354900
2019-11-04,6.439179197066551,6.525707835402045,6.439179197066551,6.489654064178467,46716500
2019-11-05,6.5040740966796875,6.597812913888326,6.489652317005556,6.5040740966796875,37569700
2019-11-06,6.525707257097288,6.525707257097288,6.410335749540792,6.431967735290527,39497700
2019-11-07,6.460810401766499,6.496864168620826,6.403124649866938,6.410335540771484,32640400
2019-11-08,6.417546098137666,6.518496513366699,6.359860343054916,6.518496513366699,29476800
2019-11-11,6.453600384781544,6.561761699991279,6.446389492900529,6.547339916229248,24846600
2019-11-12,6.532918295971609,6.583393159751904,6.518496513366699,6.518496513366699,28703900
2019-11-13,6.48965366252596,6.48965366252596,6.345439274225739,6.352650165557861,34491200
2019-11-14,6.3814933650513925,6.424757339889138,6.331017810849381,6.338228702545166,26527800
2019-11-15,6.381493550597768,6.460811298552175,6.381493550597768,6.4536004066467285,26416300
2019-11-18,6.52570795036419,6.52570795036419,6.410336430551053,6.4536004066467285,38291400
2019-11-19,6.482442438764892,6.48965332972723,6.395913810222072,6.417545795440674,31168900
2019-11-20,6.403123690516117,6.4103345803402885,6.258909332374194,6.294962406158447,38271500
2019-11-21,6.323808472598181,6.338229570295623,6.25170092110524,6.280543804168701,33161400
2019-11-22,6.345438897967377,6.417545744007625,6.323806912922143,6.410335540771484,34966700
2019-11-25,6.41754652173131,6.49686495595688,6.395914534064559,6.489654064178467,30580900
2019-11-26,6.475232596132662,6.504076164651743,6.424757726561317,6.496865272521973,30093800
2019-11-27,6.511285353041513,6.597813982090589,6.504075149705402,6.561760902404785,37396100
2019-11-29,6.518496670264516,6.561761331452165,6.511285778788498,6.532918453216553,13096200
2019-12-02,6.547340142093319,6.590604807203417,6.489654380392203,6.496865272521973,37232700
2019-12-03,6.453599510861952,6.453599510861952,6.345438897967377,6.410335540771484,40653100
2019-12-04,6.453600406646728,6.511286166553297,6.4463895147412815,6.4536004066467285,29982900
2019-12-05,6.468022300917048,6.489654289334312,6.403125647996743,6.439179420471191,25768600
2019-12-06,6.460809445325596,6.540127170528408,6.45359855548853,6.5040740966796875,31086900
2019-12-09,6.468022391671416,6.540129249963549,6.460811499541645,6.496865272521973,21772900
2019-12-10,6.5040756255621925,6.561761382482031,6.460810964038081,6.540128707885742,34217700
2019-12-11,6.5329180771064355,6.590603830256603,6.5329180771064355,6.568971157073975,33204200
2019-12-12,6.568970776702004,6.749238916775074,6.568970776702004,6.720396041870117,48390900
2019-12-13,6.720396580807734,6.770872131690545,6.626657057932157,6.6554999351501465,35334500
2019-12-16,6.662710811019305,6.770872116088868,6.648289716277757,6.770872116088867,42337600
2019-12-17,6.763661224883877,6.785293210830416,6.713186361785808,6.770872116088867,35503900
2019-12-18,6.770872935037892,6.900665554084206,6.749240258806409,6.87903356552124,45905300
2019-12-19,6.886243998445209,6.90066509396946,6.76366159198095,6.7852935791015625,42236000
2019-12-20,6.850190005532921,6.879032883312637,6.806925345029121,6.835768222808838,50191200
2019-12-23,6.850188517376826,6.900663370608904,6.778080994758171,6.806923866271973,54784400
2019-12-24,6.806926720194669,6.842980496620171,6.799716515044439,6.828559398651123,11881600
2019-12-26,6.828556854880721,6.84297794747763,6.799713982018568,6.8141350746154785,28961300
2019-12-27,6.814136090262435,6.82134698146984,6.742029241193696,6.749239444732666,28272800
2019-12-30,6.734818522189114,6.742029413580894,6.65550009221644,6.669921875,36074900
2019-12-31,6.669920815295131,6.72760656192746,6.669920815295131,6.705974578857422,32342100
2020-01-02,6.698765255326535,6.792504787445068,6.626657711337354,6.792504787445068,43425700
2020-01-03,6.713186969047516,6.756450944854168,6.597814762336619,6.641079425811768,45040800
2020-01-06,6.561760844298498,6.612235705546385,6.532917968204218,6.605024814605713,43372300
2020-01-07,6.633868105709553,6.669921875,6.576182349912218,6.669921875,44984100
2020-01-08,6.65550009221644,6.705975644290446,6.612236119202665,6.669921875,45994900
2020-01-09,6.70597452592051,6.713185416109714,6.619445906655074,6.677131652832031,51817400
2020-01-10,6.684343657783559,6.749239617304221,6.669921875,6.669921875,39796300
2020-01-13,6.669921080352017,6.677131970884698,6.568970675899589,6.662710189819336,48553700
2020-01-14,6.648289936257203,6.727607679131276,6.641079044813617,6.698764801025391,42935600
2020-01-15,6.6843434508042945,6.705975436641352,6.6194468056246905,6.626657009124756,55923900
2020-01-16,6.655500955247429,6.691554729213035,6.597815191969876,6.612236976623535,44310400
2020-01-17,6.62665679975932,6.6554996758536,6.583392829452105,6.605024814605713,41644900
2020-01-21,6.597814762336619,6.648290317669042,6.561761678387242,6.641079425811768,49556400
2020-01-22,6.648289472581337,6.669921457734944,6.597813923665041,6.605024814605713,39914800
2020-01-23,6.590603828430176,6.605024922879511,6.439178554535846,6.590603828430176,75848700
2020-01-24,6.5689718107355475,6.576182702513961,6.460811184733302,6.489654064178467,68100900
2020-01-27,6.403124649866938,6.460810401766499,6.331017116158283,6.410335540771484,60769300
2020-01-28,6.446389195016013,6.489653856634368,6.388703437970518,6.468021869659424,85163400
2020-01-29,6.490021681446481,6.570688362352143,6.482688156083202,6.497354507446289,59057400
2020-01-30,6.460688549325772,6.482688426971435,6.402021043331502,6.4826884269714355,42827800
2020-01-31,6.438688938778188,6.482689400037581,6.409355531059793,6.468022346496582,59813700
2020-02-03,6.490022711270977,6.70269008500744,6.490022711270977,6.585355758666992,71405400
2020-02-04,6.65868843205956,6.77602203801178,6.651354906846683,6.732022285461426,86196400
2020-02-05,6.167352074041499,6.218685340496821,6.0573520175334385,6.094018936157227,145792500
2020-02-06,6.138020428050368,6.145353953737481,6.050020217895508,6.050020217895508,68823400
2020-02-07,6.020685778045297,6.020685778045297,5.881352310793997,5.947351932525635,98256500
2020-02-10,5.976685641241891,5.976685641241891,5.903352491277277,5.910686016082764,71834900
2020-02-11,5.940019130706787,5.9766853542467056,5.925352081800112,5.940019130706787,80164500
2020-02-12,5.969353777460937,6.108687274394683,5.962020251474021,6.042686939239502,111536800
2020-02-13,6.0206868145105545,6.130686902363253,6.0206868145105545,6.050020217895508,67648800
2020-02-14,6.064686248959987,6.064686248959987,5.925352081800112,5.940019130706787,46359700
2020-02-18,5.954685766188849,5.976685641241891,5.881352616224234,5.910686016082764,65094800
2020-02-19,5.91068583862085,5.940019237598676,5.866685390472412,5.866685390472412,69668200
2020-02-20,5.866685827247177,5.918019104439286,5.85935230211589,5.888685703277588,52318200
2020-02-21,5.881353896915722,5.888686723954547,5.786019802093506,5.786019802093506,58326300
2020-02-24,5.646685895494746,5.661352598482455,5.536685797927818,5.551352500915527,110048200
2020-02-25,5.632019155483371,5.632019155483371,5.294684639301843,5.302018165588379,108888300
2020-02-26,5.353350982366567,5.47068458756417,5.287350654602051,5.287350654602051,92469500
2020-02-27,5.2286845058994835,5.338684949369692,5.074683954977546,5.1113505363464355,118642400
2020-02-28,5.016016107318314,5.104016304016113,4.891348987155583,5.104016304016113,116490700
2020-03-02,5.214018336535325,5.302018560436577,5.045351065883691,5.280018329620361,96766000
2020-03-03,5.346018125770762,5.382685056821421,5.052683726410796,5.1113505363464355,97457800
2020-03-04,5.199350603781283,5.199350603781283,5.074683469747559,5.192017078399658,70588100
2020-03-05,5.104016802455458,5.111349978055557,4.920682866590483,4.94268274307251,78070900
2020-03-06,4.840014930229715,4.89868172276751,4.693347948885228,4.759347915649414,109932200
2020-03-09,4.378014899969676,4.502682051253944,4.3046813844147485,4.326681613922119,103901700
2020-03-10,4.590682506561279,4.612682385845143,4.2533479936333105,4.590682506561279,101873600
2020-03-11,4.444015238810002,4.4806821714283585,4.312014910811134,4.326681613922119,98587100
2020-03-12,3.9453450693747065,4.1726790321508025,3.8133444557306655,3.923344850540161,89453100
2020-03-13,4.3046801387517215,4.326680361892797,3.7546784067233583,4.1286797523498535,125375300
2020-03-16,3.6960127798138345,3.828013111349402,3.6666793728059304,3.674012899398804,110310900
2020-03-17,3.725346186821738,3.7693462973335943,3.4466784705648568,3.674012899398804,104233500
2020-03-18,3.4833448595470853,3.5493451898366604,3.006676545672715,3.300010919570923,125954700
2020-03-19,3.175343700988131,3.3586776361461683,3.0066764666554673,3.278010606765747,126603800
2020-03-20,3.3293445378657696,3.4833450854056114,3.1166771816787047,3.1753439903259277,129378600
2020-03-23,3.131343559056807,3.3146774919048205,2.9040095242870767,2.94067645072937,134925000
2020-03-24,3.2780106254538195,3.659345198769272,3.124010440750299,3.630011796951294,146192100
2020-03-25,4.231346795348372,4.304680292298266,3.7546785406515193,3.95267915725708,198999400
2020-03-26,3.930678837912724,4.143346129826352,3.7840115109394814,3.850011825561523,138227600
2020-03-27,3.718012423322661,3.886679661848503,3.6006784641209406,3.8060126304626465,106324000
2020-03-30,3.747346026190984,3.754679202337449,3.615345358737044,3.688679218292236,97879700
2020-03-31,3.6886791026541728,3.806012714773325,3.4833449317639107,3.5420117378234863,231800800
2020-04-01,3.3953446567420147,3.498011565352634,3.19734401529495,3.226677417755127,119174500
2020-04-02,3.2193441821158726,3.3513448547515727,3.116677264262817,3.1973443031311035,90891700
2020-04-03,3.2266772435154256,3.2413439439535163,3.0580100136365234,3.1093432903289795,85659900
2020-04-06,3.3293436914961787,3.4246774061535232,3.234009976838834,3.3220105171203613,102205300
2020-04-07,3.5566783482520643,3.688679008187328,3.3953446357199772,3.4540114402770996,115150400
2020-04-08,3.564012076666518,3.7326793242162974,3.5200119707424573,3.688679218292236,117022200
2020-04-09,4.040679849060706,4.216680248090298,3.842678875629851,3.938012599945069,175681700
2020-04-13,3.982011699584079,3.982011699584079,3.681344251916364,3.784011125564575,99320000
2020-04-14,3.864678956069702,3.9893460755689985,3.784011934685152,3.879345655441284,74877000
2020-04-15,3.710679096413388,3.769345904312136,3.6300120607117305,3.688679218292236,74727700
2020-04-16,3.71067896545629,3.718012491025698,3.586011828230318,3.622678756713867,58951200
2020-04-17,3.791344929083368,3.872011939188576,3.688678047837788,3.754678010940552,91989300
2020-04-20,3.6740116169179786,3.7326784104550703,3.6006777753149404,3.652011394500733,71079400
2020-04-21,3.5860113081939406,3.6080115320299897,3.4613441890469514,3.4980111122131348,82400200
2020-04-22,3.5713446088638063,3.5860113081939406,3.4833444128830005,3.4980111122131348,62237200
2020-04-23,3.520011903806512,3.6520122190685993,3.498011676421955,3.5860118865966797,61959800
2020-04-24,3.615345436150884,3.637345664424875,3.5200120461149647,3.571345329284668,54320400
2020-04-27,3.6006786007632767,3.80601277489722,3.578678722984275,3.791346073150635,91082800
2020-04-28,4.0260120616961865,4.062678979615688,3.8280114742304994,3.945345401763916,106222800
2020-04-29,3.908679576124837,4.033346712271395,3.820679368144352,3.857346296310425,126393000
2020-04-30,3.784012891422639,3.842679703742093,3.710679376023321,3.732679605484009,93437900
2020-05-01,3.681344736559061,3.703344958649351,3.593344547561235,3.608011245727539,82660100
2020-05-04,3.5786789918959223,3.644678979874097,3.498011951387288,3.564012289047241,84214700
2020-05-05,3.659345533350459,3.732679394282197,3.6226789525663543,3.644678831100464,96301300
2020-05-06,3.7033459995650824,3.73267940414256,3.534678748403703,3.571345329284668,89390400
2020-05-07,3.5933455575586586,3.6520123667136137,3.5566786269959287,3.571345329284668,67222900
2020-05-08,3.637344765603067,3.850012071078588,3.630011241429997,3.8426785469055176,101207100
2020-05-11,3.7986781029029433,3.806011626404165,3.703344745158585,3.754678010940552,75734000
2020-05-12,3.77667850560789,3.82801177511201,3.64467787046776,3.652011394500733,70965200
2020-05-13,3.666678132984434,3.674011657097607,3.417343908043356,3.461344003677368,100192300
2020-05-14,3.4026779405584606,3.608012113981237,3.314677730383736,3.5860118865966797,108061100
2020-05-15,3.520011194709431,3.622678085897966,3.4833442730155424,3.5933446884155273,80544700
2020-05-18,3.7546786288531218,3.9086791509063903,3.7546786288531218,3.894012451171875,136157700
2020-05-19,3.864679185728861,3.996679487917238,3.776678984269942,3.886679410934448,94836300
2020-05-20,3.9453462208128824,4.062679823022964,3.9380126958338937,4.026012897491455,87685400
2020-05-21,3.9966791128667687,4.17267984895032,3.9893459382741994,4.1286797523498535,87098200
2020-05-22,4.165346182369645,4.202013103124841,4.03334589707795,4.143346309661865,76656500
2020-05-26,4.341347793683423,4.39268107354275,4.268014286968854,4.282680988311768,86046300
2020-05-27,4.407348012317982,4.46601481619547,4.282680879237452,4.4220147132873535,110413900
2020-05-28,4.436681140454753,4.451347840518995,4.260680390002131,4.290013790130615,76930200
2020-05-29,4.2166803357200795,4.253347261120767,4.084680033704696,4.187346935272217,92936300
2020-06-01,4.20201345039758,4.312013872072409,4.158013351663987,4.304680347442627,61879700
2020-06-02,4.370681723255076,4.400015129477046,4.2753479781927775,4.326681613922119,80046000
2020-06-03,4.39268077240169,4.5980149268075055,4.341347496061525,4.539348125457764,98876600
2020-06-04,4.546680656269727,4.825348272860119,4.488013863236311,4.818015098571777,115798600
2020-06-05,5.30934990961609,5.5000173454385,5.148016221343169,5.382683753967285,208648200
2020-06-08,5.522017002105713,5.676017150269992,5.404683072991603,5.522017002105713,113169300
2020-06-09,5.294684265551252,5.456018335648723,5.170017474616349,5.309350967407227,115749600
2020-06-10,5.375349701308611,5.382683224895582,4.96468182184281,4.994015216827393,147327100
2020-06-11,4.451349292649488,4.737350212043021,4.429349060535297,4.495349407196045,116184700
2020-06-12,4.810682055135527,4.86201567900826,4.6200149587313994,4.737348556518555,88778000
2020-06-15,4.532014139908615,4.825348466530649,4.480680868784895,4.766681671142578,104742600
2020-06-16,5.038016220412345,5.038016220412345,4.72268199246014,4.803349018096924,109535200
2020-06-17,4.810682701474485,4.810682701474485,4.627348755459382,4.64201545715332,67831400
2020-06-18,4.590682176065412,4.730015667316949,4.539348545295753,4.64201545715332,61301800
2020-06-19,4.869348753014905,4.906015676403591,4.568681240081787,4.568681240081787,126127800
2020-06-22,4.598016490044771,4.605350017547607,4.495349552777937,4.605350017547607,71724300
2020-06-23,4.642015813036226,4.678682744923038,4.502681961420825,4.510015487670898,86672800
2020-06-24,4.444014074341909,4.48801417214549,4.297347081663309,4.363347053527832,75536300
2020-06-25,4.297347580206824,4.436681414256726,4.253347477298708,4.4220147132873535,73612700
2020-06-26,4.429346690578904,4.451346910921707,4.260679500222882,4.334012985229492,118435400
2020-06-29,4.3340147679594985,4.451348741915231,4.26068125278828,4.4073486328125,58208400
2020-06-30,4.385347604751812,4.473347806930497,4.326680803299354,4.458681106567383,61909300
2020-07-01,4.473348050133162,4.532014854775159,4.363347616588548,4.385347843170166,62454700
2020-07-02,4.473347846994685,4.524681473566199,4.400014344522324,4.436681270599365,67270500
2020-07-06,4.502681199773315,4.546681300785622,4.480681324108022,4.539348125457764,63921800
2020-07-07,4.502680442224099,4.546680535833651,4.466013872390302,4.488013744354248,56652000
2020-07-08,4.49534874426963,4.5320153261436475,4.43668193352578,4.466015338897705,60928600
2020-07-09,4.466014929939062,4.473348105769648,4.268014286968854,4.282680988311768,82693000
2020-07-10,4.253347165467973,4.4733476638793945,4.209346716103981,4.4733476638793945,73710700
2020-07-13,4.51001487785477,4.561348155937209,4.4366813736786215,4.444014549255371,80190700
2020-07-14,4.532016029297143,4.686016606234205,4.458682504489454,4.6640167236328125,106131800
2020-07-15,4.796015734253222,4.972016494518099,4.781349033371294,4.94268274307251,101648700
2020-07-16,4.884015226687865,5.060015961264177,4.862015353416877,5.030682563781738,93498500
2020-07-17,5.060016391791318,5.0673495669450235,4.935349267042918,4.986682891845703,80769000
2020-07-20,4.98668232116931,5.023348892105136,4.82534829007033,4.884015083312988,71361700
2020-07-21,4.920682820255915,4.994016323975029,4.86934919281167,4.898682594299316,63285100
2020-07-22,4.869348665240491,5.045349404779236,4.847348791349204,5.016016006469727,75629600
2020-07-23,5.038017249721857,5.177351104404581,4.986683963568392,5.1186842918396,88652600
2020-07-24,5.060017732317084,5.140684778468841,5.030684324567682,5.045351028442383,62292000
2020-07-27,5.074683768753288,5.089350470698978,4.964683329319735,5.082016944885254,60370200
2020-07-28,5.060017091865962,5.1700175318442625,5.060017091865962,5.140684127807617,56312500
2020-07-29,5.17001691599599,5.17735009129075,5.008682863330664,5.07468318939209,59437200
2020-07-30,4.94268274307251,5.008683071882055,4.891349464826625,4.94268274307251,58991000
2020-07-31,5.052684462051722,5.06001798920228,4.781350251753853,4.847350597381592,115301700
2020-08-03,4.876682946927972,4.928016227099988,4.788682738334449,4.9060163497924805,53845900
2020-08-04,5.067349135793946,5.067349135793946,4.935348847122973,5.030682563781738,69377600
2020-08-05,5.030682806767947,5.155349926930678,5.030682806767947,5.104016304016113,81728400
2020-08-06,5.082016944885254,5.133350576536047,5.052683540993875,5.082016944885254,48668500
2020-08-07,5.038015738311508,5.074682660005396,4.979348943346631,5.030682563781738,47480100
2020-08-10,5.067349703904165,5.228683757826726,5.067349703904165,5.199350357055664,57229000
2020-08-11,5.287351462697086,5.41201861211397,5.272684759805792,5.302018165588379,74016400
2020-08-12,5.375351105773091,5.404684508421865,5.177350463052996,5.214017391204834,59161400
2020-08-13,5.155350685119629,5.265350772328561,5.133350457868793,5.155350685119629,50066800
2020-08-14,5.111349860194546,5.214017113682408,5.082016459107078,5.162683486938477,43517700
2020-08-17,5.170017927674851,5.177351104404581,5.038017249721857,5.1186842918396,64555200
2020-08-18,5.118683201504627,5.140683426371101,5.052682876586914,5.052682876586914,40444200
2020-08-19,5.052683019707425,5.148016747359685,5.030683143899501,5.038016319274902,44158100
2020-08-20,4.964682384587241,5.052682579515768,4.935348986277732,5.016016006469727,41824500
2020-08-21,4.972015622858645,5.023348892105136,4.876681908998491,4.884015083312988,39158900
2020-08-24,4.935350327733141,5.1333509949808445,4.90601692145065,5.1186842918396,64974700
2020-08-25,5.140683852699102,5.206683833408624,5.030683418607578,5.08935022354126,49550000
2020-08-26,5.089349646582007,5.111349521097229,4.964682525390077,5.001349449157715,48600100
2020-08-27,5.008682164166147,5.11868257568627,5.008682164166147,5.067348957061768,45740900
2020-08-28,5.082016698083679,5.0966833993171,5.030683418607578,5.08935022354126,39936900
2020-08-31,5.0600162474405765,5.082016121955799,4.979349224960792,5.001349449157715,50089500
2020-09-01,4.964682155542238,5.038015647932778,4.928015234506129,5.0086822509765625,48189900
2020-09-02,4.994017058722732,5.111350681936094,4.964683652919392,5.096683979034424,59008900
2020-09-03,5.074682947011292,5.199350068203222,4.957349350445569,5.001349449157715,78130900
2020-09-04,5.030683230708856,5.096683208953243,4.95001620209713,5.060016632080078,70017500
2020-09-08,5.008683319371471,5.258017596366115,4.994016617764831,5.155350685119629,84749300
2020-09-09,5.184684398447755,5.206684277332734,5.082017131378616,5.1113505363464355,56501400
2020-09-10,5.126015749957388,5.162682670357985,5.038015560613957,5.067348957061768,69228600
2020-09-11,5.089350268227853,5.133350372314453,5.0233499372570805,5.133350372314453,55080600
2020-09-14,5.14068398582885,5.265350774700584,5.118683758568102,5.22135066986084,58704300
2020-09-15,5.25068369020088,5.265350390744614,5.133350085851009,5.162683486938477,65198500
2020-09-16,5.170017155895033,5.221350434385471,5.126016703357896,5.148016929626465,46245800
2020-09-17,5.162683792253403,5.382684663101723,5.118683688020088,5.338684558868408,84850100
2020-09-18,5.360684977153553,5.426685315005263,5.294684639301843,5.302018165588379,71929400
2020-09-21,5.199350373714377,5.199350373714377,4.994016217977333,5.038016319274902,72850300
2020-09-22,5.052682042800965,5.12601553078498,4.964681857220147,4.972015380859375,55865500
2020-09-23,4.994015151047023,5.082015334841644,4.86201487535509,4.869348049163818,52588600
2020-09-24,4.840014988380995,4.957348924547981,4.700681179588846,4.884015083312988,59822900
2020-09-25,4.847348440260889,4.9206819307231955,4.76668142591152,4.774014949798584,53761800
2020-09-28,4.832682842631211,4.964683155521496,4.825349317074211,4.9060163497924805,47582600
2020-09-29,4.906016217723409,4.913349393401256,4.796015785101824,4.840015888214111,38987300
2020-09-30,4.847348512377162,4.9500154005518135,4.832681814066498,4.884015083312988,55944600
2020-10-01,4.920683569449062,4.964683678379717,4.86201675754152,4.950016975402832,58340600
2020-10-02,4.854682251515489,5.082016276621073,4.840015551498409,5.052682876586914,60798400
2020-10-05,5.096683301454294,5.170017155895033,5.096683301454294,5.148016929626465,42359400
2020-10-06,5.177351104404581,5.316684959087303,5.104017588698355,5.1186842918396,78203800
2020-10-07,5.214017948240619,5.316684868479673,5.177351016171495,5.302018165588379,50664100
2020-10-08,5.346017407916976,5.390017509460449,5.280017080760905,5.390017509460449,54513300
2020-10-09,5.397351761434603,5.456018571393385,5.302018020410695,5.316684722900391,50977900
2020-10-12,5.397351703328958,5.771352787630746,5.375351474990374,5.624685764312744,97692900
2020-10-13,5.73468585333859,5.778685957623224,5.595352014929708,5.690685749053955,74562600
2020-10-14,5.6686861248172,5.683352827804909,5.536685797927818,5.551352500915527,57752100
2020-10-15,5.441350476322957,5.588017463684082,5.404683554641835,5.588017463684082,49336200
2020-10-16,5.654019168976344,5.683352573639945,5.580685657317344,5.624685764312744,47509400
2020-10-19,5.632019045103966,5.66135245031166,5.551352355623692,5.566019058227539,38960700
2020-10-20,5.5880189755169,5.756686231455788,5.558685570108552,5.676019191741943,63447000
2020-10-21,5.698017984094814,5.778685003471456,5.668684586081796,5.75668478012085,51981100
2020-10-22,5.8153524594722,6.028020151892353,5.786019057003573,6.020686626434326,74008500
2020-10-23,6.08668798566732,6.123354919791814,5.932687421835322,5.984020709991455,62249000
2020-10-26,5.896019228408875,5.918019104439286,5.8226857255046305,5.888685703277588,62131000
2020-10-27,5.874019007972149,5.932685806855785,5.793351984666297,5.808018684387207,64154500
2020-10-28,5.63201842246122,5.7786857819667885,5.595351844846129,5.6466851234436035,82938300
2020-10-29,5.991352259881334,6.042685531100388,5.756684728211555,5.793351650238037,118999900
2020-10-30,5.756685159246215,5.8006852591635125,5.580684759577027,5.668684959411621,79345600
2020-11-02,5.742018604154597,5.764018829509204,5.632018176745003,5.654018402099609,59962900
2020-11-03,5.690684897524722,5.815351666169056,5.66868467383355,5.778685092926025,65108800
2020-11-04,5.764020014974938,5.771353191813517,5.595352751506149,5.602685928344727,67326800
2020-11-05,5.690684772344493,5.859351634979248,5.654017850226348,5.859351634979248,61442600
2020-11-06,5.874018668639346,5.8813521929170065,5.683351233600383,5.712684631347656,50912100
2020-11-09,5.947353014674233,6.145354013986495,5.925353136760707,6.01335334777832,110511300
2020-11-10,6.03535300973922,6.299354332709266,5.998686780983144,6.1453537940979,87468400
2020-11-11,6.3066869335024975,6.3066869335024975,6.079352571984387,6.1086859703063965,75644400
2020-11-12,6.057353554360979,6.07935343137158,5.940019944486473,6.020686626434326,81064900
2020-11-13,6.03535189956074,6.284686125673549,6.03535189956074,6.262686252593994,79475100
2020-11-16,6.409354382138249,6.490021763426346,6.314020649301803,6.453354835510254,84853900
2020-11-17,6.350686690557216,6.4900208573123175,6.328686816624499,6.41668701171875,46754500
2020-11-18,6.468022346496582,6.636689965400053,6.438688938778188,6.468022346496582,77759300
2020-11-19,6.512022807755976,6.512022807755976,6.409355531059793,6.468022346496582,56672700
2020-11-20,6.460687706692071,6.468020532041909,6.365353983510076,6.409353733062744,57024300
2020-11-23,6.468021105356643,6.58535471371523,6.438687703266996,6.497354507446289,71537100
2020-11-24,6.710021851049684,6.966689643994885,6.702689025045928,6.930022716522217,99520500
2020-11-25,6.746690200603714,6.783357135805114,6.600023159161733,6.658689975738525,95217800
2020-11-27,6.688021699718008,6.702688749850271,6.6220213728497095,6.666021823883057,27853900
2020-11-30,6.7686900819791065,6.7686900819791065,6.585356105335725,6.658689975738525,77970100
2020-12-01,6.717355155119311,6.893355561953763,6.717355155119311,6.776021957397461,68863000
2020-12-02,6.71735496562469,6.776021766247868,6.658688165001513,6.746688365936279,48345000
2020-12-03,6.790689527337413,6.834689282731585,6.710022143508927,6.754022598266602,50302100
2020-12-04,6.790687950809719,6.922687885710602,6.776020902841099,6.8493547439575195,48775500
2020-12-07,6.827355243982483,6.842021593388204,6.710020951919821,6.761354923248291,58305200
2020-12-08,6.739355260006001,6.842022517161142,6.7246889086201085,6.783355712890625,56296700
2020-12-09,6.827356158834915,6.959356118627657,6.812689108100459,6.930022716522217,60780300
2020-12-10,6.827354864280652,6.83468768889401,6.673354357586702,6.688020706176758,83372800
2020-12-11,6.73935385127265,6.73935385127265,6.6073539189377914,6.614687442779541,73438200
2020-12-14,6.695354948711642,6.732021873166953,6.512021025798497,6.534020900726318,76826000
2020-12-15,6.6220208235779685,6.710021018981934,6.556020502184149,6.710021018981934,69606100
2020-12-16,6.724687714949733,6.732021239022673,6.578020730307666,6.629354000091553,55274500
2020-12-17,6.666023502651529,6.695356910939926,6.600023159161733,6.658689975738525,49301600
2020-12-18,6.666022712381609,6.666022712381609,6.534022041050952,6.563355445861816,78764600
2020-12-21,6.504687485759758,6.607354734120854,6.446020686514393,6.548687934875488,63908100
2020-12-22,6.585354561889708,6.592688087083912,6.416687678603726,6.44602108001709,59031200
2020-12-23,6.468020017225556,6.622020527129181,6.453353668329825,6.592687129974365,54086700
2020-12-24,6.607355289805069,6.614688815168349,6.453354753993555,6.497354507446289,27927000
2020-12-28,6.541354217643097,6.585353966100679,6.497353769822124,6.519354343414307,38068400
2020-12-29,6.54868974224487,6.54868974224487,6.438688938778188,6.468022346496582,37537900
2020-12-30,6.475354630719922,6.541354960262495,6.460688279356835,6.497354507446289,38461900
2020-12-31,6.4826880066246595,6.497354357649614,6.438687554822885,6.44602108001709,40176500
2021-01-04,6.460689458264855,6.482689339005629,6.182021737881852,6.248022079467773,85043100
2021-01-05,6.211354727075963,6.394688686085827,6.204021200868316,6.34335470199585,70127800
2021-01-06,6.4460214979863295,6.556021585578145,6.365354813709898,6.4826884269714355,72590200
2021-01-07,6.556020144277522,6.658687382992357,6.512020398659269,6.644021034240723,77117100
2021-01-08,6.673355694877702,6.702689097299349,6.5193551573231865,6.600021839141846,59162200
2021-01-11,6.504687533394992,6.834688456407694,6.468020608757266,6.820022106170654,95968300
2021-01-12,6.82002293249446,7.201357176584935,6.81268940680569,7.172023773193359,124808500
2021-01-13,7.267357509056854,7.274691034745624,7.069357211004599,7.172023773193359,89549300
2021-01-14,7.194022968315542,7.480023421602936,7.179355919755486,7.458023548126221,112695300
2021-01-15,7.362691184697551,7.370024710326336,7.201357117681762,7.208690643310547,99985000
2021-01-19,7.377359205805512,7.487359307244254,7.31135886519683,7.348025798797607,78732800
2021-01-20,7.502021673897723,7.97135663594599,7.472688282479907,7.964023113250732,125033200
2021-01-21,8.272027420866644,8.910029466953567,8.154693807705394,8.455361366271973,282394100
2021-01-22,8.550695126584982,8.572695004275593,8.316027899582451,8.448028564453125,130866600
2021-01-25,8.426025843387576,8.44802641484362,7.978691380897867,8.279358863830566,118954500
2021-01-26,8.29402890346219,8.455362289492765,8.15469469809701,8.20602798461914,66267500
2021-01-27,8.08136256444647,8.191362678014324,7.846694583144095,7.912694931030273,82863000
2021-01-28,7.949360286299571,8.103360834257904,7.854026547147886,7.8613600730896,77388700
2021-01-29,7.766026327527284,7.949360279737602,7.663359062518635,7.722025871276856,73925800
2021-02-01,7.810025479147779,8.389360695260152,7.59735813903978,7.942026138305664,157114400
2021-02-02,8.169357552538658,8.213357289983774,7.854023070274727,7.964023113250732,80440700
2021-02-03,8.008026029269525,8.330693434760327,7.949359228271196,8.213359832763672,82968600
2021-02-04,8.36002878844932,8.521362878569622,8.191361871013601,8.338028907775879,106845000
2021-02-05,8.653363130184342,8.726696295229862,8.286695206866053,8.440695762634277,113402100
2021-02-08,8.44802827670097,8.492028030583498,8.294027739385168,8.477361679077148,75756700
2021-02-09,8.462695113130884,8.8293630135254,8.426028183218728,8.748696327209473,102250800
2021-02-10,8.800030556503012,8.81469760979171,8.455362497218172,8.624030113220215,76282500
2021-02-11,8.550694718562285,8.609361522513451,8.294027626116803,8.39669418334961,55762900
2021-02-12,8.37469430670879,8.521361316586702,8.338027379398444,8.39669418334961,44401200
2021-02-16,8.43335981694081,8.580026804319282,8.345359624513726,8.462693214416504,48392100
2021-02-17,8.514030161302992,8.514030161302992,8.338029700456238,8.418696403503418,49554000
2021-02-18,8.338027174473892,8.418693853083324,8.286693897119113,8.382027626037598,37777100
2021-02-19,8.448028481440291,8.499361762001804,8.404028027127929,8.49202823638916,48615600
2021-02-22,8.448027629364761,8.75602798103214,8.433360579618807,8.58002758026123,62183000
2021-02-23,8.499361474283484,8.543361227742883,8.162027000519709,8.521361351013184,72904500
2021-02-24,8.558027992776198,9.09336273796296,8.536028116780928,8.998029708862305,95152800
2021-02-25,8.961364645860707,9.093364628641009,8.594696706006415,8.624030113220215,75249400
2021-02-26,8.719361755394104,8.785361381160625,8.462693979747291,8.58002758026123,69614500
2021-03-01,8.704695560220518,8.858696100854726,8.638695228611072,8.785362243652344,43172800
2021-03-02,8.829361118908862,9.386696375761998,8.756027274820628,9.203362464904783,104789000
2021-03-03,9.247363384948985,9.247363384948985,8.902696092355994,8.92469596862793,80169700
2021-03-04,8.976030033810503,9.137364105805874,8.52869544710006,8.748696327209473,88339600
2021-03-05,8.844029178168512,9.012696059738005,8.558027992776198,8.998029708862305,79345700
2021-03-08,9.08603039119729,9.445364748638104,9.020030060368674,9.276697158813477,86129700
2021-03-09,9.35736512543643,9.35736512543643,9.078697433057958,9.21803092956543,61568700
2021-03-10,9.328031767686875,9.518698548174122,9.254697906401642,9.467365264892578,62111200
2021-03-11,9.489363595998748,9.577364494935177,9.350030121515674,9.394030570983888,56536500
2021-03-12,9.372030737464463,9.848699397038422,9.36469791144292,9.804698944091797,87160100
2021-03-15,9.8193659608064,9.988032847895964,9.570031693488373,9.680031776428224,64476000
2021-03-16,9.577363623434032,9.643363242585528,9.115362093193438,9.159361839294434,125425300
2021-03-17,9.049363182936972,9.313363798716692,8.961362977677066,9.3060302734375,109324400
2021-03-18,9.313362349374632,9.540696702107631,9.122694917968031,9.159361839294434,76733300
2021-03-19,9.423364178229232,9.4966973298056,9.203363324773266,9.408697128295898,90885200
2021-03-22,9.423364639282228,9.48203144315906,9.174030373123951,9.423364639282228,81362100
2021-03-23,9.21802870635532,9.298696073782136,8.888027810542376,8.954028129577637,73020200
2021-03-24,9.06402900639076,9.188696131424582,8.88802860611834,8.902695655822754,54534400
2021-03-25,8.75602889886636,9.056697155904594,8.594695530929938,9.034696578979492,54201800
2021-03-26,9.115364718502088,9.15936447727542,8.844030541521361,9.020030975341797,49239800
2021-03-29,8.946694424842887,9.064028012154136,8.851360710311662,8.910027503967285,44747900
2021-03-30,8.917361639194851,9.152028829901012,8.880694715806165,9.137362480163574,49762300
2021-03-31,9.137363690694263,9.196030496143068,8.954029748825892,8.983363151550293,60456900
2021-04-01,9.00536264786733,9.012696173079126,8.814695887904797,8.92469596862793,61907500
2021-04-05,9.08602847377267,9.372028914524018,9.042028029384513,9.313362121582031,82332700
2021-04-06,9.313363066398066,9.526030387228138,9.269363316909589,9.47469711303711,67499400
2021-04-07,9.43803064072206,9.482031091680415,9.284030111412978,9.335363388061523,42264000
2021-04-08,9.291361979080934,9.357362294063664,9.1153616053692,9.174028396606444,52622000
2021-04-09,9.159361349115477,9.254695059716829,9.086028209750578,9.174028396606444,40555400
2021-04-12,9.16669645294014,9.203363378624587,9.034695800221504,9.078696250915527,40422800
2021-04-13,9.086029501275252,9.130029251275827,8.873362177970023,8.946695327758789,51556000
2021-04-14,8.946694092968794,9.15936138692246,8.946694092968794,8.976027488708496,49877500
2021-04-15,9.020027931999708,9.0346942801879,8.895360825265147,8.976027488708496,38209300
2021-04-16,9.034695968150038,9.06402936937013,8.939362239343872,8.968695640563965,33132900
2021-04-19,8.961360795368668,8.983360666485277,8.814693822319118,8.880693435668945,39063500
2021-04-20,8.844029437681582,8.844029437681582,8.323361028092386,8.39669418334961,83170800
2021-04-21,8.330695600420468,8.609363327287122,8.198695613541032,8.602029800415039,49641100
2021-04-22,8.84403004031493,8.910029674734615,8.675362442939695,8.75602912902832,73064400
2021-04-23,8.778029839952215,8.976030144947778,8.704695979219917,8.961363792419434,51833300
2021-04-26,9.00536253461843,9.122696139077805,8.968695608384012,8.998029708862305,40863800
2021-04-27,9.012694853352189,9.166695363432384,8.99802850443964,9.159361839294434,42037800
2021-04-28,9.240030247981805,9.240030247981805,9.08602972053666,9.115363121032717,68023400
2021-04-29,8.734027392712274,8.734027392712274,8.169359311498773,8.257359504699707,230430600
2021-04-30,8.330692576094197,8.462693214416504,8.308692702828267,8.462693214416504,90786500
2021-05-03,8.477360878363182,8.565361077179814,8.38202715480431,8.528694152832031,61987300
2021-05-04,8.45536224137862,8.470029294223526,8.235361344250041,8.367362022399902,71007700
2021-05-05,8.433360916782508,8.536028171018529,8.360027063847713,8.51402759552002,64495500
2021-05-06,8.470027223736396,8.624027744144819,8.418693250691321,8.609360694885254,50032800
2021-05-07,8.543358871106927,8.675359493800464,8.448025865120794,8.668025970458984,41525800
2021-05-10,8.638693653141818,8.748694418884162,8.580026857824581,8.587360382080078,51703500
2021-05-11,8.396694501515285,8.624028899962758,8.37469462404085,8.49202823638916,56882600
2021-05-12,8.462696362018828,8.56536364105135,8.272028857828554,8.308695793151855,55663100
2021-05-13,8.330691865586802,8.565359724741384,8.323359041365801,8.470026016235352,56598500
2021-05-14,8.543362143070595,8.704696221555007,8.521362263983848,8.682696342468262,48619200
2021-05-17,8.668026805296998,8.932028076110655,8.646026932516975,8.910027503967285,52201700
2021-05-18,9.012695731152162,9.188696131424582,8.895362130970547,8.902695655822754,72472900
2021-05-19,8.822026646449125,8.954027271875367,8.690026720386177,8.880693435668945,70220800
2021-05-20,9.181362411708289,9.306028825236682,9.02002837749014,9.159361839294434,106243900
2021-05-21,9.31336420707359,9.878033089787646,9.218030472354458,9.775365829467772,200958600
2021-05-24,9.812032130884695,9.812032130884695,9.474697667812842,9.577364921569824,111374300
2021-05-25,9.62869776984524,9.848698618459473,9.386697046178616,9.394030570983888,113383400
2021-05-26,9.65069960102527,10.230034890163912,9.60669984200204,10.193367958068848,227538700
2021-05-27,10.54536807049988,11.036703074363151,10.354700609432216,10.912035942077637,278939100
2021-05-28,11.00736936169837,11.036702762621504,10.567367648487924,10.655367851257324,152105300
2021-06-01,10.794702186773002,10.882702390819098,10.604034728324732,10.860702514648438,89071000
2021-06-02,10.926702729311376,11.014703637441638,10.765369362920708,10.934036254882812,77517200
2021-06-03,11.110036766834346,11.777372213509624,10.992703154148163,11.726038932800291,179671400
2021-06-04,11.975372024229555,12.06337292439818,11.586704295832414,11.711371421813965,151788000
2021-06-07,11.740705165575044,11.88003934544895,11.476703856072255,11.645371437072754,90915300
2021-06-08,11.557372734719312,11.586706139655616,11.24203810713142,11.46203899383545,93891100
2021-06-09,11.44003929907248,11.45470565209488,11.286038745837768,11.352038383483888,60079100
2021-06-10,11.432703316641549,11.57203678755547,11.05870195351408,11.08070182800293,78147500
2021-06-11,11.220038909730192,11.315372656404245,11.12470516305614,11.205371856689451,50613500
2021-06-14,11.168702796776168,11.220036773280473,10.868035260328098,10.904702186584473,82666000
2021-06-15,10.934034962335865,11.117368883768355,10.824034889221728,11.000035285949709,62612700
2021-06-16,11.073369598303826,11.212703076711469,10.91203554486068,11.014702796936035,69112900
2021-06-17,11.220035177233198,11.29336831995088,10.692033332594496,10.83136749267578,126653100
2021-06-18,10.662698535287571,10.831366070177255,10.589364702837576,10.648032188415527,76319700
2021-06-21,10.728702118960117,10.926702408022472,10.67003531484064,10.838702201843262,63385000
2021-06-22,11.014703637441638,11.080703269494098,10.86803592346686,10.934036254882812,65545900
2021-06-23,11.102702999404247,11.388703481242098,11.02203562299793,11.30803680419922,94985700
2021-06-24,11.396038171493377,11.403371697255334,11.110036961048609,11.190704345703123,79859800
2021-06-25,11.176036892728789,11.381371410506803,11.13203713846456,11.13936996459961,111760500
2021-06-28,11.146704510570911,11.154038036740824,10.875370336556108,10.970704078674316,79477400
2021-06-29,11.03670244151256,11.146702516933036,10.912035316375526,11.007369041442873,68208200
2021-06-30,10.963368757084854,11.080702359134076,10.8607022049735,10.897368431091309,72213500
2021-07-01,10.934036254882812,10.978036708947943,10.882702974609735,10.934036254882812,51112200
2021-07-02,10.970703644143953,11.02937045245246,10.875369905801744,10.94870376586914,43652000
2021-07-06,10.904703616701038,10.91203714278677,10.55270275694834,10.63336944580078,73990600
2021-07-07,10.56736921125978,10.604036142677105,10.281368684804455,10.435368537902832,72992500
2021-07-08,10.237367512524305,10.435367809373082,10.076033445169504,10.310701370239258,62706800
2021-07-09,10.596702056871369,10.692035793776078,10.464702089849355,10.618701934814451,65981200
2021-07-12,10.53070015969298,10.809367803251424,10.44269996162664,10.714034080505373,49205200
2021-07-13,10.633368111802904,10.72870184086682,10.4867011053059,10.574701309204102,45360600
2021-07-14,10.582033830877648,10.72870082346625,10.413366264878212,10.450033187866213,39056200
2021-07-15,10.37670298868221,10.486703796304925,10.222702417501315,10.274036407470703,44952300
2021-07-16,10.354700948279952,10.369367999317491,9.95869966199175,9.98069953918457,48065200
2021-07-19,9.716696227219805,9.768029492925844,9.379361839658774,9.738696098327637,99949200
2021-07-20,9.804699459985574,10.237367689378608,9.738699126774636,10.200700759887695,70731800
2021-07-21,10.303368851679114,10.516036220603066,10.28870179895712,10.406035423278809,53817500
2021-07-22,10.325367900538687,10.369368355800484,10.10536702295673,10.200700759887695,40440100
2021-07-23,10.244698675325326,10.29603194426816,10.068697597275127,10.134697914123535,37927900
2021-07-26,10.193366374864976,10.325367030159832,10.171366498770317,10.288700103759766,43838000
2021-07-27,10.215366760809824,10.237366636496349,10.01003225652416,10.112699508666992,41963200
2021-07-28,10.164033889770508,10.25936762725837,9.951366536717126,10.164033889770508,70653500
2021-07-29,10.640702158282792,10.846035977438408,10.486701619075207,10.552701950073242,111154800
2021-07-30,10.43536769474927,10.486701674331275,10.171367068729564,10.23003387451172,74955700
2021-08-02,10.2813681446404,10.508701848629736,10.178700881938552,10.200700759887695,64673700
2021-08-03,10.244701325728547,10.325368011988443,10.002700567585345,10.281368255615234,53257700
2021-08-04,10.156698546062762,10.21536533930542,9.753363817996982,9.768030166625977,81502700
2021-08-05,9.929363318947908,10.134697077124583,9.863363007550298,10.054030418395996,60524400
2021-08-06,10.13469961516404,10.200699943090155,10.068699287237926,10.120033264160156,44450600
2021-08-09,10.061367469325871,10.134700630418427,9.936700326168648,10.083367347717283,38760400
2021-08-10,10.098031693086275,10.200698230971945,10.017364328332294,10.134697914123535,32120800
2021-08-11,10.164034287532555,10.230034623711912,10.024700788436666,10.215368270874023,42795600
2021-08-12,10.208035010652296,10.303368754354045,10.112701266950552,10.193367958068848,38547900
2021-08-13,10.178698373934344,10.230031642955131,9.929364154067644,9.966031074523926,45118500
2021-08-16,9.90003232998435,9.944032781393089,9.768031675121588,9.870698928833008,38664300
2021-08-17,9.768031264636054,9.775364789456573,9.394030590514078,9.526030540466309,74625300
2021-08-18,9.49669642032677,9.687363855019685,9.460029498368383,9.533363342285156,50966700
2021-08-19,9.386695517630807,9.474695702873694,9.218027971392798,9.291361808776855,69038800
2021-08-20,9.24736433405982,9.29136479048317,9.078697433057958,9.21803092956543,53615600
2021-08-23,9.3206970373177,9.423364289978236,9.14469663221116,9.335363388061523,64573600
2021-08-24,9.394030257614078,9.636030973207948,9.357363334174286,9.59203052520752,53672500
2021-08-25,9.621365487897904,9.73869910248537,9.54803232846249,9.658032417297363,51195500
2021-08-26,9.61403205487166,9.628699106518312,9.394031875080035,9.460031509399414,57559800
2021-08-27,9.452698197043418,9.804699026106965,9.438031146150696,9.760699272155762,57587300
2021-08-30,9.790032019195417,9.804698369742834,9.555364116165808,9.57003116607666,42720100
2021-08-31,9.548029876909707,9.636030065255374,9.482029560809623,9.555362701416016,42212700
2021-09-01,9.555364985433451,9.694699174808282,9.46003125043054,9.614031791687012,58875700
2021-09-02,9.599364854126806,9.68736505813806,9.511364650115553,9.540698051452637,49053200
2021-09-03,9.526030906841598,9.570031358093566,9.438030703701113,9.45269775390625,41616700
2021-09-07,9.40869816827986,9.562698712785036,9.394031816088823,9.496698379516602,64008900
2021-09-08,9.511362956924849,9.694696857485818,9.46736251307035,9.555362701416016,57980900
2021-09-09,9.496697176161971,9.496697176161971,9.32803030083804,9.3573637008667,68806400
2021-09-10,9.416030113227873,9.482030435415709,9.284029468852198,9.298696517944336,48792500
2021-09-13,9.357363665774908,9.526030540466309,9.254696416377907,9.526030540466309,62270800
2021-09-14,9.482031418884487,9.577365149781146,9.37936416268113,9.430697441101074,47640800
2021-09-15,9.452700393703903,9.716701076851216,9.394033575226723,9.694701194763184,60282100
2021-09-16,9.66536494943202,9.922032030115362,9.606698148169343,9.826698303222656,76426100
2021-09-17,9.834029775761856,10.04669706079414,9.819363428188918,9.936697006225586,76182400
2021-09-20,9.584698268565065,9.672698476843694,9.262030838210094,9.40136432647705,126152200
2021-09-21,9.452698621249224,9.51136542872592,9.284031025231087,9.36469841003418,60473100
2021-09-22,9.474696525119365,9.81936447175458,9.46736300087187,9.702030181884766,75784000
2021-09-23,9.79002987216884,10.076030289074104,9.768029302127449,10.054030418395996,68708100
2021-09-24,10.017365553071354,10.222699353310464,10.002699202735986,10.105365753173828,57440200
2021-09-27,10.186033867039768,10.479367888670014,10.178700341658145,10.384034156799316,68769700
2021-09-28,10.728701005602156,10.802034153459706,10.435366316081764,10.494033813476562,107090900
2021-09-29,10.604035580152296,10.63336898385736,10.39136822844969,10.486701965332031,56805500
2021-09-30,10.457368011888612,10.501367765451414,10.332700877854892,10.384034156799316,78820500
2021-10-01,10.457368011888612,10.538034692996064,10.274034073528842,10.384034156799316,51880900
2021-10-04,10.464702028369986,10.846036274385003,10.428035099104587,10.52336883544922,78332500
2021-10-05,10.589369260165462,10.589369260165462,10.347368488039605,10.479369163513184,55915800
2021-10-06,10.36936713832067,10.516034139700457,10.186033211755078,10.354700088500977,61020300
2021-10-07,10.51603580890694,10.963370408961405,10.494035930048796,10.919370651245115,96557500
2021-10-08,10.941368584910844,11.359369705719658,10.89003531024686,11.088035583496094,99468900
2021-10-11,11.146703863132542,11.264037477581804,10.978036967202604,11.06603717803955,45302300
2021-10-12,11.080703330587118,11.498705198738282,11.007370172558902,11.469371795654297,89134000
2021-10-13,11.432703588548252,11.506036738376322,11.19803639011696,11.37403678894043,63363500
2021-10-14,11.454703285398534,11.454703285398534,11.271369364634737,11.330036163330078,50875100
2021-10-15,11.396035968189627,11.755370968053311,11.396035968189627,11.5133695602417,77211800
2021-10-18,11.418034575876677,11.476701365397997,11.35936778635536,11.410701751708984,48643800
2021-10-19,11.44003745696342,11.506037083982084,11.271369878502114,11.30803680419922,44668300
2021-10-20,11.315370559175715,11.85070530739746,11.271370107572274,11.76270580291748,105213700
2021-10-21,11.850705851453547,12.246707835974297,11.828705274960074,12.136706352233888,95855000
2021-10-22,12.041372954424125,12.12937385901239,11.902038771628924,11.938706398010254,60646800
2021-10-25,12.026704770723086,12.10003861784935,11.594037310641,11.733370780944824,67808000
2021-10-26,11.799370924353894,11.894703945061986,11.513369764139462,11.689370155334473,64882300
2021-10-27,11.579370587567809,11.674704311771375,11.366703264148596,11.37403678894043,96094300
2021-10-28,12.364042282104492,12.892043565089946,12.254040790929675,12.364042282104492,215237600
2021-10-29,12.36403917012011,12.730706985141689,12.1367041177235,12.525372505187988,100560700
2021-11-01,12.83337331327164,13.178040550143614,12.51803877377784,13.163374900817873,125246500
2021-11-02,13.310044955446765,13.33937905986098,13.002043852732903,13.207378387451172,115146200
2021-11-03,13.141376809535084,13.808712235904968,13.112042707892607,13.662044525146484,104755500
2021-11-04,13.874710948746356,14.30004558189995,13.728043255082309,14.241378784179688,157505500
2021-11-05,14.45404434767281,14.461377871694069,13.926043206682486,14.146044731140137,122232200
2021-11-08,14.226711622479504,14.97471433653833,14.109378027967544,14.776713371276855,153490400
2021-11-09,15.040717386834464,15.040717386834464,14.234047729181404,14.754716873168944,164928500
2021-11-10,14.5787135794108,15.011381768520314,13.977378509455718,14.197380065917969,229109600
2021-11-11,14.402712206178268,14.549379900636104,14.124045265180536,14.336711883544922,96436500
2021-11-12,14.212046016593282,14.38804782495945,14.087378884924616,14.300046920776367,77837900
2021-11-15,14.27071240710627,14.63004813996242,14.036045201040368,14.564047813415527,84838600
2021-11-16,14.59338323995356,14.71071686489719,14.322049756794094,14.512717247009276,66557200
2021-11-17,14.476047241808846,14.674048225963649,14.256047080788122,14.637380599975586,80855200
2021-11-18,14.85849037707466,14.93219348803785,14.268868300908965,14.41627311706543,111368800
2021-11-19,14.475235508565351,14.497346863866174,14.180424466737431,14.29097843170166,64610400
2021-11-22,14.290973890074218,15.32281431721114,14.232011700446636,15.094334602355955,137861700
2021-11-23,15.057489010280197,15.131192124451116,14.718455247401971,14.887972831726074,90984500
2021-11-24,14.718453440448538,14.991154507671002,14.578419087062493,14.924821853637695,77324300
2021-11-26,14.489975138362004,14.622640446965146,14.34993937863982,14.556307792663574,49434000
2021-11-29,14.792154027897045,14.880598020144593,14.364677777867952,14.497343063354492,68778700
2021-11-30,14.46049421132842,14.703713466291338,14.025647451581111,14.143571853637695,103238400
2021-12-01,14.46786108923591,15.086964810180948,14.394159403317802,14.431010246276855,125295600
2021-12-02,14.372048613294249,14.821636224889724,14.209902929887985,14.644749641418455,94142300
2021-12-03,15.013265768308434,15.035375715669916,13.95194471609356,14.106719970703123,120275200
2021-12-06,14.1730532440296,14.364680762236684,13.716096505494887,14.165682792663574,88147400
2021-12-07,14.48260504491666,14.784786519411254,14.386791989542456,14.71108341217041,75885600
2021-12-08,14.873231721306114,14.880602173197907,14.556309318808855,14.600530624389648,63246800
2021-12-09,14.563679840936407,14.688974712161208,14.401534115844887,14.423644065856934,63357600
2021-12-10,14.57104886646778,15.838736952703377,14.563678415261952,15.809256553649902,169657200
2021-12-13,15.654479981251548,15.698701282974818,14.836378167636944,15.057487487792969,126632300
2021-12-14,14.59316010380478,14.87323165129468,14.283608154656438,14.777417182922363,124559700
2021-12-15,14.733191882604842,14.983781554718286,14.408899117675167,14.880598068237305,79679700
2021-12-16,15.160667477366664,15.551292868334963,14.932189164724964,14.99852180480957,107020900
2021-12-17,14.76267721512228,14.917452481885402,14.44575482420362,14.571049690246582,98710700
2021-12-20,14.342567859890808,14.460493663247531,14.04038641535286,14.313087463378906,74565600
2021-12-21,14.556306588240696,14.585788390277472,14.246754695703016,14.453123092651367,58930900
2021-12-22,14.47523490789043,14.991155264007736,14.47523490789043,14.843749046325684,75806400
2021-12-23,14.799526996660315,15.04274625952584,14.740564793716242,14.924821853637695,50610500
2021-12-27,14.932193253819744,15.39652045579581,14.814268840436304,15.330187797546388,59651800
2021-12-28,15.227003756166928,15.52181477934265,15.175412002832408,15.30070686340332,53020500
2021-12-29,15.263854240656368,15.308076947399025,15.072228134517449,15.153300285339355,37883000
2021-12-30,15.175411475023228,15.448111134812434,15.08696746826172,15.08696746826172,51470100
2021-12-31,15.079599910640372,15.48496636123709,15.079599910640372,15.308079719543455,51899600
2022-01-03,15.676590863723597,16.126177130229223,15.52181420369034,16.04510498046875,110449000
2022-01-04,16.597879927428043,18.101417134424395,16.524176806176136,17.917160034179688,311645200
2022-01-05,17.732900407970668,18.38885654732778,17.298053600873335,17.43808937072754,253540000
2022-01-06,17.755010301103518,18.14563577189547,17.21698002671124,18.0277099609375,155058800
2022-01-07,18.18248804809007,18.35937466975221,17.718160841948194,18.012971878051758,127017500
2022-01-10,17.762383999866397,18.01297375815216,17.209612722313107,17.578126907348633,122800700
2022-01-11,17.526535956559695,17.94664192199707,17.158021754488995,17.94664192199707,106011600
2022-01-12,18.1382667805744,18.30778295095343,17.69604952264525,18.03508186340332,104050000
2022-01-13,18.160371579183877,19.066917192849026,17.96137506445839,18.44044303894043,185780500
2022-01-14,18.035079386387512,18.632073235194603,17.909784537278956,18.56574058532715,146012200
2022-01-18,18.32989122606677,18.521517313394657,17.909783987870384,17.968746185302734,110518100
2022-01-19,18.16774283102384,18.36674076030663,16.516800015080157,16.546281814575195,153198200
2022-01-20,16.126176419538254,16.863204620547254,15.897698070840988,15.956660270690918,152014100
2022-01-21,15.632368529372856,15.846107396938288,15.138560950728232,15.219633102416992,145532900
2022-01-24,14.688970482537744,15.086964931623468,13.85612792957149,15.028002738952637,186674000
2022-01-25,14.740566213351556,14.969044596042922,14.416273363042238,14.725825309753418,116775800
2022-01-26,15.484962840317824,15.507074192665698,14.423641825705596,14.67423152923584,135786400
2022-01-27,14.96904184269475,15.219631534690814,14.305716766257389,14.408900260925291,105674400
2022-01-28,14.312596569418666,14.482984287388527,14.01626979621075,14.475577354431152,87677100
2022-01-31,14.505207090005642,15.060820234024751,14.349636087918991,15.03859519958496,91361900
2022-02-01,15.268253715931907,15.446049799807678,14.757089091665527,15.305294036865234,117651800
2022-02-02,15.41641799410527,15.594214096219664,14.949703402679708,15.28307056427002,95377600
2022-02-03,14.94229274143012,15.275661264398597,14.720048001449532,14.73486328125,103016000
2022-02-04,13.719943127153488,13.77180013623384,12.97912548201126,13.305084228515623,211100500
2022-02-07,13.134695578429422,13.423615400398184,13.112471954968502,13.253226280212402,84610000
2022-02-08,13.023572902743462,13.268042645800184,12.608715456676958,13.127286911010742,142694300
2022-02-09,13.534737374476002,13.653268072911692,13.356941326822463,13.594002723693848,87118600
2022-02-10,13.312491546760214,13.801431041766604,13.27545123256174,13.39398193359375,76195300
2022-02-11,13.408799028944284,13.601411777180754,12.905042827863891,13.001348495483398,94534100
2022-02-14,12.971714076972193,13.134693411790106,12.80873474215428,12.934672355651855,78625000
2022-02-15,13.186552500289029,13.431022247792225,13.127287149773023,13.39398193359375,65883300
2022-02-16,13.253226206622514,13.49028760887217,13.142103850942666,13.342124938964844,57442100
2022-02-17,13.231000769470572,13.290266111908403,12.964306022001711,12.993939399719238,55368600
2022-02-18,13.038387384694172,13.690306118080164,13.016162352545718,13.364347457885742,106404200
2022-02-22,13.090245888814426,13.156919579947392,12.645755085593755,12.808735847473145,98550700
2022-02-23,12.96430715085788,13.134694848578365,12.50499964722294,12.55685806274414,79855400
2022-02-24,11.845670867400756,12.734652373459683,11.823446541698855,12.705018997192385,110443900
2022-02-25,12.77910513203014,13.26063634715929,12.682799454203352,13.208779335021973,78888000
2022-02-28,12.84577821626408,13.097656331327888,12.749471130093928,13.00875759124756,82367800
2022-03-01,12.897634329334869,12.897634329334869,12.18645011011932,12.371654510498049,94819500
2022-03-02,12.964308317947213,13.519921531573525,12.816144229114542,13.408799171447754,138638200
2022-03-03,13.51992132132874,13.51992132132874,12.919859455583026,13.038390159606934,95395500
2022-03-04,12.853186417861876,12.882818388890511,12.32720515537773,12.48277759552002,91304000
2022-03-07,12.475367498895512,12.519816155699928,11.830856323242188,11.830856323242188,87999200
2022-03-08,11.897530707647018,12.386470228988848,11.682694330328935,11.875307083129885,101020300
2022-03-09,12.334611923848582,12.467959308916784,12.06051022165047,12.12718391418457,62846700
2022-03-10,11.93457292340678,12.156817655623918,11.675286460488424,12.097552299499512,72992600
2022-03-11,12.149408605834887,12.208673958526862,11.860490188086183,11.882715225219728,54985900
2022-03-14,11.919756477119462,12.023470499228177,11.490082283100756,11.660470008850098,66341700
2022-03-15,11.682693244696695,11.956794950251634,11.50489649359546,11.89752960205078,65263700
2022-03-16,12.20126451557408,12.319795210298745,11.897529433717462,12.282754898071287,82677600
2022-03-17,12.023468473487084,12.282754898071287,11.971611471169712,12.282754898071287,58500200
2022-03-18,12.1642255836314,12.519817708154724,12.06051156722814,12.490185737609863,89144000
2022-03-21,12.497594272770854,12.67539033772523,12.097552066875371,12.208674430847168,72583600
2022-03-22,12.386468936578266,12.823551404444716,12.371653659445172,12.660572052001951,77647100
2022-03-23,12.460552241787068,12.630939956627795,12.275347835308668,12.35683822631836,63296800
2022-03-24,12.401287608098066,12.579083679078254,12.327205558606927,12.467961311340332,56314200
2022-03-25,12.401289333664522,12.430922722783317,12.104962507465409,12.201268196105955,62023100
2022-03-28,12.260529452315051,12.356836521676726,12.06050979478944,12.349428176879885,54634400
2022-03-29,12.6013074410604,13.18655260544845,12.6013074410604,13.14951229095459,90676900
2022-03-30,12.979122017798115,13.082836008276876,12.742060660705446,12.793917655944824,57853400
2022-03-31,12.742064246505985,12.853186612289967,12.22349132218401,12.527226448059082,52529400
2022-04-01,12.60130666216312,12.70502066673322,12.104958848438976,12.334611892700195,64695700
2022-04-04,12.34202003479004,12.393877036222358,12.119775339223722,12.34202003479004,51146500
2022-04-05,12.193856010912643,12.31238811708307,11.71232559977089,11.719733238220217,91708000
2022-04-06,11.556754852753572,11.704918231584008,11.245611403960297,11.401183128356934,102881600
2022-04-07,11.164120791238464,11.267835507583609,10.78630435944276,11.08263111114502,101229100
2022-04-08,11.067814006408948,11.438222785433997,10.971508345581274,11.149304389953612,75085800
2022-04-11,11.030775132210886,11.682694753090589,11.030775132210886,11.319693565368652,66117100
2022-04-12,11.482673426081888,11.645653504787862,11.319693347375912,11.378958702087402,49138700
2022-04-13,11.34191934151319,11.519715420637793,11.27524563521676,11.490082740783691,51871800
2022-04-14,11.482673098670302,11.675285849239952,11.45304042215949,11.467856407165527,39312900
2022-04-18,11.386367570604245,11.697511050368211,11.386367570604245,11.608613014221191,40205800
2022-04-19,11.660469664156103,12.023470143803562,11.660469664156103,11.964204788208008,55398300
2022-04-20,12.023468848939508,12.260530245791465,11.860489491853134,11.890121459960938,47351500
2022-04-21,12.208673031250145,12.275346724589278,11.564161839802953,11.63083553314209,49898500
2022-04-22,11.519713931852571,11.586387629532222,11.112264106642598,11.20857048034668,56193700
2022-04-25,11.119082486021036,11.335348987012749,10.902815985029324,11.32789134979248,58361400
2022-04-26,11.260772029372408,11.290601859851304,10.940100818324812,10.969930648803713,60345300
2022-04-27,11.029591897854646,11.260773650752196,10.887900360478271,11.074337005615234,65847900
2022-04-28,11.119080371298276,11.178740035314956,10.365876224088575,10.902813911437988,131556500
2022-04-29,10.880442797156666,11.163826585014546,10.515027140918624,10.559771537780762,83184900
2022-05-02,10.455365227716626,10.65671639279404,10.306215373645404,10.641801834106444,64734000
2022-05-03,10.67163185641216,10.99975997668738,10.589599292943936,10.858068466186523,55734200
2022-05-04,10.82078333213486,11.186198995293251,10.634346682213303,11.171283721923828,59774900
2022-05-05,11.051961699741543,11.051961699741543,10.69400376007019,10.835695266723633,57889200
2022-05-06,10.783494930048716,10.887899701033728,10.440451495325757,10.597058296203612,66622200
2022-05-09,10.328589336512456,10.567227989553269,9.925886253906445,9.970630645751951,71242000
2022-05-10,10.291302904180624,10.32113273881074,9.709620773293706,9.955717086791992,75506700
2022-05-11,9.84385445624689,10.157068068549234,9.538098480237302,9.567928314208984,71644900
2022-05-12,9.105564902260523,9.54555545631035,9.060819798798132,9.27708625793457,113203900
2022-05-13,9.605214635220936,10.164524488668745,9.597756999820476,10.067577362060549,78944200
2022-05-16,10.060120894062845,10.082493802860432,9.67978997889592,9.731992721557615,65055400
2022-05-17,9.948258090523495,10.08994960784912,9.814023497436608,10.08994960784912,50891400
2022-05-18,9.881141675784905,9.9631735393257,9.478438571785793,9.530640602111816,68362500
2022-05-19,9.426234156933578,9.784192064959326,9.41877652271659,9.582840919494627,58459600
2022-05-20,9.731994431638086,9.784196472273251,9.001162306748446,9.321833610534668,78183400
2022-05-23,9.426236780643324,9.657417816124036,9.321832006142763,9.567928314208984,51929600
2022-05-24,9.396407312675487,9.456066982942689,9.150310995023457,9.26217269897461,51082800
2022-05-25,9.19505553721426,9.5530142756651,9.187597900513342,9.478439331054688,41193100
2022-05-26,9.545556270662296,9.843854615195754,9.53809863424912,9.784194946289062,45709200
2022-05-27,9.888597052697577,10.164523124694824,9.873681783898132,10.164523124694824,54195700
2022-05-31,10.201814651489258,10.306218729899593,9.955718307808548,10.201814651489258,79689900
2022-06-01,10.350962335677442,10.418079639853344,9.993003617139085,10.104866027832031,50726200
2022-06-02,10.171982788343902,10.41062144714868,10.142152955993303,10.35841941833496,42979700
2022-06-03,10.164524488668745,10.276386174878605,9.96317260005189,10.067577362060549,43625200
2022-06-06,10.246558139871723,10.246558139871723,9.978089619207616,10.037749290466309,37711100
2022-06-07,9.888598319393552,10.268929188108515,9.836395583107668,10.246556282043455,38940300
2022-06-08,10.16452453983056,10.328588963470176,10.022832311305676,10.08994960784912,39441900
2022-06-09,10.075035013194036,10.134694674092358,9.903512954711914,9.903512954711914,30468000
2022-06-10,9.694704990760954,9.851311792136602,9.41877885713706,9.508268356323242,55644400
2022-06-13,9.172682832841687,9.232342500762662,8.75506444619552,8.807267189025879,80676300
2022-06-14,8.941499604143424,9.262170799465077,8.88183994611138,9.098106384277344,82369300
2022-06-15,9.11302399637924,9.262173179789825,8.948959539027896,9.150311470031738,70393200
2022-06-16,8.79980816971923,8.881840022418247,8.292700360890901,8.389647483825684,80380100
2022-06-17,8.382190606983926,8.53133976683787,8.128636679632574,8.374732971191406,80248800
2022-06-21,8.613371450839947,8.695403302509181,8.464222306350786,8.54625415802002,66283400
2022-06-22,8.397104032803096,8.710317555248622,8.359816573235936,8.56116771697998,46098900
2022-06-23,8.576085429416182,8.635745097246609,8.389648789646266,8.620830535888672,53655000
2022-06-24,8.687945994991496,9.038447031153163,8.628286334946862,8.956415176391602,55457600
2022-06-27,9.03844900258619,9.083194112978928,8.874384546078689,8.978789329528809,44009900
2022-06-28,9.053363496999737,9.277086896103723,8.799809552735923,8.807267189025879,45866900
2022-06-29,8.755063313223397,8.769978583873161,8.486594842320882,8.590999603271484,39474200
2022-06-30,8.382191321457709,8.471680824997902,8.151010281778714,8.300159454345703,59238200
2022-07-01,8.277787869526957,8.576086236760608,8.19575528513815,8.441851615905762,54356000
2022-07-05,8.240498093074693,8.359817406625226,7.912369269611523,8.352359771728516,87269800
2022-07-06,8.315070938002313,8.404561119615165,8.083889983899866,8.247954368591309,71282900
2022-07-07,8.449306743006813,8.740148098064303,8.449306743006813,8.687945365905762,63000400
2022-07-08,8.687946269214578,8.784893397646924,8.561169309818375,8.665574073791504,55235600
2022-07-11,8.605914076834466,8.695403566242193,8.404562903466887,8.419477462768555,48833600
2022-07-12,8.419478623561478,8.740149871549525,8.404564062203542,8.620830535888672,58414500
2022-07-13,8.434393658418793,8.635744853872122,8.329988887058237,8.583542823791504,48274300
2022-07-14,8.367276864568042,8.50151076595941,8.307617194794243,8.494053840637207,48176300
2022-07-15,8.63574529857772,8.874383975462974,8.568627992903904,8.859469413757324,49306900
2022-07-18,9.060819944005017,9.135394880571033,8.874383313789279,8.91912841796875,45873400
2022-07-19,9.113024175371397,9.46352458547072,9.105566538254536,9.38895034790039,62650800
2022-07-20,9.39640835581612,9.56047211166474,9.32929104151466,9.49335479736328,51932200
2022-07-21,9.605215510101656,9.69470500946045,9.41877887530434,9.69470500946045,66949200
2022-07-22,9.769280127940265,9.799109961609728,9.485896352480696,9.560470581054688,46724700
2022-07-25,9.582843683731475,9.687247748088817,9.396407041722687,9.57538604736328,36830500
2022-07-26,9.45606452622282,9.515724180990224,9.29200012001287,9.351659774780272,49272300
2022-07-27,9.508266220037616,9.83639430999756,9.41877674095763,9.83639430999756,64572300
2022-07-28,10.39570651641582,10.5075689247998,9.97808884980707,10.440451622009276,144096500
2022-07-29,10.5224841247106,11.029592033294032,10.44790989245969,10.95501708984375,94551600
2022-08-01,10.932645591353882,11.506870843572866,10.850613717265205,11.439753532409668,109521700
2022-08-02,11.335347029184735,11.521783660293693,11.275687364125814,11.305517196655272,74626800
2022-08-03,11.544156889800735,12.043807162774735,11.529242327801184,11.700763702392578,95846000
2022-08-04,11.670932696289874,11.6858479679924,11.41737947814063,11.46212387084961,85039800
2022-08-05,11.357720805878268,11.53670053715416,11.283146569779436,11.409923553466797,68093500
2022-08-08,11.61127551671276,11.961777364737165,11.596360953017788,11.767882347106934,75988100
2022-08-09,11.678392475951265,11.708222313632898,11.298061512110843,11.32789134979248,67676800
2022-08-10,11.651758277574292,11.734608270340686,11.47099354690492,11.67435359954834,71607000
2022-08-11,11.90030964501392,11.990691656297486,11.757204255095663,11.92290496826172,61567000
2022-08-12,12.013287837098275,12.216647197429744,11.930437833747296,12.18652057647705,53182500
2022-08-15,12.050946778894811,12.38988023168515,12.005755412425302,12.29196548461914,51779600
2022-08-16,12.276900249740075,12.563111012096329,12.246773632777908,12.374814987182615,54028900
2022-08-17,12.171456864963472,12.254307588766425,11.975628795619606,12.073543548583984,57118300
2022-08-18,12.043412974922951,12.209112951336545,11.94549896070094,12.163922309875488,39414200
2022-08-19,12.013286317103027,12.156390980837768,11.877713666799682,11.960563659667969,48597200
2022-08-22,11.358017921447754,11.45593195573691,11.22997654724597,11.358017921447754,71321800
2022-08-23,11.365549153085212,11.61409986981614,11.365549153085212,11.53878116607666,51289000
2022-08-24,11.538779499651994,11.794862193432015,11.478524832679318,11.689416885375977,39508700
2022-08-25,11.749674469551753,12.081075938473951,11.73461043992235,11.998225212097168,56401300
2022-08-26,12.05847815024908,12.118732823468308,11.6065673828125,11.6065673828125,54517300
2022-08-29,11.44839942298014,11.832523528198324,11.440867408769805,11.72707748413086,50416500
2022-08-30,11.824991913684933,11.900310621749316,11.42580448484554,11.636695861816406,66034400
2022-08-31,11.6894191628775,11.6894191628775,11.478527069091797,11.478527069091797,52058200
2022-09-01,11.373082398929032,11.46346442223019,11.132062951833472,11.440868377685549,65299800
2022-09-02,11.696950077972554,11.727077416347344,11.342954031641838,11.418272018432615,64565400
2022-09-06,11.4634636759977,11.478526986421087,11.1772535950291,11.320358276367188,58676700
2022-09-07,11.229975520950855,11.666822268907252,11.13959350947288,11.621631622314451,55087200
2022-09-08,11.418272676733102,11.659291397626957,11.312827345488262,11.65176010131836,60075900
2022-09-09,11.749671912883857,11.82498988976467,11.538779853716038,11.61409854888916,63328600
2022-09-12,11.712013138422282,11.85511780430324,11.636694439563454,11.70448112487793,52656500
2022-09-13,11.297763459003972,11.395677495177102,11.0718080461654,11.101935386657717,80842500
2022-09-14,11.11699904385388,11.184785737265203,10.883511624136256,11.041680335998535,59571800
2022-09-15,11.06427500773466,11.455931116188752,11.056743712027766,11.21491241455078,61377000
2022-09-16,11.011552443085856,11.101934456994304,10.898575105273393,11.086871147155762,68454800
2022-09-19,10.921170515431257,11.26763526396284,10.913638501306298,11.245039939880373,48696200
2022-09-20,10.612365612607809,10.717810942089816,9.79892672489764,9.85918140411377,196340000
2022-09-21,9.97215855964539,10.235773314954235,9.82905387878418,9.82905387878418,94271600
2022-09-22,9.881776182565112,9.972158196389172,9.603098127034492,9.618162155151367,82004400
2022-09-23,9.28676035360354,9.369610350104852,9.000550295291227,9.27169704437256,104043700
2022-09-26,9.19637850970267,9.324419872797924,8.98548714860735,9.030677795410156,89300400
2022-09-27,9.1963800795623,9.203912094745975,8.782128582262782,8.97042465209961,87044400
2022-09-28,8.970423234245793,9.21897394968139,8.857445897517753,9.173783302307127,72701600
2022-09-29,8.925232904441183,8.947828228932279,8.556172106860393,8.639022827148438,84534900
2022-09-30,8.578766689350896,8.684211997888534,8.428129302938911,8.435661315917969,71688200
2022-10-03,8.571236135382733,8.72940484340524,8.382940088607961,8.639022827148438,66198300
2022-10-04,9.00808236632022,9.316887749588366,8.993018338701106,9.309355735778809,87629200
2022-10-05,9.32441969343374,9.459993067819038,9.136123659361877,9.422333717346191,87919100
2022-10-06,9.309355735778809,9.512715798882631,9.181314374185815,9.309355735778809,64531900
2022-10-07,9.17378232636898,9.264164329794744,9.038208962084177,9.18884563446045,56494500
2022-10-10,8.63902405666442,8.699278742744472,8.435663952424859,8.556173324584961,115548900
2022-10-11,8.510981925757282,8.940296706151157,8.420599904531858,8.706809997558594,75173200
2022-10-12,8.646554389390351,8.812255116776829,8.548641074149526,8.69174575805664,59628500
2022-10-13,8.465789717852209,8.95535984888614,8.435662380426459,8.864977836608887,70487400
2022-10-14,8.887572566110526,8.925231914948874,8.706808553637254,8.789658546447754,55127700
2022-10-17,9.023145019854605,9.030677033116744,8.78212634180471,8.910167694091797,59561700
2022-10-18,9.203910714600587,9.22650603847089,8.970423306966138,9.060805320739746,53603400
2022-10-19,8.970422946160188,9.143655670977845,8.932763595696144,9.136123657226562,54130000
2022-10-20,9.136123873440646,9.188846534362613,8.834849780890753,8.864977836608887,55568100
2022-10-21,8.842381744692421,9.226505833412416,8.797191097956174,9.181314468383787,55132700
2022-10-24,9.26416564650621,9.527779681058949,9.173783630234492,9.399738311767578,64717700
2022-10-25,9.47505598632684,9.81398869002176,9.38467397989435,9.663352012634276,66391600
2022-10-26,9.640757536643129,9.836585593578302,9.42986616979346,9.655820846557615,86833600
2022-10-27,9.618162218964594,9.957094952626624,9.35454747150946,9.791394233703612,88421500
2022-10-28,9.791393672004222,10.02488106792373,9.76879834926761,9.987221717834473,55777900
2022-10-31,9.904371457074642,10.175518215487552,9.896840161346145,10.070072174072266,54676700
2022-11-01,10.22070894587431,10.280963621945054,9.911903551438645,10.09266757965088,47454700
2022-11-02,9.95709439062395,10.296027105155792,9.83658504486084,9.83658504486084,73673500
2022-11-03,9.648289003615876,10.137858399899145,9.61816166720294,9.987221717834473,58782600
2022-11-04,10.22070868263161,10.37134608722108,9.994754012332164,10.175518035888672,61489100
2022-11-07,10.250837796306106,10.3638158693267,10.070073741424158,10.31862449645996,48176900
2022-11-08,10.37887651791604,10.393940544436612,10.17551718793456,10.333685874938965,52731900
2022-11-09,10.220708696215327,10.318622722011664,10.00228532122116,10.02488136291504,74199200
2022-11-10,10.311090223287136,10.815723638044531,10.296026914491874,10.680150985717772,75638500
2022-11-11,10.740406210082536,11.049211598343264,10.695214844786936,10.921170234680176,60187600
2022-11-14,10.829843301260698,10.921170801381844,10.700464248657228,10.700464248657228,57691600
2022-11-15,10.875506929889353,11.09621348014964,10.807011668463629,10.88311767578125,61835700
2022-11-16,10.730905390392245,10.78417915508676,10.533030370383166,10.578693389892578,47484200
2022-11-17,10.396039443736464,10.5863037109375,10.312323427456215,10.5863037109375,54317900
2022-11-18,10.71568535838078,10.753738363684546,10.517810311441758,10.64719009399414,37101900
2022-11-21,10.548251644094968,10.68524216083667,10.396040362048993,10.61674690246582,34087100
2022-11-22,10.69285285080268,10.768958128529716,10.63957835801305,10.708073616027832,28738800
2022-11-23,10.654801770666676,10.700465526179016,10.540643470586986,10.67763328552246,25974200
2022-11-25,10.624357171937548,10.738515446906405,10.57869342646964,10.715683937072754,12980900
2022-11-28,10.609136144848325,10.624357635935931,10.42648260660087,10.44931411743164,35249700
2022-11-29,10.540641717793848,10.57869399429222,10.434093456516711,10.4645357131958,28380800
2022-11-30,10.487366625073143,10.616746390017497,10.236217840369552,10.578693389892578,61537300
2022-12-01,10.723294682284177,10.928779722388237,10.654799426982615,10.715683937072754,45335100
2022-12-02,10.533032292040714,10.631969820095518,10.464537024479638,10.548253059387209,42417400
2022-12-05,10.464536323622603,10.47975781575039,10.175334505400953,10.182945251464844,39714500
2022-12-06,10.213385519370611,10.327543784877216,9.939405246674433,10.106837272644045,39996000
2022-12-07,10.04595487082446,10.2133876576484,9.96223884031284,9.969849586486816,36609800
2022-12-08,10.045954745608167,10.09161849628215,9.947017223981792,9.98507022857666,32376300
2022-12-09,9.924185793608286,10.167723863748144,9.924185793608286,10.030734062194824,41553600
2022-12-12,10.045954685111695,10.25144047320613,9.96984940218096,10.243829727172852,35473800
2022-12-13,10.487365257713298,10.593913499011007,10.17533200381349,10.327543258666992,57872100
2022-12-14,10.32754659117336,10.487368641791257,10.167724540555463,10.259051322937012,51199900
2022-12-15,10.068786731560714,10.091618970871808,9.855690911928937,9.91657543182373,55725300
2022-12-16,9.718700952165632,9.75675323215067,9.193571069083786,9.224013328552246,118345700
2022-12-19,9.224011909131978,9.262064909062016,8.78259885186498,8.896757125854492,88062500
2022-12-20,8.866315081371189,8.889147317351135,8.462955014466912,8.729325294494629,82057900
2022-12-21,8.835875924581032,8.972866485300402,8.790212888208492,8.965255737304688,49256000
2022-12-22,8.782598159155487,8.782598159155487,8.447733382944254,8.607555389404297,75158700
2022-12-23,8.577114368631255,8.67605115873166,8.53906136623844,8.645608901977539,38200700
2022-12-27,8.584722543637229,8.668439276071068,8.470564286791717,8.52383804321289,44837400
2022-12-28,8.508619735967587,8.561893507759644,8.29552319719795,8.333576202392578,49375400
2022-12-29,8.432514048093116,8.790211149322184,8.409682534423395,8.782600402832031,53550300
2022-12-30,8.676047929355239,8.858702127693537,8.668437912349779,8.851091384887695,39232200
2023-01-03,8.995694330036708,9.071800327313731,8.805430062644726,8.88914680480957,45809000
2023-01-04,9.041357528511003,9.19356878808852,8.934809283906471,9.140295028686523,53429700
2023-01-05,9.2164030404957,9.421888846475577,9.041360221298698,9.322951316833496,50785600
2023-01-06,9.22401228004337,9.581709332488302,9.208791514939668,9.574098587036133,53089100
2023-01-09,9.695867025039147,9.840468276687943,9.55126649919094,9.657814025878906,50865500
2023-01-10,9.65020646952388,9.794807032275706,9.513215927905788,9.77197551727295,47065500
2023-01-11,9.840470675747255,10.091619515312894,9.810028414157504,10.061177253723145,51911600
2023-01-12,10.099228781853215,10.297103090282535,9.977459027542,10.22099781036377,58113700
2023-01-13,9.612153532390687,9.756754096221716,9.490384483732818,9.680648803710938,96444000
2023-01-17,9.673035638342595,9.77958389218026,9.459939856467868,9.642593383789062,60774900
2023-01-18,9.733920141894696,9.779583886599234,9.43710761581669,9.44471836090088,48774400
2023-01-19,9.353392232707565,9.406666000314804,9.163127947480966,9.269676208496094,52918500
2023-01-20,9.292506566700393,9.45232857549575,9.193569063560352,9.43710708618164,44349200
2023-01-23,9.497992597853129,9.825247394763345,9.459940322138516,9.741531372070312,49688000
2023-01-24,9.650206416048306,9.817638492875082,9.604542660495056,9.69586944580078,41537400
2023-01-25,9.589321449430528,9.779585758143034,9.505604689084556,9.733922004699709,37739000
2023-01-26,9.88613281081876,9.94701732848995,9.673036998969586,9.83285903930664,48970900
2023-01-27,9.802415379690816,10.175333178586516,9.794804634619329,10.099227905273438,62114600
2023-01-30,9.90135485779464,10.045955413913832,9.787195836415629,9.810028076171877,64512600
2023-01-31,10.190556460234744,10.327546266601406,10.084008187904471,10.281883239746094,83093300
2023-02-01,10.289493835286674,10.647190201677915,10.266661596393067,10.49497890472412,70641000
2023-02-02,10.784180977677837,11.111435817939288,10.677632704480898,10.89833927154541,102579800
2023-02-03,9.931794934335372,10.35798648818882,9.72630917651988,10.068784713745115,165500200
2023-02-06,10.015510680604365,10.053563678335648,9.726308913967388,10.000289916992188,77262800
2023-02-07,9.954627395972212,10.28188220049414,9.878521391171551,10.236218452453612,70671100
2023-02-08,10.122059768991749,10.418871579163136,10.122059768991749,10.213386535644531,62028400
2023-02-09,10.396041428442553,10.601527224633198,10.198166378585052,10.266661643981934,78667100
2023-02-10,10.38801708312022,10.43655878637417,10.121035400554124,10.299022674560549,68205200
2023-02-13,10.28284030243722,10.59836439655581,10.274749762998107,10.5902738571167,64201900
2023-02-14,10.509370119202996,10.671177051949108,10.371834033479724,10.493189811706545,75352900
2023-02-15,10.31520309132084,10.468919503785116,10.193848069457278,10.460829734802246,65850000
2023-02-16,10.299021157576624,10.630726348217244,10.121033909786654,10.444647789001465,64145500
2023-02-17,10.371835690049938,10.46891986520371,10.234299582359654,10.428468704223633,54401000
2023-02-21,10.29093139694178,10.363744712708526,9.845961734022152,9.870232582092283,77724200
2023-02-22,9.902595360144218,9.959228375666354,9.821692264701314,9.878324508666992,52844700
2023-02-23,9.967318371669483,9.999679764893484,9.611343046205493,9.765059471130373,57952800
2023-02-24,9.562799008754356,9.692244560508756,9.506166772750891,9.61134147644043,50631600
2023-02-27,9.69224494820743,10.048221001327748,9.676064639369075,9.75696849822998,60378100
2023-02-28,9.765059471130373,9.854053881163724,9.71651776707261,9.765059471130373,59796800
2023-03-01,9.991590158833796,10.145306586275268,9.845963501163412,9.967318534851074,85328800
2023-03-02,10.015859556405996,10.153395652770996,9.894503768789386,10.153395652770996,78214100
2023-03-03,10.290931347771592,10.606454685844792,10.23429834047008,10.582183837890623,80080200
2023-03-06,10.582183685019556,10.663087539106492,10.460828675445482,10.501279830932615,50571200
2023-03-07,10.468918396015908,10.501279783192295,10.339472847310354,10.379924774169922,46540400
2023-03-08,10.339472894315074,10.525551450092498,10.28284065938802,10.501279830932615,46421000
2023-03-09,10.53364339480152,10.582185096483164,10.064402058688218,10.072492599487305,65423500
2023-03-10,10.056312152772769,10.121034935172952,9.708426618704468,9.78933048248291,73897400
2023-03-13,9.651794394508611,9.959227997245591,9.158282213366109,9.73269748687744,119167600
2023-03-14,9.878323197265548,9.95922705352448,9.522347927150228,9.651793479919434,93844200
2023-03-15,9.303907010646377,9.489984780512293,9.158280393146947,9.473804473876951,108909300
2023-03-16,9.328180117650165,9.619433423252625,9.23918648069189,9.562800407409668,74017200
2023-03-17,9.465715178636255,9.489986027556746,8.996474651206102,9.142101287841797,249885100
2023-03-20,9.16637226022501,9.287727278018382,9.020745621627858,9.04501724243164,74975100
2023-03-21,9.22300358476092,9.53043714046046,9.206823277385318,9.481895446777344,74794900
2023-03-22,9.51425883295636,9.659884716172186,9.279638540021256,9.287728309631348,69729100
2023-03-23,9.425263125116048,9.530437831126502,9.117830318693317,9.239185333251951,74225300
2023-03-24,9.158281197218397,9.31199836730957,9.045016726157892,9.31199836730957,72425300
2023-03-27,9.409083930324394,9.465716174281154,9.231095885887704,9.320090293884276,55941100
2023-03-28,9.344357575977169,9.42526064050378,9.2715442778139,9.384809494018556,41385900
2023-03-29,9.530440375951349,9.756970928565154,9.473808123576184,9.74888038635254,48655400
2023-03-30,9.934956029401954,10.023950430934056,9.870233249136644,9.94304656982422,57751300
2023-03-31,10.040131417753708,10.21811946127256,10.023951107373696,10.193848609924316,66868200
2023-04-03,10.137215822178549,10.299022787391824,10.096763887986112,10.25857162475586,55956300
2023-04-04,10.331384588102123,10.396107371907789,10.121035154955493,10.290932655334473,54655700
2023-04-05,10.177665659707465,10.234297892976397,9.88641318232342,10.056310653686523,53332900
2023-04-06,10.048221879101376,10.096763581413228,9.943047162017098,9.975408554077148,36355800
2023-04-10,9.870233789041208,10.290932655334473,9.837872397138376,10.290932655334473,61326200
2023-04-11,10.3475658758512,10.574095640572198,10.3475658758512,10.412288665771484,63633600
2023-04-12,10.56600185030958,10.582182155855056,10.234296713730824,10.25047779083252,53845500
2023-04-13,10.226209259336402,10.226209259336402,9.88641427892028,10.08058261871338,75485700
2023-04-14,10.07249163281644,10.242389115509765,10.048220784304926,10.129124641418455,43542000
2023-04-17,10.112944970285676,10.25857162475586,10.08058357724302,10.25857162475586,40191100
2023-04-18,10.274751822933574,10.323294297743985,10.210029037557335,10.299022674560549,38865900
2023-04-19,10.19384910941619,10.19384910941619,9.845963546300554,9.886415481567385,69451800
2023-04-20,9.554710707306668,9.651794886027142,9.344361267634076,9.603252410888672,79563100
2023-04-21,9.627522941124692,9.643704022815896,9.433354590168882,9.554710388183594,46926500
2023-04-24,9.619431435335814,9.854051676609553,9.611340895950717,9.837870597839355,57794700
2023-04-25,9.805105142350888,9.81329594791228,9.583936987146426,9.641277313232422,63114700
2023-04-26,9.665851715095254,9.714999675384217,9.42830115718462,9.452875137329102,58105300
2023-04-27,9.51021671295166,9.592131039159929,9.370962827113352,9.51021671295166,53280300
2023-04-28,9.493834614975402,9.780533203334238,9.477451436741388,9.731385231018066,55045000
2023-05-01,9.837873744510295,10.067232776064923,9.821490565945634,9.878830909729004,59834200
2023-05-02,9.87063755496421,9.903403125040068,9.551172660829986,9.665852546691896,91090400
2023-05-03,9.616705227693265,9.90340459428567,9.608513638660812,9.657662391662598,94050700
2023-05-04,9.665852685360486,9.69042666797172,9.395536533058436,9.46925926208496,79792900
2023-05-05,9.657661474972326,9.862446494188188,9.6003219195736,9.821489334106444,64173300
2023-05-08,9.846064567565918,9.878830140952456,9.706810685374906,9.846064567565918,49943800
2023-05-09,9.73957682730564,9.772342402604854,9.64947090933809,9.715002059936523,42878300
2023-05-10,9.846064649411336,9.86244704564434,9.608513263893174,9.73957633972168,49193100
2023-05-11,9.690426644499263,9.731383802880664,9.633087091481,9.72319221496582,43030800
2023-05-12,9.77234189142274,9.78053269892439,9.542982095132883,9.559365272521973,45155400
2023-05-15,9.58393800240811,9.60032117765184,9.493832882145965,9.5347900390625,53197000
2023-05-16,9.461068500354788,9.48564248511199,9.20713472055407,9.215326309204102,60514900
2023-05-17,9.297240005828549,9.534790592296424,9.27266524153706,9.420110702514648,50077500
2023-05-18,9.387344586640088,9.55117243311344,9.379152999018222,9.5347900390625,38181400
2023-05-19,9.551171781154508,9.641277676458856,9.452875079980188,9.542980194091797,43474200
2023-05-22,9.592130072242588,9.608512467117098,9.313622328640442,9.526598930358888,57417200
2023-05-23,9.44468501669592,9.755958344564249,9.44468501669592,9.608512878417969,56843800
2023-05-24,9.53479085586324,9.542981662993984,9.215325941978556,9.28085708618164,71391000
2023-05-25,9.28085547637875,9.436492502759837,9.28085547637875,9.321812629699709,51328900
2023-05-26,9.493832344889045,10.067230165693529,9.452875190290278,9.903402328491213,123257500
2023-05-30,10.362120028191429,10.468608315158818,10.247440935451724,10.31297206878662,86226900
2023-05-31,10.222868277371164,10.231059866021193,9.796915823077144,9.829681396484377,86275300
2023-06-01,9.887020880086936,9.977126792171967,9.698619029714385,9.91978645324707,64407800
2023-06-02,10.042658717363906,10.247443760795342,9.94436199025997,10.149147033691406,65261200
2023-06-05,10.370311615156472,10.386694789086562,10.23924934848668,10.31297206878662,49890200
2023-06-06,10.280207892757169,10.59148120880127,10.247442321657411,10.59148120880127,57258400
2023-06-07,10.665203876016898,11.14030504475079,10.632437523918036,11.132113456726074,99342000
2023-06-08,11.082964237163916,11.254983672383435,11.025624685821676,11.123921394348145,64254700
2023-06-09,11.32870567025338,11.492533507257765,11.222217380902348,11.254982948303224,70329500
2023-06-12,11.30413342094611,11.36966456578232,11.18126193848357,11.287750244140623,44584700
2023-06-13,11.38604503638986,11.607213198714463,11.37785423056478,11.574447631835938,61781100
2023-06-14,11.67274732553116,11.836575201931606,11.443388298570532,11.631790161132812,69748500
2023-06-15,11.566258377871314,11.877531716601252,11.566258377871314,11.83657455444336,61463400
2023-06-16,11.893913636640542,11.96763558330016,11.730085005327233,11.811999320983888,75398100
2023-06-20,11.713702564655144,11.81199927433928,11.451577224304645,11.648171424865724,56645800
2023-06-21,11.664553771840133,11.697319341601762,11.418811608031492,11.48434352874756,49984300
2023-06-22,11.394239081132708,11.713704013001127,11.377856684756145,11.623598098754885,46862500
2023-06-23,11.410620801485686,11.59083104457826,11.402429213747077,11.48434352874756,48260200
2023-06-26,11.47615093413351,11.6563611614151,11.459767760093692,11.558064460754396,44956300
2023-06-27,11.623597179236796,11.844765371770997,11.517109658230892,11.803808212280272,49813100
2023-06-28,11.787426066635684,12.115081787109377,11.77104289001557,12.115081787109377,58380800
2023-06-29,12.180612200898723,12.393588797033749,12.115081060732996,12.246143341064451,58488600
2023-06-30,12.328057878431917,12.475502555858323,12.2543351491223,12.39358901977539,54036900
2023-07-03,12.409972295668204,12.614757322205254,12.409972295668204,12.483695030212402,29412700
2023-07-05,12.459120198681854,12.631139640525303,12.385397469149972,12.573800086975098,52003900
2023-07-06,12.426354668411468,12.491885810166092,12.188804084252745,12.27071762084961,64841400
2023-07-07,12.278909208867146,12.483694222148555,12.237952049972296,12.27071762084961,53375500
2023-07-10,12.2543353347908,12.360823636385586,12.147847033196015,12.344440460205078,51882000
2023-07-11,12.344440680819478,12.491886144307772,12.26252714203153,12.475502967834473,45849700
2023-07-12,12.590180628789849,12.631137781523291,12.450926778211764,12.467309951782228,47636800
2023-07-13,12.508268546314236,12.51645935285089,12.352631504225776,12.442736625671388,49664300
2023-07-14,12.475502634131022,12.508268986201164,12.21337806711252,12.27071762084961,48747900
2023-07-17,11.943062612790447,11.984019774088305,11.5416841506958,11.5416841506958,99402100
2023-07-18,11.427002953533863,11.607213973999023,11.402428972031776,11.607213973999023,71710800
2023-07-19,11.582640830838004,11.680937545153776,11.517109687960822,11.549875259399414,58280800
2023-07-20,11.492535591125488,11.53349275310127,11.38604728246561,11.492535591125488,45952600
2023-07-21,11.574450471324234,11.59902445721353,11.2631771190191,11.410622596740724,57579800
2023-07-24,11.501707686490752,11.609355150749352,11.468585450541674,11.55967140197754,46687000
2023-07-25,11.47686506686722,11.47686506686722,11.228448699681506,11.245009422302246,58772700
2023-07-26,11.220168545289278,11.385779728860696,11.195327065177668,11.319535255432127,42019700
2023-07-27,11.452024817375356,11.576233014301014,11.344377344848104,11.369218826293944,67313500
2023-07-28,11.24500790352884,11.302971609417297,10.781296677028664,10.980030059814451,116696500
2023-07-31,10.77301702740155,10.946908952606131,10.690211047896,10.938628196716309,64507700
2023-08-01,10.888944545117388,11.12908094012184,10.855822310968373,11.112520217895508,59129900
2023-08-02,10.930348135769885,10.955189615322414,10.748175443093077,10.797859191894531,57997400
2023-08-03,10.756454131731262,10.880663085009267,10.648806688102155,10.847540855407717,51996300
2023-08-04,10.84754267355524,10.84754267355524,10.599125515058484,10.673650741577148,48412900
2023-08-07,10.70677359135829,10.731615071725091,10.58256461013144,10.71505355834961,43929200
2023-08-08,10.574283092693006,10.681929755064331,10.516318594074246,10.665369033813477,45103800
2023-08-09,10.574283607001444,10.623966562866778,10.48319687175442,10.541160583496094,42932600
2023-08-10,10.582564088376175,10.582564088376175,10.002924573651615,10.069169044494627,104063900
2023-08-11,10.036046025050767,10.10229049071872,9.936679326548838,10.052607536315918,64371700
2023-08-14,9.961521411619248,10.127132585895003,9.953241445177737,10.102291107177734,48099600
2023-08-15,9.986364550766243,10.060888993416008,9.911839318420038,9.920119285583496,42616400
2023-08-16,9.853874722750888,9.961522191886042,9.771069523975225,9.77935028076172,44838900
2023-08-17,9.837312871081224,9.911838094222924,9.75450689210237,9.795909881591797,36104900
2023-08-18,9.71310339785488,9.953240566475149,9.704823432144352,9.903556823730469,44519900
2023-08-21,9.96980320477,9.986364718768412,9.829033494569297,9.911839485168455,33456700
2023-08-22,9.944960154889538,9.961520876579442,9.804190466891882,9.829031944274902,32027500
2023-08-23,9.78762861712375,9.911837579137298,9.771067896006391,9.903556823730469,30437700
2023-08-24,9.845593007893608,9.87871523946338,9.72966480255127,9.72966480255127,33338200
2023-08-25,9.795910489218723,9.928399432045923,9.588896318627128,9.862154960632324,47610000
2023-08-28,9.895275283247337,9.98636200610318,9.812470104837574,9.853872299194336,29693500
2023-08-29,9.89527667709035,9.98636341277662,9.845593720985429,9.978082656860352,32009000
2023-08-30,9.99464242581722,10.060886887437013,9.944959474450512,9.961520195007324,30617900
2023-08-31,10.04432773590088,10.160255956692756,10.01120549991697,10.04432773590088,39025700
2023-09-01,10.069168257884744,10.160254990450422,9.969801559382814,10.052607536315918,34716900
2023-09-05,10.036046197170895,10.085729942122107,9.969801730366838,10.011204719543455,35202000
2023-09-06,9.936681396602738,10.027767358447528,9.795911680308482,9.99464511871338,41881500
2023-09-07,9.89527606832364,9.978082042999338,9.853873080985789,9.903556823730469,38559600
2023-09-08,9.91183904317992,10.234780654783846,9.91183904317992,10.185097694396973,49493500
2023-09-11,10.234780042454354,10.267902277296097,10.077449624380176,10.118852615356444,34673600
2023-09-12,10.12713250592703,10.42523340696584,10.1188525395509,10.30930519104004,49507700
2023-09-13,10.508037902266665,10.690210575307658,10.458354948516774,10.466635704040527,62579700
2023-09-14,10.441792487417176,10.516317700957607,10.276181340491906,10.4500732421875,43461600
2023-09-15,10.267901524183555,10.590843882476182,10.267901524183555,10.44179344177246,63982400
2023-09-18,10.350707736076124,10.367269247508084,10.1436935813546,10.218218803405762,47444100
2023-09-19,10.218219836657676,10.474916972239267,10.193378356694131,10.400392532348633,40900000
2023-09-20,10.474916717925728,10.491478230630278,10.226500344928589,10.234780311584473,37449600
2023-09-21,10.102291107177734,10.226500080156832,10.069168872322583,10.102291107177734,40140500
2023-09-22,10.350708350596143,10.57428403002328,10.276183124120433,10.292744636535645,65205500
2023-09-25,10.22649855491659,10.516317869249717,10.21821780001375,10.416951179504396,41219400
2023-09-26,10.342427594388536,10.483197291132353,10.243060888986378,10.292744636535645,41261000
2023-09-27,10.367269073591126,10.367269073591126,10.143693411188256,10.259621620178224,41616600
2023-09-28,10.20165832355104,10.483197728792588,10.0774501340369,10.400392532348633,49109800
2023-09-29,10.441793333677843,10.483196321188748,10.226499220074489,10.284462928771973,62364900
2023-10-02,10.251341206391407,10.301024162117647,10.12713223768312,10.193377494812012,51204000
2023-10-03,10.069170355539338,10.127134077649975,9.953242911318055,9.99464511871338,55074700
2023-10-04,9.953241354185067,10.002924311165408,9.837313138403667,9.928399085998535,45217900
2023-10-05,9.886994528497487,9.936678267300334,9.67998039792873,9.853872299194336,47425000
2023-10-06,9.787630329152911,10.060888987805658,9.679982859123584,9.936680793762209,57558500
2023-10-09,9.77107019793199,10.060889598181678,9.754508683216672,9.99464511871338,33328000
2023-10-10,10.01948591488804,10.1850970891638,10.01120515875016,10.102291107177734,40404600
2023-10-11,10.176816158236464,10.259622138800314,10.060887943386344,10.143693923950195,31321500
2023-10-12,9.837314080588158,9.994644512356292,9.804191842863474,9.936680793762209,51644000
2023-10-13,9.911839230559927,9.936680711222984,9.771069523975225,9.77935028076172,47221800
2023-10-16,9.862154956117022,9.903557948155663,9.787629728386744,9.878716468811035,29183000
2023-10-17,9.812470550190111,10.07744839664171,9.812470550190111,9.96980094909668,40516500
2023-10-18,9.87871523946338,9.87871523946338,9.72966480255127,9.72966480255127,44840100
2023-10-19,9.597175768929814,9.737945448950928,9.530931306531205,9.547492027282717,49057500
2023-10-20,9.588896572541602,9.737947032017262,9.555774335957723,9.638580322265623,53307500
2023-10-23,9.564054667905172,9.679982095953624,9.45640720636277,9.50609016418457,49073800
2023-10-24,9.522652192475418,9.580615909639803,9.423285481752288,9.43156623840332,47775600
2023-10-25,9.398442380618125,9.63857875420864,9.28251417658618,9.55577278137207,74213800
2023-10-26,9.86215550102425,9.878717014633324,9.38188266211114,9.398444175720217,84725900
2023-10-27,9.050660360018032,9.083782597807357,8.19776135497414,8.247445106506348,187029600
2023-10-30,8.346809768512994,8.39649350783463,8.015587472022894,8.090112686157227,106474700
2023-10-31,8.174211180842786,8.333994786980417,8.098523914037147,8.199440002441406,82238800
2023-11-01,8.275126400192065,8.350813659049017,8.20784901498804,8.333993911743164,75469700
2023-11-02,8.426502987677303,8.535828163979719,8.384454411094124,8.527419090270996,66914000
2023-11-03,8.628332291126547,8.947900242873043,8.619922418236202,8.880622863769531,60912400
2023-11-06,8.880624549811472,8.914263245749744,8.611514180295517,8.670382499694824,48435500
2023-11-07,8.61992402863536,8.653562724471595,8.451730549454187,8.55264663696289,50430800
2023-11-08,8.5694667320199,8.586286483196426,8.434911930647203,8.45173168182373,38700600
2023-11-09,8.443320870386549,8.468549692345123,8.148981673500616,8.157391548156738,59356900
2023-11-10,8.249898641483773,8.300356285866538,8.132162801240987,8.291946411132812,45069700
2023-11-13,8.266717331441983,8.300356027319284,8.191030065215612,8.258307456970215,34458300
2023-11-14,8.401272120975742,8.796527399324795,8.392862246497943,8.746068954467773,67684000
2023-11-15,8.754477020886409,8.889031776702552,8.737658077414194,8.804935455322266,45193700
2023-11-16,8.74606834449885,8.771297966172682,8.493778543838276,8.544236183166504,45408100
2023-11-17,8.628334624042349,8.678792271007833,8.569466299902832,8.636744499206543,36501200
2023-11-20,8.653563380251114,8.771299225605015,8.628334556964504,8.695611953735352,46933100
2023-11-21,8.645152903812033,8.678791599857613,8.493779172611807,8.569465637207031,47284300
2023-11-22,8.611514296209734,8.729250134583342,8.552646778027821,8.628334045410156,41116300
2023-11-24,8.645152866763503,8.855394916649843,8.645152866763503,8.746068954467773,22028100
2023-11-27,8.720840777021962,8.7628893505062,8.661973255349928,8.695611953735352,32247600
2023-11-28,8.687201756961732,8.746069276453985,8.611514487894663,8.720840454101562,38510600
2023-11-29,9.149733035016892,9.21701041893535,8.880623499343056,8.905852317810059,77246800
2023-11-30,8.9815407585212,8.99835970571184,8.561056652628032,8.628334045410156,80525700
2023-12-01,8.653562090247002,8.914262565378262,8.594694577350468,8.897442817687988,61619800
2023-12-04,8.846986885481726,9.074047909039216,8.830167134546425,8.998360633850098,54196100
2023-12-05,8.9479014657555,8.981540159904554,8.863804329377999,8.914262771606445,41551100
2023-12-06,9.040408627603725,9.149734595620576,8.97313123221025,8.989950180053711,47223500
2023-12-07,9.006770320488439,9.149734992401736,8.981541496624283,9.099276542663574,40523200
2023-12-08,9.090866429468235,9.309517547962267,9.074046680809596,9.25905990600586,48961200
2023-12-11,9.267469142007377,9.376794292719376,9.233829647007123,9.30951690673828,39700900
2023-12-12,9.326335854329198,9.418842051616624,9.292697164223805,9.38520336151123,40206200
2023-12-13,9.275878872270338,9.494530793236509,9.082456574345484,9.452482223510742,68066700
2023-12-14,9.645905194390147,10.200944061716896,9.645905194390147,10.158895492553713,110777600
2023-12-15,10.150485303998352,10.242992313694732,10.032750276398929,10.108437538146973,85298200
2023-12-18,10.083210644199331,10.15889792642429,10.015933238223804,10.032752990722656,43424400
2023-12-19,10.066388970285868,10.150485303998352,9.999111582511988,10.108437538146973,35722900
2023-12-20,10.066389376048802,10.209354031333444,9.915014846451005,9.92342472076416,54981100
2023-12-21,10.03274952345767,10.394365255101178,10.007519903428612,10.377546310424805,66424600
2023-12-22,10.360727142782094,10.47846297013542,10.327088449539673,10.385956764221191,43764600
2023-12-26,10.41959508207528,10.512101284656774,10.402775335055182,10.470052719116213,26293700
2023-12-27,10.453234412468566,10.470053358506089,10.285040140034951,10.419595718383787,39891300
2023-12-28,10.411185001787215,10.453233566492647,10.327087872376357,10.377546310424805,26688500
2023-12-29,10.385955553186276,10.41959424250632,10.226171177408856,10.251399993896484,40964700
2024-01-02,10.125255422450524,10.411184691514633,10.041158295545912,10.226171493530272,47494800
2024-01-03,10.108437798153645,10.11684687033438,9.788869797003006,9.847737312316896,70120100
2024-01-04,9.889785243441846,9.940242881311107,9.78045929204552,9.822507858276367,54920300
2024-01-05,9.797278898770228,10.1252567751018,9.78045995234822,9.965473175048828,44443800
2024-01-08,9.965473001062875,10.13366647239526,9.915014558658294,10.066389083862305,41514400
2024-01-09,9.93183390208307,10.007520359591188,9.89819520918734,9.95706272125244,49536700
2024-01-10,9.948652267456056,9.973881085154426,9.847736194652915,9.948652267456056,37539200
2024-01-11,9.88137600706908,9.898195755450043,9.730001479679371,9.847737312316896,48692000
2024-01-12,9.79727863667197,9.898195520543286,9.595446472948794,9.637495040893556,55030100
2024-01-16,9.502940265078104,9.671133734847418,9.402024183216517,9.637495040893556,45207700
2024-01-17,9.393613594387086,9.511349415270969,9.343155156291234,9.477710723876951,52671300
2024-01-18,9.460891867735176,9.511350310580715,9.217011131669503,9.242239952087402,71667200
2024-01-19,9.200191354389466,9.435663017580229,9.107685145142211,9.418843269348145,61143300
2024-01-22,9.444072089686534,9.587036741620306,9.368385628671366,9.418843269348145,45479600
2024-01-23,9.55339871141982,9.637495854408098,9.452482621039762,9.561808586120604,45465200
2024-01-24,9.62067672477044,9.62908660001299,9.250651036206513,9.275879859924316,59064600
2024-01-25,9.32633709055101,9.553398078357338,9.275878647699749,9.536579132080078,49356700
2024-01-26,9.587036658398054,9.67113379480898,9.502940323996858,9.578627586364746,35837000
2024-01-29,9.570217797377476,9.7215923234586,9.502940408454696,9.71318244934082,58249600
2024-01-30,9.898196647581369,9.98229299103662,9.77205092938376,9.90660572052002,70213300
2024-01-31,9.889787419772816,10.08320974418536,9.856148719787598,9.856148719787598,74558900
2024-02-01,9.94024377520802,10.209354142079937,9.772050297169177,10.175715446472168,81065800
2024-02-02,10.116846438830242,10.25140121209995,10.041159178363603,10.20935344696045,73130900
2024-02-05,10.100026129296568,10.158893634150331,9.704770934683696,9.746819496154783,81026800
2024-02-06,9.788870209123711,10.17571561606528,9.77205046003462,10.15048599243164,98636800
2024-02-07,10.705523586421249,10.91576561256787,10.259810715553126,10.764391899108888,137224000
2024-02-08,10.823261003881248,10.848489826171935,10.545741552654276,10.78962230682373,68653900
2024-02-09,10.77280386875353,10.86531008953394,10.629839198995729,10.663477897644045,47649600
2024-02-12,10.663476900732151,10.991453981388704,10.629838205228666,10.915766716003418,54036500
2024-02-13,10.739165170105212,10.84849033920486,10.495283602392623,10.663477897644045,67907700
2024-02-14,10.697115819984647,10.755983337844626,10.528922338949153,10.56256103515625,52978800
2024-02-15,10.666198479514764,10.838930268631774,10.63165212169136,10.813020706176758,57811800
2024-02-16,10.72665640393002,10.804385929467967,10.588470946818248,10.623017311096191,43228600
2024-02-20,10.528014026943367,10.648926711850324,10.450285326271338,10.579833984375,44591000
2024-02-21,10.545286782144515,10.640289068956552,10.407101338181478,10.484830856323242,41835800
2024-02-22,10.47619470379536,10.571196996444108,10.40710197756895,10.467557907104492,36980500
2024-02-23,10.450284495332482,10.58846993929552,10.441647699172238,10.484830856323242,32152100
2024-02-26,10.476194981349746,10.597107667274535,10.320735931396484,10.320735931396484,40241300
2024-02-27,10.38119380749716,10.510742480684408,10.329373844032034,10.363920211791992,36508800
2024-02-28,10.338009599890588,10.709382809965902,10.329372802908528,10.623017311096191,51447900
2024-02-29,10.683472030910751,10.769838343634769,10.640288874548745,10.74392795562744,43098500
2024-03-01,10.821658108693113,10.91666122300602,10.640289500227851,10.752565383911133,48761400
2024-03-04,10.856202831037802,11.253486350341698,10.856202831037802,11.00302505493164,81871700
2024-03-05,10.9252973905305,11.003026913207757,10.795748735168582,10.86484146118164,47896200
2024-03-06,10.813021784233143,10.85620411808006,10.64892595047405,10.692109107971191,48834500
2024-03-07,10.718019485473633,10.769839443128385,10.58847082681218,10.718019485473633,38971000
2024-03-08,10.73529268062034,10.813022202391084,10.484831345831424,10.51937770843506,54723800
2024-03-11,10.476195981658163,10.57119828589508,10.433012816586706,10.458922386169434,35135400
2024-03-12,10.48483277940253,10.502105551240891,10.389829651515246,10.458922386169434,31245200
2024-03-13,10.467556728625947,10.77847396164052,10.458919932907444,10.6834716796875,50595300
2024-03-14,10.657563790729268,10.683473358305593,10.372556076438803,10.433012008666992,52619900
2024-03-15,10.40710130963737,10.59710670639052,10.38119174487792,10.415738105773926,88254000
2024-03-18,10.484831345831424,10.528013681348275,10.346645071766629,10.51937770843506,36599200
2024-03-19,10.45892146303824,10.666200472356191,10.45892146303824,10.623017311096191,32668700
2024-03-20,10.588470650405236,11.158486056859468,10.588470650405236,11.141212463378906,67721500
2024-03-21,11.158486366271973,11.279399053037874,11.046210476485845,11.158486366271973,55822500
2024-03-22,11.115302575675509,11.193032096791809,11.098029806344243,11.14984893798828,33137500
2024-03-25,11.158486056859468,11.279398740272594,11.003027010135488,11.141212463378906,39063500
2024-03-26,11.193031463952002,11.193031463952002,10.7352919832752,10.74392795562744,67140200
2024-03-27,10.82165765252918,11.288033936973568,10.81302168003315,11.27939796447754,53555800
2024-03-28,11.288034654557034,11.486676860297312,11.270761884816729,11.469403266906738,61846400
2024-04-01,11.51258610367759,11.555769262291996,11.34849108932314,11.478039741516112,35898300
2024-04-02,11.36576417751409,11.547132789863792,11.30530824794761,11.469403266906738,42653400
2024-04-03,11.44349395677878,11.814867986491391,11.426220363001317,11.788957595825195,57498900
2024-04-04,12.004871942794932,12.048055101310071,11.374400628884734,11.408946990966797,67812400
2024-04-05,11.460767293861718,11.57304235629939,11.30530824794761,11.469403266906738,46937400
2024-04-08,11.52986021045066,11.69395523211856,11.52986021045066,11.581679344177246,29900500
2024-04-09,11.633499489904509,11.737138582685914,11.52122360014541,11.693955421447754,35497900
2024-04-10,11.452129769151346,11.478039333939863,11.184394854169284,11.27939796447754,51395000
2024-04-11,11.322580944434137,11.348491334352364,11.149849129897245,11.262125015258787,38383100
2024-04-12,11.158486789663694,11.158486789663694,10.795749539252776,10.890751838684082,52356300
2024-04-15,11.003026823981005,11.072119549433769,10.51937774581165,10.562560081481934,59484400
2024-04-16,10.484831643670162,10.57983393761629,10.31209900209498,10.441648483276367,56392200
2024-04-17,10.484832437556534,10.57983473869601,10.381193338954288,10.398466110229492,43646600
2024-04-18,10.433010874396825,10.510740392325394,10.3466445603317,10.415738105773926,39902100
2024-04-19,10.381191773350965,10.56255955081479,10.381191773350965,10.484830856323242,39623800
2024-04-22,10.631653639006684,11.1412122837119,10.579833683050934,11.123939514160156,86462700
2024-04-23,11.270760512925824,11.270760512925824,11.072118331364516,11.17575740814209,62807100
2024-04-24,11.175759946168982,11.270763072528029,11.037574479083483,11.184396743774414,74510400
2024-04-25,11.098029997361303,11.383037697259743,10.908024589545594,11.262125015258787,86944100
2024-04-26,11.020300722152204,11.244852497913207,10.890751240605342,11.046210289001465,57257800
2024-04-29,11.063484350102168,11.089393918046111,10.838932564853808,11.011664390563965,50285600
2024-04-30,10.882115929233384,10.882115929233384,10.476195513540386,10.493468284606934,75890500
2024-05-01,10.502104294460857,10.735292863750988,10.49346749775005,10.536650657653809,48749400
2024-05-02,10.709382711201842,10.838932193787118,10.674836347242492,10.78711223602295,46868600
2024-05-03,10.916662979691722,11.02030208354207,10.700747974090898,10.735294342041016,47463300
2024-05-06,10.830294116834263,10.899386836586782,10.761201397081749,10.795747756958008,29780300
2024-05-07,10.839455045629796,10.883162693727911,10.568469127998778,10.63840103149414,48102900
2024-05-08,10.559729011301588,10.708334536872975,10.5072804926612,10.620919227600098,38177200
2024-05-09,10.612177213067806,10.68210911944271,10.542245306692902,10.603435516357422,29103800
2024-05-10,10.62091908574987,10.63840248083261,10.41112334668195,10.48105525970459,51447800
2024-05-13,10.53350333350192,10.883162856198672,10.53350333350192,10.778264999389648,60962300
2024-05-14,10.874422073364258,11.049252683055602,10.804490162949373,10.874422073364258,39980400
2024-05-15,10.918131510166203,10.979322567020445,10.6471455214341,10.760785102844238,50739900
2024-05-16,10.725816684889985,10.909387312438188,10.717074988248427,10.821972846984863,41502200
2024-05-17,10.813231712021183,10.821973409116811,10.70833384783598,10.73455810546875,24011300
2024-05-20,10.72581793218922,10.778266450829609,10.612178363596149,10.620919227600098,27019100
2024-05-21,10.62966092525822,10.664626882236536,10.51602135666515,10.620919227600098,32851000
2024-05-22,10.54224586636471,10.559728427059516,10.46357225910276,10.516020774841309,35403000
2024-05-23,10.577212848094598,10.682110723407826,10.498539233196126,10.58595371246338,43590100
2024-05-24,10.62965965270996,10.725816648129358,10.524761794333042,10.62965965270996,40840400
2024-05-28,10.585953493385269,10.60343688906942,10.192586260687918,10.21006965637207,57460100
2024-05-29,10.113912067299806,10.183843978716856,10.052721853223424,10.10517120361328,45759500
2024-05-30,10.122654098765697,10.297483883079044,10.03523878978194,10.288743019104004,42218900
2024-05-31,10.288741937670352,10.620918076124108,10.192584941164297,10.603435516357422,57205800
2024-06-03,10.708334092856589,10.769524306617871,10.50728005698143,10.655884742736816,53784100
2024-06-04,10.559728427059516,10.603436079277726,10.454830561928292,10.516020774841309,41533100
2024-06-05,10.533504682106244,10.594694897998844,10.332449805574017,10.550987243652344,45509800
2024-06-06,10.47231363255948,10.577212336452744,10.45483107101338,10.550987243652344,28289900
2024-06-07,10.489797097344956,10.62966092525822,10.446089442708518,10.620919227600098,31934000
2024-06-10,10.603435432870436,10.944354099004409,10.577211176599848,10.821972846984863,68322800
2024-06-11,10.769525202675077,10.80449116111282,10.53350519163387,10.58595371246338,48201800
2024-06-12,10.734558400889949,10.813232009607525,10.516020969409633,10.559728622436523,57116200
2024-06-13,10.559728674456728,10.568470371835998,10.358674636658376,10.437347412109377,41422300
2024-06-14,10.314966444041556,10.341190701153945,10.096429022912092,10.236292839050291,49382100
2024-06-17,10.192585143204226,10.393640003257998,10.192585143204226,10.35867404937744,31970100
2024-06-18,10.323708535983815,10.437347265703732,10.288742580611352,10.297483444213867,29023400
2024-06-20,10.236293374311025,10.463572504247187,10.183844023689543,10.437347412109377,53468000
2024-06-21,10.402382144706104,10.411123842663926,10.280001707913408,10.349933624267578,50178700
2024-06-24,10.4286069493207,10.708334606978555,10.419865251605346,10.690851211547852,58436900
2024-06-25,10.638402870479014,10.67336882827101,10.516021601379927,10.56847095489502,38818900
2024-06-26,10.498539233196126,10.603437108509354,10.44608987871241,10.58595371246338,41426600
2024-06-27,10.559729080434275,10.821974176315608,10.533504820942396,10.690851211547852,48080200
2024-06-28,10.717074208626418,11.031767761943094,10.717074208626418,10.961835861206056,65914700
2024-07-01,10.979322119027437,11.250308096702408,10.953097024165288,11.154151916503906,56152700
2024-07-02,11.215341126784772,11.320238995820104,11.119184955249256,11.250307083129885,46990400
2024-07-03,11.267790478129518,11.328980693319922,11.18911686793948,11.250307083129885,26894300
2024-07-05,11.250307205908832,11.328980816957468,11.14540933572871,11.224082946777344,31589300
2024-07-08,11.337723292563629,11.538777349125276,11.29401563524242,11.346464157104492,44346200
2024-07-09,11.328979612147387,11.425135774506312,11.259047706131064,11.276530265808104,40680900
2024-07-10,11.32023720765682,11.547516304825738,11.285271256834989,11.512550354003906,36305500
2024-07-11,11.582483321850772,11.835986697058324,11.582483321850772,11.77479648590088,51443400
2024-07-12,11.82724459258771,12.42166662444847,11.82724459258771,12.26431941986084,85609700
2024-07-15,12.421667296031371,12.613980463852188,12.342993689484036,12.439149856567385,65643300
2024-07-16,12.474115965993969,12.648945730108842,12.404183226693942,12.57901382446289,52040100
2024-07-17,12.491600053064104,12.788811105229705,12.482858355375898,12.65768814086914,58087100
2024-07-18,12.6839118391049,12.981122858586692,12.631462492397606,12.718877792358398,58077000
2024-07-19,12.666430065863066,12.675171763708146,12.203130917578289,12.220613479614258,75908600
2024-07-22,12.255577372106908,12.39544116992858,12.05452253749776,12.342991828918455,59116800
2024-07-23,12.290544795549987,12.299285658721626,11.862210821284137,12.089489936828612,85897700
2024-07-24,12.002075439766577,12.133198399972766,11.87969501062578,11.949626922607422,81768700
2024-07-25,10.314967435875849,10.472313827333894,9.746769586111792,9.755511283874512,259484000
2024-07-26,9.799217860153275,9.930339977540976,9.659354045965303,9.781734466552734,79599900
2024-07-29,9.77299518345148,9.77299518345148,9.44081815422342,9.6243896484375,91667500
2024-07-30,9.64187046206584,9.711802367779596,9.423333048296824,9.47578239440918,69337000
2024-07-31,9.493265592047743,9.6243885493143,9.37088516565058,9.45829963684082,75478000
2024-08-01,9.493266287907964,9.545715641389972,9.274728843432284,9.344660758972168,60516500
2024-08-02,9.22227941607977,9.22227941607977,8.74149691881417,8.767721176147461,110703000
2024-08-05,8.356873002572158,8.65408325378373,8.29568194567643,8.487995147705078,115594200
2024-08-06,8.557926497259707,8.619116716408891,8.461770319503248,8.549184799194336,111817600
2024-08-07,8.744491678863826,8.859900464199649,8.655714778378593,8.673470497131348,69482400
2024-08-08,8.700104169723275,9.099598571842131,8.700104169723275,8.993066787719727,73007600
2024-08-09,8.948677805458125,9.02857685050246,8.851023887425775,8.96643352508545,48860800
2024-08-12,8.966433738768838,8.966433738768838,8.735614457948724,8.753369331359863,56118700
2024-08-13,8.806635850022921,9.010821555523847,8.673471333099654,9.001944541931152,44766100
2024-08-14,9.019699837482577,9.090721029380912,8.922045910282211,9.037455558776855,37026400
2024-08-15,9.206131707863513,9.32154136927026,9.206131707863513,9.286030769348145,41597900
2024-08-16,9.232762865014791,9.339295493176689,9.20613013129399,9.33041763305664,34142600
2024-08-19,9.374805247825249,9.543480341810389,9.357049529174567,9.516847610473633,41066300
2024-08-20,9.499093375761626,9.578992428892908,9.419194322630348,9.481338500976562,32468000
2024-08-21,9.62337960201996,9.738789235964692,9.54348055954751,9.632257461547852,48943900
2024-08-22,9.632258411482578,9.774300791379938,9.623380551079151,9.694401741027832,50885400
2024-08-23,9.747666471380017,10.013996336821728,9.712155879097075,10.005119323730469,64612700
2024-08-26,10.049508004796982,10.093896461561794,9.82756656761232,9.863077163696287,53070300
2024-08-27,9.871954705542342,9.960731616204734,9.756545060336975,9.889710426330566,44841000
2024-08-28,9.854198237652424,9.93409642835923,9.74766562343156,9.800931930541992,35442200
2024-08-29,9.7831789574869,9.942976216545071,9.756545375444375,9.863077163696287,44989200
2024-08-30,9.898587648030304,9.969608839396454,9.818689442722926,9.93409824371338,44977100
2024-09-03,9.83644422431069,9.889710540651736,9.712156717274498,9.74766731262207,49613500
2024-09-04,9.756544643407391,9.907464877100516,9.632257989758465,9.721034049987791,47900700
2024-09-05,9.836444237868236,9.8897105542827,9.51684887929959,9.561237335205078,50551900
2024-09-06,9.570114899735536,9.650013955634906,9.348173454077036,9.39256191253662,47508900
2024-09-09,9.419193585431726,9.55235894577473,9.35705025858859,9.463582038879396,39223300
2024-09-10,9.312661485268514,9.312661485268514,9.028576747584143,9.161741256713867,63019200
2024-09-11,9.152865396391944,9.28602992229298,8.993067287999176,9.277152061462402,55840200
2024-09-12,9.232764211455535,9.454705666987056,9.152865998641335,9.428072929382324,43779600
2024-09-13,9.48133924042284,9.57899317595518,9.436950780039243,9.490216255187988,35184800
2024-09-16,9.534604278492946,9.694402389892751,9.507971542139453,9.587870597839355,34802400
2024-09-17,9.667768265846638,9.889709679094032,9.60562409442264,9.676645278930664,52068600
2024-09-18,9.703279703417136,9.996242326694452,9.6944018429204,9.74766731262207,55017300
2024-09-19,9.960731626655065,10.04063067700717,9.650013285650065,9.694401741027832,52436400
2024-09-20,9.641135004150792,9.658890724182127,9.490214770441748,9.658890724182127,68809100
2024-09-23,9.62337970903437,9.694400892768703,9.507970073806256,9.68552303314209,40421300
2024-09-24,9.738789877822091,9.765422611521773,9.596747502571342,9.650012969970703,37746300
2024-09-25,9.40144000702929,9.40144000702929,9.161742833378607,9.25051975250244,74109600
2024-09-26,9.374806712347986,9.543481832683382,9.374806712347986,9.481338500976562,51408500
2024-09-27,9.623381409951635,9.756545941330309,9.55236021366442,9.570115089416504,45469600
2024-09-30,9.303784367390456,9.419194012936709,9.259396758567515,9.37480640411377,59662900
2024-10-01,9.516848140288475,9.60562419856636,9.392560642732269,9.54348087310791,63963000
2024-10-02,9.52572580116686,9.52572580116686,9.25939676158496,9.303784370422363,51457400
2024-10-03,9.2416414647795,9.294907783123556,9.170620271413693,9.277152061462402,44458300
2024-10-04,9.401439880566905,9.419194756169173,9.26827450367241,9.383684158325195,45883000
2024-10-07,9.365927480797168,9.419192943995586,9.277150579947437,9.312661170959473,38009100
2024-10-08,9.321539030372302,9.392560212396376,9.215007257336188,9.312661170959473,46355700
2024-10-09,9.312663270909196,9.481339251231253,9.268274810475,9.428072929382324,40407000
2024-10-10,9.392561587133052,9.499093375761626,9.357050990923526,9.481338500976562,39458300
2024-10-11,9.44582642914944,9.587868791797824,9.4369485698241,9.516847610473633,31915700
2024-10-14,9.507970905752703,9.72991233600217,9.463582450374938,9.694401741027832,41940200
2024-10-15,9.68552303143318,9.783177794030127,9.605623988086329,9.623379707336426,53097100
2024-10-16,9.667769419281512,9.92522145549881,9.667769419281512,9.7920560836792,46996400
2024-10-17,9.800932461497869,9.880831503172352,9.712155560384154,9.82756519317627,37617200
2024-10-18,9.90746487629024,9.916342736304244,9.800933096040158,9.854199409484863,26074900
2024-10-21,9.836443691298848,9.907464878145534,9.641135004150792,9.658890724182127,41008600
2024-10-22,9.694402043957275,9.89858775978026,9.694402043957275,9.863077163696287,51597600
2024-10-23,9.863075997516324,9.978485632803393,9.783177800753856,9.81868839263916,37335400
2024-10-24,9.978486061096191,9.987363921108392,9.827565827446074,9.978486061096191,44736400
2024-10-25,10.013996008203646,10.058384458760502,9.783177589258688,9.82756519317627,39120700
2024-10-28,9.916344815212542,10.111653543269446,9.87195635247604,10.093897819519045,97967000
2024-10-29,9.348173794489709,9.365929517175886,9.03745626723672,9.241641998291016,156228000
2024-10-30,9.23276244483808,9.34817208122847,9.170619120104526,9.294906616210938,48853700
2024-10-31,9.259395482923397,9.303783085631164,9.09071954473257,9.13510799407959,72098700
2024-11-01,9.170621471291987,9.241642673950162,9.055211805312572,9.072967529296877,43472300
2024-11-04,9.081842631887032,9.383683102932231,9.081842631887032,9.19725227355957,55323800
2024-11-05,9.17062118808513,9.44582897486624,9.143988449570664,9.410318374633787,49309000
2024-11-06,9.721034669614934,9.969608839396454,9.623380743146326,9.93409824371338,100781800
2024-11-07,9.907103603827933,9.99708586276502,9.745134336341527,9.862112045288086,55407900
2024-11-08,9.835117839521349,9.871110916137695,9.772129311835764,9.871110916137695,45463400
2024-11-11,9.961093981370382,10.186050942887457,9.916103275581133,10.105066299438477,56630500
2024-11-12,10.024081684325555,10.168053990475434,9.853113927165598,9.988088607788086,44921400
2024-11-13,10.006084716985503,10.051076277192998,9.916102454713146,9.988088607788086,55150900
2024-11-14,10.015083950507773,10.105066219517305,9.916103197154474,9.96109390258789,56780900
2024-11-15,9.943097570618315,10.03307983762402,9.880109039757375,9.9071044921875,58895400
2024-11-18,9.943097203013092,10.14105955613508,9.925100235391708,10.087069511413574,47727300
2024-11-19,9.952094643756244,10.186049191315195,9.907103087560944,9.943096160888672,53227700
2024-11-20,9.907103755613733,9.943096831368534,9.547172139923092,9.6551513671875,68633300
2024-11-21,9.70014268194237,9.763131206532726,9.547171899304155,9.7181396484375,53409500
2024-11-22,9.727138632205266,10.240040189712005,9.718140148494676,10.06007480621338,82556700
2024-11-25,10.168055293336636,10.366017668729508,10.150058323690583,10.258037567138672,63469300
2024-11-26,10.042077793522973,10.105065462927886,9.934098563910563,9.988088607788086,47458800
2024-11-27,10.015083200655528,10.132060913937964,9.952095531250617,9.988088607788086,28474200
2024-11-29,10.042077906158504,10.141059511353737,10.006084829217324,10.01508331298828,28935200
2024-12-02,10.09606718300839,10.123061774126136,9.8621117716077,9.880107879638672,50034400
2024-12-03,9.88910626112128,9.907103227109925,9.736135482788086,9.736135482788086,43904300
2024-12-04,9.76313184393733,9.781127953464772,9.529176413082,9.66415023803711,66780700
2024-12-05,9.574169458059306,9.61916016792256,9.349212476171903,9.394203186035156,68162000
2024-12-06,9.45719051361084,9.538175154023952,9.376205873197728,9.45719051361084,56227000
2024-12-09,9.502182503099643,9.71814098181623,9.475187049653035,9.538175582885742,53230100
2024-12-10,9.646153350337276,9.66414945841294,9.493182570052497,9.50218105316162,45084300
2024-12-11,9.547172920651482,9.547172920651482,9.250229806855929,9.367207527160645,60487100
2024-12-12,9.34021320833427,9.457190932091397,9.313218613049612,9.34921169281006,38432600
2024-12-13,9.358209319143135,9.394202398903582,9.286223159622244,9.34921169281006,40560700
2024-12-16,9.06126590420742,9.10625746699193,8.890298995397501,8.989279747009277,96264400
2024-12-17,8.96228542819654,9.03427158760834,8.890299268784736,8.971283912658691,76208600
2024-12-18,8.944287732066366,9.079262413596554,8.69233619460971,8.719330787658691,84199500
2024-12-19,8.809315758188433,8.953288095533413,8.728331103896176,8.764324188232422,81659000
2024-12-20,8.72832956338611,8.962284999351052,8.71033345346563,8.890298843383789,87705500
2024-12-23,8.88130008461737,8.926291645240806,8.773320854006714,8.908294677734375,50646600
2024-12-24,8.908295309472997,9.052268485306486,8.89929768322435,9.016275405883787,29083100
2024-12-26,8.998279219180315,9.106258466833344,8.98028224883342,9.061266899108888,35922700
2024-12-27,9.02527141571045,9.178242190395588,8.98027985995437,9.02527141571045,52899900
2024-12-30,8.953286515319478,8.980281109271534,8.836308797337006,8.890298843383789,47116700
2024-12-31,8.91729316148759,9.00727628273446,8.854305491500368,8.908294677734375,54104200
2025-01-02,8.91729360566444,8.962285168528936,8.674340539224453,8.683338165283203,67156200
2025-01-03,8.719331079354536,8.953286515319478,8.575358767420008,8.890298843383789,77245900
2025-01-06,9.052268628476815,9.169245494843654,8.908295450366255,8.926292419433594,63840800
2025-01-07,8.9532859642728,9.007276006996664,8.74632599314032,8.782319068908691,62404000
2025-01-08,8.764324188232422,8.773322673852189,8.620351850887442,8.764324188232422,61678800
2025-01-10,8.701335133686076,8.854305932539756,8.629348976359955,8.683338165283203,73373400
2025-01-13,8.692336964861024,8.746327013885832,8.611352320395172,8.73732852935791,66023000
2025-01-14,8.800315856933594,8.836308935479925,8.710333589639106,8.800315856933594,45419900
2025-01-15,8.971283138330426,9.052267775214446,8.899296985131883,8.953286170959473,68674400
2025-01-16,8.917294355413889,9.0522690553558,8.89929824364062,9.007277488708496,45770000
2025-01-17,9.070263730022514,9.187241441514272,9.03427065403602,9.16024684906006,60802700
2025-01-21,9.26822659712929,9.40320042511738,9.214236551048453,9.385204315185549,65670800
2025-01-22,9.223233746151667,9.223233746151667,9.016273791073273,9.02527141571045,64949200
2025-01-23,9.043270258018676,9.151249499356652,8.971284097126688,9.142251014709473,56241100
2025-01-24,9.1422486022592,9.2772232619217,9.079260942635536,9.106255531311035,42909100
2025-01-27,9.097258900020606,9.37620590023198,9.08826127405973,9.34021282196045,73082600
2025-01-28,9.20523865286244,9.20523865286244,8.926292495095975,9.07026481628418,92177600
2025-01-29,9.088261752018058,9.259228668263438,9.025273218123258,9.18724250793457,69986900
2025-01-30,9.232234144895818,9.349211870880978,9.052268742665854,9.142251014709473,69663100
2025-01-31,9.151249461488227,9.31321875189632,8.989280171080134,9.07026481628418,103652400
2025-02-03,8.746326911618247,9.052268516848551,8.63834767297391,8.899297714233398,131430300
2025-02-04,8.944288643185148,9.142251014709473,8.908295562739156,9.142251014709473,68716500
2025-02-05,9.14225133050765,9.286223657264816,8.962285922061191,9.007277488708496,124187800
2025-02-06,8.539366036282729,8.674340727810664,8.332406044006348,8.332406044006348,222758300
2025-02-07,8.39539293806704,8.413389905188186,8.260419117228938,8.314408302307129,140852700
2025-02-10,8.323406785867702,8.368398345527945,8.206429074008122,8.314408302307129,72168000
2025-02-11,8.28741455078125,8.33240611500727,8.251421471028975,8.28741455078125,54844600
2025-02-12,8.251420248896896,8.35939947216073,8.188432583195304,8.30540943145752,67339600
2025-02-13,8.359400114753473,8.467379346317744,8.314408553732697,8.413390159606934,72059800
2025-02-14,8.485375246689513,8.557361392011249,8.449382174028644,8.530365943908691,53778300
2025-02-18,8.660460389365335,8.688338046753186,8.57682918957494,8.632583618164062,62175800
2025-02-19,8.613999580949175,8.725507554290662,8.558245151185133,8.679045677185059,50191700
2025-02-20,8.669753305279606,8.734799402871616,8.623291427205334,8.725507736206055,39787800
2025-02-21,8.716214767338393,8.744091538377782,8.576829139768304,8.623291015625,58437700
2025-02-24,8.651168005469135,8.734798312135762,8.55824426092421,8.688337326049805,72562600
2025-02-25,8.706921763029344,8.818429727586064,8.651168223844246,8.75338363647461,88876800
2025-02-26,8.790552190706036,8.939229463804297,8.771967088475527,8.799844741821289,87948100
2025-02-27,8.771968360357002,8.855599560147397,8.632583618164062,8.632583618164062,70518800
2025-02-28,8.660459403409444,9.004275829705046,8.651167738191221,8.874183654785156,137992600
2025-03-03,9.022862337982806,9.125077760796913,8.66046075242743,8.725507736206055,154435900
2025-03-04,8.576828601214457,8.613998808515092,8.41885965111935,8.474613189697266,167500000
2025-03-05,8.604706163751088,8.985691922602413,8.548951739588855,8.967106819152832,157774900
2025-03-06,8.846308001721813,9.032154622307022,8.753384248335914,8.929938316345215,136680700
2025-03-07,8.864892242699463,9.255170589990795,8.83701547108911,9.199416160583496,150644900
2025-03-10,9.07861581378547,9.42243225746498,9.07861581378547,9.255169868469238,167183800
2025-03-11,9.218001513905604,9.25517083911544,8.8184306032599,9.004277229309082,210127000
2025-03-12,9.013569484344544,9.022862036886629,8.790553540454104,8.911354064941406,129994600
2025-03-13,8.892768726387247,9.245877738036578,8.827722632673563,8.855599403381348,137747600
2025-03-14,8.976399640462677,9.097200157953386,8.95781542264147,9.0414457321167,91313800
2025-03-17,9.050738025444252,9.273753950043982,9.050738025444252,9.218000411987305,98583100
2025-03-18,9.245877265930176,9.329508459969777,9.18083117553783,9.245877265930176,102730900
2025-03-19,9.25516964600138,9.552524209347128,9.2458770943502,9.450308799743652,124697400
2025-03-20,9.357385467478352,9.431724111586869,9.283046823369837,9.301631927490234,109103700
2025-03-21,9.208708129236769,9.4038472905082,9.13436948553208,9.292339324951172,240638600
2025-03-24,9.329509487525572,9.524648666381836,9.301632715170854,9.524648666381836,102847200
2025-03-25,9.57110972123733,9.61757159529017,9.450309203174555,9.561817169189451,83674900
2025-03-26,9.543233001624364,9.61757164602646,9.375970608626378,9.571109771728516,139742100
2025-03-27,9.53394096465412,9.664033156293502,9.125077512164822,9.199416160583496,229032500
2025-03-28,9.143662048948084,9.190123922868104,8.93923033541191,9.032154083251951,136868300
2025-03-31,8.892768530641787,9.39455482326952,8.87418431264119,9.320216178894045,139951900
2025-04-01,9.385263802218516,9.4503098989697,9.115785976295117,9.23658561706543,135388700
2025-04-02,9.14366158607938,9.543232440903417,9.125076482977564,9.431723594665527,136908500
2025-04-03,9.283046114994344,9.478185262435058,8.855598500894995,8.864891052246094,220271000
2025-04-04,8.660460414784653,9.041446205004393,8.5489524434657,8.902061462402344,177466200
2025-04-07,8.613998259166358,8.957814679092033,8.363104693006656,8.58612060546875,274938500
2025-04-08,8.846307726904593,8.846307726904593,7.944950537334436,8.075042724609375,199286800
2025-04-09,7.898488596866005,8.864891872093914,7.842734169789573,8.827722549438477,199663000
2025-04-10,8.456028123716697,8.623289608853177,8.251596435009413,8.493197441101074,163535400
2025-04-11,8.465320417082692,8.688337224137266,8.400274328376126,8.66975212097168,146073700
2025-04-14,8.71621527648192,9.11578619152859,8.54895286810208,9.022862434387209,189955000
2025-04-15,8.93923130076725,8.948523853792073,8.716215345291303,8.781261444091797,125469000
2025-04-16,8.799845407940653,8.939230140474628,8.63258301995067,8.734798431396484,133804900
2025-04-17,8.744090861516131,9.004276105512037,8.734798309826795,8.948522567749023,129204600
2025-04-21,8.902060145529731,8.94852201491955,8.688336786997592,8.799844741821289,94138900
2025-04-22,8.874183960464451,9.032153795039855,8.855598857014872,8.967106819152832,121387100
2025-04-23,9.143662218110514,9.30163206064919,9.0228616981582,9.087907791137695,158691500
2025-04-24,9.171539038621315,9.375970757056695,9.125077163587836,9.34809398651123,87031000
2025-04-25,9.338800378952708,9.385262248735849,9.264461741774268,9.329507827758787,88682400
2025-04-28,9.348094809766463,9.459602787955014,9.264463604578392,9.310925483703612,77051500
2025-04-29,9.357384954631264,9.46889291468266,9.227292777664548,9.431723594665527,141980300
2025-04-30,9.39455478953261,9.41313989365301,9.16224630514686,9.301631927490234,136406200
2025-05-01,9.422433031591618,9.58969454814268,9.310925058495377,9.459602355957031,126532500
2025-05-02,9.571110626177664,9.654741830142733,9.496771975139078,9.552525520324709,82228700
2025-05-05,9.50606233727773,9.51535488892891,9.385262710558395,9.450308799743652,105766300
2025-05-06,9.375971030240738,9.868464793097491,9.34809425888304,9.701202392578123,131814000
2025-05-07,9.71978792825484,9.766249806700614,9.403848218247532,9.552525520324709,116885100
2025-05-08,9.60827995169696,9.71978792825484,9.533941300658372,9.552525520324709,107173400
2025-05-09,9.626864709453187,9.747665245689648,9.617573042193978,9.691911697387695,76350700
2025-05-12,9.955891728086211,10.116165666667372,9.880467481712955,9.946463584899902,102035800
2025-05-13,9.99360466003418,10.02188819403714,9.823901657781756,9.99360466003418,83671000
2025-05-14,9.965319522722458,10.087882693564232,9.88046802759221,10.040742874145508,84453100
2025-05-15,9.984174526268127,10.163304738084134,9.946462855405963,10.135021209716797,71096500
2025-05-16,10.153878752978832,10.191590428514244,10.031315582709428,10.182162284851074,64913000
2025-05-19,10.07845325386497,10.172732880578964,10.021886197130296,10.135021209716797,60195700
2025-05-20,10.172734252318058,10.21987407203161,10.050171080709736,10.106739044189451,61063800
2025-05-21,10.050171364646587,10.078454897626871,9.85218483554999,9.880468368530272,89090500
2025-05-22,9.880468904093568,9.899325193180715,9.74847847695293,9.84275722503662,94081100
2025-05-23,9.71076596651688,9.814472850265368,9.701337822780488,9.767333030700684,80519000
2025-05-27,9.852185242021076,9.889896920589758,9.625915170608978,9.720194816589355,89066800
2025-05-28,9.72962103137628,9.748477318222118,9.569346189655626,9.588202476501465,102335600
2025-05-29,9.62591445424157,9.69190966204602,9.53163481527755,9.635342597961426,101642200
2025-05-30,9.59763164004517,9.86161339012451,9.541063672612356,9.786190032958984,152191600
2025-06-02,9.682482703553529,9.69190994843468,9.314793179669634,9.409071922302246,170340800
2025-06-03,9.399643817132253,9.644769244836132,9.324220470282256,9.607057571411133,121584300
2025-06-04,9.60705787482177,9.776760860152438,9.5976306305057,9.654197692871094,123191200
2025-06-05,9.616485996903917,9.663625814848576,9.456211155362412,9.522207260131836,133191400
2025-06-06,9.578774107678882,9.757905232030213,9.569345964477815,9.673053741455078,105916700
2025-06-09,9.701338114807342,9.852184822661258,9.701338114807342,9.748477935791016,63638900
2025-06-10,9.786189979405364,10.040743583666668,9.767333690658502,9.99360466003418,87955500
2025-06-11,10.031315510364411,10.1538786797499,10.003031079578887,10.0501708984375,93094900
2025-06-12,9.974748312462053,9.984176456779885,9.833329744163926,9.927608489990234,76393300
2025-06-13,9.8710418341463,9.90875351387365,9.786190329980412,9.833330154418944,90106200
2025-06-16,9.89932472314484,10.059599576306097,9.89932472314484,10.012459754943848,75195200
2025-06-17,9.98417505724554,10.021886730113286,9.786188549910577,9.82390022277832,100969400
2025-06-18,9.833330154418944,9.927608904178644,9.805045720285404,9.833330154418944,82770200
2025-06-20,9.889896044439768,9.993603825654134,9.86161251279824,9.984175682067873,116743400
2025-06-23,9.946462855405963,10.135021209716797,9.937034712911132,10.135021209716797,77576500
2025-06-24,10.172734077313692,10.248157427910934,10.10673887032042,10.116166114807127,77244400
2025-06-25,10.144451006737274,10.153879150769804,9.823901302569704,9.880468368530272,91927300
2025-06-26,9.89932460480607,10.040743168084951,9.871041071973751,10.02188777923584,88416400
2025-06-27,10.087882646453911,10.29529731145731,10.06902725824484,10.182162284851074,182008200
2025-06-30,10.106739232420065,10.2387296511355,10.07845480059479,10.229302406311035,88472200
2025-07-01,10.191591674676236,10.728983341543948,10.172735385044271,10.70069980621338,140150700
2025-07-02,10.728981608071514,11.106098348606606,10.719553464778828,11.096671104431152,122331600
2025-07-03,11.077816187639815,11.275802725681478,11.077816187639815,11.134384155273438,60311500
2025-07-07,10.93639671820738,11.115526952606686,10.823260792240454,10.926968574523926,73842100
2025-07-08,10.983535409017843,11.17209468228014,10.97410816464853,11.01181983947754,74190200
2025-07-09,11.106098478610791,11.21923350209564,11.08724309092194,11.153238296508787,63886900
2025-07-10,11.181523619068455,11.285231414883226,11.106100257994468,11.228663444519045,67263000
2025-07-11,11.172094277949055,11.181521521977189,11.04010297126582,11.106098175048828,65340700
2025-07-14,11.087243391417624,11.219233806168637,11.00239189672496,11.20037841796875,62098100
2025-07-15,11.21923408136639,11.247518513035912,10.860973604725311,10.90811252593994,65101900
2025-07-16,10.700698366111183,10.794977104230826,10.512139091637392,10.596990585327148,107978100
2025-07-17,10.54985099626542,10.700698598950234,10.47442764448165,10.512139320373535,70345300
2025-07-18,10.530995488310772,10.596990695592952,10.417860461919636,10.521567344665527,68812600
2025-07-21,10.61584788592648,10.794978134837608,10.568708062807548,10.66298770904541,65515600
2025-07-22,10.59699028113245,10.644130098397715,10.446143585177392,10.549850463867188,79403800
2025-07-23,10.634702333852635,10.804405322404287,10.634702333852635,10.728981971740724,76163200
2025-07-24,10.662987409379593,10.776122442215147,10.587563155038572,10.61584758758545,63557800
2025-07-25,10.69127101255129,10.832689579738918,10.596991368347991,10.813834190368652,52312300
2025-07-28,10.82326009475221,10.832688237828084,10.606418198710392,10.6347017288208,54173600
2025-07-29,10.64413159880696,10.64413159880696,10.427289667584578,10.446145057678224,58371500
2025-07-30,10.49328481845919,10.49328481845919,10.201018631268472,10.24815845489502,79866900
2025-07-31,10.153878957069985,10.512139432298731,10.069027460630492,10.436716079711914,101090900
2025-08-01,10.29529701544718,10.29529701544718,10.06902696874042,10.201017379760742,73541500
2025-08-04,10.26701367869371,10.389576847758718,10.238729247982144,10.323580741882324,56696800
2025-08-05,10.35186475613068,10.465000686017367,10.27644140228442,10.427289009094238,58864300
2025-08-06,10.47442688004348,10.615846328655016,10.446143349968056,10.568706512451172,59519800
2025-08-07,10.653558970337814,10.738410467395369,10.465000587497302,10.634702682495115,71775000
2025-08-08,10.662986581655591,10.719553644123645,10.568706945385848,10.67241382598877,48465300
2025-08-11,10.796623541762264,11.054595484497751,10.567314945732637,10.64375114440918,84333000
2025-08-12,10.70107796988846,10.815732269318284,10.63419652301891,10.74885082244873,63944100
2025-08-13,10.767960302853757,10.978159395722855,10.691523192220645,10.930386543273926,63823300
2025-08-14,10.796623649846566,10.939941296001988,10.720187450404826,10.930386543273926,52469200
2025-08-15,10.920832701737238,11.006823653907038,10.901723196281116,10.930386543273926,46141400
2025-08-18,10.892168662894646,10.968604863875624,10.863505315324629,10.949496269226074,37113800
2025-08-19,11.006824113860512,11.207468462386082,10.978159854478507,11.0641508102417,58020200
2025-08-20,11.006823207828155,11.083259404172129,10.95905035731534,10.978158950805664,46469900
2025-08-21,10.91127781635877,10.92083256897067,10.701077814853738,10.825286865234377,51779300
2025-08-22,10.882614746610049,11.245687154378022,10.882614746610049,11.217022895812988,58538700
2025-08-25,11.197914144956604,11.322123196763476,11.159696045261516,11.293458938598633,45038800
2025-08-26,11.283906268276526,11.341232968173667,11.24568816461461,11.312569618225098,48613300
2025-08-27,11.29345889259882,11.446331290756492,11.28390505110749,11.379449844360352,40381500
2025-08-28,11.45588595527616,11.45588595527616,11.111923062068488,11.188359260559082,47723700
2025-08-29,11.217022274090626,11.303013222636766,11.197913680631112,11.245686531066896,44069700
2025-09-02,11.236132223157131,11.360341274726393,11.121477924291206,11.197914123535156,57704200
2025-09-03,11.150141206846913,11.207467900353278,11.054595502747816,11.102368354797363,47728700
2025-09-04,11.131032319443769,11.178805174145229,11.054596116397995,11.159696578979492,33136700
2025-09-05,11.18835954843934,11.379450049582644,11.140586695355664,11.217022895812988,47547800
2025-09-08,11.226577137937614,11.226577137937614,11.064149991557253,11.169249534606934,39734500
2025-09-09,11.150140848175273,11.159695600516102,10.939940852633676,10.978158950805664,41262700
2025-09-10,10.978159216618629,11.006823474335166,10.8061782262762,10.911277770996094,47021300
2025-09-11,10.94949640883606,11.264795969700623,10.920833060900572,11.236132621765137,64196100
2025-09-12,11.226578028846689,11.283905636726724,11.140587072622342,11.159696578979492,50100800
2025-09-15,11.217023275668112,11.236132782025264,11.092814217920882,11.159696578979492,47942400
2025-09-16,11.169250650109504,11.255241608097998,10.99726964532395,11.092814445495604,58065000
2025-09-17,11.111923505248024,11.350786862855614,11.035487303708909,11.140586853027344,68585900
2025-09-18,11.169250042729317,11.25524099604165,11.102368595127004,11.217022895812988,55040100
2025-09-19,11.245686910946008,11.27435025769919,11.07370500804418,11.102368354797363,71676300
2025-09-22,11.083260157468704,11.178804953796902,11.054595898497988,11.140586853027344,58432700
2025-09-23,11.1788046857449,11.398559443294,11.1788046857449,11.207468032836914,55667600
2025-09-24,11.207468011629812,11.30301371667756,11.073705117992612,11.111923217773438,60193800
2025-09-25,11.025932155994632,11.131031701550548,10.863505005740988,11.102368354797363,67656300
2025-09-26,11.131031804124808,11.771185658390324,11.131031804124808,11.474995613098145,117681800
2025-09-29,11.560986408490388,11.580095002512229,11.360341159708607,11.551431655883787,83325000
2025-09-30,11.570540857424945,11.656531813016633,11.379450351216423,11.427223205566406,70765000
2025-10-01,11.58009491299027,11.732967308748607,11.503658715111102,11.723413467407228,73578400
2025-10-02,11.73296679651211,11.876285344672082,11.580094407427858,11.675640106201172,74530500
2025-10-03,11.704304134641047,12.105594635009766,11.656531282465464,12.105594635009766,100778600
2025-10-06,12.067376822342936,12.229803976885911,11.924058262409575,12.134258270263672,90544900
2025-10-07,11.943167611620298,11.971830958754602,11.217022802147854,11.389004707336426,154390200
2025-10-08,11.446331497184955,11.47499575574999,11.159696201065689,11.217022895812988,78469700
2025-10-09,11.226578131965969,11.245687638498646,10.96860526092338,10.987714767456056,70320500
2025-10-10,11.035487674477666,11.073705776531272,10.844397164209642,10.901723861694336,84595400
2025-10-13,10.978159459286184,11.111923264679405,10.949496112127417,11.02593231201172,73939400
2025-10-14,10.873060040203622,11.236132449522604,10.834841939811698,11.13103199005127,89117900
2025-10-15,11.15969641980957,11.255241216658328,11.121478318831786,11.236132621765137,88960700
2025-10-16,11.217022895812988,11.26479574889666,11.121478100837027,11.217022895812988,108701200
2025-10-17,11.217022802147854,11.474995659930713,11.197914207788775,11.389004707336426,107633500
2025-10-20,11.398559194214664,11.54187683773435,11.379449689109984,11.455885887145996,77878900
2025-10-21,11.713858758265877,12.067376402564395,11.532322104236872,12.000494956970217,297153200
2025-10-22,11.971831303582976,12.038713663744618,11.732967944470516,11.876286506652832,415062200
2025-10-23,11.914503693770891,11.93361228721465,11.646976096027611,11.790294647216797,479840300
2025-10-24,12.162921578668056,13.3476845099708,12.143812984119878,13.223475456237791,298366900
2025-10-27,13.18525728376748,13.18525728376748,12.621539624215826,12.669312477111816,140859000
2025-10-28,12.650202617598122,12.68842071660752,12.459112122551137,12.545103073120115,96738500
2025-10-29,12.51643985881018,12.79352130735159,12.487775600856976,12.650202751159668,127512200
2025-10-30,12.554658092956656,12.697975739495265,12.478221893310549,12.478221893310549,80766300
2025-10-31,12.459112122551137,12.583321172129516,12.411339270991547,12.545103073120115,68862000
2025-11-03,12.51644044125724,12.51644044125724,12.32534902410899,12.430449485778809,80419400
2025-11-04,12.33490347680727,12.354012982533275,12.182031075764764,12.22024917602539,70360600
2025-11-05,12.344457607871917,12.717084750037086,12.306239509536358,12.525993347167969,79134300
2025-11-06,12.554658670204203,12.669312974945028,12.401785352691691,12.53554916381836,82291000
2025-11-07,12.52588455535642,12.79650525909133,12.516219299790656,12.767510414123535,80011300
2025-11-10,12.7868398200187,12.796505075445758,12.564544475573328,12.71918487548828,62051200
2025-11-11,12.748180033345742,12.98980589458355,12.748180033345742,12.854496002197266,79742400
2025-11-12,12.85449556760492,13.047796065714047,12.85449556760492,12.999470710754396,61840500
2025-11-13,12.95114532236986,13.047796032039724,12.806170179594544,12.835165023803713,71481600
2025-11-14,12.738515102247948,12.864160654809073,12.661194904014865,12.74817943572998,67932400
2025-11-17,12.73851477247725,12.73851477247725,12.351912869590606,12.448563575744627,73404400
2025-11-18,12.438898639507828,12.651529645457298,12.332583597397829,12.583874702453612,70215400
2025-11-19,12.593539154171422,12.709519452579286,12.42923350099458,12.467893600463867,49619300
2025-11-20,12.477559237001426,12.57420994949244,11.965312672949867,11.994307518005373,95861900
2025-11-21,12.09095818669995,12.506554036755103,12.071627675579965,12.400238990783691,74048900
2025-11-24,12.40990432601986,12.545214217810486,12.400239070397811,12.525884628295898,52936200
2025-11-25,12.554878510080934,12.815834861475643,12.545213255200514,12.728849411010742,52885000
2025-11-26,12.728849847036445,12.815835300481028,12.6805244927084,12.74817943572998,44942200
2025-11-28,12.767510080072494,12.893155633951524,12.738515235863328,12.835165023803713,29536200
2025-12-01,12.75784497546702,12.941481141663145,12.6901900309366,12.71918487548828,51594000
2025-12-02,12.74817997722593,12.74817997722593,12.438899171156493,12.525884628295898,57641700
2025-12-03,12.554878606049671,12.699854665175849,12.525883762916216,12.651529312133787,45364700
2025-12-04,12.74817928278786,12.796504636536136,12.622534653463584,12.699854850769045,47554800
2025-12-05,12.70951857469855,12.835164119727429,12.564543442134912,12.593538284301758,54099400
2025-12-08,12.632198986829676,12.71918443923068,12.516218690871488,12.699854850769045,45580800
2025-12-09,12.690189175083644,12.777174624601695,12.622534235116015,12.641863822937012,33350000
2025-12-10,12.641864607768552,12.970475916691168,12.632199352393302,12.960810661315918,72210700
2025-12-11,12.94148034758796,13.221766285668144,12.85449489754076,13.17344093322754,59012300
2025-12-12,13.21210206754142,13.3764077256943,13.21210206754142,13.299087524414062,48337300
2025-12-15,13.337747020068395,13.347412275222396,13.038130562400625,13.192770957946776,53577300
2025-12-16,13.260427292092968,13.521382738390011,13.115451224835056,13.212101936340332,69408900
2025-12-17,13.17344035123438,13.202435192726,12.844829075231404,12.86415958404541,58320600
2025-12-18,12.931814725194222,13.018800172769044,12.806169181111636,12.873824119567873,52604800
2025-12-19,12.864160342758638,13.028465068721236,12.83516457782749,13.018800735473633,61640600
2025-12-22,13.057461555779543,13.154111345706797,12.970476099634372,13.009136199951172,31106100
2025-12-23,12.980141324656197,12.999470913904442,12.835165257511616,12.844830513000488,25440800
2025-12-24,12.854495434712176,12.931815633156477,12.806170080252125,12.912485122680664,14227600
2025-12-26,12.893154425537029,12.93181452143565,12.815834233739784,12.86415958404541,22471400
2025-12-29,12.825500690220307,12.864160789742357,12.796504924281662,12.835165023803713,24398300
2025-12-30,12.835164839308751,12.844830094482704,12.757844641376067,12.786839485168455,23002800
2025-12-31,12.767510281781034,12.777175537246611,12.680524826049805,12.680524826049805,26302300
2026-01-02,12.738514706301888,12.941480450787392,12.622534412557236,12.893155097961426,46366900
2026-01-05,12.80616973462579,13.028465068721236,12.757844381469992,13.018800735473633,50135200
2026-01-06,13.057460681221936,13.39573630590466,12.87382452571953,13.337746620178224,84534700
2026-01-07,13.337747155805213,13.357076744580466,13.134781404152957,13.279756546020508,50609000
2026-01-08,13.424732291714768,14.014299022205645,13.424732291714768,13.917648315429688,154276800
2026-01-09,13.869324130985373,13.927313818701023,13.618033026272297,13.724348068237305,68436200
2026-01-12,13.676021716312231,13.71468181254554,13.492386489636363,13.560041427612305,53444000
2026-01-13,13.589037961229485,13.6566929030397,13.492387254303928,13.511716842651367,58867500
2026-01-14,13.53104802466764,13.64702832570011,13.328082267428446,13.376407623291016,65318600
2026-01-15,13.453727149559606,13.656692896624362,13.328081599307188,13.347412109375,44241500
2026-01-16,13.299086766736115,13.337746865173685,13.134781117944083,13.14444637298584,60750800
2026-01-20,13.018801187830556,13.15411107529299,12.78683966896878,12.835165023803713,67018100
2026-01-21,12.960810251271337,13.308752059936523,12.960810251271337,13.308752059936523,58160100
2026-01-22,13.31841693053534,13.376407541562005,13.241096730319448,13.250761985778809,38170300
2026-01-23,13.241096207720018,13.241096207720018,13.096121068469472,13.105786323547363,39702100
2026-01-26,13.105786440064533,13.202436226514344,12.893155435107806,12.989805221557615,59171000
2026-01-27,13.183106316871616,13.482721845817878,13.057460767990156,13.46339225769043,100003700
2026-01-28,13.415067254249385,13.424732509429615,13.299086957275003,13.35707664489746,48751800
2026-01-29,13.42473372331194,13.618034235747732,13.337748262283444,13.531048774719238,84803900
2026-01-30,13.444062517445207,13.51171746235838,13.328082216852849,13.415067672729492,66996300
2026-02-02,13.395736541085624,13.434396639491794,13.28942150090102,13.347412109375,54218100
2026-02-03,13.357076509102544,13.569707512258596,13.154110761028464,13.27009105682373,76638000
2026-02-04,13.260426858283545,13.531047551223768,13.231431092742849,13.35707664489746,70488700
2026-02-05,13.289421364375665,13.357076305459064,13.07679036446141,13.26042652130127,79719900
2026-02-06,13.318416110449784,13.415066815633098,13.21210107213169,13.337746620178224,55588200
2026-02-09,13.289422239684807,13.318417084668951,13.076791225765591,13.13478183746338,59778000
2026-02-10,13.183105765334687,13.27975554538731,13.115449905395508,13.115449905395508,80827700
2026-02-11,13.163775902494091,13.415067002079674,13.067126117696947,13.386072158813477,129595000
2026-02-12,13.434398057636567,13.878989697103666,13.38607362082478,13.531048774719238,133257200
2026-02-13,13.560356569872518,14.009763233272906,13.53104770296069,13.794829368591309,87400200
2026-02-17,13.765520960872824,13.843678563052956,13.609205756512567,13.80459976196289,57684800
2026-02-18,13.78506052759482,13.81437032854028,13.491969971837444,13.531048774719238,64199300
2026-02-19,13.452889881139946,13.628744011417808,13.37473135114615,13.462658882141112,58268500
2026-02-20,13.462658877137915,13.716671537315175,13.404041144304436,13.687362670898438,67701100
2026-02-23,13.658054177479716,13.716672847624915,13.25749621524267,13.325884819030762,59134400
2026-02-24,13.45288993403016,13.999993124153224,13.413810203023589,13.872986793518066,73560800
2026-02-25,13.921836461446707,14.156309272975951,13.82413899078679,14.097691535949709,58968700
2026-02-26,14.117230504896078,14.459170721313352,13.970685230267035,14.07815170288086,61456300
2026-02-27,13.99022392428606,14.234466665599504,13.706902381630954,13.765521049499512,73157000
2026-03-02,13.609205466535483,13.609205466535483,12.915556063182636,13.08164119720459,110305500
2026-03-03,12.769009921561423,12.876477321542552,12.387991850245331,12.407530784606934,102354700
2026-03-04,12.651772810292035,12.847166801503828,12.514997482299805,12.514997482299805,73976700
2026-03-05,12.407530617955889,12.45637935077192,11.958123953130142,12.055821418762209,71944300
2026-03-06,11.889736208151216,12.036281473925063,11.752959943506768,11.870196342468262,59877700
2026-03-09,11.665032325955329,11.91904498770159,11.52825699402432,11.90927505493164,69611200
2026-03-10,11.90927542710238,12.22190676352615,11.90927542710238,11.958124160766602,56746300
2026-03-11,11.987433761484272,12.202366695308276,11.752960030121232,11.831117630004885,50074500
2026-03-12,11.655263180771064,11.909274907664203,11.57710558300209,11.76272964477539,51733900
2026-03-13,11.83111862854846,11.850658496024575,11.3817119254316,11.401251792907717,48546500
2026-03-16,11.547796980500516,11.606415650751572,11.37194283317166,11.440330505371094,49441400
2026-03-17,11.586874787636797,11.752959918743665,11.567335853707087,11.665032386779783,59520100
2026-03-18,11.596644574784737,11.733420837422866,11.43055944576417,11.518486976623535,55564800
2026-03-19,11.411020365044338,11.479408029626171,11.21562544044702,11.371941566467283,47423400
2026-03-20,11.371942791107774,11.41102159389321,11.108160173521965,11.254706382751465,147725100
2026-03-23,11.65526379446382,11.733421396348083,11.450099856589608,11.489178657531738,44442200
2026-03-24,11.411020881081289,11.606414882802795,11.401250948067188,11.567336082458496,31903900
2026-03-25,11.67480341558819,11.733422086304374,11.391481859169655,11.401251792907717,37746100
2026-03-26,11.293784055129908,11.4500992506259,11.22539545831637,11.332862854003906,28517600
2026-03-27,11.274245161375502,11.284015094863925,11.030002414437808,11.108160018920898,33064600
2026-03-30,11.147238215993104,11.186317016113112,10.854146749237003,10.951844215393066,41459900
2026-03-31,11.09839018463116,11.32309399831258,11.010463577585888,11.274245262145996,38287900
2026-04-01,11.352402564426695,11.420790234207926,11.313323762878548,11.41102123260498,33991700
2026-04-02,11.2058565247354,11.352401787584876,11.098389129047863,11.332862854003906,31109100
2026-04-06,11.332863292388826,11.362172159750052,11.235165825568608,11.342632293701172,24374600
2026-04-07,11.274245318288107,11.342632990234582,11.088621237985324,11.254706382751465,41991600
2026-04-08,11.68457269722738,11.95812430464134,11.68457269722738,11.899506568908691,58140000
2026-04-09,11.792039025335502,11.987433959992396,11.68457255664389,11.958124160766602,32576200
2026-04-10,12.055821395129216,12.133978994796822,11.792038797466985,11.85065746307373,28362700
2026-04-13,11.752960399113435,11.889736669060056,11.645493928827452,11.879966735839844,32688600
2026-04-14,12.221907168558392,12.45637997986254,12.163288499876291,12.417301177978516,50232200
2026-04-15,12.407531244579475,12.46614991326158,12.202367301760315,12.417301177978516,39926500
2026-04-16,12.37822151710741,12.456379115451709,12.133978789353456,12.153517723083496,37407700
2026-04-17,12.34891315631906,12.739701164042533,12.329373290076834,12.573616027832031,45735000
2026-04-20,12.514998292529562,12.62246476172549,12.45637962551499,12.573616027832031,26029000
2026-04-21,12.573615742202083,12.72993094174052,12.485688209533691,12.485688209533691,32210000
2026-04-22,12.544306729313393,12.583385528743474,12.29029406716182,12.33914279937744,23958300
2026-04-23,12.319603728489597,12.407531265807116,12.085130916784296,12.192597389221191,30844500
2026-04-24,12.163287797646332,12.17305773048132,12.006972599134867,12.094900131225586,35043500
2026-04-27,12.094900360829747,12.35868203039734,12.094900360829747,12.202366828918455,35098200
2026-04-28,12.231676340687756,12.231676340687756,11.958123812812694,12.114439010620115,44278000
2026-04-29,12.085130495608745,12.094900428684008,11.860427625150257,11.958124160766602,48672800
2026-04-30,11.284014954715618,11.811579244280164,11.20585735120325,11.801809310913086,80557900
2026-05-01,11.7822708291197,11.792039831150436,11.50871827459154,11.606415748596191,52880500
2026-05-04,11.577106773879558,11.60641564312976,11.196087746778296,11.235166549682615,51014800
2026-05-05,11.293785261183006,11.518488145776292,11.293785261183006,11.420790672302246,42262100
2026-05-06,11.665032379359891,11.967893774630385,11.665032379359891,11.88973617553711,52111200
2026-05-07,11.938585369967829,12.016742972086105,11.78227016573128,11.899506568908691,38986700
2026-05-08,12.006972718608845,12.085130318642276,11.899506251490898,12.03628158569336,38453500
2026-05-11,12.055821574075445,12.104670307520786,11.733421237733117,11.772500038146973,48850800
2026-05-12,11.792285376658636,11.901106461773582,11.67357120831787,11.86153507232666,42165300
2026-05-13,11.841749807500433,13.790641910197277,11.841749807500433,13.424606323242188,216261200
2026-05-14,13.602678636113962,14.77992822659138,13.483964463049915,14.324856758117676,187021600
2026-05-15,13.830213385126486,13.899464024434955,13.147606679488336,13.256427764892578,108272300
2026-05-18,13.840106605589488,13.840106605589488,12.880500163572956,12.890392303466797,69708800
2026-05-19,12.751892958110387,13.088249302168602,12.5837143143531,12.920071601867676,41418200
2026-05-20,12.910179045905243,13.167393563742875,12.78157178698643,13.078357696533203,42349000
2026-05-21,13.028892873554147,13.65214298394347,12.999214566427906,13.52353572845459,72523100
2026-05-22,13.642249710588825,14.789820967036778,13.622464487265423,14.77003574371338,109712200
2026-05-26,14.621642829561711,15.383393294746336,14.621642829561711,15.15585708618164,90423300
2026-05-27,15.26467861188706,15.887927770970675,15.225107221731651,15.709856986999512,89234100
2026-05-28,15.69007151069584,16.57053615972241,15.69007151069584,16.471607208251953,98577300
2026-05-29,16.699141954375758,17.589500602896216,16.639785340111974,17.253143310546875,154228200
2026-06-01,17.19378464911138,17.292713596570753,16.451820373535156,16.451820373535156,97586400
2026-06-02,16.39246407466671,16.570535806131176,15.66039286846716,15.976963996887209,72847500
2026-06-03,15.838464328179718,16.02642914004636,15.4625356479028,15.541678428649902,59298500
2026-06-04,15.719750297307124,15.719750297307124,15.056928795044326,15.17564296722412,50079400
2026-06-05,15.06682064845944,15.096499898531963,14.522714272185445,14.7403564453125,65372100
2026-06-08,14.829392766861687,15.027249722844076,14.750249984468732,14.839285850524902,33038300
2026-06-09,14.948106228326765,15.225106896962249,14.334749222273356,14.789820671081545,51032600
2026-06-10,14.680999977757764,14.680999977757764,14.077535095350614,14.146785736083984,50776700
2026-06-11,14.146785965886894,14.621642657996636,13.94892901084117,14.552392959594728,47657200
2026-06-12,14.591963893016764,14.839285314932305,14.453463557099775,14.680999755859377,42162200
2026-06-15,15.056928990025366,15.314142561350874,14.582071351700604,14.611750602722168,48551900
2026-06-16,14.631535326967722,14.690892883527487,14.255606651306152,14.255606651306152,47490000
2026-06-17,14.275393169610853,14.324856700596632,13.780750312102022,13.810428619384766,43099800
2026-06-18,13.968713683365973,13.978606766591938,13.572999788890696,13.909357070922852,88711700
2026-06-22,13.94892915642865,14.404000629511671,13.80053573100326,13.958821296691896,66738100
2026-06-23,13.691714813777384,14.0676435087749,13.592785862241463,13.850000381469728,65368300
2026-06-24,13.879678155340317,13.998392326540444,13.563107032139966,13.6917142868042,51675000
2026-06-25,13.770857423300738,14.206142728944483,13.741179115598218,13.958821296691896,61741400
2026-06-26,13.82032161528873,14.32485660972013,13.82032161528873,13.978607177734377,59551900
2026-06-29,13.939035961082322,14.097321525503371,13.81042870412612,13.869786262512209,46333200
2026-06-30,13.869786091566327,14.037963794098609,13.642249887923173,13.751070976257324,59308700
2026-07-01,13.701607419945576,13.73128572698912,13.404821519141024,13.493857383728027,44544000
2026-07-02,13.671928428068847,13.850000160611325,13.078357558687909,13.216856956481934,48984900
2026-07-06,13.365249753971128,13.7510705650918,13.27621389187979,13.6818208694458,54301400
2026-07-07,13.602678685400786,13.652143160220794,13.404821729577144,13.414714813232422,43813400
2026-07-08,13.236642997363257,13.424606868340224,13.09814265743639,13.35535717010498,43967600
2026-07-09,13.444392861853965,13.6026784234649,13.295999440251435,13.464178085327148,41197500
2026-07-10,13.48396477031708,13.948929333005642,13.48396477031708,13.850000381469728,47092800
2026-07-13,13.840107102209656,14.067643310147009,13.671928453047036,13.701607704162598,51284100
2026-07-14,13.850000297595653,13.87967860549414,13.612571947494978,13.790642738342283,42721900
2026-07-15,13.889571067087363,14.225928353057526,13.820321370607516,14.028071403503418,57373200
2026-07-16,14.047856950757488,14.117107592291022,13.849999996639626,14.0379638671875,33315200
2026-07-17,13.889571753767488,14.344643231968185,13.701607878262514,14.07753562927246,45456500
2026-07-20,14.146785951717316,14.146785951717316,13.790642489535346,13.840106964111328,39940100
2026-07-21,13.99839227712004,14.265499868969604,13.879678106339025,14.117107391357422,48936300
2026-07-22,14.117107588975104,14.542499804364494,14.10721450540744,14.26550006866455,62012000
2026-07-23,14.057749661491822,14.12699935773236,13.869785795929072,13.99839210510254,65393700
2026-07-24,14.018178885363955,14.3941075764021,13.988500577598325,14.216035842895508,76549600
2026-07-27,14.651321871181368,14.710678485814306,14.18635732042692,14.522714614868164,58748400
2026-07-28,14.601857137415951,14.85907164547532,14.502928190175776,14.79971408843994,75709000
2026-07-29,15.403178141109516,16.11546505708121,14.997571152586854,15.11628532409668,98361100
2026-07-30,15.175643278827724,15.205321586617966,14.483143455164877,14.700785636901855,60025800
2026-07-31,14.799714351220093,14.86896404944398,14.255607018650808,14.522714614868164,56015200
2026-08-03,14.750250186897496,14.89864361351309,14.27539348602295,14.27539348602295,42705200
2026-08-04,14.334749517103068,14.334749517103068,13.830213585414633,14.087428092956545,53923500
2026-08-05,14.176464130791432,14.334749693237075,13.978607177734377,13.978607177734377,41003600
2026-08-06,13.99839258111228,14.008285664756295,13.602678669915475,13.642250061035156,59941400
2026-08-07,13.67192798669465,13.939035576885264,13.612571373400977,13.83021354675293,34589200
2026-08-10,13.790642821856895,13.919250081471024,13.61257202993121,13.850000381469728,39252700
2026-08-11,13.890000343322754,14.18000030517578,13.84000015258789,13.979999542236328,36394900
2026-08-12,14.029999732971191,14.079999923706056,13.789999961853027,13.829999923706056,38326500
2026-08-13,13.859999656677246,14.010000228881836,13.81999969482422,13.890000343322754,26341400
2026-08-14,13.970000267028809,14.4399995803833,13.93000030517578,14.369999885559082,49580800
2026-08-17,14.260000228881836,14.260000228881836,14.0,14.050000190734863,31475800
2026-08-18,14.050000190734863,14.050000190734863,13.859999656677246,13.93000030517578,25839100
2026-08-19,14.050000190734863,14.5,14.050000190734863,14.5,50810300
2026-08-20,14.289999961853027,14.300000190734863,13.81999969482422,13.989999771118164,41185900
2026-08-21,14.130000114440918,14.550000190734863,14.130000114440918,14.40999984741211,45121000
2026-08-24,14.390000343322754,14.399999618530272,13.779999732971191,13.93000030517578,53277300
2026-08-25,13.93000030517578,14.020000457763672,13.81999969482422,13.949999809265137,35605500
2026-08-26,13.93000030517578,13.93000030517578,13.760000228881836,13.899999618530272,28493700
2026-08-27,13.859999656677246,14.100000381469728,13.850000381469728,13.949999809265137,37675800
2026-08-28,14.119999885559082,14.260000228881836,13.800000190734863,13.880000114440918,40250300
2026-08-31,13.899999618530272,14.050000190734863,13.869999885559082,13.9399995803833,41054600
2026-09-01,13.949999809265137,14.050000190734863,13.729999542236328,13.84000015258789,50110700
2026-09-02,13.880000114440918,14.239999771118164,13.770000457763672,14.140000343322754,58216800
2026-09-03,14.300000190734863,14.470000267028809,14.0600004196167,14.40999984741211,40628400
2026-09-04,14.380000114440918,14.640000343322754,14.300000190734863,14.619999885559082,39292500
2026-09-08,14.600000381469727,14.600000381469727,13.869999885559082,14.0,46663600
2026-09-09,13.960000038146973,14.15999984741211,13.449999809265137,13.449999809265137,68871400
2026-09-10,13.329999923706055,13.949999809265137,13.149999618530273,13.880000114440918,47988700
2026-09-11,14.09000015258789,14.130000114440918,13.880000114440918,13.970000267028809,39370900
