Date,Open,High,Low,Close,Volume
2015-01-02,26.14754371057826,26.259250704076468,25.904856140796262,25.93994903564453,28951268
2015-01-05,25.86333578799289,25.916223752441415,25.359178662476953,25.399213790893555,41196796
2015-01-06,25.455067952356515,25.51314583441533,24.76555806466375,24.810535430908203,57998800
2015-01-07,25.059648490828717,25.07170913266238,24.696358287496704,24.768028259277344,41301082
2015-01-08,24.614306581323117,24.88566249350951,24.268809585544,24.846120834350582,67071641
2015-01-09,24.9489314540279,24.9568382736878,24.4561410930056,24.524351119995117,41427428
2015-01-12,24.463554259676545,24.5147614098541,24.09877988716115,24.345422744750977,46535413
2015-01-13,24.656322972081472,24.860951182758193,24.337516644036487,24.52484703063965,47409807
2015-01-14,24.449220914428658,24.87330588546973,24.367664585218492,24.75665855407715,44714427
2015-01-15,24.988966663475427,24.99440425635342,24.60293916407648,24.80213165283203,54316718
2015-01-16,24.71415290848215,25.11846898067209,24.713657550535046,25.1130313873291,45965854
2015-01-20,25.25735901294967,25.33149821254548,25.01101297945733,25.054706573486328,44640224
2015-01-21,25.072002991421,25.66661392787098,25.020103856915146,25.605323791503903,45374234
2015-01-22,25.775353744573316,26.509349341681567,25.68737478141283,26.41345977783203,53538588
2015-01-23,26.47277859311179,26.798009457673583,26.344760700568692,26.68828010559082,45634948
2015-01-26,26.61809052846336,26.641321301203018,26.180165788960064,26.453990936279297,30874534
2015-01-27,26.19499411523282,26.231077725974508,25.612740577689703,25.63448905944824,38080263
2015-01-28,25.83961504671616,25.849994875985168,25.20793342590332,25.20793342590332,33676205
2015-01-29,25.25735724022414,25.26180411715808,24.772969069849484,25.240550994873047,83727244
2015-01-30,25.497572763265232,26.684321658491065,25.480766518515228,26.419885635375977,112127002
2015-02-02,26.281985190392707,26.344757625101675,25.630532821388115,26.121347427368164,56996054
2015-02-03,26.0976206106088,26.364527763257566,25.86333523320833,26.158910751342773,40773638
2015-02-04,26.15891164094578,26.328547146820608,25.764977316453965,25.838623046875,33273101
2015-02-05,25.8895338512226,26.122336948615924,25.805506400539983,26.07686233520508,36995292
2015-02-06,26.079829557369855,26.552353760465977,26.01903287889385,26.24590492248535,35270570
2015-02-09,26.097620316973828,26.29533050713887,25.999754992330065,26.08921813964844,25355423
2015-02-10,26.161877748560883,26.57706900179869,26.044241581796904,26.53950309753418,34997823
2015-02-11,26.45843903526559,26.614136446086995,26.36343998117777,26.49155616760254,27555446
2015-02-12,26.554822464816855,26.928985915608596,26.42744743169471,26.83556747436523,32404724
2015-02-13,26.856327451383464,27.180569399290675,26.845452267358493,27.136085510253903,38006060
2015-02-17,27.02833626954018,27.18502061091031,26.744622885264903,26.83112144470215,32336537
2015-02-18,26.75994793200809,26.962104999743993,26.567673443259455,26.675920486450195,29061570
2015-02-19,26.593871214112824,26.844467482042845,26.592388921769533,26.832605361938477,19782163
2015-02-20,26.845457010605823,26.87610302747064,26.483153745275605,26.638851165771484,28887092
2015-02-23,26.49550837579184,26.514736579753592,26.1673111052797,26.29088020324707,29157834
2015-02-24,26.19647679493131,26.532089357354053,26.109980115223365,26.49748992919922,20101036
2015-02-25,26.488098081956885,26.99818817066296,26.465608454372823,26.882034301757812,36519991
2015-02-26,26.849413671713865,27.48850860228516,26.764892750784405,27.45588493347168,46230579
2015-02-27,27.394596972202734,27.91210044121716,27.32836269934571,27.6002140045166,48203982
2015-03-02,27.705493616658018,28.279838444341262,27.61751275500156,28.239803314208984,42592618
2015-03-03,28.19581003172799,28.439979869881107,28.001559789040073,28.35348320007324,34095352
2015-03-04,28.26599639708098,28.524994835323973,28.075207983559256,28.340137481689453,37536775
2015-03-05,28.421693487006067,28.564539962105787,28.342116696005416,28.4370174407959,27792094
2015-03-06,28.41477221775378,28.503741897996637,28.0134226675786,28.05914306640625,33182854
2015-03-09,28.018367155059146,28.186915526657145,27.854023653826204,28.116729736328125,21242161
2015-03-10,27.88936399780952,27.919019299577375,27.41881556342129,27.432655334472656,35846146
2015-03-11,27.439077800296992,27.587359970031628,27.218632195890667,27.243345260620117,36415706
2015-03-12,27.358514692064464,27.49987509905121,27.20775950044925,27.457368850708008,27792094
2015-03-13,27.358016977207683,27.60021106302843,26.89933258621032,27.05255699157715,34071287
2015-03-16,27.231978190903178,27.523600312513217,26.98731297475538,27.407939910888672,32819860
2015-03-17,27.26954503283615,27.372847959596943,27.08616995388738,27.226543426513672,36110871
2015-03-18,27.308590595075,27.668422748210883,27.036741193247067,27.65458297729492,42690887
2015-03-19,27.64914538920611,27.718837711040106,27.488753410200033,27.57994842529297,23945563
2015-03-20,27.760851391519264,27.764311334125463,27.63234004786573,27.69708824157715,52337299
2015-03-23,27.70054980611186,27.795944015129397,27.473182421435965,27.62047576904297,32876014
2015-03-24,27.80583052354568,28.400441550376,27.739104675334904,28.182960510253903,51665459
2015-03-25,28.19828296785264,28.28527500114791,27.617018275926863,27.61924171447754,43045859
2015-03-26,27.560177036813833,27.62492712664657,27.217151113423363,27.44056510925293,31452115
2015-03-27,27.333305920854848,27.445999849348684,27.09259410966127,27.10297393798828,37949906
2015-03-30,27.265096054125056,27.35653685926525,27.094571922597385,27.285362243652344,25750504
2015-03-31,27.185022441857317,27.41782553121182,27.0229004970666,27.08616828918457,31760961
2015-04-01,27.115825668887165,27.24137054694228,26.666036876387615,26.817285537719727,39261497
2015-04-02,26.732764250122543,26.732764250122543,26.386624384984135,26.469810485839844,34327989
2015-04-06,26.306204663383507,26.612160015736087,26.175222201679784,26.530851364135746,26488525
2015-04-07,26.59584962209994,26.82370859075602,26.493040166681933,26.543455123901367,26057345
2015-04-08,26.61067957350214,26.88104669330759,26.61067957350214,26.770328521728516,23570536
2015-04-09,26.74166085596568,26.787135472303788,26.46783567678591,26.729305267333984,31157308
2015-04-10,26.803939967557383,26.803939967557383,26.55779244004878,26.691246032714844,28189181
2015-04-13,26.61216094808225,26.89142559438008,26.557790689368407,26.64972496032715,32906096
2015-04-14,26.50539610083597,26.570639650146763,26.10216910984658,26.21575164794922,52082601
2015-04-15,26.13221945365896,26.43026608258723,25.86135889728435,26.32152557373047,46376979
2015-04-16,26.191536046538346,26.472778365066315,26.17720280720872,26.384302139282227,25997180
2015-04-17,26.130244691295992,26.188568361844588,25.75212587656946,25.90238571166992,43037837
2015-04-20,25.978999114115936,26.49749142644451,25.92462885118316,26.462398529052734,33585958
2015-04-21,26.56767693515131,26.660601928165487,26.378123108529767,26.3927059173584,36895018
2015-04-22,26.413958325500825,26.744133300872864,26.282975854010186,26.659364700317383,31871263
2015-04-23,26.74017501499082,27.232469967328797,26.7021156502525,27.0367374420166,83697161
2015-04-24,27.98080136368153,28.229915338147777,27.54337008869872,27.929397583007812,98650102
2015-04-27,27.92331044856641,28.050192038093293,27.41826277087239,27.525814056396484,47960000
2015-04-28,27.489633672994277,27.558030882383022,27.27780008892957,27.442052841186523,29820000
2015-04-29,27.282956212347965,27.442053083935672,27.106262789637633,27.21406364440918,33976000
2015-04-30,27.15408999524358,27.18977656303881,26.518693255333257,26.632192611694336,41644000
2015-05-01,26.6862174633632,26.741232448588725,26.372483818323396,26.659950256347656,35364000
2015-05-04,26.691170664312445,26.96575018967698,26.519186942542127,26.80268669128418,26160000
2015-05-05,26.6753107781218,26.751142133124244,26.287778294955093,26.30805015563965,27662000
2015-05-06,26.329860120303017,26.38636117894793,25.826548069751343,25.9819278717041,31340000
2015-05-07,25.9705206352906,26.43988353286711,25.85949997738512,26.303089141845703,30926000
2015-05-08,26.59799325915812,26.82102721154955,26.020583663155605,26.675806045532227,30552000
2015-05-11,26.68324334632118,26.862165874591355,26.536040741723145,26.5509090423584,18106000
2015-05-12,26.347699143594344,26.427446093553545,26.033470182825504,26.22081756591797,32684000
2015-05-13,26.29615143487828,26.482608293076183,26.201734714117705,26.24956321716309,25046000
2015-05-14,26.455249340969154,26.71446520402294,26.387844746333553,26.68472671508789,28078000
2015-05-15,26.723390360182886,26.72804899393342,26.287235228685596,26.459218978881836,39426000
2015-05-18,26.368021847896856,26.50729305403196,26.211401770057265,26.382394790649418,40068000
2015-05-19,26.46566080539453,26.79674330635914,26.41907258004137,26.6331844329834,39338000
2015-05-20,26.689189337201785,26.908753902328787,26.415700713158163,26.727848052978516,28616000
2015-05-21,26.66242166943362,26.954348160971833,26.564783230568985,26.888429641723633,29254000
2015-05-22,26.771463090566687,26.971697344696047,26.7397431683571,26.769481658935547,23524000
2015-05-26,26.670851113620017,26.71446718916339,26.262451199020425,26.383384704589844,48130000
2015-05-27,26.40717590206159,26.791290055348743,26.353153527297245,26.75362205505371,30500000
2015-05-28,26.6654005357116,26.794265450338276,26.57817026830159,26.753128051757812,20596000
2015-05-29,26.63367633085768,26.69612545562954,26.34026375973385,26.372974395751953,51948000
2015-06-01,26.60493182921798,26.60493182921798,26.25650426475912,26.466154098510746,38086000
2015-06-02,26.41361979790335,26.912719392521037,26.334319041793776,26.723388671875,38780000
2015-06-03,26.75957037892529,26.937500302758544,26.62079263886552,26.779394149780273,34340000
2015-06-04,26.65300777735702,26.79326968984222,26.482510126262596,26.6004695892334,26966000
2015-06-05,26.5831205350265,26.625250531953405,26.39329448730141,26.433441162109375,27764000
2015-06-08,26.43245391523596,26.472598704633448,26.08204301297191,26.111284255981445,30412000
2015-06-09,26.14746603972655,26.228748224608477,25.9219534002444,26.104345321655273,29106000
2015-06-10,26.23668158771097,26.682747648811056,26.236186229751542,26.599977493286133,36300000
2015-06-11,26.68596834129748,26.713475832422738,26.418079901538977,26.496885299682617,24350000
2015-06-12,26.347698691642275,26.423034686179076,26.276327450921254,26.383880615234375,19116000
2015-06-15,26.16927284390561,26.184143034807175,25.971021908449103,26.129623413085938,32654000
2015-06-16,26.18910164090624,26.250560062181744,26.04834245781573,26.17671012878418,21436000
2015-06-17,26.237176504220745,26.31697261996731,26.025541436996303,26.23172378540039,25884000
2015-06-18,26.31796032135035,26.67233595574398,26.307552133532106,26.601957321166992,36662000
2015-06-19,26.625751232609897,26.677296820578192,26.4175855582198,26.599977493286133,37870000
2015-06-22,26.743710054498667,26.94939704337058,26.641609596983628,26.6743221282959,25006000
2015-06-23,26.746188061366812,26.838324637240365,26.52860681520198,26.78782081604004,23950000
2015-06-24,26.76402880371608,26.76402880371608,26.54892625073709,26.656972885131836,25732000
2015-06-25,26.708021249745837,26.80863372719761,26.527610778808594,26.527610778808594,26714000
2015-06-26,26.62822699831874,26.653008128331848,26.335307877950193,26.35215950012207,42182000
2015-06-29,26.021078919831304,26.1995060810503,25.7995329327025,25.84810447692871,38756000
2015-06-30,26.071137656773523,26.08253656029521,25.79754884682127,25.79804420471191,44344000
2015-07-01,26.007200009308395,26.05478083529721,25.685041554142224,25.86396217346191,39220000
2015-07-02,25.82629684829002,26.00323604143686,25.82629684829002,25.941282272338867,24718000
2015-07-06,25.747987347565772,26.032975069444063,25.723206217550057,25.91451835632324,25610000
2015-07-07,25.927902229358377,26.07906958993875,25.53387713224761,26.021575927734375,31944000
2015-07-08,25.824808443899137,25.90827246642814,25.57996740972804,25.615652084350582,25934000
2015-07-09,25.927404369631024,25.959619648521265,25.790114607242614,25.80647087097168,36846000
2015-07-10,26.08451989118062,26.395279449823732,26.04784260979225,26.27484130859375,39134000
2015-07-13,26.4111383119816,27.116420175701005,26.38734978928692,27.08866500854492,44130000
2015-07-14,27.09907412487853,28.045183144430847,27.096597335353977,27.8098087310791,64882000
2015-07-15,27.76172946386706,28.077593829675873,27.59618918940484,27.766189575195312,35692000
2015-07-16,28.009051756796143,28.78025215485729,28.00310368068777,28.73911476135254,95366000
2015-07-17,32.16640170985248,33.42867210009926,31.968148867580293,33.35244369506836,223298000
2015-07-20,32.673919733197664,33.151705595631874,32.36514164360223,32.86126708984375,117218000
2015-07-21,32.47419038683539,33.35591623980844,32.42908634152104,32.825592041015625,67544000
2015-07-22,32.75570148719672,33.63544581468647,32.662029682059554,32.815673828125,78586000
2015-07-23,32.774539105468676,32.891507867968045,31.769896434951157,31.932464599609375,60582000
2015-07-24,32.06727182432152,32.1252627346932,30.85397008556956,30.905515670776367,72514000
2015-07-27,30.77863538884444,31.437824477900325,30.75385425639645,31.08890151977539,53508000
2015-07-28,31.364964329642717,31.364964329642717,30.893124577000965,31.125574111938477,34546000
2015-07-29,31.16522806446181,31.391234184305155,30.860414654094946,31.32036018371582,31502000
2015-07-30,31.224697848099197,31.483416455492257,30.83067280658952,31.353065490722656,29484000
2015-07-31,31.293096655291528,31.368928007746064,31.001665506924752,31.007118225097656,34122000
2015-08-03,30.993735976516877,31.376163613140708,30.993735976516877,31.284669876098633,26090000
2015-08-04,31.14638930982037,31.46309694432548,31.083940183393867,31.18752670288086,29818000
2015-08-05,31.43931011913961,32.10989999462367,31.381322988467353,31.90768051147461,46686000
2015-08-06,31.968144356392976,31.986930142530824,31.33621516516944,31.85315704345703,31452000
2015-08-07,31.73173045904742,31.853157425976335,31.210326572154845,31.487382888793945,28078000
2015-08-10,31.694562263594015,31.890831785538243,31.286608511805365,31.409574508666992,36184000
2015-08-11,33.167570012887644,33.450079058056446,32.427596045880335,32.75025177001953,100584000
2015-08-12,32.86424169233359,32.95940334193755,32.329455607197325,32.689781188964844,58734000
2015-08-13,32.67798999201099,32.93462701454811,32.29828865589225,32.53564453125,36214000
2015-08-14,32.46427422230582,32.70440560781805,32.347800820054815,32.568851470947266,21442000
2015-08-17,32.55299081466315,32.77998953093099,32.277420551853346,32.75471115112305,21034000
2015-08-18,32.805767211118265,32.90984910907342,32.387454405985146,32.5197868347168,29122000
2015-08-19,32.543081522085124,33.058533614765594,32.42363219072016,32.75619888305664,42682000
2015-08-20,32.48657384112301,32.85978632254697,31.86406398310258,32.05884552001953,57106000
2015-08-21,31.70942772852047,31.72280806435399,30.34892342432902,30.35635757446289,85304000
2015-08-24,28.399609404870063,29.704603402978194,28.005584312788898,29.222850799560547,115406000
2015-08-25,30.47679499274302,30.602683965444637,28.801564508011705,28.848649978637695,70760000
2015-08-26,30.25078540250803,31.30945216398413,29.69072281707971,31.15630149841309,84718000
2015-08-27,31.690593549034492,31.89826385327614,30.828198080451003,31.601877212524418,69826000
2015-08-28,31.364471399147348,31.565696385263823,30.9550807436105,31.2435359954834,39574000
2015-08-31,31.10277481096345,31.512165415163405,30.61408345947115,30.642333984375,43534000
2015-09-01,29.854780185018623,30.37519150690448,29.4453895417902,29.628276824951172,74042000
2015-09-02,30.01486714096661,30.448543548583984,29.72343786558409,30.448543548583984,51512000
2015-09-03,30.580381618194,30.714697347794296,29.87762756352061,30.047578811645508,35192000
2015-09-04,29.737808939994245,29.90979266219894,29.50238537549088,29.77250289916992,41780000
2015-09-08,30.35685377748027,30.54618449492182,29.94201041607825,30.464405059814453,45590000
2015-09-09,30.789536650379492,31.052220021921435,30.213613151990774,30.368249893188477,34042000
2015-09-10,30.387087066856136,30.935253547706257,30.30431691741142,30.79598045349121,38106000
2015-09-11,30.71667902849062,31.01554433862509,30.601198242539173,31.01504898071289,27470000
2015-09-14,31.011580289835184,31.01950979796881,30.700820710704235,30.88965606689453,34046000
2015-09-15,31.061143189038695,31.655899796883755,30.91641926389538,31.479455947875977,41688000
2015-09-16,31.495811157962127,31.618726095154138,31.33968644285903,31.521087646484375,25730000
2015-09-17,31.610797358253915,32.260567051002155,31.473507584723436,31.86406517028809,45494000
2015-09-18,31.561232636337827,31.720329490426156,31.0770013915687,31.18752670288086,102668000
2015-09-21,31.442778146032325,31.546364672830652,31.023476568905114,31.49432373046875,35770000
2015-09-22,31.076012727244724,31.103272538454412,30.502567866673974,30.862396240234375,51258000
2015-09-23,30.830677066998184,31.1716705036965,30.729071969894317,30.846040725708008,29418000
2015-09-24,30.562539298838796,31.0918708189964,30.352392214218725,31.016536712646484,44802000
2015-09-25,31.213300527818937,31.213300527818937,30.28300139066055,30.331077575683594,43480000
2015-09-28,30.25029245417172,30.46167793838097,29.211451269234622,29.484542846679688,62554000
2015-09-29,29.602998291446877,29.985624454454772,29.253082765850714,29.488508224487305,46190000
2015-09-30,29.90037840001839,30.17198391720679,29.773994059744982,30.155132293701172,48268000
2015-10-01,30.15265461600964,30.337027971894692,29.73037710627432,30.297378540039062,37352000
2015-10-02,30.094664867734934,31.09286401115195,29.892942645117625,31.071552276611328,53696000
2015-10-05,31.323828916996305,31.86951862758406,31.076013817796458,31.79319190979004,36072000
2015-10-06,31.66283626074637,32.17878932425894,31.54834619408653,31.989952087402344,43326000
2015-10-07,32.17829272762071,32.24614163149306,31.33125911620312,31.837297439575195,41854000
2015-10-08,31.78773682661415,31.94088560875111,31.00464026386581,31.67869758605957,43642000
2015-10-09,31.720333217756203,32.01721522745227,31.488278816250343,31.899255752563477,32974000
2015-10-12,31.823919853020385,32.14161824167229,31.671266414432033,32.05091857910156,25504000
2015-10-13,31.876461540167817,32.603151732953684,31.876461540167817,32.32996368408203,36154000
2015-10-14,32.375057850976454,32.68135920127251,32.15896457954985,32.27345275878906,28310000
2015-10-15,32.446926239670354,32.866725052045446,32.4370115187598,32.79783248901367,37714000
2015-10-16,32.915291590547284,32.957915052448925,32.57281025911599,32.82062530517578,32222000
2015-10-19,32.7700752266875,33.04961213784447,32.69077636211026,33.0139274597168,29546000
2015-10-20,32.91182618122852,32.94552942677203,31.92824953982676,32.22983932495117,49964000
2015-10-21,32.421646337302164,32.50689327006496,31.806071520130388,31.849689483642575,35822000
2015-10-22,32.05240277837789,32.60255257974774,31.919079651725212,32.30467987060547,81420000
2015-10-23,36.05709420150775,36.181001741719115,34.768456539581145,34.793235778808594,133078000
2015-10-26,34.77093288450111,35.64324301521567,34.75655994277987,35.3275260925293,54332000
2015-10-27,35.0598913242676,35.36916486559218,34.919629388452854,35.114906311035156,44916000
2015-10-28,35.05741413693875,35.33744264741268,34.8467697752554,35.33595657348633,43578000
2015-10-29,35.21452115718007,35.59912682879097,35.190233496762254,35.53271484375,29120000
2015-10-30,35.47374119861675,35.58625174049359,35.19222283697837,35.22989273071289,38176000
2015-11-02,35.24228000690058,35.76566534166486,34.98405484487909,35.740386962890625,37726000
2015-11-03,35.62887201028088,35.915839283766346,35.423680389139555,35.79243087768555,31308000
2015-11-04,35.78449977487968,36.334649612416605,35.77954619534037,36.08732986450195,34134000
2015-11-05,36.154731392811456,36.65085689434383,36.154731392811456,36.24295425415039,37232000
2015-11-06,36.255343968292834,36.44913477009379,36.03280350374543,36.36735534667969,30232000
2015-11-09,36.19091311629834,36.414444318084435,35.65712148370823,35.927734375,41396000
2015-11-10,35.90345018196446,36.21024310474426,35.61102641977977,36.09773635864258,32160000
2015-11-11,36.30292809769952,36.72619441264312,36.192402782833874,36.44864273071289,27328000
2015-11-12,36.23056163911811,36.567590277771394,36.11384246814894,36.24196243286133,36744000
2015-11-13,36.13986159582038,36.237995392167925,35.52329608912907,35.536678314208984,41510000
2015-11-16,35.46729066170302,36.15572087753717,35.25565941090196,36.12945556640625,38118000
2015-11-17,36.145816567408026,36.27245048128203,35.83540106907033,35.94805908203125,30218000
2015-11-18,36.061064621270006,36.74651902741626,36.03231495309218,36.6766357421875,33686000
2015-11-19,36.614186101077344,36.77575976339149,36.549256396296144,36.59783172607422,26542000
2015-11-20,37.000280541778736,37.56480329836829,36.825324657620385,37.49938201904297,44246000
2015-11-23,37.54151385081734,37.80211374411528,37.26247227143883,37.46865463256836,28290000
2015-11-24,37.27138469051694,37.433903669409055,36.55916594009627,37.087013244628906,46662000
2015-11-25,37.08007486306388,37.27138510271633,36.97698370294993,37.080570220947266,22442000
2015-11-27,37.09593275781802,37.34127103157247,37.04785657507555,37.18514633178711,16770000
2015-11-30,37.1132798484668,37.41660526005682,36.73957580218402,36.80549621582031,41952000
2015-12-01,37.02902241729094,38.111477698076285,37.00870140018088,38.016815185546875,42692000
2015-12-02,38.1090015915803,38.45866754000911,37.61634737467936,37.785850524902344,44608000
2015-12-03,37.965762961566874,38.11370858718912,36.955671529011774,37.29814910888672,51812000
2015-12-04,37.32590681935073,38.08868237550326,37.17226267698711,38.00541687011719,55146000
2015-12-07,38.052998427782136,38.10057925767932,37.42454048070416,37.82897186279297,36246000
2015-12-08,37.563309488030605,37.90579081682111,37.38042035190224,37.78535079956055,36590000
2015-12-09,37.62675855637972,37.87754580905664,36.52799789819554,37.2520637512207,54000000
2015-12-10,37.31352488978188,37.46221169478507,36.86646619607845,37.145503997802734,39768000
2015-12-11,36.7341258251226,36.95963846906249,36.51555575494899,36.620628356933594,44488000
2015-12-14,36.76535043362824,37.109317889147135,35.89204956861974,37.061737060546875,48250000
2015-12-15,37.32095834888769,37.57273633115531,36.8258234699963,36.84514999389648,53324000
2015-12-16,37.1722668296493,37.69713829950703,36.64863186402876,37.5732307434082,39866000
2015-12-17,37.78783016857195,37.800717035761274,37.12269690423312,37.14400863647461,31068000
2015-12-18,36.99929133787327,37.37696207263929,36.584945207806065,36.64243698120117,62974000
2015-12-21,36.98045298746484,37.17226237558757,36.67663221057973,37.061737060546875,30514000
2015-12-22,37.2540397108125,37.4126412034384,36.950714308898505,37.17226028442383,27308000
2015-12-23,37.344245954303965,37.38092134608272,36.87488488568468,37.187625885009766,31318000
2015-12-24,37.14995672961864,37.2391703028992,37.00473746677517,37.09295654296875,10544000
2015-12-28,37.31698819235197,37.81608966947138,37.148475742724344,37.79229736328125,30306000
2015-12-29,37.99947057673662,38.658164282062074,37.98658370772345,38.49064254760742,35300000
2015-12-30,38.49064063980449,38.54020290030438,38.00987877210357,38.21308517456055,25866000
2015-12-31,38.13873844502304,38.13873844502304,37.585616529892825,37.61238098144531,30018000
2016-01-04,36.825325448658575,36.87785986014869,36.24335549253778,36.76782989501953,65456000
2016-01-05,36.99631766001788,37.27139259491101,36.60923131923561,36.80451202392578,39014000
2016-01-06,36.181004313631504,37.03249814002496,36.12747540543091,36.85605239868164,38940000
2016-01-07,36.19636518488541,36.6022864052153,35.638781257239195,36.002079010009766,59274000
2016-01-08,36.25286830316662,36.341091172073725,35.33843378603499,35.41128921508789,49018000
2016-01-11,35.51735134718701,35.628617797600846,34.86955939635287,35.48860168457031,41812000
2016-01-12,35.768638183887745,36.11904908138234,35.552393655085744,35.98622131347656,40490000
2016-01-13,36.223130039910785,36.41593014323096,34.62521887705311,34.721866607666016,50034000
2016-01-14,34.9607654785112,35.78078331844653,34.15388029661982,35.423683166503906,44516000
2016-01-15,34.31198285773073,35.028172159964846,33.96900985930446,34.41904067993164,72162000
2016-01-19,34.8576660996408,35.18874664589156,34.36748871361944,34.7828254699707,45362000
2016-01-20,34.12958982536648,35.033618032609944,33.36879568468027,34.61729049682617,68900000
2016-01-21,34.80216280332325,35.64522799526734,34.419534712907605,35.02073287963867,48244000
2016-01-22,35.86379628939984,36.08831818895453,35.69136637462463,35.94557571411133,40236000
2016-01-25,35.8628069705441,36.16514166227503,35.19023574277911,35.27251052856445,34234000
2016-01-26,35.38056263577436,35.60012720608414,35.015283422962426,35.340415954589844,26634000
2016-01-27,35.371642904295186,35.59790050615472,34.41607085556926,34.69362258911133,43884000
2016-01-28,35.79539946706726,36.36388880172673,35.30621276860893,36.22858047485352,53528000
2016-01-29,36.25683285144092,36.92395137620177,36.02239999869723,36.82284164428711,69486000
2016-02-01,37.195058483707264,37.56182751163079,36.83870331543385,37.271385192871094,102784000
2016-02-02,38.88219136352837,39.14834607669651,37.89836502075195,37.89836502075195,126962000
2016-02-03,38.174432240535026,38.386558888343274,35.71015873505965,36.02983856201172,123420000
2016-02-04,35.82464070757348,36.03230909769311,34.78629497561751,35.09111022949219,103374000
2016-02-05,34.885919858563355,34.89186793462399,33.71028432679044,33.879791259765625,102114000
2016-02-08,33.10066852772127,33.90259640796725,32.863259698570296,33.838661193847656,84948000
2016-02-09,33.32220936324984,34.68915522089765,33.14625898564619,33.60917663574219,72178000
2016-02-10,34.04285482464889,34.75904032059384,33.80842194912104,33.90705490112305,52760000
2016-02-11,33.4550324621476,34.16626046075288,33.15111340334585,33.85698699951172,60480000
2016-02-12,34.211374788225754,34.38434926483782,33.633469723941424,33.821807861328125,42828000
2016-02-16,34.34618068889687,34.59499029203344,33.95314629399703,34.248046875,50400000
2016-02-17,34.599445474393605,35.17735043202495,34.26687881131228,35.11043930053711,49852000
2016-02-18,35.18973883368894,35.30621221543583,34.49734197683195,34.562767028808594,37664000
2016-02-19,34.44777901809718,34.846810569020725,34.39920747865086,34.73921203613281,31786000
2016-02-22,35.06335675740105,35.3503240162317,34.818513826721315,35.01428985595703,38996000
2016-02-23,34.76597790398513,35.110440733693224,34.375919456508555,34.488426208496094,40186000
2016-02-24,34.14495405856096,34.69411315379093,33.74151338466698,34.672306060791016,39272000
2016-02-25,34.69460878387444,34.990500068880266,34.227478689392726,34.97909927368164,32844000
2016-02-26,35.11937307634148,35.35975407730655,34.736744906990324,34.94540786743164,44870000
2016-02-29,34.7099681537909,35.233848808530794,34.57912182957413,34.58358383178711,49622000
2016-03-01,34.87352775678226,35.62638854980469,34.68270909361994,35.62638854980469,43028000
2016-03-02,35.63580634166531,35.6853685973345,35.288862989265475,35.62837219238281,32580000
2016-03-03,35.61995667970351,35.658121937269186,34.992489291942185,35.3096923828125,39160000
2016-03-04,35.43706257569132,35.51140785909642,34.992480730388245,35.23385238647461,39442000
2016-03-07,35.03609131264092,35.095118301570835,34.044831159787435,34.454219818115234,59702000
2016-03-08,34.1285983838703,34.8819545769954,33.96751631012131,34.39524841308594,41526000
2016-03-09,34.61828049694281,34.9756301817815,34.396734507027,34.95382308959961,28430000
2016-03-10,35.096562942893044,35.508927620260785,34.86064400311226,35.32950973510742,56670000
2016-03-11,35.685376118909474,36.0283528993492,35.54288318581747,36.02339553833008,39416000
2016-03-14,36.022894135764844,36.453598361586344,35.9406193509022,36.20528793334961,34366000
2016-03-15,36.02835279738245,36.29450371602734,35.921790333244765,36.098236083984375,34420000
2016-03-16,36.00108890947788,36.55123869666632,35.908899399465824,36.48284149169922,32488000
2016-03-17,36.50068038693968,36.8287888136656,36.47837793792701,36.56660079956055,37216000
2016-03-18,36.768825620075575,36.77576441358435,36.27170927749725,36.55768966674805,59614000
2016-03-21,36.503159911534766,36.800537233921155,36.35526344480313,36.780216217041016,36730000
2016-03-22,36.55074261769919,36.92444666674494,36.55074261769919,36.71380233764648,25394000
2016-03-23,36.793603620529865,36.96013464199456,36.48581617677099,36.58048248291016,28642000
2016-03-24,36.28062012826693,36.56496311565799,36.23056251260809,36.44368362426758,31898000
2016-03-28,36.51753828929728,36.62657753938951,36.30491250788911,36.355960845947266,26026000
2016-03-29,36.40849738417114,37.035964620267166,36.1195448971051,36.913047790527344,38076000
2016-03-30,37.17722037004377,37.56282058449422,37.10981387993066,37.19853210449219,35648000
2016-03-31,37.13509532557012,37.214394193565816,36.72322598214541,36.921974182128906,34376000
2016-04-01,36.607244812245945,37.18911263770932,36.52794216966144,37.16780090332031,31534000
2016-04-04,37.175234170936335,37.311037863391654,36.797068116610134,36.938819885253906,22684000
2016-04-05,36.57751115734738,36.81541154154148,36.44716016958728,36.567596435546875,22646000
2016-04-06,36.46698136023401,36.985904676514494,36.45657128175581,36.95864486694336,21074000
2016-04-07,36.942786881179536,37.02357181499946,36.49225697386002,36.69050979614258,29064000
2016-04-08,36.87340109826066,36.9467518863662,36.45607905332342,36.63450622558594,25816000
2016-04-11,36.82631799875162,36.924451815414464,36.48086442720154,36.483341217041016,24402000
2016-04-12,36.57750348922047,36.86645593298664,36.23105550259668,36.829776763916016,27060000
2016-04-13,37.13063144399892,37.38935197586479,36.887822867673705,37.257511138916016,34142000
2016-04-14,37.371006812552,37.53456565814787,37.306326689235846,37.33086013793945,22706000
2016-04-15,37.369522310621385,37.717452609180945,37.305783742689805,37.61832809448242,36186000
2016-04-18,37.69069479132952,38.06687946195264,37.5340784843066,37.99551010131836,31176000
2016-04-19,38.13923753829134,38.15856784201224,37.13905691914245,37.36704635620117,40610000
2016-04-20,37.568769193029695,37.57531094269577,37.17275889402403,37.304595947265625,30584000
2016-04-21,37.4389141649486,37.69019676463137,37.14996167439499,37.62527084350586,61210000
2016-04-22,35.99762127297448,36.48433126499302,35.36866791960347,35.624412536621094,119038000
2016-04-25,35.492075350575455,35.880152336306665,35.466796972635365,35.841495513916016,39184000
2016-04-26,35.954004446331155,35.9711529057086,34.84408884724716,35.097557067871094,54892000
2016-04-27,35.055419540879285,35.13918417397221,34.31569524581924,34.98355484008789,61972000
2016-04-28,35.10349299528759,35.39641205605172,34.176171841377496,34.249027252197266,57346000
2016-04-29,34.233175733139895,34.576152476724666,34.14891951166125,34.3476676940918,49754000
2016-05-02,34.57665038425563,34.72583631689697,34.24804655862855,34.60539627075195,32906000
2016-05-03,34.53897233210958,34.58704851134802,34.29760072025271,34.31544494628906,30876000
2016-05-04,34.222762404348735,34.68171330697168,34.149407853381604,34.48098373413086,33870000
2016-05-05,34.58011733672693,34.80910127185256,34.48198352530642,34.76498794555664,33670000
2016-05-06,34.613816867343004,35.28192609242452,34.60028716868527,35.2452507019043,36586000
2016-05-09,35.28886833645161,35.62143879854122,35.189743810093255,35.33347702026367,30206000
2016-05-10,35.52429416387862,35.85884226185343,35.47324204774423,35.84298324584961,31392000
2016-05-11,35.85438087684796,35.90741063860585,35.3285150106082,35.451927185058594,33842000
2016-05-12,35.539655400118036,35.648199277888175,35.14017762888836,35.35379409790039,27214000
2016-05-13,35.285396539881944,35.51992769692298,35.153064141065244,35.23087692260742,26290000
2016-05-16,35.1466221211025,35.6100351052191,34.974143039206574,35.51140594482422,26342000
2016-05-17,35.486621711233354,35.760705872889204,34.897815135016636,35.00288772583008,40024000
2016-05-18,34.87600358816471,35.269041697728596,34.72533538720865,35.02271270751953,35336000
2016-05-19,34.81107829451562,34.991486877663895,34.535508059648414,34.70996856689453,33404000
2016-05-20,34.77440325957084,35.41673874319171,34.719883641495464,35.17685317993164,36568000
2016-05-23,35.017760011768644,35.26299622224279,34.901286613751175,34.90426254272461,26614000
2016-05-24,35.03410931540533,35.73344496022163,35.03410931540533,35.6898307800293,38590000
2016-05-25,35.72303634470932,36.05758820324032,35.670747727717135,35.94656753540039,32584000
2016-05-26,35.827618374025775,36.09823125954435,35.699248832523864,35.88957214355469,31526000
2016-05-27,35.8841204692249,36.37608272250456,35.883625111312035,36.31283950805664,39500000
2016-05-31,36.267242109592566,36.663248599923115,36.24344980551182,36.464500427246094,42590000
2016-06-01,36.40552699323604,36.53835476923448,36.21371758914458,36.38669204711914,25072000
2016-06-02,36.30491043556802,36.33068417277864,35.89205040771197,36.200828552246094,26836000
2016-06-03,36.14482173487506,36.15572339010867,35.71312677542662,35.80134963989258,24526000
2016-06-06,35.92872753025222,35.92872753025222,35.41822902879938,35.514381408691406,31306000
2016-06-07,35.67743901450118,35.783502317035406,35.51437552577847,35.51933288574219,26724000
2016-06-08,35.88164468430738,36.110129473353474,35.714119171115456,36.09575653076172,31674000
2016-06-09,35.82762179796131,36.158207053007985,35.80115228940738,36.110626220703125,19778000
2016-06-10,35.659100076905055,35.97729377164162,35.50842809467764,35.6561279296875,24328000
2016-06-13,35.51240506878777,35.95500178197408,35.51240506878777,35.604095458984375,25178000
2016-06-14,35.5109064230828,35.80778836660721,35.34437165547074,35.59962463378906,26122000
2016-06-15,35.63581021157623,35.833068539951206,35.552049347568364,35.63184356689453,24290000
2016-06-16,35.43309322233755,35.519334652020866,34.855683651976946,35.207584381103516,39650000
2016-06-17,35.122827937916675,35.131256584420555,34.1217550591413,34.28372573852539,68048000
2016-06-20,34.63314191864907,34.817021763977976,34.36748643921878,34.382354736328125,41650000
2016-06-21,34.61480408617977,34.83139646491808,34.29809648511781,34.492881774902344,29312000
2016-06-22,34.64752090477363,34.73673448435697,34.351232597722685,34.56822204589844,23686000
2016-06-23,34.567727337287735,34.790759399756325,34.04979093926148,34.78679275512695,43428000
2016-06-24,33.463461811858394,34.16874561075396,33.378214873460074,33.4659423828125,88980000
2016-06-27,33.2567868318789,33.321221180211495,32.874359142992866,33.1209831237793,52580000
2016-06-28,33.65181183408996,33.719214559616795,33.355920486405516,33.70484161376953,43476000
2016-06-29,33.85154400829458,34.07105564007405,33.772736719567156,33.906558990478516,38652000
2016-06-30,33.97395892123997,34.31346815012243,33.88375462592348,34.30256271362305,31954000
2016-07-01,34.30752184442707,34.7263299537394,34.30405055759522,34.65495681762695,26894000
2016-07-05,34.49883593397213,34.54245011957079,34.14297231279216,34.44382095336914,29252000
2016-07-06,34.19748829284096,34.77737463806938,34.15337497265737,34.58358383178711,28238000
2016-07-07,34.5989472171475,34.60489529293221,34.11001009374322,34.46413803100586,26084000
2016-07-08,34.66932382890002,34.97711120866775,34.51741535173395,34.973148345947266,31504000
2016-07-11,35.09309558440428,35.51239905587499,35.05294890394035,35.442020416259766,22236000
2016-07-12,35.641762229665154,35.83109107097341,35.482665349975065,35.717098236083984,26738000
2016-07-13,35.86478946047031,35.883624404862736,35.52924687351867,35.53569030761719,18718000
2016-07-14,35.763678879863356,35.794905333809275,35.58773229447906,35.73245620727539,19004000
2016-07-15,35.969365810832166,35.96986116872306,35.638534804160614,35.67793655395508,25586000
2016-07-18,35.81968727152427,36.4848205520061,35.74435127937519,36.36834716796875,25910000
2016-07-19,36.17554813675314,36.52744508856535,36.13143859631312,36.52595901489258,24550000
2016-07-20,36.54429694665475,36.78219728969986,36.532896152963666,36.73561096191406,25794000
2016-07-21,36.69447639165589,36.76039302545407,36.4700036328123,36.60873031616211,20526000
2016-07-22,36.76882099587498,36.8372182063394,36.50613759159908,36.81243896484375,25196000
2016-07-25,36.70983847655088,36.80599084532109,36.55272305566044,36.66522979736328,20648000
2016-07-26,36.62905113749674,36.760392827838515,36.392636851153135,36.59832382202149,23734000
2016-07-27,36.59138028581786,36.89767781048224,36.527936668761264,36.76435470581055,30250000
2016-07-28,37.02555678043472,37.10535099790664,36.641938006739025,36.96955108642578,70604000
2016-07-29,38.29783991420515,38.58728774595512,38.0034347220781,38.10354995727539,76830000
2016-08-01,37.72191461580153,38.68046236156237,37.72191461580153,38.3062629699707,54010000
2016-08-02,38.09860088607262,38.45297467712387,38.05696812923842,38.21656036376953,35690000
2016-08-03,38.02375910872568,38.322622548446745,38.00591487860215,38.321136474609375,25748000
2016-08-04,38.273556240384224,38.365246619446914,38.10380349801858,38.24332427978515,22806000
2016-08-05,38.35086758860698,38.80982233174047,38.27949824104285,38.76918029785156,36024000
2016-08-08,38.75827603770844,38.78950249156372,38.56453438237679,38.74638366699219,22158000
2016-08-09,38.7136687939157,39.10224111212277,38.68739970190923,38.87028884887695,26378000
2016-08-10,38.84500709069498,38.99676808778728,38.7968325976727,38.8911018371582,15728000
2016-08-11,38.906974098650494,39.14239770794384,38.806359707219904,38.899539947509766,19502000
2016-08-12,38.733497724025085,38.82741909474163,38.67897810396746,38.81874465942383,14810000
2016-08-15,38.8450162535622,39.03038221741594,38.664607650403106,38.78009033203125,18764000
2016-08-16,38.674026555349435,38.7077298045239,38.3342223277532,38.51740646362305,20560000
2016-08-17,38.52632783201473,38.69930228782929,38.33848129385672,38.654693603515625,18484000
2016-08-18,38.659650709878335,38.80090713102395,38.51046478035006,38.535247802734375,14388000
2016-08-19,38.41134304480161,38.51542493993417,38.318661945811634,38.432159423828125,17230000
2016-08-22,38.325602323525494,38.38854682118271,38.16600629636459,38.27008819580078,19028000
2016-08-23,38.43512927533329,38.48271010760235,38.25199430850321,38.26661682128906,18564000
2016-08-24,38.192265768524045,38.38655193183166,38.018300621985894,38.14567565917969,21440000
2016-08-25,38.01483183931633,38.25719798290104,37.825748811875656,38.134281158447266,18538000
2016-08-26,38.1139559181882,38.46486212408561,37.957831224720685,38.14072036743164,23334000
2016-08-29,38.10108036672538,38.41084927505644,37.99575818162107,38.27008819580078,16952000
2016-08-30,38.13031580001243,38.38487305050496,38.00690361349266,38.1184196472168,22600000
2016-08-31,38.01532588328893,38.11841704397494,37.93454095291092,38.017311096191406,24972000
2016-09-01,38.12635099311457,38.214074716775606,37.88101270634136,38.10305404663086,18502000
2016-09-02,38.31271151115939,38.357811772262274,38.08472207184725,38.23588943481445,21454000
2016-09-06,38.33451646568364,38.75827814747495,38.21308571159798,38.66312026977539,28856000
2016-09-07,38.65914573076564,38.79445404161025,38.47080766413517,38.67649459838867,17874000
2016-09-08,38.589273120458515,38.67650527776127,38.34096265734351,38.42720031738281,25406000
2016-09-09,38.16848019700802,38.324355339922306,37.65104293823242,37.65104293823242,37710000
2016-09-12,37.4265218017281,38.177896575372365,37.37051610598595,38.114952087402344,26220000
2016-09-13,37.88992800767289,37.976169427804464,37.45972296674823,37.65252304077149,27900000
2016-09-14,37.64856305310152,38.048536211659645,37.623783813129585,37.79130554199219,21748000
2016-09-15,37.81112706334695,38.35185743856842,37.66590780076466,38.25075149536133,26102000
2016-09-16,38.151131980040354,38.151131980040354,37.8988586711817,38.10801315307617,40986000
2016-09-19,38.28346332256296,38.36177524762953,37.88800133572991,37.950401306152344,23456000
2016-09-20,38.113968133466464,38.32857537268496,38.09067118169522,38.23341369628906,19572000
2016-09-21,38.295359841825906,38.518395685401536,38.07931572933841,38.471805572509766,23356000
2016-09-22,38.6591564799747,39.14735254059587,38.5818390442899,39.01650619506836,29724000
2016-09-23,38.98577696780852,39.10175501758583,38.86484533825852,39.00114440917969,28238000
2016-09-26,38.79495181129092,38.79495181129092,38.31567607865739,38.37217712402344,30664000
2016-09-27,38.43612774583688,38.95604188620692,38.3770477966817,38.808345794677734,23064000
2016-09-28,38.55258937820896,38.7488569629485,38.409846910261734,38.73646545410156,22196000
2016-09-29,38.73051996030071,38.94661699868603,38.373272396107886,38.41183090209961,26294000
2016-09-30,38.47726044388387,38.70574523723643,38.366235983112915,38.52483749389648,31706000
2016-10-03,38.37416610066983,38.46412082560949,38.138738752956904,38.290401458740234,25576000
2016-10-04,38.46238640614068,38.595217953419954,38.30676083224448,38.48221206665039,24028000
2016-10-05,38.62495680598773,38.761751224531494,38.443557484714475,38.48419952392578,29224000
2016-10-06,38.60959187763043,38.682942663888234,38.43810350214961,38.50352478027344,21414000
2016-10-07,38.64230480743547,38.64230480743547,38.20069510475529,38.415306091308594,18664000
2016-10-10,38.54565719876538,39.12405753744652,38.45445840058603,38.95355987548828,23498000
2016-10-11,38.98924544549227,39.26778786299042,38.68790143724837,38.81131362915039,27450000
2016-10-12,38.84550718642807,39.06209958221931,38.76125097100845,38.96346664428711,18748000
2016-10-13,38.719615550635126,38.719615550635126,38.31220830355611,38.56943893432617,27306000
2016-10-14,38.74092706955453,38.85491987455084,38.46089485410947,38.58628845214844,17050000
2016-10-17,38.64924364851223,38.94909779410566,38.53524704169737,38.65717315673828,21860000
2016-10-18,39.048220978007585,39.73020775364254,38.93496931362198,39.41548156738281,41138000
2016-10-19,39.56318451838133,39.87840611747293,39.55277822005955,39.724761962890625,35336000
2016-10-20,39.81397585354627,39.84718374328274,39.45365020870579,39.500240325927734,35150000
2016-10-21,39.40259398184797,39.62562602014554,39.35303172682158,39.61918258666992,25324000
2016-10-24,39.89327795820227,40.40278579718443,39.88931509424558,40.30018997192383,33950000
2016-10-25,40.4771305041525,40.4771305041525,39.90517353392061,40.03056716918945,31528000
2016-10-26,39.96464230617826,39.99636033628408,39.468021447103624,39.60431671142578,32954000
2016-10-27,39.69998090286995,39.82339310313184,39.229133694112704,39.419952392578125,54984000
2016-10-28,40.06426279607105,40.418144962393754,39.33271372183856,39.420936584472656,85398000
2016-10-31,39.425895543987664,39.49478811411705,38.85740989160928,38.88417434692383,48546000
2016-11-01,38.80238524469095,39.129499141179586,38.438096822252064,38.83806991577149,48128000
2016-11-02,38.56994156283345,38.74093458485618,37.83888778263274,38.09909439086914,37448000
2016-11-03,38.02722354621333,38.161045807946806,37.61981624750106,37.773460388183594,38864000
2016-11-04,37.204976325016,38.1813683923846,37.200068122053146,37.76801300048828,42696000
2016-11-07,38.38655363911165,38.91638239093653,38.28990591102998,38.78404998779297,31702000
2016-11-08,38.827665238339605,39.433971971566,38.668568379184634,39.18006134033203,27338000
2016-11-09,38.65618565661452,39.2156036223075,38.24629773354233,38.92233657836914,52142000
2016-11-10,39.212771066880286,39.212771066880286,37.28031176173138,37.79477310180664,94904000
2016-11-11,37.49640782122791,37.70655681645142,37.1911009408978,37.37150955200195,48636000
2016-11-14,37.44981359410824,37.561333404940186,36.05907548932524,36.48234558105469,73088000
2016-11-15,37.022089505181995,37.88676518037438,37.022089505181995,37.593055725097656,47680000
2016-11-16,37.42998527457662,37.98311094289466,37.1975376506655,37.889930725097656,29452000
2016-11-17,38.01086702256352,38.29733891160587,37.877540126277346,38.224483489990234,26080000
2016-11-18,38.23142779170228,38.41134104257891,37.66789573207738,37.69466018676758,30942000
2016-11-21,37.797248487487806,38.14865005287797,37.697624839131315,38.12386703491211,26612000
2016-11-22,38.29387495408113,38.50848215714509,38.014833407354885,38.077781677246094,31862000
2016-11-23,38.05102128444961,38.07842857157996,37.43247420743413,37.71696472167969,29568000
2016-11-25,37.879030031714265,37.91570542150983,37.69366408850689,37.75115585327149,11748000
2016-11-28,37.667895893281425,38.63586314373856,37.65798495289668,38.0762939453125,43764000
2016-11-29,38.23935302040426,38.58480654025001,38.07628952076758,38.20515441894531,32332000
2016-11-30,38.16699963355622,38.31172357237673,37.41165812191221,37.57075500488281,47858000
2016-12-01,37.541017419004135,37.66046297226429,36.52918637798961,37.06917572021485,60358000
2016-12-02,36.90412147439564,37.37051033677784,36.83027156088633,37.19704055786133,29050000
2016-12-05,37.554393748120845,37.86118666158422,37.315994255655234,37.79278945922851,27884000
2016-12-06,37.90232551059213,38.10553569390683,37.53605560407504,37.623783111572266,33814000
2016-12-07,37.71745414295716,38.23092852774335,37.45972812544589,38.222503662109375,35220000
2016-12-08,38.28644685457398,38.568955951413216,38.02624021190024,38.48172378540039,29762000
2016-12-09,38.659157486886414,39.12653718155968,38.61063509433258,39.119598388671875,36438000
2016-12-12,38.90894913716249,39.216736556704994,38.87500010462216,39.11860275268555,42082000
2016-12-13,39.34807974326579,39.86750222969827,39.32032457415006,39.45711898803711,42904000
2016-12-14,39.521546175754544,39.848663882138055,39.35352910163725,39.50519180297851,34084000
2016-12-15,39.518579193816,39.7991068265835,39.299509978498605,39.54385757446289,32530000
2016-12-16,39.670235772533275,39.69283694796068,39.1691529281988,39.19443130493164,48876000
2016-12-19,39.165691033336955,39.53443775240373,38.96991498779655,39.36294937133789,24642000
2016-12-20,39.48983019746037,39.58350199941512,39.31685575419303,39.47297668457031,19020000
2016-12-21,39.444226733445845,39.48566285083571,39.011045742404576,39.38078689575195,24226000
2016-12-22,39.27174755057227,39.31932837404242,39.08440018517226,39.217227935791016,19444000
2016-12-23,39.19938122497699,39.29058000330762,39.01996337796515,39.15031433105469,12468000
2016-12-27,39.188486703242425,39.544350315093375,39.03865795079985,39.23160552978515,15782000
2016-12-28,39.338169553364885,39.364434867854406,38.81775634116579,38.909446716308594,23076000
2016-12-29,38.82419639725194,38.953061294257296,38.605622564639454,38.79743194580078,14886000
2016-12-30,38.79545187850394,38.79693795222395,38.183843680807655,38.25372695922851,35400000
2017-01-03,38.60016890832735,39.13644107737907,38.45098677877279,38.96346664428711,33146000
2017-01-04,39.07350448744706,39.22120435456263,38.81577842899862,39.00114440917969,21460000
2017-01-05,38.960493299927016,39.376820785460986,38.90795511569442,39.35402297973633,26704000
2017-01-06,39.41549092467522,40.0419675173778,39.2640248229864,39.955230712890625,32804000
2017-01-09,39.96761566140219,40.144356335216045,39.79067457561332,39.98000717163086,25492000
2017-01-10,40.039979228432735,40.10292371357673,39.82437753977148,39.8878173828125,23536000
2017-01-11,39.8982328193432,40.05435754910578,39.71831956325489,40.04246139526367,21318000
2017-01-12,40.00429021455345,40.016681724522456,39.6092744387211,39.965633392333984,27062000
2017-01-13,40.0211441887252,40.20670676905062,39.981988226805825,40.04096984863281,21984000
2017-01-17,40.00132391650797,40.00429606428333,39.668757218422435,39.878902435302734,27242000
2017-01-18,39.93837655891499,39.957952650428474,39.69948169054573,39.951263427734375,25888000
2017-01-19,39.904177249345075,40.120270523815584,39.73962766788221,39.75821304321289,18386000
2017-01-20,39.99289127397162,39.99289127397162,39.73417077619549,39.89921569824219,33400000
2017-01-23,40.00974466130529,40.68479270989905,39.835779500406765,40.60747528076172,39272000
2017-01-24,40.755671859986414,40.93409524810301,40.53367588097722,40.8334846496582,29480000
2017-01-25,41.11847320016796,41.42328850720696,40.89246518520191,41.418331146240234,29890000
2017-01-26,41.52439360245907,41.53381296623486,40.98911206999288,41.243865966796875,59478000
2017-01-27,41.37074701404106,41.72958277970971,40.663481780409874,40.80572891235352,59316000
2017-01-30,40.37700812224482,40.435490605301304,39.64050167763337,39.76539993286133,64932000
2017-01-31,39.494773809401,39.71235687883569,39.18054681496307,39.49130630493164,43212000
2017-02-01,39.634561612166635,39.709402265121355,39.213772007235285,39.43705368041992,40594000
2017-02-02,39.34312753041594,39.78423814644614,39.25391393496272,39.57756042480469,30642000
2017-02-03,39.79861133874968,39.947793488342235,39.66875571167987,39.724266052246094,29268000
2017-02-06,39.635547129622296,39.73318558184971,39.41499184504508,39.71683120727539,23690000
2017-02-07,39.84817261077629,40.17082834796547,39.73863800620149,39.99586868286133,24824000
2017-02-08,39.99735672528332,40.23724232343404,39.80852324744711,40.06575393676758,23106000
2017-02-09,40.121760304065454,40.17876050215617,39.875435048391765,40.12424087524414,19794000
2017-02-10,40.23030343844515,40.40625382766875,40.135141772132336,40.32794189453125,22700000
2017-02-13,40.443417205623014,40.68920167755608,40.41814261046923,40.60400390625,24266000
2017-02-14,40.592113861943496,40.79036669687534,40.44342329040504,40.66397857666016,21094000
2017-02-15,40.60995283729387,40.79036521716578,40.56584329418628,40.591121673583984,26272000
2017-02-16,40.638204798916746,40.859754582192586,40.59112310662169,40.84785842895508,25752000
2017-02-17,40.79135697938571,41.041648864746094,40.723700917188914,41.041648864746094,32220000
2017-02-21,41.07089863257874,41.30830747958204,41.05553497073218,41.21958923339844,25246000
2017-02-22,41.07088684133364,41.2983808995784,41.06989612554527,41.17496871948242,19658000
2017-02-23,41.143255652173025,41.25923369648934,40.784419862878885,41.20322799682617,29456000
2017-02-24,41.024796440850594,41.0877409265114,40.849836786456756,41.06989669799805,27844000
2017-02-27,40.86718306722924,41.162083598085104,40.83992325896463,41.10161590576172,22030000
2017-02-28,40.91971998502668,41.06493925828434,40.65158388809146,40.8007698059082,45216000
2017-03-01,41.08030697512327,41.44732180530893,41.0014996921727,41.39701461791992,29930000
2017-03-02,41.32812555486447,41.36083430469596,41.119462637731345,41.16853332519531,18850000
2017-03-03,41.165063710808255,41.2047150362035,40.92671712084893,41.09170913696289,17928000
2017-03-06,40.9861338787781,41.08179088813214,40.76062125973804,41.02727127075195,22180000
2017-03-07,41.00844432429928,41.30632084646879,40.96483013443316,41.23197555541992,20752000
2017-03-08,41.311268133454675,41.54124276456532,41.22602119860383,41.40345764160156,19796000
2017-03-09,41.43468093290778,41.73205827488387,41.34596271008511,41.567508697509766,25230000
2017-03-10,41.7955038321956,41.87628876954053,41.60815265705555,41.79401397705078,34080000
2017-03-13,41.83118976122373,42.0633916333422,41.794015227297685,41.90751647949219,24472000
2017-03-14,41.81333852513407,41.991765670279314,41.67258126554677,41.91147232055664,15598000
2017-03-15,42.00911835781656,42.06066204951621,41.6710989795814,41.98978805541992,27630000
2017-03-16,42.08049530287787,42.170699615647386,41.936762075769,42.0681037902832,19552000
2017-03-17,42.20836035238928,42.297074790564125,41.985324518159395,42.23363494873047,34246000
2017-03-20,42.12906100291588,42.13947108208392,41.88818470321249,42.04926300048828,24630000
2017-03-21,42.1979494099628,42.30203128459566,41.08872968160929,41.160099029541016,49270000
2017-03-22,41.23196499527115,41.41237356693569,40.99753216740517,41.11697769165039,28030000
2017-03-23,40.69123548591719,40.76905205306545,40.257906979725334,40.521732330322266,69742000
2017-03-24,40.64564047063104,40.73733084178922,40.09102867841021,40.36560821533203,39620000
2017-03-27,39.994879766840754,40.722466066875775,39.817443304094574,40.61738967895508,37886000
2017-03-28,40.66199655291465,40.93855753310014,40.345636777076386,40.68727493286133,32410000
2017-03-29,40.88948928635369,41.274344573024464,40.75963366671899,41.20718765258789,35726000
2017-03-30,41.31077154947638,41.31969177274397,41.087739498281245,41.211647033691406,21106000
2017-03-31,41.08626015843608,41.218592580918504,41.00794822365465,41.115501403808594,28038000
2017-04-03,41.098643424973346,41.67506230984372,41.098643424973346,41.56106948852539,33430000
2017-04-04,41.20471461635298,41.39404345394461,41.089530655781,41.36381149291992,20908000
2017-04-05,41.41039783863864,41.75436529982064,41.172989049635845,41.20718765258789,31106000
2017-04-06,41.25625698630578,41.45401446557996,40.96185555018259,41.03223419189453,25088000
2017-04-07,41.03618667740924,41.06220997903027,40.66709216303444,40.87312698364258,21146000
2017-04-10,40.90881879077453,41.10508639946342,40.82852543375195,40.87610626220703,19578000
2017-04-11,40.87511904946635,41.00978078420048,40.49398081261387,40.80771255493164,21594000
2017-04-12,40.737326743317986,40.97175957772862,40.69222270846388,40.85578155517578,18010000
2017-04-13,40.74774043979219,40.9578894331055,40.71304647643368,40.81812286376953,22448000
2017-04-17,40.8899802322645,41.52141403327852,40.86321578228919,41.49266815185547,17900000
2017-04-18,41.34646162564351,41.57990378561397,41.271624761822736,41.47532653808594,16734000
2017-04-19,41.62252430126361,41.74296433866785,41.449054497617894,41.54421615600586,19084000
2017-04-20,41.70430397133574,41.890660644510085,41.599231372721704,41.71471405029297,19180000
2017-04-21,41.775682482481336,41.82524474999022,41.6626765799481,41.791046142578125,26472000
2017-04-24,42.18803876509458,42.795184928696855,42.12162299547449,42.760986328125,27450000
2017-04-25,42.87200639424228,43.367636525967626,42.76346251811941,43.23381805419922,33440000
2017-04-26,43.32947394680312,43.419682024422606,43.00820976695103,43.20556640625,24744000
2017-04-27,43.298253866310645,43.38746745210578,43.13866164029091,43.33047103881836,40536000
2017-04-28,45.13505783755085,45.44185076387207,44.892695471810256,44.9021110534668,65526000
2017-05-01,44.70287579248498,45.38387204199868,44.67858812494306,45.229732513427734,42320000
2017-05-02,45.0835047087826,45.636134999612466,45.07522731695096,45.42152404785156,31744000
2017-05-03,45.34322449578218,45.99943764012778,45.22838842446316,45.946903228759766,29990000
2017-05-04,45.8988203140723,46.38751164979752,45.82546575445135,46.17587661743164,28442000
2017-05-05,46.269061001232465,46.33646749663872,45.85570558561264,45.95136260986328,38226000
2017-05-08,45.90130247820743,46.43682977413283,45.85867900829314,46.30672836303711,26596000
2017-05-09,46.438070086569944,46.465329898031115,46.070314092166214,46.2011604309082,31636000
2017-05-10,46.19173595101225,46.19272666675808,45.853716595150246,46.03313446044922,23478000
2017-05-11,45.861655533770865,46.21900526423783,45.74815805580756,46.123348236083984,16700000
2017-05-12,46.16943756640318,46.264103867471995,45.98704753781309,46.203636169433594,21012000
2017-05-15,46.23981136005496,46.50249471989991,46.06088885562438,46.44450759887695,22162000
2017-05-16,46.58923591980317,46.74337542018163,46.46929502211398,46.7379264831543,19390000
2017-05-17,46.374627778915354,46.55617455913702,45.50578892647001,45.579139709472656,47242000
2017-05-18,45.64753900927276,46.25072236260164,45.53602297458624,46.10550308227539,31938000
2017-05-19,46.16646560798267,46.47796633022695,46.14316866037837,46.292354583740234,27860000
2017-05-22,46.34142614907704,46.68256897223137,46.34142614907704,46.681427001953125,22408000
2017-05-23,46.981777576918056,47.15757670644404,46.7168631759301,47.02638626098633,25416000
2017-05-24,47.23255852663294,47.3371395396706,47.060079452702766,47.33069610595703,20496000
2017-05-25,47.448164687547745,48.20642909737483,47.35597517535445,48.05332946777344,33210000
2017-05-26,48.06125549850402,48.3229481531076,47.829794800285086,48.148983001708984,25040000
2017-05-30,48.09149190412508,48.383420323479264,48.050849865690594,48.367557525634766,29334000
2017-05-31,48.32493266772078,48.535577004156885,47.58941691493791,47.82137298583984,48962000
2017-06-01,48.02408561558449,48.15047373415465,47.58099361708596,47.92496109008789,28210000
2017-06-02,48.04936350979902,48.36755724166597,47.87787513296418,48.35367965698242,35020000
2017-06-05,48.40075974901186,48.91423410658005,48.32889504394611,48.75414276123047,25042000
2017-06-06,48.72837866894734,48.980651985187734,48.33088228877513,48.401756286621094,36292000
2017-06-07,48.57175705433542,48.769019164384105,48.370532080956835,48.61834716796875,29078000
2017-06-08,48.68823024285196,48.79826020152395,48.43298100681246,48.74076843261719,29638000
2017-06-09,48.79479416462307,48.79479416462307,46.37265252085536,47.076446533203125,66188000
2017-06-12,46.56742708783275,47.05289672983046,45.36170706931231,46.732967376708984,75270000
2017-06-13,47.179537486091135,47.57951068271218,46.79195201995584,47.25338363647461,40266000
2017-06-14,47.57653315600569,47.63749621589127,46.7007554285687,47.122535705566406,29794000
2017-06-15,46.29037234382827,46.75472689873884,45.818035341987986,46.70372772216797,42662000
2017-06-16,46.58923261495237,46.69034234211315,46.172655547657634,46.57832717895508,61894000
2017-06-19,47.08288509357673,47.58000134127513,47.03778105369884,47.45014572143555,30666000
2017-06-20,47.45758341284973,47.660793614384765,47.085365396696,47.11609649658203,22520000
2017-06-21,47.26527235089182,47.58545126979426,47.122529870884634,47.5532341003418,24044000
2017-06-22,47.51606585310503,47.61618109058411,47.31037887838552,47.4362678527832,18828000
2017-06-23,47.42338738795451,47.87788022536088,47.29303639337852,47.85755920410156,30558000
2017-06-26,48.07116865970038,48.240180240067,47.12402165265125,47.19737243652344,31968000
2017-06-27,46.71116575611473,47.00011825865043,45.93748470097093,45.96127700805664,51598000
2017-06-28,46.04404904350925,46.7255406085787,45.39972823308199,46.613529205322266,54428000
2017-06-29,46.08963573349618,46.156051502368896,45.13306942536807,45.48843765258789,65984000
2017-06-30,45.89783460131722,45.89783460131722,45.018585631195435,45.03940200805664,41804000
2017-07-03,45.21039132237716,45.29761968606491,44.34848751289355,44.54228210449219,34196000
2017-07-05,44.69393851223538,45.32586382752539,44.53236111257082,45.18708801269531,36278000
2017-07-06,44.81091840288567,45.347387266823375,44.59184919146011,44.93829345703125,28490000
2017-07-07,45.04534436471099,45.674297593353195,45.04534436471099,45.5280876159668,32756000
2017-07-10,45.68570440664389,46.1124420250203,45.57765587707456,46.03413009643555,23856000
2017-07-11,46.0708084264492,46.16448023037654,45.69710058249897,46.09806823730469,22264000
2017-07-12,46.5238073668753,46.90147804182019,46.315148261033784,46.77906036376953,30642000
2017-07-13,46.90098444946643,47.30541959028259,46.73842008932593,46.94410705566406,25894000
2017-07-14,47.18399073284619,47.42734759695286,46.985987477952115,47.38174819946289,21076000
2017-07-17,47.43180813318062,47.61717409830676,47.04725155699085,47.25437545776367,23310000
2017-07-18,47.23355655193846,47.978983236036925,47.114602588967614,47.84813690185547,23080000
2017-07-19,47.96906809186192,48.226797894666625,47.78023463295085,48.120235443115234,24490000
2017-07-20,48.323945332668856,48.36855023638544,47.65534066536201,47.98443984985352,32490000
2017-07-21,47.692010052089636,48.23621174075012,47.587928175171825,48.220848083496094,34220000
2017-07-24,48.18615783303037,48.87905013139011,48.11429312011266,48.58860778808594,64966000
2017-07-25,47.27370739705768,47.565635853831395,46.85688444274789,47.11956787109375,93220000
2017-07-26,47.31682925503795,47.332688273303305,46.7021958726096,46.975833892822266,41766000
2017-07-27,47.17308635050815,47.17308635050815,45.597973063480254,46.29631423950195,64260000
2017-07-28,46.06386765993554,46.779062364442815,45.96969672076949,46.66506576538086,36928000
2017-07-31,46.682908005280886,46.76716422023118,45.897330918128766,46.118385314941406,39402000
2017-08-01,46.21156862841911,46.46270376405593,46.056933758711935,46.13474655151367,25554000
2017-08-02,46.02471505774454,46.22247253188592,45.433427848405486,46.112937927246094,36488000
2017-08-03,46.11045703217754,46.20462797755606,45.708997791535616,45.77888107299805,24050000
2017-08-04,45.932524121971085,46.10881858667488,45.74814889558671,45.99249267578125,21646000
2017-08-07,46.047013719598674,46.17786004860959,45.92013403507328,46.06188201904297,20644000
2017-08-08,45.949381393464776,46.381768388099246,45.87602682090131,45.934513092041016,21232000
2017-08-09,45.62820560810928,45.89436026832788,45.46167460427289,45.74170684814453,23842000
2017-08-10,45.47654713696723,45.5613025018048,44.91053830184873,44.965553283691406,36480000
2017-08-11,45.001733509714654,45.487948124130625,44.88327867924698,45.31993103027344,24136000
2017-08-14,45.72336592639377,45.82933091695185,45.5082633860556,45.73030471801758,21290000
2017-08-15,45.807623873683575,45.92261118837936,45.58905381994797,45.708003997802734,17668000
2017-08-16,45.86016198430614,46.227422595761254,45.7687174045234,45.94293212890625,20134000
2017-08-17,45.88445136924276,45.937976493314295,45.150917053222656,45.150917053222656,25544000
2017-08-18,45.11771103766459,45.363790489708435,44.961291371526855,45.135555267333984,26854000
2017-08-21,45.10234219364993,45.25103274639191,44.77522449016071,44.93680191040039,18868000
2017-08-22,45.2371604334073,45.888416206285946,45.175452447727814,45.83042907714844,23334000
2017-08-23,45.69363317822737,46.09013504994346,45.56625434752815,45.944915771484375,21804000
2017-08-24,46.02718580295456,46.13523431960995,45.37493940280447,45.66141128540039,25406000
2017-08-25,45.77094800676313,45.873294240680586,45.37494151547368,45.39426803588867,21068000
2017-08-28,45.39971971938735,45.560552212847995,45.195023474859454,45.29117584228515,21730000
2017-08-29,44.859484162712995,45.76301692243338,44.854526802628655,45.66190719604492,23712000
2017-08-30,45.60045447527125,46.13420075894986,45.58062881381886,46.072296142578125,26024000
2017-08-31,46.1808401229808,46.687371972129945,46.1808401229808,46.5560302734375,31652000
2017-09-01,46.64524403051965,46.712155165628914,46.348857385648245,46.457401275634766,18948000
2017-09-05,46.24625633705633,46.44054250448977,45.69511586458148,46.01678085327149,26528000
2017-09-06,46.10103967934809,46.13895535687137,45.56179532820769,45.98506164550781,30554000
2017-09-07,46.17934577780469,46.41130183520764,45.77739121248442,46.38850402832031,24254000
2017-09-08,46.415270304649326,46.44004954405994,45.83984214086008,45.920135498046875,20230000
2017-09-11,46.30425937780098,46.50895189574683,45.94096154372566,46.04801559448242,25340000
2017-09-12,46.22197124434113,46.26608078275416,45.789334757547266,46.196197509765625,22688000
2017-09-13,46.12631785948276,46.45293644406891,46.086666538769016,46.34588241577149,22052000
2017-09-14,46.15556203415715,46.23089803575689,45.79623089808235,45.85124588012695,27952000
2017-09-15,45.82893905108892,45.919638702836146,45.417565119896544,45.61234664916992,50108000
2017-09-18,45.59848063086736,45.70107646074173,45.13209160459304,45.35017013549805,26138000
2017-09-19,45.47009998556757,45.71791506257082,45.22872834257332,45.68768310546875,18734000
2017-09-20,45.74567468520544,46.28591357199067,45.69710313713863,46.17191696166992,33396000
2017-09-21,46.24230192813657,46.41725782611718,45.7878090984058,46.21504211425781,25812000
2017-09-22,45.98209512468669,46.32804405554496,45.91915063029325,46.020751953125,21054000
2017-09-25,45.86809083632222,45.91517630508864,45.08747487091886,45.64604949951172,37136000
2017-09-26,45.78235468585381,46.13425168204368,45.654480488067925,45.8388557434082,33338000
2017-09-27,45.98159689686757,47.079911325437635,45.98159689686757,46.81177520751953,44788000
2017-09-28,46.656644618733374,47.119066923124365,46.61649793784598,47.06008529663086,20406000
2017-09-29,47.1839922790034,47.569891231199726,47.15970839640313,47.5363883972168,31620000
2017-10-02,47.57950728885465,47.706386983320456,46.97781000260595,47.24694061279297,25668000
2017-10-03,47.28311597622832,47.48136878792949,47.04223969863051,47.4709587097168,17766000
2017-10-04,47.43180305316465,47.5998239097826,47.119062067265475,47.16812896728515,19048000
2017-10-05,47.356970092445096,48.12123174310672,47.34160265270451,48.07414627075195,24276000
2017-10-06,47.9125686390243,48.544993233324675,47.747028340250736,48.51674270629883,23478000
2017-10-09,48.57175574629303,48.84063677225755,48.37895564404075,48.423065185546875,17828000
2017-10-10,48.57175949004959,48.649572281740504,47.88184310023559,48.20499420166016,19368000
2017-10-11,48.26049811029531,49.10257246568113,48.18763890772505,49.03021240234375,33866000
2017-10-12,48.94100007534469,49.271585291618024,48.81956932841663,48.95983123779297,25248000
2017-10-13,49.16651247064535,49.424737640396145,49.01782568507562,49.05152893066406,23396000
2017-10-16,49.17147271122526,49.26103418530992,48.77001345090777,49.1665153503418,18210000
2017-10-17,49.0817623379268,49.3865738496306,48.99750611214824,49.175437927246094,25804000
2017-10-18,49.155117528642435,49.40045205864724,48.91746293745451,49.206661224365234,21152000
2017-10-19,48.869130873782346,49.011873351872744,48.49195555206243,48.79230880737305,26272000
2017-10-20,49.03962307542896,49.11694049113684,48.79874682473168,48.97816467285156,23664000
2017-10-23,49.04359574330144,49.04359574330144,47.88381923980087,47.99930191040039,29568000
2017-10-24,48.076129375047465,48.18665469783403,47.630061439007314,48.1028938293457,24244000
2017-10-25,47.995335334971784,48.377963379812265,47.60626763759974,48.24116897583008,24226000
2017-10-26,48.57175722872919,48.948437221120024,48.18516629661987,48.203006744384766,40842000
2017-10-27,50.01850011294798,51.96136945713884,49.96943321050264,50.518096923828125,103354000
2017-10-30,50.256901753791496,50.80060812981867,49.93474137574088,50.411041259765625,41702000
2017-10-31,50.31736626843949,50.75252872861655,50.079462129771606,50.38774490356445,26614000
2017-11-01,50.41599520205693,51.033551462656774,50.40310833404568,50.826873779296875,27468000
2017-11-02,50.641508434566965,50.955240147574855,50.20783204485709,50.83083724975586,20980000
2017-11-03,50.658855097540474,51.18124972557102,50.56964151477446,51.17282485961914,21528000
2017-11-06,50.999847505234825,51.29127676102343,50.80209004812788,50.84669494628906,22504000
2017-11-07,50.91460109034902,51.24667619058779,50.80853777276857,51.2149543762207,22246000
2017-11-08,51.075682714606934,51.72010178197938,50.9730869034583,51.53810501098633,21774000
2017-11-09,51.2476664343083,51.2476664343083,50.53772399195259,51.11235809326172,24904000
2017-11-10,50.874459925858616,51.08757728414807,50.81597365579717,50.954254150390625,14400000
2017-11-13,50.723785019056805,51.12821640008872,50.68165690775591,50.839263916015625,17716000
2017-11-14,50.68265005619678,50.89180454898171,50.26433728926857,50.85165786743164,19184000
2017-11-15,50.515116683563,50.75698366978709,50.3272739556161,50.5993766784668,17080000
2017-11-16,50.67917343316776,51.34331979889978,50.67917343316776,51.17381286621094,22594000
2017-11-17,51.2486567539466,51.2689777728428,50.44276235308797,50.50917434692383,27942000
2017-11-20,50.56716781249708,50.68364121325711,50.43037339181352,50.4739875793457,19070000
2017-11-21,50.7183330083972,51.30317677693556,50.68587004810947,51.27244567871094,21940000
2017-11-22,51.29771794232588,51.530959652020755,51.12077686840234,51.34529876708984,14926000
2017-11-24,51.34084310750608,51.70305184989971,51.29772427957863,51.57577133178711,10740000
2017-11-27,51.54553526513487,52.311778292273296,51.46821783951221,52.24982452392578,26158000
2017-11-28,52.29344647906179,52.65451325005542,51.545539199447106,51.91279983520508,28488000
2017-11-29,51.6783719810049,51.74775991107035,50.33868579140826,50.63655853271485,49188000
2017-11-30,50.67174159581961,50.97506701873586,50.30646240147298,50.62416076660156,34480000
2017-12-01,50.346115372236525,50.67769133252742,49.663137790384475,50.06707382202149,38192000
2017-12-04,50.190485218247375,50.360982877391976,49.343453422383455,49.49759292602539,38128000
2017-12-05,49.361793600935954,50.58451090971462,48.98214145338656,49.818267822265625,41346000
2017-12-06,49.63736581956528,50.80060997196467,49.61952158937936,50.4739875793457,25440000
2017-12-07,50.57559127242247,51.26005871475229,50.45867167462544,51.096004486083984,29164000
2017-12-08,51.42113341609649,51.64714140289178,51.174902726673054,51.39932632446289,25816000
2017-12-11,51.32250401805657,51.73387417251591,51.15151100971334,51.60005569458008,23856000
2017-12-12,51.52719638411848,52.05652978138278,51.23279497698622,51.5693244934082,25590000
2017-12-13,51.84886480471075,51.87587504656691,51.4652460120036,51.57577133178711,25654000
2017-12-14,51.79335172610187,52.46245168590909,51.69967614355848,51.99903869628906,31174000
2017-12-15,52.26965487498035,52.91447099410166,52.0163870607214,52.74446868896485,65518000
2017-12-18,52.8381421827059,53.4532178946438,52.63592271311894,53.38630676269531,31092000
2017-12-19,53.29015437224075,53.37143844638195,52.71274855007785,53.066131591796875,26774000
2017-12-20,53.1206574203079,53.19995629070232,52.612140320949656,52.78214263916016,25372000
2017-12-21,52.78213037289328,52.99921433610465,52.62570694962925,52.716705322265625,19914000
2017-12-22,52.5918105834237,52.744959361142314,52.509040439588176,52.54274368286133,15102000
2017-12-26,52.4411455220628,52.54275062319267,52.05108327413016,52.37522888183594,15212000
2017-12-27,52.407441307049346,52.456012855241546,51.94452363470701,52.00994491577149,25438000
2017-12-28,52.1204706107389,52.27659154332029,51.78195208802025,51.94898223876953,16742000
2017-12-29,51.87859857855192,52.02629842307168,51.788394282826914,51.86273956298828,17750000
2018-01-02,51.958898250478704,52.88077076127372,51.804758734504,52.78461837768555,24752000
2018-01-03,52.75041360459771,53.8398077316915,52.69589398431684,53.65097427368164,28604000
2018-01-04,53.92456708158563,54.20063270874676,53.72641256133244,53.84526443481445,20092000
2018-01-05,54.22193442636796,54.72995604197997,54.12280613621866,54.62983703613281,25582000
2018-01-08,54.62984292652392,55.07789225850775,54.599610969049294,54.863285064697266,20952000
2018-01-09,54.9852115680415,55.043198693895555,54.58033021645551,54.82958221435547,18050000
2018-01-10,54.37558816327823,54.74731080900589,54.32652125805604,54.648681640625,20856000
2018-01-11,54.8315645389233,54.84271576402461,54.49899787346576,54.79290771484375,19566000
2018-01-12,54.638762944691585,55.72320348549452,54.57631381700976,55.622589111328125,34410000
2018-01-16,56.13061358680884,56.497378863475554,55.40312942524998,55.59781265258789,31506000
2018-01-17,55.818866014445625,56.13507832865972,55.362387992020274,56.104347229003906,24052000
2018-01-18,56.07608955749179,56.130609175850104,55.386668601831815,55.99579620361328,23964000
2018-01-19,56.09691107194811,56.39577828452604,55.92195518810186,56.3784294128418,35564000
2018-01-22,56.377436080185376,57.48715123643118,56.25947661482576,57.285430908203125,32360000
2018-01-23,57.48566918915781,58.06937100761222,57.431149564516694,57.987247467041016,26662000
2018-01-24,58.352029864364894,58.47742348535652,57.54514473378086,57.703250885009766,28332000
2018-01-25,58.1141188401507,58.2831304085989,57.629889503727526,58.00706481933594,29610000
2018-01-26,58.24051687188267,58.27818298339844,57.39942931195378,58.27818298339844,40376000
2018-01-29,58.30989798705807,58.82584916178378,58.08686214768685,58.265289306640625,27578000
2018-01-30,57.8811750728512,58.311879311861354,57.6675585966685,57.675987243652344,31126000
2018-01-31,58.01698241008239,58.13742245133559,57.449982867658214,57.98575973510742,30774000
2018-02-01,57.6224596663585,58.18698239665618,57.37018258016751,57.874732971191406,48242000
2018-02-02,55.60970701014682,55.66274056090775,54.88004097884332,55.10912322998047,97158000
2018-02-05,54.0534271065371,55.01495088152818,52.14178413302723,52.328636169433594,75966000
2018-02-06,50.910138768534715,53.61280764033601,50.70975326688254,53.55779266357422,68960000
2018-02-07,53.60438677544258,53.616282928429705,51.9549280652682,51.97079086303711,47384000
2018-02-08,52.309306332479785,52.46840320077334,49.59573178458921,49.63835525512695,57182000
2018-02-09,50.41797553410827,51.74230160535539,49.19426383391903,51.43550491333008,70118000
2018-02-12,51.94204837246232,52.61114841066478,51.591535348555865,52.137325286865234,41154000
2018-02-13,51.79335145504905,52.45600797730068,51.74809994370887,52.14524841308594,25302000
2018-02-14,51.98912045551241,53.11767046531096,51.88008500402275,53.017555236816406,31116000
2018-02-15,53.481960630494406,54.09699092992686,52.75189764243969,53.99989700317383,36868000
2018-02-16,53.944885215504506,54.75077960248255,53.94007532797366,54.261592864990234,33590000
2018-02-20,54.05194101982582,55.2107231288414,53.95033592375914,54.6412467956543,28462000
2018-02-21,54.83999203142783,56.202974975028226,54.833053239420366,55.08136367797851,30258000
2018-02-22,55.32174636331623,55.65034638760667,54.6476890200485,54.847923278808594,26344000
2018-02-23,55.145793624078706,55.87139462936793,54.752955904159975,55.847110748291016,25220000
2018-02-26,55.89717519357597,56.69811607349837,55.84240977897008,56.687705993652344,31182000
2018-02-27,56.56329345709345,56.70206928903735,55.41145027060129,55.42582321166992,35482000
2018-02-28,55.66076169346768,55.88379378153124,54.67990754496504,54.75375747680664,37652000
2018-03-01,54.90937760835708,55.020893633621334,52.88378738145723,53.008636474609375,50318000
2018-03-02,52.19382109309138,53.62713353500574,51.94774165232952,53.47452926635742,45432000
2018-03-05,53.28718481323301,54.37558829913073,52.982868659692855,54.069786071777344,24044000
2018-03-06,54.48065742735588,54.61100840247611,54.012536643329454,54.27447509765625,30656000
2018-03-07,53.983541854583336,55.124978831939806,53.7997640691388,54.99710464477539,25850000
2018-03-08,55.2786194992815,55.88725551813088,55.15372124880096,55.807952880859375,27102000
2018-03-09,56.30358448835651,57.53274892862125,56.12818241757515,57.495079040527344,42560000
2018-03-12,57.6839197272049,58.33815141546873,57.36522685845435,57.71613311767578,43446000
2018-03-13,57.98872670617182,58.32377392298176,56.17125106332157,56.411136627197266,38144000
2018-03-14,56.76006803142522,57.42321996909545,56.57321220901155,56.97219467163086,25828000
2018-03-15,56.99548136584693,57.54662180758399,56.231219825004935,56.97664642333984,27908000
2018-03-16,57.202663788016295,57.28890144499152,56.103354871041766,56.29020690917969,61840000
2018-03-19,55.51107090884299,55.60920470830725,53.974618234686154,54.51039505004883,56118000
2018-03-20,54.46975413940833,54.77704241176458,53.699544464236595,54.405818939208984,36638000
2018-03-21,54.15949221452513,54.831564335095464,53.7833075845306,54.06730270385742,37578000
2018-03-22,53.62123742036332,53.67179039581671,51.838455677143266,51.995567321777344,53340000
2018-03-23,51.89396466161055,52.70332651248,50.614742618704646,50.63208770751953,43134000
2018-03-26,51.84291808532892,52.32021247802906,49.979347477366765,52.20026779174805,53302000
2018-03-27,52.685483304888294,52.776629151604006,49.410358622644814,49.8157844543457,61906000
2018-03-28,49.463891842960194,50.763926525322944,48.60347784864516,49.789024353027344,67386000
2018-03-29,50.13943624355361,51.69422861219618,49.70675055754238,51.13862609863281,54536000
2018-04-02,50.694042462794755,51.287810202970185,49.08572502676013,49.883689880371094,53608000
2018-04-03,50.25243655709297,50.60334279818786,49.269105753118744,50.227657318115234,45502000
2018-04-04,49.236399597219005,50.98637057702776,49.21607857825465,50.80903244018555,49694000
2018-04-05,51.611458767460086,51.683818837166264,50.56077058975531,50.94136428833008,27260000
2018-04-06,50.55427704510975,51.12028584892392,49.7131933472958,49.91194152832031,34928000
2018-04-09,50.39567700241843,51.525713211136896,50.26086402001547,50.328765869140625,35032000
2018-04-10,50.873461449366154,51.3611621082627,50.12506262007764,51.13119125366211,39490000
2018-04-11,50.950287962415125,51.11751096313717,50.3495814093838,50.552791595458984,29678000
2018-04-12,50.80407602200924,51.57973848115395,50.625403062408175,51.174312591552734,27140000
2018-04-13,51.58915350253646,51.8637330489473,50.70197501630287,51.013729095458984,24460000
2018-04-16,51.39684395490998,51.706117434223586,50.88833072911415,51.44541549682617,24224000
2018-04-17,52.109072248691966,53.42298837770204,51.954928959209745,53.23861312866211,46406000
2018-04-18,53.400677283848125,53.400677283848125,52.84532436724941,53.13551712036133,26882000
2018-04-19,53.002690537670745,54.23011557397261,52.94222284135775,53.909690856933594,34954000
2018-04-20,53.627179869958965,54.14015888215391,53.01111347879853,53.17913055419922,37794000
2018-04-23,53.42200290006819,53.662879228350675,52.57149970926593,52.90605163574219,46826000
2018-04-24,52.14029328107083,52.38810837039409,50.08788928606203,50.55328750610352,95206000
2018-04-25,50.82786113787684,51.173314636451195,50.321820939022736,50.612754821777344,47822000
2018-04-26,51.0256204132648,51.941049407918,50.46456896040149,51.54751968383789,41590000
2018-04-27,51.84291800920998,52.01638782242129,50.83133659251981,51.05238723754883,32396000
2018-04-30,51.050405447279445,51.396849713328386,50.39815517282711,50.42194747924805,33426000
2018-05-01,50.240044346991866,51.46970413806588,49.96992682334237,51.41221237182617,28558000
2018-05-02,50.95574141025907,51.564823725473325,50.69652928728569,50.77136993408203,32062000
2018-05-03,50.50471378090705,51.033797612491554,49.87476600572886,50.738651275634766,36302000
2018-05-04,50.40062596320235,51.96731046713807,50.40062596320235,51.95244216918945,38774000
2018-05-07,52.00299803849155,52.62005890727322,51.8974300920832,52.278568267822266,29322000
2018-05-08,52.46443797820994,52.56406164616859,51.89966941555786,52.234962463378906,24354000
2018-05-09,52.442622735565095,53.79767608291696,52.35663087793911,53.66484832763672,40656000
2018-05-10,53.82691559116336,54.54111952180052,53.80758907209262,54.39887619018555,28860000
2018-05-11,54.20212098610456,54.58524444571064,54.06879784889642,54.433082580566406,25074000
2018-05-14,54.519317271106544,55.05211817734915,54.47520772992672,54.52922821044922,30362000
2018-05-15,54.02369800737087,54.02617479736645,53.20442125313698,53.48990249633789,29898000
2018-05-16,53.39473306807265,53.98750630381493,53.342690238537934,53.61578369140625,21946000
2018-05-17,53.52260622068786,53.86855511506313,53.205898568882155,53.45817565917969,20876000
2018-05-18,52.6289844155337,53.029456713802176,52.57050193028702,52.852020263671875,31304000
2018-05-21,53.23365527736673,53.92456615162336,53.21333425808394,53.50724411010742,20464000
2018-05-22,53.7045087864675,53.85468165551617,52.86837858978191,53.01905059814453,21800000
2018-05-23,52.791057141479094,53.566719576412765,52.62155019961464,53.5126953125,21214000
2018-05-24,53.47850225300414,53.55135768806442,52.84161559621616,53.49039840698242,15336000
2018-05-25,53.4794926075055,53.65494386138602,53.21953555346287,53.31296157836914,17988000
2018-05-29,52.779157605120965,53.199451755375215,52.299885615556285,52.55265426635742,37302000
2018-05-30,52.68697514233512,52.99327271466139,52.379683072817166,52.92338943481445,22770000
2018-05-31,52.91149387122182,54.3800486056248,52.91149387122182,53.7753791809082,61766000
2018-06-01,54.48709586643189,55.510573271153255,54.44496776012296,55.48579025268555,48432000
2018-06-04,55.62606354408072,56.595516823717695,55.60995495800922,56.466651916503906,37792000
2018-06-05,56.550905800245005,56.78623105740443,56.16431487596123,56.484989166259766,33560000
2018-06-06,56.609390317863785,56.65052771110527,55.795218572886235,56.34720230102539,33964000
2018-06-07,56.07163788719694,56.29466996554954,55.33810352445262,55.70189666748047,30400000
2018-06-08,55.42038017085599,55.84116974238931,55.12151294075822,55.55370330810547,25816000
2018-06-11,55.44119922992786,56.36604393141745,55.44119922992786,56.00572204589844,21586000
2018-06-12,56.05924245821623,56.49142899956438,56.04263851485035,56.468135833740234,18240000
2018-06-13,56.55734969757525,56.82399972722205,56.17373091759782,56.243614196777344,30128000
2018-06-14,56.692658778430165,57.26857853250526,56.533561915339945,57.102542877197266,26868000
2018-06-15,56.94097316964468,57.166981180978766,56.67457268768082,57.1094856262207,42450000
2018-06-18,56.68274609944155,58.20234921259643,56.67977395182321,58.16022109985352,28274000
2018-06-19,57.4187550422276,58.05167498773147,57.196218333842154,57.892578125,32420000
2018-06-20,58.25190888076373,58.7959139673599,57.94709738369751,57.98080062866211,32970000
2018-06-21,58.229106229244536,58.3502874029841,57.108088674226615,57.37711715698242,24762000
2018-06-22,57.45048040668599,57.61686395685321,56.86166996758828,57.26907730102539,26220000
2018-06-25,56.68026176837302,56.695625425073544,55.15272935011788,55.74897384643555,43146000
2018-06-26,55.90708991347766,56.16531132012503,55.344994759472215,55.43425750732422,31264000
2018-06-27,55.57699729574793,56.09721009804283,54.69873902224214,54.716583251953125,25878000
2018-06-28,54.62290390906291,55.62506966172229,54.32155992593309,55.22410202026367,21448000
2018-06-29,55.510580831027845,55.918336033100005,55.262765738032186,55.29498291015625,26302000
2018-07-02,54.46975395572342,55.907082139460066,54.212024161514066,55.88031768798828,24346000
2018-07-03,56.29466152738728,56.29466152738728,54.52030476269681,54.66255187988281,13580000
2018-07-05,55.04121762350186,55.882301321006906,54.939612531755905,55.72221374511719,21334000
2018-07-06,55.68801657628963,56.54793524055513,55.5471080449797,56.5102653503418,19922000
2018-07-09,56.92213081298989,57.228927507001806,56.671343592585885,57.19819641113281,18180000
2018-07-10,57.3434133388678,57.47277358825128,56.97714346234681,57.138221740722656,15968000
2018-07-11,56.72933381063122,57.705725856815306,56.551402003692765,57.190765380859375,22400000
2018-07-12,57.48764908980958,58.7029360350934,57.29162725970162,58.65684127807617,25038000
2018-07-13,58.732172382776085,59.24847143191528,58.48435730943104,58.921504974365234,24438000
2018-07-16,58.94975861987424,59.02955283915122,58.4486757285241,58.67567443847656,21114000
2018-07-17,58.098761712368784,59.62629430833079,58.01846835171621,59.41614532470703,32208000
2018-07-18,59.30511895311596,59.69864864767108,58.99683619030984,59.27141571044922,27872000
2018-07-19,59.02954943108875,59.47561731723963,58.64890659954036,58.829315185546875,25534000
2018-07-20,58.82931581206855,59.319988601381134,58.69351212255188,58.72771072387695,24948000
2018-07-23,58.534413971157385,59.797281621388024,58.53391861327654,59.74821472167969,52384000
2018-07-24,62.57777346247486,62.74678126988009,61.23808360745787,61.858612060546875,66364000
2018-07-25,61.415022109278226,62.73983982627809,61.415022109278226,62.63278579711914,42556000
2018-07-26,62.00333477665902,62.93368123788387,61.90520096902308,62.86226272583008,48112000
2018-07-27,62.994594767845605,63.13783261508171,61.01207405898275,61.38379669189453,42612000
2018-07-30,60.8638826318284,61.20616361007455,60.04411065148288,60.45399475097656,36998000
2018-07-31,60.46737662990437,60.8429638086957,59.753172610874,60.331077575683594,32894000
2018-08-01,60.86338700361741,61.134495257305666,59.98166125503637,60.467376708984375,31344000
2018-08-02,59.76804605236055,60.95656861350159,59.713031068023255,60.771697998046875,30626000
2018-08-03,60.94367599393289,60.962510938680296,60.22203783080523,60.650760650634766,21792000
2018-08-06,60.71468982555306,60.76861576821005,60.25855976742659,60.70328903198242,21634000
2018-08-07,61.30945572576346,62.01176364557416,61.26831832740552,61.56817626953125,29880000
2018-08-08,61.48143690773993,62.27593431296022,61.35941247629502,61.73619079589844,27406000
2018-08-09,61.94881578438877,62.22845100642535,61.75601567261233,61.9091682434082,16972000
2018-08-10,61.60683273981663,61.74040543601889,61.06163651802856,61.33968734741211,22174000
2018-08-13,61.30845768874152,61.9177365557053,61.14296655682279,61.210819244384766,19946000
2018-08-14,61.21974394331049,61.74907737859459,60.72015089069959,61.562225341796875,26962000
2018-08-15,60.925836423052814,61.22222305736102,59.946963797670456,60.18833923339844,36576000
2018-08-16,60.70131907333118,60.764263566082604,59.602010107591184,59.79729080200195,26864000
2018-08-17,59.576238354123475,59.922682623472106,58.892761616323504,59.5232048034668,27792000
2018-08-20,59.72442634947118,60.020812980112794,59.20926924491662,59.86072540283203,17416000
2018-08-21,59.8721242990493,60.33107528198587,59.493164163203,59.555912017822266,24112000
2018-08-22,59.47562660840169,60.062451853161015,59.42606434249972,59.838924407958984,17748000
2018-08-23,59.82949597337091,60.53031772667809,59.68576655845311,59.74226760864258,19852000
2018-08-24,59.91276233275833,60.548654358020265,59.790787075963664,60.49909210205078,18932000
2018-08-27,60.84356279945105,61.61129196236196,60.75018593914015,61.54834747314453,23126000
2018-08-28,61.522077332519814,61.58428067446622,60.897586030243275,61.019508361816406,26080000
2018-08-29,61.33176204941853,61.98648913707062,61.277688623792606,61.91908264160156,25978000
2018-08-30,61.66779191921428,62.1339350662551,61.0908814473015,61.414527893066406,26628000
2018-08-31,61.20933402463024,61.39172404789836,60.034938754146864,60.37717056274414,36328000
2018-09-04,59.6872604588482,60.11945082012572,59.10390273178223,59.326934814453125,36620000
2018-09-05,59.16833301385626,59.42655819815607,57.5922287973233,58.80553436279297,41226000
2018-09-06,58.79660317185228,58.79660317185228,57.09659161076341,58.060096740722656,37770000
2018-09-07,57.42717610681176,58.24942860037218,57.35506183033915,57.73248672485352,28026000
2018-09-10,58.09727525998911,58.21374865542585,57.498553908567864,57.72307205200195,22308000
2018-09-11,57.57389407396936,58.41894072273922,57.30674866015812,58.353519439697266,24186000
2018-09-12,58.123542493466914,58.41546711891527,57.41181527488311,57.63286590576172,25910000
2018-09-13,58.02540510409571,58.415467317224135,57.634355956503995,58.252899169921875,28624000
2018-09-14,58.43975595604798,58.50542680321348,57.905960531385226,58.1141242980957,18880000
2018-09-17,57.995670182522815,58.3475671585637,57.19720992774515,57.29732894897461,26130000
2018-09-18,57.3488697256316,58.29007242346633,57.3488697256316,57.553565979003906,24072000
2018-09-19,57.739925057752345,58.14782772647716,57.224469218542694,58.042755126953125,23828000
2018-09-20,58.48386806935564,58.974540907126354,58.1552642494474,58.824859619140625,24508000
2018-09-21,59.07911667342356,59.08952675263498,57.79246037748644,57.79494094848633,88112000
2018-09-24,57.352839426009915,58.38523719007576,56.844322373191744,58.155757904052734,25420000
2018-09-25,58.29354737440025,58.825361414775166,57.88961131567648,58.7148323059082,19554000
2018-09-26,58.739609491383504,59.18964026545712,58.22489858664744,58.50864791870117,29246000
2018-09-27,58.81792108194786,59.57970597094172,58.66427692976925,59.209964752197266,25216000
2018-09-28,59.07267108242856,59.24812609796649,58.70739189059745,59.151973724365234,27612000
2018-10-01,59.470170410924986,59.96629596160633,58.994861237586385,59.24317169189453,27152000
2018-10-02,59.02756942540632,59.96926747861509,58.81296223325491,59.48107147216797,33758000
2018-10-03,59.72343125705813,59.79331453131451,59.16981399965564,59.621826171875,25124000
2018-10-04,59.24415989187798,59.35220841884117,57.27383408502469,57.89902114868164,44190000
2018-10-05,57.86482736414325,58.16220473565303,56.755607461783136,57.36176300048828,23686000
2018-10-08,57.002915994148275,57.88959899670287,55.875553355835784,56.946414947509766,38648000
2018-10-09,56.806653371235285,57.21306997723448,56.38150391634357,56.443359375,26174000
2018-10-10,56.05973981210883,56.113764077040386,53.58406567674025,53.58852767944336,53514000
2018-10-11,53.17814196270569,54.83652081740324,52.94668503663502,53.494354248046875,58980000
2018-10-12,54.91582591468758,55.26276553103871,53.84536121721793,55.018917083740234,42026000
2018-10-15,54.960928229028966,55.18574510883001,53.97412982655982,54.13520812988281,27448000
2018-10-16,54.74681800285836,55.719738849088365,54.64323146892587,55.57402420043945,38570000
2018-10-17,55.830754305645435,55.956147913640585,54.62785899408807,55.29695892333984,29344000
2018-10-18,55.60177267332653,55.60177267332653,53.38382847390314,53.923072814941406,41890000
2018-10-19,54.1907194912228,55.03279776248456,53.912177066628814,54.3438720703125,25352000
2018-10-22,54.67098369040147,55.12547648448794,54.07325304519226,54.576812744140625,30284000
2018-10-23,53.57216573963768,54.91036941342951,53.03242604909097,54.702205657958984,36974000
2018-10-24,54.7299647442869,54.82264583442164,51.978720344396166,52.076358795166016,39648000
2018-10-25,53.12115108011697,55.06352525169742,53.01013039629872,54.29975891113281,50916000
2018-10-26,51.39834265857498,54.84297120866628,51.25262422638187,53.10529327392578,83752000
2018-10-29,53.65047856937193,54.37261207312094,49.35633815127183,50.55824279785156,77614000
2018-10-30,49.98232572490899,51.42114019957384,49.60019297825797,51.35770034790039,64254000
2018-10-31,52.52737743352516,54.119835747470134,52.38810246494219,53.36796569824219,50596000
2018-11-01,53.31990282132049,53.72507918650958,52.65873225405269,53.03243637084961,29640000
2018-11-02,53.21730056182577,53.67551042725744,52.26965437466142,52.42726516723633,36780000
2018-11-05,52.28898635248801,52.460970093220205,50.61573906146619,51.55000305175781,48828000
2018-11-06,51.51976261533447,52.75214878607871,51.449879337931975,52.32912826538086,24666000
2018-11-07,52.982864151386096,54.2942996011444,52.82921623251837,54.19170379638672,41168000
2018-11-08,54.09209186177523,54.18576745680703,53.1417192393663,53.64701461791992,29764000
2018-11-09,53.2301899414014,53.30800273482248,52.19531155231167,52.84161376953125,26864000
2018-11-12,52.60569304842211,52.64187308449979,51.09947216519156,51.477638244628906,29436000
2018-11-13,51.708601539106446,52.36853172343184,51.10690427005026,51.34976577758789,30274000
2018-11-14,52.04116335732551,52.26736796120724,51.09946535934997,51.726932525634766,31318000
2018-11-15,51.77898043202885,53.12411918644081,51.13813097768939,52.770240783691406,36722000
2018-11-16,52.50755794049124,52.88373879753146,51.99061602474429,52.61064910888672,33162000
2018-11-19,52.398024237291274,52.575956050082574,50.36891336426768,50.55427932739258,37172000
2018-11-20,49.56301082325928,51.13614257159033,49.36574873939568,50.839752197265625,48982000
2018-11-21,51.38496157487576,51.969805404462754,51.22189804748895,51.42708969116211,30686000
2018-11-23,51.04990745294407,51.42609208259168,50.67317830772944,50.74658203125,13830000
2018-11-26,51.46375829411763,52.00696929368195,51.24369837743777,51.97277069091797,38856000
2018-11-27,51.59510278853573,52.41686001532033,51.47069988125706,51.76411437988281,36064000
2018-11-28,51.979710661046624,53.86706972734443,51.33538991232638,53.83683776855469,49508000
2018-11-29,53.33377013183804,54.23408121203102,53.32980348733456,53.939430236816406,29378000
2018-11-30,53.97759249293122,54.299752852052976,53.42298449368208,54.24325180053711,51604000
2018-12-03,55.666201768262624,55.74103861767856,54.700961068325306,54.8380012512207,39824000
2018-12-04,54.67395367460309,54.73838801690913,52.04017724469536,52.081809997558594,46904000
2018-12-06,51.26105334629488,53.091911534704984,51.088078880247885,52.96949005126953,55384000
2018-12-07,52.53729258865926,53.29312934282616,50.97556146243687,51.37602996826172,42024000
2018-12-10,51.30019947533541,51.9643458706168,50.7173409354567,51.52323532104492,36154000
2018-12-11,52.362835025603765,52.56653679533883,51.537610304643465,52.127906799316406,27894000
2018-12-12,52.93330431433464,53.60983844585815,52.675079147311514,52.71918869018555,30476000
2018-12-13,52.93677221885112,53.51616326374959,52.23595041861679,52.6309700012207,26596000
2018-12-14,52.04017763212798,52.66566342691772,51.5846941368078,51.649620056152344,33732000
2018-12-17,51.42212558794701,52.19729265751431,49.954565377956875,50.382293701171875,47708000
2018-12-18,50.85611773667268,52.015395185406554,50.625647736565426,50.9859733581543,43850000
2018-12-19,51.24766623634039,52.635923835569606,49.96200066647579,50.70346450805664,49586000
2018-12-20,50.46160168747826,51.2590675103037,49.3826137231535,50.02941131591797,53470000
2018-12-21,50.321333444284065,50.75352379411164,48.25901842707017,48.5489616394043,91920000
2018-12-24,48.26942353566396,49.73846986489305,48.08158078410917,48.3844108581543,31806000
2018-12-26,49.018322508160225,51.545540394042746,48.72044978883565,51.518775939941406,47466000
2018-12-27,50.413017337953015,51.738334102994145,49.414322919001634,51.73783874511719,42196000
2018-12-28,52.02233320411581,52.31673840406217,51.20355194681608,51.40081405639648,28296000
2018-12-31,52.088747446624026,52.1749850976065,50.7322079454376,51.32795333862305,29866000
2019-01-02,50.38427764259571,52.156157860611046,50.341654171796584,51.83548355102539,30652000
2019-01-03,51.59510458172131,52.387121452867376,50.26037202059053,50.359004974365234,36822000
2019-01-04,51.17827512673147,53.074058943007344,50.92193308885542,53.0676155090332,41878000
2019-01-07,53.10678001969117,53.23068757746864,52.27709322801205,52.95263671875,39638000
2019-01-08,53.33525646986528,53.75406455452194,52.563065356356866,53.34368133544922,35298000
2019-01-09,53.60983764972594,53.65840919450115,52.85400088620758,53.26339340209961,23986000
2019-01-10,52.91644994080382,53.08942438541833,52.42330034372342,53.04878234863281,29128000
2019-01-11,52.69441160563272,52.72390241908717,51.965834612024686,52.39752960205078,30416000
2019-01-14,51.88851374855489,52.1169985279336,51.607740349931376,51.77798843383789,22886000
2019-01-15,52.049589705353505,53.53053205339212,51.90932779714681,53.38679885864258,29272000
2019-01-16,53.52806516431885,54.14140909020344,53.495352631163726,53.576141357421875,26636000
2019-01-17,53.50179204709301,54.11290492550258,53.20590075971615,54.01873397827149,24854000
2019-01-18,54.519324023368206,54.93327311728481,54.06829870957736,54.433082580566406,39112000
2019-01-22,53.92456290004792,54.09852805761241,52.70878066598852,53.05820083618164,32270000
2019-01-23,53.396717435169414,53.77240293136855,52.52440726464751,53.308494567871094,19340000
2019-01-24,53.35359745282718,53.50203844565543,52.57149159821509,53.22572326660156,27226000
2019-01-25,53.77586813306234,54.221935998271725,53.61825736130976,54.072750091552734,22382000
2019-01-28,53.53351613197317,53.67675399064563,52.72514110058091,53.036399841308594,25686000
2019-01-29,53.16526227704515,53.28768376036307,52.33186219491942,52.56753158569336,20436000
2019-01-30,52.95461357893241,54.07324892828888,52.87630165520224,53.97709655761719,25596000
2019-01-31,54.66800905193248,55.37824641727424,54.29182442332058,55.330665588378906,30766000
2019-02-01,55.13389964142747,55.758394721083896,54.76168165203607,55.052120208740234,29244000
2019-02-04,55.146789811118715,56.144989013671875,54.96638120303318,56.144989013671875,51530000
2019-02-05,55.750464563709706,56.84134478203503,55.37418161869082,56.79872131347656,71044000
2019-02-06,56.48052123690139,56.84877253587259,55.152232380766925,55.2741584777832,42112000
2019-02-07,54.72550083493149,54.759204079631225,53.82543551167955,54.45538330078125,40896000
2019-02-08,53.87499730653298,54.46529376954915,53.85269485668211,54.27447509765625,21516000
2019-02-11,54.36814026943156,54.81395851823291,54.16542926525219,54.27198791503906,21304000
2019-02-12,54.856346260706744,55.77301551217394,54.8092607904889,55.5784797668457,32182000
2019-02-13,55.75789530068717,56.24063857224176,55.43623031182528,55.51850509643555,20996000
2019-02-14,55.41392777399941,55.91847813559896,55.03700202178107,55.59334564208984,18952000
2019-02-15,56.010181109494354,56.088984619869215,55.04717120557415,55.195858001708984,28996000
2019-02-19,55.01495195819712,55.60425774569946,55.01495195819712,55.439212799072266,20928000
2019-02-20,55.51008575220036,55.67959269845235,54.78101341218188,55.20328903198242,21756000
2019-02-21,55.056584029806295,55.1111036533985,54.14858915565908,54.369144439697266,28302000
2019-02-22,54.56391842161156,55.076402056061646,54.30123506146001,55.03328323364258,20990000
2019-02-25,55.31232819097371,55.43821716961816,54.8796424925966,54.98521423339844,28262000
2019-02-26,54.80430414999004,55.486290986858606,54.51535167215848,55.26920700073242,29426000
2019-02-27,54.86378261308226,55.41046112847,54.5688820510228,55.3148078918457,19368000
2019-02-28,55.079377917566,55.88973428203263,55.065004975790394,55.50661087036133,30850000
2019-03-01,55.7534338437927,56.64903712080394,55.7459996941408,56.5509033203125,29006000
2019-03-04,56.84828486915797,57.40785403562656,56.04040903571643,56.888431549072266,28920000
2019-03-05,57.00043947705966,57.9693973291905,56.8088796641022,57.593711853027344,28864000
2019-03-06,57.61651852380432,57.86809987038309,57.26957887748975,57.38704299926758,21986000
2019-03-07,57.28096484923638,57.33226274934042,56.24955791054566,56.6653938293457,23332000
2019-03-08,55.844134846916056,56.85274402950425,55.67413633522036,56.616825103759766,24248000
2019-03-11,56.72239172039307,58.295523583402826,56.72239172039307,58.274208068847656,34384000
2019-03-12,58.39811489148136,59.47561659696393,58.39811489148136,59.13858795166016,40262000
2019-03-13,59.5075870656846,59.52171421935588,59.07614167500317,59.14453887939453,28718000
2019-03-14,59.203516433463335,59.370546580395434,58.706400199957315,58.75943374633789,23456000
2019-03-15,59.14751126309181,59.30561740647059,58.61371963332227,58.70541000366211,49236000
2019-03-18,58.64792621456592,58.97999756222213,58.356546066574126,58.69550704956055,25852000
2019-03-19,58.92100948748009,59.47562128955189,58.775294850588864,59.41862487792969,30414000
2019-03-20,59.34428539562199,60.82076599315015,59.28579912316603,60.66365432739258,44548000
2019-03-21,60.268631494135825,61.05123275881596,60.127378853605265,61.038841247558594,24080000
2019-03-22,60.7801170332709,60.962507048724966,59.61563275207629,59.74821472167969,34284000
2019-03-25,59.32346272167182,59.79272548467085,58.83328526683685,59.12868118286133,29936000
2019-03-26,59.402757898054944,59.615879010591605,58.32178867822864,58.71333694458008,38024000
2019-03-27,58.756959486158635,58.85900699972602,57.46187455575806,58.13841247558594,28004000
2019-03-28,58.065058195873185,58.06629848136679,57.464899927219825,57.91389083862305,19234000
2019-03-29,58.23158976076885,58.434304595080015,57.6358443315302,58.15278625488281,25398000
2019-04-01,58.68757368423161,59.3100835806881,58.58348801483636,59.19955825805664,25050000
2019-04-02,59.24366851165621,59.54253573357002,58.7673686106951,59.49991226196289,16558000
2019-04-03,59.84635658882344,60.28350052420111,59.500407673466555,59.769039154052734,20286000
2019-04-04,59.770015197177514,60.2522630569115,59.68030627302197,60.21905517578125,19000000
2019-04-05,60.21856650307067,60.27952955465532,59.72491779582143,59.82999038696289,18144000
2019-04-08,59.86666893013438,59.90632024834608,59.46867723710565,59.66593933105469,17204000
2019-04-09,59.27737117615889,59.58912148299306,59.132647248481135,59.339324951171875,17528000
2019-04-10,59.50932137069392,59.66321507711349,59.298926613576,59.58267593383789,14492000
2019-04-11,59.67189253979353,59.87014158518939,59.4820645790108,59.7046012878418,14204000
2019-04-12,59.97125065135546,60.38510139010391,59.87757506680601,60.36131286621094,18668000
2019-04-15,60.36776011377811,60.675048418936726,59.92714489446824,60.52140426635742,23748000
2019-04-16,60.71469495477498,61.00315207259089,60.47282794954637,60.82026290893555,17126000
2019-04-17,61.11120834334258,61.48590316043709,60.854469224345216,61.27674865722656,24438000
2019-04-18,61.417499962345154,61.55726652284431,61.19099660825448,61.278228759765625,26636000
2019-04-22,61.259395584609635,61.90866992575175,60.87875271663691,61.89628219604492,16146000
2019-04-23,61.987974870667266,62.895474420667625,61.77435837110845,62.67491912841797,26398000
2019-04-24,62.65360194632088,62.846402051048344,62.20158596344463,62.25114822387695,20376000
2019-04-25,62.68581311963492,62.816561133549705,62.05438306197925,62.620391845703125,22146000
2019-04-26,62.895474526802616,63.09719487312944,62.4652655978867,63.05308532714844,24828000
2019-04-29,63.14328239979059,63.90010985699133,62.76139927523634,63.81634521484375,49988000
2019-04-30,58.73217256202719,59.1192588304985,58.236542413824424,58.9046516418457,124140000
2019-05-01,58.883344241863384,58.883344241863384,57.84896504472003,57.89356994628906,52784000
2019-05-02,57.87770481254559,58.19639386832744,57.24537859503052,57.62245559692383,38896000
2019-05-03,58.16963951171864,58.82139445881471,57.93917327526232,58.75200653076172,39614000
2019-05-06,57.80335857612122,59.02211286967447,57.80335857612122,58.94975280761719,31278000
2019-05-07,58.50764962468374,59.001793690531514,57.5446398703877,58.19193649291992,31028000
2019-05-08,58.08835785699195,58.505381212694054,57.77759824165056,57.80386734008789,26186000
2019-05-09,57.445017830093214,57.97187440304913,57.03959199802105,57.611053466796875,23714000
2019-05-10,57.67102774493714,58.1175909828447,56.625743210168594,57.70473098754883,26290000
2019-05-13,56.59898569351482,56.89537234030006,55.615159447520405,56.10682678222656,37212000
2019-05-14,56.363551809008925,56.522648650064326,55.488269613600416,55.532379150390625,36732000
2019-05-15,55.40501522401062,58.05465464356266,55.34534160724144,57.70176315307617,45786000
2019-05-16,57.7166274279143,58.88879550835144,57.63385727986668,58.433807373046875,30628000
2019-05-17,57.91289984424257,58.491795532884424,57.49359637818014,57.60709762573242,24172000
2019-05-20,56.72487176856528,56.83872089914812,56.077730138169805,56.44484329223633,27066000
2019-05-21,56.922636360401874,57.131692552151,56.39974631136123,56.9791374206543,23196000
2019-05-22,56.83638747644349,57.41974133439741,56.79376022932178,57.06784439086914,18290000
2019-05-23,56.52662631764859,56.79788206035803,55.96775289456048,56.540008544921875,23978000
2019-05-24,56.86662626618155,56.98582602423133,56.08848700878985,56.17819595336914,22240000
2019-05-28,56.20445702493764,57.076120492992615,56.1608390630434,56.211891174316406,27300000
2019-05-29,55.88329337208017,55.961605299893215,54.926726975801095,55.33512878417969,30764000
2019-05-30,55.28952815446277,55.66571278280788,55.12002121530848,55.408973693847656,19038000
2019-05-31,54.583252163241774,54.99512145665299,54.528237185874325,54.6992301940918,30156000
2019-06-03,52.80939106159135,52.80939106159135,50.8020875530497,51.358680725097656,102612000
2019-06-04,51.68927269842352,52.341027604898166,51.232798475605584,52.19233703613281,56670000
2019-06-05,52.11749024136376,52.21711389382914,51.07419093759418,51.65556335449219,43368000
2019-06-06,51.79286017817942,51.91676772730888,51.233294775341925,51.760643005371094,34064000
2019-06-07,52.07239623206328,53.07802955144461,51.96186713046139,52.836158752441406,36048000
2019-06-10,53.18012880841148,54.155530215995626,53.14751837329225,53.546897888183594,29284000
2019-06-11,54.2209469400081,54.61794413802606,53.40925200787355,53.46461486816406,28734000
2019-06-12,53.42893174541103,53.57415101652154,52.910500006326735,53.380855560302734,21220000
2019-06-13,53.70846427180745,54.230363510510585,53.53548983513398,53.96272277832031,21154000
2019-06-14,53.84625028436293,54.1570098460621,53.53657975376265,53.79322052001953,22230000
2019-06-17,53.83931547159636,54.47867887056682,53.83931547159636,54.14759826660156,18832000
2019-06-18,54.99958562743178,55.331656936314054,54.46926149278042,54.69774627685547,27734000
2019-06-19,54.7968766136226,54.86626454280089,54.19617377758258,54.63480758666992,26776000
2019-06-20,55.5100871647557,55.51653059937688,54.754250351813354,55.085330963134766,25240000
2019-06-21,54.97729079880809,55.714292727330765,54.91979524036298,55.60376739501953,38952000
2019-06-24,55.49125476868608,55.60970960566843,55.06501247364921,55.288543701171875,27912000
2019-06-25,55.14678623269844,55.23054709663454,53.71639676745699,53.8427848815918,30938000
2019-06-26,53.850213977281285,54.1708844606756,53.14344417691163,53.51814270019531,36218000
2019-06-27,53.726309656813726,53.87995379511097,53.29461470198583,53.330299377441406,20086000
2019-06-28,53.34913551905903,53.577620300040685,53.19945424058727,53.57316207885742,33864000
2019-07-01,54.42019373618223,54.89500752593524,54.20722008652532,54.4177131652832,28726000
2019-07-02,54.63033723249964,55.10267421803505,54.42861691075016,55.076900482177734,19832000
2019-07-03,55.38220857428463,55.845625346854526,55.206261984420024,55.58888626098633,15340000
2019-07-05,55.40153763978571,56.14894951033111,55.31926285326499,56.08501052856445,25286000
2019-07-08,55.76682150563536,55.80696818648391,55.074923693170014,55.32967758178711,24728000
2019-07-09,55.104162672555425,55.908321416566615,54.87468717346266,55.749969482421875,26608000
2019-07-10,56.066672362391344,56.603439883740144,56.05428085287426,56.5256233215332,24190000
2019-07-11,56.66292560346987,57.14963561781369,56.48103090891702,56.710506439208984,23910000
2019-07-12,56.69960112393523,56.86563678964845,56.441375940581246,56.74470138549805,17280000
2019-07-15,56.8418412828283,57.03811267920958,56.472103861254936,57.01432037353515,18076000
2019-07-16,56.79921461145757,57.42271894540434,56.74965235257408,57.174903869628906,24776000
2019-07-17,57.045546611055094,57.411816525774675,56.787820582503734,56.81656646728515,23400000
2019-07-18,56.58808058041189,56.878764921086315,56.1415173150744,56.815574645996094,25814000
2019-07-19,56.90776351917799,57.05397351927584,55.98737712715875,56.01116943359375,32944000
2019-07-22,56.177201199362855,56.464667600247296,55.72072700089969,56.40618133544922,26030000
2019-07-23,56.700089123882975,56.843822319137246,56.095419744316,56.80962371826172,21874000
2019-07-24,56.10037994600293,56.70009199573427,55.85702308310791,56.39329528808594,31796000
2019-07-25,56.39379523090517,56.58609999379951,55.55618274991006,56.11128616333008,44196000
2019-07-26,60.66711333930631,62.72447460281055,60.66513190771155,61.974090576171875,96116000
2019-07-29,61.51018574869165,61.82342211968218,60.87478521994973,61.42890167236328,44474000
2019-07-30,60.73501613732327,61.20388184917977,60.63043889868992,60.72163391113281,29066000
2019-07-31,60.61557015414377,61.16076257453415,59.86042539147515,60.30233001708984,34510000
2019-08-01,60.17098596210886,61.16621288877719,59.759116679568514,59.92218017578125,33970000
2019-08-02,59.51229390441422,59.81760452976905,58.92745017111262,59.1777458190918,32902000
2019-08-05,57.990719481287655,58.24844932351232,56.5087861232511,57.11246490478515,51950000
2019-08-06,57.657160265452426,58.48238504277715,57.493106025920575,57.98625946044922,34188000
2019-08-07,57.294852374035706,58.40729400370673,56.97884046533273,58.186492919921875,28886000
2019-08-08,58.62462130807986,59.723930162142125,58.13841050667032,59.713523864746094,29360000
2019-08-09,59.37600238474386,59.66792702124474,58.66293653840098,58.88136291503906,21314000
2019-08-12,58.445200017138454,58.73018961381021,57.87334148894621,58.22216796875,20060000
2019-08-13,58.061090883328056,59.71252711016429,58.061090883328056,59.340309143066406,25888000
2019-08-14,58.30147204255552,58.59835781757994,57.51986530612275,57.70572662353515,31574000
2019-08-15,57.66657148362361,58.278179708961886,57.597678917902456,57.852928161621094,24374000
2019-08-16,58.46204994089724,58.61916534969606,58.078431211110455,58.36540222167969,26266000
2019-08-19,58.98445378920613,59.82206622728775,58.98445378920613,59.398799896240234,24632000
2019-08-20,59.24019705438086,59.280343733574114,58.58893752619251,58.61768341064453,18310000
2019-08-21,59.13611735731113,59.42606056483261,58.85261380291131,59.04194641113281,14814000
2019-08-22,59.18170904649308,59.37708803360675,58.41397992934954,58.956695556640625,18950000
2019-08-23,58.58298966396966,59.18220636249937,56.885953945688485,57.061405181884766,33740000
2019-08-26,57.35730070201789,57.96246552169479,57.14417956028488,57.933719635009766,24522000
2019-08-27,58.510628979178286,58.60331006613997,57.56496425808894,57.88167190551758,21544000
2019-08-28,57.5778483937626,58.306920669801286,57.359278343403496,58.03927993774414,16040000
2019-08-29,58.53987009442708,59.28034319812611,58.53987009442708,59.121246337890625,21768000
2019-08-30,59.401278153040195,59.401278153040195,58.672852415231965,58.88582229614258,22596000
2019-09-03,58.33715534982115,58.82584669416945,57.651697268435406,57.90892791748047,29598000
2019-09-04,58.32129440409093,58.65683698483779,58.03829001096687,58.55424118041992,21378000
2019-09-05,59.05582373756853,60.12192475610228,59.05582373756853,60.039649963378906,28162000
2019-09-06,59.878568355247715,60.07111888786597,59.60061585135665,59.71996307373047,21442000
2019-09-09,59.67388140183577,60.46688902623599,59.10985394907589,59.6942024230957,29438000
2019-09-10,59.23524051955419,59.97125163761539,59.20698999262251,59.77299880981445,25202000
2019-09-11,59.644633815221155,60.59574750541587,59.58466147377675,60.47530746459961,26140000
2019-09-12,60.68001091369185,61.55033598845856,60.616571059244286,61.17316436767578,34518000
2019-09-13,61.029420765090784,61.50175397790372,60.81431443222917,61.43633270263672,26028000
2019-09-16,60.93872031042301,61.43633189512205,60.74492571396243,61.02693939208984,21066000
2019-09-17,60.98233722528429,61.210326652169066,60.6497705574275,60.92038345336914,19102000
2019-09-18,60.83909723747451,61.24055645532145,60.294895535880066,61.08195495605469,22702000
2019-09-19,61.064616272105326,61.67820595765556,61.06263484029708,61.39421081542969,19920000
2019-09-20,61.1171439212164,61.62268879689678,60.61953233460791,60.95903778076172,45400000
2019-09-23,60.76425879189373,61.413037754186625,60.67355913524869,61.16225051879883,21248000
2019-09-24,61.45814096201009,61.79219748074978,60.004953699621225,60.40542221069336,31664000
2019-09-25,60.259703775226015,61.869511007268294,59.97570867430264,61.781288146972656,29060000
2019-09-26,61.55528528646272,61.70595728438812,61.07492045043267,61.52703475952149,30760000
2019-09-27,61.60732735154188,61.657384970466936,60.19180618643834,60.71915817260742,27078000
2019-09-30,60.51495870204893,60.764259868098215,60.08524893535029,60.41732025146485,28082000
2019-10-01,60.417319196659065,61.023474690010424,59.65305755619692,59.7283935546875,25470000
2019-10-02,59.32593864295835,59.32593864295835,58.0526646254769,58.31733322143555,32302000
2019-10-03,58.48436710476665,58.93340721560094,57.61354291562741,58.87244415283203,32424000
2019-10-04,59.073669348942765,60.04262351543547,58.9388563615916,59.92169189453125,23248000
2019-10-07,59.69369784342393,60.37786273542078,59.66148067290139,59.85626220703125,16858000
2019-10-08,59.35617402563609,59.776963550036776,58.93092249873008,58.93687057495117,20786000
2019-10-09,59.44340165080906,59.889469548238445,59.35815471587371,59.590110778808594,17354000
2019-10-10,59.40523847969053,60.2190623268281,59.343780069749414,59.90532684326172,16932000
2019-10-11,60.57641840695206,60.88271599196445,60.15661957120842,60.24137115478515,25454000
2019-10-14,60.08723389236848,60.78062158974768,60.0584880054978,60.32513427734375,17350000
2019-10-15,60.48670591565954,61.82143834603065,60.48670591565954,61.60732650756836,27634000
2019-10-16,61.51613214278811,62.188703445795504,61.38132293623529,61.638553619384766,21892000
2019-10-17,61.999867013059344,62.61419780542895,61.95080010944567,62.10593032836914,19048000
2019-10-18,62.125259475380226,62.39438629404651,61.51166984062889,61.73024368286133,27056000
2019-10-21,62.06578095310754,62.183195900544185,61.487876009088275,61.7629508972168,20544000
2019-10-22,61.84721185170832,61.983507121770174,61.52653756244173,61.59691619873047,20476000
2019-10-23,61.57511154599928,62.44395044144383,61.57511154599928,62.40628433227539,18230000
2019-10-24,62.4940044892619,62.64765240878374,62.13789509982548,62.49846649169922,20562000
2019-10-25,62.00481871269084,62.92520504472241,61.9542657368488,62.70365905761719,24262000
2019-10-28,63.215147949502054,64.39772229965202,63.07091939120911,63.9362907409668,52264000
2019-10-29,63.253806810876775,63.51946233117115,62.311216374597834,62.579254150390625,37728000
2019-10-30,62.10097530963487,62.91331317185061,62.05289912004878,62.51333999633789,28178000
2019-10-31,62.512840183452255,62.82954782635203,61.99555040315627,62.45485305786133,29114000
2019-11-01,62.697216754072215,63.1740119812278,62.47418468922944,63.13039779663086,33402000
2019-11-04,63.26472502660072,64.14099823681534,63.26001723474055,64.00420379638672,30020000
2019-11-05,64.07953448247258,64.37889706319929,63.99720674768602,64.03691101074219,25654000
2019-11-06,63.90952319111311,64.12115822753714,63.56456503944039,64.02549743652344,23060000
2019-11-07,64.14841534979327,65.60854133409582,64.14668348786616,64.87104797363281,40600000
2019-11-08,64.69362489606777,65.32406814403912,64.64827127981476,64.9954605102539,25028000
2019-11-11,64.5895422412219,64.75037855971821,64.30356563203306,64.39179229736328,20238000
2019-11-12,64.43191734877728,64.92754748222941,64.22226374526836,64.37244415283203,21718000
2019-11-13,64.13801648712285,64.64504370388111,64.11026131677691,64.33280181884766,16534000
2019-11-14,64.3080031592417,65.27448030689541,64.21631280407793,64.9999008178711,23870000
2019-11-15,65.37063918897262,66.16067827741527,65.1396738535872,66.1601791381836,35652000
2019-11-18,66.02884048098203,66.19284553968036,65.29927283330291,65.45787811279297,29748000
2019-11-19,65.80481670923363,65.80481670923363,65.06632506791227,65.19816589355469,25384000
2019-11-20,65.01378834728304,65.17536577534396,63.99329057112177,64.58308410644531,26172000
2019-11-21,64.50526850702184,65.05591740013173,64.08497814449846,64.49882507324219,19910000
2019-11-22,64.71045832821457,64.86460159544647,64.00617288496869,64.2009506225586,27714000
2019-11-25,64.39127466336897,64.99247273862778,64.33923561744338,64.76349639892578,20724000
2019-11-26,64.92061119571082,65.16545413889162,64.68420068130673,65.10350036621094,21394000
2019-11-27,65.17536064998987,65.341891643957,64.90920600554459,65.07573699951172,19912000
2019-11-29,64.7848074344281,64.93770285372163,64.62868273561543,64.67774963378906,11740000
2019-12-02,64.48147863553459,64.72086125666023,63.4902184416768,63.93231964111328,30218000
2019-12-03,63.41935577335543,64.35565037674574,63.391105244366344,64.19799041748047,22876000
2019-12-04,64.77936508106639,65.71065314235379,64.67329797918761,65.449951171875,30750000
2019-12-05,65.81969792224228,65.88700610663004,65.24674645603825,65.82614135742188,24254000
2019-12-06,66.08930394359223,66.6126892619872,66.08930394359223,66.4451675415039,26296000
2019-12-09,66.31730775132183,67.37845528087017,66.30739302915612,66.59089660644531,27086000
2019-12-10,66.48878477634793,66.90883316360794,66.21817566265132,66.6454086303711,21882000
2019-12-11,66.9517109286454,66.96955137759392,66.54678038262978,66.66325378417969,17008000
2019-12-12,66.70883947238157,67.19629431162797,66.43922109562301,66.92344665527344,25620000
2019-12-13,66.80847267672303,67.06337404520521,66.60625319320887,66.80252838134766,30992000
2019-12-16,67.23222722683491,67.63765686659288,67.04240305630525,67.46369171142578,27946000
2019-12-17,67.54892691447372,67.65350413257013,66.97562776817519,67.163818359375,37080000
2019-12-18,67.2371981627434,67.42900379279364,66.95964644667826,67.03993225097656,30452000
2019-12-19,67.00027242703715,67.31152353570494,66.85975717776493,67.20942687988281,29398000
2019-12-20,67.57173819868626,67.58610735857236,66.86050259790282,66.8897476196289,66300000
2019-12-23,67.2010143194815,67.39579208630782,66.73710215591484,66.85258483886719,17662000
2019-12-24,66.83573957373365,66.92296795318394,66.55223599644445,66.59089660644531,6950000
2019-12-26,66.72024565726814,67.47147291217487,66.63598943982866,67.42552185058594,13350000
2019-12-27,67.55388814239292,67.6302186299379,66.87586800964048,67.00373840332031,20768000
2019-12-30,66.91007348004523,67.05876404476636,66.11805289250898,66.22312927246094,21018000
2019-12-31,65.92426889856031,66.31532184988878,65.87346256826278,66.2667465209961,19236000
2020-01-02,66.49127088625457,67.80914993385029,66.49127088625457,67.77098846435547,28132000
2020-01-03,66.8040094803335,68.02524452405072,66.68922256736208,67.43841552734375,23728000
2020-01-06,66.91006632852127,69.21474336586192,66.91006632852127,69.10124969482422,34646000
2020-01-07,69.28612919892775,69.53641729960063,68.91142685005518,69.05813598632812,30054000
2020-01-08,68.99568228033196,69.96216717973303,68.93422764722503,69.60234069824219,30560000
2020-01-09,70.40774240813768,70.74278588083082,69.89723634662342,70.37106323242188,30018000
2020-01-10,70.75416792019058,71.11940168042118,70.29769756569523,70.86172485351562,36414000
2020-01-13,71.17893642901268,71.39651576711137,70.67785355781335,71.33258056640625,33046000
2020-01-14,71.32168079036694,71.45995749990897,70.79433256479459,70.91873168945312,31178000
2020-01-15,70.88552028513963,71.43988250676003,70.88552028513963,71.33109283447266,25654000
2020-01-16,71.73949427864629,71.96500691138033,71.41633941776145,71.95063018798828,23474000
2020-01-17,72.50622710464711,73.41744357732868,72.27377947912142,73.37258911132812,47924000
2020-01-21,73.30965740544534,73.94059218662267,72.91711458577055,73.57135009765625,40734000
2020-01-22,73.89845848794742,74.50381608391433,73.5976060858591,73.64816284179688,32216000
2020-01-23,73.73193579727567,74.12248961695181,73.45735623933868,73.682861328125,27024000
2020-01-24,74.02682048589982,74.12124099421078,72.62220482005385,72.69457244873047,35692000
2020-01-27,70.9246909669403,71.27510191258449,70.4389678824895,71.06842041015625,35104000
2020-01-28,71.51942873122914,72.16374940790455,70.99752573115437,71.99324798583984,31548000
2020-01-29,72.30252276522467,72.63112274461348,71.70478843677924,72.29409790039062,21554000
2020-01-30,71.3687708577545,72.22719974405047,71.19232510638744,72.15583038330078,26788000
2020-01-31,72.80310988359959,72.86407293443203,70.80224976752372,71.08476257324219,48344000
2020-02-03,72.46112969000473,73.84889568522331,72.31194754918978,73.64766693115234,60736000
2020-02-04,72.21679109678662,72.8328575699195,70.6917390034765,71.72116088867188,78660000
2020-02-05,72.48194304173253,72.55232167257824,70.9028631617282,71.77864074707031,39724000
2020-02-06,71.88273953743749,73.45239656072481,71.8450696444324,73.16641998291016,33588000
2020-02-07,72.72381067280398,73.6427109180894,72.6767252029664,73.31510162353516,23446000
2020-02-10,73.07174695248267,74.81536890259102,73.07174695248267,74.77472686767578,28398000
2020-02-11,74.9298631612397,75.81307495757278,74.62395885889028,74.78018188476562,26892000
2020-02-12,75.06219540560913,75.37023239322802,74.74648226119484,75.25003814697266,23352000
2020-02-13,74.97347898649164,75.69164964573635,74.57251889706814,75.07112121582031,18590000
2020-02-14,75.11771697928323,75.37247467041016,74.70832440985458,75.37247467041016,23956000
2020-02-18,75.08797816695918,75.91220843794964,74.96853261523671,75.3194351196289,22414000
2020-02-19,75.58708029056841,75.93580473532441,75.40518182067464,75.66737365722656,18986000
2020-02-20,75.4349097399328,75.81357493780015,74.68254804871178,75.24409484863281,21932000
2020-02-21,74.74250965584127,74.94993226302184,73.37507231773866,73.60652923583984,34634000
2020-02-24,70.682305234039,71.2205663958412,69.95274517956983,70.45828247070312,57342000
2020-02-25,71.02380637170567,71.27855647285035,68.51591886863937,68.8157730102539,49566000
2020-02-26,69.19691054956736,70.16636758966548,68.34739819002651,69.05020141601562,44048000
2020-02-27,67.5078016566272,67.98578802291699,65.28291854846519,65.32852172851562,59566000
2020-02-28,63.31675261719457,66.47094215283121,62.99459225856542,66.38123321533203,75782000
2020-03-02,66.98986708931484,68.93571615606943,65.76095595636879,68.84848022460938,48630000
2020-03-03,69.35948407820311,69.89129432983641,66.01794299710713,66.48334503173828,48046000
2020-03-04,67.3675464579012,68.79793601704375,66.56859080889515,68.7201156616211,38266000
2020-03-05,66.91998493777331,67.35167988724288,64.6846881222303,65.37560272216797,51226000
2020-03-06,63.294932411944245,64.74018605185215,62.50142972275883,64.35310363769531,53212000
2020-03-09,59.73830908829801,62.18969570322557,59.47562567989582,60.246826171875,67308000
2020-03-10,62.44939706815408,63.49765752723288,60.40591347513062,63.45998764038086,52228000
2020-03-11,61.93889988999183,62.49697916158363,59.28083593386106,60.239383697509766,52170000
2020-03-12,55.807955202896686,59.17179836592744,55.17850656413521,55.25830078125,84534000
2020-03-13,58.434794427726544,60.454981099285675,55.36897532825544,60.453495025634766,74002000
2020-03-16,54.32106464165543,57.10982752740816,53.252486896686605,53.7426643371582,85048000
2020-03-17,54.1778275147952,56.04883214500453,52.33904005536376,55.50066757202149,77230000
2020-03-18,52.36382780465441,54.8414834968882,51.4107288536939,54.360721588134766,84668000
2020-03-19,54.17486046377706,57.392490196183,52.54215686570364,55.27714157104492,73022000
2020-03-20,56.28970456309219,56.69959240588076,52.808896632355655,53.14741134643555,72036000
2020-03-23,52.60222091474172,53.09785106435906,50.23389970840026,52.3692741394043,80882000
2020-03-24,54.706171456650026,56.254025042647434,54.05441656440324,56.22726058959961,66890000
2020-03-25,55.831253157603264,56.94294974986649,53.825930894509966,54.642730712890625,81630000
2020-03-26,55.104160032625195,57.98724127045877,54.19864202749071,57.579833984375,71434000
2020-03-27,55.79160036766139,57.0306757561443,54.81223620913387,55.05013656616211,64170000
2020-03-30,55.76037579808513,57.07825851313109,54.34485841625442,56.83985900878906,51482000
2020-03-31,56.86365015486283,58.25190769766954,56.40965274492728,57.63236999511719,49728000
2020-04-01,55.60970549529063,55.99084749909321,54.3929362594595,54.7978630065918,46884000
2020-04-02,54.43307723494934,55.85057982285931,54.34089150567365,55.55221176147461,39298000
2020-04-03,55.46176130726076,55.686033670352195,53.518646041627534,54.414249420166016,46268000
2020-04-06,56.4027171300986,59.210957967922496,56.05280158071798,58.82733917236328,53294000
2020-04-07,60.51643771744059,60.71469052440408,58.59488026062457,58.807010650634766,47746000
2020-04-08,59.79778291583889,60.420788156114526,58.88879733289612,59.985130310058594,39502000
2020-04-09,60.669098693287864,60.74294861990523,59.31379939485003,60.04311752319336,43508000
2020-04-13,59.930606652040005,60.49215722032076,58.86093988523289,60.345943450927734,34796000
2020-04-14,61.71041603260991,63.54325536983259,61.3059808901051,62.906864166259766,49408000
2020-04-15,61.736192115094475,63.46346745310119,61.477970715882584,62.57182693481445,33434000
2020-04-16,63.148240279779536,63.39109799854985,61.587995240769615,62.62138366699219,50362000
2020-04-17,63.681048254644175,64.15585830835204,63.0060001461759,63.60174560546875,38980000
2020-04-20,62.99459120777356,63.51996173725502,62.51730064462474,62.77701187133789,33910000
2020-04-21,61.805075822622086,62.165401408426696,59.95687290944169,60.28547668457031,43060000
2020-04-22,61.732719965515294,63.71885560288447,61.55726495113354,62.608497619628906,41848000
2020-04-23,63.02185161360504,64.10034028740976,62.73042235365059,63.25777053833008,31324000
2020-04-24,62.50738524516334,63.46048028743475,61.92650816864484,63.40645980834961,32792000
2020-04-27,64.2336777242205,64.241111874802,62.89547389917352,63.23646545410156,32012000
2020-04-28,63.83369191580124,63.83963621035616,61.07154612841654,61.14440155029297,59026000
2020-04-29,66.4867946236536,67.40519564200282,65.68783913045965,66.48778533935547,75872000
2020-04-30,65.66505447872503,67.04984078341153,65.54659208964864,66.84365844726562,53378000
2020-05-01,65.8444678276514,67.01266541803794,64.97711507338352,65.45341491699219,41450000
2020-05-04,64.83983307762391,65.80284679606025,64.38236431498449,65.76021575927734,30080000
2020-05-05,66.31136665648367,68.0966217498569,66.28856506321704,66.96509552001953,33030000
2020-05-06,67.48946213598342,67.95683795921592,66.7757535406744,66.7762451171875,24308000
2020-05-07,67.7001126479844,68.27801767694785,67.17127452771577,68.0282211303711,27952000
2020-05-08,68.55208689809925,69.32675848903015,68.17293017896263,68.81179809570312,27738000
2020-05-11,68.31172741039177,70.20751160025047,68.25581624048802,69.54981231689453,28242000
2020-05-12,69.74110911146037,70.1316628678856,68.13774535045275,68.18582153320312,27812000
2020-05-13,68.25074990483664,68.66866558117604,65.83950653107041,66.87686157226562,36252000
2020-05-14,66.16762611221502,67.27784054481307,65.61698468036194,67.21390533447266,32062000
2020-05-15,66.91007410767325,68.12337581679803,66.36487788615382,68.05944061279297,34154000
2020-05-18,67.49243895237782,69.00782575553094,67.12071633016467,68.59223937988281,36448000
2020-05-19,68.74375974549329,68.99171852343834,68.07405853271484,68.07405853271484,25612000
2020-05-20,68.87177818036183,69.90467890646245,68.7563030585499,69.7212905883789,33108000
2020-05-21,69.78473789379126,70.15596142694586,69.06359500164365,69.52700805664062,27700000
2020-05-22,69.22516069640135,70.02064496285904,68.98328991815492,69.90467071533203,26188000
2020-05-26,71.2354365907741,71.42030718004885,69.98941865059295,70.23178100585938,41212000
2020-05-27,70.24320820976533,70.4657411957261,68.95654782004648,70.27244567871094,33716000
2020-05-28,69.23260547642842,71.41238471180615,69.18998200336522,70.21742248535156,33844000
2020-05-29,70.22782262315786,71.00249434659077,70.049894595694,70.82158660888672,36418000
2020-06-01,70.2996843572998,71.26963288623324,70.28035405617894,70.96531677246094,24342000
2020-06-02,70.90237111560423,71.35141495862413,70.32149400204533,71.33208465576172,25562000
2020-06-03,71.28648397910636,71.69547564757107,70.86406092744652,71.19132232666016,25124000
2020-06-04,70.89493121222486,71.31919199950062,69.6226555523486,69.99189758300781,29686000
2020-06-05,70.04095866091346,71.62102915517137,69.68559424307446,71.29093933105469,34698000
2020-06-08,70.49546119007576,71.76675383659853,70.49546119007576,71.69835662841797,28084000
2020-06-09,71.63639518072068,72.75850556102219,71.52983651640989,72.17167663574219,28184000
2020-06-10,72.33920607215435,73.06872839525506,72.17713705725694,72.6519546508789,30504000
2020-06-11,71.49365089886625,72.08815593414177,69.48733820571981,69.57853698730469,39826000
2020-06-12,70.80027850545167,71.22205878039674,68.6953399942947,70.04146575927734,38928000
2020-06-15,68.93224243797648,70.61738192945275,68.78950373730005,70.3720474243164,30078000
2020-06-16,71.62945409345456,72.11516946852522,70.67189336274302,71.50554656982422,34184000
2020-06-17,71.72562263313831,72.36201012401604,70.94351671550973,71.92189025878906,30992000
2020-06-18,71.82474481950105,71.93626463737485,70.72692576333685,71.1705093383789,31638000
2020-06-19,71.56900530067941,71.75734721634312,70.44640308339683,70.96037292480469,63158000
2020-06-22,70.82554134685216,72.00266288557403,70.53857410803894,71.95855712890625,30848000
2020-06-23,72.14589934243108,73.1520808040368,71.63044735341488,72.58056640625,28596000
2020-06-24,72.43685211667984,73.12627695310013,70.86273309316988,70.97276306152344,35120000
2020-06-25,70.87015281679831,71.5144659156748,70.37947628071439,71.43665313720703,24610000
2020-06-26,70.94401030282637,71.04610697124998,67.00870556251247,67.40074920654297,85354000
2020-06-29,67.31549227169604,69.17014246960055,66.76187877923489,69.138916015625,36204000
2020-06-30,68.91440641958248,70.31257874451346,68.59323297834766,70.06277465820312,40848000
2020-07-01,69.93837747357605,71.51943901367736,69.87493384370946,71.27360534667969,35504000
2020-07-02,71.71470819496238,73.49947131542557,71.68893445944028,72.5949478149414,37182000
2020-07-06,73.35623783628768,74.67114462627491,72.99938350629786,74.13140869140625,31280000
2020-07-07,73.84889933255772,75.17718463004604,73.52921573802055,73.6100082397461,29164000
2020-07-08,74.0630128736371,74.63595670639309,73.63230861118267,74.14627838134766,24994000
2020-07-09,74.66420769995123,75.47059742715096,73.7539818810069,74.88922119140625,28466000
2020-07-10,74.64935614159376,76.51688610589206,74.17305617621159,76.41329956054688,37126000
2020-07-13,76.82266749038186,78.16740903128326,74.60437938814094,74.90656280517578,36928000
2020-07-14,73.86425602334,75.4819889388637,73.5267320293995,75.3645248413086,31700000
2020-07-15,75.49092444878848,76.09559389813933,74.24540551349456,75.02056884765625,32214000
2020-07-16,74.34452043124675,75.27085478936667,73.66600114123098,75.23665618896484,30386000
2020-07-17,75.41607149932894,75.50627200644159,74.26620599220762,75.11521911621094,29134000
2020-07-20,75.10085431152145,77.82830998133669,74.52294937728159,77.601806640625,31146000
2020-07-21,78.6560104507891,78.6560104507891,77.03479862955464,77.239990234375,24324000
2020-07-22,77.34309107807213,77.81393823638598,76.62938240905412,77.73909759521484,18640000
2020-07-23,77.66375942591681,77.90661335529414,74.71088948386054,75.12166595458984,32552000
2020-07-24,74.29149740218564,75.21861836676847,73.76959434432771,74.9328384399414,30880000
2020-07-27,75.11770809897321,76.37512312325033,75.09837779613106,75.8413314819336,24920000
2020-07-28,75.59253133345493,75.6569581183654,74.22855753459052,74.36138153076172,34044000
2020-07-29,74.6577699770825,75.89347250238562,74.4104464542788,75.43590545654297,22130000
2020-07-30,74.1958401101082,76.2214835392252,73.95893044537353,75.90328979492188,33428000
2020-07-31,74.59282710045075,74.78810396284301,72.06610135180259,73.49996185302734,68798000
2020-08-03,73.68235624207601,73.87218039831582,72.64152997408158,73.07818603515625,46604000
2020-08-04,73.18325489320192,73.62882739604274,72.29508959738531,72.60832214355469,38070000
2020-08-05,72.82293595073801,73.47270939109877,72.5334881181194,73.03655242919922,39590000
2020-08-06,72.9443723671972,74.46298092118843,72.65938652970529,74.34947967529297,39908000
2020-08-07,74.34453901201618,75.17942522053583,73.43456258053,74.07144927978516,31556000
2020-08-10,73.70913617874967,74.54650289059752,73.01029575377012,74.15123748779297,25786000
2020-08-11,73.96983961693594,74.84016466653095,73.25414944441941,73.36913299560547,29088000
2020-08-12,73.62982254705855,74.9584102165642,73.61346439267696,74.6726303100586,28740000
2020-08-13,74.85701375617232,76.19075941163035,74.74128905970367,75.25897216796875,29104000
2020-08-14,75.12068790920105,75.42996522350738,74.48727254155891,74.72765350341797,27096000
2020-08-17,75.07160637837558,75.61383039805276,74.73953509952143,75.23566436767578,27566000
2020-08-18,75.64208147780859,77.44072222977495,75.51966379352957,77.24891662597656,40542000
2020-08-19,76.98673212448506,77.99633212126518,76.52282751687224,76.70026397705078,33212000
2020-08-20,76.49803686860079,78.60050216390114,76.23783406234583,78.39630126953125,34138000
2020-08-21,78.1623700555895,79.18782904954237,77.71506561987452,78.33039093017578,28930000
2020-08-24,79.00244863298842,80.00313203222413,78.33781450025491,78.71598052978516,28198000
2020-08-25,78.41216860841672,79.87675677924446,78.41216860841672,79.70824432373047,44942000
2020-08-26,79.69732624258839,82.23594079832286,79.47924777582989,81.89693450927734,79868000
2020-08-27,81.96137015860455,82.02679521825979,80.57707542164758,81.00232696533203,37232000
2020-08-28,80.96069679036384,81.63871702618728,80.8248930874796,81.50192260742188,29980000
2020-08-31,81.67439833719081,81.67811163074094,80.80308270277501,80.99488830566406,36468000
2020-09-01,81.11631936139995,82.55860500016544,80.89774929561439,82.30979919433594,36506000
2020-09-02,82.95733536711774,85.90162162982597,82.58833533801526,85.65876770019531,50224000
2020-09-03,84.73858986258146,84.73858986258146,80.04724774128844,81.37454986572266,62156000
2020-09-04,80.50321398346387,81.53660609397302,76.70436375911142,78.85673522949219,52172000
2020-09-08,76.00538521791832,77.50987424865934,75.73278709736105,75.94987487792969,52218000
2020-09-09,77.1958949960779,77.76437685678545,76.13132916278894,77.16764068603516,35494000
2020-09-10,77.3500271659493,78.51183435862443,75.62350437154626,75.93153381347656,32372000
2020-09-11,76.12879806824795,78.07166745088601,74.21367629174961,75.37147521972656,31942000
2020-09-14,76.27772689380606,77.51655270347293,75.12464715744498,75.30009460449219,33932000
2020-09-15,76.12879621921343,77.29699385374253,75.92236431984199,76.3984146118164,26622000
2020-09-16,77.09725920321029,77.41743437074386,75.32686507424741,75.3803939819336,26234000
2020-09-17,74.1462713081013,74.75579594200235,72.85762993050274,74.12297058105469,37596000
2020-09-18,74.24589042128498,74.49335761422685,71.22849530358066,72.36150360107422,62078000
2020-09-21,71.37371245169476,71.78508637625292,69.7128568777239,70.93260192871094,57776000
2020-09-22,71.87082937109481,72.83383530574261,71.09962902571115,72.63261413574219,31664000
2020-09-23,72.30154011266035,72.40958107535472,69.7698603849799,70.14207458496094,33148000
2020-09-24,69.93490284556094,71.55457197671512,69.87642036060207,70.79035949707031,29004000
2020-09-25,71.00546431020767,71.86637366165101,70.04939330191402,71.6165771484375,26460000
2020-09-28,73.06630703558606,73.19466903399923,71.83173883497574,72.5860366821289,40158000
2020-09-29,72.87696293150995,73.18787374783552,72.30277128405056,72.82442474365234,19564000
2020-09-30,72.69903092343071,73.83650883782728,72.35606173724211,72.83781433105469,34032000
2020-10-01,73.564890693687,74.29693884064444,73.31410349365751,73.85334777832031,35590000
2020-10-02,72.46261770554736,73.51186893191004,71.91196878639863,72.28369140625,25682000
2020-10-05,72.66978949514682,73.76017431534896,72.57363712480127,73.6516342163086,22266000
2020-10-06,73.13418487359054,73.68829744410401,71.79647670645899,72.03685760498047,24908000
2020-10-07,72.57463761190938,72.80609456413772,71.17250232682238,72.37638854980469,34924000
2020-10-08,72.61427798354973,73.84889133926414,72.61427798354973,73.64717102050781,23756000
2020-10-09,74.08185039201949,75.16331136917086,73.82164754878374,75.09888458251953,28706000
2020-10-12,76.47573675496513,78.99651107394085,75.95879485058829,77.77180480957031,49652000
2020-10-13,78.49444448330998,78.80520408319792,77.47691873881793,77.89720916748047,32020000
2020-10-14,78.23967764141322,78.6904079528005,76.84893954375634,77.7187728881836,38586000
2020-10-15,76.68142822096114,78.06696335790998,76.57635939320642,77.27519226074219,30800000
2020-10-16,77.60826176537117,78.36558468531405,77.46700533681992,77.96312713623047,28694000
2020-10-19,78.33236596132978,78.71350415841394,75.73228908306467,76.05989837646484,32142000
2020-10-20,75.68521211886652,78.18566562056883,75.61681490788564,77.11659240722656,44834000
2020-10-21,77.97897630602544,80.22914146850881,77.89472008631533,78.96924591064453,51366000
2020-10-22,78.95636831147618,80.39072833469135,78.55738961577151,80.06063842773438,28672000
2020-10-23,80.59294226750532,81.40032282434593,80.31737198021858,81.33292388916016,27516000
2020-10-26,80.5404094670081,81.19612727660208,78.1361007482076,78.82750701904297,37066000
2020-10-27,79.08621978236853,79.64008286570224,78.44735176899124,79.511962890625,24580000
2020-10-28,77.3054297432622,77.38522397248478,75.06914939138447,75.16827392578125,36680000
2020-10-29,75.45274789799177,78.98907386464616,75.44680360327452,77.67713928222656,40062000
2020-10-30,82.87481838247795,83.61281094359738,79.52188047357113,80.34214782714844,86582000
2020-11-02,80.69651796663987,82.3127687185351,80.09531984803262,80.59095001220703,50708000
2020-11-03,80.87592785332038,82.35885533607552,80.12455695479379,81.78937530517578,33234000
2020-11-04,84.76664097405978,87.79420062336693,84.55599662853186,86.6921615600586,71418000
2020-11-05,88.27173013058658,88.8982028100579,86.76054828175141,87.39793395996094,41316000
2020-11-06,86.93105889987245,87.84697949374018,86.25700154200906,87.3176498413086,33218000
2020-11-09,88.76240537226172,90.10853860866732,87.23190067711361,87.37960052490234,45366000
2020-11-10,85.79803980710659,87.37960039714777,85.11456689238351,86.25897979736328,52722000
2020-11-11,86.73526930604115,87.44005387087519,86.60466877541492,86.86958312988281,25280000
2020-11-12,86.61781750630749,87.64079590014305,86.51720312759008,86.72734832763672,24950000
2020-11-13,87.11343837213329,88.27371019506323,86.46515483065645,88.074462890625,29998000
2020-11-16,87.81080193529694,89.16734155546084,87.6120537403841,88.29057312011719,24936000
2020-11-17,88.0705039372308,88.46998171686484,87.57784593490788,87.73397064208984,22942000
2020-11-18,87.4901218607704,87.89852366118753,86.54396556199285,86.57568359375,23470000
2020-11-19,86.1593539424191,87.70621675109514,86.09120630839033,87.4251937866211,24998000
2020-11-20,87.48913193523614,87.92478976878569,86.33183971503769,86.34819030761719,46270000
2020-11-23,86.71546745827828,86.9285848248373,85.13539654707145,85.98490142822266,43232000
2020-11-24,85.76880831419807,87.80584875513378,85.62953332279173,87.67103576660156,31560000
2020-11-25,87.86978439048681,88.14981666714392,87.05943172558226,87.79742431640625,20916000
2020-11-27,87.87969396400068,89.41168097360304,87.84747679243661,88.87590789794922,17698000
2020-11-30,88.28086143305613,88.62190973016223,86.983106715673,87.2676010131836,36476000
2020-12-01,87.94312418859093,90.44407649912718,87.69530911635927,89.11925506591797,34738000
2020-12-02,89.11927537376941,90.98036941039086,88.69169444888684,90.5987319946289,24440000
2020-12-03,90.40345062780872,91.55281725932178,90.33604412958742,90.54024505615234,24546000
2020-12-04,90.428709028454,90.8569326865958,90.05550412793687,90.60069274902344,27564000
2020-12-07,90.15512462600527,90.81778494437629,89.49990602036944,90.17891693115234,26418000
2020-12-08,89.71401204149981,90.2988595596688,89.02533599505773,90.13282012939452,21926000
2020-12-09,89.80868634710603,90.91195810053874,87.61800185648615,88.42686462402344,30152000
2020-12-10,87.71662706043237,88.2870978811163,86.25551025912611,87.99071502685547,27256000
2020-12-11,87.38258078225532,88.4427375658863,87.23091805709134,88.30990600585938,24414000
2020-12-14,87.97435217160282,89.08406729782526,87.09287225030265,87.23387908935547,32004000
2020-12-15,87.44998069841775,87.79692031113393,86.73280074390028,87.61601257324219,29646000
2020-12-16,87.86927883747131,87.87523069513693,87.03662378158097,87.37960052490234,30270000
2020-12-17,87.65269115937011,87.81496436307795,86.17323478264711,86.63119506835938,32494000
2020-12-18,86.94245075462557,86.98854550888507,85.2592926729205,85.79407501220703,80328000
2020-12-21,84.92672095563873,86.28177814428066,84.20755961014868,86.20841979980469,36568000
2020-12-22,85.96358476206147,86.1110350479922,84.88039198608129,85.42186737060547,18734000
2020-12-23,85.6503415877903,86.63565000088416,85.49817974819672,85.86197662353516,20676000
2020-12-24,85.99183281593179,86.53702901737283,85.69990441293795,86.18264770507812,6936000
2020-12-28,86.8163123422826,88.75388019441684,86.55362896298506,88.02837371826172,27860000
2020-12-29,88.60826850942175,88.83873472055463,87.03711423486459,87.16746520996094,25988000
2020-12-30,87.33052705270109,87.4834300377476,85.52593453203413,86.21585083007812,26122000
2020-12-31,86.0126478051477,87.17787321352291,86.0126478051477,86.82845306396484,20238000
2021-01-04,87.10899222469797,87.2631355215254,84.6462085761229,85.65679931640625,38038000
2021-01-05,85.49620690782506,86.61979969013437,85.15000843709898,86.28524780273438,22906000
2021-01-06,84.38748648791446,86.63616201590953,84.20756945501576,86.00621795654297,52042000
2021-01-07,86.24262882775052,88.63850508527564,86.09344667537114,88.58151245117188,45300000
2021-01-08,88.61768656703295,89.70112887180485,87.90174689981127,89.5707778930664,41012000
2021-01-11,88.52300793491975,88.93165927257988,87.25667658332978,87.56396484375,24194000
2021-01-12,86.92956446545095,88.12502568589198,85.51157032407164,86.56428527832031,27140000
2021-01-13,86.16927418973575,87.48046016327062,86.14101988088426,86.95336151123047,21882000
2021-01-14,86.914705033761,87.97486180881256,85.91253917160194,86.24858093261719,23590000
2021-01-15,86.14994392220567,87.03266419268685,85.32521456188599,86.05081939697266,26844000
2021-01-19,86.84678999901723,89.67312042967365,86.31200014334108,88.76041412353516,34692000
2021-01-20,90.7726702981408,94.35360087224284,90.47876049302796,93.52044677734376,49806000
2021-01-21,94.07060533540135,95.89749283092412,93.53086185572522,93.73605346679688,41278000
2021-01-22,93.9556013530324,94.71243249228716,93.2656851159513,94.22175598144533,25442000
2021-01-25,95.19418882838131,95.6357908994578,92.56041272773496,94.13998413085938,38546000
2021-01-26,93.61661253896268,95.40880994433348,93.3888688975051,95.02420043945312,26262000
2021-01-27,93.30386744882472,93.67410021365588,89.6594928936985,90.73947143554688,54966000
2021-01-28,91.39122764909372,94.11174085003306,91.32680087001178,92.3413543701172,35462000
2021-01-29,91.5017594213197,92.05240080201096,89.71897759747009,90.9848175048828,32252000
2021-02-01,91.8685125685851,95.27953935955722,91.73767002413015,94.23663330078124,32044000
2021-02-02,95.28786868697728,96.93336441857134,94.88789932969809,95.53321075439452,45474000
2021-02-03,102.74413437494876,104.90012104789056,100.03699963965283,102.59891510009766,82364000
2021-02-04,102.5404323857468,103.01920525379812,101.23692263899956,102.21727752685548,37046000
2021-02-05,102.59544176048313,104.20673889839168,102.06660372125188,103.98320770263672,30702000
2021-02-08,104.3752548769332,105.24939899403508,102.69456976302752,103.7309341430664,24838000
2021-02-09,103.01871992503064,104.33659891229055,103.01871992503064,103.26504516601562,17798000
2021-02-10,103.79535681018268,104.4971692338192,102.252956135867,103.85334014892578,22710000
2021-02-11,104.05804946727642,104.18294772277908,102.95824148626085,103.87863159179688,18914000
2021-02-12,103.59909703260224,104.51948719245615,103.24621311834564,104.28604125976562,17114000
2021-02-16,104.2984361284602,106.69332155041312,104.2984361284602,105.1677703857422,22676000
2021-02-17,104.08232502337955,105.75061467343066,104.02879612348625,105.4854507446289,21418000
2021-02-18,104.59729805168952,105.70478223440844,104.26621745519222,104.93482208251952,22432000
2021-02-19,105.0374113048308,105.5954867976591,103.9539615026332,104.13883209228516,29148000
2021-02-22,102.44675888424668,103.6570884752082,102.20588636272302,102.34169006347656,27350000
2021-02-23,100.36561650803633,103.19070718809414,99.22615709086092,102.63807678222656,33348000
2021-02-24,101.19925024574644,104.12099209737832,101.01586951032674,103.84294128417967,24966000
2021-02-25,102.46906216428576,103.82858147526002,100.18123451701058,100.68033599853516,36568000
2021-02-26,101.62994841979952,102.64549253997733,99.92200744835418,100.95291900634766,41670000
2021-03-01,101.92732505130644,103.41421545773444,101.41088232225091,103.16590881347656,28090000
2021-03-02,102.90224419609623,104.29892665824067,102.65790039238485,102.88489532470705,22692000
2021-03-03,102.4571712179315,103.51326683016704,99.62167417907528,100.44987487792967,29684000
2021-03-04,100.28431816218372,103.5490291063258,100.13066646649789,101.55907440185548,42360000
2021-03-05,102.75008182193494,104.97992604886748,101.426500583081,104.50560760498048,43904000
2021-03-08,104.13834392847764,105.51024332195892,100.1970873582059,100.323974609375,32948000
2021-03-09,102.5954446639398,102.99393174208866,101.49663494225145,101.73800659179688,33946000
2021-03-10,102.68266114654806,102.84324784328896,100.77994247807126,101.85347747802734,25372000
2021-03-11,102.7966744519045,105.3561093884734,102.71340894594272,104.81438446044922,24782000
2021-03-12,103.338882860126,103.59958479442484,101.48275042978172,102.1949691772461,34516000
2021-03-15,102.21379847380274,102.44971738457173,101.28251055875496,102.42147064208984,25962000
2021-03-16,103.04102280678816,105.2500469460827,102.5954502335247,103.71160888671876,29832000
2021-03-17,102.89431006441217,104.56706191181524,101.80243533242133,103.6402359008789,25980000
2021-03-18,102.14938116545532,102.86804340013931,100.78887120478154,100.92120361328124,27228000
2021-03-19,101.21016594209276,101.75783519576784,100.00231689872312,101.26716613769533,46298000
2021-03-22,101.19974398240308,102.00018179173426,100.4181297719705,101.03865814208984,39096000
2021-03-23,101.68843972946398,102.70953497146552,101.06989274095092,101.75089263916016,27340000
2021-03-24,102.36597228729778,103.00235974766484,101.18562888651192,101.35934448242188,23080000
2021-03-25,101.34696370710267,102.04381513297412,99.65785356944588,101.3246612548828,28378000
2021-03-26,101.05205085728612,101.65324896648085,99.82090119262764,100.88799285888672,29870000
2021-03-29,100.50784871516063,102.02200282592528,99.90020715173766,101.89908599853516,24596000
2021-03-30,101.98234781238062,102.6341026761578,101.3082904991572,101.8787612915039,20732000
2021-03-31,102.0562110377013,103.7516133660035,101.93849734801572,102.52755737304688,29198000
2021-04-01,103.98072513836944,106.21056920952836,103.92818695157312,105.95333099365234,33980000
2021-04-05,106.70621324945134,110.88784356380243,106.6407881863789,110.3049774169922,43298000
2021-04-06,110.15381525957054,110.90519387193756,109.77217787654358,110.2653350830078,27060000
2021-04-07,110.3337238370964,111.76460489071016,110.29407251541852,111.5009307861328,25798000
2021-04-08,112.90257188026278,113.20217644345811,111.89743396425403,112.28204345703124,27166000
2021-04-09,111.84887161034573,113.45174410899212,111.70087680074504,113.2951202392578,20888000
2021-04-12,112.32217873316166,112.77171411362768,110.94506871650955,111.75418853759766,31318000
2021-04-13,112.08528290894331,112.86539981163504,111.81862908528323,112.37274932861328,23310000
2021-04-14,112.7638026899758,112.90406083205876,111.476651012628,111.75667572021484,20220000
2021-04-15,112.8539977821875,114.3219058784051,112.30979984718752,113.82939910888672,27472000
2021-04-16,114.1436376473766,114.31413153369884,113.2242457352798,113.88392639160156,22596000
2021-04-19,113.5974260907011,114.9093605315041,113.39248407396477,114.11387634277344,24688000
2021-04-20,114.38598816439529,114.4707435221753,112.59280014549095,113.6792221069336,21774000
2021-04-21,113.26388169380104,113.76298315107184,111.94154076185468,113.66236877441406,23930000
2021-04-22,113.65938821302896,114.18138953638676,111.83646366637802,112.40495300292967,21096000
2021-04-23,113.17566751581047,115.27466168148892,112.91496555079844,114.75325775146484,28670000
2021-04-26,114.98272744216456,116.03991197289054,114.6808918770929,115.32025146484376,20834000
2021-04-27,115.77921191358622,115.85107284381075,114.20657531113694,114.34783172607422,31972000
2021-04-28,119.30536718417468,121.54725125812809,117.70473339279064,117.9555206298828,59728000
2021-04-29,119.46322875919614,120.76127824128,119.06424254095604,120.43267822265624,39554000
2021-04-30,119.17378583602463,120.29638791141343,119.05830315498268,119.45281982421876,39142000
2021-05-03,119.0860638869186,119.9276430189814,118.18302255494322,118.71186065673828,33788000
2021-05-04,117.45146787437508,117.92330575704456,114.57482983512416,116.6837387084961,35120000
2021-05-05,117.386032180703,118.06901348357428,116.54297087209724,116.80713653564452,21806000
2021-05-06,116.50479865028764,118.09428484117711,116.093326419308,118.0268783569336,20618000
2021-05-07,118.95124794410708,119.76458030851676,118.45561774433996,118.88632202148438,23272000
2021-05-10,117.70672403466077,117.86086733149664,115.7162774356599,116.05974578857422,26006000
2021-05-11,113.59148394616813,115.0853092763238,113.15235488505944,114.4291000366211,32110000
2021-05-12,112.09718978495684,113.26984960356148,110.52802426119912,110.97557830810548,34934000
2021-05-13,112.06643227155423,112.83520501768086,111.15596448276852,112.11005401611328,26670000
2021-05-14,113.59000801725882,115.04269991725702,113.16822777322857,114.7958755493164,26624000
2021-05-17,114.45686699986815,115.15173691156676,113.74712122573544,115.05608367919922,19842000
2021-05-18,115.82411678401492,116.13359071090044,114.15156150134484,114.16494750976562,17302000
2021-05-19,112.23050603073892,114.82562206077075,112.1868918427688,114.42664337158205,19350000
2021-05-20,115.38469377714485,116.98557720936954,115.04022715722633,116.77493286132812,23832000
2021-05-21,117.26559823890923,117.41478037408469,116.094920058,116.230224609375,22832000
2021-05-24,117.31565974611614,119.867168943849,116.97417285799465,119.28182983398438,21244000
2021-05-25,119.94251999340516,120.58138810897766,119.09945094515857,119.40079498291016,18838000
2021-05-26,119.58738197446492,121.07967986773824,119.57152295812016,120.61309051513672,21856000
2021-05-27,120.78209670482735,120.933759413252,119.05036328689584,119.07564544677734,38962000
2021-05-28,120.03963719968144,120.3459347512495,119.3323720204848,119.52418518066406,24108000
2021-06-01,120.04162849091752,120.83320289058072,119.19311439951414,120.42871856689452,19166000
2021-06-02,120.70132003144454,121.03289221557198,119.1594106818003,120.00595092773438,17158000
2021-06-03,118.70442409415732,119.43424138164984,118.10025378200626,119.1797332763672,18346000
2021-06-04,120.0674037773061,121.6206571787594,119.83197641288334,121.5166244506836,25948000
2021-06-07,121.49481176781347,122.32152249474768,120.98693758090909,122.2268524169922,23850000
2021-06-08,122.91132327784436,123.63468949007834,122.333418343053,123.05753326416016,25060000
2021-06-09,123.88275958200325,124.15535768827324,123.27958002417898,123.4813003540039,20126000
2021-06-10,123.61065114189174,125.06037079178914,123.61015200265923,124.97809600830078,31234000
2021-06-11,125.1426508508748,125.245246655623,123.82278297293936,124.59795379638672,25240000
2021-06-14,124.57120367286164,125.3067156984004,123.95413891835253,125.24773406982422,22550000
2021-06-15,125.41624321865432,125.75326810236376,124.55037271812344,124.93151092529295,22182000
2021-06-16,125.14413314320343,125.41772195586536,123.06491564361431,124.59795379638672,26316000
2021-06-17,124.42596748707687,126.0848416362786,124.418034198197,125.2665557861328,25756000
2021-06-18,124.6068795606078,125.28440820894976,123.51401408324529,124.47008514404295,53306000
2021-06-21,124.6410831237497,125.92650297778262,124.04062609565824,125.34983825683594,26256000
2021-06-22,125.34487503567937,126.15770826428836,124.92507619416746,125.88957214355467,20984000
2021-06-23,125.44400497808223,126.67911003541488,125.14860526868988,125.35627746582033,19694000
2021-06-24,125.94309808049532,126.4208878224176,125.85041698947713,126.16960144042967,18934000
2021-06-25,125.84744668558378,126.3906539334085,125.33892961896906,125.88511657714844,33484000
2021-06-28,125.89006987282168,126.22412262860418,124.87283911125228,125.71115112304688,28110000
2021-06-29,125.66455290774036,125.89006554685616,124.34072209720668,124.91714477539062,20950000
2021-06-30,124.5553843137965,124.70055821944725,123.66716595075404,124.22078704833984,24006000
2021-07-01,123.75861171156228,125.3572717252452,123.75861171156228,125.26409149169922,17120000
2021-07-02,125.73096473373523,127.72191781721544,125.6610776740547,127.59403228759766,21160000
2021-07-06,128.31817840310262,128.74938945568312,127.28677492786797,128.63687133789062,21350000
2021-07-07,129.2018902258368,129.49816724878073,128.62595903313536,128.94068908691406,16680000
2021-07-08,127.12913442693282,128.89605713494794,126.92096310718404,128.04803466796875,19780000
2021-07-09,127.81756343531504,128.71465276822116,127.81656515684644,128.44204711914062,15106000
2021-07-12,128.69876728636564,129.62709049863335,128.46731796996448,129.42288208007812,16944000
2021-07-13,129.7376209567865,130.88798554787925,129.49525106384493,129.84963989257812,16618000
2021-07-14,130.74872848514352,131.83366061386502,130.74524963572966,130.9281463623047,17912000
2021-07-15,131.34198745716597,131.43615839405658,129.45661753868265,130.1192626953125,16586000
2021-07-16,130.49049576193022,131.02775106818032,129.6781542435525,130.69320678710938,14856000
2021-07-19,130.00926058837544,130.09995269015585,127.41364537521233,128.12437438964844,25710000
2021-07-20,128.8677920091857,130.84768063265506,128.0593226145956,129.95570373535156,19084000
2021-07-21,129.64396218425753,131.4582123382449,129.4600823112968,131.4416046142578,14742000
2021-07-22,131.49068639623516,132.3377257917358,131.24287129550692,132.16326904296875,13608000
2021-07-23,134.0778953065005,137.59539095882877,133.52329096308097,136.61155700683594,26378000
2021-07-26,137.04172861297883,138.49193980760833,136.44796469537042,138.42404174804688,23052000
2021-07-27,138.78735119655704,138.78735119655704,133.91927620849248,135.60093688964844,42164000
2021-07-28,137.3510146618387,138.45527713118932,135.15835630210034,135.1895751953125,54688000
2021-07-29,135.18868381647192,135.95285093603806,134.94820455923784,135.34718322753906,19284000
2021-07-30,134.32668907292518,134.58475921565164,133.6359710364847,134.03921508789062,23954000
2021-08-02,134.30040358003416,134.83171462516523,133.49252401324674,134.80099487304688,20140000
2021-08-03,134.81137659851717,135.1439394083235,133.01075476487893,135.08892822265625,19064000
2021-08-04,135.05873756620986,135.34471414980803,134.23152757218728,134.8396759033203,16528000
2021-08-05,134.83966174020566,135.75310173841007,134.41490934283556,135.74319458007812,11866000
2021-08-06,135.10382713386807,135.88201551240277,134.85749433958995,135.83834838867188,13560000
2021-08-09,135.7521226886644,137.1126251384003,135.2364210496758,136.79591369628906,12374000
2021-08-10,136.87273766972007,137.3406126959752,136.02719570102272,136.88958740234375,16034000
2021-08-11,137.07447918786045,137.63428665292085,136.1496344808512,136.4861602783203,15204000
2021-08-12,136.50945230866833,137.20829276400184,135.58362445612704,137.18003845214844,14646000
2021-08-13,137.1482816134208,137.46201328936107,136.79886904732808,137.1963653564453,12580000
2021-08-16,136.79393989388618,137.7757771825997,134.97572661397365,137.70193481445312,18040000
2021-08-17,136.9832605869479,137.50616194456637,135.59203834945433,136.10055541992188,21272000
2021-08-18,135.91716873970796,137.085381666416,135.22874971794076,135.37644958496094,14934000
2021-08-19,134.2835573571537,136.250710575215,134.1730358236268,135.7169189453125,18296000
2021-08-20,135.88492625969326,137.40305070335003,135.27431258624406,137.2270965576172,15564000
2021-08-23,137.7836821762398,140.93439998368015,137.5353226167544,139.86631774902344,21090000
2021-08-24,140.3064531306813,141.75766266709394,140.11811125619684,141.1539764404297,15126000
2021-08-25,141.63423730680734,142.06048708965,141.19461664258952,141.70065307617188,12838000
2021-08-26,141.37205804432725,141.88384215982578,140.84967100103097,140.88088989257812,14922000
2021-08-27,140.870474426595,143.74364079129933,140.77878406407504,143.28717041015625,24562000
2021-08-30,143.4398218648292,145.20922509931688,143.3362429095218,144.19813537597656,16916000
2021-08-31,144.60951240719942,144.8350174593446,143.73273654311058,144.19070434570312,26756000
2021-09-01,144.37705950009808,145.53733139824254,144.3418777449803,144.5673828125,15824000
2021-09-02,144.6739477186985,145.0461694938564,142.84706769727865,142.9585723876953,21844000
2021-09-03,142.886204036132,144.10644825452738,142.2508148929482,143.50970458984375,19104000
2021-09-07,143.4844169216703,144.54953461348416,143.27774303903996,144.2471923828125,15170000
2021-09-08,144.12281642473047,144.2789411518269,142.93975037364532,143.61727905273438,15486000
2021-09-09,143.61726657367302,144.39639272351542,143.171701585184,143.64700317382812,14798000
2021-09-10,144.1723545060233,144.7428252544245,140.50271323567108,140.68064880371094,32896000
2021-09-13,141.94946603476788,142.93080402260333,141.0389906929406,142.21115112304688,20176000
2021-09-14,142.90107067958212,143.46261745773057,141.65655015741294,142.15267944335938,18916000
2021-09-15,142.50259073895944,144.309157172922,141.0127205934312,143.9369354248047,20648000
2021-09-16,143.85270485239175,143.93100922202166,142.1629519148649,143.1117401123047,20292000
2021-09-17,142.54172649781137,142.98878885407916,139.8286477358103,140.22714233398438,60040000
2021-09-20,137.78539462708463,138.14453292278412,135.85520779290323,137.8020477294922,34918000
2021-09-21,138.89243337180267,139.5809582012449,137.69151937862972,138.42604064941406,18130000
2021-09-22,138.8265017371009,140.34609331113322,138.25280925594834,139.7067413330078,22068000
2021-09-23,140.37186122361447,141.0092014929506,139.86334424672762,140.58697509765625,17272000
2021-09-24,139.7142063392939,141.65460306918132,139.6195362391874,141.38645935058594,14950000
2021-09-27,140.34810805310997,141.2546207382182,139.2720997454011,140.2643585205078,18844000
2021-09-28,137.8729158935371,138.3863940780007,134.51402621091523,134.99380493164062,42190000
2021-09-29,135.91141206808774,136.1976911462074,133.07670921673036,133.3453369140625,26338000
2021-09-30,133.1510492766443,134.40499306888503,131.83763228088753,132.10081481933594,35294000
2021-10-01,132.38730702605153,135.87306942967507,132.2118519785501,135.26988220214844,28388000
2021-10-04,134.5135191075148,134.51401824675966,130.0201466219527,132.59593200683594,31530000
2021-10-05,132.82887145671867,136.16148788193988,132.82887145671867,134.98684692382812,24126000
2021-10-06,133.4489254496441,136.64722846150278,133.31113275703282,136.15357971191406,19764000
2021-10-07,137.6493944124473,138.92955054248768,137.35201327826417,137.9690704345703,18250000
2021-10-08,138.68327195842016,139.09067547228446,138.2107837101895,138.8319549560547,18924000
2021-10-11,138.5782081372301,139.53343976320886,137.59339116336497,137.634033203125,16584000
2021-10-12,138.41709803206768,138.47410578087,135.05920701127715,135.51815795898438,22536000
2021-10-13,136.546110701579,137.339121992083,135.77937228699494,136.69479370117188,16380000
2021-10-14,138.72885501616014,140.41351045841066,138.12122105390935,140.1761016845703,21426000
2021-10-15,140.95723430430257,140.95723430430257,139.83165998868782,140.43682861328125,21250000
2021-10-18,139.9793488715365,141.74899428980692,139.9793488715365,141.71107482910156,16564000
2021-10-19,142.0391975203335,142.84756120327145,141.84539533731044,142.5650634765625,15316000
2021-10-20,142.9620626544009,142.98709524764251,140.6717543152829,141.17034912109375,17940000
2021-10-21,140.94929611178756,141.60105101625186,140.3991387402378,141.53265380859375,14850000
2021-10-22,139.1243652827816,140.32131626970926,135.97166580894276,137.4134521484375,30182000
2021-10-25,137.5973589808942,137.98919847472757,135.55338345402126,137.5601806640625,21082000
2021-10-26,139.3771520347792,139.60860139837445,137.7906303254033,138.45130920410156,28258000
2021-10-27,138.67976930961007,147.8147270880432,138.67976930961007,145.1477508544922,51850000
2021-10-28,146.0116557404477,146.13606242469905,143.49832308448276,144.8518829345703,32418000
2021-10-29,144.24820527134028,147.3141757246461,143.8977943869837,146.9746551513672,28954000
2021-11-01,146.8700711861353,147.10253394069878,142.3246521811485,142.5174560546875,32272000
2021-11-02,143.54379994454104,145.6364486418198,143.3768756926407,144.58819580078125,21150000
2021-11-03,144.99661208372197,145.6265712708721,143.78579086713236,145.50711059570312,17886000
2021-11-04,145.9135193986106,148.63948534062936,145.35345488499934,147.38356018066406,24700000
2021-11-05,148.04819583441935,149.25481203480683,147.35281923055575,147.93667602539062,20408000
2021-11-08,148.68906507013762,149.71452410990813,147.81675104825396,148.04623413085938,18388000
2021-11-09,148.43727190974002,149.06423620474175,146.2178415985996,147.94412231445312,16876000
2021-11-10,146.7162086795891,147.40042280277424,144.05491885409214,145.3445587158203,22708000
2021-11-11,145.82132539919093,147.2043797765205,145.41243959573342,145.46546936035156,12464000
2021-11-12,146.53948969548247,148.54976540031132,145.174026254662,148.33763122558594,17048000
2021-11-15,148.6890176513632,149.16185368863526,147.35329101269215,148.08236694335938,16248000
2021-11-16,147.86681939693952,148.52303635922385,147.05349454973532,147.7731475830078,17254000
2021-11-17,147.9247946858818,148.31832819103784,147.26461492957674,147.75924682617188,15290000
2021-11-18,147.842502370913,150.28497218658694,147.69629994933828,149.391845703125,26658000
2021-11-19,149.6802828695244,150.52286004843197,148.5775029259461,148.64193725585938,19766000
2021-11-22,148.8295511913779,149.4270359628658,145.72070037465772,145.79307556152344,24608000
2021-11-23,145.82728721190873,146.40320317047326,143.62320922362144,145.47439575195312,18126000
2021-11-24,145.07096077451914,145.7152739629577,143.93001912396514,145.43524169921875,16464000
2021-11-26,143.7481152072577,144.02714918182764,141.24022778382184,141.55792236328125,16992000
2021-11-29,143.03735154577328,145.5784540702984,143.03735154577328,144.8369903564453,26276000
2021-11-30,144.17905717725165,145.34699758510342,140.82437270365327,141.20700073242188,41590000
2021-12-01,142.95213283952668,145.21880000592998,140.2633450837656,140.38031005859375,28476000
2021-12-02,140.5845080761902,143.41058917879428,139.74985648419104,142.5199432373047,21250000
2021-12-03,143.2326629031563,143.94389101575132,139.91639658282602,141.27491760253906,26688000
2021-12-06,142.3192052336329,143.08990645341717,139.4177845250743,142.5397491455078,22198000
2021-12-07,144.67443959952038,147.00390738431344,144.4291050922199,146.74270629882812,23258000
2021-12-08,147.0351532737779,147.8529401567476,145.91354178211503,147.42076110839844,18964000
2021-12-09,146.88098008672765,148.29749189238427,146.2396466565278,146.8115997314453,18580000
2021-12-10,147.79692955815003,148.09429557351376,146.0696504708413,147.37564086914062,21634000
2021-12-13,147.14664728635466,147.26411139234938,145.0808611410493,145.42234802246094,24104000
2021-12-14,143.5047582949688,144.17088231447653,140.99933638390343,143.70350646972656,24778000
2021-12-15,143.10428951631962,146.22799386482097,141.45830968573367,146.08055114746094,27280000
2021-12-16,146.78285389655562,147.2532094710235,142.83317995856643,143.57266235351562,27400000
2021-12-17,141.4672193895998,143.1975688935225,140.54881823987355,141.55494689941406,43404000
2021-12-20,139.45012252261395,141.36415549727957,139.0242810416371,141.156982421875,20264000
2021-12-21,141.89891277709864,143.42748899134267,140.49628603975955,142.96006774902344,19548000
2021-12-22,142.84063389207083,146.01562882531852,142.70482262202958,145.66473388671875,18438000
2021-12-23,145.80397585589387,147.27412246393868,145.6665461813083,145.8565216064453,13818000
2021-12-27,146.1747274569768,147.12930867126624,145.96309239573011,146.7699737548828,13256000
2021-12-28,147.07775227233543,147.07775227233543,144.6600729264541,145.1680908203125,18624000
2021-12-29,145.14976433248833,145.89741447841328,144.23284546750517,145.22410583496094,17022000
2021-12-30,145.17008505633112,145.77723508687956,144.4846306559825,144.72650146484375,12978000
2021-12-31,144.27201616887373,145.08584014533076,143.41308814822392,143.41506958007812,17298000
2022-01-03,143.2128156640527,144.27793340122102,142.24832742042133,143.80657958984375,25214000
2022-01-04,144.27843445959795,145.32866878647042,142.55923255428652,143.1543426513672,22928000
2022-01-05,142.92093473148896,143.03691657002813,136.32161652000423,136.4504852294922,49642000
2022-01-06,136.29583192209677,138.46521244496438,135.56825316168025,136.34886169433594,29050000
2022-01-07,136.69975630347483,137.04644634112273,134.60225208111177,135.80712890625,19408000
2022-01-10,133.91826444123024,137.42831726809436,131.97688515873514,137.36289978027344,34096000
2022-01-11,136.97284196302226,139.1030624332411,135.61779988412613,138.79379272460938,23502000
2022-01-12,140.31739115622955,141.56613195505398,139.87875353748527,140.41006469726562,23642000
2022-01-13,140.60089321103132,141.93413987304632,137.6999707578909,137.91506958007812,26566000
2022-01-14,136.29830342554695,139.96646297738798,136.29830342554695,138.5648193359375,23826000
2022-01-18,135.40618480160649,136.19075620188335,134.4317740759864,135.09938049316406,27382000
2022-01-19,135.74171655907278,137.1899465221498,134.3157814843023,134.46644592285156,20796000
2022-01-20,135.32092932478682,136.70670639851258,131.98087064123405,132.33970642089844,21930000
2022-01-21,131.84951065716953,133.58273391834695,128.86483939718505,128.9550323486328,41920000
2022-01-24,124.9260613868278,129.63554637527668,123.5526267178376,129.2325897216797,55148000
2022-01-25,127.31301573149965,128.2081236781422,125.2734949035158,125.62786865234376,36008000
2022-01-26,129.45117723443548,131.6468154693274,126.04223719431836,128.11050415039062,39630000
2022-01-27,130.2129443436922,131.45099126137504,127.81807408194668,127.9925308227539,30248000
2022-01-28,128.86386222460897,132.20490433686336,127.56977542083808,132.12461853027344,30518000
2022-01-31,133.02513798633672,134.65626443383368,131.1179573029971,134.5125274658203,34056000
2022-02-01,136.63036969228438,136.99217002041328,133.39216600293983,136.67347717285156,51204000
2022-02-02,150.53625540104753,150.7706995972964,144.28536811177133,146.74270629882812,89750000
2022-02-03,144.02516672471867,147.8144656178996,140.9621759586774,141.40377807617188,56930000
2022-02-04,141.76709643448362,143.2720771536389,138.59556510630358,141.76611328125,49224000
2022-02-07,142.45303907428868,142.58933435287565,137.48682996377403,137.72373962402344,44610000
2022-02-08,137.7765198485632,138.61496794140365,135.67677707540824,137.99632263183594,34256000
2022-02-09,139.61876713024913,140.93294032091603,139.15015098484724,140.2167510986328,28628000
2022-02-10,138.28082189669502,140.1949454330574,136.84349738235358,137.3911590576172,33018000
2022-02-11,137.53738192726018,138.06597045201428,132.12361113942117,132.957763671875,38808000
2022-02-14,132.19993596480086,134.9764664569521,132.13699903508123,134.11753845214844,26792000
2022-02-15,136.27004851278815,136.694800925324,134.35494179983246,135.2332000732422,26578000
2022-02-16,135.23816529718204,136.74042352681732,133.64536621210377,136.2859344482422,25610000
2022-02-17,134.96011011906668,135.64358314019836,131.046615627387,131.15219116210938,30968000
2022-02-18,131.87480154462116,132.65442682224892,129.16821132937702,129.32725524902344,31858000
2022-02-22,128.8489893712749,130.74800273735107,126.62459766865796,128.27157592773438,38906000
2022-02-23,129.9329230853464,130.597549702702,126.38916288143294,126.4699478149414,26432000
2022-02-24,123.90753362032184,131.8742949430465,123.67409527557948,131.5139617919922,43166000
2022-02-25,132.35854068682184,134.2057645230196,130.6134286532408,133.34385681152344,26236000
2022-02-28,132.11961615503293,134.45502789696448,131.66438609346085,133.7120819091797,29676000
2022-03-01,133.30469209373015,134.9214345115887,132.2128173296256,132.99542236328125,24640000
2022-03-02,133.43180920974896,134.43025408272956,132.26633419433264,133.5738067626953,23966000
2022-03-03,134.79008780066238,135.51896722797076,132.26485160511118,133.13418579101562,19780000
2022-03-04,132.2167819321083,133.02614377496047,129.2687596936275,130.96728515625,24446000
2022-03-07,130.7511965475062,130.7511965475062,125.3052095654477,125.3592300415039,39178000
2022-03-08,125.14712214542249,130.09946118319678,124.7607732090724,126.1661376953125,35250000
2022-03-09,130.25159370279795,133.0256431974666,128.95106373491254,132.696044921875,32258000
2022-03-10,130.3135451952608,132.37140547732028,130.2525897077912,131.52239990234375,24266000
2022-03-11,132.82837782983705,133.02712599916651,129.15773812413866,129.33517456054688,26600000
2022-03-14,129.4318261455542,129.8808699548852,125.30818732798454,125.63331604003906,30254000
2022-03-15,126.6250934580146,129.37657621240996,125.46184929767844,128.52732849121094,30292000
2022-03-16,129.85508793487355,132.60186611366055,128.0718148043625,132.52207946777344,32058000
2022-03-17,132.15580528714526,133.56191071722927,131.55906166298183,133.4241180419922,23994000
2022-03-18,132.71391320438985,135.716931938303,131.77023739531847,135.6059112548828,45900000
2022-03-21,135.65151444738288,136.38009146373915,133.4350485170163,135.28573608398438,26632000
2022-03-22,135.30704635130255,140.26334841545287,135.30704635130255,139.05152893066406,29776000
2022-03-23,137.92247449371632,138.80121670159508,136.95896936635887,137.2930145263672,25302000
2022-03-24,138.05531524933818,140.16074523739468,136.83298365244158,140.0769805908203,20544000
2022-03-25,140.51511892866688,140.71882825685037,138.4785701624108,140.28465270996094,19270000
2022-03-28,139.45495355033347,140.7356692373456,138.60609919214602,140.7093963623047,23774000
2022-03-29,141.90933621179371,142.90257800561594,141.23873502442558,141.998046875,28678000
2022-03-30,141.62135077448912,142.22651928702973,140.92549017494042,141.3978271484375,21046000
2022-03-31,141.20354980573987,141.3978359849294,138.39878037391185,138.42901611328125,29516000
2022-04-01,138.7863799938155,139.7181673029119,137.58398352383605,139.47035217285156,23480000
2022-04-04,139.59373548576164,142.78485385057047,139.59373548576164,142.38711547851562,19076000
2022-04-05,142.14625166541305,142.33507757584036,139.71170728343233,139.83016967773438,19256000
2022-04-06,137.94529412841638,138.6262865681323,135.22587712535216,135.97714233398438,23574000
2022-04-07,135.42400157842738,136.49804341172066,133.6786476764237,135.2723388671875,19448000
2022-04-08,135.05923945791363,135.05923945791363,132.58356884645184,132.8393096923828,16434000
2022-04-11,131.73850166107223,131.77735889950998,128.48468817442233,128.66212463378906,24188000
2022-04-12,131.26616524949836,131.26616524949836,126.46103435019732,127.25255584716795,23004000
2022-04-13,127.50232716424492,129.5138430401107,127.31607261315116,129.14732360839844,19542000
2022-04-14,129.50766908592192,129.56788343045616,126.00058812210578,126.1408462524414,23484000
2022-04-18,126.29649484134391,127.58711785547052,125.47221163900296,126.8426742553711,14918000
2022-04-19,126.95765014528786,129.75969708694345,126.33762083819695,129.3902130126953,22720000
2022-04-20,130.13661431150624,130.77052116154962,126.7762954262851,127.12467193603516,22610000
2022-04-21,128.21953098292744,129.16865186782377,123.56060284897806,123.84558868408205,30158000
2022-04-22,123.90754083767835,124.35559395394596,118.09925385745434,118.56861114501952,46410000
2022-04-25,118.385722986788,122.20059147209088,117.73124552858638,122.17283630371094,34522000
2022-04-26,121.67719946960813,121.67719946960813,118.12040886881375,118.4615478515625,49394000
2022-04-27,113.37342622036772,116.47309638579073,112.13559101242998,114.01526641845705,62238000
2022-04-28,116.09143631512968,119.38589116598722,114.13756347826768,118.36786651611328,36790000
2022-04-29,116.55040309602796,117.92032097950904,113.69160581120316,113.96172332763672,33694000
2022-05-02,112.91100684431912,116.31400253692031,112.4084340600088,116.13309478759766,30280000
2022-05-03,115.7445074403369,118.25735591174546,115.60771303596802,117.09708404541016,21216000
2022-05-04,116.97219646374069,122.06677508730426,114.72699230159223,121.50373840332033,33232000
2022-05-05,119.1698108537917,120.1737160552426,114.1758468273492,115.7261734008789,43090000
2022-05-06,114.5093958063995,116.47159538863772,113.14542217818914,114.649169921875,35310000
2022-05-09,112.3132595752208,114.55291253289992,111.5678329131017,112.0956802368164,34520000
2022-05-10,115.02635300312788,115.6711729357303,112.39237970396528,113.58308410644533,31158000
2022-05-11,112.71671256216514,115.65133386542566,112.65674022199522,112.96501922607422,36502000
2022-05-12,110.95970892633386,113.85269759182012,109.15115331818228,112.1720199584961,41464000
2022-05-13,113.8417894542764,117.05297934413852,113.00368165888769,115.49720001220705,29738000
2022-05-16,114.37558304668512,115.58838556706614,113.33574740484217,113.78925323486328,23282000
2022-05-17,116.20298354665984,116.20298354665984,114.32950192960506,115.68157958984376,21576000
2022-05-18,114.23037525290574,114.68451639671322,111.16192391499436,111.41866302490234,27982000
2022-05-19,110.86354880760793,112.59478308047196,109.5025472995803,109.77761840820312,29192000
2022-05-20,111.1059036407653,111.56634445159514,105.44332793542848,108.35763549804688,37586000
2022-05-23,109.14172276402796,111.02660874276783,108.20027805318016,110.69056701660156,31558000
2022-05-24,105.4477981188816,105.46513942698316,101.31473593656824,105.000244140625,60386000
2022-05-25,104.22309876177825,105.61354202907413,103.30048514564724,104.9145050048828,37900000
2022-05-26,105.12364425886328,108.00301207214704,104.5660603674704,107.34951782226562,30288000
2022-05-27,108.82898412641175,111.88156865908104,108.59257361671678,111.81317901611328,29924000
2022-05-31,112.0907340890013,115.41591682904992,111.58866046802076,113.04234313964844,51302000
2022-06-01,113.92704683903948,116.37298064258924,112.55811194412158,113.13948822021484,28630000
2022-06-02,113.19003888503391,116.8676138282516,112.3177249482232,116.7169418334961,27472000
2022-06-03,114.97877221835412,115.347522720601,112.67458639064898,113.56275939941406,25052000
2022-06-06,115.72220611092368,118.3549917185352,115.50987529854974,115.98786163330078,23786000
2022-06-07,114.63727305379824,116.71956098898988,114.11934045783696,116.20494842529295,26414000
2022-06-08,115.85503467998664,117.60907046541112,115.67684953459752,116.21337127685548,22544000
2022-06-09,115.32470961127908,117.31565507826107,113.86309375678752,113.91365051269533,23142000
2022-06-10,111.79557213399156,112.50506830457248,109.89210466429392,110.45365142822266,31324000
2022-06-13,106.50695515709816,108.2639631611865,105.65650505020588,105.94243621826172,36756000
2022-06-14,105.95582000293145,107.50961790532271,105.4225199290324,106.25716400146484,25480000
2022-06-15,107.947761297908,111.08361911860896,107.17383823992468,109.4257354736328,33192000
2022-06-16,107.20430950132292,108.3353364140472,104.86791417451975,105.70404052734376,35314000
2022-06-17,105.60392092138662,108.29468989789292,104.70538707070985,106.92279052734376,43516000
2022-06-21,108.7432448960006,111.68827245888832,108.33831438297412,111.03602600097656,39010000
2022-06-22,110.191480562353,112.77519949441772,109.75660923316757,111.05486297607422,23922000
2022-06-23,111.96285147318208,112.20720283218014,110.05864273499677,111.69967651367188,24710000
2022-06-24,112.61014680197276,117.60064717308865,112.61014680197276,117.50202178955078,39122000
2022-06-27,117.89553019342232,118.20777957841533,114.98692505465247,115.60324096679688,32840000
2022-06-28,115.33413322079863,116.82647649394194,111.4612812553494,111.5876693725586,28232000
2022-06-29,111.16836332743851,112.67111291470272,110.57906133031314,111.27542114257812,18628000
2022-06-30,109.53375994537907,110.35681028751968,106.37213642490455,108.41661071777344,38046000
2022-07-01,107.39016175156203,108.84667272599702,106.16893442447116,108.1276626586914,31028000
2022-07-05,106.57485876811596,113.0558113462078,105.3209075333274,112.89166259765624,36398000
2022-07-06,113.094876897038,115.3351198072518,111.2694716570646,114.20657348632812,28852000
2022-07-07,114.9941325173665,118.81444617007978,114.52426852238396,118.2633056640625,32184000
2022-07-08,116.52265591740397,119.38243655131538,116.48696745959862,119.11827087402344,29082000
2022-07-11,117.61304398133936,117.7562818302994,115.21865014976667,115.50413513183594,26718000
2022-07-12,115.81737176654477,116.81953753955206,113.61330132327475,113.84575653076172,24970000
2022-07-13,111.6545808622778,114.15057232716948,110.8457104950561,111.20652770996094,38958000
2022-07-14,109.8574245610098,111.00878014216154,108.37004234326388,110.466064453125,32366000
2022-07-15,111.97573453570028,113.00417314535842,110.84520682412304,111.7814483642578,34330000
2022-07-18,112.44857244209588,113.79668707417552,108.34475534708504,108.94942474365234,33354000
2022-07-19,110.75352145818984,113.80659756716412,109.5342679086254,113.6182632446289,30992300
2022-07-20,113.06316471662204,115.31333017741682,112.27016089278152,113.69757080078124,26780100
2022-07-21,114.0841501547198,114.2031041194054,110.93194949907256,114.03459167480467,27267800
2022-07-22,110.83281665879618,112.19084605285283,106.6596115174712,107.41297149658205,44455300
2022-07-25,107.92841717346766,109.61356419661584,106.0747652795352,107.26427459716795,28289900
2022-07-26,106.4910996299295,106.7983879181494,103.84443631229767,104.51849365234376,36626600
2022-07-27,108.64213621159618,113.40018906401735,107.47244865986777,112.607177734375,41474600
2022-07-28,111.81416692091813,113.69755547537363,110.87345579677698,113.58851623535156,23303800
2022-07-29,112.40892408426146,115.87833527474658,112.2404116414898,115.62060546875,31336200
2022-08-01,114.52030738139143,116.0964152754024,113.6876523149074,114.4707489013672,22856200
2022-08-02,113.42993092373165,116.0567725668897,113.26141846625367,114.8870849609375,17911000
2022-08-03,115.3232274962332,118.37631124242762,115.13489316910209,117.74190521240234,25302800
2022-08-04,117.26610524151326,118.45561466494496,116.6812576883792,117.83112335205078,15757700
2022-08-05,115.90807890127635,117.82121177622685,115.69000040319132,117.18680572509766,15615700
2022-08-08,118.07892126267797,119.80371194447775,116.8001946590748,117.10748291015624,17061100
2022-08-09,116.95881424064036,117.16697802025072,115.5413115447744,116.4730987548828,15424300
2022-08-10,118.54481709303896,120.71567959659068,118.31683145637864,119.5955581665039,20497000
2022-08-11,121.01307011596188,121.27079237197104,118.5051825415822,118.77281951904295,16671600
2022-08-12,120.1011110076257,121.57808685302734,119.34775100291655,121.57808685302734,16121100
2022-08-15,121.14191821679243,122.1827445385037,120.50751224100974,121.80606079101562,15525000
2022-08-16,121.250958661488,122.15102016338842,120.47282326458144,121.43930053710938,15626200
2022-08-17,119.87311730902644,121.08245617512615,119.14949390853975,119.26844787597656,17589200
2022-08-18,119.17923489998142,120.62647409971392,118.50517756121542,119.80372619628906,15652000
2022-08-19,118.82238264019313,118.95124376502731,116.64160530020445,117.08767700195312,20187000
2022-08-22,115.0853357286418,115.48184141772676,113.66783299499708,114.06433868408205,19316000
2022-08-23,113.32088076129634,114.91681049956,113.30105888226728,113.7669448852539,14390700
2022-08-24,113.44975568782164,114.70568854896938,112.785613000142,113.69757080078124,16051200
2022-08-25,114.1436241066748,116.75063595137946,114.04449959004371,116.67133331298828,14874700
2022-08-26,114.79785679587586,115.58095336682116,110.24797549547978,110.32727813720705,31698700
2022-08-29,109.81181307304436,110.98150051090263,108.85028938734106,109.37565612792967,20386100
2022-08-30,110.05963145521252,110.39666389459045,107.8491251900768,108.94942474365234,20548200
2022-08-31,110.65438141963342,110.79315725266964,108.09693566602616,108.19606018066406,25898000
2022-09-01,108.24563183644898,110.2479820644302,107.244464285175,109.5838394165039,22784400
2022-09-02,110.36691970564335,110.6989985659482,107.18497500595043,107.73017120361328,20618100
2022-09-06,107.1899389855295,107.92842309870538,105.5791409329984,106.54066467285156,20565100
2022-09-07,106.81820574739244,110.0199720924904,106.67446877724647,109.51443481445312,22987200
2022-09-08,108.22579898828928,109.6135649096994,107.115584738618,108.46369934082033,21660700
2022-09-09,109.08820157404084,111.02115617885408,109.03863553280311,110.8030776977539,21732900
2022-09-12,111.01124987443964,111.65557064579892,109.96051627243985,110.89230346679688,19732900
2022-09-13,107.93834732349076,108.41415565618937,104.08234486631788,104.38963317871094,33015000
2022-09-14,104.51849802486224,105.17272595017032,103.58671083745124,104.94474029541016,22115800
2022-09-15,104.09225057279176,105.28175995744031,102.40710345470404,102.99195098876952,26494900
2022-09-16,102.0700763208846,103.12080983960831,100.96482318207336,102.72430419921876,64540100
2022-09-19,101.6438492785052,103.11091053576752,101.47533681402676,102.94239807128906,19738600
2022-09-20,101.98085168268403,102.26831806238648,100.23623908980208,100.94003295898438,24001700
2022-09-21,101.34645449219477,102.58552991044785,99.11611873933924,99.13594818115234,26596800
2022-09-22,98.58083341433432,100.79134720205909,98.5411896576834,99.69104766845705,21272700
2022-09-23,99.1855124652128,99.23507850993032,97.1534331979774,98.30329132080078,25657000
2022-09-26,97.748177359585,99.56218549712804,97.52018416632176,97.94642639160156,22437900
2022-09-27,99.03682043175928,99.58200906038849,96.48927419467026,97.23271942138672,24225000
2022-09-28,97.1633363676062,100.51380119723432,96.94526544286548,99.85956573486328,24617000
2022-09-29,98.43215104234596,98.43215104234596,95.67644104930224,97.23271942138672,21921500
2022-09-30,96.87587017637254,98.62445324409391,95.19072316823332,95.30967712402344,26277800
2022-10-03,96.37032853486774,99.09629438698964,96.17207193526563,98.4321517944336,24840000
2022-10-04,100.1569470936632,101.82226479119078,100.1569470936632,101.51497650146484,22580900
2022-10-05,99.81000258128503,101.84208166993903,98.86830075342648,101.32662963867188,18475500
2022-10-06,100.61292787647544,102.82344183623366,100.61292787647544,101.3464584350586,17156200
2022-10-07,99.77036164034816,100.53362882739174,98.34294423186311,98.69979858398438,24249900
2022-10-10,98.9773414578442,99.1161172976527,97.0146502590006,97.84730529785156,16529900
2022-10-11,97.39131083576298,99.24497005974366,96.40005067458472,97.19306182861328,21617700
2022-10-12,97.41113566336016,98.77709813602664,96.8163810611726,97.44087982177734,17343400
2022-10-13,95.0916066883372,99.6514028342408,94.43737122028226,98.83856964111328,32812200
2022-10-14,99.7455645410426,100.40475352727452,96.18198266492068,96.33067321777344,22624800
2022-10-17,98.65021802023556,100.88055361139934,98.64031086276344,99.89920806884766,23311600
2022-10-18,103.03159238469487,103.30914404352797,99.77034526797507,100.50387573242188,21610500
2022-10-19,99.81991838203264,100.77053673430952,98.76423120791152,99.41350555419922,21573700
2022-10-20,99.93887175376535,102.09981969645132,99.0963019387166,99.65140533447266,25125100
2022-10-21,97.599498475499,100.7318849824094,97.37151281768824,100.59310913085938,28988700
2022-10-24,101.1977771985916,102.19895238537546,99.42342762218934,102.0700912475586,24680800
2022-10-25,102.39719546171206,104.18145952413974,102.11963621568825,104.01294708251952,29910200
2022-10-26,95.91436548674716,97.6788079186838,93.74350263076904,93.99131774902344,71504300
2022-10-27,93.4857570354986,94.33824150364586,91.09682363073505,91.79070281982422,54036500
2022-10-28,91.7213237451314,96.01348309888292,91.5161321159903,95.73593139648438,35696900
2022-10-31,94.942901601187,95.50791961776793,93.55513579614332,93.83269500732422,29868700
2022-11-01,94.7545721637579,95.32455139624555,89.63967274773212,89.70906066894531,43220600
2022-11-02,90.11547983812552,90.50207076012538,86.24956305541087,86.30903625488281,43553600
2022-11-03,85.59038202182825,85.79359222261678,82.72067887594022,82.76033020019531,48510400
2022-11-04,84.76267371074536,85.9720125344355,83.14691451793607,85.94226837158203,40173300
2022-11-07,86.5766802366228,88.16270293651868,86.20000400489174,87.87523651123047,26899900
2022-11-08,88.38078018590487,89.61489453387718,86.88397487633817,88.13296508789062,30172000
2022-11-09,87.77115165204944,88.70789244193911,86.59651048006376,86.63616180419922,26743900
2022-11-10,91.53297661707984,93.72366863447805,90.84901212175248,93.34698486328124,42371200
2022-11-11,93.88226297739192,96.50910430933152,93.33707434495813,95.88461303710938,30569100
2022-11-14,94.6653453002198,96.33066267188411,94.28172658968866,95.19071197509766,24170100
2022-11-15,97.8076498423476,99.54235532932894,96.17206887065062,97.85721588134766,31831000
2022-11-16,97.16333889449542,98.9773472007372,97.04637392103427,98.12486267089844,24660200
2022-11-17,96.3306815323082,98.61058337225928,96.25137888891317,97.63914489746094,21818700
2022-11-18,98.14468313398922,98.29337368958322,95.89451804736557,96.94525909423828,24969900
2022-11-21,96.70735351987976,97.85721911072903,94.8338721371305,94.9924774169922,18696900
2022-11-22,95.3196124168966,96.69547489930032,93.58490655815191,96.47938537597656,18868900
2022-11-23,96.48926097176825,98.2031536716637,96.48926097176825,97.95632934570312,17568900
2022-11-25,97.60445506512713,98.07530982174696,96.6776289788233,96.74701690673828,8567800
2022-11-28,96.3505078312445,96.97500672322975,95.05195912763284,95.4088134765625,19974500
2022-11-29,95.16100708005236,95.54759806629768,93.56507708546326,94.60590362548828,20220000
2022-11-30,94.2886825357181,100.5633544921875,93.8426108627236,100.5633544921875,39888100
2022-12-01,100.51379801621944,101.69339265502592,99.79017465462356,100.39484405517578,21771500
2022-12-02,98.50154465700732,100.2659868870782,98.30328804745554,99.94878387451172,18821500
2022-12-05,98.94265750047664,100.86074392056751,98.48667863204724,98.99717712402344,19955500
2022-12-06,98.79890851513773,99.3341899642338,95.91434508484376,96.45953369140624,20877600
2022-12-07,95.92425727904724,96.4595387562496,94.1945128708793,94.31842041015624,26647900
2022-12-08,94.8537046929061,95.032131857251,92.9802232486428,93.12890625,25593200
2022-12-09,93.07935501992942,93.66419503806132,92.2070410095404,92.25660705566406,21885300
2022-12-12,92.27641602770552,93.0545589792333,91.09682143469006,92.7423095703125,27380900
2022-12-13,97.21291328013008,98.92779720829628,94.54642021524262,95.01231384277344,34788500
2022-12-14,94.70502111649668,96.37033891901656,93.11900596236268,94.4770278930664,26452900
2022-12-15,92.72249194173224,93.20820738464596,89.63967171819472,90.40293884277344,28298800
2022-12-16,90.40294286499068,90.9481390944582,89.22334816543183,90.06591796875,48485500
2022-12-19,90.08573332228433,90.40293631570827,88.14782518386009,88.37085723876953,23020500
2022-12-20,87.95453614399445,88.99535499706917,87.27056406717645,88.84666442871094,21976800
2022-12-21,88.94579822935069,90.12043937284515,88.13296501108101,89.46125030517578,20336400
2022-12-22,88.15278244509257,88.40059753039164,86.18017648367254,87.48863983154297,23656100
2022-12-23,86.85423797026273,89.31255949882848,86.85423797026273,89.02509307861328,17815000
2022-12-27,88.52946620600879,88.71780810697568,86.76998500042941,87.16152954101562,15470900
2022-12-28,86.73528797964435,87.74637029478305,85.61516641174248,85.70437622070312,17879600
2022-12-29,86.26939677968191,88.58398905043907,86.22974545368419,88.17261505126953,18280700
2022-12-30,86.60145306836833,88.05365332499343,86.26938177893565,87.95452880859375,19190300
2023-01-03,89.04492246254179,90.74989153981105,88.24199640567358,88.91605377197266,20738500
2023-01-04,90.2146017196898,90.44258735280854,87.03265707482767,87.93470001220703,27046500
2023-01-05,87.30029145831648,87.43906729075256,85.80348633679509,86.01165008544922,23136100
2023-01-06,86.59651496880586,87.69681469176972,84.82215782603275,87.3895263671875,26612600
2023-01-09,88.4154626449257,90.03617536194864,87.80583967461496,88.02391815185547,22996700
2023-01-10,85.96210251495697,88.69302217585523,85.94227307197013,88.46007537841797,22855600
2023-01-11,89.27290463966756,91.64201626952446,88.95570163039389,91.45368194580078,25998800
2023-01-12,91.59245831528006,91.81053680341644,89.77845005056355,91.10674285888672,22754200
2023-01-13,90.72808152403864,92.16739506953238,90.13530822995904,91.9889678955078,18630700
2023-01-17,91.96913745155636,92.157479345065,90.0460898816327,91.35456085205078,22935800
2023-01-18,92.12773267932216,92.77006437847754,90.60119094331284,90.97786712646484,19641600
2023-01-19,90.59129100162534,93.57498704342282,90.58137627966512,93.08927154541016,28707700
2023-01-20,95.1114243295209,98.5510988373198,95.07178057205668,98.41232299804688,53704800
2023-01-23,98.26363893197173,100.51380423393276,97.88696270943991,100.3254623413086,31791800
2023-01-24,98.67997374562184,100.2065080739534,97.83739637337472,98.34294128417967,27391400
2023-01-25,96.35049902975486,96.86595862566304,94.42944060412904,95.88461303710938,31000900
2023-01-26,97.42106678205592,98.34293921757886,95.97382756678526,98.29338073730467,24542100
2023-01-27,98.1843381492177,100.69222555971872,98.10503550822004,99.82982635498048,29020400
2023-01-30,97.8820060910394,98.54019685348892,96.66770611078012,97.0939483642578,24365100
2023-01-31,97.00474163761426,99.0368284468499,96.9353537133471,98.99717712402344,22306800
2023-02-01,98.86831598945275,101.296908649824,97.55985248705612,100.54354858398438,26392600
2023-02-02,105.85669330914008,107.86895060247916,105.6088782225177,107.84912872314452,46622600
2023-02-03,102.60535324590158,107.07593164374518,102.39718949554948,104.30040740966795,36823400
2023-02-06,101.78756895241064,103.78495799841876,101.3167217879132,102.56571197509766,25573000
2023-02-07,102.72430990704284,107.72026310303056,102.6430258302971,107.09577178955078,33738800
2023-02-08,101.79253042910248,102.6747515587043,97.5945421318244,99.12603759765624,73546000
2023-02-09,99.6613137899897,99.73070171009664,93.03969452930662,94.6257095336914,97798600
2023-02-10,94.90327419343475,96.17208637046994,93.70384994599628,94.03096771240234,49325300
2023-02-13,94.17965349117291,94.516678399823,93.22804440692262,94.16973876953124,43116600
2023-02-14,93.83271173661112,94.34321023020831,91.84027624387532,94.12017059326172,42513100
2023-02-15,93.91199838593243,96.48927364464832,93.5353221957877,96.25137329101562,36964500
2023-02-16,94.7050088889974,97.02455433442913,94.13999082695258,94.94290924072266,35642100
2023-02-17,94.239129259279,94.91318665763302,92.63328463189292,93.76332092285156,31095100
2023-02-21,92.425116261961,92.59858985457676,91.19595550102947,91.24552154541016,28367200
2023-02-22,91.13052753908563,91.55280693059964,90.07583112021392,90.9977035522461,29891100
2023-02-23,91.32480418554722,91.32480418554722,89.22333729394497,90.2740707397461,32423700
2023-02-24,88.84667403862719,89.34230427828581,88.08340679714851,88.56912231445312,31295600
2023-02-27,89.30263868499165,89.65949300555377,88.82683796605286,89.31255340576172,22724300
2023-02-28,88.7574584486373,90.65076190829085,88.73762900521992,89.51081848144531,30546900
2023-03-01,89.37203926226681,90.40294339963894,89.06474340260571,89.71897888183594,26323900
2023-03-02,89.07465760706769,91.67176250353135,88.98544024100104,91.50324249267578,23328600
2023-03-03,91.9294684931622,93.2874976847572,91.85017342511662,93.19828033447266,30242500
2023-03-06,93.53533573562464,95.45838340954504,93.4758625292863,94.7446746826172,28288200
2023-03-07,94.58606029439431,95.250202910419,93.02383756044904,93.34698486328124,24101500
2023-03-08,93.5799305490023,95.39889235296232,93.5799305490023,93.82279205322266,25395200
2023-03-09,93.66418215231823,95.08168466147232,91.54784689034916,91.85018157958984,24438900
2023-03-10,91.6915675450376,92.36562477652596,90.00642824767431,90.21459197998048,32850100
2023-03-13,89.7734936016514,92.26651270978688,89.15395589957565,90.85892486572266,31508600
2023-03-14,92.2565973145623,94.00121758841422,91.9691309153747,93.42628479003906,32303900
2023-03-15,92.72248878544168,96.40006356774973,92.2268586385638,95.70618438720705,38367300
2023-03-16,95.7260120627418,101.07881948573709,95.03213284017714,100.18668365478516,54499500
2023-03-17,99.95867750178428,102.5855186117044,99.86946771159936,101.56452178955078,76140300
2023-03-20,100.17676250708118,101.68348238329912,99.9091255563234,101.0391616821289,26033900
2023-03-21,101.08874259028912,105.03395489042477,100.9697886153917,104.91500091552734,33122800
2023-03-22,104.22112375923636,106.57041376299468,103.29925123246711,103.30916595458984,32336900
2023-03-23,104.96456028513902,106.16497514472252,104.48875954125111,105.33132934570312,31385800
2023-03-24,104.81586888509985,105.23220398609432,103.82460852002832,105.13307189941406,25236200
2023-03-27,104.39954474393691,104.47884739077506,101.73305185505885,102.15929412841795,25393400
2023-03-28,102.09982576438088,102.09982576438088,99.40359614581104,100.47415924072266,24913500
2023-03-29,101.82226310610606,101.92138762734017,100.14703071520005,101.00942993164062,26148300
2023-03-30,100.55344033956044,100.72195276392428,99.41348956038274,100.43448638916016,25009800
2023-03-31,100.82108506856122,103.27941396120094,100.55344811286508,103.09107208251952,28108000
2023-04-03,101.77268984193545,104.0327620416402,101.485223456855,103.9931182861328,20719900
2023-04-04,103.92372707695291,105.17271718278973,103.685826720556,104.20128631591795,20377200
2023-04-05,105.19254086482616,105.608868356406,103.192172348335,104.0327606201172,21864200
2023-04-06,104.8456076008922,108.67187329226635,103.89895968081824,107.94825744628906,34684200
2023-04-10,106.45143861128447,107.0263713765686,104.6770818401104,106.0152816772461,19741500
2023-04-11,105.9855620854032,106.28294323591209,104.35989560477944,105.19255828857422,18721300
2023-04-12,106.45144039268884,106.64671727544425,104.0525923407656,104.30040740966795,22761600
2023-04-13,105.53949202570776,107.31880256168554,105.50975542486168,107.24446105957033,21650700
2023-04-14,106.7488294428189,108.622310898095,106.64969735770973,108.50335693359376,20758700
2023-04-17,104.50857596937094,105.7773879705057,104.39953672901878,105.48992156982422,29043400
2023-04-18,106.06485297267317,106.11441901316736,103.86425387853268,104.20128631591795,17641400
2023-04-19,103.3041927164608,104.80099794761642,102.89282633049744,104.10215759277344,16732000
2023-04-20,103.73540415401403,105.95384393878231,103.72548943228313,104.97447967529295,22515300
2023-04-21,105.1628098666122,105.70800609957132,104.56310157307372,104.98439025878906,22379000
2023-04-24,105.12316304988812,106.38206036568285,104.43919098892204,105.8467788696289,21410900
2023-04-25,105.67826032999731,106.50100818736912,103.64617370640984,103.69573974609376,31408100
2023-04-26,104.63744718976872,106.0846864909426,102.36745992750105,103.53714752197266,37068200
2023-04-27,104.31033273269752,108.19607159300428,103.507406685193,107.42288970947266,38235200
2023-04-28,106.85786529160453,107.34358072980092,105.11324501459067,107.2741928100586,23957900
2023-05-01,106.77856859091963,107.73017764148548,106.5604900988223,106.7686538696289,20926300
2023-05-02,106.71910511235056,106.78849304227506,103.58671841811946,105.05378723144533,20343100
2023-05-03,105.29168281783824,107.18498628374654,104.69692807953729,105.19255828857422,17116300
2023-05-04,105.2321986629842,105.370974502057,103.78495194799753,104.29049682617188,19780600
2023-05-05,104.39953797598557,105.50975227159712,103.82361445193798,105.28671264648438,20710600
2023-05-08,104.87039773255523,107.47245641975664,104.86544415287206,107.29402923583984,17266000
2023-05-09,107.82929042960816,109.6284302308681,106.783510547399,106.99663543701172,24782400
2023-05-10,107.60130934487243,112.51795955983512,107.53192142589435,111.2987060546875,47533500
2023-05-11,114.84742995659649,117.40488359045628,113.92555748684312,115.87834167480467,57115100
2023-05-12,115.97746184170428,117.22645200986784,115.5313977058612,116.88941955566406,31293800
2023-05-15,115.47191161913968,117.75676694064649,115.46200446117592,115.93780517578124,22107900
2023-05-16,115.8089551966483,120.14075833628856,115.8089551966483,119.04045867919922,32370100
2023-05-17,119.12967057739483,121.21131582452256,118.41596190690156,120.4183120727539,26659600
2023-05-18,120.49760607968923,122.81715923811149,120.42821815749416,122.4404754638672,27014500
2023-05-19,123.11453059698978,125.3736122352124,121.64746953613118,122.17283630371094,30268900
2023-05-22,122.43056820140826,125.9396307552529,122.37108743763712,124.76994323730467,29760200
2023-05-23,123.83815259361351,124.32386803486708,121.97458590686388,122.21248626708984,24477900
2023-05-24,120.8148046552801,121.67720385323314,119.69468322018656,120.576904296875,23087900
2023-05-25,124.11570623796196,124.87898093472371,121.82589727310922,123.26322174072266,33812700
2023-05-26,122.98072529683589,124.89881177183396,122.21249696585464,124.33379364013672,25154700
2023-05-30,125.18627079099284,125.27548059258994,121.8159840808584,123.55068969726562,27230700
2023-05-31,122.61890399568163,123.80842097005296,122.02414928985417,122.2917938232422,41548800
2023-06-01,122.42064374740244,123.94718547574617,122.22239471783708,123.28304290771484,25017700
2023-06-02,123.401998094208,125.63729500983467,123.26322225107968,124.13553619384766,19367500
2023-06-05,123.52095751535528,126.8714149031773,123.29296429859076,125.52330017089844,22672500
2023-06-06,125.49355051299511,127.75363031447756,124.8690592562988,126.79210662841795,19450100
2023-06-07,126.46004127368178,128.41778659479425,121.55825894591484,121.86555480957033,34179300
2023-06-08,121.5136594200323,122.64865685232354,120.94368769544867,121.59791564941406,24815000
2023-06-09,121.4888619960866,123.19879209258669,121.35008615676428,121.79615783691406,20304500
2023-06-12,122.3165663011684,123.65972738918312,121.28070106113655,123.26322174072266,22255700
2023-06-13,124.55186046543808,124.7600242246858,122.7626352889941,123.34252166748048,19287700
2023-06-14,122.71802826440972,123.69937384464352,121.09236197611122,123.29295349121094,24659600
2023-06-15,122.79732485319806,125.0574047195441,122.06379433913057,124.69063568115234,24517100
2023-06-16,125.59268823497008,125.59268823497008,122.70812443619543,122.97576141357422,56699200
2023-06-20,122.45535151479028,124.0810178910405,121.7565111498642,122.76759338378906,22698000
2023-06-21,122.15797115936776,122.33144474758176,119.80372780263806,120.20023345947266,22612000
2023-06-22,119.60548479839731,122.85185659362554,118.55474362029167,122.78742980957033,20781900
2023-06-23,120.9734161817082,122.36118220903234,120.79498901301343,121.9448471069336,29573100
2023-06-26,120.40442822167743,121.64746647255262,117.95006218807043,118.04918670654295,23185000
2023-06-27,116.81010651691408,118.8471466730558,115.88824172657186,117.96988677978516,27221700
2023-06-28,116.92906979972042,120.21013913313531,116.57221546924865,120.02180480957033,19753100
2023-06-29,119.04044619965106,119.85328690860844,118.16813985527747,118.96115112304688,18517500
2023-06-30,120.04163426318009,120.96350674794655,119.8235557627188,119.91277313232422,23871800
2023-07-03,119.2684396710644,119.96231885992,118.65881670066152,119.50634002685548,13888300
2023-07-05,119.01071170508663,122.29178850985474,119.01071170508663,121.5582504272461,17830300
2023-07-06,119.58564151676067,120.09118638533327,118.2077903101958,119.87310791015624,17732500
2023-07-07,119.83345682017952,120.68594128147664,119.04044555669334,119.09001159667967,20997700
2023-07-10,118.0293643132782,118.0293643132782,115.62060146759023,115.84859466552734,32960100
2023-07-11,115.73956481344426,117.19175764916312,114.81769235174434,116.68125915527344,18286600
2023-07-12,118.25735907320556,119.90284727001382,117.95997795244072,118.5745620727539,22059600
2023-07-13,120.4777815342303,124.23961267522864,120.00197324776718,123.73902893066406,31535900
2023-07-14,124.03640706392648,125.97927647671978,123.80842141452044,124.60142517089844,20499800
2023-07-17,124.95827848684898,126.16761733536084,123.4119147462424,123.9670181274414,20675300
2023-07-18,123.81337700132984,123.89763322640836,122.22240832080128,122.99559020996094,21045800
2023-07-19,123.69938279296451,124.37344014877952,121.39965903125156,121.70694732666016,22313800
2023-07-20,121.05271986958648,123.6101658926334,117.64773533453857,118.4853515625,27541700
2023-07-21,119.81364059882225,120.23988284959584,118.02936895309176,119.25852966308594,56514600
2023-07-24,120.86040725463891,122.27195794549937,120.31917392125852,120.81480407714844,22276100
2023-07-25,120.81480737173425,122.6089937276296,120.46786776569355,121.71685791015624,31820800
2023-07-26,129.220719535683,130.22188719669376,127.58514575894992,128.52684020996094,46216900
2023-07-27,130.64812581915945,132.43239759257187,128.05101324463493,128.7349853515625,35931600
2023-07-28,129.8253697136488,132.8982828598072,129.77580367088507,131.8475341796875,26971000
2023-07-31,131.84752319616825,132.66036387856826,130.9752244430106,131.9466552734375,18381900
2023-08-01,129.71137704799364,131.75833221996115,129.60729893979817,130.73733520507812,22154300
2023-08-02,128.70524121569568,129.28017403822267,126.73263522140212,127.51573181152344,22705800
2023-08-03,127.24808669801784,128.63586026773422,126.6582931405554,127.64459991455078,15018100
2023-08-04,128.4673441083417,130.77696735409975,127.19357096122604,127.41659545898438,20521900
2023-08-07,128.37812518552687,130.90584215631836,128.29882254080576,130.78689575195312,17621000
2023-08-08,129.83527490327583,130.7868914834383,128.99271269079944,130.68775939941406,16836000
2023-08-09,131.03472253177577,131.31227425033836,128.37319061868897,129.01254272460938,17745200
2023-08-10,130.81661885311246,131.48770399098902,128.89853265350004,129.07200622558594,17855700
2023-08-11,128.07280638419223,129.29999314311902,127.62476085244316,129.0323486328125,15205500
2023-08-14,128.7151501174227,130.75714382194775,128.4574127709359,130.67784118652344,17526200
2023-08-15,130.43995614441675,130.83646939104116,128.68443779781302,129.13150024414062,14769200
2023-08-16,128.1501332282757,129.75398867829156,127.33730762939604,127.98162078857422,17548400
2023-08-17,129.30993245080035,131.33309554517368,128.71518521110917,129.31985473632812,23665600
2023-08-18,127.93205069638164,128.69532535533384,125.89005691762934,126.9903564453125,23627200
2023-08-21,126.73265181859014,128.1303251733991,126.04868722483997,127.80320739746094,21851100
2023-08-22,128.00144573148012,129.80553158903305,127.79823555754405,128.55654907226562,15557900
2023-08-23,129.7064167057348,132.89827609162649,129.36937670736577,132.04579162597656,26497000
2023-08-24,133.54956304346328,133.79043560233032,129.1612507195088,129.2801971435547,18680400
2023-08-25,129.00262481267583,130.25160744210342,126.92097197153018,129.54782104492188,20678100
2023-08-28,130.9256575406756,132.07552307751533,129.70641165055014,130.63818359375,16715500
2023-08-29,131.8356374226288,136.09507999385735,131.81778941321838,134.3058624267578,30803300
2023-08-30,134.38514655837096,136.0504563596158,133.84093360061632,135.73324584960938,21773400
2023-08-31,135.85224652802023,137.19043904873914,135.62426086160454,136.14962768554688,28147900
2023-09-01,137.22017538347723,137.3688735246666,134.7519465693334,135.60443115234375,16671600
2023-09-05,135.24756847535383,136.16943336723784,134.37525450205308,135.5152130126953,17730200
2023-09-06,135.81754781574244,136.2784802876392,133.51287033082474,134.18692016601562,15814300
2023-09-07,133.42362114418415,135.38631198994167,132.78921525841258,135.00962829589844,16976000
2023-09-08,134.68255257189034,136.3131802481158,134.68255257189034,136.0009307861328,17810700
2023-09-11,136.1793699863588,137.05564691535375,135.3566219704669,136.53622436523438,17180800
2023-09-12,135.93154723146802,136.4370846042188,134.7420226183988,134.8808135986328,15212900
2023-09-13,134.71228658565744,136.49655838737772,133.75076275710356,136.29830932617188,16394900
2023-09-14,137.18052154328046,138.33038719876208,135.86214344051092,137.77528381347656,19064600
2023-09-15,137.58692345177175,138.14202676253095,135.98107158801173,137.09129333496094,48958800
2023-09-18,136.42716635742156,138.7070530545016,136.42716635742156,137.74554443359375,16233600
2023-09-19,137.04175110951277,137.95867001001574,136.2983058051212,137.61668395996094,15479100
2023-09-20,137.61669187308746,137.62659903255962,133.34436169825574,133.4137420654297,21473500
2023-09-21,131.23294140821596,132.0259526182903,129.944300082524,130.21194458007812,22058400
2023-09-22,130.52912460363336,131.8475023708333,129.36935208484,130.10289001464844,17348700
2023-09-25,129.62711889354506,131.06444336142113,128.8935807968085,131.01487731933594,14650000
2023-09-26,129.76984349027143,130.2565496022058,127.06965158578622,128.31863403320312,20378800
2023-09-27,128.30874598897057,130.5688184450136,128.24927278624833,130.31109619140625,18764200
2023-09-28,129.54779911083847,133.00728755934702,129.54779911083847,131.9664764404297,18201400
2023-09-29,132.9081993800804,133.71111790293816,130.172326056744,130.69769287109375,23237300
2023-10-02,131.0000282204524,134.17701989078594,130.91081840688267,133.98867797851562,19210400
2023-10-03,133.75075387633277,134.0580572950464,131.65424788326965,132.135009765625,19628700
2023-10-04,132.49185063104667,135.37642163188747,132.26384987981876,135.07904052734375,22848000
2023-10-05,134.94027425498027,135.3070357388226,133.27991016862984,134.80149841308594,15922900
2023-10-06,133.7606625989179,137.96955586279142,133.7606625989179,137.5175323486328,20826700
2023-10-09,136.78400993441136,138.74670103147935,135.50527571744075,138.2808074951172,16599100
2023-10-10,138.29073251681564,139.50999369523043,137.22016947318556,137.9834442138672,19554900
2023-10-11,138.62777098965336,140.97705326361248,138.6178487055192,140.4615936279297,20146300
2023-10-12,140.91757089456675,141.13564937526945,138.23124876887368,139.06390380859375,18173100
2023-10-13,139.42073612507426,140.10470805883602,136.76416614369035,137.36883544921875,19438700
2023-10-16,138.508793766824,139.67352761315328,138.10238855005858,139.2621612548828,17345600
2023-10-17,138.80618068372837,140.01551947792626,137.3183070583131,139.75779724121094,17424000
2023-10-18,139.51989810529398,140.74906641830466,137.4927724487628,138.062744140625,18304900
2023-10-19,138.57820638551172,139.77267697774047,137.38869693540158,137.76536560058594,21831200
2023-10-20,137.37874412484965,137.82480817884388,135.0542378027194,135.544921875,24970300
2023-10-23,135.0393907621647,137.80501555805037,133.9291840307185,136.69479370117188,20780700
2023-10-24,137.9437994968581,139.48025612638187,137.5373791068708,138.89540100097656,26535200
2023-10-25,128.6358633530218,128.96298109247005,124.98801730058946,125.56295013427734,58796100
2023-10-26,123.38216475707986,124.36351028884523,121.25095370307176,122.36116790771484,33907400
2023-10-27,122.94600918733391,123.35242952519296,120.39847061439922,122.32151794433594,37367700
2023-10-30,123.37225899254628,125.44399700189938,122.79732618969078,124.65098571777344,24165600
2023-10-31,125.16642635210096,125.45389272733183,122.84192745730518,124.20491027832033,21123400
2023-11-01,124.244564294204,126.6235905635554,123.83319791852936,126.455078125,26536600
2023-11-02,128.4276916123772,128.9530584004685,126.99036709542112,127.45626068115234,24091700
2023-11-03,127.9617940500733,129.5874604076053,127.88249140757996,129.23060607910156,19529400
2023-11-06,129.08191679230563,130.4102019571663,128.79444283658654,130.30116271972656,15360400
2023-11-07,130.82653137191036,132.11517279894508,129.99387634229356,131.24285888671875,19223800
2023-11-08,131.20320872948116,132.37288857706253,131.0049597023999,132.0953369140625,15093600
2023-11-09,132.19446527400962,132.7892274639645,130.36062779284123,130.5390625,17976500
2023-11-10,130.38047909922955,133.0965380382454,129.72624360564106,132.88836669921875,20872900
2023-11-13,132.19446372890604,132.9379088949447,131.60962382839233,132.47201538085938,16409900
2023-11-14,134.46444687325533,136.04056216621103,133.91926583605587,134.24636840820312,22317300
2023-11-15,135.44580205783043,135.64405108582213,134.14725353023894,135.18807983398438,15840900
2023-11-16,135.76303995730643,137.66625823527465,134.89072590786648,137.48782348632812,17615100
2023-11-17,136.61550852713057,136.79392812970082,134.29594781568952,135.74319458007812,25565300
2023-11-20,134.3157668255202,137.2152061455485,134.30585966795775,136.71461486816406,19569400
2023-11-21,136.73445850619305,137.7504943400874,136.5015117131212,137.40850830078125,17648100
2023-11-22,137.88433734918357,139.86685828806222,137.78520525206588,138.79629516601562,17306400
2023-11-24,138.32047988623023,138.4562911624145,136.26857857028415,137.01202392578125,8828600
2023-11-27,136.3677050864526,138.4096991592382,136.3379533580507,136.843505859375,17886400
2023-11-28,136.4271702101053,137.44816718601172,135.84231509370323,137.40850830078125,17046900
2023-11-29,137.7703000240869,138.44931084359112,135.10380765591358,135.2078857421875,21014700
2023-11-30,135.2078939737662,135.76301242702735,131.62944381532944,132.74957275390625,29913500
2023-12-01,132.1548309326172,132.3332505270531,130.99702449863227,132.1548309326172,24268000
2023-12-04,130.14654059904797,130.30116789390306,128.2690811838875,129.48834228515625,24117100
2023-12-05,129.2306208347591,132.3729146658635,128.59621474780792,131.23297119140625,19235100
2023-12-06,131.73849548859283,132.14491586535502,130.16239514994845,130.28134155273438,16360600
2023-12-07,135.4061676915051,138.7764467773536,135.03939108258524,137.239990234375,38419400
2023-12-08,134.47438511479612,136.78402358663217,134.38517531180534,135.44581604003906,23016100
2023-12-11,132.65045213151473,133.61196064568915,131.72857224618667,133.5227508544922,24502900
2023-12-12,132.10525393908478,133.36414352993353,131.66909702160652,132.47201538085938,26584000
2023-12-13,133.36910490398637,133.60205166143567,131.78804363808314,132.79913330078125,25414500
2023-12-14,133.59217483571874,133.85485824946784,129.91459191779705,132.035888671875,29619100
2023-12-15,131.7583303345015,133.6516413254665,131.47087147416872,132.6702880859375,58594000
2023-12-18,132.69009883784952,137.170599442404,132.6008890446678,135.99099731445312,25699800
2023-12-19,136.79391906897746,137.55719372209188,136.24872288818145,136.89305114746094,20661000
2023-12-20,139.10356521965628,141.82754972090044,138.19160752261357,138.43942260742188,33507300
2023-12-21,139.5397026663599,140.78868507389635,139.24530129087955,140.56069946289062,18101500
2023-12-22,140.88781636501372,141.99802294335112,140.8134597500395,141.47265625,18513500
2023-12-26,141.73039801910264,142.68697573470902,141.25459729491448,141.57180786132812,11170100
2023-12-27,141.58173943336067,142.06746252490083,139.81828010163898,140.20388793945312,17288400
2023-12-28,140.61028321406857,141.0266107357022,139.59721201537732,140.04525756835938,12192500
2023-12-29,139.45051861747763,140.19892512834215,138.67733664451129,139.69833374023438,14881000
2024-01-02,138.37996040063405,139.3860891198697,136.53621541816787,138.34030151367188,20071900
2024-01-03,137.38867297492075,139.8569012502196,137.220145426611,139.13328552246094,18974300
2024-01-04,138.6277663308711,139.4058942121626,136.80383578715845,136.8335723876953,18253300
2024-01-05,137.14283738911672,137.59682718360355,135.65396564431214,136.18923950195312,15439500
2024-01-08,136.79391633280034,139.41084282284535,136.6749699413446,139.3018035888672,17645300
2024-01-09,138.83592080518676,141.55197958203743,138.56827627825632,141.31407165527344,19579700
2024-01-10,141.2744464749293,143.26191343276338,141.2149732667755,142.5432586669922,16641900
2024-01-11,143.62869838991273,145.37827261620907,140.9721123105669,142.41439819335938,17471100
2024-01-12,143.07850232673755,143.4750155060751,142.10707150686517,142.97938537597656,13998700
2024-01-16,142.17647244358,144.56541364661942,141.80574807079444,142.82080078125,19198900
2024-01-17,141.66104953899458,142.15667981647303,139.2820151318366,141.64122009277344,17884500
2024-01-18,142.1863979288351,144.3126557777763,142.09718812059714,143.7228546142578,18876800
2024-01-19,145.02633145438332,146.74616868610383,144.52575528637146,146.67678833007812,27181000
2024-01-22,147.41034305718892,148.70393063932232,146.29021394743646,146.41908264160156,21829200
2024-01-23,146.428998391038,147.55903472608523,145.90363154999008,147.38059997558594,14113600
2024-01-24,148.97652241140568,150.24534966904466,148.53045824586118,149.0360107421875,19245000
2024-01-25,150.41385257580524,153.40744797476847,149.89839295312683,152.2972412109375,21495100
2024-01-26,151.5339651429379,152.7631334243533,151.4645847835353,152.4459228515625,19494500
2024-01-29,152.29726106705976,153.8436250112732,151.58355230427898,153.4867706298828,20909300
2024-01-30,152.66400382676414,153.68500079574437,151.439796667297,151.71240234375,26578900
2024-01-31,144.11931995275717,144.31756896778083,140.31288441275345,140.56069946289062,43908600
2024-02-01,142.43421480794737,143.35607975541345,141.01670451586764,141.46278381347656,25526900
2024-02-02,139.6586582883197,142.62253192916722,136.9624291544448,142.28549194335938,42136100
2024-02-05,142.78112429140046,145.38814367187132,142.6522707400995,143.66334533691406,29254400
2024-02-06,144.684386965362,145.45756893319742,143.25696944768595,144.13919067382812,21517700
2024-02-07,144.84296787338337,145.7152818839841,143.94093238562164,145.3980712890625,21436100
2024-02-08,145.68554975530893,146.3199558392007,145.14035348194082,145.93336486816406,18241300
2024-02-09,146.65698474756667,149.37800504594722,146.1415250637003,148.9071502685547,21877700
2024-02-12,148.23304837237794,149.27387464060268,147.2616175805692,147.4301300048828,17236100
2024-02-13,144.79342375500485,146.7461929606756,143.84180705096725,145.09078979492188,18138500
2024-02-14,146.08205061436996,146.5380370857318,144.2829104413661,145.85406494140625,16651800
2024-02-15,143.1974970434476,143.49486309010578,140.64004316414443,142.68203735351562,26724300
2024-02-16,142.9496414840226,143.2172708503092,140.28314910008464,140.5210418701172,21865100
2024-02-20,139.7082469221033,142.07636045764275,139.5694710674195,140.9572296142578,18625600
2024-02-21,141.3933612105411,142.7216463131413,140.66974546441276,142.58287048339844,16440800
2024-02-22,144.84296877555562,144.92227142477998,142.75140866924403,144.0499725341797,23024700
2024-02-23,143.70300720527177,144.67939920785616,143.52457248566944,144.02020263671875,14519400
2024-02-26,142.19630500779965,142.58289596871347,137.52747687410462,137.53738403320312,33513000
2024-02-27,138.1916229622158,139.2621860632494,137.2895723226272,138.87559509277344,22364000
2024-02-28,137.88431512221896,138.06273471774827,135.44580810529465,136.22889709472656,30628700
2024-02-29,137.14086988561976,138.72687730574705,136.36768805415343,138.55836486816406,35485000
2024-03-01,138.38984166740377,138.7764325530701,136.7691366323855,136.8732147216797,28551500
2024-03-04,135.34669113925463,135.43591607241564,131.69886005257868,133.0271453857422,43571500
2024-03-05,131.57990521026304,132.84871725696593,130.40030296557063,132.61080932617188,28447600
2024-03-06,133.0667838561324,133.5624139902615,130.79678937157965,131.40145874023438,23175200
2024-03-07,132.71983701818613,134.63297720556133,131.50059112053717,134.05804443359375,24107300
2024-03-08,133.8548705207026,137.77034662486247,133.62192368900847,135.09889221191406,26495200
2024-03-11,135.87207114702375,138.756627433927,135.87207114702375,137.72572326660156,22536400
2024-03-12,137.0417280683041,139.05398514382955,137.00208431392602,138.39974975585938,19019700
2024-03-13,138.8359323316726,140.94732187137737,138.78636628546928,139.53973388671875,19637000
2024-03-14,141.05634213556044,143.46509737738032,140.24846258003785,143.07850646972656,36117900
2024-03-15,142.15664319221491,143.07850801061278,139.8965709192175,140.92747497558594,41039500
2024-03-18,148.0645790459501,151.59346407740674,146.84533284135924,147.18235778808594,47676700
2024-03-19,147.67794595615578,148.31235190317517,145.72516207813356,146.62721252441406,17748400
2024-03-20,147.48960515907723,148.4511288065056,146.37443738374924,148.371826171875,17730000
2024-03-21,149.00624115546012,149.98261793618337,146.716417378398,147.44004821777344,19843900
2024-03-22,148.9269611242915,151.22667728180076,148.77826299583788,150.44358825683594,19252900
2024-03-25,149.63077618471857,150.13235075320026,147.4995720639681,149.8290252685547,15114700
2024-03-26,149.91821999580446,151.8610818014104,149.71004866820186,150.3741912841797,19312700
2024-03-27,150.81530123920018,151.35553628285044,148.81791235745666,150.61209106445312,16622000
2024-03-28,150.6715685336219,151.33571113250116,150.00742593474266,150.92929077148438,21105600
2024-04-01,150.50306381136565,155.62787810986796,150.3246290795178,155.1322479248047,24469800
2024-04-02,153.3975446730995,154.62671299641144,152.11882543085358,154.50775146484375,17598100
2024-04-03,153.56604774610545,155.18180691612167,152.78494017610268,155.0033721923828,17266200
2024-04-04,153.7246477737926,154.81502501884967,150.5526178670504,150.61209106445312,24184800
2024-04-05,150.35436169361876,153.4867480102606,149.7605977156856,152.59461975097656,16297300
2024-04-08,152.6689473276631,155.28587379171236,152.64417187149968,154.77537536621094,16641500
2024-04-09,155.97481506684926,158.4926095867616,155.27101359499676,156.75790405273438,21521500
2024-04-10,156.50018297096275,156.77773464841636,154.83485778080913,156.2821044921875,16339200
2024-04-11,156.95615042606877,159.71185281762675,156.5497300777447,159.38473510742188,17841700
2024-04-12,158.01188447490352,160.286825589163,157.21392700391604,157.79876708984375,16989800
2024-04-15,158.8792051533479,159.42440136223684,154.78529513302007,154.96372985839844,21140900
2024-04-16,154.27977283717766,155.85587329196875,153.69493281313825,154.63662719726562,15413200
2024-04-17,155.81622996471168,157.2941966090102,154.77044234212494,155.50894165039062,16237800
2024-04-18,155.55351917720083,157.09988276125674,154.8447717220804,156.08384704589844,14016100
2024-04-19,156.37131175708697,156.6092196733784,152.56487584901492,154.3590545654297,21479900
2024-04-22,154.64653244615164,157.79378729999874,154.2996003749343,156.569580078125,17243900
2024-04-23,157.20396090714215,159.07744219237898,156.5844232450211,158.5223388671875,16115400
2024-04-24,157.69960415178363,159.97950596308132,157.43197474980064,159.69204711914062,19485700
2024-04-25,152.01969838728104,156.8966978312844,151.43287693866006,156.569580078125,36197800
2024-04-26,174.4519296162936,174.87816434366184,169.9020327186937,172.17202758789062,56500800
2024-04-29,169.27752933669328,169.88219873782205,165.5999468887595,166.43260192871094,35914600
2024-04-30,165.91715425476843,168.38538272745197,163.06231974373685,163.2010955810547,29420800
2024-05-01,164.72762482687668,167.33464418373774,163.4588128880878,164.1229705810547,25223200
2024-05-02,165.21336736547428,167.05711229565978,164.24193641851772,166.98773193359375,17041100
2024-05-03,168.0582731333302,168.36557654728412,163.53812835606752,167.51309204101562,22767100
2024-05-06,167.74106427223794,168.4151139963253,166.42268629672802,168.34573364257812,15147900
2024-05-07,168.63318064342383,171.95390836870723,168.5142342593784,171.4681854248047,21102400
2024-05-08,169.25768794314988,170.40655518653858,169.0316837518982,169.6641082763672,14569900
2024-05-09,169.65420976164222,170.93294413546204,168.44487087535623,170.08045959472656,11937700
2024-05-10,168.20694971859828,169.84252303693663,166.4425077310879,168.80169677734375,18740500
2024-05-13,164.39754015697812,169.455938108307,164.31129494835903,169.4063720703125,19648600
2024-05-14,170.09038899374,171.26999143258914,168.93061600041236,170.4274139404297,18729500
2024-05-15,170.7941735412599,172.52491641416415,170.52652899250316,172.36036682128906,20958200
2024-05-16,173.0740568008917,174.79884006624093,172.5288606033374,173.89678955078125,17247300
2024-05-17,174.01575623428218,175.94374973614293,173.45073057857903,175.74053955078125,16546400
2024-05-20,175.7603711064543,178.37729783836116,175.67612244653048,176.90032958984375,17495100
2024-05-21,176.84083481333153,178.2484377763249,175.7603646960069,177.9708709716797,14706000
2024-05-22,176.84084930610737,177.28891001821344,175.23501229827983,176.44435119628906,16189400
2024-05-23,177.21753448242288,178.33766358328694,173.0145849085275,173.53004455566406,14928400
2024-05-24,174.97728231744108,175.75442704863116,173.6688113870053,174.7889404296875,11403600
2024-05-28,174.2041150307218,176.94989555700215,174.1446266990051,176.4641876220703,15655300
2024-05-29,175.26475409299957,176.67234208762207,174.71955783177123,175.84959411621094,15023800
2024-05-30,175.14580173410954,175.14580173410954,171.71603410983985,172.04315185546875,18826300
2024-05-31,171.8845330060892,172.89562276507053,169.47577769474688,172.4396514892578,28085200
2024-06-03,172.36034073296224,174.32303183409516,170.9428306804436,172.89561462402344,20742800
2024-06-04,172.92537658008243,173.65891473322262,171.70613050328433,173.5994415283203,14066600
2024-06-05,174.99214828267702,176.41460445482153,173.7580188703404,175.52247619628906,15233900
2024-06-06,175.87930226656434,177.14812932626748,175.66123892278353,176.79127502441406,14255800
2024-06-07,176.90033521304463,177.85193671375097,174.25365667096185,174.41226196289062,14716300
2024-06-10,175.10693045082377,177.11155926219143,173.0526943334875,175.2855682373047,17099800
2024-06-11,176.36725547203804,177.03215383697466,174.10461128780346,176.83367919921875,14402400
2024-06-12,178.38180877582633,180.6940754855594,176.42680248353363,178.19325256347656,18600400
2024-06-13,176.48633240462576,177.1512307513976,175.31532147400654,175.39471435546875,15956900
2024-06-14,174.5134896671073,177.36957427203606,174.5134896671073,177.01231384277344,12361600
2024-06-17,175.632872274822,178.55049621958756,175.14661171245663,177.41917419433594,15272900
2024-06-18,177.42910340002112,177.54820029698303,174.2832342014271,175.10691833496094,15640300
2024-06-20,175.36495720156964,177.37950440051273,175.11686010669837,176.3573455810547,16753200
2024-06-21,177.1314076618197,181.12278173915973,176.70467278360766,178.88792419433594,58903200
2024-06-24,179.90017042739453,180.69408418689807,178.8581595644615,179.4138946533203,18198300
2024-06-25,179.76617981994147,184.33612362463904,179.72647580872876,184.16741943359375,18797000
2024-06-26,182.79793755759553,184.51476522435416,182.58954447654796,183.9590301513672,13375700
2024-06-27,184.2319500838152,186.07282633912288,184.0384270759527,185.4376983642578,13025700
2024-06-28,184.30637637214596,185.15983100885668,181.92960189469736,182.0238800048828,23032400
2024-07-01,183.0758055605703,183.92926017987347,181.33912588173848,183.0857391357422,11815900
2024-07-02,182.07349164324893,185.5269988586025,181.66660878583303,185.18959045410156,12555500
2024-07-03,184.8819387198046,186.19188336904648,183.97389496801063,185.9636383056641,7409100
2024-07-05,185.89420448537044,190.7965905176916,185.89420448537044,190.49888610839844,14303400
2024-07-08,189.9084095240103,190.22001487481137,187.87897708549795,189.03013610839844,12097600
2024-07-09,190.29044364263603,191.39199518676847,188.7820092888144,188.99041748046875,10198500
2024-07-10,189.2980922118401,191.83860415893716,189.16907687084597,191.1935577392578,12052900
2024-07-11,189.8835706176959,190.9454333499965,185.39798647692308,185.87432861328125,16452000
2024-07-12,185.4972406571167,187.2537723910623,184.72317890506855,185.3583068847656,14449100
2024-07-15,185.07051117167492,188.45454397934785,185.07051117167492,186.757568359375,12186000
2024-07-16,187.52169810323235,188.8911836476183,183.71091555792967,184.08802795410156,12760100
2024-07-17,183.27428289618683,183.82009954606391,180.23757680750992,181.22996520996097,17376600
2024-07-18,182.14296023259445,182.64908800777448,176.85354338730252,177.85585021972656,17877200
2024-07-19,178.9970877668422,180.584915236441,177.49858676010902,178.02455139160156,14485900
2024-07-22,180.96203358179892,182.89718796304905,180.5154466808104,181.9544219970703,16303900
2024-07-23,182.44067817098951,183.8101789962444,181.9345655429213,182.2025146484375,23772600
2024-07-24,174.05499550368356,176.5955073065291,172.2488565455475,173.04275512695312,31250700
2024-07-25,172.92365874471295,173.86642458738928,167.76324268875095,167.87240600585938,28967900
2024-07-26,167.48536832056084,168.54721586835882,164.60248168072974,167.3960418701172,25150100
2024-07-29,169.2021983872567,170.8495665336485,168.4281367556062,169.82740783691406,13768900
2024-07-30,170.52210944067878,171.63357966072712,168.82511852582647,170.5518798828125,13681400
2024-07-31,173.588562813264,174.57103269969517,170.41292322335454,171.83203125,15650200
2024-08-01,170.67093590587697,174.3427695940567,169.2121238908002,171.13735961914062,17177800
2024-08-02,166.90978626358353,168.91441481744445,165.12348434146207,167.11817932128906,18907800
2024-08-05,156.17213769389954,164.6769124629333,155.40800962630695,159.41725158691406,34907800
2024-08-06,159.71997020360214,161.1142747980487,156.92639422669257,159.3180389404297,36146500
2024-08-07,161.99748068038102,163.5356705180235,159.0203156124621,159.52642822265625,19334200
2024-08-08,161.1082955492952,164.24027913414565,160.79669019708157,162.59291076660156,15733600
2024-08-09,160.41461410566686,164.26011884277403,159.70504494899117,164.131103515625,13549200
2024-08-12,164.73148911780203,165.43112467837074,162.30510762638957,162.70205688476562,12435000
2024-08-13,163.92766770996965,165.27234968869269,163.5158332061315,164.6669921875,12717600
2024-08-14,162.96009102541905,163.70438225781652,158.31570586108387,160.7966766357422,22515900
2024-08-15,160.97532467484004,162.27535102087091,160.26080383474527,161.92800903320312,18392500
2024-08-16,162.1661752149307,165.67922312285262,161.8386852598682,163.48605346679688,16853100
2024-08-19,165.7288417944409,167.18765376895314,164.82576483066794,167.11817932128906,13100800
2024-08-20,167.45562353659287,169.1129103422226,167.37623064772708,167.6739501953125,12622500
2024-08-21,165.7189065982862,167.3563410280397,165.30210538239697,166.35403442382812,15269600
2024-08-22,167.75334423414225,168.13045670721954,163.77387182761174,164.23037719726562,19123800
2024-08-23,165.28225678175508,166.6715941966557,164.3990318945735,166.15554809570312,14281600
2024-08-26,166.8750726251204,168.09075448991405,165.05404836443492,166.6517791748047,11990300
2024-08-27,166.3342199147958,166.9643810958716,164.89525976691422,165.11358642578125,13718200
2024-08-28,165.51053866216952,166.11589620109805,162.03717920925232,163.24789428710938,15208700
2024-08-29,164.7960066398147,166.35406361458502,160.74904404943624,162.15625,17133800
2024-08-30,162.97000076504267,164.02192989456935,162.16616869974936,163.8532257080078,18498800
2024-09-03,162.07189876195469,162.1364064247253,156.65345194359233,157.4027099609375,26533100
2024-09-04,156.87176217534042,159.17906171900236,156.2416011177278,156.60877990722656,17410700
2024-09-05,156.57904124669645,159.78941834087976,156.32102571288522,157.39280700683594,14139500
2024-09-06,157.48211111057333,158.00807572942523,150.77852289996548,150.9720458984375,24999100
2024-09-09,152.6613143274025,153.66494046797737,147.26554447937025,148.5970916748047,28057700
2024-09-10,150.4950554479833,151.33970198649348,148.60008200807764,149.0641326904297,20401800
2024-09-11,150.1373445016751,151.51857967461174,147.76241452338604,151.19065856933594,18991500
2024-09-12,153.8338874470031,154.6288463085895,152.53214970291273,154.5592803955078,20980800
2024-09-13,155.37609479354282,158.27072196046186,155.12568481343916,157.37142944335938,16733900
2024-09-16,157.3316762006665,158.23594197375215,156.61621483762914,157.98751831054688,14157600
2024-09-17,159.0805742509693,160.57111623881977,158.4048691611808,159.26937866210938,12064800
2024-09-18,159.83580730660975,160.6108880020177,158.65330812288826,159.79605102539062,16756500
2024-09-19,163.78074787330308,163.94967413231112,161.49723360536248,162.21070861816406,17548200
2024-09-20,163.48264443124424,163.7111899501448,162.15108210627048,163.6018829345703,46362700
2024-09-23,164.2974542900685,165.55945062201727,161.92252490715265,162.04177856445312,15648400
2024-09-24,163.21435444664,163.51246588910374,161.00835100001706,162.6082000732422,18774100
2024-09-25,161.9424326507354,163.18156404518257,161.7486548988047,161.96231079101562,13607900
2024-09-26,163.98942762322687,164.4564653238597,162.46907601481004,162.7969970703125,18234500
2024-09-27,162.87649912364836,165.9172024275058,162.79700172950194,164.24778747558594,13604300
2024-09-30,163.74101062749995,166.30474476008433,163.60189397670442,166.1358184814453,14070100
2024-10-01,167.79530614513925,169.3653457637193,164.85396283737091,167.3580780029297,18629500
2024-10-02,166.70221022237482,167.81515854891808,165.20173674862934,166.2550506591797,12745000
2024-10-03,164.77446563028727,166.85128395457937,164.32729087654542,166.15570068359375,11004300
2024-10-04,168.27225778126535,168.48094034094336,165.90727469285602,167.49717712402344,11422100
2024-10-07,168.0735196367093,168.82872214427357,163.09511468718185,163.3534698486328,14034700
2024-10-08,164.38689534795753,165.0526840930647,163.273962214483,164.6551971435547,11723900
2024-10-09,163.81555600030646,165.211696015321,160.1041052253633,162.03187561035156,19666400
2024-10-10,161.0878622523504,163.2749884777283,160.62082449025056,162.15110778808594,12900500
2024-10-11,162.30016682626191,164.22793708496354,161.47539835668448,163.482666015625,10946000
2024-10-14,163.8701941706996,166.5630982764717,163.7410090096024,165.30111694335938,9981800
2024-10-15,166.08613318007752,168.02383483156237,165.0030095854755,165.84764099121094,14829300
2024-10-16,164.98311456591185,166.2252328260073,164.17425176436092,165.6886444091797,9968500
2024-10-17,166.32461599312074,166.8711359226098,163.33358538134826,163.4727020263672,15113400
2024-10-18,163.8304349366838,165.32097693755154,163.7111964286391,164.00930786132812,13091300
2024-10-21,163.54228408519845,165.17194287179123,163.26900893088214,164.7545928955078,11384000
2024-10-22,163.66149980904757,166.41403813393225,163.63169018364903,165.7681427001953,11958600
2024-10-23,165.38060326279148,166.54323941624745,162.6012420708838,163.44290161132812,12754300
2024-10-24,163.5522034832088,164.00930970681912,161.7436870530128,163.49258422851562,12764400
2024-10-25,164.3223491907247,166.34450662368474,164.18819068611833,165.93710327148438,14566400
2024-10-28,169.514362096053,169.53026763895323,164.74462487320795,167.27854919433594,20858300
2024-10-29,168.31698910968484,170.7763898174319,167.59656947350783,170.06092834472656,28916100
2024-10-30,181.25987440710688,182.63116293795383,174.63688999002042,175.02940368652344,49698300
2024-10-31,173.61834966228074,177.29501724138538,171.47196534188345,171.6011505126953,32801900
2024-11-01,170.4583692099453,172.72400690330602,169.2361290673694,171.56137084960938,21752900
2024-11-04,170.1603026240841,170.83600780851145,168.4163634020193,169.60382080078125,16194000
2024-11-05,169.7528636413451,171.0118731000074,169.29575741798732,170.32920837402344,12518300
2024-11-06,174.24437563780998,177.51362460297045,173.93631753730045,177.20558166503906,27061500
2024-11-07,177.98065076502607,181.42877244059756,177.76203672730395,181.1306610107422,16730400
2024-11-08,180.85244303087092,181.20024225557705,178.43777208602387,178.72593688964844,15021500
2024-11-11,178.93461790765363,180.93691218879795,178.85512050947833,180.8226318359375,12503400
2024-11-12,180.2363382530564,182.8646496529364,179.8487979508242,182.1641082763672,14065800
2024-11-13,181.00146548361437,181.46354499657735,178.98426665685244,179.35194396972656,13969700
2024-11-14,178.61662702479006,179.30725213749923,174.9200814305197,176.2317657470703,17925800
2024-11-15,174.53254491034457,174.77103710836298,171.65579436972308,172.7935791015625,21708900
2024-11-18,173.85185850124924,175.7945334642115,173.32022819637518,175.6852264404297,18662800
2024-11-19,174.13010315299093,179.03398440356642,174.0118502005661,178.4477081298828,15392900
2024-11-20,177.70241021192052,177.9806434917281,174.2244790517492,176.2118682861328,15729800
2024-11-21,174.34872211078613,174.47293396018574,164.26768416799112,168.17291259765625,38839400
2024-11-22,166.10602114746408,167.20404962117405,164.66516676560292,165.51974487304688,24497000
2024-11-25,166.93080176057555,169.38522923029993,166.34451028095663,168.36170959472656,21395700
2024-11-26,168.42130956453894,170.41365700212847,168.36167514972576,169.54417419433594,14937500
2024-11-27,169.60381861348725,170.06092488608897,168.60019233923836,169.74295043945312,12433400
2024-11-29,168.98774239592012,169.7926327918864,167.68600457897907,169.4150390625,9250700
2024-12-02,169.24606619771092,172.50538316963048,169.19637843676702,171.8892822265625,16593400
2024-12-03,172.02840699487012,173.2208526636113,171.42225267287142,171.92904663085938,15721500
2024-12-04,171.69054865279386,175.3175278118066,171.66073902834208,174.97967529296875,18239800
2024-12-05,176.20195301833948,176.58949334821534,172.91281079609615,173.21092224121094,16145500
2024-12-06,172.78365328206635,175.72399577360784,172.45573218499814,175.377197265625,13319500
2024-12-09,174.8051452045689,177.1181033334023,174.49177384380053,176.1829833984375,19887800
2024-12-10,183.5794829006666,187.0563809613101,181.7241343909125,185.56414794921875,34317400
2024-12-11,185.7332735963159,195.87051270897385,185.29554946579324,195.6914520263672,41664500
2024-12-12,195.283568643625,195.68647035370063,192.2792018454764,192.6273956298828,25197800
2024-12-13,191.71216852447748,193.33371818254952,190.26966437361793,190.38905334472656,18883200
2024-12-16,193.35857881455576,199.601080641547,193.10489435316683,197.13392639160156,32248600
2024-12-17,197.50203757260567,201.8295199388988,195.67156848433697,196.09933471679688,24129500
2024-12-18,195.81080861472392,197.66117807135495,188.29989976518144,189.16539001464844,27638400
2024-12-19,192.2792077384488,193.59238015211147,188.53868223430248,188.71774291992188,26981200
2024-12-20,186.04167290712456,193.1297802725029,185.40498737903968,191.96087646484375,45319700
2024-12-23,193.0253161040352,195.47258496219968,190.63774931832597,194.9751739501953,15235900
2024-12-24,195.1542068097867,196.64643963308816,194.18723981884915,196.5469665527344,6809800
2024-12-26,195.72128547038113,197.13393088682756,194.85578000934456,196.0794219970703,7907900
2024-12-27,195.45268852597223,195.7809816226149,190.9779778716318,193.03526306152344,14693000
2024-12-30,189.87672867485227,192.7766284644964,189.37433864863712,191.69227600097656,12209500
2024-12-31,191.44854157562307,192.24936605997945,188.59837086504533,189.45391845703125,14355200
2025-01-02,190.49349766533388,192.199613809401,187.73287259466875,189.64292907714844,17545200
2025-01-03,191.72707267664657,193.4928756239251,190.3591924505134,192.1299743652344,12875000
2025-01-06,194.13951955134468,198.52668849297285,194.0499892088086,196.9349822998047,19483300
2025-01-07,197.24337199474405,201.09332846858513,194.9254347979525,195.6914520263672,16966800
2025-01-08,192.94573445227036,196.6166302624817,192.74677307730784,194.37828063964844,14335300
2025-01-10,194.40813428616252,196.59673988513129,190.60792173173343,192.16978454589844,20753800
2025-01-13,190.3591916148729,191.49328806291552,187.683118064548,191.2943115234375,13169100
2025-01-14,191.5032340964964,192.2692512832205,188.6580425827287,190.0607452392578,13651200
2025-01-15,193.3436806963936,196.77581389637504,192.3289579067344,195.9600524902344,12894900
2025-01-16,194.8110172967471,195.96003550523864,193.29391980166088,193.40335083007812,13449600
2025-01-17,197.02451063588327,197.7805699314551,194.29869274589717,196.527099609375,22109100
2025-01-21,199.4717618084452,202.78452102376292,198.40731011895576,198.59632873535156,19005200
2025-01-22,199.51155913723645,201.0734218150751,198.16854333839012,198.99424743652344,15477400
2025-01-23,198.94452311750496,200.8943811499487,195.80089675793687,198.54660034179688,15170800
2025-01-24,198.8151953957776,201.52111262197343,198.74952766742587,200.8545684814453,12732400
2025-01-27,193.18448601479813,197.6412843107571,191.70219577463513,192.76666259765625,24970200
2025-01-28,193.64210831596336,196.2087510577564,191.6126779883814,196.04959106445312,15939200
2025-01-29,196.34801519263476,197.43238271981605,194.17931049783053,196.15899658203125,12287800
2025-01-30,198.72564570444456,202.18564878993757,198.43914254242208,201.5807952880859,14571500
2025-01-31,202.6601664058844,206.00774800498388,202.52587089641744,204.5354156494141,17060300
2025-02-03,201.1679263753053,204.15737133226068,200.61580745355215,201.5907287597656,16719500
2025-02-04,203.44109054167416,207.61933973200223,203.20232780688056,206.6344757080078,28285400
2025-02-05,192.10014141176407,193.54263032942177,188.9266566850494,192.29910278320312,43666400
2025-02-06,190.00108728533135,192.82637853914463,189.5036762119228,192.30906677246097,20816600
2025-02-07,191.7420150229491,192.01558502568935,184.14157486525048,186.17100524902344,29565700
2025-02-10,188.08105722685843,189.00624964102389,186.6385682682061,187.2255096435547,16606000
2025-02-11,185.86759559150192,187.8224173944051,185.11650004096023,186.10137939453125,13028100
2025-02-12,184.27088725533045,185.86260863474703,182.67918105569393,184.4698486328125,17632300
2025-02-13,184.96725044916784,187.01659655647276,183.92269947449384,186.90716552734375,12729300
2025-02-14,185.86258806839624,187.1757451582964,185.1463150448949,185.90237426757812,12714200
2025-02-18,186.46944392506552,186.8076797724687,182.62943027809777,184.8379364013672,19796000
2025-02-19,185.22094238771552,186.38986134149175,184.53949170694256,186.1610565185547,13120500
2025-02-20,185.5343095066818,186.15109431078312,183.64415371230572,185.673583984375,12063800
2025-02-21,186.32021104897444,186.4992869075997,180.1921188897077,180.63978576660156,19520800
2025-02-24,182.8483020418568,184.13161585087977,179.94342337867946,180.25181579589844,18734000
2025-02-25,179.22216694157265,179.8240300373215,175.85469973438364,176.4515838623047,20832500
2025-02-26,176.02879599433606,177.15791356323382,172.69115706684158,173.79541015625,23637200
2025-02-27,175.02900063161468,175.67562891705077,168.8730380279502,169.32867431640625,25930500
2025-02-28,169.41819064055986,171.6067960175819,167.51807696614574,171.3282470703125,30049800
2025-03-03,172.83043749186666,174.09386579684514,166.77197460528376,167.7866973876953,24122000
2025-03-04,167.0704003657119,174.2579798317073,166.67246247866916,171.71621704101562,30711400
2025-03-05,171.42773514986737,174.83996733996648,170.04491799063615,174.0839080810547,18848000
2025-03-06,171.65654466452523,175.8148934721599,171.61475473144714,173.30795288085938,19082400
2025-03-07,172.34497166683056,175.9840204025861,171.35810378876383,174.83998107910156,16395300
2025-03-10,169.47177260480427,169.7605929808429,164.89535637752135,167.1312713623047,28990700
2025-03-11,166.00583577190864,167.9728537301256,162.5797620234785,165.3086700439453,23705900
2025-03-12,167.78859691329288,168.84430713944147,164.81068498341878,168.3164520263672,19880100
2025-03-13,167.3005911534733,167.4400243076883,163.4064169189429,164.06373596191406,15206200
2025-03-14,164.64637710900536,167.5695039136492,163.84462507190284,166.94204711914062,18611100
2025-03-17,166.64823727610516,167.77865640165328,165.13936542573015,165.89630126953125,17839100
2025-03-18,165.28877161215254,165.76682596846985,158.15772701000932,162.01206970214844,24616800
2025-03-19,163.25204263070663,167.4529853306256,162.39055083068055,165.60748291015625,24955700
2025-03-20,163.16239481198508,166.35443377962133,162.4801677759252,164.3824462890625,19981500
2025-03-21,162.71918871380333,165.79668707470026,162.37059826511413,165.57757568359375,29882100
2025-03-24,168.58038739665923,169.81039290328442,166.76277186100938,169.24269104003906,18742800
2025-03-25,170.48765181597193,172.210665738712,169.8602101974201,172.0911407470703,13841600
2025-03-26,170.6071518378054,171.24456264399703,166.18609553083533,166.46397399902344,22498000
2025-03-27,166.0357341858343,166.76277738476176,163.18730108651417,163.41636657714844,21571200
2025-03-28,161.70330888470545,163.147441081811,154.7107103643924,155.4287872314453,34866500
2025-03-31,154.1838591136328,156.49448302721146,151.5943840899133,155.59811401367188,33591600
2025-04-01,154.6718741426035,159.4325396613724,154.62705797398158,158.23739624023438,20111400
2025-04-02,156.32517424283495,159.62675379666416,155.89690549651638,158.2174835205078,17113300
2025-04-03,152.2168527377023,154.0613519562659,151.56448795871475,152.01268005371094,28416100
2025-04-04,149.29369268393287,152.47079250741373,146.94323757918465,147.14244079589844,39832200
2025-04-07,142.81005279583192,154.30337211706168,142.08300956524164,148.6363983154297,47823000
2025-04-08,152.95383964213912,153.81534648973863,144.62268287612036,145.9871368408203,35304400
2025-04-09,145.73815100242538,161.21529075347854,145.22024995524768,160.4085693359375,46479500
2025-04-10,158.1178807531074,159.3827484216451,151.58441547470102,154.74159240722656,35270500
2025-04-11,154.9557374721728,159.213440999718,154.9557374721728,158.7552947998047,22582000
2025-04-14,161.65352396559663,163.36656852683146,159.2731910876245,160.81692504882812,18255900
2025-04-15,160.91653392939605,161.39458830381662,157.00740563751106,158.0382080078125,15690800
2025-04-16,154.84118578647085,157.5402163845334,153.28749780872553,154.87106323242188,16921500
2025-04-17,155.97657051648838,156.434716671676,150.28965868848178,152.73971557617188,19513400
2025-04-21,150.35440218598697,150.44901916404316,147.7997741726159,149.25387573242188,16147800
2025-04-22,150.45900148257337,153.98467719094523,150.25979822914624,153.2775421142578,15910300
2025-04-23,157.2713109719998,159.37277734174148,155.7176230772282,157.0820770263672,18575700
2025-04-24,157.88382900283386,161.05595982379364,157.45059082083137,160.81692504882812,30787500
2025-04-25,166.4241567505421,167.55954532138895,162.34073344996503,163.1873016357422,35148100
2025-04-28,163.59563109967962,164.28284276799292,159.73133442106317,161.76307678222656,20871200
2025-04-29,161.38958703408312,162.02201322671587,158.74532672732573,161.40452575683594,15955200
2025-04-30,159.21342500394488,160.72129376483562,156.51936392224945,160.2392578125,20639500
2025-05-01,161.8626947493928,163.27694975875988,160.2791139288441,162.131591796875,21904300
2025-05-02,164.28782092891186,166.02575819757342,162.9980605401917,165.1393585205078,16844900
2025-05-05,163.84960747281502,166.42415895415783,163.80479130197324,165.37840270996094,15309300
2025-05-06,163.29687000241276,166.0656250687744,162.47022511611416,164.53184509277344,10691900
2025-05-07,165.39832428714405,166.31460145207316,148.88538156064425,152.18199157714844,78729800
2025-05-08,155.28936674953536,156.7733457913775,153.47673579360423,155.12005615234375,38387500
2025-05-09,154.92088134785797,155.79731185545057,153.2078366689578,153.755615234375,22871000
2025-05-12,158.4565159583647,159.79109259540746,157.2514031940014,158.9345703125,31884900
2025-05-13,159.27317989421834,161.40452376405077,156.9426479911168,160.2392578125,24944300
2025-05-14,160.65756033705904,167.65912546103155,160.27909242860437,166.13531494140625,31769200
2025-05-15,166.46397052440602,166.83246912741302,163.17731494977232,164.7310028076172,22717600
2025-05-16,168.2467407377016,169.9597852649903,166.27475327380358,166.7528076171875,36271400
2025-05-19,165.04475721501143,167.27071830038446,164.74596753432272,167.1910400390625,21374700
2025-05-20,167.0814703082653,168.9937028282985,163.59562645259507,164.65135192871094,33563300
2025-05-21,164.2828442949898,173.8240990890151,164.22308940102863,169.37217712402344,45567600
2025-05-22,172.64886244595763,177.40952770515509,171.18480689584123,171.28439331054688,45024100
2025-05-23,169.59127963179472,170.512541390871,168.57540089655492,168.90406799316406,24963600
2025-05-27,170.60715313028052,173.5850498768435,170.51752079679463,173.27630615234375,24341300
2025-05-28,173.27632085153758,175.7662094178486,172.3152275122392,172.6787567138672,25999200
2025-05-29,174.29217915631497,174.69055520127205,171.08520184407303,172.26043701171875,21174700
2025-05-30,171.71267136464456,172.73850419417116,167.84337497253614,172.15089416503906,36258300
2025-06-02,168.32640831855008,170.3701106430195,167.96786378448402,169.680908203125,24742900
2025-06-03,168.18201981526315,169.11323571442114,166.0058444266652,167.0316925048828,25386700
2025-06-04,167.5993838493575,168.89412898875253,167.1163448426358,168.70489501953125,18508700
2025-06-05,170.92586104829266,171.66287351594346,168.6650532300248,169.12318420410156,25375400
2025-06-06,171.60312601424715,175.11884751526102,171.60312601424715,174.2125244140625,22258100
2025-06-09,175.36920837444498,177.40838344678272,175.15981486637153,177.12420654296875,18817600
2025-06-10,177.25382807443742,181.92550045360693,175.97249863835316,179.49742126464844,32908000
2025-06-11,180.71395372243103,181.23247731258908,177.49315522223304,178.28089904785156,18994400
2025-06-12,176.97462201103352,177.62278026732977,175.60852795053205,176.46607971191406,17345900
2025-06-13,173.08574224840902,177.83518035272527,173.0757762003859,175.3791961669922,20873200
2025-06-16,175.40412517766475,177.73745858726056,175.31937572808113,177.43333435058594,18132500
2025-06-17,176.4960009711626,178.20611393906023,175.4390217048858,176.725341796875,17656100
2025-06-18,176.77519493381817,177.31765222631788,172.34783537554478,173.48458862304688,32531800
2025-06-20,174.36708892589806,174.86566520888314,165.79656140415713,167.2523956298828,55402600
2025-06-23,166.843559747375,168.00024505698423,162.86491588680474,165.5372772216797,36975600
2025-06-24,167.2075235754851,168.76806975687913,166.4347364323062,167.2623748779297,27310300
2025-06-25,168.16976896218105,172.86636409735513,168.0810330981547,171.00169372558594,23627400
2025-06-26,172.89128129298544,174.152678600943,170.37347730849507,173.9333038330078,25909100
2025-06-27,174.13274050001613,178.33074387318422,172.21820958571067,177.7623748779297,74053100
2025-06-30,180.2702403650563,181.0629748734639,175.00028510770912,176.88490295410156,43964600
2025-07-01,176.30155328362758,176.7153801218203,174.16267197058608,176.40626525878906,25778500
2025-07-02,176.04229660403004,179.42264316852956,175.58859036409876,179.24813842773438,19325900
2025-07-03,179.30797160007916,180.2552634412392,177.6826081403371,180.035888671875,13287400
2025-07-07,179.6220622581476,179.82648034893307,176.1370190978773,177.0543975830078,20991400
2025-07-08,178.27094246341625,178.28090851199698,173.42478016843987,174.6612548828125,24108600
2025-07-09,175.60855462924354,179.76667937353494,173.38490846954042,177.15414428710938,31288000
2025-07-10,176.16694359935292,179.07862729251107,175.23959900796677,178.191162109375,24693700
2025-07-11,177.4034040338624,182.0900177172081,177.0354514767008,180.7937164306641,23975700
2025-07-14,181.5515608661287,184.20397492161143,180.19642187035925,182.28944396972656,20990400
2025-07-15,183.4162329869992,184.88204837684916,181.8706435714378,182.57862854003903,23911600
2025-07-16,183.7951562789434,184.8072654587967,182.55868170023993,183.24671936035156,21152600
2025-07-17,182.59360912811604,184.6597003678229,180.98320215483517,184.1740875244141,21654400
2025-07-18,186.0886094288896,186.8265078148914,184.2039916631444,185.4105529785156,21033400
2025-07-21,186.5672421082785,190.7153850173733,186.51738143933608,190.6056976318359,24665000
2025-07-22,191.87208787210568,192.80941368415117,187.95826115133036,191.56297302246097,26212900
2025-07-23,191.6878103452721,192.68431590639216,189.51542031518696,190.8407745361328,34068100
2025-07-24,197.41771779224547,198.27471318507008,191.2792398718029,192.52487182617188,45252100
2025-07-25,192.25581912305924,194.59262598381773,191.45862680323097,193.4018096923828,31101800
2025-07-28,193.73065611914657,194.1392270618731,191.18457642041753,192.74411010742188,25553500
2025-07-29,192.62452404731144,195.97278327208937,192.3156097625871,195.7435760498047,31891600
2025-07-30,195.61404530014863,197.78642013155317,194.87662570864725,196.75006103515625,21150500
2025-07-31,195.91300199579723,196.1421940203624,191.40879254228688,192.18606567382812,27852000
2025-08-01,189.11680500288293,190.94837948404327,188.04057728131016,189.2862091064453,21236700
2025-08-04,190.50696874261,195.3948276897186,190.2528549386938,195.06597900390625,23386000
2025-08-05,194.86170160322743,198.0056758109376,193.9947465263444,194.6374969482422,19010200
2025-08-06,194.56772523160743,196.69028709988424,193.78745657530465,196.2318878173828,15383700
2025-08-07,197.0191425516396,197.6768247371669,194.53783796131583,196.59063720703125,14660600
2025-08-08,197.2881808231494,202.71913347803348,197.2084585479099,201.38381958007812,24379900
2025-08-11,200.85066495987903,201.45356175394411,199.10180809305953,200.9254150390625,16690200
2025-08-12,201.38880766764055,204.41320592136896,200.69622895218865,203.44659423828125,19854000
2025-08-13,204.26370895749864,204.71213342614624,197.94586724734532,202.32052612304688,19573000
2025-08-14,201.85218124035592,204.70218799640963,201.61800180530457,203.1077880859375,17777100
2025-08-15,204.0046159817264,206.6054960572048,201.37882934985987,204.19395446777344,21111400
2025-08-18,204.3534144700396,205.41966757491568,202.69921149413344,203.5761260986328,13000200
2025-08-19,203.19247366390695,203.5761228469056,200.2278634142443,201.7824249267578,13476600
2025-08-20,200.97524690476376,201.4635401343835,196.7700071614555,199.4904632568359,13971700
2025-08-21,200.0186019530456,202.64937608548377,199.69971286767444,199.9189453125,11768900
2025-08-22,203.24728495854535,208.4988584216352,201.42367792095183,205.9976348876953,25723700
2025-08-25,206.27666709708765,210.35237150780927,205.2303331359361,208.4291229248047,22788800
2025-08-26,207.64184285659653,207.73153990632065,205.72855415177665,207.2233123779297,23051000
2025-08-27,205.7385372077264,208.83766999607133,205.66877452241096,207.482421875,15249000
2025-08-28,207.11371487678497,212.1560306489815,206.8745632704948,211.6278839111328,20915700
2025-08-29,210.53176186237985,214.5875321230543,210.23280711360624,212.7838592529297,24682200
2025-09-02,208.25970508406655,211.626895224172,206.2367999881996,211.2492218017578,28900100
2025-09-03,225.68858374527093,230.99000082919665,224.3333355227648,230.29244995117188,72250300
2025-09-04,229.35074868981005,231.95661634798017,225.9676078680863,231.8470001220703,32196000
2025-09-05,231.84698213978544,235.3048575733721,231.56796180555952,234.34820556640625,26127700
2025-09-08,235.17605375685537,237.77925856334855,233.1214199285617,233.55030822753903,23128800
2025-09-09,233.5802333270953,239.96356332431336,232.77234478890696,239.3152618408203,22854800
2025-09-10,238.62704313060215,241.44967622986556,237.4900120604977,238.9362335205078,19990100
2025-09-11,239.51472794030667,241.93840867163297,235.9639998280308,240.1530609130859,21308600
2025-09-12,240.17301897141311,241.7917941737074,237.8790045628444,240.7515106201172,14536600
2025-09-15,244.50171855787357,252.0919047049328,244.34213150370573,251.10447692871097,29935200
2025-09-16,251.67301516282825,252.57066576288656,249.06481830808957,250.765380859375,24493500
2025-09-17,250.80527148599063,251.29398591562855,245.9379728428333,249.199462890625,20491300
2025-09-18,251.204226683144,253.47828897490848,249.45878320013688,251.67300415039065,21166400
2025-09-19,252.74021867761016,256.03164476102376,251.4116860631675,254.575439453125,41616800
2025-09-22,254.11661969570483,255.64263476673196,250.1569552980815,252.22157287597656,20079000
2025-09-23,252.99454665422067,254.10664896096625,250.43622281690816,251.68296813964844,17521100
2025-09-24,251.4934514087715,252.3013551329833,246.5762953371311,247.18470764160156,16958500
2025-09-25,244.20248735255663,246.67104908973772,241.0207909691885,245.9279937744141,17379800
2025-09-26,247.1398431834199,249.4687549961362,245.99782017089643,246.53640747070312,16594600
2025-09-29,247.6285391080467,250.99275763588017,242.56675636243932,243.72373962402344,23157200
2025-09-30,242.4271333890971,243.04053757005605,238.9472194082717,242.91586303710935,22541200
2025-10-01,240.5520320699109,246.506489192026,238.5771916593734,244.9006805419922,23967700
2025-10-02,245.00042422248876,246.99022495220385,242.47202097315815,245.78836059570312,20657500
2025-10-03,244.5914943684679,246.4745791005256,241.83868601452656,245.80831909179688,19941400
2025-10-06,245.14005663009837,251.5433389253091,245.050294617418,250.85513305664065,18309000
2025-10-07,248.28185820449335,250.89504690734992,246.16738287983728,246.4865570068359,13811200
2025-10-08,245.55895582515544,246.6161934242291,244.45184536933968,244.8208923339844,14136500
2025-10-09,244.42191580528555,244.91562206523236,239.05591925913603,241.579345703125,19375700
2025-10-10,241.52949732922676,244.20251217081324,236.06874637094003,236.8716583251953,22449100
2025-10-13,240.402405087404,244.35210073938651,240.12313536867433,244.0030059814453,12465000
2025-10-14,241.12554584433855,247.3792096478759,240.55003710342024,245.5489959716797,17705400
2025-10-15,247.43904988013375,252.10186507004,246.14740837230903,251.0546112060547,16048100
2025-10-16,251.80765043526415,256.9093227130063,250.01732592289977,251.22418212890625,18946000
2025-10-17,250.69556201855156,254.21636968280987,247.9427385350897,253.1291961669922,17653800
2025-10-20,254.56546678596743,257.2085762515156,253.93711743285675,256.3507995605469,13726800
2025-10-21,254.58540050041836,254.71506688693287,244.0329460304704,250.68557739257812,27836400
2025-10-22,254.34602082199063,256.5103689312859,249.79890066139356,251.8724822998047,19650200
2025-10-23,253.0394305257291,255.1938101204011,252.10986560348545,253.06935119628903,13241300
2025-10-24,256.6300318175784,261.82648797010995,255.43317463236684,259.8316955566406,18406000
2025-10-27,264.66906450793664,270.0949027524646,264.25017511211036,269.2271728515625,22987700
2025-10-28,269.49649001711833,270.6734103354094,266.47438047275983,267.7310791015625,20101200
2025-10-29,267.9105747492433,275.251426501587,267.7310507410197,274.4535217285156,26287900
2025-10-30,290.96045476135833,291.1698994652177,279.7198092284775,281.166015625,48570000
2025-10-31,282.4675852354643,285.53958266171765,276.80040349040513,281.0862121582031,29932800
2025-11-03,281.6846631387882,285.1954869912986,279.63998255745787,283.3802185058594,19691800
2025-11-04,276.3435941375958,281.1001892673704,276.1441027125678,277.33599853515625,18123700
2025-11-05,278.65259251636934,285.95354098255586,277.1564980161567,284.00860595703125,20063200
2025-11-06,284.99103702423804,288.05804303565026,280.88676070400993,284.5970764160156,23103800
2025-11-07,283.4699770706741,283.75923050317454,275.0220296937051,278.97174072265625,21991100
2025-11-10,284.5222572296142,290.7011038949957,282.8017426024981,289.8333740234375,19508200
2025-11-11,287.44961632749596,291.57882104509525,287.1304422169043,290.9803771972656,14156700
2025-11-12,291.32448864864017,291.5987665424673,283.63956357930414,286.6816101074219,16998800
2025-11-13,282.2481764589157,282.77183386526696,277.2761705293256,278.39324951171875,18060200
2025-11-14,271.18706777703,278.4231831170557,270.7033451608753,276.25885009765625,18330500
2025-11-17,285.65428912783767,293.753142069015,283.4899562408604,284.85638427734375,34286100
2025-11-18,287.7338640518037,288.6814027352897,278.283558228033,284.2180480957031,29702200
2025-11-19,286.9359321190704,303.45780311135775,286.92098700343485,292.22711181640625,43123600
2025-11-20,303.9465556116484,306.0909821263065,288.417117490672,289.2250061035156,34801400
2025-11-21,296.09702112488975,303.16855691484756,293.59354678656,298.8697814941406,43670600
2025-11-24,310.20024006085487,318.96733182187717,308.5944161534971,317.64080810546875,55311800
2025-11-25,325.94910890270006,327.81426561030435,316.9885219339922,322.79736328125,50899300
2025-11-26,319.9447735733625,324.1438033382061,316.37410832734366,319.4460754394531,29839600
2025-11-28,322.58790917800377,326.02893892078475,316.11481630565726,319.2865295410156,19695800
2025-12-01,316.64837862385593,318.7977663119634,313.16248362147934,314.29949951171875,28520600
2025-12-02,316.07488770391916,317.7704736230789,313.40187287160717,315.1971740722656,24668200
2025-12-03,315.2071415472906,321.2015028617585,313.4616980772452,319.7851867675781,32285100
2025-12-04,322.20388293552287,322.2577279658905,314.76827689346993,317.5610046386719,20831600
2025-12-05,319.1667883396681,322.98680244483705,319.1468513731189,321.2513427734375,15719900
2025-12-08,320.40307432454813,320.60269593710433,311.3008892188483,313.8359375,22006900
2025-12-09,312.4885127250747,318.0865669575506,312.00943921410266,317.1294250488281,14151300
2025-12-10,316.0016568915634,321.24140398355195,314.7840382537726,320.37310791015625,22764500
2025-12-11,320.4729139059438,321.3611599424593,309.2748247845509,313.0873718261719,25912100
2025-12-12,314.1802189956657,315.52259342996393,306.36049881521853,309.9135437011719,21264800
2025-12-15,312.01448080358347,312.08934652075516,305.14291663773275,308.7159423828125,22028900
2025-12-16,305.40236562046636,311.2359512409149,303.2365903451126,307.1289978027344,21285200
2025-12-17,308.4065328006047,308.591169070691,296.86911118460773,297.4779052734375,29120400
2025-12-18,302.4681139491161,304.66382947833944,300.0428671086399,303.1567687988281,21040500
2025-12-19,302.67772596688684,308.38655646357074,301.7495494955294,308.0072937011719,45234400
2025-12-22,310.6171789054146,311.09125731474336,305.9912213847692,310.7219543457031,14091400
2025-12-23,310.527339826243,315.682230265285,310.1430820134796,315.0634460449219,13961400
2025-12-24,315.5325403622241,315.6722815564747,312.7080808664876,315.0534973144531,6138200
2025-12-26,315.30302621402933,315.94176046514406,313.10731059899615,314.3448791503906,6730900
2025-12-29,312.20909029163147,314.35488539053074,311.29087359000175,313.7760314941406,12317700
2025-12-30,312.79791121332386,317.07954133444025,312.63822003975093,313.9356689453125,11052500
2025-12-31,312.7579808925778,314.7740553087677,311.5902829688425,313.1871337890625,10821500
2026-01-02,316.9697181445929,322.2833250716048,310.04327007273696,314.70416259765625,22043700
2026-01-05,317.0745544967522,318.6265102988649,314.6333171160729,316.7002868652344,19934000
2026-01-06,316.69028838798556,320.9319881012144,311.72999362266705,313.9356689453125,18989900
2026-01-07,313.95565802064124,325.8274163446527,313.885787419409,321.80029296875,24681800
2026-01-08,328.62196948450037,329.89447335434147,321.36115298521435,325.3733215332031,21789600
2026-01-09,326.8504208902603,330.8326493583836,325.6128522863612,328.4972229003906,17917700
2026-01-12,325.86232626979785,333.7868214187856,324.87426954465906,332.0801696777344,23893800
2026-01-13,334.6252012455833,340.533652963087,333.69702483355974,335.77294921875,24616700
2026-01-14,334.3307737284099,336.37179333071197,330.49331209176444,335.6531982421875,17839300
2026-01-15,337.39476742326053,337.4696331305968,330.6429953834895,332.50933837890625,16424900
2026-01-16,334.2808511502121,334.58524815858055,327.5290794041564,329.69482421875,21868600
2026-01-20,320.61263654973726,327.44926518874206,320.2633444355967,321.5308532714844,27169900
2026-01-21,320.46790194530246,332.075193401848,318.9159461737911,327.7386779785156,22791700
2026-01-22,333.6122075514552,334.55533885366424,328.237714508904,330.1938781738281,19902100
2026-01-23,332.0053289537661,333.3776436010331,327.3294811195345,327.78857421875,19110600
2026-01-26,327.5590193697648,335.6930958758863,326.85038410942377,332.9384765625,18502500
2026-01-27,334.9745081044956,337.55445098362367,333.0981749349566,334.3457336425781,16080900
2026-01-28,335.9525720752588,336.9705994660165,331.4813411943579,335.62322998046875,17538500
2026-01-29,339.6852980356703,341.6215116266246,326.08191273284285,337.99859619140625,24548300
2026-01-30,333.8067770205355,339.62540784172523,331.99035470516736,337.86883544921875,21740200
2026-02-02,335.8927112324276,344.4909069913211,335.3537877732415,344.2264099121094,22775200
2026-02-03,347.8343462589151,349.46613230539276,337.92871203784927,340.03460693359375,25786500
2026-02-04,343.0836637706283,343.57769218022526,328.7267474096597,332.6889953613281,36991100
2026-02-05,312.58832571781494,331.9943514032643,306.3205919137922,330.6828918457031,51842000
2026-02-06,326.7106939215237,329.99427710367667,319.52474328598663,322.468994140625,33877000
2026-02-09,320.6125864988262,327.09989155297563,317.07952229138544,323.76641845703125,26103300
2026-02-10,320.2832668922667,321.0018619516342,314.0454731331654,318.0077209472656,25281900
2026-02-11,318.3370577122542,320.4180076051008,309.52431623884706,310.7219543457031,24008100
2026-02-12,311.73999925160183,315.8619384029345,307.5481894975059,308.76580810546875,28194000
2026-02-13,307.38352218231364,308.2867840495571,303.3065082976489,305.42236328125,20236000
2026-02-17,300.0529022727791,304.2946025539294,296.32018531393965,302.2286376953125,23750800
2026-02-18,301.84138491824814,305.31258953622523,301.39027177499736,303.346435546875,15847700
2026-02-19,301.9291856153411,305.43234054236694,300.0828229207916,302.9671630859375,13448600
2026-02-20,304.2047225672987,316.1413869760977,303.8254902805923,314.2850036621094,33663100
2026-02-23,318.51673055874016,318.8310873388075,309.3845762467515,311.0812683105469,17641200
2026-02-24,310.0333532174093,311.7599551374298,305.4922208213915,310.31280517578125,15040700
2026-02-25,311.51041374389916,313.0474145977459,308.7557943748189,312.41864013671875,20209100
2026-02-26,312.19409513943015,312.3887216209618,301.819407186571,306.5501403808594,22380000
2026-02-27,303.3464148812802,311.47050181769043,302.9980974445939,310.82177734375,33389200
2026-03-02,302.37329918769217,307.5382105762395,300.47202091195993,305.76165771484375,21854400
2026-03-03,297.8372170358733,303.3464258420004,296.1195697611055,302.9671630859375,20361100
2026-03-04,302.09384029903214,304.8634145090425,300.21251204129914,302.85736083984375,20015600
2026-03-05,302.60786282017983,302.7775137538454,297.48787683289373,300.32232666015625,22643900
2026-03-06,295.49376168334754,299.7434414135461,294.6733760668109,297.7174072265625,17598000
2026-03-09,293.767375323397,306.116910762739,293.562614480994,305.6275329589844,19632700
2026-03-10,305.49271258949307,308.763613346832,304.9284162970701,306.54638671875,14386400
2026-03-11,305.91713959275074,310.68019119538684,305.4577230867673,308.0345153808594,13376700
2026-03-12,305.82727461717786,308.2542606438264,300.46399119329936,302.8310241699219,15610200
2026-03-13,306.2717359478951,306.87599078081115,299.40532844427173,301.0832214355469,16857500
2026-03-16,303.22053786280765,305.18807678811424,301.4327666412709,304.0395202636719,14822000
2026-03-17,304.2892189952314,309.6624691533072,303.96961163491477,309.0232849121094,14423600
2026-03-18,307.5201496654937,310.361594931591,305.1631140493195,305.9171447753906,13848400
2026-03-19,302.8310001898149,306.2966641518849,300.62377106936094,305.3478698730469,15399700
2026-03-20,303.68996449812437,303.98957735043507,296.37910610738646,298.41656494140625,34763500
2026-03-23,300.15439329182226,302.99084017304216,297.6575178175684,298.6462707519531,22204100
2026-03-24,295.8397487360015,296.72865092553167,288.4939615019366,288.8385314941406,27411200
2026-03-25,291.78482506894824,294.29169748272534,287.01080098274167,289.22802734375,22343000
2026-03-26,285.8322994704729,286.15690545146185,278.701208978821,280.38909912109375,29281200
2026-03-27,277.0532503980168,278.74114037593404,273.1381673747319,273.4178161621094,25703300
2026-03-30,275.09575829416775,275.91474077551857,271.19563997145974,272.79864501953125,22752300
2026-03-31,277.19310671220813,286.6911992803939,276.41408286624596,286.5014343261719,31625100
2026-04-01,289.61756909440663,297.6125381560208,289.1081967827348,294.5314025878906,24403600
2026-04-02,288.62878513074605,295.53015206261153,287.2105770401045,294.0919494628906,13433400
2026-04-06,294.33167205129627,298.0519918583719,293.42280578612184,297.2879638671875,10121700
2026-04-07,299.7648689383856,303.71991079083256,295.05573540607026,303.55010986328125,17317700
2026-04-08,317.4327530191293,318.9908313249149,312.3141583995082,314.34661865234375,20887500
2026-04-09,312.79856070776304,317.03325157397484,309.08320894494693,315.9745788574219,14606800
2026-04-10,317.82725226048,319.1006525244326,314.14686063137765,315.32537841796875,11997600
2026-04-13,315.02579393429113,319.03076141415403,313.2979451571623,318.81103515625,12212800
2026-04-14,321.66246745802493,330.2267621317319,320.7486025423289,330.16680908203125,18557500
2026-04-15,330.14685460330224,334.5813078078266,328.24923537132423,334.0519714355469,15104100
2026-04-16,335.4302323654359,336.9583188228773,331.23546968882624,332.35406494140625,13949600
2026-04-17,334.0120100263651,339.56005987223585,332.87345068872924,338.9757995605469,19683800
2026-04-20,338.1368586712675,338.736114875454,334.2117777769726,334.9808044433594,12897300
2026-04-21,335.1655737838469,336.7486147792797,329.2180298167751,330.0569763183594,14623800
2026-04-22,334.4664465111555,337.6075046924567,332.5438342262756,337.3078918457031,12954200
2026-04-23,339.15058148804525,339.7348417693475,334.64121010205224,337.3278503417969,13442100
2026-04-24,337.29789419762056,343.26043367654364,333.63246781962283,341.89215087890625,18260900
2026-04-27,343.450196392644,350.46141126755776,340.3840262069447,348.0843811035156,17443000
2026-04-28,346.4864121575793,349.4626680694681,343.84969715649703,347.065673828125,18502300
2026-04-29,345.04821614604305,352.9583003423895,342.00200987129386,346.87591552734375,22232200
2026-04-30,370.7909735772954,382.1517559747558,362.6361704694042,381.4626159667969,44570500
2026-05-01,377.5075868797166,382.9108287658787,374.790985294204,382.7410278320313,28047900
2026-05-04,381.8421704714008,383.69983114852914,376.2990887669216,379.16552734375,18275000
2026-05-05,381.39267881426673,388.4738130501776,379.8745897025138,383.7896728515625,15432500
2026-05-06,389.1030369756247,395.884558500187,386.61615904923497,394.6461181640625,23097300
2026-05-07,396.56371815865646,396.8583628534845,389.8221548835096,394.805908203125,15153600
2026-05-08,393.7772172111193,397.87209899004927,393.17799149471085,396.5537414550781,13762500
2026-05-11,390.2016738093907,393.8371082756565,385.74725695697055,386.28656005859375,16314900
2026-05-12,384.5187887999489,385.9569913834255,379.2453894870127,383.34027099609375,17103900
2026-05-13,381.4276665623016,399.4301315305828,381.10306057880194,398.541259765625,18160100
2026-05-14,393.29780382620385,398.6051571358411,392.2371195336656,396.673583984375,13805400
2026-05-15,392.7235199243029,395.38519749544696,389.2728517133036,392.8283996582031,15801900
2026-05-18,391.634898087386,403.9644697672297,390.4114230717487,392.61865234375,18592800
2026-05-19,392.8084097005491,392.87134973339226,382.5212956642759,384.4189147949219,25559400
2026-05-20,384.5587544417425,390.2116837741044,379.5250453065923,384.4189147949219,16488100
2026-05-21,381.53252556471057,388.1941714905509,379.0056890963861,382.9906921386719,16837600
2026-05-22,382.78097806913,384.3889511209622,377.7872275040344,378.90582275390625,13382800
2026-05-26,380.51878298329893,384.9083091047765,378.6661210862327,384.3589782714844,16150900
2026-05-27,382.2866080465696,389.2379004154365,381.5225495671766,384.3489990234375,16893100
2026-05-28,383.38020511983143,389.5125454657543,380.7734819456893,385.6373901367187,20795400
2026-05-29,380.7485234460665,381.1729800584733,373.8321605255771,375.9595031738281,48018600
2026-06-01,372.109350699614,374.13181366493154,369.2479107833004,372.11431884765625,19091900
2026-06-02,362.70607391258903,369.327791659083,354.5562697999374,357.9420471191406,34648600
2026-06-03,357.8871235224977,362.0469263972766,353.9370801226873,355.2354431152344,43031000
2026-06-04,354.9957405886508,369.3977000679035,354.3565258898294,368.8084411621094,37746200
2026-06-05,362.9258262647788,368.738559322808,361.1780135413787,365.3028564453125,23411500
2026-06-08,362.24981828077506,363.1442571559153,357.65782862747085,360.9356994628906,18739000
2026-06-09,364.6482797949098,369.4521374448322,354.48986610072376,362.0549621582031,19873600
2026-06-10,360.8157242279003,366.0723210903771,352.5810804263011,353.09075927734375,19878600
2026-06-11,352.8209417182837,357.7777458079135,343.4070701526502,356.32867431640625,28771800
2026-06-12,360.8657378998416,364.536359142257,353.11076253886233,357.9276428222656,17637100
2026-06-15,365.75252721660206,370.4095073574076,364.41340030023304,366.8717956542969,17268600
2026-06-16,367.2266013966779,373.35763104091177,365.0830039564481,370.8592529296875,16492800
2026-06-17,366.8118520127541,369.9098468851114,359.9962998909028,361.8650817871094,16003500
2026-06-18,363.6539274832002,368.76059754193386,356.3766390201627,367.2215881347656,29339100
2026-06-22,356.9033012075861,357.96761267730585,340.7188011752651,348.5537109375,32211200
2026-06-23,339.88433941168455,348.49373995052684,339.4945778178738,345.8554382324219,21820900
2026-06-24,348.49376737145667,352.6010863494152,341.27845016274597,344.816162109375,23898400
2026-06-25,336.70141725436105,342.96733825321974,335.68205951925677,341.9679870605469,27687600
2026-06-26,340.75879772927055,343.8967447726341,333.47351863030514,334.4728698730469,82484600
2026-06-29,339.7294576614939,351.74164828387563,338.5901826377179,351.0520935058594,25565700
2026-06-30,350.73228111168817,355.1594300113185,347.8841241530446,353.1007385253906,21278400
2026-07-01,354.3849069025458,359.3267057787508,353.00082626467815,357.6578063964844,19546800
2026-07-02,355.9189342572474,360.75579054789137,350.09273000877016,355.94891357421875,15532900
2026-07-06,357.9626023000986,365.4427312238338,353.9601959550584,364.6632385253906,22652700
2026-07-07,366.99673922381135,370.6493972962346,362.1848910448928,363.3840942382813,16443900
2026-07-08,361.9749936432444,364.7432160166469,354.4698867861636,358.4772644042969,14710400
2026-07-09,350.8571960498755,356.4985529081466,348.43378166816143,356.00885009765625,17217400
2026-07-10,354.72371263228024,355.4492242741649,350.47247486186035,354.7996520996094,11618500
2026-07-13,353.7603277468189,355.5191956490239,349.5930502483258,350.4425048828125,10583500
2026-07-14,348.61366275331056,357.64780598014937,348.61366275331056,357.09814453125,11252600
2026-07-15,355.7790193018334,371.8985585314152,355.4392435642338,369.96978759765625,20258200
2026-07-16,371.92854815951733,374.1071264480638,351.44184863462243,353.5804443359375,23603700
2026-07-17,345.54566774331437,347.9441351207845,340.90369220643186,345.89544677734375,22023900
2026-07-20,349.9428256585718,359.25675573174533,349.77792416999904,351.14202880859375,13203300
2026-07-21,350.3325529143338,350.5124288101904,345.78551717054967,345.96539306640625,17419500
2026-07-22,346.95474121510307,349.2232879506103,341.41835754275996,341.68817138671875,23273800
2026-07-23,321.4213273153947,324.2395049836125,314.685710070931,318.1334533691406,46751900
2026-07-24,318.0934691145268,323.7698070080797,317.29400036782914,318.8829650878906,21630800
2026-07-27,324.5292940321348,329.8868386688282,324.199521560133,326.3581237792969,21419600
2026-07-28,327.58731223420995,334.99250831020606,324.329448050025,332.38421630859375,20986900
2026-07-29,333.283631777109,341.75814109954746,330.1936273144943,335.54217529296875,20242900
2026-07-30,332.86388415722257,335.23237211850426,329.6060199848839,333.4635009765625,17309500
2026-07-31,339.84937966618537,358.6471738383599,338.9399663883276,356.4186096191406,30514500
2026-08-03,365.0629711921722,375.8559821561161,363.0243167582418,372.2283325195313,27165400
2026-08-04,366.28218773035394,377.423971487155,365.9224359403464,375.1064758300781,19983300
2026-08-05,379.75346630804506,381.5622895893216,354.92958548595794,359.8963623046875,29436300
2026-08-06,358.5591986622751,361.7251424499833,355.5991148729006,356.38861083984375,16513400
2026-08-07,355.04948481096045,357.31800100269635,352.59108945584387,353.24066162109375,14516700
2026-08-10,354.0101628240319,355.6990688085296,351.2419709519004,355.609130859375,12789500
2026-08-11,353.7703291556578,354.7696803679619,342.3477521184886,342.7774658203125,18390200
2026-08-12,345.1059286112164,345.2758317303664,339.59952436320935,342.1478576660156,15608800
2026-08-13,344.3464540526557,345.605615839876,342.17784850602186,343.71685791015625,14997800
2026-08-14,344.03664221382707,347.8341644460391,341.84806072016346,343.3171081542969,10946800
2026-08-17,343.8367771438159,344.82612508896136,339.349699940568,341.2284851074219,12606100
2026-08-18,339.67445211423,342.16785888071183,337.30099310528044,341.0585632324219,14254300
2026-08-19,339.5895440280784,343.337111195774,337.83067607808385,341.47833251953125,13360500
2026-08-20,339.4696143612764,340.5788795634708,335.9519090875298,337.9805908203125,14187700
2026-08-21,340.0592118507386,343.06726860468655,337.5908132631171,341.52825927734375,15363900
2026-08-24,340.5189163609649,347.8541504711519,339.39964790241993,344.3664245605469,16450600
2026-08-25,345.74554715649305,346.47508453547886,341.9230164927531,343.11724853515625,14031000
2026-08-26,342.95734444236746,342.96835414056403,336.7913644922452,338.8800048828125,16176400
2026-08-27,336.08178643402755,338.59016763122645,335.1823764801491,337.4908752441406,17936100
2026-08-28,337.3909315893229,345.20586500548376,337.06115912446904,342.65753173828125,17841900
2026-08-31,339.7993771115657,340.40899718997184,333.2136564976735,335.1923828125,23202000
2026-09-01,332.03443367755335,333.73334290375817,329.0763626874036,331.8145751953125,16313400
2026-09-02,330.5553891400064,336.2916858306205,329.30620012604203,333.5634460449219,12995900
2026-09-03,336.29167599230016,340.6288564621656,336.09179355680203,338.8599853515625,12858300
2026-09-04,339.17999267578125,340.17999267578125,333.75,335.30999755859375,12700500
2026-09-08,331.989990234375,336.4800109863281,330.3900146484375,335.3800048828125,14150300
2026-09-09,329.1199951171875,329.3399963378906,325.6300048828125,328.3800048828125,19326900
2026-09-10,326.0799865722656,330.8900146484375,325.6510009765625,330.3900146484375,16418900
2026-09-11,332.7300109863281,339.95001220703125,332.54998779296875,335.45001220703125,15792800
