Date,Open,High,Low,Close,Volume
2015-01-02,37.93807722300805,38.05265039437908,37.46546254964753,37.65164566040039,785200
2015-01-05,37.40817185206052,37.52990463372433,36.57751579834444,36.613319396972656,1611300
2015-01-06,36.55603127493975,36.69924840039112,35.86143272370572,36.16934585571289,2078400
2015-01-07,36.77802830311044,37.22199905844101,36.763706313372005,36.84247589111328,1750100
2015-01-08,36.992852685906506,37.14322948069973,36.491593971622194,36.84247589111328,2235700
2015-01-09,36.957035949269574,37.157538271103505,36.68492370418119,36.83530044555664,1877300
2015-01-12,36.7708659424211,37.06445990295845,35.99033525733789,36.84247589111328,1711500
2015-01-13,37.050134714843146,37.66596378518865,36.56319806823336,36.90691757202149,1244500
2015-01-14,36.670604849544986,37.22198901329089,36.50590610946081,37.09309387207031,1846400
2015-01-15,37.25778251277133,37.501250743342744,36.16933646619548,36.39132308959961,1247400
2015-01-16,36.44861050088426,37.95954270240523,36.41280418059467,37.83065032958984,1731900
2015-01-20,37.99536851991008,38.02400976654472,37.13606829314814,37.68029022216797,1217800
2015-01-21,37.54423323083526,37.938078348378475,37.408178439433776,37.66596603393555,878100
2015-01-22,37.77337094334866,38.25314514935692,37.250630782261126,38.052642822265625,722400
2015-01-23,37.99536673126502,38.13142152420512,37.77338000754592,37.95956039428711,650100
2015-01-26,38.74008365544668,39.14109106136808,38.48229610696807,38.88330078125,1193300
2015-01-27,38.46798956888079,38.46798956888079,37.580045217638435,37.85215759277344,1368300
2015-01-28,37.93806993276471,38.21018218684633,37.17186148427432,37.23630905151367,1096500
2015-01-29,37.236315046037944,37.63016013962,36.86395156778079,37.594356536865234,822000
2015-01-30,37.379544531185914,38.01685815823305,37.12175413560715,37.494117736816406,1085200
2015-02-02,37.75189796374275,37.84498679024064,36.77802461238066,37.66596603393555,1069300
2015-02-03,37.802022487748886,38.503783504818784,37.76621888382856,38.41785430908203,755000
2015-02-04,38.28896472479773,38.58971831948813,37.95956441850407,38.11710357666016,919300
2015-02-05,38.117083152615,38.37487337087106,37.930902845896085,38.267459869384766,669800
2015-02-06,38.29611690152467,38.575388822716526,38.06697056969342,38.253150939941406,663300
2015-02-09,38.0669699117234,38.704283306840885,38.0669699117234,38.53242492675781,811100
2015-02-10,38.811697179270745,38.95491431834018,38.3104385583476,38.74724960327149,1209300
2015-02-11,38.553893587552224,39.27713592970749,38.553893587552224,38.89045333862305,1330500
2015-02-12,39.14824987151593,40.286821763852615,38.97639150944968,40.03619384765625,1836000
2015-02-13,40.10063980241328,40.931295803340554,39.77124234534403,40.050514221191406,1653300
2015-02-17,39.84285325456201,40.730797277792085,39.82137164107437,40.68067169189453,1713400
2015-02-18,38.317588463777135,38.66847022888635,36.12637689905589,36.312557220458984,7325000
2015-02-19,36.9069166639642,37.021489829074625,35.80414824250162,36.31972885131836,4756000
2015-02-20,36.17650579017787,36.35552650208593,35.27423987244324,35.38881301879883,3827700
2015-02-23,35.37450408935547,35.54636249322423,34.794475830108226,35.37450408935547,3746700
2015-02-24,35.37449724111892,35.65376914207077,35.03793739554127,35.5177116394043,2045700
2015-02-25,35.317202053994706,35.69672504857337,35.195469294087964,35.41029357910156,1638000
2015-02-26,35.367336861045395,35.67525275153823,35.20979773614961,35.39598083496094,1050500
2015-02-27,35.438944842864245,35.6824131444499,35.38165689819018,35.5391960144043,1305400
2015-03-02,35.50339334448112,36.29108348289875,35.50339334448112,36.12638473510742,1707800
2015-03-03,35.93304060512194,36.05477338850891,35.5749991504927,35.58932113647461,1566900
2015-03-04,35.43177283353394,35.510542370186826,35.059409489490484,35.31719970703125,1346700
2015-03-05,35.44609770981249,36.369845154207034,35.33868419985442,36.312557220458984,4103800
2015-03-06,36.126380480804826,36.240953628021245,35.44610122411516,35.54635238647461,1247800
2015-03-09,35.53920286457973,35.73970524630664,35.31005650499466,35.37450408935547,1409000
2015-03-10,35.08806070655284,35.675248442702774,34.9448435859125,35.446102142333984,1551700
2015-03-11,35.51771536425759,35.718220459835905,35.417464182288356,35.46043014526367,1363900
2015-03-12,34.83856526427853,35.67735169297597,34.69394634380453,35.19287872314453,2386600
2015-03-13,35.05549210826484,35.27965157191102,34.66502185225272,34.70840835571289,1326200
2015-03-16,34.361319333370254,35.25795153369088,34.195008566510396,35.243492126464844,1346200
2015-03-17,34.94702647623667,35.18564532535366,34.75902107184031,35.05548858642578,939200
2015-03-18,35.01209708827635,35.409799710647434,34.49870266823923,35.229026794433594,1632200
2015-03-19,35.21457909814734,35.286887190990555,34.599949275472284,34.80964660644531,1502000
2015-03-20,34.93980103430278,35.865357800760584,34.81687673304744,35.78582000732422,3375400
2015-03-23,35.814745058489315,36.02444239570551,35.59058830897552,35.72074508666992,947500
2015-03-24,35.61949549814971,35.92319544283751,35.43872257533285,35.48210906982422,1202900
2015-03-25,35.58334815439683,35.713504903962566,34.70840770549775,34.722869873046875,1568400
2015-03-26,34.614411368115036,34.614411368115036,33.82624102103247,34.32517623901367,1249200
2015-03-27,34.180545788693955,34.54932135062564,34.05761876246606,34.46255111694336,884500
2015-03-30,34.556558796196214,34.93256687421491,34.46978579162362,34.80241012573242,650700
2015-03-31,34.62163396849565,34.918101477425886,34.31793399733172,34.36132049560547,1724500
2015-04-01,34.231165749564695,34.289011658917055,33.71053877351196,34.03593063354492,1172600
2015-04-02,33.26221903122776,33.83346215051343,33.20437036976166,33.61653518676758,1776500
2015-04-06,32.28604842111435,33.83346435737808,32.22819975587495,33.77561569213867,2237100
2015-04-07,33.724997872892935,33.85515460506735,33.17544937133789,33.17544937133789,1278500
2015-04-08,33.29837547667917,33.67438352830851,33.14652686689892,33.5008430480957,1596800
2015-04-09,33.594851491246544,33.717778557674286,33.2622298547099,33.6888542175293,1109200
2015-04-10,33.58761139025539,33.89854105464107,33.37068442305925,33.73945999145508,1202700
2015-04-13,33.652695573685044,34.035933373926504,33.61654153263186,33.8406982421875,1633800
2015-04-14,33.76838821445929,34.00700707836309,33.63823146746582,33.88408279418945,1185600
2015-04-15,33.99978187211564,34.61440889105214,33.90577915165564,34.44086837768555,1165200
2015-04-16,34.332400333830606,34.49871112651777,34.13716520544747,34.4264030456543,816400
2015-04-17,34.151628915062815,34.23116946262936,33.55869379840972,33.74669647216797,949200
2015-04-20,33.94193888921536,34.440874155189015,33.94193888921536,34.39748764038086,747200
2015-04-21,34.54210659803086,34.68672555568087,34.346871418959935,34.39748764038086,917400
2015-04-22,34.34686147920389,34.34686147920389,33.797312909222235,33.949161529541016,844500
2015-04-23,33.833466818669606,34.296245140745974,33.73223440551245,34.0865478515625,1151600
2015-04-24,34.09377492920775,34.09377492920775,33.32006702700047,33.39960479736328,2001000
2015-04-27,33.50807226603582,33.73223170463318,33.36345336237223,33.573150634765625,1517900
2015-04-28,33.587614007587625,34.4914787399857,33.551459969966956,34.339630126953125,2314600
2015-04-29,32.91513378258232,33.905768617193594,32.40173934901652,32.929595947265625,4021300
2015-04-30,33.09591591873323,33.36345914392895,32.51021049866806,32.67652130126953,2518300
2015-05-01,32.77052895918491,33.233307394170865,32.71991274025688,33.1609992980957,912800
2015-05-04,33.11037790968716,33.262226542763294,32.93683464447398,33.0452995300293,1144200
2015-05-05,32.93685072870322,33.1393184300535,32.68376954998783,32.74884796142578,1314000
2015-05-06,32.79221177730765,32.91513881672863,32.51020641879214,32.75605773925781,1103500
2015-05-07,32.75605745390087,32.98744660545559,32.66205474908919,32.83559799194336,799200
2015-05-08,33.095909650151405,33.3417609549044,33.00913941270214,33.218833923339844,827000
2015-05-11,33.182673371515044,33.81176229664611,33.0886706903516,33.782840728759766,1703000
2015-05-12,33.674382497106656,33.732231160990246,33.18991234977417,33.218833923339844,878300
2015-05-13,33.233308226490735,33.47915962103144,33.08145956590365,33.349002838134766,1320900
2015-05-14,33.53700996529546,33.631009945522635,33.2550045078594,33.38515853881836,1165200
2015-05-15,33.51530721872508,33.594847766115564,33.19714778753971,33.40684509277344,691100
2015-05-18,33.320081254006595,33.42131369439799,33.07422985946589,33.349002838134766,803300
2015-05-19,33.50807164841249,33.59484188566082,33.05252307570056,33.305606842041016,1021400
2015-05-20,33.30561426918952,33.55869533359091,33.21884125421471,33.29838180541992,762700
2015-05-21,33.204371757368946,33.493609560034635,33.03806098626782,33.218833923339844,852600
2015-05-22,33.20437958549097,33.26945796851454,33.05976340844015,33.22607421875,676300
2015-05-26,33.18268295887348,33.204374830649485,32.568056019291326,32.66205596923828,914200
2015-05-27,32.68374723898902,33.00913907405564,32.60420670615317,32.87174987792969,847400
2015-05-28,32.97299143496295,33.4574644702108,32.922375219719015,33.42131042480469,1393000
2015-05-29,33.52975870126012,33.56591273172172,32.87174541670663,32.886207580566406,1807300
2015-06-01,32.96576043057164,33.095917195607704,32.54636579692726,32.878990173339844,823600
2015-06-02,32.756070399012664,33.211619177957296,32.64037577751309,32.95853805541992,533400
2015-06-03,33.233311892104844,33.53701200515407,33.05253886907332,33.291160583496094,1552400
2015-06-04,33.3562369337977,33.3562369337977,32.690990815536566,32.90068817138672,1047700
2015-06-05,32.79945077037675,33.023607505941534,32.423442631366704,32.98745346069336,1267600
2015-06-08,32.95129826130355,33.05976315162585,32.85729554024934,32.878990173339844,1295700
2015-06-09,32.857289657538935,33.13206530768382,32.73436537833343,33.059757232666016,1200700
2015-06-10,33.39237769478019,33.688845206021256,33.175450718472895,33.573150634765625,1420800
2015-06-11,33.63823268825776,33.847929983621576,33.21160839282427,33.28391647338867,844800
2015-06-12,33.174235575220344,33.30585057782323,32.69896165629283,32.750144958496094,1207300
2015-06-15,32.53808497706436,32.65507573282644,32.19442341170341,32.3260383605957,1165800
2015-06-16,32.399179558023725,33.1084352374186,32.32605854671199,33.09381103515625,1182800
2015-06-17,33.13767432329495,33.37165591513176,32.85982013700852,33.06455612182617,1523700
2015-06-18,33.20348398177251,34.0882271078295,32.93294327158995,34.04435729980469,1992700
2015-06-19,34.18328285610668,34.490382668044745,34.066292053090166,34.25640106201172,2452700
2015-06-22,34.380714416503906,34.44652193486719,34.161356951720116,34.380714416503906,914700
2015-06-23,34.373395657956365,34.56350747713655,34.27834253764735,34.54157257080078,925100
2015-06-24,34.41727298316071,34.483080500480156,33.415538809992626,33.67145538330078,1753300
2015-06-25,33.803073847509935,33.83232225579304,33.4009179961034,33.437477111816406,601100
2015-06-26,33.415524785327534,33.62025795804651,33.25466141288818,33.32046890258789,1085300
2015-06-29,32.45766414710506,33.10111491328459,32.135940158655586,32.157875061035156,1354300
2015-06-30,32.45766703351229,32.45766703351229,31.923896310324384,32.12131881713867,1333500
2015-07-01,32.384549389683535,32.391860094827194,31.86540285677674,32.179813385009766,1192500
2015-07-02,32.35530640913264,32.43573812558724,32.13594895743546,32.23831558227539,691300
2015-07-06,31.843475325195428,32.084770511155305,31.558310315811383,31.66067695617676,1778200
2015-07-07,31.80690234427002,31.953141533594035,31.221948376254495,31.93120384216309,1326800
2015-07-08,31.667986303223497,31.901967961764345,31.59486529162861,31.71916961669922,1339200
2015-07-09,32.12862615501394,32.21637134170052,31.806902171671354,31.85077476501465,1290500
2015-07-10,32.18712901533105,32.34799243197495,31.95314738527505,32.29680633544922,716400
2015-07-13,33.115742589397414,34.132100749179116,32.947568478502966,33.90542984008789,2921700
2015-07-14,34.0589831731684,34.16134978263278,33.59833064129775,33.9273681640625,1459800
2015-07-15,34.00048637388537,34.051669678617564,33.56908224165623,33.9273681640625,1212100
2015-07-16,30.147105745117283,31.587557740701417,30.125170834088216,31.51443672180176,10776500
2015-07-17,31.397437095301783,31.7557230144514,31.200014583437415,31.360877990722656,2203000
2015-07-20,31.35356849941568,31.448621617145356,30.936788554659422,31.083024978637695,1116700
2015-07-21,31.112262196929496,31.309684645480747,30.914839748378245,31.20000457763672,1333400
2015-07-22,31.17076786243381,31.412060175481265,31.0757119624911,31.317007064819336,1084100
2015-07-23,31.368198715617336,31.51443516764155,31.15615195518808,31.38282012939453,981200
2015-07-24,31.499810049026618,31.507120755055368,30.93679084925177,31.061092376708984,805000
2015-07-27,30.99528922294238,31.083031654029103,30.680875823159894,30.790555953979492,2336200
2015-07-28,30.783230900963687,31.463240762479256,30.783230900963687,31.287755966186523,1630500
2015-07-29,31.12689725237497,32.092072144752414,30.92216402953156,31.21463966369629,1815000
2015-07-30,30.622370978437864,30.907535870667804,30.60774678021061,30.84903907775879,1701900
2015-07-31,30.929467227703523,30.929467227703523,30.615053975062505,30.644302368164062,1319500
2015-08-03,30.695497832068845,31.236582161863833,30.16903770462306,30.307966232299805,2048300
2015-08-04,30.49076368337804,30.549257701777695,29.88387185545387,29.986238479614254,2188000
2015-08-05,30.169036363182943,30.468825524808285,29.99355152135806,30.2933406829834,1355800
2015-08-06,30.41033679773403,30.461520117944012,29.73032664147941,29.76688575744629,1525200
2015-08-07,29.715691169523037,29.839995463814336,29.496333767616814,29.701066970825195,922800
2015-08-10,29.905809061685694,30.073983197083777,29.67913811956763,30.037424087524418,1198900
2015-08-11,29.737620595653876,29.810741575675166,29.276970973280573,29.42321014404297,1282700
2015-08-12,29.108813862602663,29.613336366934917,28.860207964247245,29.49634552001953,1244100
2015-08-13,29.423220745776312,29.6498888923146,29.167301407409575,29.21117401123047,857300
2015-08-14,29.05762693493884,29.284295103733605,29.05762693493884,29.174617767333984,650300
2015-08-17,29.152671048848184,29.59138862655269,28.977186249190865,29.554826736450195,679900
2015-08-18,29.61332199907175,29.83267938194952,29.276973826040464,29.45977210998535,752000
2015-08-19,29.379342543887095,29.43783654855472,28.90406585553959,29.145360946655273,1039400
2015-08-20,28.90407210860688,29.240423168013923,28.509229821158954,28.51654052734375,1029300
2015-08-21,28.26061820583595,28.626214804673253,27.960829106360585,27.97545051574707,2199000
2015-08-24,26.51307304160783,27.10534073515358,25.847687119403815,27.06146812438965,4540200
2015-08-25,28.01201667194448,28.092445592938383,26.834794998168945,26.834794998168945,1998700
2015-08-26,27.53673386750984,27.68297305510084,26.988339006003976,27.58060646057129,1689700
2015-08-27,28.063205293657784,28.07051600084824,27.38319516439819,27.902341842651367,1839000
2015-08-28,27.609857299568493,27.946208331560637,27.448996673082892,27.77803421020508,1339100
2015-08-31,27.668353407911848,27.778033513963848,27.47093089058682,27.500179290771484,1066700
2015-09-01,27.05415362068231,27.3027594682274,26.783612865474236,26.91522789001465,1468500
2015-09-02,27.23695986215025,27.346640010865016,26.97372973666045,27.215024948120117,1388500
2015-09-03,27.251574282869264,27.456307511723622,27.149207668442084,27.244260787963867,1004900
2015-09-04,26.8713530840939,27.039527204056142,26.659306363118507,26.688554763793945,1344900
2015-09-08,27.156526183077805,27.595243957282825,27.024911129744485,27.544057846069336,1035900
2015-09-09,27.653731299547776,27.748787212697476,26.739739644249976,26.820171356201172,1268900
2015-09-10,26.790920582768443,27.068774802387196,26.46919655271789,26.5861873626709,1982900
2015-09-11,26.408200919389405,26.77899845472717,26.363704196723024,26.615846633911133,1515600
2015-09-14,26.47495596068065,26.77159241898853,26.437876757012397,26.55653190612793,862300
2015-09-15,26.69000907468875,26.934733988288254,26.623265402077823,26.801246643066406,1082900
2015-09-16,26.808669348099745,27.26104007307439,26.749340370355377,27.223960876464844,1063500
2015-09-17,27.290708575691085,27.55768335688296,27.038566041116734,27.120141983032227,1019100
2015-09-18,26.808671968586943,27.261042737779817,26.645520092803576,26.867998123168945,1829900
2015-09-21,27.008899288968372,27.357449982924393,26.830918002367262,27.09789276123047,877400
2015-09-22,26.734501876570334,26.87540675129517,26.452694956081377,26.62326431274414,1068600
2015-09-23,26.690009216303675,26.74933535396104,26.37112309313293,26.415616989135746,1009600
2015-09-24,26.30438905696619,26.52686710536918,25.963253031855615,26.42304420471191,1057100
2015-09-25,26.452701723071783,26.77158791307859,26.207976756881344,26.289552688598633,1023800
2015-09-28,26.09673429997281,26.29696534521592,25.98549671636744,26.1115665435791,1306700
2015-09-29,26.08932029308874,26.274719099703095,25.963247633531115,26.09673500061035,858700
2015-09-30,26.311793600535935,26.667758906246817,26.185723792433674,26.60843276977539,1313700
2015-10-01,26.66034168899291,26.67517392895396,26.052233995392516,26.237632751464844,979000
2015-10-02,25.94841785322262,26.601019606466615,25.881674170622524,26.5861873626709,797400
2015-10-05,26.66034888232801,27.27587144750527,26.62326968690116,27.172048568725582,1167200
2015-10-06,27.14979903013089,27.25362189901719,26.93473575660297,27.075637817382812,924600
2015-10-07,27.13497070742624,27.490936093155803,27.09789151017634,27.364866256713867,669200
2015-10-08,27.23137132960348,27.572504376012255,27.14979542090559,27.424184799194336,981700
2015-10-09,27.49093437194824,27.646668688024132,27.372279250800716,27.49093437194824,884800
2015-10-12,27.52060790367187,27.609598566537525,27.29812983202665,27.401952743530273,575000
2015-10-13,27.327771768462387,27.683739820824428,27.22394893192351,27.305524826049805,689600
2015-10-14,27.26103367563271,27.565087542815792,27.12754916495589,27.409353256225582,640100
2015-10-15,24.880522298875256,25.184576265434043,23.22676508281537,23.938695907592773,9460000
2015-10-16,23.77554367841254,25.407050892847103,23.760711434595336,25.280981063842773,3792400
2015-10-19,25.46637814036689,25.629529982325916,25.169738942070666,25.236482620239254,1809400
2015-10-20,25.028836839227033,25.399634422030395,24.92501396867586,25.006589889526367,974700
2015-10-21,25.140074360350916,25.37738455979233,24.939843349142087,25.28839111328125,1853800
2015-10-22,25.49603563315428,26.12639022044418,25.399627495805845,26.000320434570312,1160500
2015-10-23,26.20056048473663,26.32663031425561,25.963247411653917,26.252471923828125,1027900
2015-10-26,26.28213062218067,26.445282457497083,26.067070182581052,26.133813858032227,1014000
2015-10-27,26.059651761897204,26.133812970413523,25.718518689604657,25.800094604492188,1054900
2015-10-28,25.14006940521589,26.096724720485955,25.14006940521589,26.052230834960938,1429600
2015-10-29,26.118984557889647,26.43045319243859,25.844592289593187,26.252471923828125,1017500
2015-10-30,26.222804499159505,26.541690634413204,26.21538696357075,26.304380416870117,981700
2015-11-02,26.341469069044297,26.764178222678193,26.230228626946133,26.645523071289062,1092500
2015-11-03,26.608443866910328,26.771592931969156,26.4897887155212,26.645523071289062,1034700
2015-11-04,26.801249765992544,27.18687960501646,26.58618648152439,27.157215118408203,1714200
2015-11-05,27.15721286795241,27.683747560252264,27.14979816139536,27.587339401245117,1343500
2015-11-06,27.498347961674263,27.817231255460246,27.39452227023044,27.76531982421875,1400600
2015-11-09,27.720820493940863,27.839475574797785,27.48351033222702,27.668909072875977,1496300
2015-11-10,27.654080922794748,28.351179272274862,27.624416440954565,28.24735641479492,1793500
2015-11-11,28.4030984017254,28.53658577723692,27.794990503933587,27.906230926513672,1167900
2015-11-12,27.772746934469616,27.809826136859733,26.87541722340444,26.905078887939453,1322700
2015-11-13,26.74933338626512,26.905067668740745,26.163472614330377,26.24504852294922,1367800
2015-11-16,26.185728261192697,26.667763457268173,26.17831072476743,26.652931213378903,815900
2015-11-17,26.185726016709996,27.060808528441072,26.185726016709996,26.460115432739254,1122900
2015-11-18,26.467537889993064,27.490940298622935,26.408211731110004,27.446443557739254,1460600
2015-11-19,27.565088056540745,27.565088056540745,27.149796617893827,27.43901824951172,1049300
2015-11-20,27.58734011474019,27.935887911154392,27.54284338736432,27.743074417114254,1105400
2015-11-23,27.631827061577965,27.99520983799244,27.49834257095417,27.668909072875977,914700
2015-11-24,27.4761009043564,28.395680174011144,27.461268661253456,28.380847930908203,1324900
2015-11-25,28.366017287496778,28.366017287496778,28.061963359142187,28.13612174987793,924100
2015-11-27,28.254773000778112,28.41051012632109,27.78015257559789,27.794984817504883,624100
2015-11-30,28.084208234664334,28.165784155820553,27.73566042921649,28.06937599182129,1464400
2015-12-01,28.17320098963054,28.33634999891615,27.817232828190512,28.08420753479004,868700
2015-12-02,28.195446862111023,28.328934210313072,27.661497469302834,27.794984817504883,1502400
2015-12-03,27.97297170789962,28.15095297078189,27.27587041288743,27.565092086791992,1874100
2015-12-04,27.58733447342452,28.254768273813575,27.58733447342452,27.91363525390625,1882000
2015-12-07,27.980383937535663,28.247358637180383,27.53542799076841,28.03971290588379,1170300
2015-12-08,27.802397701654947,28.247353568580984,27.73565403872,27.91363525390625,982000
2015-12-09,27.72823403253688,28.1435282125484,27.572499775892616,27.713401794433594,946800
2015-12-10,27.705999243070565,27.883980520460984,27.46127145045699,27.52801513671875,1035800
2015-12-11,27.25732499874906,27.445306550464572,26.482841923559825,26.655784606933594,2031200
2015-12-14,26.64074074443842,26.670818475483443,25.791063486823532,26.16702651977539,2259800
2015-12-15,26.54298203201476,26.97157953867105,26.24221341189551,26.70088577270508,2158800
2015-12-16,26.888884039156817,27.45282878121303,26.618192972401715,27.40019416809082,1346900
2015-12-17,27.415223543724903,27.422744410635456,26.70089321084824,26.70841407775879,1440100
2015-12-18,26.527945891001753,26.85127427035281,26.27981182566826,26.51290702819824,9592500
2015-12-21,26.573074185641428,26.851286099142563,26.415170359197894,26.73097801208496,1995100
2015-12-22,26.76856431495365,27.34754767617975,26.7384894550696,27.264835357666016,1716500
2015-12-23,27.325000090427523,27.806232432380934,27.18213513527605,27.731040954589844,1544400
2015-12-24,27.678393076318073,27.888931407889324,27.670872211122163,27.80621910095215,472000
2015-12-28,27.731026889604717,27.813739194246416,27.56560228032132,27.7987003326416,642100
2015-12-29,27.88893763396315,28.159631474054247,27.866380770078987,28.01676368713379,660000
2015-12-30,27.95660065236823,28.18217781206904,27.934043796908913,28.054351806640625,703100
2015-12-31,27.821264901129855,28.15211134301645,27.731034574864484,27.9490909576416,1155500
2016-01-04,27.520495470269513,27.738554738435532,27.272361336581397,27.670881271362305,2050100
2016-01-05,27.82126252852891,28.076917488120465,27.655837887507868,27.776145935058594,1305500
2016-01-06,27.385152536076024,27.4979426204627,26.91895906612835,27.01671028137207,2521400
2016-01-07,26.618184879337385,26.761049804607595,26.167027501840742,26.24222183227539,1688900
2016-01-08,26.4226800316752,26.56554781203132,25.17448294622731,25.22711753845215,2429400
2016-01-11,25.482767488780212,25.550440932381765,24.7007638890222,24.963939666748047,2416400
2016-01-12,25.302314600029945,25.3474283306075,24.603023092373263,24.92635154724121,1729800
2016-01-13,25.024109238735235,25.16697708800734,24.33985634137518,24.407529830932617,1552500
2016-01-14,24.557900496352833,25.144401797600302,24.121784953170547,24.941381454467773,1973300
2016-01-15,24.121784628114867,24.62557361221914,24.07666804079236,24.4526309967041,2168800
2016-01-19,24.79100161548719,24.81355847804334,23.896209256676844,24.279691696166992,1267800
2016-01-20,23.91876502260015,24.550384394729765,23.257070791231257,24.324804306030273,1690600
2016-01-21,24.415039130481556,25.482772717073065,24.332326808179644,24.91131019592285,1814900
2016-01-22,25.29479509008458,25.71587476441778,25.159448154347857,25.445180892944336,1116200
2016-01-25,25.37749832503771,25.437653771958903,24.926343946607098,24.963939666748047,1045500
2016-01-26,25.13689128784861,25.670758163048667,25.046660953481,25.445180892944336,721900
2016-01-27,25.36998635029002,25.76850624144383,25.15944510446042,25.377504348754883,1013500
2016-01-28,25.670749715666567,25.911365773715264,25.14440101304641,25.475250244140625,1010700
2016-01-29,25.595565392635415,26.490356428119277,25.505332194491316,26.452760696411133,2701100
2016-02-01,26.294850031328103,26.580579812344713,26.03919510679712,26.385080337524418,1047900
2016-02-02,26.129431902961617,26.151988768020885,25.50533186486444,25.663238525390625,942400
2016-02-03,25.93393163973574,26.144470023270472,25.24967902487751,25.730911254882812,1499600
2016-02-04,25.738427337210823,26.467796494965768,25.738427337210823,26.422679901123047,1400100
2016-02-05,26.264775944725375,26.42267971953452,25.81362148287922,26.084312438964844,1401700
2016-02-08,25.903849558964456,26.279812534077525,25.452692267806853,25.82865524291992,1374600
2016-02-09,25.588036106932115,26.197097086359612,25.166959460940333,25.52788352966309,1974500
2016-02-10,25.873777215074576,26.422682928724257,25.580526492420542,25.91889381408691,1475200
2016-02-11,24.685736747639947,25.88129656602996,24.685736747639947,25.445180892944336,1371200
2016-02-12,25.64820389976069,26.144475091708415,25.18201044511184,25.836185455322266,1059400
2016-02-16,26.25726020974317,27.340035719173024,25.933934598866948,26.490358352661133,2730800
2016-02-17,28.761164144113796,31.558329261105857,28.26489319126387,30.87407684326172,7100600
2016-02-18,30.24245865890193,30.911672207658267,28.971702134375445,30.656017303466797,4216600
2016-02-19,30.49811793699931,30.73121314858872,29.761230841206203,30.054481506347656,2544400
2016-02-22,30.453010106155265,30.964320134938145,30.27254656196159,30.813934326171875,1553300
2016-02-23,30.565781846553307,30.80639784891025,30.272528404584836,30.633455276489254,1472900
2016-02-24,30.663541336848283,30.663541336848283,29.63340352084095,30.52819442749023,1357700
2016-02-25,30.490607014554307,30.67858856565313,29.949222097881876,30.31014633178711,1282100
2016-02-26,30.44549253275309,30.678587814652197,30.257510986255987,30.377819061279297,1027200
2016-02-29,30.370302789259927,30.701152196921623,30.20487808542908,30.460533142089844,1555000
2016-03-01,30.753780707916103,31.77639786333495,30.633472638550906,31.159818649291992,1760700
2016-03-02,31.077104609596653,31.370355306253447,30.633468131267858,30.76881217956543,1442200
2016-03-03,30.407881060252578,30.889116025059703,30.407881060252578,30.783843994140625,1641500
2016-03-04,30.738724418974297,31.01693613388033,30.445473845374835,30.633455276489254,1129000
2016-03-07,30.5808371995638,30.70114814528784,30.295107308581667,30.43045425415039,1134100
2016-03-08,30.310137143767093,30.332694005182542,29.588286026403097,29.60332489013672,1411500
2016-03-09,29.866504513281637,29.919139108879435,29.43038601447662,29.52813720703125,1189400
2016-03-10,29.77627890715874,30.11464629963417,29.483028123137057,29.9492244720459,1708600
2016-03-11,30.16727337869404,30.16727337869404,29.59581082277608,29.866504669189453,1438200
2016-03-14,29.91220092773438,30.041689578805524,29.775093587965884,29.912200927734375,1489200
2016-03-15,29.66084858733089,29.737020976946575,29.409486965798028,29.72178649902344,1028800
2016-03-16,29.683701980269777,30.072171000352505,29.417102973129452,29.973148345947266,1066800
2016-03-17,29.973145455169067,30.37685182003337,29.69131490285195,30.155956268310547,1299300
2016-03-18,30.163572994314872,30.32353355043129,29.97314638979097,30.186426162719727,2699400
2016-03-21,30.16356825886269,30.475867725026063,30.049314057493024,30.39969825744629,953100
2016-03-22,30.353983886349297,30.529178828820932,30.25496419534275,30.445390701293945,801100
2016-03-23,30.338755965960583,30.422541197870657,29.87411477073689,29.957902908325195,776100
2016-03-24,29.82841032090956,29.82841032090956,29.249514971925205,29.683687210083008,787800
2016-03-28,29.737016230303528,29.99599650229913,29.63799359244898,29.782716751098633,628500
2016-03-29,29.78271459391511,30.20165537538667,29.386629882543804,30.07978248596191,501100
2016-03-30,30.232120743379745,30.506335464881772,30.10263207249202,30.36161231994629,758100
2016-03-31,30.44540288541292,30.689148678122233,30.2245073527454,30.43778419494629,1221900
2016-04-01,30.216878414433936,30.30066654707642,29.668452019672515,30.232112884521484,1055100
2016-04-04,30.30829291567573,30.49871948151082,30.056928454047583,30.475866317749023,1058300
2016-04-05,30.51395871785807,30.71961978973952,30.36161686027782,30.50634002685547,1375000
2016-04-06,30.445403347012313,30.544423079147418,30.02646253536728,30.483488082885746,748200
2016-04-07,30.293050718303075,30.628200342679733,29.95028240605532,30.140708923339844,1155000
2016-04-08,30.437787769738,30.620598588579877,30.026465606603303,30.186426162719727,612600
2016-04-11,30.27782324617759,30.910040824408473,30.16356614712807,30.42254638671875,1351400
2016-04-12,30.55965095983852,30.910038009025964,30.468247032331497,30.788162231445312,924800
2016-04-13,31.184245946952235,32.31157059948324,31.016672584795295,32.23540115356445,2251500
2016-04-14,32.22017260557571,32.23540707869531,31.91549186021967,32.06021499633789,914700
2016-04-15,31.91548951985674,32.189701298865636,31.801232432677548,32.16685104370117,786200
2016-04-18,31.991673184681975,32.425845659733994,31.831715516121697,32.19733428955078,624800
2016-04-19,32.273500193901796,32.5781839240989,32.17448045141523,32.448692321777344,1186500
2016-04-20,32.37251737826322,32.829539990743605,32.265878962396386,32.66958236694336,983900
2016-04-21,32.783852766588055,32.88287253251417,32.15163489376086,32.17448806762695,931200
2016-04-22,32.281116741626285,32.654351235369425,32.281116741626285,32.53247833251953,1062400
2016-04-25,32.41060082743752,32.47153872304902,31.900259027245735,32.0526008605957,1036100
2016-04-26,32.26587795260263,32.2734937367781,31.74029876845192,32.21255874633789,1755000
2016-04-27,32.71527719579879,33.83498317392031,32.41821228516088,33.42366409301758,2258600
2016-04-28,33.32464183862419,33.789283024025515,32.84476618255811,32.9514045715332,1364400
2016-04-29,32.82192658035545,32.89809605271859,32.16685865758765,32.47154235839844,1130500
2016-05-02,32.66197040545836,32.76860883380672,32.38013695261858,32.760990142822266,808400
2016-05-03,32.42582095243339,32.61624743343461,31.801222327203593,32.204925537109375,880600
2016-05-04,31.869782308835333,32.12876249068117,31.382290885520373,31.443225860595703,1218300
2016-05-05,31.504167011649773,31.73267827683959,31.12331393444062,31.27565574645996,872400
2016-05-06,31.07760715533942,31.26803367333253,30.72722305959484,31.108076095581055,793400
2016-05-09,31.252809009616737,31.48132322745337,30.719616916475207,30.78055191040039,979900
2016-05-10,31.031912099793608,31.169016543600073,30.620590051338475,31.100465774536133,1270900
2016-05-11,30.86434655235685,31.09285791251171,30.66630124272426,30.681535720825195,640100
2016-05-12,30.871958750625517,30.97098139393339,30.37685134544467,30.59774398803711,770300
2016-05-13,30.50633526564555,30.71961499524243,30.384462379738245,30.475866317749023,694600
2016-05-16,30.475862815591057,30.917653792285524,30.239735760724702,30.788162231445312,740800
2016-05-17,30.29305107320244,30.87956510199146,30.270200820677573,30.513946533203125,778000
2016-05-18,30.491100065012716,30.780549251773767,30.27782324617759,30.42254638671875,724600
2016-05-19,30.23212550352056,30.437786577029048,29.88935995335236,30.331148147583008,662000
2016-05-20,30.529178936924236,30.948116670364737,30.46824106007869,30.689136505126953,628800
2016-05-23,30.651060377070124,30.963359819252876,30.651060377070124,30.811017990112305,348300
2016-05-24,30.90242481913406,31.374681918582763,30.90242481913406,31.328981399536133,570900
2016-05-25,31.481318478286692,31.679360810766255,31.092846691111156,31.450849533081055,719500
2016-05-26,31.519402281617975,31.67935988073378,31.435614137601565,31.57272148132324,285500
2016-05-27,30.788158051758373,32.15161261872047,30.68913835443434,31.77075958251953,766100
2016-05-31,31.96118466148484,32.44106027908024,31.93833441015866,32.38774108886719,927600
2016-06-01,32.30396029134588,32.37251396656104,31.991660861072084,32.22779083251953,603900
2016-06-02,32.05260189261517,32.63911317552685,32.02213294382839,32.60102844238281,607700
2016-06-03,32.27349779478346,32.37252043558837,31.839325400219312,32.2811164855957,969400
2016-06-06,32.45629933854319,32.73051401594899,32.29634174528259,32.593406677246094,893000
2016-06-07,32.66957976306237,32.94379447096629,32.60864477557188,32.92094421386719,892200
2016-06-08,32.92094421386719,33.15707128570103,32.844771847405724,32.92094421386719,664300
2016-06-09,32.82192301294087,32.96664615697252,32.631496447051376,32.936180114746094,601000
2016-06-10,32.79907538562216,32.79907538562216,32.3039651123258,32.38013458251953,735800
2016-06-13,32.22778705798185,32.54770223439818,32.07544525249291,32.319190979003906,788000
2016-06-14,32.25825171081566,32.456296921159584,31.915486295266337,32.39535903930664,673300
2016-06-15,32.562940266830026,32.6391097250658,32.10591770605823,32.159236907958984,729100
2016-06-16,32.07441710950194,32.49076843737306,31.696619118112928,32.2825927734375,598600
2016-06-17,32.25947297147324,32.822317149677765,32.19008106231337,32.44451904296875,1525300
2016-06-20,32.91483201631298,33.07674839887271,32.776048226237165,32.78376007080078,571900
2016-06-21,32.83002465980718,32.90712546370954,32.6141371147077,32.77605056762695,526200
2016-06-22,32.82231527245811,33.06133248838471,32.59100990222351,32.614139556884766,720200
2016-06-23,32.984229591693705,33.43913143945886,32.876287278869334,33.3697395324707,909200
2016-06-24,31.604105980856858,32.24405094789112,31.426768821285552,31.434480667114254,1579500
2016-06-27,31.133777198833364,31.264849139798027,30.29336558417984,30.59406280517578,972300
2016-06-28,30.8099549605841,31.426770301601326,30.67117114120428,31.311119079589844,985200
2016-06-29,31.41906365480222,32.00503753558245,31.357380645663376,31.943357467651367,812000
2016-06-30,32.25176232809108,32.7143730700826,31.696627084735365,32.706661224365234,909500
2016-07-01,32.71437867858402,32.93797518340281,32.56017409108113,32.74522018432617,749100
2016-07-05,32.69123553733883,32.69123553733883,32.07441744171584,32.31343460083008,601700
2016-07-06,32.282604041825834,32.42138786622599,31.889385166830483,32.398258209228516,848700
2016-07-07,32.49849033603418,33.230956896509994,32.29802351264756,32.837738037109375,859100
2016-07-08,33.06133835300931,33.49310766971519,32.98423458844906,33.43913650512695,894700
2016-07-11,33.56249080344809,33.971133295650326,33.44683959868706,33.72440719604492,673600
2016-07-12,34.03281657802386,34.48000951423018,34.025107673458095,34.47229766845703,1251700
2016-07-13,34.503138516035456,34.503138516035456,34.04052777945423,34.16389083862305,540200
2016-07-14,34.61878156818902,34.958029136801294,34.38747333287398,34.495418548583984,762100
2016-07-15,34.59565572690602,34.74986026678746,34.45687193513342,34.70359802246094,670000
2016-07-18,34.857809978654785,35.26645253746402,34.78841806800474,35.027435302734375,783800
2016-07-19,35.01201036232601,35.2818661263406,34.8809384030067,35.20476531982422,703100
2016-07-20,35.22790292949369,35.4283697776418,35.01972717543583,35.23561477661133,503500
2016-07-21,35.18164039981714,35.42065469690178,35.012015073209234,35.24332046508789,477400
2016-07-22,35.26644459211374,35.54400923097246,35.181631949181806,35.50545883178711,486600
2016-07-25,35.53629489839121,35.57484529168685,35.23559771299619,35.40522003173828,964500
2016-07-26,35.358972854125284,35.86784586716018,35.29728985074773,35.76761245727539,1186200
2016-07-27,38.75917491331195,40.20098145854015,38.64352073933419,39.93112564086914,5643600
2016-07-28,40.09303928197623,41.48087466888,39.74607969994833,41.28041076660156,2974500
2016-07-29,41.32666777633377,42.29815455177853,41.14162463705417,41.8895149230957,2219400
2016-08-01,42.00517156365748,43.323615130480285,41.82012840052869,42.98436737060547,3015500
2016-08-02,42.80703367000709,43.04605094512963,42.14395595422875,42.29816055297851,1801400
2016-08-03,42.20562895491015,43.13085044543958,42.028291796644375,42.76076126098633,1356200
2016-08-04,41.51941655552225,42.44464093723456,41.4423157492159,42.051422119140625,2000800
2016-08-05,42.33669341003551,42.60654914003044,42.043705088036106,42.34440231323242,1434200
2016-08-08,42.55259564088876,42.62969941086769,42.23647753699537,42.29816055297851,1108900
2016-08-09,42.42923309203186,42.55259618436563,41.820129478063414,41.91265106201172,1273400
2016-08-10,42.113113430658,42.47549378779974,41.92807026958715,42.4677848815918,1450200
2016-08-11,42.66823484909678,42.7299149022227,42.136232258406565,42.62968444824219,732800
2016-08-12,42.79160540188841,42.84557656079238,42.3906746920249,42.48319625854492,625700
2016-08-15,42.69136653124749,42.86099183252143,42.475481923231335,42.8532829284668,612600
2016-08-16,42.67595954236664,42.79161372892808,42.48320452556967,42.54488754272461,748400
2016-08-17,42.52174990477793,42.53716771496613,41.8355397030995,42.213340759277344,1046700
2016-08-18,42.11310272566133,42.35982883851092,41.55797044235339,42.26730728149414,881200
2016-08-19,42.143943232625304,42.22104403812243,41.796983725473815,41.92805862426758,868500
2016-08-22,41.018252996197305,41.20329609682642,40.58648085938428,40.98741149902344,1786700
2016-08-23,41.04138284623794,41.712169236363096,41.01825319384961,41.38063049316406,1318000
2016-08-24,39.83860139483906,40.37060706928808,38.79001668107197,39.00590133666992,3427100
2016-08-25,38.13464500108449,39.32201639821452,38.13464500108449,38.951927185058594,1544600
2016-08-26,39.09070629886597,39.24491085440771,38.52015032572368,38.705196380615234,1304000
2016-08-29,38.70519665167447,38.95963167007403,38.53557134526991,38.68206405639648,1487900
2016-08-30,38.674351983242886,38.91336917348245,37.957303353731234,38.02669525146485,1280200
2016-08-31,38.10380349832935,38.4199244929357,37.779976539768136,37.84165954589844,1354200
2016-09-01,37.94188718120518,38.03441168348031,37.20941771483446,37.67203140258789,1856100
2016-09-02,37.957312280862915,38.08838720350132,37.42530956725554,37.58722305297851,1250700
2016-09-06,37.73371189523745,37.8956283054704,37.08605507792792,37.79539489746094,1268700
2016-09-07,37.74142352086585,37.911045893575704,37.31736317728009,37.85707473754883,2998300
2016-09-08,37.60264862162444,37.80311254278622,37.317372023399095,37.718299865722656,1337500
2016-09-09,37.38675991183756,37.53325264837013,36.469244258479414,36.577186584472656,1856100
2016-09-12,36.484657202342774,36.98582125571629,36.29961409487454,36.90100860595703,1706600
2016-09-13,36.69838028310749,36.82307204837702,36.19961322202936,36.58927536010742,1848300
2016-09-14,35.88789431838708,36.81529241965438,35.88789431838708,36.43342208862305,1044600
2016-09-15,36.39445107677466,37.12701496270814,36.27755122440091,37.0490837097168,1375600
2016-09-16,36.971141050779565,36.971141050779565,36.56589208731044,36.8074836730957,1894400
2016-09-19,37.04128193016851,37.57901758388299,36.947763849347545,37.21273422241211,1430800
2016-09-20,37.39977409811871,37.81281502174251,36.97893826675507,37.05686950683594,709400
2016-09-21,37.05688682705001,37.76607214564619,37.025713127292725,37.688140869140625,809000
2016-09-22,37.85958780817191,38.00765840142419,37.58682243379703,37.93751907348633,975100
2016-09-23,37.71930613715535,38.1089683783537,37.68813244436661,37.797237396240234,748800
2016-09-26,37.70370710972969,37.727085885324726,37.3218369286568,37.633567810058594,910700
2016-09-27,37.664749041671094,38.28041304785976,37.60240166374046,38.19468688964844,1243700
2016-09-28,38.28819879993297,38.42068248702222,37.789431787314314,38.17129898071289,919300
2016-09-29,38.093381614288965,38.24924710568256,37.33743591340653,37.52447509765625,838100
2016-09-30,37.77384330846537,38.08557119139075,37.43093877249596,37.4932861328125,1059300
2016-10-03,37.1426100591298,37.6491722347667,37.056883878063175,37.59461975097656,1052200
2016-10-04,37.74267807969083,37.82060932465119,37.150389915600975,37.36860275268555,734300
2016-10-05,37.563431571146026,37.828401950062165,37.3686004976161,37.77384948730469,798700
2016-10-06,37.75047915119754,37.8751709570432,37.2672987751565,37.71151351928711,694900
2016-10-07,38.01544879803927,38.529802857774456,37.586820910407795,37.805030822753906,1318300
2016-10-10,37.94531249522272,38.42070096174383,37.85958928917839,37.929725646972656,883100
2016-10-11,37.85957947512582,37.85957947512582,37.29067006657843,37.45433044433594,1227100
2016-10-12,37.4075706363342,37.711506672092554,37.09583969187677,37.60240173339844,561100
2016-10-13,37.19715573394097,37.51667864031738,36.58928361275824,37.39198684692383,1246800
2016-10-14,37.66475296020508,38.31159072265422,37.65695805070949,37.66475296020508,1035200
2016-10-17,37.617996309406934,37.617996309406934,37.14260785920338,37.31406021118164,768800
2016-10-18,37.805013321733675,37.96867365311731,37.563424737156474,37.90632629394531,890200
2016-10-19,37.85957634724962,38.0933730453047,37.72708966885707,37.87516021728515,565500
2016-10-20,37.82840498221671,38.14013294111954,37.77385251508655,37.86737060546875,651200
2016-10-21,37.501084905819766,37.95309443189439,37.16597521521583,37.87516021728515,749600
2016-10-24,38.132337965115795,38.43627396428827,37.80502021554726,38.0933723449707,943300
2016-10-25,38.18689266584938,38.61552045833775,37.94530105017326,38.584346771240234,2407800
2016-10-26,39.99492414605139,41.55357279702108,38.51420673847563,38.771385192871094,4371900
2016-10-27,39.12209047474728,39.27795596924568,37.103639901854905,37.29067611694336,1892600
2016-10-28,37.32964854361411,37.71931083332663,37.05688315708294,37.30626678466797,1255000
2016-10-31,37.32185732921164,37.72710650739341,37.31406539071614,37.688140869140625,865500
2016-11-01,37.789435574452256,38.202476490754634,37.789435574452256,38.1868896484375,1328100
2016-11-02,38.17131049360211,38.17131049360211,37.42315974902359,37.50109100341797,1418800
2016-11-03,37.37639160548814,37.758261809227385,36.69838031701401,36.92438507080078,1400400
2016-11-04,36.90101399830701,37.23612377215927,36.4723861165781,36.636043548583984,2155900
2016-11-07,37.29067845316546,37.391991476869634,36.95556865951008,37.31406021118164,1287500
2016-11-08,37.17377388070354,37.766059107171294,36.94776909482131,37.54005432128906,863400
2016-11-09,36.939983044789194,38.358353418292715,36.70618331296286,38.140140533447266,1027400
2016-11-10,38.34275135905884,38.95062328570884,38.31157767746502,38.55316925048828,1118300
2016-11-11,38.55317837415094,38.958427412115654,38.46745221592367,38.92725372314453,727400
2016-11-14,38.98960462111327,40.89895028170051,38.98960462111327,40.7119140625,2573500
2016-11-15,40.71190792150469,41.14832768240095,40.49369506816991,41.08598327636719,2159900
2016-11-16,40.98467637900813,41.07040255135404,40.680740293699614,41.031436920166016,950500
2016-11-17,41.24183877247323,41.2885992987207,40.439135728984965,40.53265380859375,918900
2016-11-18,40.50927272468076,40.50927272468076,40.24430237014229,40.29885482788086,618300
2016-11-21,40.478114311412405,40.735292828809165,40.27549124521955,40.66515350341797,682100
2016-11-22,40.89894178112181,41.12494655749532,40.63397138158754,41.062599182128906,913600
2016-11-23,41.039228821311774,41.31199121227618,40.73529273626941,40.93791580200195,605100
2016-11-25,40.953505685907054,41.23406300763895,40.83660878377698,41.14054489135742,285500
2016-11-28,41.093779721875144,41.74841240794485,41.000261616118614,41.202884674072266,1552000
2016-11-29,41.16390837907761,41.28860014540838,40.454723400655176,40.51707077026367,1321600
2016-11-30,40.88334806414774,41.03921350347385,40.610585774991534,40.64955139160156,1433500
2016-12-01,40.63396758657417,40.95349042326894,40.04947437509207,40.16637420654297,961000
2016-12-02,40.033896607849,40.29886704270155,39.9871390429783,40.14300155639648,954700
2016-12-05,40.40797728696687,40.70412145246935,40.21314614677342,40.626190185546875,833300
2016-12-06,40.7041184818826,41.03143631942133,40.00272821210601,40.15079879760742,1313400
2016-12-07,40.11182857086921,40.44693830697884,39.854650087065046,40.2598991394043,1493700
2016-12-08,40.259899942825506,40.711909539300315,40.135208152916384,40.18196868896485,1123900
2016-12-09,40.213119066163685,40.3767793731072,38.34274316360099,38.981788635253906,2172400
2016-12-12,38.75347930263288,39.32037088897159,38.75347930263288,39.092041015625,960800
2016-12-13,39.10777979037261,39.61955988851185,38.87157474642762,39.13927459716797,1683500
2016-12-14,39.233761518369015,39.87151487732079,38.46215372024985,38.493648529052734,1452500
2016-12-15,38.61961374034038,39.22587512099805,38.595994142233394,38.97392272949219,1374600
2016-12-16,39.013295312417306,39.27312294282715,38.2889328340199,38.57238006591797,2987100
2016-12-19,38.5723862040358,38.97393451078419,38.44640997020197,38.887325286865234,962600
2016-12-20,38.88733152608937,39.17865105041229,38.72198825581237,39.16290664672851,754500
2016-12-21,39.13927115061614,39.51719978835026,39.084156745332606,39.4069709777832,751100
2016-12-22,39.50933621445767,39.91875974559578,39.367612568928685,39.71404647827149,1018400
2016-12-23,39.745543099765285,39.91088635924444,39.375486563636194,39.7376708984375,617000
2016-12-27,39.87938690185547,40.202201157572624,39.44634082411657,39.87938690185547,1050200
2016-12-28,39.651056192190985,39.72191800840063,38.71410517747347,38.753475189208984,946100
2016-12-29,38.71409953158853,38.92668494921499,38.43065531159636,38.5881233215332,951700
2016-12-30,38.682615883917336,38.83221172628798,38.107849116690666,38.1787109375,750700
2017-01-03,38.21019847566025,38.86370219495749,38.21019847566025,38.72985076904297,1145500
2017-01-04,38.77709135430245,39.4069724405739,38.77709135430245,39.23375701904297,1524900
2017-01-05,39.22588145539332,39.22588145539332,38.61961997683345,38.96605682373047,886900
2017-01-06,38.8873197755583,39.202261817262894,38.45427672084693,38.61174774169922,1013700
2017-01-09,38.5959918045208,38.6117392034748,37.84800687350695,37.86375427246094,1507100
2017-01-10,37.84014960056749,38.07635467102211,37.525207504287714,37.73779296875,1461500
2017-01-11,37.58818776650002,38.01335558605881,37.58818776650002,37.99760818481445,916800
2017-01-12,37.816524835402795,38.28893795289341,37.57244757803405,38.084224700927734,895500
2017-01-13,38.23381871813724,38.45427634305866,38.06060029655048,38.20232391357422,754500
2017-01-17,38.147206275195565,38.296802078930114,37.55669225546656,37.74565505981445,743200
2017-01-18,37.73778283319992,37.94249303834376,37.53306962454647,37.60393142700195,754200
2017-01-19,37.659062126378814,37.92675902625748,37.367739611492,37.485843658447266,594300
2017-01-20,37.58818671376356,37.84801131824423,37.32048690712643,37.6905403137207,869400
2017-01-23,37.72990669996246,37.99760650224307,37.57243870151114,37.93461990356445,1215200
2017-01-24,38.30467268198807,38.674726047533426,37.966111111046466,38.64323425292969,1250300
2017-01-25,38.60387799864747,39.29674878628747,38.60387799864747,39.170772552490234,1434700
2017-01-26,39.20225340364378,39.28886259669991,38.611739454816686,38.64323425292969,1070700
2017-01-27,38.66687046073149,38.78497149912659,38.35192835132344,38.58026123046875,858700
2017-01-30,38.367670952522694,38.367670952522694,37.12365608351582,37.281124114990234,1757000
2017-01-31,37.37560789058507,38.0369838232544,37.02917101891868,38.021236419677734,4925400
2017-02-01,38.12358969823117,38.359797746267965,37.635432205741296,37.895259857177734,1377100
2017-02-02,37.95037417676858,39.225883816973045,37.87951236322888,39.21013641357422,1886300
2017-02-03,39.18651614499398,39.39910158200419,38.98180290779451,39.24163055419922,1306500
2017-02-06,38.84795647077288,39.61168904235649,38.84795647077288,39.57231903076172,1325600
2017-02-07,39.64317560816282,39.76127962032016,38.91093794121079,38.9975471496582,1040000
2017-02-08,38.97393066262348,38.97393066262348,38.28105994319403,38.46215057373047,1493000
2017-02-09,38.38341870397352,38.78496699348598,38.32830429175632,38.682613372802734,738900
2017-02-10,38.65899716236796,39.414857661517175,38.580263132888795,39.19439697265625,913700
2017-02-13,39.36759988327056,40.05259528025681,39.19438148266113,39.63529968261719,849300
2017-02-14,39.6195599057663,39.72191652614074,39.37547965826112,39.56444549560547,772300
2017-02-15,39.55658184551088,40.02899203571447,39.40698298258818,40.01324462890625,1008500
2017-02-16,39.94237072284127,40.123461341114165,39.76128010456838,40.1155891418457,965800
2017-02-17,39.91087904467469,40.225821103257154,39.721916212333255,40.00536346435547,1309400
2017-02-21,40.01324333588625,40.52502352832767,39.60381978263524,39.721923828125,3161600
2017-02-22,42.75321376245359,43.887002584938095,41.81626594699227,42.63511276245117,10284800
2017-02-23,42.91070188458875,43.23351621899293,41.10766433226528,41.1864013671875,2547200
2017-02-24,41.08404382091419,41.80053430365564,40.666748057282234,41.753292083740234,1299700
2017-02-27,41.737527339803826,41.737527339803826,40.91080835751354,41.42258834838867,1175500
2017-02-28,41.3281325515642,41.5328428726141,40.28882452592904,40.63526153564453,1545700
2017-03-01,41.22575411540174,41.38322512723753,40.666734876718934,41.21000671386719,1106900
2017-03-02,41.25726647361683,41.25726647361683,40.71399140179294,40.721866607666016,801500
2017-03-03,40.67460563438074,40.82420143839329,40.37541102284601,40.56437683105469,579800
2017-03-06,40.80845144302207,41.08402341353558,40.540751670162145,40.75333404541016,1267100
2017-03-07,40.76908871255548,40.926559725283994,40.39116008411288,40.55650329589844,1034400
2017-03-08,40.63523837377746,40.99741958339203,40.36753856590808,40.93443298339844,1044800
2017-03-09,40.92656640915173,41.202141477309254,40.7218561616295,41.02892303466797,923900
2017-03-10,40.87932273138631,41.45409245163898,40.800588716740535,41.3438606262207,1072800
2017-03-13,41.42336648994434,41.62213504898048,41.05763306923005,41.2245979309082,1007400
2017-03-14,41.16893666960841,41.28024656034028,40.58853293010143,40.88270950317383,1058600
2017-03-15,40.91452387776637,41.439272808910694,40.63624907828371,41.26435852050781,938900
2017-03-16,41.34386537528432,41.66984573096303,41.0814893891935,41.63009262084961,863300
2017-03-17,41.71755128287988,41.92426927525043,41.33591596644879,41.63009262084961,3170800
2017-03-20,41.701660296917126,42.01173888274273,41.518793516378146,41.86067581176758,916900
2017-03-21,41.92426991341424,42.0276304276568,40.874772019011495,40.96223068237305,941500
2017-03-22,41.097386924305816,41.12919062224409,40.47722997934729,40.71575164794922,740100
2017-03-23,40.77140067357912,41.17689018090393,40.731647573421256,40.930416107177734,837600
2017-03-24,40.95426855257192,41.14508768503708,40.477225270859826,40.62828826904297,690800
2017-03-27,40.238709258725315,40.644195801604646,39.91272892959717,40.36592102050781,935500
2017-03-28,40.421578628292075,40.71575527803,39.97633591636257,40.556739807128906,1035100
2017-03-29,40.59649992133434,40.77936666922261,40.31027265230292,40.516990661621094,767800
2017-03-30,40.50904376120568,40.779369195038015,40.25462018030093,40.62035369873047,716000
2017-03-31,40.516987179400495,40.87477123494012,40.40567725833658,40.63624954223633,735200
2017-04-03,40.69985246294111,40.874769780083064,39.75371513460589,39.94453430175781,789000
2017-04-04,39.97633876535475,40.024044319915255,39.57085216697861,39.74576950073242,980100
2017-04-05,39.76166636508464,40.10354857354539,39.56289778030364,39.61060333251953,783800
2017-04-06,39.66625952183045,40.055847294570114,39.491342191257374,39.817325592041016,587800
2017-04-07,39.83320411787757,40.24664294035957,39.79345102653567,40.047874450683594,957100
2017-04-10,40.04789547131461,40.52494191671242,40.0160948013292,40.18305969238281,763900
2017-04-11,40.21486350518924,40.286417287577926,39.610605279295,39.74576950073242,1199800
2017-04-12,39.761675841345536,39.81733384867947,39.101765559741835,39.18922424316406,788100
2017-04-13,39.13355340963291,39.44363186485472,38.64060521792743,38.712162017822266,1048600
2017-04-17,38.807568805665845,38.95068238959564,38.5610947371274,38.94272994995117,859400
2017-04-18,38.95863012559307,39.23690484187481,38.855269645416875,39.16534805297851,726100
2017-04-19,39.340271490534526,39.61059684286629,39.29256594613454,39.41978073120117,893200
2017-04-20,39.539043472777585,39.825270698073005,39.42773355915551,39.73781204223633,946700
2017-04-21,39.86503324100148,39.96044132769281,39.61060965451234,39.71397018432617,711100
2017-04-24,40.06378583418494,40.19099757655178,39.76960924864298,39.98427963256836,1130800
2017-04-25,40.063786130160395,40.413620698979024,39.92067253981954,40.342063903808594,1076900
2017-04-26,40.12739915162473,40.3818226739555,39.45953664726455,40.206905364990234,1894200
2017-04-27,40.35796762856255,40.81911214976483,40.11944595996062,40.71575164794922,977000
2017-04-28,40.73164825680653,40.80320505147811,40.1591938994339,40.42156982421875,1233200
2017-05-01,40.596490759433955,41.31205573755417,40.46927900557031,41.20869827270508,1746300
2017-05-02,41.13714591755772,41.645992988006746,40.66009951428592,40.73960876464844,1993300
2017-05-03,39.6583136179742,40.46133746182483,38.82348606885053,40.29437255859375,2166800
2017-05-04,39.9047687065004,40.930415041901945,39.57878844094259,40.88270950317383,1940700
2017-05-05,40.99402874562462,41.74934684429072,40.63624473243316,41.73344802856445,1574300
2017-05-08,41.86861394539972,42.0276294174195,41.073539618268725,41.31206130981445,871600
2017-05-09,41.35182189941406,41.48698613661852,40.882727840236974,41.35182189941406,920000
2017-05-10,41.383611386200215,41.868607132101396,41.383611386200215,41.8368034362793,1148500
2017-05-11,41.69369699043751,41.77320624363225,41.32001411580984,41.63009262084961,545000
2017-05-12,41.58239411617696,41.677802203212195,41.35182179228742,41.463134765625,579400
2017-05-15,41.51879233988284,41.74936164526537,41.343874975207015,41.653953552246094,808600
2017-05-16,41.61418960618517,41.94811936135879,41.542632796795424,41.82090759277344,1006400
2017-05-17,41.55852661123893,41.73344389658474,40.54878206641336,40.62828826904297,1366700
2017-05-18,40.54880142211914,41.13715791451492,40.183067862694855,40.54880142211914,1016500
2017-05-19,40.78731347719092,41.15304694964003,40.58059548105776,40.72370910644531,696400
2017-05-22,40.87476495329776,41.518776154297306,40.803208153186695,41.36771011352539,624200
2017-05-23,41.51878794406738,41.51878794406738,40.89067841284057,41.089447021484375,684700
2017-05-24,41.14509153161683,41.56647990428959,40.89861742767508,40.93837356567383,619600
2017-05-25,41.12124726022943,41.45517703877573,40.97813363143301,41.407474517822266,481300
2017-05-26,41.67778693710057,41.900409769263064,41.502872680433185,41.661888122558594,742000
2017-05-30,41.59034330776327,41.797061319006325,41.32001788815733,41.43132781982422,673000
2017-05-31,41.51083257524452,41.84476539137136,40.97813419745274,41.37567138671875,1313800
2017-06-01,41.558542124004234,42.003784910642814,41.40747906943302,41.932228088378906,668400
2017-06-02,41.99582162721262,42.37745690311884,41.73344870195041,42.09918212890625,607900
2017-06-05,42.075326680749455,42.95785955891157,42.05147542446426,42.60007858276367,1268600
2017-06-06,42.62392621736418,42.83064416452887,41.987867495741405,42.01171875,999800
2017-06-07,42.06738491506977,42.06738491506977,41.184851876583934,41.25640869140625,787700
2017-06-08,41.34386735762997,41.34386735762997,40.94633017149891,41.25640869140625,756300
2017-06-09,41.30411424561047,41.35181676684665,41.00198513491981,41.25640869140625,989600
2017-06-12,41.3359233929876,41.3756765102432,40.96223741825447,41.272315979003906,756600
2017-06-13,41.296171243453266,41.49493988195597,40.94633953155725,41.03379821777344,525900
2017-06-14,41.19279932934845,41.224599995331424,40.81116404084384,41.12124252319336,1835500
2017-06-15,40.75989462386147,41.62712792336873,40.75989462386147,41.51470947265625,901700
2017-06-16,41.20957149759482,41.651216723979246,41.12927347940604,41.22563171386719,950300
2017-06-19,41.346089379870776,41.65925599662859,41.26578828379595,41.58698654174805,751100
2017-06-20,41.44244736287306,41.67531594521748,40.9285326040258,41.24169921875,816500
2017-06-21,41.370171971560765,41.45046999241725,40.95261552412615,41.0891227722168,521500
2017-06-22,41.19351195975853,41.48258973107599,40.95261483805166,41.26578140258789,571300
2017-06-23,41.506675026030294,41.57091588676343,41.12927069032806,41.17744827270508,1158400
2017-06-26,41.26576994155631,41.522727208433494,41.08911067188865,41.19350051879883,845800
2017-06-27,41.24971983209211,41.281840264111544,40.55914585953921,40.60732650756836,735000
2017-06-28,40.77595003652696,41.17744620644368,40.767921460924605,40.91246032714844,906700
2017-06-29,40.96868271165022,41.330029993333,40.54309761498698,40.904441833496094,949900
2017-06-30,40.80005118643701,41.15336679372856,40.68762966017875,40.976707458496094,852600
2017-07-03,41.153363271811834,41.65121773565552,41.08109382841734,41.61106872558594,721200
2017-07-05,41.58698026048632,41.924235623541016,41.426381155767025,41.81181716918945,1345200
2017-07-06,41.63515651560688,41.73954638981055,40.91246516225153,40.936553955078125,1132600
2017-07-07,41.145335062624106,41.25775351709244,40.936555307320226,41.0891227722168,931200
2017-07-10,40.93655397094683,41.265780746787826,40.3423412843914,40.3583984375,3086400
2017-07-11,40.47081926852969,40.62338672587113,40.14159249824437,40.39051818847656,1222800
2017-07-12,40.55914586182863,40.800046038815005,39.99705361732174,40.39051818847656,2248900
2017-07-13,40.35037095348066,40.60732829459823,40.069324818874925,40.342342376708984,1330300
2017-07-14,40.52702849298038,40.543088708991,40.23795073113512,40.39051818847656,867700
2017-07-17,40.59126350042644,40.840192236700766,40.46278484435613,40.63141250610352,806400
2017-07-18,40.47884784571559,40.679595951092715,40.14962107542404,40.3182487487793,1288500
2017-07-19,40.99276006886856,41.50667469798054,40.74383439342716,41.48258590698242,2027100
2017-07-20,41.586981397552925,41.586981397552925,41.0650350587375,41.21760559082031,955000
2017-07-21,41.16942282138127,41.54683024890085,41.16139118159362,41.4263801574707,713600
2017-07-24,41.30593765748974,41.70743395181549,41.16943038774234,41.4986572265625,774100
2017-07-25,41.47456486303308,42.32573497338682,41.3621433372223,42.20528793334961,1557400
2017-07-26,42.333775032155714,42.333775032155714,41.803799986354136,41.95636749267578,750000
2017-07-27,41.94030215967076,41.94030215967076,41.24972804954697,41.65925598144531,1061300
2017-07-28,41.65924870820466,41.78772737627301,41.15336261254732,41.209571838378906,773300
2017-07-31,41.35411005709733,41.386230489390584,40.27810008065759,40.302188873291016,1401700
2017-08-01,40.543094011055445,40.77595951573024,39.98902720733573,40.141597747802734,1606300
2017-08-02,41.00883116461624,42.37391917487069,40.91247291188464,41.932273864746094,3343100
2017-08-03,41.82787705576943,42.09286297276717,41.54683092210923,41.61106872558594,1426200
2017-08-04,41.68334477867217,41.811823469171465,41.3701781620285,41.65925598144531,1104200
2017-08-07,40.976694064822425,41.90816496428737,40.976694064822425,41.83589553833008,986700
2017-08-08,41.85999467796708,41.93226411650829,41.45046683850926,41.56288528442383,1030700
2017-08-09,41.47455903632169,42.03665127054108,41.45849882060501,41.98044204711914,1453000
2017-08-10,41.77166225614515,42.09285735702326,41.056999557463435,41.18547821044922,1583600
2017-08-11,41.45849709818908,41.57894411630079,40.88034160909986,41.121238708496094,918400
2017-08-14,41.33001155974056,41.779685253565866,41.161380861383776,41.59499740600586,651300
2017-08-15,41.57091767607888,41.731516771651464,41.25775112445748,41.27381134033203,733800
2017-08-16,41.45850783609182,41.876064346007915,41.257759690738325,41.65925598144531,689300
2017-08-17,41.611067028994086,41.78772634190513,41.09715236944158,41.11321258544922,612500
2017-08-18,41.137303422634574,41.241693300286514,40.86428586328014,41.0891227722168,717000
2017-08-21,41.03291218955757,41.22563172168948,40.840195720598686,40.936553955078125,770200
2017-08-22,41.073064246354456,41.54682990519497,40.920493723382044,41.51470947265625,917200
2017-08-23,41.402295131451154,42.21331622292944,41.33805425999729,41.7877311706543,1512300
2017-08-24,41.81182063100473,42.34179557623655,41.69940216734546,41.900150299072266,1297800
2017-08-25,42.08483225881443,42.3979988098959,42.012562819090014,42.181190490722656,627700
2017-08-28,42.22134923769927,42.39800551360064,41.69940286125465,41.79576110839844,654300
2017-08-29,41.546828883701046,41.7154565556238,41.22563069255706,41.3460807800293,870100
2017-08-30,41.26576657044957,41.63514222851374,41.17743694283161,41.53878402709961,743200
2017-08-31,41.61909585452562,41.755603086601184,41.18547924115713,41.35410690307617,957000
2017-09-01,41.52273906552899,41.88408628250147,41.4183522519827,41.61106872558594,796300
2017-09-05,41.506678863721554,41.7315188339033,40.93655495627932,41.321990966796875,937400
2017-09-06,41.43441661137922,41.96439160071638,41.22563988480491,41.84394454956055,1029900
2017-09-07,41.94029618769466,42.02059727230597,41.56288874795447,41.723487854003906,677300
2017-09-08,41.49865948184435,42.21332243447538,41.48259926161767,41.964393615722656,740400
2017-09-11,42.19726333880629,42.19726333880629,41.74758941317083,41.876068115234375,989400
2017-09-12,42.124992466814305,42.28559160480924,41.482598978008326,41.76364517211914,1622200
2017-09-13,41.8528390130348,42.71243805681267,41.82040049611673,42.60701751708984,1184900
2017-09-14,42.10422701540391,42.54213768446646,41.97447604977505,42.42049789428711,927300
2017-09-15,42.37995989583709,42.607026468461,42.16911567858762,42.55836868286133,1152700
2017-09-18,42.728665156587375,42.728665156587375,42.379958769493776,42.56647872924805,678600
2017-09-19,42.58268710521407,42.60701753966912,42.039355867331224,42.12044906616211,870300
2017-09-20,41.86095253471037,42.34752107118178,41.86095253471037,42.31508255004883,639400
2017-09-21,42.331302674647304,42.47727292921739,42.00692364371207,42.16911315917969,649200
2017-09-22,42.233980717819875,42.56646775777975,42.20965028518387,42.501590728759766,461800
2017-09-25,42.57458826546076,43.588268938447925,42.517822395254115,43.14225006103515,1045700
2017-09-26,43.34498870132592,43.66936467932863,43.25578430198504,43.5315055847168,1058700
2017-09-27,43.62880604399261,43.91263842671299,43.38552335416602,43.81532287597656,735800
2017-09-28,43.75045542463411,43.88020641801983,43.52338886607833,43.82344055175781,476900
2017-09-29,43.750462407692126,43.91265194868845,43.344990101955425,43.76668167114258,780400
2017-10-02,43.83964884440009,43.95318054851969,43.45850404327834,43.92074203491211,717900
2017-10-03,44.05860215546248,44.188353110450215,43.81531640804204,44.13158416748047,722600
2017-10-04,44.139703132226096,44.496517548037794,44.00184097812357,44.41542434692383,782700
2017-10-05,44.48840648067291,44.520844996345176,44.12348091312769,44.431640625,874700
2017-10-06,44.41541604352451,44.4316352994166,43.50715936811465,43.65312957763672,1213400
2017-10-09,43.67747293249913,43.96130228093219,43.51528340760544,43.72612762451172,843200
2017-10-10,43.68557845987345,44.07483144073172,43.68557845987345,44.00184631347656,659200
2017-10-11,44.00994343697046,44.253226085630914,43.86397322907284,44.09914779663086,619700
2017-10-12,44.10727534677048,44.39921589142884,44.00185168486427,44.35866928100586,865200
2017-10-13,44.37487700707125,45.00741262704249,44.31811114853574,44.73979949951172,1343000
2017-10-16,44.72358703613281,44.942539312316846,44.52895900968224,44.72358703613281,839500
2017-10-17,44.88577326257622,45.11283980807632,44.72358685030011,44.76413345336914,592500
2017-10-18,44.7154828496056,44.869564296905715,44.49652744568546,44.66682815551758,759000
2017-10-19,44.53706670188315,45.080401079719245,44.25323738820516,44.96686935424805,801900
2017-10-20,45.06417364597522,45.3074563126443,45.0236270504482,45.25069046020508,742900
2017-10-23,45.34800290817132,45.396660678907914,45.13715875532664,45.25069046020508,785400
2017-10-24,45.40477761437205,45.76159203118664,45.177711082301535,45.7453727722168,1007100
2017-10-25,45.68860820848364,45.97243751473812,45.4696528464413,45.85890579223633,1229500
2017-10-26,45.98865415088184,46.02109266789126,45.526416110773035,45.79402923583984,653400
2017-10-27,45.802138163347166,46.01298543429107,44.780349606757454,45.6480598449707,821600
2017-10-30,45.58318279891942,45.89945061175278,45.33990010393277,45.81024932861328,773600
2017-10-31,46.00487471614451,46.29681519050727,45.5831832635658,45.907562255859375,1574000
2017-11-01,46.7266172126381,49.01348025884498,46.71850912947754,48.494476318359375,3488700
2017-11-02,48.41338648588994,48.42149456961542,47.26184370588557,47.73219299316406,2387500
2017-11-03,47.81328685466717,48.31607467070048,47.53756560163552,48.291744232177734,1112200
2017-11-06,48.3728446002062,48.69722057050745,47.87816791997568,48.089012145996094,1071100
2017-11-07,47.91059736753598,48.19442667446151,47.69164200497595,48.01601791381836,832200
2017-11-08,48.080904156739784,48.49448452508339,47.772744354861246,48.37284469604492,828100
2017-11-09,48.007908309672665,48.478254445318505,47.84571881363683,48.42959976196289,1233900
2017-11-10,48.28362355963596,49.500039989360374,48.22685770706271,49.329742431640625,1644900
2017-11-13,49.31353483362092,49.31353483362092,48.69721529781692,49.12701797485352,1404400
2017-11-14,49.0783566592988,49.69467305722589,48.843182035106466,49.26487350463867,1099300
2017-11-15,49.07025139339189,49.29731796188004,48.745875442492554,48.891845703125,937500
2017-11-16,49.06213739968131,49.4027325711261,48.83507395205146,49.26487350463867,859100
2017-11-17,49.20811098779943,50.075821328521535,49.151345122033135,49.83253860473633,1060000
2017-11-20,49.8163123690841,50.1163609166249,49.58113776183258,49.88929748535156,957400
2017-11-21,50.1893387328292,50.77321957804316,50.07580703370577,50.675907135009766,1125000
2017-11-22,50.57859321232657,50.57859321232657,49.66222841530144,49.89739990234375,1030700
2017-11-24,50.027157185714614,50.505614488845936,49.637904258447875,50.108253479003906,317200
2017-11-27,50.1487985899476,50.34342659455599,50.01093644220266,50.0352668762207,562600
2017-11-28,50.205560068085894,51.0813813721773,50.205560068085894,51.02461242675781,807500
2017-11-29,50.9678544828027,51.21114027846879,50.5218356799272,50.60293197631836,959600
2017-11-30,50.69212896840295,50.82999111383713,50.2947679770191,50.34342575073242,1354100
2017-12-01,50.43263884376806,50.546173675696885,48.94861197318169,49.65413284301758,1120300
2017-12-04,49.90551610648799,50.15690687547104,49.32974635967926,49.34596252441406,1090700
2017-12-05,49.556810420912505,50.35153552387642,49.28919729676272,49.88929748535156,1348600
2017-12-06,49.97038052534476,50.18122774881194,49.63789352849875,49.84062957763672,1011200
2017-12-07,49.75953906041701,49.93794778313579,49.524364488379845,49.686553955078125,902300
2017-12-08,49.72711870411535,50.52995515596463,49.72711870411535,50.49751663208008,968100
2017-12-11,50.32721293809158,50.54616830758182,49.97039540551152,50.246116638183594,1081000
2017-12-12,50.2785570148088,50.343434057130935,49.41084668154997,49.573036193847656,892300
2017-12-13,49.54058658498313,49.621679776228646,49.27297348556043,49.329742431640625,1188800
2017-12-14,49.50148092372524,49.64868531580547,48.61825769090628,48.626434326171875,1261400
2017-12-15,47.95584329540832,48.22571908432331,46.93359219132931,47.72686004638672,5300600
2017-12-18,47.84135118097183,48.36474324175436,47.661433990204294,47.94766616821289,1650500
2017-12-19,48.15211223088388,48.42198487407948,47.85770344218869,47.90677261352539,1190000
2017-12-20,48.21753700559331,48.225716761043046,47.93130795810543,48.08668899536133,988200
2017-12-21,48.37292513894675,48.691866995126496,48.04580352664486,48.389278411865234,1240600
2017-12-22,48.430162272707655,48.62643270917968,48.31567066482191,48.3974494934082,493700
2017-12-26,48.34839031864357,48.86360578029288,48.26661147315262,48.47106170654297,355800
2017-12-27,48.528299104672534,48.855420669220265,48.47922993409164,48.626434326171875,403800
2017-12-28,48.63462705680371,48.945389194406616,48.63462705680371,48.87996673583984,415300
2017-12-29,48.87994947053171,49.051686873229826,48.569184323033575,48.71638870239258,497100
2018-01-02,48.773639030804375,48.95355620442482,48.4056280482455,48.69186019897461,885400
2018-01-03,48.79001260416254,49.3134047993933,48.70823374353157,49.28887176513672,655100
2018-01-04,49.26433873088014,49.36247398757002,48.89632761871365,49.28887176513672,1096000
2018-01-05,49.38699549772071,49.476954095221714,48.75728843487653,48.85542678833008,843000
2018-01-08,48.740925895526736,49.378812633874475,48.38927130582525,49.346099853515625,1263400
2018-01-09,49.50148215158105,49.550551323379075,48.85542188105092,48.94537734985352,975000
2018-01-10,48.93719631289024,49.64868208182549,48.79816856513148,49.45241165161133,759000
2018-01-11,49.44424757578276,50.368363576756,49.41153478715323,50.22933578491211,915800
2018-01-12,50.27022351039962,50.687300606613626,50.188441546667406,50.67094421386719,1483300
2018-01-16,50.82632552357391,51.227046204480665,50.1802620849464,50.25386428833008,1612800
2018-01-17,50.56462663445308,51.603230939514056,50.54009048827078,51.55416488647461,1099900
2018-01-18,51.472384907867166,51.7995064991129,51.415139097348565,51.71772766113281,820000
2018-01-19,51.930359018145765,52.26565727442129,51.56234797597434,52.23294448852539,1216000
2018-01-22,51.86494365229073,52.38016233237795,51.63596034528626,52.37198257446289,1038200
2018-01-23,52.41286405180125,52.85447734858108,52.2165935552302,52.76451873779297,861300
2018-01-24,53.02621011986397,53.12434847912697,52.15116648057486,52.5109977722168,1385400
2018-01-25,52.699080638587475,52.772679708854234,51.95487898504909,52.134796142578125,1248000
2018-01-26,52.4455730152539,52.829940462522586,52.32290474376136,52.8135871887207,912300
2018-01-29,52.29019805429734,52.76452104143861,51.938543352952735,52.10210418701172,1092900
2018-01-30,51.881301818320615,51.97126044047365,51.37426599851517,51.57871627807617,1185900
2018-01-31,51.65231025145088,51.96307550024109,51.11256172442745,51.47239303588867,3278100
2018-02-01,51.349724231856655,51.67684275173347,50.68730431563663,51.259765625,1298500
2018-02-02,51.20250501691254,51.799499184926006,50.940809028733,51.038944244384766,975200
2018-02-05,50.80180036137931,51.34972868720012,49.70594682940111,49.71412658691406,1510100
2018-02-06,49.06805496910683,51.15344668136129,48.389278711262655,50.957176208496094,1589800
2018-02-07,51.84857192172144,52.21657978566395,49.96762758766545,51.586875915527344,1630100
2018-02-08,51.603237968594875,51.832224352732894,49.96763609168647,49.99217224121094,1293300
2018-02-09,50.499202649152046,50.82632423806425,48.74910932369587,50.06576919555664,1387400
2018-02-12,50.34382467957555,51.030777562442914,50.32746828716646,50.67912292480469,1169800
2018-02-13,50.72000726928883,51.17797685191524,50.098476898605654,51.05530548095703,1126700
2018-02-14,50.85903557168649,52.50281396678656,50.45013513194726,52.339256286621094,1091700
2018-02-15,52.67455925039744,53.18977157404266,52.282012070958885,53.05074691772461,1340600
2018-02-16,52.98532150328155,53.5741391545029,52.84629684655589,53.32879638671875,1156300
2018-02-20,53.32061752490172,53.94214797153996,52.89536379151294,53.04256820678711,2661900
2018-02-21,49.771358360607074,51.676832647308025,49.117118329114525,50.59733581542969,3992800
2018-02-22,50.88357440888547,51.21069290616899,48.87178176809175,49.38699722290039,2014400
2018-02-23,49.272511154908315,49.73048084639787,48.716406215122184,49.35429000854492,1643900
2018-02-26,49.48513369593168,49.82043195782702,49.10894601081262,49.59962844848633,1415200
2018-02-27,49.46058977741251,49.689572992786175,49.10893519971019,49.24796295166016,1357600
2018-02-28,49.427891919355346,49.64052192895832,48.43835344601389,48.446533203125,861600
2018-03-01,48.37292810315224,48.90449685613776,47.65326238378601,48.135765075683594,1362500
2018-03-02,47.972203577485786,48.67551289326934,47.30160704840449,48.59373092651367,936800
2018-03-05,48.25842980809574,48.97809547467129,48.13576154471108,48.74093246459961,937400
2018-03-06,48.765465732401616,48.92084677137555,48.332029158989826,48.91267013549805,921200
2018-03-07,48.55282915296217,49.117113661222994,48.471050326670984,49.05986785888672,897200
2018-03-08,49.476958916175,50.80179562025946,48.71640376094835,48.97809982299805,841000
2018-03-09,49.100766443939975,49.90221094601809,49.01898448270986,49.87767791748047,965100
2018-03-12,49.934916429731416,50.20478906317674,49.599618236867606,49.89402389526367,691300
2018-03-13,50.29475107650567,50.523734310757085,49.81224846171692,50.008522033691406,912100
2018-03-14,50.33839627658915,50.42911145076169,49.45599018474734,49.69514465332031,883000
2018-03-15,49.84358184998896,49.97553032238596,49.1178668247553,49.216827392578125,871500
2018-03-16,49.24980985170841,49.711627881085846,49.07662494479249,49.571434020996094,2888900
2018-03-19,49.2992882904791,49.48071859869544,48.952924770319925,49.34877014160156,905400
2018-03-20,49.439485243817565,49.596173053358534,49.233315583206064,49.47247314453125,934700
2018-03-21,49.43124558506387,49.62916987903997,49.0518940963346,49.07663345336914,704400
2018-03-22,48.76324843122965,49.01889679398493,48.10350615426539,48.11175155639648,921800
2018-03-23,48.3591691518769,48.40040246680941,47.550984224778574,47.56747817993164,747300
2018-03-26,48.05403466402603,48.62306191073143,47.88085286884177,48.40039825439453,788900
2018-03-27,48.416901323003145,48.93644995226533,47.67469214138634,47.946834564208984,781600
2018-03-28,47.996305530250154,48.54059339813763,47.69942066669336,48.00455093383789,720300
2018-03-29,48.33443064143312,48.878718587447274,47.99631241960463,48.59832763671875,736200
2018-04-02,48.482874610943675,48.482874610943675,47.24585622713875,47.880859375,849700
2018-04-03,48.11176405549844,48.58183074657424,47.69117922776225,48.49111557006836,699200
2018-04-04,47.93858073912248,48.98592321915936,47.72416248398734,48.92819595336914,1054600
2018-04-05,49.17560275500992,49.3075512506709,48.82099058306475,49.19209671020508,1183600
2018-04-06,48.903456477871515,49.19209597059661,47.73241398972465,48.177738189697266,748800
2018-04-09,48.400399380709565,48.79624484144235,48.14475095688844,48.251956939697266,671200
2018-04-10,48.8539680442423,49.21682554322452,48.581822560580925,48.96117401123047,645700
2018-04-11,48.77150337395568,49.03540033636445,48.672542799527385,48.895206451416016,678400
2018-04-12,49.02716838239227,49.20035022162628,48.853986543158264,48.903465270996094,595500
2018-04-13,49.15909747084371,49.15909747084371,48.49935514457991,48.680782318115234,655100
2018-04-16,48.98591128285516,49.23331423965761,48.59831132479513,49.010650634765625,708700
2018-04-17,49.43124309800094,49.57144012124268,49.192088651599946,49.41474914550781,918100
2018-04-18,49.44773563172035,49.79410233233851,49.2992932094411,49.464229583740234,733100
2018-04-19,49.3652706941091,49.3652706941091,48.46637072684421,48.84572219848633,578800
2018-04-20,48.944674041578494,49.06013168905367,48.309674282910805,48.6065559387207,573800
2018-04-23,48.623067452808414,48.656055364003485,47.6746886002028,47.90559768676758,1066300
2018-04-24,48.03755564836854,48.39216789881827,47.336579699842865,47.550994873046875,900700
2018-04-25,47.59221364534368,47.814877302839506,47.01493784582488,47.69117736816406,795800
2018-04-26,48.07877047021763,48.639552271590986,47.96331594862307,48.6230583190918,974000
2018-04-27,48.35916057479535,49.101372695541414,48.21071815064614,48.870460510253906,1082900
2018-04-30,48.79624290186223,48.85397331187238,48.28494292864333,48.38390350341797,908400
2018-05-01,48.095260280374504,48.73850864294243,47.757142148011944,48.647796630859375,1238200
2018-05-02,50.264165628289184,51.509429037344525,49.75286573310416,51.088844299316406,2673000
2018-05-03,51.13009249455923,51.13009249455923,49.50547403280205,49.76937103271485,1794000
2018-05-04,49.480733644827666,49.7116427284821,49.23333060578359,49.390018463134766,1528300
2018-05-07,49.357019413547334,49.357019413547334,48.705525625136026,48.96117401123047,879900
2018-05-08,49.34876869447299,49.464223197807065,48.79623238378941,49.13435363769531,765600
2018-05-09,49.15911137195661,49.37352650891189,48.88696581584753,48.99417495727539,880500
2018-05-10,49.084878186351986,49.1096175414629,48.722020679159954,48.8127326965332,857000
2018-05-11,48.7467640168236,49.13436405669268,48.65604884613934,48.895206451416016,709500
2018-05-14,48.87871200347728,49.10137565311301,48.58182713729629,48.9776725769043,668200
2018-05-15,48.87046155440653,48.98591922246698,48.416888869104014,48.84572219848633,799700
2018-05-16,48.75500056316035,49.48071865089192,48.67253395710195,49.225067138671875,746300
2018-05-17,49.134370775654446,49.53846167826972,49.07664035795189,49.266319274902344,626300
2018-05-18,49.22507912900231,49.39001552719398,48.878715524109914,49.282806396484375,538700
2018-05-21,49.579690042157594,49.94255073827023,49.48897486812943,49.81884765625,512700
2018-05-22,49.73637580757756,50.13222122420034,49.73637580757756,49.86832427978515,518200
2018-05-23,49.75286822724048,49.82708629129003,49.2003318540856,49.711631774902344,692400
2018-05-24,49.670409308886406,50.04151543962512,49.57144872265619,49.91781234741211,546200
2018-05-25,49.91780815527479,50.18170512699331,49.90131420130488,49.94255065917969,463900
2018-05-29,49.66215116804563,50.21468437418971,49.571436009807165,49.84357833862305,765900
2018-05-30,49.95905296584975,50.38788325716383,49.84359526875688,50.22294998168945,711900
2018-05-31,50.22294169480481,50.22294169480481,49.37352036594518,49.55495071411133,1187200
2018-06-01,49.88483168640181,50.857949965203574,49.72814067058836,50.62704086303711,974800
2018-06-04,50.65176637929502,50.72598759125995,50.18169975215039,50.31364822387695,572000
2018-06-05,50.30539685374349,50.93215123362721,50.148709045247394,50.87442398071289,744400
2018-06-06,50.965154080248375,51.0806086199354,50.5858025510195,51.03937530517578,662000
2018-06-07,51.130097135369155,51.17957900705666,50.58580913040932,50.660030364990234,715900
2018-06-08,50.66002219497075,51.039373712360984,50.371385854760824,51.006385803222656,640700
2018-06-11,50.973402333485915,51.53418421946717,50.80846592950903,51.344505310058594,566300
2018-06-12,51.3362544228807,51.58365742947363,51.17956658608182,51.43521499633789,561800
2018-06-13,51.60015293072868,51.77333472594928,51.24554079047698,51.32801055908203,734800
2018-06-14,51.418718900825176,51.54242197191769,50.849691694779125,51.08060073852539,1039400
2018-06-15,50.90592112059898,51.09723383969859,50.44843390770423,50.93919372558594,1542200
2018-06-18,50.73957161932409,51.14715318093319,50.6397569570518,50.95583724975586,866300
2018-06-19,50.6231214083599,50.731255811718654,50.14067804956771,50.68134689331055,846000
2018-06-20,50.86434180248449,51.14715265354896,50.61480038980047,51.105560302734375,759300
2018-06-21,51.0306963939984,51.0306963939984,49.924409080788685,50.00758743286133,735700
2018-06-22,50.29872308354903,50.523308464454175,49.98263960230648,50.099090576171875,946000
2018-06-25,50.04918285618754,50.07413890336502,49.40038274449366,49.66655731201172,590800
2018-06-26,49.857857093547814,50.25711884079656,49.791315055531506,50.11571502685547,519100
2018-06-27,50.24880879267722,50.55657250114822,49.88281960349685,49.891136169433594,698900
2018-06-28,49.857870020054136,50.73957525698207,49.84123371297424,50.706302642822266,908400
2018-06-29,50.73958206176758,51.08893503814451,50.28209466139474,50.73958206176758,1058300
2018-07-02,50.53161558821106,50.81442640319879,50.0741283450678,50.67301940917969,708700
2018-07-03,50.739572085603015,50.79779757021783,50.37358287187405,50.42348861694336,355900
2018-07-05,50.55657353393158,50.55657353393158,49.98263528105016,50.39021682739258,704500
2018-07-06,50.49003122929131,51.14715100515296,50.448442052867954,51.03069686889648,672400
2018-07-09,51.11387612677884,51.970625180677395,50.93087995097502,51.8957633972168,1148900
2018-07-10,51.79595320386811,52.669338637416864,51.77100033158271,52.65270233154297,1264100
2018-07-11,52.40316603954055,52.44475521924744,51.72109333858426,51.80427169799805,998000
2018-07-12,51.978962592439565,52.61944307941712,51.72110454550258,52.461402893066406,1066400
2018-07-13,52.5029767002746,53.08523469090678,52.41147860806873,52.59447479248047,692800
2018-07-16,52.64438605979447,52.8107459464137,52.27007710816393,52.7691535949707,740300
2018-07-17,52.56952421546652,53.46786252540607,52.53625160356667,53.28486633300781,941500
2018-07-18,53.29318342504146,53.35972864553537,52.96046366867345,53.27655029296875,1257400
2018-07-19,53.42628347997954,54.29966585824475,53.35141850692671,54.09171676635742,1085000
2018-07-20,53.94197505176429,54.17487694108944,53.67580055737832,53.692440032958984,912600
2018-07-23,53.684136249404126,53.70076938382743,53.08524187252685,53.1268310546875,1101600
2018-07-24,53.09356364629342,53.268240121889065,52.594483922097005,52.802433013916016,1183900
2018-07-25,52.70260104595681,52.819051991478325,52.32829216888746,52.74419021606445,1001900
2018-07-26,52.67764347885645,53.118494354157384,52.41978557031346,52.910545349121094,880600
2018-07-27,53.0270051529025,53.151775846011894,52.21184529759257,52.344932556152344,888700
2018-07-30,52.39483610081489,52.53623991034,51.44658591103095,51.48817825317383,854200
2018-07-31,51.57135838588646,52.0787545164034,50.99742021711584,51.9456672668457,1922800
2018-08-01,53.23495790939923,53.94198342491313,51.88744892577177,53.650856018066406,2602000
2018-08-02,53.56768053812266,53.94198631755468,53.14346266762501,53.675811767578125,1568100
2018-08-03,53.70907976358449,54.299654297272625,53.60094854342232,53.99189376831055,1555200
2018-08-06,53.99188713240577,54.34123996639351,53.64252795231751,53.692440032958984,1326300
2018-08-07,53.625909468755395,54.07508024059982,53.41796038990717,53.93367004394531,1214300
2018-08-08,53.925352060763245,53.925352060763245,53.20168704336086,53.59263229370117,965200
2018-08-09,53.71740441315044,54.08339045505786,53.46786299476194,53.79226303100586,1002100
2018-08-10,53.534410288038586,53.65918100205474,52.81074839667771,53.09355926513672,889600
2018-08-13,53.076918431089595,53.25991144350648,52.73588210465942,52.852333068847656,996300
2018-08-14,52.93551098092229,53.584311017732034,52.810743451640064,53.38468170166016,1042000
2018-08-15,53.043646943066875,53.16841447603022,52.7358832207629,52.93551254272461,1094200
2018-08-16,53.20168611348268,53.98357660049714,53.04364597206845,53.617584228515625,1179900
2018-08-17,53.58431269008347,54.50760703162126,53.55935981805841,54.35788345336914,2796900
2018-08-20,54.33292322415065,54.72386842254359,53.76730159913336,53.81720733642578,1419900
2018-08-21,53.94198836612885,54.09171195280813,53.734039292746616,54.01685333251953,1070200
2018-08-22,54.03348171352462,54.48265243405512,53.97525623194297,54.04180145263672,1291000
2018-08-23,53.95029861982374,54.11665531083798,53.675804368159376,54.066749572753906,996300
2018-08-24,54.06674789446263,54.141606499265045,53.69244217824897,53.85047912597656,814500
2018-08-27,54.174874995573546,54.73218317770257,54.07506353007605,54.6656379699707,802200
2018-08-28,54.73220827372795,55.3061435018025,54.607437538545405,55.21464538574219,963900
2018-08-29,55.339401203477045,57.11944459701162,55.28949546129805,56.65364074707031,1765200
2018-08-30,56.637018597488854,56.91983269726923,56.221120362479176,56.32925796508789,791900
2018-08-31,56.38747666579025,56.80337485065718,56.246072806000136,56.67860412597656,842900
2018-09-04,56.686908177475,56.828311998129095,56.046421596228456,56.55381774902344,964400
2018-09-05,56.72018646236928,57.30244127987721,56.5455100171169,57.16103744506836,1185600
2018-09-06,57.18598618187646,57.48543330811692,56.83663331662962,57.418888092041016,969300
2018-09-07,57.38561566769377,57.38561566769377,56.420735415909014,56.4955940246582,1223300
2018-09-10,56.81167421697876,56.95307802605744,56.20446029255208,56.58708572387695,1084500
2018-09-11,56.42904157634789,56.94475741734045,56.42904157634789,56.89485168457031,798000
2018-09-12,56.911486646971184,57.327384689722095,56.69522423393307,56.93643951416016,1031000
2018-09-13,57.229844997799255,57.96754157780605,57.09572241682996,57.51486587524414,985700
2018-09-14,57.62384910829964,57.69929826732154,57.17955800217665,57.607086181640625,903600
2018-09-17,57.57354550414303,57.699289820355986,57.238229459449,57.28852462768555,850200
2018-09-18,57.17116591919168,58.017837507065686,57.00351109187602,57.82503509521485,837000
2018-09-19,57.81665919864933,58.26933497576141,57.81665919864933,58.00108337402344,845700
2018-09-20,58.36154606681405,58.763920264738374,58.269333980701695,58.436988830566406,863900
2018-09-21,59.02378003897414,59.30879449740275,58.58786729645601,58.7136116027832,3604100
2018-09-24,58.87289509584836,58.939953190928875,58.252558150284216,58.411834716796875,883300
2018-09-25,58.49566051542508,58.67170000193632,58.02622188472843,58.36153793334961,677700
2018-09-26,58.47053306734451,59.032183964726265,58.23581367116252,58.31964111328125,905800
2018-09-27,58.45374605023486,58.65493310754178,58.26932191619467,58.33638000488281,835500
2018-09-28,58.10166320891121,58.780679949464115,58.00945113791787,58.72200012207031,1130800
2018-10-01,58.965099164536674,59.325562797683226,58.44536536485212,58.55434036254883,938700
2018-10-02,58.487291591259655,58.487291591259655,58.06814801661916,58.22742462158203,871000
2018-10-03,58.436979473713215,58.64655120029903,58.05975292410737,58.1771125793457,903100
2018-10-04,58.23579224967221,58.23579224967221,57.280145690671795,57.95915603637695,864500
2018-10-05,58.24417775008836,58.654936548241295,57.146017540873096,57.5064811706543,593400
2018-10-08,57.338829860624834,57.80826851586264,56.3915614940774,56.87776947021485,843600
2018-10-09,56.91130982232652,57.1879460959741,56.03949048440936,56.3580436706543,960700
2018-10-10,57.347217232440954,57.347217232440954,54.09465955130723,54.15333938598633,1805300
2018-10-11,54.128187920516034,54.27907982682474,52.51029385672557,52.78693008422851,1709300
2018-10-12,53.56654091720544,53.56654091720544,51.89834836963987,52.4683837890625,1554300
2018-10-15,52.468373225793826,52.69471105539189,52.09114350979704,52.12467575073242,1062400
2018-10-16,52.80369137518066,52.98811231216319,52.082764154964465,52.921051025390625,954200
2018-10-17,52.81208256517551,52.87914706211242,52.29234550515934,52.85399627685547,1134600
2018-10-18,52.644417158275424,52.93781949462499,51.89834232215325,52.21689224243164,1039100
2018-10-19,52.25881567828517,52.552214871451774,51.75584471919631,51.94865036010742,979400
2018-10-22,52.10791959540655,52.71986871935942,51.898347846197574,52.48514938354492,1142500
2018-10-23,51.94026695036376,52.67796047957437,51.68878146475898,52.443241119384766,1386200
2018-10-24,52.527066594546774,52.93782865740892,51.45406019038473,51.54627227783203,1279100
2018-10-25,51.672004963346055,52.51029187890406,51.37860582202507,52.09953308105469,1216000
2018-10-26,51.68038827011457,51.92348903892501,50.75827076845832,51.604942321777344,1152000
2018-10-29,52.04923069291929,52.55220152426381,51.09358419467837,51.78097915649414,980400
2018-10-30,51.772605247331946,52.96297448547234,51.621716524846335,52.85399627685547,1758000
2018-10-31,53.42401177693581,55.880195296956515,52.87074267487733,55.46105194091797,3126100
2018-11-01,55.896980473037466,56.961602207191774,55.76285147580277,56.517311096191406,1878300
2018-11-02,56.9532208067666,56.9532208067666,55.18443472573276,55.45268630981445,1339300
2018-11-05,55.394014833037495,55.536522109538815,54.069519638720806,54.362918853759766,1434100
2018-11-06,54.295847704502805,54.68146536350658,53.84317833990651,54.11980819702149,1256500
2018-11-07,54.379676535738746,55.15089899176606,54.195252384162245,55.10898208618164,1107100
2018-11-08,54.99999782967348,55.94725961762292,54.9664655899734,55.81313705444336,1032200
2018-11-09,55.70416963629541,55.92212605115668,55.008396273921434,55.41915512084961,970400
2018-11-12,55.33532646363126,55.43591681007464,54.89103537851369,55.03354263305664,730200
2018-11-13,54.740137233844955,55.37723067422646,53.6755092872432,54.471885681152344,942200
2018-11-14,55.058691319761266,55.32694290834045,53.70904871595348,53.82640838623047,886500
2018-11-15,53.45757108606749,54.8239800141472,52.81208960713181,54.67308807373047,958600
2018-11-16,54.39643297787184,55.24310448392416,52.85398505182843,54.89102554321289,815900
2018-11-19,54.689846440274394,55.08384238491973,53.80126419617913,54.354530334472656,841300
2018-11-20,53.826402974223335,54.337758512853846,53.407259509484994,53.96891021728515,981700
2018-11-21,54.337767607437414,54.823975642860376,53.910239411074265,54.589256286621094,1181800
2018-11-23,54.30422708069554,54.96647453236522,54.24554725057907,54.48026657104492,476800
2018-11-26,54.84073499289213,55.25150023513923,54.706612396199766,55.21796798706055,805500
2018-11-27,55.07544261621796,55.10897485716248,54.67306851612579,54.790428161621094,949000
2018-11-28,54.90780224580973,55.71255705323542,54.68146755444297,55.64549255371094,732800
2018-11-29,55.57842458955226,55.84667614443656,55.13412715574312,55.31017303466797,703300
2018-11-30,55.21796342181369,55.93050604661344,55.176046516275306,55.88021087646485,1792400
2018-12-03,56.425095105512696,57.50648608731248,55.9975733465577,57.48133850097656,1179900
2018-12-04,57.59869907399708,57.59869907399708,55.477833984664954,55.66225814819336,1368300
2018-12-06,55.410776147159,55.410776147159,53.41565514739637,54.51380920410156,1759800
2018-12-07,54.522185586371485,54.82396940882695,54.044362266754,54.220401763916016,982500
2018-12-10,54.27070083380555,54.55572175131729,53.18931298941693,54.42997741699219,849600
2018-12-11,55.11736991993044,55.55327634324623,54.606014341342906,54.81558609008789,866400
2018-12-12,55.40239175652615,55.94727965446112,55.09222962055594,55.55328369140625,871500
2018-12-13,55.59553616499296,56.254670527959895,55.48568258689334,55.85749816894531,694300
2018-12-14,55.6208765872397,55.79833531126041,54.78428361766109,55.04624557495117,652100
2018-12-17,54.277255859444246,54.84343459431237,53.16179323330182,53.33080291748047,1135200
2018-12-18,53.5758639190461,54.26034842897572,53.43220456695784,53.7110710144043,1067300
2018-12-19,53.61812989215808,54.3026178090016,52.451966367622106,52.544921875,1562300
2018-12-20,52.38435953629528,52.91673575401345,51.64916780471724,52.49421310424805,1112700
2018-12-21,52.70547817745318,53.57587708991373,51.72522568922726,51.82663345336914,1487400
2018-12-24,51.69141909257605,52.02098946509105,50.9477815547571,51.1674919128418,587300
2018-12-26,51.64071768314491,52.60406878855826,50.68581561216856,52.56181716918945,899100
2018-12-27,52.02942831426834,53.2124927838416,51.55620188172077,53.20404052734375,694000
2018-12-28,53.23784752942788,53.6519210952593,52.840675254405056,53.08573913574219,560500
2018-12-31,53.27165860182217,53.78713677107371,52.95898950741548,53.508270263671875,688100
2019-01-02,52.561819186306934,53.297007707032066,52.03789199412517,52.83223342895508,844100
2019-01-03,52.65477800908968,52.730832221107896,51.699875841214805,51.87733459472656,855700
2019-01-04,52.40126430616994,54.11670867561703,51.97029256668057,53.84629440307617,903300
2019-01-07,53.837835912598734,54.57302765309602,53.67727846423314,54.235008239746094,877200
2019-01-08,54.716688396936746,54.9194974830805,54.07445532602513,54.74203872680664,802400
2019-01-09,54.76737190465949,55.80678023409599,54.50540998179888,55.5025634765625,956500
2019-01-10,55.10540138666357,55.82368857807756,54.927942653291915,55.815242767333984,546500
2019-01-11,55.46876922630089,56.28001188579537,55.215253074566064,56.254661560058594,628000
2019-01-14,56.12790936650342,56.305368112442395,54.93639880171767,55.57018280029297,790700
2019-01-15,55.66313533819748,56.06875346526139,55.63777856397008,55.99270248413086,567200
2019-01-16,55.96736168237954,56.5757889765259,55.84904939073402,56.34762954711914,795800
2019-01-17,56.55042102484949,56.91379070452453,56.161701021715274,56.65182876586914,835700
2019-01-18,56.99829634709,57.85179380708593,56.60113051742811,57.378570556640625,996200
2019-01-22,57.26872387852791,57.61519558691819,56.53353850727445,56.947608947753906,648900
2019-01-23,57.07434840064273,57.30250774717056,56.3053542438015,57.15885162353515,961600
2019-01-24,57.15041330606032,57.59829274627491,56.88845131704654,57.47998046875,649400
2019-01-25,57.801096704925,58.147561906780595,57.59828764902944,57.95320510864258,759900
2019-01-28,57.51379094193134,57.5391412737398,56.66029968418259,57.150421142578125,1215500
2019-01-29,57.28561475718236,58.198265118523175,57.049003133245826,58.03770446777344,944800
2019-01-30,58.18135119191102,58.60387372263976,57.64897512417839,58.39261245727539,785600
2019-01-31,58.42642919669153,58.772900850525595,57.47153036675076,58.46023178100586,2594300
2019-02-01,58.76446432179082,58.79826691515289,58.19828538914342,58.59545135498047,825700
2019-02-04,58.50250921789456,58.78982162475586,58.23209488612488,58.78982162475586,676700
2019-02-05,58.89965008318716,59.15316623162465,58.67994296487037,58.84894943237305,828200
2019-02-06,58.81514513163136,59.288374831747575,58.553183180498245,58.95880126953125,756800
2019-02-07,58.35037535340492,58.80669410129187,58.34192309594526,58.798248291015625,794300
2019-02-08,58.67994597521463,59.541889319190474,58.67994597521463,59.37288284301758,867300
2019-02-11,59.24612464131419,59.8038511692929,59.20386979876535,59.61794662475586,710700
2019-02-12,59.71933833040536,60.64044088297896,59.63483510607691,60.462982177734375,893900
2019-02-13,60.64045186681832,60.67425445210893,60.015113709717845,60.33623504638672,629900
2019-02-14,60.20100075644475,60.57282259954178,60.074242723827005,60.3277587890625,443900
2019-02-15,60.43763463321612,60.75030370285847,60.05736684210235,60.52214431762695,1446900
2019-02-19,60.699601672241016,60.699601672241016,59.87990675065726,59.972862243652344,1293600
2019-02-20,64.0882326395041,70.39227626894345,63.80092033133582,70.18946075439453,8418700
2019-02-21,69.53878229027322,70.35002504870427,68.541628524188,69.64863586425781,3144200
2019-02-22,69.78385889280035,70.72185991297673,69.24303028892027,70.19792938232422,1304300
2019-02-25,70.1387458536,71.68517999022612,70.05424262995992,70.60352325439453,1751400
2019-02-26,70.07961559412844,71.15282042017945,70.03736074506506,70.68804931640625,1058200
2019-02-27,70.39226387816352,71.3049077442497,70.37535936466804,71.12744903564453,1049200
2019-02-28,71.0514134495793,71.66829293488216,70.8148017868777,70.95845794677734,1424400
2019-03-01,71.01759103816198,72.25135611155113,71.00913878194369,71.5668716430664,1031100
2019-03-04,71.72744431759189,71.74434883438602,70.90775577423244,71.60913848876953,1174100
2019-03-05,71.3387257693786,71.68519745203757,70.85705018539768,70.95845794677734,1142000
2019-03-06,71.05985947115839,71.22887240729106,70.41762965540704,70.5528335571289,904300
2019-03-07,70.58662986798478,70.69648987849865,69.72468653549475,70.14720916748047,1579600
2019-03-08,69.7246833974885,70.51902152578701,69.53877241623245,69.86833953857422,1107000
2019-03-11,69.93594530729814,70.88239184231793,69.80073497533331,70.86549377441406,1162100
2019-03-12,70.80635461258437,71.44859091973643,70.44298483386231,71.43168640136719,1314100
2019-03-13,71.58379522084219,71.71055332056336,70.71339948844016,70.93311309814453,1452800
2019-03-14,71.06064384060097,71.57939727982104,70.12518905268152,70.6184310913086,1313100
2019-03-15,70.66946407839063,71.32428706602079,70.40583758340036,70.79702758789062,2808700
2019-03-18,70.84806135255361,71.51138391875193,70.63545763322591,71.39232635498047,1505100
2019-03-19,71.63894231815254,71.8515460222564,70.98412576429875,71.16271209716797,1252600
2019-03-20,71.30726958681828,72.25123040022605,71.08615995344057,71.6219253540039,835000
2019-03-21,71.19673530354825,72.05565615520534,71.12019458995965,71.93659210205078,673000
2019-03-22,71.62194753960057,71.91959147202881,70.86507875936114,71.07768249511719,976100
2019-03-25,70.99262370144,71.68996351252082,70.77151405749258,71.55389404296875,879100
2019-03-26,71.81753559826525,72.54039345266386,71.77501874622172,72.47235870361328,1599400
2019-03-27,72.54041061020241,73.73098655943342,72.31930086756567,73.04215240478516,1805800
2019-03-28,73.0506371993272,73.50135603349204,72.46384887431614,72.80401611328125,779900
2019-03-29,73.03362308457841,73.51835927695713,72.53188145042773,73.43331909179688,1320700
2019-04-01,73.73097661081877,74.86203009812604,73.696965720989,74.73446655273438,1190800
2019-04-02,74.58990078105158,75.16818325538267,74.20721661651484,75.04912567138672,1081300
2019-04-03,75.43177878743207,75.77194595375497,74.98956601291664,75.3127212524414,1275800
2019-04-04,75.18519228351313,75.21920317349608,74.4368229408587,75.00659942626953,862100
2019-04-05,75.27874599370811,75.27874599370811,74.84503894000031,74.9811019897461,660600
2019-04-08,74.9810864732996,75.84851337751685,74.66643708628956,75.77197265625,903500
2019-04-09,75.4828233211108,75.96755952235004,74.87052359572431,75.0321044921875,807900
2019-04-10,75.24468278708979,75.7549302231783,74.87900426839917,75.51681518554688,856900
2019-04-11,75.82298282266002,75.82298282266002,75.0150849108948,75.69541931152344,952800
2019-04-12,75.95053610790532,76.29920925530946,75.56785208147824,75.6443862915039,674500
2019-04-15,75.74645574057172,75.7634611839778,74.94706364931807,75.39778900146484,851700
2019-04-16,75.66990721397187,75.66990721397187,74.39428509058708,74.64089965820312,946500
2019-04-17,74.9470412301527,75.15964489396153,72.98258545276683,73.2972412109375,1233600
2019-04-18,73.06764926644453,74.02011632427426,72.68496514300591,73.5864028930664,1682600
2019-04-22,73.51833800566251,73.65440745306971,72.99958459168222,73.19518280029297,548400
2019-04-23,73.25474689306154,74.0286276501073,73.09316596837034,73.9350814819336,919600
2019-04-24,74.10514619705394,74.44531341947673,73.56938720123935,73.66293334960938,721000
2019-04-25,73.56088183019305,73.56088183019305,72.50636927150586,72.88905334472656,803800
2019-04-26,72.61692584608933,73.17820277936161,72.42133405769489,72.9655990600586,830400
2019-04-29,73.03361765131594,73.19519853280494,72.21722025584212,72.67644500732422,770700
2019-04-30,72.36179510038815,73.53537172355631,72.36179510038815,72.91456604003906,1498200
2019-05-01,69.73404364402612,70.75453924843367,67.10626389419264,68.08423614501953,3911000
2019-05-02,68.15225377032688,68.23729396794168,66.06873973208376,66.97868347167969,1692400
2019-05-03,67.40386117189175,67.71851041288367,66.73203287766145,67.65048217773438,949900
2019-05-06,66.76606037283977,67.61647507868817,66.34935249550655,67.4463882446289,790500
2019-05-07,66.80856990893318,67.3528347421024,66.17075894929907,66.6469955444336,1510900
2019-05-08,66.67252179532485,67.31883886172942,66.45141213005355,66.91063690185547,859000
2019-05-09,66.37488681414474,67.13175557061871,65.74557510459826,66.80859375,972300
2019-05-10,66.49392792649425,67.65899192109102,66.12824934345348,67.4463882446289,961300
2019-05-13,66.4258850440964,66.74904025694208,65.26081470427496,65.72003936767578,1120500
2019-05-14,65.77959511922487,66.7150502670832,65.41391643100783,66.32386016845703,974800
2019-05-15,66.07724420016189,67.4294074505094,65.83062955490045,67.20829772949219,832200
2019-05-16,67.14023664163568,68.10120938604216,67.13173716627128,67.53143310546875,897800
2019-05-17,67.09774852701973,67.35286914830878,66.27284489306616,66.45143127441406,2753600
2019-05-20,66.17078831660066,66.4599327871308,65.5159716288804,65.70306396484375,1454000
2019-05-21,65.82212699431591,66.54497849826409,65.70306940487278,66.0772476196289,993500
2019-05-22,65.6434957647926,66.41736956748926,65.16725924421631,65.6775131225586,1076000
2019-05-23,65.01421038880427,65.75407361788216,64.69956105784426,65.73706817626953,1008900
2019-05-24,66.06873111735781,66.54496135242584,65.9496735585908,66.03471374511719,889600
2019-05-28,66.13675864494279,66.22180531868241,65.19280415030568,65.36288452148438,2018700
2019-05-29,65.37138932834509,65.7030505879729,64.75058365705576,64.95468139648438,929500
2019-05-30,65.07374304073471,65.85612965264758,65.07374304073471,65.68604278564453,605300
2019-05-31,65.18430286140656,65.40541255032076,64.65704329188833,65.03973388671875,967400
2019-06-03,65.03125325459827,65.92418534741728,64.79313802984653,65.21834564208984,841200
2019-06-04,65.89013043786763,66.60447563498863,65.2948362854512,66.57896423339844,672000
2019-06-05,67.09772583019824,67.44639250779706,66.29833387996482,66.72354125976562,1013100
2019-06-06,66.6895123821867,67.14023108889103,66.25580560110251,66.6469955444336,948200
2019-06-07,67.2338049541219,67.43790921687945,66.50244756628553,67.1402587890625,756200
2019-06-10,67.63348470738507,68.7135150840756,67.63348470738507,68.17774963378906,1118900
2019-06-11,68.54343035099363,69.08769529416396,68.06720014775708,68.2117691040039,818600
2019-06-12,68.37335795413972,68.83258276996301,68.19477160712243,68.6114730834961,999400
2019-06-13,68.79856334297897,69.0281724999634,68.05019411516209,68.44989013671875,815100
2019-06-14,68.45846108483336,69.14364784296431,68.32998775088065,68.33855438232422,641700
2019-06-17,68.47558711620223,68.86100711413671,68.44133365962708,68.4841537475586,948700
2019-06-18,69.1093655390526,69.66607224906804,68.88667893439258,69.24639892578125,1487800
2019-06-19,69.2892475345085,70.00012764873999,69.00660750821042,69.90591430664062,618400
2019-06-20,70.23992788499241,70.86515463688936,69.40914122463649,70.00867462158203,785100
2019-06-21,69.94873627189115,70.19711631368895,69.38346273855073,69.55475616455078,1852100
2019-06-24,69.73458007925451,70.000093246694,69.51190004775296,69.64893341064453,579600
2019-06-25,69.78599713012426,69.83738384194723,68.53553051075552,68.68113708496094,875000
2019-06-26,68.75821314562187,69.33205317561698,68.69825980718095,68.71539306640625,638100
2019-06-27,68.9466423296543,69.17788906232146,68.51840231518439,68.74964904785156,562900
2019-06-28,68.58692794537234,68.62118793348786,68.06447456185367,68.34711456298828,2479100
2019-07-01,68.86100869256686,69.22929543623047,67.59341513420071,68.42420196533203,1423300
2019-07-02,68.12442450219623,68.62118450340346,68.09016451579322,68.54409790039062,777200
2019-07-03,68.51841244947515,68.99803924560547,68.34711903212147,68.99803924560547,536300
2019-07-05,68.67256982040848,68.9295164459979,67.24224972287354,68.30428314208984,703700
2019-07-08,68.00451268471794,68.42418605123972,67.59339941333269,68.04733276367188,748600
2019-07-09,67.66191553525591,68.150108841665,66.37719562002954,67.78182220458984,811900
2019-07-10,67.91888047262509,68.12443388492962,67.13948037706497,67.43924713134766,884200
2019-07-11,67.61056887516841,67.81612235371469,67.29366875598797,67.65338897705078,852800
2019-07-12,67.98739437181517,68.49272107618242,67.86748766930603,68.33855438232422,771100
2019-07-15,68.21864367895283,68.51841041764507,67.84179033063984,68.37281036376953,1059800
2019-07-16,68.21865107342902,69.64897147767321,68.05591774003189,69.42628479003906,1322800
2019-07-17,69.47766876220703,70.07720222445874,69.35776206975669,69.47766876220703,858500
2019-07-18,69.34916541653276,70.65957836988495,68.51837902534298,70.23133850097656,1001500
2019-07-19,69.84596717416079,70.00013388091944,69.16934699085486,69.44342041015625,1984600
2019-07-22,69.43483074640075,69.61469075555515,68.75821078753026,69.22071075439453,936700
2019-07-23,69.37487665243026,69.50334995311576,68.37279666904568,68.83529663085938,1038700
2019-07-24,68.60404972031925,68.6982630472304,67.71330969688384,68.08159637451172,1155300
2019-07-25,67.98739215694923,68.32998552485384,67.17373862579764,67.26795196533203,1091600
2019-07-26,67.24224438825043,67.79895767657824,67.01955776603457,67.05381774902344,1151000
2019-07-29,66.94249905860242,67.61911270158367,66.89110580051377,67.33647918701172,1220800
2019-07-30,67.01100353832746,67.3022101804143,65.43508323572742,65.60637664794922,1885500
2019-07-31,71.30196854211864,71.90150200017442,66.39433467902779,67.3107681274414,4002200
2019-08-01,67.07952032153501,67.50776036611438,65.25522008401974,65.72628021240234,1856700
2019-08-02,65.83763511433666,66.38578191781711,64.30453477714359,64.82698822021484,1076300
2019-08-05,64.23601509678497,64.72420855014353,63.62791493799978,64.53578186035156,1798900
2019-08-06,64.73277452415422,65.70059478938691,64.57004119654617,65.64920806884766,1459400
2019-08-07,65.11818786702479,66.31726144114049,64.42444100342887,66.17166137695312,1273600
2019-08-08,66.32583463837166,67.42212834571235,66.18022802534522,67.36217498779297,1484300
2019-08-09,67.29364317601656,68.03021660644724,66.91678982991023,67.6961898803711,1034300
2019-08-12,67.30220100886436,67.48206102751443,66.24016108765832,66.63414764404297,1621900
2019-08-13,66.6341600002089,68.21008038027927,66.6341600002089,67.739013671875,1221300
2019-08-14,67.21655595846994,67.25937603952504,65.49502926010693,65.52928924560547,1101100
2019-08-15,65.62351801282375,65.94897815000198,65.14388463741432,65.76055145263672,805500
2019-08-16,66.0688882411258,66.79689517185142,65.67490809666754,66.0945816040039,626800
2019-08-19,66.8225788322605,67.52489229813388,66.52281208483133,66.96818542480469,1423000
2019-08-20,67.22511586856024,67.51632247728236,66.65984244545412,67.40497589111328,835000
2019-08-21,67.91887190935249,68.75821871551837,67.90173864873927,68.62118530273438,907800
2019-08-22,68.8695558038653,69.30635587286906,68.56122249961356,68.75820922851562,754600
2019-08-23,68.48415950247556,68.80105954503945,66.96819234626601,67.1137924194336,1341400
2019-08-26,67.58483495310854,68.184368295132,67.17372170827578,67.62765502929688,1029200
2019-08-27,67.86748134764603,68.55266804195382,67.86748134764603,68.35567474365234,870600
2019-08-28,68.2700370846329,68.84387725984178,67.73045690212052,68.81818389892578,840200
2019-08-29,69.39202030606918,69.60614034797617,68.9466534940497,69.3063735961914,648400
2019-08-30,69.76030291930424,70.11146290381534,69.3235027643986,69.86308288574219,945800
2019-09-03,69.49480281200823,69.7688762142635,69.01517599166783,69.55475616455078,855600
2019-09-04,69.62327154564898,70.84803841040856,69.54618493494772,70.70243835449219,1129200
2019-09-05,71.6959343683147,71.84153438858392,70.54825439524193,71.13066101074219,919300
2019-09-06,71.18206006073588,71.91863345321268,70.93368005309377,71.48182678222656,872400
2019-09-09,71.93576190824471,73.63159538466562,71.73877514414218,72.92071533203125,1527600
2019-09-10,73.06630769439388,73.06630769439388,71.64455427311978,71.86724090576172,1152700
2019-09-11,71.79016846282074,72.33831525554618,71.55035505780653,72.08137512207031,1217500
2019-09-12,72.62951747008046,73.8714110419432,72.38113744882295,73.24617767333984,1025900
2019-09-13,73.53932058780593,73.93594410498277,73.11683132054966,73.58242797851562,599800
2019-09-16,73.5910776737359,73.91010405159189,72.96165560874182,73.34965515136719,728800
2019-09-17,73.34100920832292,73.73763274533736,72.92714402981585,73.47034454345703,708800
2019-09-18,73.16858104247673,74.12565350337181,73.16858104247673,74.0911636352539,722600
2019-09-19,74.1515296494664,74.40157629465358,73.66006047189727,73.7117919921875,620100
2019-09-20,73.96182522877194,74.07391894010674,72.94439718513372,73.31515502929688,4620900
2019-09-23,73.289305220292,73.52210364831726,72.75472203756647,72.84095001220703,658200
2019-09-24,72.93575383311435,73.28926993980426,72.0562854882745,72.25460052490234,760000
2019-09-25,72.14252806156284,72.75470841289771,71.21132136730574,72.6081314086914,1055800
2019-09-26,72.64261941548854,72.9788873945331,72.15115032471037,72.73746490478516,734400
2019-09-27,73.14270598467229,73.7203964010775,72.80643803612188,73.12545776367188,697800
2019-09-30,73.09097633097919,73.36688869439239,72.71160094270456,73.02200317382812,723000
2019-10-01,73.45311880444504,73.5652059440848,72.4615564581031,72.84955596923828,772700
2019-10-02,72.50464491705839,72.59949038669251,70.93539248075015,71.47859954833984,679900
2019-10-03,71.58207721675608,72.1080361731288,71.0130108606146,72.09941864013672,709400
2019-10-04,71.93558241007842,73.30651986875847,71.93558241007842,73.26341247558594,532700
2019-10-07,72.86677947552984,73.28064460325051,72.47015598718603,72.97886657714844,500400
2019-10-08,72.73746290484641,72.73746290484641,71.49585404511599,71.81488037109375,522700
2019-10-09,72.0994229435747,73.13409269555397,71.93559771117454,72.9530258178711,646600
2019-10-10,72.77196032777708,73.86698572653019,72.34084682652042,73.81525421142578,711500
2019-10-11,74.60849806389345,75.79837548305406,74.13427718115425,75.08272552490234,872600
2019-10-14,74.98787428972298,74.98787428972298,74.30671425165426,74.68609619140625,457000
2019-10-15,74.9706443837597,75.2465567950949,73.3065458027556,74.41020202636719,634100
2019-10-16,74.47054906009848,75.35864182594598,74.29809971151107,75.19481658935547,721100
2019-10-17,75.36725274202473,75.60867520950683,74.91026698198347,75.43622589111328,665000
2019-10-18,75.06546258100225,75.53968994901219,74.74644287731229,75.41035461425781,834700
2019-10-21,75.51383715752853,75.68627991461703,74.83267708397076,75.06547546386719,675600
2019-10-22,74.97062966677724,75.74663522703467,74.7464553991347,75.3758773803711,537800
2019-10-23,75.28965265802313,75.43622965226413,74.41880164695561,74.64298248291016,534700
2019-10-24,74.6257448082861,74.86716730064516,74.2291146242453,74.48778533935547,450300
2019-10-25,74.41018015400833,75.60005084471135,74.41018015400833,75.21205139160156,469200
2019-10-28,75.24653780409379,76.00530167746903,74.87577997822247,75.57418823242188,705300
2019-10-29,75.36727966691622,76.16914461540348,75.36727966691622,75.79839324951172,912300
2019-10-30,80.92001654116766,83.15318827565838,78.69546892007466,83.0755844116211,2894300
2019-10-31,82.12711108398437,82.60133850370347,80.15261072102437,80.83377075195312,1664300
2019-11-01,80.885489406546,82.5064799085232,80.44575849988748,81.44593811035156,1597400
2019-11-04,82.1012452939416,82.68755984066998,80.4888786458713,81.24764251708984,1447900
2019-11-05,81.06657100694795,81.54942254871791,78.74718509732985,80.43714904785156,1768000
2019-11-06,80.54064105907908,80.96313051971899,79.98880963230289,80.37681579589844,1370300
2019-11-07,80.8251647333337,81.91157269734049,80.23023252065067,81.87708282470703,1558500
2019-11-08,81.91156593622117,82.77379294607613,81.68738507174326,82.67894744873047,1076100
2019-11-11,82.84277277025502,84.15335493213422,82.66170588739297,83.46357727050781,1071900
2019-11-12,83.62739447301783,83.88606520304195,82.4288994752279,82.86863708496094,1199500
2019-11-13,82.68757156074463,83.35148346389414,81.97192156378021,82.67894744873047,614400
2019-11-14,82.54099490261848,83.67051018533677,82.4720151627488,83.42046356201172,946000
2019-11-15,83.2911361197702,83.40322985229207,82.39441915094872,82.4720230102539,939600
2019-11-18,82.17023819541765,82.92899560999398,81.91156745635269,82.86001586914062,1211000
2019-11-19,83.01521473449861,83.79122035227475,82.33405461324345,83.5670394897461,756700
2019-11-20,83.30838032877112,83.70500398423351,83.0238438221556,83.53255462646484,801900
2019-11-21,83.66188164756059,85.1535371965509,83.52392875338901,84.56722259521484,1473400
2019-11-22,84.58446968707293,84.86900618360394,83.1704178948384,83.80846405029297,733200
2019-11-25,84.4465235465662,84.7741674735468,83.92918202843698,84.2051010131836,679600
2019-11-26,84.29992930027858,84.77415677261233,83.83433251796704,84.748291015625,1162600
2019-11-27,85.07592910784686,85.07592910784686,84.32579589321676,84.61894989013672,571800
2019-11-29,84.45512366332294,84.76552587887562,83.98090280720083,84.23094940185547,524900
2019-12-02,84.67068900024105,84.87762821716134,82.92036923797765,83.5670394897461,948200
2019-12-03,82.88586398481682,83.56702397964821,82.75653522108261,83.1962661743164,1086500
2019-12-04,83.32560971115728,83.70499166413876,82.93761022525852,82.98934173583984,856300
2019-12-05,83.04108975230635,83.27389475273525,82.08401714670028,82.42890930175781,913000
2019-12-06,82.87725195396291,83.36009691267083,82.67893687262547,83.22213745117188,725100
2019-12-09,83.49804975487743,84.05849855497044,83.21351987764673,83.6360092163086,749600
2019-12-10,83.81709223139578,84.50687651496844,83.33424717985719,83.38597869873047,891000
2019-12-11,83.72224781805504,84.39478388524641,83.72224781805504,84.14473724365234,905100
2019-12-12,84.05851658863551,85.14492455653851,83.73949677760547,84.30856323242188,859500
2019-12-13,84.36925777652081,84.72484685024504,83.69277834702194,84.49935150146484,530500
2019-12-16,84.64678339671549,85.14113423132922,84.38660257772169,84.81156921386719,856700
2019-12-17,84.54271777400602,84.99370185201452,83.73614462441017,84.8896255493164,737300
2019-12-18,84.86361504794847,85.17583736466094,84.27386251825183,84.53404998779297,910700
2019-12-19,84.61209620522214,85.14113916975596,84.32589794941278,84.68148040771484,971800
2019-12-20,85.1845011010243,85.72221209762685,84.58607396806586,85.58345031738281,2049000
2019-12-23,85.55744307484656,86.08648607219598,85.17583655430806,85.50540161132812,486000
2019-12-24,85.50542284235077,85.59215643080343,84.95903696605552,85.37533569335938,164100
2019-12-26,85.38397022180774,85.51406393654501,84.87227665850664,85.05440521240234,666200
2019-12-27,85.0024002558092,85.49675125212683,84.67282851370177,85.44470977783203,482600
2019-12-30,85.40133866334683,85.54010047105767,84.6728176681263,84.95034790039062,429500
2019-12-31,84.7248420408638,84.96768011799243,84.52536412502738,84.61209106445312,794500
2020-01-02,84.66412868369153,85.40131756065506,84.45597609829585,85.28856658935547,828000
2020-01-03,84.36058860911585,85.14114439293945,84.36058860911585,84.74219512939453,503800
2020-01-06,84.47334072543761,85.04574389664438,83.91828029772826,84.724853515625,686200
2020-01-07,84.77686271931674,85.03705011097145,84.31720406198828,84.59473419189453,781200
2020-01-08,84.53404298135243,85.01971915960985,84.0917269665299,84.12641906738281,1080000
2020-01-09,84.70751398191456,84.81159030549944,84.02235973954421,84.47335052490234,750100
2020-01-10,84.58607965255146,84.6294464337654,83.61472727504072,83.69277954101562,387800
2020-01-13,84.10041147463636,84.6467972390312,83.86624142072255,84.63812255859375,559500
2020-01-14,84.47333894622665,84.66414220489088,84.04837226264674,84.37793731689453,788800
2020-01-15,84.83759974876547,84.88096653372233,84.09173604203556,84.29121398925781,736400
2020-01-16,84.77688443408287,85.62682439659716,84.68148280716264,85.40132904052734,699800
2020-01-17,85.34060770462024,86.06912190008383,85.0457281849033,85.89566802978516,1855000
2020-01-21,85.9910621437294,87.72562716279872,85.82627634952887,87.23994445800781,1115200
2020-01-22,87.56952167739564,87.86439457351524,86.79764072362275,86.91905975341797,502800
2020-01-23,86.8236461395622,87.43074120461476,86.41602233152408,87.21392059326172,500200
2020-01-24,87.26597198399195,87.56951955110955,85.99106558525732,86.37266540527344,423400
2020-01-27,85.2192017095997,85.96506537630631,84.56873967120501,85.36663818359375,923700
2020-01-28,86.5028012611427,88.82711987698089,85.87835646631393,88.39347839355469,826100
2020-01-29,88.76637370027204,88.76637370027204,87.17057687593082,87.18791961669922,568100
2020-01-30,86.61553510039003,86.87571596872944,85.14982505976047,86.1385269165039,516500
2020-01-31,85.83497610478986,86.0344474348295,83.98765958499324,84.08306121826172,618600
2020-02-03,84.5773806744291,85.78290935404974,84.47331101636107,85.0977554321289,702700
2020-02-04,86.11251017562955,86.5114594703942,85.60948456259655,85.73090362548828,585300
2020-02-05,86.04309261493411,86.71090381885156,84.73349423921191,85.02837371826172,775800
2020-02-06,85.39263692668871,85.62680691471735,84.80288454287957,84.86359405517578,615500
2020-02-07,84.70749319946356,84.97635531521678,83.1897485913123,83.43258666992188,734400
2020-02-10,83.27648519181702,85.0804348662444,83.12904871510649,84.74219512939453,591100
2020-02-11,84.62942457812147,85.219176919381,84.46463879227481,85.02837371826172,463400
2020-02-12,85.08043888514074,85.860994705835,84.07439430712337,84.82892608642578,391300
2020-02-13,84.60342140315609,85.42733723738935,84.29986719564162,85.2538833618164,474400
2020-02-14,85.11512631730142,85.38398184534155,84.62077542747551,85.14981842041016,373900
2020-02-18,85.37531218133195,85.61815028169762,83.98765455037048,84.23049926757812,1222700
2020-02-19,90.084646709648,91.56769917258453,88.27202262149814,89.91118621826172,2959100
2020-02-20,89.76377529601837,90.15404993317688,85.34930874981576,86.5634994506836,1307800
2020-02-21,86.14720427351327,86.39871708584495,83.69279229988877,83.76217651367188,944000
2020-02-24,81.93219004366031,82.99894395918302,80.50117239950035,82.70407104492188,1044300
2020-02-25,82.79082173100323,83.72748881587177,79.12221890719957,79.79002380371094,1183700
2020-02-26,79.31298657089788,81.12561054161522,78.33295967121177,78.38499450683594,970800
2020-02-27,77.69983996841658,79.14820684620888,76.76317984936352,77.43098449707031,1346200
2020-02-28,76.08671550118038,77.06674258710358,74.10063728973573,76.65911865234375,2043500
2020-03-02,78.05542432231681,81.1342798173221,77.53505615020276,81.06489562988281,1475000
2020-03-03,81.18632342206269,82.33981084972969,77.52638984967024,78.11614227294922,1399600
2020-03-04,79.29566326564826,81.1082810637741,78.1421756031087,81.01288604736328,881600
2020-03-05,79.03546776423819,79.30432989285057,75.56633706539913,77.5177230834961,1512800
2020-03-06,75.30617373620083,76.30355036730163,73.68435237547718,75.90459442138672,1114700
2020-03-09,70.97841779877102,72.55687877183698,69.00101416755047,70.388671875,1173800
2020-03-10,72.29669341358576,73.52823337899386,70.27592293854408,73.21601104736328,1289400
2020-03-11,71.4207251899947,72.0191523382792,68.92295353006025,69.8249282836914,1103500
2020-03-12,65.8701111959148,67.52662414737004,62.77391256107212,63.20755386352539,1602900
2020-03-13,65.62015225405747,67.936570321309,64.02925499067388,67.60440063476562,1430200
2020-03-16,60.31423877647123,64.24777608798023,59.0030596726349,61.931358337402344,1940400
2020-03-17,62.700567315541434,66.19704379016468,61.75651706683324,64.62362670898438,1600300
2020-03-18,61.52926056317425,62.901627677033744,57.359714194633426,62.68309783935547,1270500
2020-03-19,62.40335613887579,64.27397030319769,60.174349976184374,61.28448486328125,1091200
2020-03-20,61.93134436004619,61.93134436004619,57.43837217844455,57.71809005737305,1709000
2020-03-23,57.613206846539406,57.613206846539406,53.35624341166488,55.62021255493164,1658400
2020-03-24,58.25129006790556,61.896364724968066,57.01004267905914,61.511756896972656,1219900
2020-03-25,61.581705590136586,64.50126768939903,58.10271430893927,62.68309783935547,1551400
2020-03-26,63.07644538941911,65.51523211639388,62.13239504213838,64.88587188720703,1469500
2020-03-27,62.97153606316975,66.59038833348609,61.415605248366944,64.27397155761719,1260700
2020-03-30,64.57120772376845,67.50824967985581,63.294994096385615,67.03622436523438,1117700
2020-03-31,66.46802959208463,67.28970383379632,65.18307320779107,65.52397918701172,1023300
2020-04-01,62.92783286179764,65.10439424738485,61.37190191303219,62.42084884643555,1244300
2020-04-02,61.983791629677526,64.38761927286654,61.739032667683894,64.2127914428711,1345900
2020-04-03,64.116633963964,64.77222328193706,61.75651508686081,62.55195999145508,1112400
2020-04-06,64.99077181692113,66.59041181513874,64.78098504192579,65.94356536865234,1387900
2020-04-07,67.76171821914507,68.60087852939482,64.36139502605086,64.88587188720703,1484200
2020-04-08,65.28796020396935,67.94528316963242,64.72852449214552,67.62185668945312,1106100
2020-04-09,68.85437124431574,69.7022679943991,67.8403963695877,68.74948120117188,1327000
2020-04-13,68.67956110873878,68.67956110873878,67.16733160979085,68.02397155761719,1060200
2020-04-14,69.2477294289498,72.0361720259749,68.98549098113524,71.66903686523438,1030300
2020-04-15,69.87709101833718,70.2879281095904,67.87535724901852,68.12010955810547,1090000
2020-04-16,68.29495840952359,69.12537598791046,67.58692370428038,68.75824737548828,1122200
2020-04-17,70.78618856604866,72.77043657493243,70.38408779252897,71.77394104003906,2604900
2020-04-20,71.16206186139343,71.45051618808658,69.51871316034561,69.97325897216797,863600
2020-04-21,68.6795679675855,69.4575337790897,67.94531079812184,68.2162857055664,913100
2020-04-22,69.55365998845176,69.88582286217486,68.62709583032957,69.02044677734375,622700
2020-04-23,68.7669656575047,70.39282813458652,68.7669656575047,69.31766510009766,661300
2020-04-24,69.69353001165437,70.23547967285464,68.51346370123322,68.98548889160156,719200
2020-04-27,68.86311258968043,71.02218817731077,68.43479602983895,70.57638549804688,994100
2020-04-28,71.91378369873966,73.39979034115439,71.41553602115948,72.90154266357422,1092000
2020-04-29,75.2179860542754,76.48545666861136,72.21101282373716,72.47325134277344,1778600
2020-04-30,71.89630634762588,71.99245999601811,69.59737518379423,70.94351959228516,1527400
2020-05-01,69.70226254584078,70.9435168676881,69.24772350007993,69.7634506225586,1089200
2020-05-04,69.15157825917196,69.98198892540255,68.84563783840285,69.6847915649414,1029600
2020-05-05,70.0868585840137,71.49419064523099,69.85084939882127,70.5938491821289,1014400
2020-05-06,71.057147524103,71.45924153859676,68.74073040954116,68.81940460205078,813400
2020-05-07,69.29144894213854,70.08690087805995,68.1638406703197,68.2162857055664,950000
2020-05-08,69.49247682948837,71.22323579054519,68.6271006834601,71.1008529663086,1063900
2020-05-11,70.34913460677735,71.43304083182504,69.92955434633845,70.65507507324219,722200
2020-05-12,70.82987885500985,71.39805767800321,69.42254638671875,69.42254638671875,643600
2020-05-13,69.03793609356191,69.28268839806628,67.31592023387024,68.32989501953125,968900
2020-05-14,67.6131065527435,67.87534493289597,66.45052662653276,67.56940460205078,1062800
2020-05-15,67.5694086972757,69.31764688691803,66.87885381208704,68.20751190185547,2454700
2020-05-18,70.05192562728169,71.96624917753581,69.61486594322378,71.58163452148438,877200
2020-05-19,71.72148895263672,72.73546384052281,71.30190876761436,71.72148895263672,960100
2020-05-20,72.39453505655327,73.47844074539046,72.04488612399325,73.31236267089844,962500
2020-05-21,73.31238342532114,74.21272517997195,73.06762443493983,73.60083770751953,774100
2020-05-22,73.3036572444135,73.85435009432236,73.10260683755668,73.32987976074219,688800
2020-05-26,74.48368988135182,76.47668042039238,74.48368988135182,75.72493743896484,946000
2020-05-27,76.48544004501629,77.4731924699001,75.74243996123636,77.0361328125,1061700
2020-05-28,78.24243322794932,79.92074095832847,77.32460514499087,79.46620178222656,2095300
2020-05-29,79.26512330418134,79.6584742467142,78.35603860492786,78.81932067871094,2731700
2020-06-01,79.01161153629339,80.34901246578883,78.49588455574218,79.14273071289062,951200
2020-06-02,79.41372823751449,80.89973488361728,79.10778785034634,80.80358123779297,1003100
2020-06-03,81.72140365731155,84.36124742494339,80.97840365732259,83.67069244384766,1356900
2020-06-04,83.37347503510446,83.41718365648691,81.17944095689069,81.52908325195312,1226700
2020-06-05,83.5920221091729,85.03432021638642,82.31580879479628,84.37873077392578,1116700
2020-06-08,84.45740884625715,86.83500773127142,84.45740884625715,86.800048828125,1100200
2020-06-09,85.7773208618164,86.45913948879355,84.91194465892332,85.7773208618164,830000
2020-06-10,86.13570328223358,86.13570328223358,84.20390072869667,84.73711395263672,868500
2020-06-11,82.84029362643625,82.92771090271697,79.80710487294813,79.91199493408203,928200
2020-06-12,81.51356035388365,82.27915490742275,79.30478787426081,80.66876983642578,627000
2020-06-15,80.69516617996283,82.72794980836909,79.72717749271119,82.34075164794922,951400
2020-06-16,84.10073921133794,84.4439351626421,81.6455635270707,83.6607437133789,1059000
2020-06-17,84.31191127063815,84.9367038949745,83.58152405355551,84.45271301269531,838900
2020-06-18,83.80154770766835,84.46154097203039,83.08875041677425,83.7575454711914,729900
2020-06-19,85.13031550109903,86.53829956054688,83.43193284113451,86.53829956054688,3615800
2020-06-22,85.56153770384037,86.855118982712,84.47914569554453,85.82553100585938,1463900
2020-06-23,86.42390247770054,87.07509384119008,85.98390704300266,86.00151062011719,928700
2020-06-24,85.12154422305888,85.56153978425492,82.99196060438243,83.85435485839844,765700
2020-06-25,83.36156238228027,84.760745051041,82.77196322493253,84.68154907226562,591500
2020-06-26,84.4791491367267,84.79594648309339,83.0535610780766,83.47595977783203,872100
2020-06-29,83.51115615217853,84.68154591835365,83.22075747988559,84.61114501953125,1559000
2020-06-30,85.06872393863084,86.30071261737805,84.63753025089868,85.79911804199219,1003500
2020-07-01,86.24793009977199,86.80232207907545,85.39433765352746,85.4735336303711,780000
2020-07-02,86.29192521517898,86.9343216729772,85.48233501357517,85.82553100585938,577700
2020-07-06,86.94311013446635,87.51509889138134,86.42391197330261,87.18950653076172,819600
2020-07-07,86.25671346337775,87.60310531107592,86.1511188419258,86.87271118164062,580800
2020-07-08,87.14549763509743,87.42709445416521,85.67591444539364,86.39750671386719,547900
2020-07-09,86.4591087234398,86.67030466641225,84.52313136629672,85.2887191772461,758100
2020-07-10,85.03352132224556,85.48231857732372,83.83673311790247,85.43831634521484,779500
2020-07-13,86.01910683421869,86.80229816496609,84.7959200720942,84.91031646728516,809900
2020-07-14,84.28553314718384,86.20391371018799,83.88953990036208,86.09831237792969,724000
2020-07-15,86.08952501387603,87.81430664580604,86.08952501387603,87.51510620117188,785600
2020-07-16,87.47110667997569,89.2398904685697,87.28630937576416,88.91429138183594,1257000
2020-07-17,88.79108910511032,88.87908685824992,87.23350134796645,88.36869049072266,1191900
2020-07-20,88.3510891863317,88.37748783956734,87.5150937890152,88.17508697509766,648800
2020-07-21,87.99909434857612,88.68548621028732,87.77909661270468,87.83189392089844,693900
2020-07-22,87.84070283417644,89.28388756143315,87.8143041779386,89.18708801269531,768800
2020-07-23,89.23988189011949,90.11107101588492,87.55909602027317,88.17508697509766,687700
2020-07-24,85.35911720158786,87.31269807154318,84.63752493297171,85.13031768798828,1806700
2020-07-27,83.45834052552966,88.62388994588864,83.16794860738278,88.2542953491211,1657200
2020-07-28,88.57108691283798,88.59748556607296,86.82870194755226,87.43589782714844,1548100
2020-07-29,90.7446708773682,91.51025872134946,83.61673867807856,86.92550659179688,1807000
2020-07-30,85.86952559920017,88.4654964304287,85.43832516417815,88.00790405273438,1160700
2020-07-31,88.00791619647472,88.1399162108424,85.42954187585124,86.7583236694336,983600
2020-08-03,87.22470344880146,88.45668538047259,86.85510215550214,87.97269439697266,951700
2020-08-04,87.73510164343278,88.08709939272794,87.27750926900815,87.94630432128906,829300
2020-08-05,88.34229108002815,90.30467385585652,88.10469647720497,90.07587432861328,938800
2020-08-06,89.83825873602254,90.30465950577256,88.86147511181376,90.0494613647461,592000
2020-08-07,90.01427494390259,90.18147537256306,89.27507905585468,89.66227722167969,681200
2020-08-10,89.56548970334782,90.02308881780439,89.34549193665113,89.85588836669922,805500
2020-08-11,90.1638901028719,91.02628436174903,89.15189896365673,89.31909942626953,871000
2020-08-12,89.60067397993646,91.12306120477832,89.25747806293589,90.88545989990234,619900
2020-08-13,90.85027479324488,92.31986496008788,90.42788284585208,92.06466674804688,987200
2020-08-14,91.89744950103248,92.11744722494436,91.22865454047692,91.76544952392578,607900
2020-08-17,92.08226236110347,92.37266101710566,91.5630708674622,91.94146728515624,558300
2020-08-18,92.1526495706855,92.1526495706855,91.18466090822996,91.71265411376952,669800
2020-08-19,92.04703355634724,92.83902659517922,91.43104270047614,91.51023864746094,790600
2020-08-20,91.0526750049809,91.07907366226938,90.02308708793655,90.5862808227539,607900
2020-08-21,90.63027451902936,90.75347272642342,90.00548169187412,90.13748168945312,768500
2020-08-24,90.51587857338431,91.4310700572215,90.51587857338431,91.2022705078125,688800
2020-08-25,91.93266467959586,91.93266467959586,90.7710767796869,91.2022705078125,510900
2020-08-26,91.36065925023132,92.18785288340548,90.9998664555009,92.10865020751952,724400
2020-08-27,92.62784355114484,92.6894426452852,90.13746770527392,90.26066589355467,845800
2020-08-28,91.09666628146198,91.40466850559626,90.33988019055082,91.30786895751952,545400
2020-08-31,91.18465933279496,92.0206480009724,90.744663883481,91.17585754394533,770100
2020-09-01,91.00864669472838,91.55424340631669,90.41905447152944,91.51904296875,695700
2020-09-02,91.94145644569636,93.27903972159524,91.16706012098818,93.1118392944336,772700
2020-09-03,93.24383749605953,93.27023614957032,88.77348199108329,89.1518783569336,858400
2020-09-04,90.03186636246541,90.55986627075828,88.28948814925162,89.52147674560547,906300
2020-09-08,88.81748329476169,88.97588192796948,87.25990232971661,87.43589782714844,883200
2020-09-09,88.54468886423867,89.80307614948306,88.37748844087817,89.00228118896484,681400
2020-09-10,89.84706484423268,90.06706255771698,87.04869366016035,87.4710922241211,815500
2020-09-11,88.34229980953978,88.83509264263746,87.62950921683795,88.04310607910156,657700
2020-09-14,88.5477524557941,88.67170637074018,87.75975681578753,88.27327728271484,642700
2020-09-15,88.81339831010276,89.68993857860599,88.38841522990505,88.52122497558594,600300
2020-09-16,88.72484951555299,88.99046897333764,86.95407114361105,87.11344146728516,773900
2020-09-17,86.69730543242032,87.52071762622937,85.85618842750048,86.9452133178711,742000
2020-09-18,87.13997995040737,87.8659986284779,85.1035893923957,85.28952026367188,1403100
2020-09-21,84.50154662588471,84.50154662588471,82.54483732263024,83.456787109375,879000
2020-09-22,83.2531412634653,84.45727105610469,82.8989842500449,84.23592376708984,960000
2020-09-23,85.10362049055338,85.27183986128362,82.52713442927845,82.74848175048828,826500
2020-09-24,82.50057121529512,84.47499223006763,81.62403774249611,82.05787658691406,640400
2020-09-25,81.82766901830132,83.11148742345844,81.31414165623848,82.82816314697266,536100
2020-09-28,84.03228283083315,84.82912761786578,83.19115913176806,84.44841003417969,550600
2020-09-29,84.62549060145473,84.8025657169554,83.98800937768003,84.12081909179688,487600
2020-09-30,84.41299722489447,84.85569179415862,83.5541754347078,83.9880142211914,750800
2020-10-01,84.8025627809335,84.93537249045221,83.53645615948889,83.8286361694336,627800
2020-10-02,83.00524345065948,84.77602197760689,82.99638766662923,84.05000305175781,501700
2020-10-05,84.76715745681382,85.58172062904225,84.59008232436342,85.47547149658203,562900
2020-10-06,85.47547190906481,86.04212044162055,84.04113901135496,84.24478149414062,581400
2020-10-07,84.88225800659697,86.0598204112942,84.8202810379287,85.8119125366211,586900
2020-10-08,86.33429518420638,86.95406486766053,85.81191208959538,86.88323211669922,491900
2020-10-09,87.18426342866965,88.05194094069931,87.05145371622112,87.49414825439453,539100
2020-10-12,87.8925902895892,88.08737701073713,87.42333505499685,87.71551513671875,412300
2020-10-13,87.42332881155592,87.94571195869004,86.78584749877429,87.48530578613281,395300
2020-10-14,87.66239442820687,87.95456775656565,86.4671202522398,87.20198822021484,440400
2020-10-15,86.50252259449981,87.90143915907825,86.19263772386118,87.68009185791016,369400
2020-10-16,87.64466834396835,88.43266413157731,87.34363928127863,87.75977325439453,808000
2020-10-19,88.1670342723805,88.83992501850346,86.28115146408453,86.52021026611328,468400
2020-10-20,87.06031974895079,88.68943259885074,86.63532997007326,87.46759796142578,500100
2020-10-21,87.67123422265284,88.2113221664938,86.40512741651501,87.11344146728516,428500
2020-10-22,87.02489252349942,88.16704523469394,87.02489252349942,87.68893432617188,485700
2020-10-23,88.22902251643877,89.36231944960811,87.66237404985411,89.28263092041016,701000
2020-10-26,88.56547088881287,88.75140178983763,87.28165939150642,88.02538299560547,730100
2020-10-27,87.83061926270872,88.68059896804385,87.23741002990954,87.30824279785156,575700
2020-10-28,88.64515790074505,90.01750693382093,86.29887546712047,86.38741302490234,1444800
2020-10-29,86.34314429950567,90.60187057436318,86.34314429950567,89.18524932861328,1103600
2020-10-30,89.760755703556,93.1783585955275,89.62795272600508,92.09818267822266,1946600
2020-11-02,93.04555425744348,97.30428119905042,92.98357727933198,97.29542541503906,2065600
2020-11-03,98.54382981365544,98.96881288633242,96.8704446106486,97.94176483154295,1914900
2020-11-04,98.38445364100792,100.11095993701628,97.54332981976034,98.50840759277344,1159300
2020-11-05,99.16358366688502,101.31507954699978,98.72088909694357,100.28802490234376,1725600
2020-11-06,100.58021136862574,102.96191046873967,100.23491012239894,101.98798370361328,1009700
2020-11-09,106.50344093560156,106.61853907090637,101.97910271926344,102.05878448486328,1666300
2020-11-10,100.881228007107,101.76661703506484,100.36770074969576,101.09371948242188,1200000
2020-11-11,101.72235447004113,102.59888779894652,101.0937290115346,101.6603775024414,713900
2020-11-12,102.18276962194756,102.3864053527804,100.27032572987316,100.71302032470705,634800
2020-11-13,100.9786234000664,102.4218051132781,100.7484203567073,102.37753295898438,595600
2020-11-16,103.60823818133592,104.21915887306164,102.83795392305568,104.04208374023438,862000
2020-11-17,103.74104780776013,104.08634904492646,103.2098156548106,103.8827133178711,606700
2020-11-18,103.8915665705709,103.8915665705709,101.16457293987976,101.19998931884766,818500
2020-11-19,101.54528096359336,102.17390643209052,99.88960086714052,101.19112396240234,571200
2020-11-20,101.36820220947266,102.0056834802658,100.49166883962364,101.36820220947266,653000
2020-11-23,101.72235060989262,102.15618936662736,100.99633183628272,101.51871490478516,578100
2020-11-24,102.45724821363284,103.82959753997088,101.4656097916141,103.11243438720705,676400
2020-11-25,102.96191260294582,103.3337744519775,101.88173668005828,103.03274536132812,678500
2020-11-27,103.42230551020624,104.48477655408873,103.04158790160372,103.63480377197266,399400
2020-11-30,102.82022943684534,103.65249731751766,101.20882161265968,103.3780288696289,1162400
2020-12-01,104.1660452699428,106.23785284582794,103.811888223514,106.06963348388672,1008800
2020-12-02,106.2466979591177,106.2466979591177,104.2899887489686,104.90090942382812,639300
2020-12-03,104.68840242813216,105.89253211158352,104.68840242813216,105.57379150390624,559700
2020-12-04,105.36129830744888,107.78726244430936,105.13995104209712,107.43310546875,803700
2020-12-07,106.86646619165153,108.32735961948752,106.48574859233646,107.397705078125,769500
2020-12-08,107.35344389382938,108.89401925913712,106.49461526188134,108.7700653076172,715600
2020-12-09,109.38982826701228,109.38982826701228,104.40508320783732,105.75972747802734,1245200
2020-12-10,105.30817690612383,106.20241499269602,104.48476481053012,105.00714111328124,623900
2020-12-11,104.87435143584004,105.5649607084013,104.5113453646704,105.30819702148438,559600
2020-12-14,106.09134635366082,106.33163757928465,104.31143951416016,104.31143951416016,723700
2020-12-15,105.15691157937808,106.14475374368618,104.64963155284836,106.07356262207033,561600
2020-12-16,105.80656113253563,106.35833469503332,104.76531726490175,105.30818939208984,686600
2020-12-17,105.41499577176828,106.4829441106184,104.6763394820866,105.57518768310548,822600
2020-12-18,105.74425565747032,106.65200507735922,105.42387191167305,106.34052276611328,2004100
2020-12-21,105.35267056355288,105.45946740525508,103.79525226853856,105.1746826171875,810400
2020-12-22,105.32599627791257,106.31384521464014,104.7119329746704,106.02906036376952,650300
2020-12-23,106.58970881882804,108.01363959833976,106.58970881882804,107.00798797607422,587900
2020-12-24,107.3995718907013,107.3995718907013,106.10914223300966,106.98129272460938,166100
2020-12-28,107.14148124469368,108.15602750139446,107.0524872693314,107.4440689086914,321100
2020-12-29,107.7733663538754,108.11155302577995,105.9044653815736,106.24264526367188,276700
2020-12-30,106.3850437783166,106.81221766234336,105.77097368149586,106.36724090576172,278100
2020-12-31,106.07353452810229,106.61640657675504,105.62855788427578,106.49181365966795,324300
2021-01-04,106.60751525507516,107.37287569824002,104.89880641025351,105.7264633178711,785000
2021-01-05,105.13019056275324,105.84215598421731,104.31143508093334,105.51287078857422,715600
2021-01-06,105.62857052532308,106.50072104930658,104.94330260953048,106.33163452148438,921200
2021-01-07,106.58972176682086,109.2417860365257,106.48293169824876,108.1827392578125,662900
2021-01-08,108.96591161962075,109.41088838149142,107.42628903603348,108.55653381347656,564100
2021-01-11,108.0314499970626,108.96590384625183,107.49747927887134,107.8890609741211,434800
2021-01-12,107.97805404428313,108.77901350966424,107.55977483515044,108.59211730957033,508800
2021-01-13,108.77010833560745,108.8947012715172,107.1325905082418,107.49747467041016,546200
2021-01-14,108.60990188573834,108.60990188573834,107.06138504005092,107.57755279541016,518100
2021-01-15,107.17709319680898,108.20943565791636,106.65201713579457,107.69326782226562,1004400
2021-01-19,108.04035185615712,109.7846598303134,107.3995842758944,109.18839263916016,687900
2021-01-20,109.36637304224996,111.24417526388883,109.18838507774998,110.33642578125,708000
2021-01-21,110.4966263009388,110.91489872918385,109.53547492198796,110.15843963623048,481600
2021-01-22,109.47317272811088,110.47881765419352,108.88580020840904,110.20293426513672,462800
2021-01-25,110.28301516110656,111.07507308260652,108.92138765088312,109.92703247070312,504400
2021-01-26,109.8558598508835,109.9092548869975,107.91576099100256,108.04925537109376,479800
2021-01-27,107.39959765079016,107.39959765079016,103.6617953535158,104.40045166015624,775800
2021-01-28,104.20462955964284,106.2426234494466,103.9554437198074,104.54281616210938,621300
2021-01-29,104.26694251156415,104.26694251156415,101.0898023886114,102.22004699707033,1069500
2021-02-01,102.52263592602456,104.63182807158228,102.45144480944248,104.44493865966795,616200
2021-02-02,105.37937959735537,106.16253610224986,104.720809228666,105.78875732421876,787400
2021-02-03,105.5039852835196,106.4829327304876,105.12130502454592,105.85106658935548,444000
2021-02-04,106.34942950972103,106.7855047672346,105.50397650987556,106.14473724365234,461200
2021-02-05,106.67871126015126,107.6309610797656,106.29603104536388,107.0880889892578,480300
2021-02-08,107.11481263846063,111.22640059193184,106.6075393732109,110.47883605957033,1218500
2021-02-09,110.9504770235986,113.157564209876,109.6511460116839,112.24091339111328,1255400
2021-02-10,113.53135793814158,115.03537460644208,112.41001472364437,114.02082824707033,997900
2021-02-11,114.7594869416292,116.01432448082228,114.17211444503526,115.18666076660156,719100
2021-02-12,115.79184052903476,116.93987447085873,115.2489683972609,116.31690979003906,692000
2021-02-16,116.91316747174304,118.7464692035762,116.6283894605858,117.90101623535156,1334800
2021-02-17,117.65184284830114,118.32821615823016,114.33232029692716,115.25786590576172,1583400
2021-02-18,115.29345751447944,116.9576659090528,112.79268402065436,113.55804443359376,1296100
2021-02-19,113.94073072642564,114.72389405022857,113.61145231964986,113.92292785644533,886400
2021-02-22,113.90515817119967,114.10985048457336,113.3177923320443,113.60257720947266,771400
2021-02-23,112.20532039090232,113.11306982357024,110.57670412513976,112.16082000732422,1032300
2021-02-24,111.68026030353968,115.0175926433305,111.39547546153324,114.31452178955078,626800
2021-02-25,114.12763349311054,114.3056214643442,110.25633061562203,110.65680694580078,552400
2021-02-26,110.50552655100805,111.74256139617,109.92705540712934,110.37203216552734,939800
2021-03-01,111.41328416007546,114.83070244287562,111.30648729256048,114.1543426513672,894200
2021-03-02,114.2255383646568,114.53701394518268,112.64141541446908,113.03299713134766,819300
2021-03-03,112.65029627070768,112.99737753278517,110.09612772098902,110.19402313232422,851100
2021-03-04,110.8080759551569,112.50788305367054,104.78308892785928,106.66979217529295,803400
2021-03-05,107.8267456945572,109.26846570320414,104.80090309954988,108.94808197021484,844500
2021-03-08,109.69564153392056,110.32750753838197,108.0670254266133,109.03707122802734,603700
2021-03-09,109.90923037304344,112.70368313650974,109.18837038705897,111.4488525390625,835400
2021-03-10,112.08074017190891,113.62925728075652,112.00954226603392,112.92619323730467,619600
2021-03-11,113.73605386273292,114.63490196044413,113.0774834197014,113.66485595703124,693400
2021-03-12,113.56648661830168,114.07619419873232,113.1998513788812,113.9778289794922,499600
2021-03-15,114.14773204691186,114.65743961960176,113.4412940387294,114.55907440185548,519600
2021-03-16,115.31021105170068,115.78414879923236,113.27138091086812,114.7110824584961,695300
2021-03-17,114.26398709942067,114.26398709942067,111.4740114754866,113.0567855834961,658800
2021-03-18,112.88686551560298,113.23561242146016,111.67966416283652,112.18042755126952,540800
2021-03-19,112.15359226629674,113.08358620936404,110.97321665055536,112.41291809082033,1279900
2021-03-22,113.22669705890102,114.48754992722688,113.03891075180528,114.08515167236328,767500
2021-03-23,113.7810874748342,114.73790711424655,112.6007117811443,112.8153305053711,517900
2021-03-24,113.6648542699925,114.55014126209892,113.27139338461188,113.36975860595705,761800
2021-03-25,113.45917600022872,114.1030185836816,111.46505964455709,114.05831146240234,684300
2021-03-26,113.557530359985,114.86309688608584,110.9821670948204,114.79155731201172,597600
2021-03-29,114.27292652739224,116.45482922621562,114.26398237393428,116.22233581542967,954400
2021-03-30,115.7931099882566,117.1880977187436,115.614254211708,116.90193939208984,640900
2021-03-31,117.36695567614196,118.26118010034116,116.90195515501948,117.90349578857422,920500
2021-04-01,118.0376104811338,118.60991350131172,116.58897144610413,118.49365997314452,686100
2021-04-05,119.06595283068816,121.97218162856988,118.60096604726806,121.55189514160156,864600
2021-04-06,121.61451306167729,122.59816531641202,120.95278212260293,122.07951354980467,661400
2021-04-07,122.07951334047992,122.49979988089316,120.52355804332588,121.0064468383789,632100
2021-04-08,120.85440054117844,121.44459181414516,120.24633460765811,121.28363800048828,643500
2021-04-09,121.49824770466464,123.13467976295463,121.16738908971593,123.0899658203125,464800
2021-04-12,123.37612426293528,123.7874597881907,122.29410688692428,123.2688217163086,414900
2021-04-13,123.55496307000536,124.13621701977218,122.53554797009622,124.0020751953125,486800
2021-04-14,123.5817805878134,124.50283041385974,122.71438203011488,123.05419158935548,456300
2021-04-15,123.60863990992704,123.93951222954408,123.01846215247744,123.8947982788086,444400
2021-04-16,124.2435277913404,126.7384076120708,124.2435277913404,125.72794342041016,1358100
2021-04-19,125.486527572158,125.79949796490163,124.4223982183065,125.68325805664062,599300
2021-04-20,125.47756726749697,125.83525154937374,123.3582462807959,123.58180236816406,478100
2021-04-21,124.0289101514818,124.64592711393648,123.68911418916404,124.29718017578124,502900
2021-04-22,124.2077471657204,125.07514580982202,123.52814162432084,124.44025421142578,624100
2021-04-23,125.19141980030471,126.8725660896676,125.19141980030471,126.39862823486328,620900
2021-04-26,127.18549888090892,127.41800589594304,126.11243261428172,126.6668472290039,603000
2021-04-27,126.8814886783374,127.82042694669254,126.16610649079156,126.19293212890624,681700
2021-04-28,124.0468139796054,124.55651480924791,121.31048940788764,122.84855651855467,902700
2021-04-29,124.27925627559256,125.10194077499044,123.09888760942216,124.010986328125,543500
2021-04-30,123.69803637846825,123.75168764780469,122.42823963998426,122.72333526611328,665300
2021-05-03,123.92158993357562,124.0020668359587,122.5266023798223,123.30457305908205,495700
2021-05-04,122.79487585205725,123.02736923602392,121.01536475065568,122.7412109375,559500
2021-05-05,123.51917634150873,124.96781498249064,123.09888993299084,124.83368682861328,653000
2021-05-06,125.11989699434416,126.44334550352843,124.332975026556,126.3896942138672,594900
2021-05-07,126.60430204165316,128.55370483585955,126.31814366188937,128.37486267089844,510800
2021-05-10,128.75935028190645,129.8413539464588,127.27493480274364,127.31964874267578,553500
2021-05-11,125.02149267406212,126.86359248221338,124.3776501097868,125.71898651123048,610400
2021-05-12,124.98571995426212,125.67426276236742,121.41776049271382,121.74861907958984,629500
2021-05-13,122.03478997132932,124.47601846296004,121.99007602786476,123.48342895507812,589000
2021-05-14,124.82475613656968,126.32705992797194,124.5117858450792,125.5401382446289,484100
2021-05-17,124.9410207816275,126.05880116104746,124.8247672558382,125.28083038330078,574600
2021-05-18,125.89782522225988,126.63109565132832,124.85158449487469,125.4328384399414,733400
2021-05-19,123.71591433874278,124.1362007731077,122.63389713340857,123.55494689941406,836400
2021-05-20,124.35976694443428,125.03043509929304,123.33140092011708,124.54754638671876,614600
2021-05-21,124.9230879964638,126.43432871453088,124.59222948828643,125.04827880859376,858100
2021-05-24,126.05877754417276,126.05877754417276,124.97676033590491,125.18244171142578,588200
2021-05-25,126.1750188189646,126.8814498142371,125.47752515206602,125.9693374633789,837300
2021-05-26,126.86359760884184,127.49850286821834,126.309182906837,126.60427856445312,806000
2021-05-27,127.0066648079296,128.27646156228542,126.72945748304063,127.31964874267578,1681300
2021-05-28,127.73098435312616,128.33011294335475,127.14974406784168,127.1944580078125,600700
2021-06-01,128.7682845232509,129.2511595865106,126.908296553875,127.80252075195312,803100
2021-06-02,128.03497777013487,128.13334294977946,126.23759255456514,126.87249755859376,850000
2021-06-03,125.87998247196774,127.40909867470523,124.27037569688936,127.17660522460938,761500
2021-06-04,127.57896677861147,128.6341584448003,127.08714073270905,128.4463653564453,505300
2021-06-07,128.87559144053392,129.66251312791533,127.5610807331031,128.11550903320312,617000
2021-06-08,128.88454803809603,128.88454803809603,126.78311555160828,127.47167205810548,567800
2021-06-09,128.0887006875819,128.0887006875819,126.76523882656458,127.13187408447266,476800
2021-06-10,127.24811792617416,128.11551657040098,126.66686395660648,127.51638793945312,371200
2021-06-11,128.2496038381671,129.44786071777344,127.73095228323854,129.44786071777344,461000
2021-06-14,129.0616227686092,129.35809061454287,127.59725502578682,128.1811981201172,438800
2021-06-15,128.43273297271983,129.09752706694596,127.81284702458174,128.81903076171875,437600
2021-06-16,128.80106619564614,128.80106619564614,126.90547899091332,127.40858459472656,546900
2021-06-17,127.06715766068034,127.35463278459348,125.42311688599008,126.67186737060548,659200
2021-06-18,125.95318795178352,126.83359871319205,124.51578458535282,125.3602523803711,1046100
2021-06-21,125.59385965242876,127.938638216045,125.59385965242876,127.57927703857422,559700
2021-06-22,126.79769487933982,128.28002039686808,125.89033356531544,127.89372253417967,642000
2021-06-23,127.89371112414268,128.26205117539894,126.90548506180316,127.45349884033205,698900
2021-06-24,128.2889899256058,128.81903217091556,127.56130248573552,128.5045928955078,412900
2021-06-25,129.30411159159493,130.00486214642106,129.1783386629279,129.69940185546875,450400
2021-06-28,129.9959016480358,129.9959016480358,129.0615901912975,129.60960388183594,676800
2021-06-29,129.92404744202915,131.01109608679135,129.84319632276146,130.60682678222656,399800
2021-06-30,130.83138929581128,130.96614112719885,129.2861709908599,129.94198608398438,529700
2021-07-01,130.50802345444967,131.34351256007184,129.73541399258102,131.24468994140625,518200
2021-07-02,131.87351327728905,132.33169695924886,131.3614425664343,132.0621795654297,507200
2021-07-06,132.33172041991605,132.36764968162382,130.40918277522746,131.73878479003906,654500
2021-07-07,131.58607593088678,132.95162106602976,131.44233145177108,132.80787658691406,531000
2021-07-08,130.55292727157925,132.4664723201557,130.13068647821686,131.82862854003906,462000
2021-07-09,132.06219322973638,133.90387961846287,132.06219322973638,133.68826293945312,524000
2021-07-12,133.41875158824985,134.66750244768636,133.20314860765575,134.6585235595703,393100
2021-07-13,134.6585279471967,134.74837166418905,133.67929448982218,133.9398193359375,324600
2021-07-14,134.42491807543172,134.6674713726299,133.41872080134758,134.1913299560547,451200
2021-07-15,133.85000793944246,134.5058232983549,133.11332774070178,133.9578094482422,405300
2021-07-16,133.9577893721623,134.6854768639598,133.5624989548337,134.20933532714844,650300
2021-07-19,133.1402139387345,133.59839754672657,131.71178980278466,132.62814331054688,547400
2021-07-20,133.0504134707839,134.91005755475618,131.98133642598162,134.58663940429688,550000
2021-07-21,135.03587290530768,136.99435390568456,134.80229838763472,136.52719116210938,511400
2021-07-22,136.7518082717131,136.7518082717131,135.16166714067512,135.7186737060547,312500
2021-07-23,135.97014997499872,138.9078498671379,135.79046257037274,138.4676513671875,435000
2021-07-26,138.4406831730352,139.24024267106498,137.30871298582676,137.71298217773438,403000
2021-07-27,137.57825278190387,138.0454153751482,135.7275875998752,136.59002685546875,615300
2021-07-28,137.47945251668065,140.86635787836062,136.21273008931607,140.22850036621094,1082600
2021-07-29,141.44132515018376,142.25885641202538,140.36326902782872,141.78271484375,660900
2021-07-30,141.2975497104029,142.66309447715648,140.68665640130683,141.22567749023438,748400
2021-08-02,141.02807506041074,143.21115157156555,141.02807506041074,141.80967712402344,465200
2021-08-03,142.81579329825806,144.6934084627186,141.87248941921868,144.6215362548828,636200
2021-08-04,144.81025625384862,146.6159998805946,144.67549067356106,145.78948974609375,605100
2021-08-05,146.43629550974123,147.38857842832917,145.55588481062347,147.23585510253906,530300
2021-08-06,147.60423572300388,149.35607871668176,147.54134237306846,148.888916015625,588700
2021-08-09,148.69125519602648,149.24826156481532,147.29877354462067,148.64634704589844,583000
2021-08-10,149.04160699100467,149.6435351504318,148.46664291013806,148.8260040283203,396600
2021-08-11,149.13147423009175,151.19775643396133,148.32293557599056,150.23648071289062,576900
2021-08-12,150.02085781531392,150.91924007101997,148.53851886846374,149.08653259277344,554200
2021-08-13,149.49977404379806,150.5778298617627,149.05058297729417,150.49697875976562,299200
2021-08-16,150.27238803552956,151.93438680984713,149.8501473228455,151.69183349609375,462400
2021-08-17,151.57508367067712,151.57508367067712,148.9967305004855,150.00291442871094,419900
2021-08-18,149.4998085494929,150.47006312207026,147.8288168480919,147.90966796875,475400
2021-08-19,147.05621935661796,149.9220614470016,145.9332413405258,149.85018920898438,504800
2021-08-20,150.15562570219691,153.90187846348405,149.966959376736,153.11129760742188,802100
2021-08-23,153.27299737083212,154.9080459498227,153.11128143634164,153.93780517578125,437700
2021-08-24,154.27021613975015,155.93222894792854,153.39878417544818,155.8064422607422,545300
2021-08-25,155.89624254149857,157.3965389825818,154.81818677818268,155.06973266601562,816700
2021-08-26,154.71042284134833,155.5459118054045,153.17418306752666,155.3482666015625,567900
2021-08-27,155.86931930929208,158.33987047990047,155.86931930929208,157.989501953125,619300
2021-08-30,158.33089572384688,160.43310693935388,157.71998865380587,160.25343322753906,506500
2021-08-31,160.4780509956176,160.6397532461539,155.07876404892096,156.704833984375,924100
2021-09-01,156.4892284570745,158.16919911558344,155.42913012384062,157.66610717773438,610000
2021-09-02,157.81884093481816,158.2500606659246,157.35167822965312,157.82781982421875,583700
2021-09-03,157.7379697939655,158.91484844285887,156.8665378446789,158.214111328125,653000
2021-09-07,158.1871765671981,158.65433925920215,155.7435753127229,156.76773071289062,607700
2021-09-08,156.02205858945925,156.45327827227365,155.19554848563726,155.5189666748047,630900
2021-09-09,154.9260310432933,156.53414310073543,154.7373784294111,155.5189666748047,506400
2021-09-10,156.58802800020632,157.11807023463018,154.961958330539,155.05178833007812,440700
2021-09-13,156.22868441712845,156.59702446880024,152.76992061149167,153.8479766845703,828500
2021-09-14,154.76793768366642,155.2279073529296,152.46806181321023,152.84686279296875,606800
2021-09-15,153.02721747063876,153.1174140635322,151.02497421460154,152.54019165039062,741000
2021-09-16,152.1794414748717,152.54922829335305,150.42071775072498,152.08023071289062,658700
2021-09-17,151.25944747924575,152.40486414386055,149.59992135482065,150.85357666015625,1441500
2021-09-20,149.12197115046456,150.80855418853096,147.91341363463945,150.60110473632812,842600
2021-09-21,151.73745609433445,151.9448916950826,149.87950855376516,149.9877471923828,447300
2021-09-22,151.0700913599126,153.25271431199255,150.61913586331585,152.73863220214844,787200
2021-09-23,153.0813597766863,155.86827540063285,152.74765708962138,154.95733642578125,670100
2021-09-24,154.0012669250401,156.29211426937715,153.4150304181462,155.68783569335938,534500
2021-09-27,155.45334392559616,155.45334392559616,146.36208153371453,146.6597137451172,1004300
2021-09-28,145.8480405611236,145.89312510353767,141.69023010975778,142.5470428466797,1099100
2021-09-29,143.16936076612276,144.95514073854207,142.267449742992,142.51095581054688,644400
2021-09-30,143.40381775945903,144.52219211016612,139.99459602312402,140.2110595703125,886300
2021-10-01,140.7612722313952,140.9596800126401,137.53242883624415,139.8954315185547,549100
2021-10-04,139.72400856209362,140.36437123534472,138.5695639293038,140.03065490722656,893600
2021-10-05,140.69810939643764,142.538001694773,138.29000879090844,141.85255432128906,734000
2021-10-06,140.64399518771074,141.93372123530787,139.51660650467736,140.95965576171875,503400
2021-10-07,142.19528120090192,143.92694854326422,140.7432040462343,141.2392578125,812700
2021-10-08,141.7803755607122,141.7803755607122,139.3091487667939,140.2110595703125,447500
2021-10-11,139.79620583188623,140.4996953151069,138.25393195739792,138.49745178222656,552400
2021-10-12,138.975447207307,139.99461092764966,138.28999987800074,138.74996948242188,361700
2021-10-13,139.9765907765069,140.65302405709124,139.17389050069627,139.58877563476562,545600
2021-10-14,140.76123700176612,142.646227429424,140.76123700176612,141.8254852294922,543000
2021-10-15,143.28661150800548,143.28661150800548,140.4365829020225,140.8153839111328,740500
2021-10-18,140.32830918409692,144.0171213453809,140.32830918409692,143.76458740234375,579300
2021-10-19,144.23359591250178,145.20766137941442,143.46697987053497,143.88185119628906,546500
2021-10-20,143.78266810552012,146.75897753337034,143.68345733252272,146.38919067382812,707600
2021-10-21,147.05660883114365,148.5537845724995,145.64060178656618,147.91342163085938,613100
2021-10-22,147.9133999244221,149.57291281579947,147.11971386242888,148.95059204101562,496100
2021-10-25,148.92352212314253,149.45566000873706,147.79613350783998,147.96749877929688,502900
2021-10-26,148.6439534805683,148.6439534805683,143.79166777355775,144.5763397216797,975800
2021-10-27,143.03408968940414,143.03408968940414,131.05671040738383,131.86843872070312,1802300
2021-10-28,131.56176451737724,133.113052672189,130.0916588187429,130.82220458984375,1258000
2021-10-29,130.33513271584272,130.98450963247856,128.25172084249755,129.514404296875,1237400
2021-11-01,130.30807761708766,130.56963947408386,127.06120676792123,127.4670639038086,1033300
2021-11-02,128.08037662962403,131.05668569305195,127.74667396225144,130.1006622314453,1055700
2021-11-03,130.0284848917902,130.4163137114736,127.82782022772788,129.09951782226562,1165300
2021-11-04,129.297977649895,129.7308911305532,128.1615746023904,128.7027130126953,840300
2021-11-05,129.55949851152477,129.97438359118243,126.9169061144084,128.2336883544922,905900
2021-11-08,129.00933968689264,132.2021122421372,129.00933968689264,132.09388732910156,1105300
2021-11-09,131.7691967005886,134.26748014995675,129.84812195280472,130.7229766845703,706700
2021-11-10,130.44338344101885,130.44338344101885,128.00821289737834,129.0003204345703,593700
2021-11-11,130.03749521749577,130.40728195601082,128.00819587568412,128.10740661621094,591000
2021-11-12,130.92141739633166,130.92141739633166,128.16157165719173,129.04544067382812,500400
2021-11-15,129.42421697351244,131.21902465801242,128.8289524636298,131.0296173095703,610800
2021-11-16,131.29117769037256,132.61697406612024,130.9574612956799,131.5978240966797,821500
2021-11-17,131.87741970328656,132.00368668531868,129.91124668356483,130.62376403808594,602000
2021-11-18,131.85937330095638,132.19308969842248,129.48735694766933,130.36219787597656,881100
2021-11-19,130.65985653386244,131.05669961943158,128.29685385788233,128.79290771484375,1735000
2021-11-22,128.60347703093367,130.3441722932778,128.4321117512032,128.52230834960938,1050000
2021-11-23,128.52230734950408,129.17168431918284,127.89097245177987,128.77484130859375,601900
2021-11-24,127.95408956622448,129.77595336053224,127.02512247948856,129.0724639892578,783000
2021-11-26,126.28556206463593,126.64632090264922,124.73427428945708,125.71735382080078,580500
2021-11-29,126.71848748957972,127.1063025892708,124.58096295856414,125.58208465576172,677700
2021-11-30,125.04092061239842,125.04092061239842,119.31378116798474,120.44116973876952,2161400
2021-12-01,122.09167373872704,124.373507207465,119.25967407226562,119.25967407226562,1449400
2021-12-02,119.61142754407834,121.46034777118132,119.43104810383956,120.88312530517578,1142200
2021-12-03,120.9733401841082,122.69597992504046,120.59453917375326,121.8121109008789,1188700
2021-12-06,122.19990835994666,122.65987794790696,120.45921322985193,120.8560562133789,1421400
2021-12-07,122.65989127505006,125.17621681280866,121.58661502446228,124.42764282226562,415100
2021-12-08,123.21002918445596,125.80753657101118,123.21002918445596,125.33853912353516,632100
2021-12-09,125.5820990112071,125.5820990112071,121.9924831390985,122.08267974853516,661800
2021-12-10,123.56177903735436,124.02174858891588,122.38929225028004,122.7590789794922,745200
2021-12-13,122.29008490047076,123.46257172003054,121.35210370206312,121.4783706665039,701100
2021-12-14,120.73511686054393,122.0222313410044,120.5538356633142,121.57809448242188,1138600
2021-12-15,122.08568216593332,122.92864592103064,120.4178730930816,122.75642395019533,723200
2021-12-16,122.4301188646078,123.84413142232302,121.47837538741722,121.7230987548828,1168400
2021-12-17,121.28802561476364,121.79561846634546,119.77430627848643,119.85588073730467,2104600
2021-12-20,118.4600160793094,118.55064976859563,116.04893588420592,117.20915222167967,989600
2021-12-21,118.11553486739028,120.58099726507656,118.11553486739028,120.40877532958984,739000
2021-12-22,119.7380561658088,121.74123609576836,119.7380561658088,121.55089569091795,553500
2021-12-23,122.0312883308159,122.76548607303576,121.79561035765212,121.89531707763672,390000
2021-12-27,122.36669016734156,123.33656612822648,121.7775227470322,123.2187271118164,333600
2021-12-28,123.46346491410677,123.97105786263852,122.44826518617268,123.0555648803711,426300
2021-12-29,123.26401487645892,123.8985058740046,122.5751270812381,123.29120635986328,669900
2021-12-30,123.98010632115948,124.8955853930913,123.30029143176978,123.91666412353516,351100
2021-12-31,123.77161371422304,124.1885590340133,122.75641423774448,123.42716979980467,393000
2022-01-03,123.79881127423776,124.14325520555931,120.47225244715511,121.05236053466795,812000
2022-01-04,121.96782695626224,122.64764169969936,120.59913825192068,121.07048034667967,743200
2022-01-05,123.78068781460252,125.31253951601944,120.59915924072266,120.59915924072266,1479600
2022-01-06,120.40881413247229,121.46932373758798,119.15796409690672,120.35443115234376,821600
2022-01-07,120.100639989401,120.60823293415278,118.62317108667172,118.69568634033205,729600
2022-01-10,117.87081739270164,118.82256088982102,116.05797790518574,117.87989044189452,960900
2022-01-11,118.07930915194336,119.90120793894263,117.35417055846148,119.447998046875,667400
2022-01-12,119.23045596211026,120.32723002000289,118.9857325711425,119.6474151611328,738900
2022-01-13,119.82870999239114,120.37256747371912,118.65036133676068,119.78338623046876,885100
2022-01-14,119.24858096739932,120.24564823202354,118.02492259448908,119.99185180664062,1051900
2022-01-18,118.8679030950615,121.09770209641978,118.56878287348478,120.35443115234376,1464300
2022-01-19,120.84389072689792,121.26989529563906,118.88602069859176,118.949462890625,1118500
2022-01-20,119.63835916606256,119.63835916606256,111.67092106011758,111.75250244140624,1941000
2022-01-21,111.22678807842568,112.74050769226716,109.56803795729064,110.0756378173828,3342300
2022-01-24,107.8639599431143,112.11507116557608,106.93034862318544,111.86127471923828,1621100
2022-01-25,110.18439157771331,111.29022486931444,107.13882041624731,110.01217651367188,1091600
2022-01-26,111.43524793142218,112.85832668342056,108.4440599458652,109.24170684814452,825800
2022-01-27,109.67679064507604,111.00922879491952,107.05723809943248,107.73705291748048,686200
2022-01-28,108.05430695533934,110.04843472784826,106.69467721221557,109.90340423583984,881000
2022-01-31,110.14812243052044,112.8401901322477,109.58614662439136,112.77674102783205,926300
2022-02-01,112.87645410254588,113.78287388259098,111.1361297845635,113.6287841796875,630100
2022-02-02,114.99747222248412,116.29365269708435,114.08198637010489,115.32378387451172,1213300
2022-02-03,114.42643017026896,115.86764120489956,113.3205969410964,113.3931121826172,773300
2022-02-04,112.58639678916046,114.53520064290883,111.72530078922772,113.08493041992188,857700
2022-02-07,113.1030605393329,114.62584606651085,113.01241994321973,113.38404846191406,917600
2022-02-08,113.93696925177208,114.80713836947236,112.95804109636956,114.53520965576172,571600
2022-02-09,115.65917426526042,116.75594148034948,115.55040830651645,116.65623474121094,410500
2022-02-10,115.08812348549664,116.9916106040137,112.45043853953888,112.5864028930664,1096700
2022-02-11,112.79488729561272,113.99136120984336,111.19052030342311,111.6981201171875,788600
2022-02-14,111.26303253264494,111.95191352986116,108.88821012263618,109.45925903320312,855100
2022-02-15,110.5469452019813,111.48055638161222,107.61921345898924,108.66159057617188,1671700
2022-02-16,105.3984952922316,109.67679793810488,103.5584641688304,108.39874267578124,1618000
2022-02-17,106.55870237888352,107.24758331732971,102.19882564416442,102.71548461914062,1778400
2022-02-18,102.32572283790202,104.75492799261526,101.55526744995088,103.80318450927734,1610500
2022-02-22,103.71255319204616,103.92103279152234,100.82107869530115,101.36492919921876,1448900
2022-02-23,101.71843918964936,102.49796083316694,99.35268276939355,99.51583862304688,1243500
2022-02-24,96.8962620263024,100.1049884190822,96.67872324649298,100.07779693603516,3863600
2022-02-25,99.99623334726924,101.80000683617908,99.57021492931293,101.36492919921876,1905500
2022-02-28,99.70616883924332,100.84825961863244,99.2438928473945,100.10499572753906,2018900
2022-03-01,99.82400884078815,100.36786624635994,98.87227221190592,99.7061767578125,2111400
2022-03-02,99.73336168351923,104.4286161567388,99.70617019811644,103.25027465820312,2971300
2022-03-03,103.08712418463593,103.74880674858429,101.06580504102442,101.56433868408205,1159900
2022-03-04,100.44037817623946,100.61260015520992,99.26203655791656,100.22283935546876,1052800
2022-03-07,99.70618122817802,99.89652856248878,96.75125064818492,98.47344970703124,3009800
2022-03-08,97.93865888423262,101.3467922392608,97.69392167376564,99.68804931640624,1979600
2022-03-09,101.36492934101054,101.95410360250972,99.69711328917136,100.35880279541016,2000100
2022-03-10,99.42519078421142,101.36492861681424,98.83601652692155,100.73043060302734,1391100
2022-03-11,101.4464924473879,101.79999558162432,99.52488708496094,99.52488708496094,1121400
2022-03-14,99.28777149785408,100.07207885465056,98.68585828817226,99.7346420288086,1806800
2022-03-15,99.98999673910352,100.4915910811129,98.57641774463391,100.0355987548828,1753200
2022-03-16,100.38216837963,102.11494092093216,100.13593554087856,102.07846069335938,857300
2022-03-17,101.33061447175344,106.53804596022792,101.23941739882332,106.25533294677734,2194600
2022-03-18,108.52619297871182,109.93065042867748,108.0245985473341,109.08250427246094,3346400
2022-03-21,109.00953012744176,109.65703842979008,105.90878075444972,106.4286117553711,1244600
2022-03-22,107.46828827247974,108.77242684853424,107.30413768380924,108.10668182373048,750700
2022-03-23,107.30412244367396,108.3893794982474,105.21567665931433,105.67166900634766,858800
2022-03-24,106.12766507635172,106.60189407243035,104.34929068580148,106.53805541992188,983400
2022-03-25,106.74781432107606,107.1490828667428,105.91790488560687,106.31005859375,949700
2022-03-28,106.18238587960045,108.61738351878,105.93615305588553,108.40763092041016,709600
2022-03-29,110.06743927789212,111.02501906955004,109.59320332192613,110.70582580566406,762100
2022-03-30,110.35013732466076,110.97028713504884,109.146317923071,109.70262908935548,778400
2022-03-31,109.3287268835404,110.33191565244954,108.07931225699387,108.1705093383789,1024400
2022-04-01,108.98218426981944,109.46553510352749,105.33424504739872,105.89055633544922,1001600
2022-04-04,106.5380489340096,108.71769173996572,106.46508849047272,108.29817962646484,707500
2022-04-05,108.14314282144868,108.22521810118916,106.37389035176274,106.73868560791016,684500
2022-04-06,105.51664308315064,105.76288288608625,103.39172369639932,104.22162628173828,965400
2022-04-07,103.09987284203208,105.6716694108286,103.07250745647684,105.19743347167967,963000
2022-04-08,105.05152456658028,105.4892733459422,103.44642947383994,104.18513488769533,875800
2022-04-11,103.96626174340614,104.25809658577371,101.6498196380359,101.9051742553711,777100
2022-04-12,103.1728396663746,104.72321802736512,101.35799183185016,101.97814178466795,764200
2022-04-13,101.91429866080408,103.28227582403636,101.63158560692808,103.1181182861328,544600
2022-04-14,103.44643360997658,103.77474868657087,101.47654315041083,101.51302337646484,539000
2022-04-18,100.85638665730798,101.6406940716796,100.21800013765258,100.83815002441406,603400
2022-04-19,101.23030028947215,103.2822658358804,101.23030028947215,103.23666381835938,607200
2022-04-20,104.26721725424282,105.18831683425918,103.2366700424211,104.58641052246094,555400
2022-04-21,105.89055170642074,106.88461176128672,102.97220323921714,103.2640380859375,565400
2022-04-22,102.68948146389486,103.26403630947604,100.3183225053468,100.7743148803711,826100
2022-04-25,100.44599910846254,103.01779580722663,99.78025414202068,102.88099670410156,953600
2022-04-26,102.65300773885102,102.65300773885102,100.3092070611342,100.31832885742188,1471700
2022-04-27,99.40633521232432,100.43687544867544,98.0657165507854,99.8623275756836,2377000
2022-04-28,99.6525711779018,102.37941060668982,99.41546015113964,100.90199279785156,1285500
2022-04-29,100.11767986916765,102.45235848901724,99.96264413910691,100.0811996459961,1388100
2022-05-02,100.2271222009041,102.24260759879256,99.96264579694255,101.96900939941406,1231800
2022-05-03,101.40359328129074,102.72596847303647,101.16647528240884,101.9507827758789,779900
2022-05-04,101.6862951886311,104.32193044451232,100.3183181233132,104.14865112304688,731800
2022-05-05,102.51622024400096,102.89013041408958,98.09308815882382,99.17835235595705,750100
2022-05-06,98.0018693417258,98.64937760621535,95.49391156221856,96.6977310180664,709500
2022-05-09,95.01055260043742,96.21437195223508,93.32338254072032,93.66081237792967,700300
2022-05-10,95.16559559612224,95.74015037118708,91.04342809329697,92.3293228149414,832600
2022-05-11,91.85510484421194,93.79762985075824,89.02795351968673,89.32890319824219,870300
2022-05-12,89.00970452966638,91.46294557717664,88.79083015184003,90.71511840820312,759200
2022-05-13,91.59062801956478,93.37811728093212,91.4173486918662,92.43877410888672,571000
2022-05-16,91.6726857679327,93.01330419694546,90.97046071163037,92.35667419433594,668800
2022-05-17,94.14418762553278,95.7219173268645,93.25956131584336,95.34800720214844,793200
2022-05-18,94.00739787054596,94.29923273759516,91.59975847791736,92.29286193847656,1053400
2022-05-19,92.01016234737142,93.01334441495032,91.42649252776576,91.90984344482422,964500
2022-05-20,93.13187062251468,93.39634699363587,88.84553879254085,91.79125213623048,1250500
2022-05-23,92.84004493335864,92.90388358382997,91.20759149085904,92.44789123535156,579400
2022-05-24,91.72742005372685,92.23812924393415,88.27099730910875,90.23176574707033,1164500
2022-05-25,89.80315049887146,91.31704175209994,89.80315049887146,90.59657287597656,896300
2022-05-26,91.36263949801967,93.95267304567372,91.36263949801967,93.46932220458984,566000
2022-05-27,94.29922297502968,96.29646481298424,93.95266432273635,96.25086975097656,557100
2022-05-31,95.88607391917289,96.7159833629457,94.66401772122458,96.3238296508789,1837900
2022-06-01,97.52764386212986,97.69180138277213,93.69730403310749,94.3995361328125,738200
2022-06-02,94.39043963896611,97.6918275688612,94.20804543731364,97.5732650756836,592600
2022-06-03,96.679499332625,96.97133415630928,95.23856184660649,95.58511352539062,418800
2022-06-06,95.9863795507431,96.58829272904345,94.92847407053898,95.4027099609375,570600
2022-06-07,94.27186517400968,96.5609418640436,94.08946405109032,96.47886657714844,503700
2022-06-08,95.79487749453922,95.9955152497012,94.180660615566,94.44513702392578,592300
2022-06-09,93.79762061564612,94.99232524812474,92.9038795478736,92.91299438476562,674900
2022-06-10,91.89160031972014,91.97367562079548,90.4233040765253,91.13465118408205,581100
2022-06-13,88.53549428957157,89.83051115614155,87.78766696232346,88.94588470458984,925100
2022-06-14,89.10090205576648,89.73017372281217,87.87884590236938,88.20716094970703,905900
2022-06-15,88.39865763551639,89.71191753865683,86.8300431862963,88.44425964355469,874700
2022-06-16,86.78108712063343,87.69079792796137,85.0259813400604,85.25570678710938,1189600
2022-06-17,85.98162111730271,86.76268606323119,85.11785138309374,85.88973236083984,1803500
2022-06-21,87.14863679602948,88.3524028307957,86.69837691086096,87.89295196533203,944600
2022-06-22,86.97404035980615,89.3356172597412,86.97404035980615,88.65563201904297,1072400
2022-06-23,88.9129254246785,90.91613129777237,88.71076594040963,90.86099243164062,863800
2022-06-24,91.06314552775802,92.055560920552,90.51180597976004,92.00961303710938,1450700
2022-06-27,91.90854579839588,93.22257552196196,91.17342863800272,92.02800750732422,796700
2022-06-28,92.7998772450026,93.59013323826352,90.1074950843958,90.21776580810548,711700
2022-06-29,90.2637079936058,91.27449835977012,89.30804948048191,90.9988250732422,726100
2022-06-30,89.81344741790345,91.09991116025758,89.07833028703207,90.28208923339844,739300
2022-07-01,90.28209007147647,90.88856854547204,88.44428671124287,90.50262451171876,749800
2022-07-05,89.19778121447075,91.90853822693516,88.25131365440345,91.8442153930664,916100
2022-07-06,92.74474711056138,93.03879536858368,91.44909237290264,92.45069885253906,655200
2022-07-07,92.80907956654886,95.95172196436172,92.37719460923589,95.58415985107422,823500
2022-07-08,94.38957026244346,95.3819856392392,93.562557448447,94.62848663330078,1233600
2022-07-11,94.30687467695908,94.67443674244863,92.1658391410092,92.4415054321289,710100
2022-07-12,92.68041574837942,94.62848966025646,92.0188054760188,93.49823760986328,870000
2022-07-13,92.19340579515324,93.13987338904532,90.75991442952036,92.07394409179688,998500
2022-07-14,90.8977545324261,91.3112645040562,88.60050028113756,90.01560974121094,1092400
2022-07-15,91.60530268461105,92.78149561009864,90.46585965371496,91.79827117919922,5253500
2022-07-18,92.3312441127737,92.91014964872478,91.31126268467172,91.67881774902344,1211700
2022-07-19,93.66364224632436,95.05118565312934,93.11230267740292,94.86740112304688,895000
2022-07-20,95.28091569280932,98.21220723092596,95.16145398977858,97.6057357788086,1111200
2022-07-21,97.89059768358536,99.14030456542967,97.4035809007876,99.14030456542967,796500
2022-07-22,99.53542951220368,99.53542951220368,96.14468007589252,96.43872833251952,902400
2022-07-25,96.29170921647518,96.29170921647518,94.60092645641195,95.63928985595705,642100
2022-07-26,94.7111820479605,95.0144212406424,93.56255511567676,94.18740844726562,1242600
2022-07-27,85.62326249740666,87.58052063596487,84.82381547765901,85.97244262695312,3358300
2022-07-28,86.06432495016446,90.14424317925814,86.06432495016446,90.089111328125,1722400
2022-07-29,90.62208002307295,91.65124534763724,89.09669997321808,89.70317840576172,1190500
2022-08-01,88.84858654310023,90.78746923108466,88.62804513973096,90.30044555664062,826900
2022-08-02,90.28208481343292,90.8334243872602,88.60968413344776,88.65563201904297,1042700
2022-08-03,89.04157501974561,90.24533398829482,88.6740129422048,89.886962890625,831300
2022-08-04,90.03398808112561,90.3831681894428,89.28967296638413,89.87776947021484,548400
2022-08-05,88.9037341978313,89.91452460569985,88.09510327366911,89.68479919433594,579500
2022-08-08,90.33721308728094,92.26691203519124,90.00640795396276,90.55775451660156,838100
2022-08-09,89.73994848673786,89.94210098326808,87.3140414110712,87.40593719482422,1022700
2022-08-10,89.30806382858061,90.86100302756978,88.75671716694619,90.34642028808594,1117000
2022-08-11,90.59450834279754,92.12907939310676,90.2085713407302,90.66802215576172,1535900
2022-08-12,91.57774461908537,92.22097298959196,91.08153687155306,91.9544906616211,705900
2022-08-15,91.44908386235164,91.90853466091998,90.53018226521496,91.4582748413086,744500
2022-08-16,90.77829535782922,92.22097067605624,90.77829535782922,91.51341247558594,486300
2022-08-17,90.41073082105017,91.34801440968576,89.48263821170082,90.66802215576172,641800
2022-08-18,90.56694594630612,91.27450415500977,90.51181408976524,91.05396270751952,431800
2022-08-19,90.66800830532662,90.66800830532662,88.40751148196433,89.25289916992188,1078400
2022-08-22,87.96645730225818,88.10428694007294,86.52378200427063,86.65242767333984,1139800
2022-08-23,86.61567855927584,87.24971598225828,86.01839103590832,86.22055053710938,720300
2022-08-24,86.29406494270027,86.7167588977755,85.64163854415963,86.28487396240234,668400
2022-08-25,86.68000062964832,87.43349975700946,86.0367652214801,87.42430877685547,584600
2022-08-26,88.04914886477259,88.04914886477259,83.98760557528217,84.0335464477539,641900
2022-08-29,83.23409789918952,84.23569714917588,82.8757268821612,83.22490692138672,558000
2022-08-30,83.88652626242211,83.96004007154147,81.79143177715909,82.24169158935547,873000
2022-08-31,82.25088988520298,82.96763206122145,81.16658564155205,81.31360626220703,1304200
2022-09-01,81.11145494890225,82.32440498686636,80.52335838568717,82.14981842041016,861900
2022-09-02,82.70114694337639,83.06870899859067,80.83577775069298,81.33198547363281,639500
2022-09-06,81.5157597956163,81.5157597956163,79.69633856026346,80.67037200927734,1022600
2022-09-07,80.66118421858901,83.41788911743711,80.66118421858901,83.3719482421875,1320100
2022-09-08,82.70113068104396,83.78543467484411,81.78222922903237,82.62761688232422,1237400
2022-09-09,82.97682173967748,83.87734143005937,82.72871436838423,83.4730224609375,839100
2022-09-12,84.12545243285986,86.05514457764194,83.94166788866035,85.40272521972656,1014600
2022-09-13,82.8665466512491,83.51896594662163,81.30441673395293,81.59846496582031,1284400
2022-09-14,81.69112131152923,82.42307165707538,81.0981501323885,81.85789489746094,928300
2022-09-15,81.70038881417801,82.70103033393103,80.39399454081591,80.5607681274414,1172500
2022-09-16,79.92147350812482,80.19016467336554,79.30070085178127,79.430419921875,2743700
2022-09-19,79.01345612219777,80.94061531268346,78.9763945529071,80.92208099365234,974900
2022-09-20,79.94925624754924,80.08823539116702,78.23519899299117,79.18024444580078,1301200
2022-09-21,79.4118693298099,80.87576969486435,78.17033840898794,78.1888656616211,1028300
2022-09-22,77.77194674753946,77.81826842031248,76.62305898990174,76.84542846679688,747100
2022-09-23,76.18759835579317,76.72497356533762,75.28887452762095,76.68791198730469,1210900
2022-09-26,76.46556667089457,77.61444757149168,76.15981388539521,76.28026580810547,1012600
2022-09-27,77.33649310029094,77.47547227606086,75.04799148810649,75.67802429199219,898100
2022-09-28,76.16906051708511,78.23519921723333,76.05787578811766,77.73487854003906,1484000
2022-09-29,76.80836851892421,76.80836851892421,75.47417990430574,75.76139831542969,799100
2022-09-30,75.59462609162111,76.58600747684184,74.32530052133622,74.40868377685547,957200
2022-10-03,75.00165280291779,76.87322370860163,74.49207198430874,76.31731414794922,1192200
2022-10-04,77.43839622702461,78.15181216185293,76.67865155266827,77.36427307128906,1202400
2022-10-05,76.18760574442477,77.60517766498694,76.00229783628906,77.04000091552734,705600
2022-10-06,76.90101908430985,77.67003097165863,76.2709863560489,76.40996551513672,930200
2022-10-07,75.33521645847831,75.44640122247802,73.76940501093938,73.84352111816406,1078400
2022-10-10,74.02881590481051,74.31603432480821,72.78727766812176,73.73233032226562,904600
2022-10-11,73.49143420669968,73.83424853614181,72.37034786720375,72.731689453125,925800
2022-10-12,72.8521348280929,73.19494916005686,72.29622523556878,72.70389556884766,680100
2022-10-13,71.53647689469851,75.05724925236228,70.75820491788626,74.51986694335938,1185700
2022-10-14,75.24255742191829,75.64096061140704,73.50070539768404,73.60262298583984,889300
2022-10-17,75.01091572770326,76.28024825898655,74.65884134189264,75.77066040039062,1008800
2022-10-18,76.72497146847405,77.73488000314467,76.15979478927105,76.82688903808594,901100
2022-10-19,75.94672245777458,76.15981775392875,74.51061595750015,75.2332992553711,847000
2022-10-20,75.29814277138551,76.03936027473266,74.65884992024195,74.91827392578125,1203000
2022-10-21,74.65884183860754,76.93807587183368,74.15852113832281,76.68791198730469,3346100
2022-10-24,77.42912642943244,77.42912642943244,75.7428635721071,76.58599853515625,1331300
2022-10-25,76.75275752752084,78.70771132264987,76.44701192074653,78.6521224975586,1592300
2022-10-26,80.03264749835675,80.73680337935876,77.88312534420069,78.679931640625,1712400
2022-10-27,79.05980801429045,80.60709187445536,78.89303443800615,79.62498474121094,997200
2022-10-28,79.4582038441257,82.10804649607257,79.22657429111477,81.98759460449219,976800
2022-10-31,81.30197992925045,81.93201264905998,80.94990552388798,81.57067108154297,885700
2022-11-01,82.61762824344467,82.61762824344467,80.94989968340863,81.13520050048828,795400
2022-11-02,80.69047276677769,81.40389579341615,78.3000610016904,78.31858825683594,910700
2022-11-03,77.48472774178676,78.21667809292582,76.50262054422568,77.8460693359375,652700
2022-11-04,78.78185334885184,80.23648686044845,78.06843733704383,80.171630859375,742900
2022-11-07,80.61636736415352,80.6719562057326,79.19879535369216,80.21796417236328,628200
2022-11-08,80.55150253852148,81.83936239842049,79.56012824920121,80.4495849609375,815100
2022-11-09,79.96779731474723,80.486652402628,79.23584696277939,79.29144287109375,511900
2022-11-10,82.55279032975436,84.7857031290721,82.3674894720936,84.60039520263672,1000300
2022-11-11,84.90613245041742,87.67642005777806,84.39654458189155,86.87035369873047,928300
2022-11-14,86.07356372253948,86.33298775242315,84.5262796380371,84.57260131835938,795300
2022-11-15,85.61955048912472,86.15692567432669,84.63743638767372,85.73072814941406,747000
2022-11-16,84.85981062286629,85.08218011203203,83.38664986820612,83.71092987060547,1170200
2022-11-17,82.46013030054469,84.13712619408749,81.90422072350927,84.11859893798828,679600
2022-11-18,85.17484091447794,85.4435321117269,84.05375444450628,84.34097290039062,854000
2022-11-21,83.72946514267342,84.60038757771346,83.34958922929957,83.80358123779297,864400
2022-11-22,84.29463425122488,84.34095592287633,83.22913684041471,83.83137512207031,622700
2022-11-23,83.48857083382349,84.59112995543951,83.44224208784287,83.9888916015625,640200
2022-11-25,84.36874900180996,84.80421370731393,84.23903701320535,84.38728332519531,261900
2022-11-28,83.8498986576111,84.27609618927548,82.67322363201305,83.08088684082031,621700
2022-11-29,82.84926785074944,83.73872460443535,82.46013184640697,83.21060943603516,738900
2022-11-30,83.31253306179066,86.15694427490234,82.71956184965349,86.15694427490234,2178800
2022-12-01,86.66652478907605,87.76908385554786,86.25885446491361,87.42626953125,1484500
2022-12-02,86.28664689159892,87.50965076707833,86.28664689159892,87.38920593261719,644200
2022-12-05,86.81475315252635,87.83392883505846,86.49974035521493,87.00006103515625,815800
2022-12-06,86.99081531549045,87.60232087573476,86.2773992306468,87.55599212646484,1490600
2022-12-07,87.28729289121162,87.91732565186128,86.79623929679443,87.4077377319336,1019600
2022-12-08,87.4818526269855,88.68632919544527,87.2687573851766,88.58441162109375,725100
2022-12-09,88.29721442547441,89.01989771258594,88.01925605253533,88.04705047607422,797900
2022-12-12,88.0470334612852,89.28857166670834,87.53745263440506,89.27930450439453,760500
2022-12-13,91.8087087603158,92.03107827527307,88.89018133144234,89.7425765991211,962300
2022-12-14,89.64919135124848,90.88148237206644,88.53825978888048,89.42514038085938,876500
2022-12-15,88.36089509630605,88.37023263139271,86.39109541771397,86.55913543701172,854600
2022-12-16,85.56024002733507,86.0643601274799,84.86007440865384,85.13080596923828,1963300
2022-12-19,84.67335797608166,85.10279914989894,83.81448987335284,84.29994201660156,700100
2022-12-20,83.95452169173579,84.47730971598506,83.4877446350982,84.36528778076172,785900
2022-12-21,85.2054769635611,86.29774064017263,84.8974095330601,85.94298553466797,713200
2022-12-22,85.3268467937907,85.56023532051198,83.31970403949717,84.97209167480469,688000
2022-12-23,84.94408052339013,85.3548465821965,84.02920154826046,85.1961441040039,477100
2022-12-27,84.69205239768638,85.90566878818548,84.39331528837612,85.6816177368164,479500
2022-12-28,85.64425912527032,86.22306528532171,84.13190590062662,84.25326538085938,543000
2022-12-29,85.08411874131646,86.8952159454909,84.79471925413691,86.67115783691406,501500
2022-12-30,85.6629171041497,86.4564365803065,85.27081901076656,86.15769958496094,752800
2023-01-03,86.82052797171522,87.86611108771547,86.35375093960923,87.35265350341797,976200
2023-01-04,88.37957015253569,90.06930801650809,87.9594736317285,89.19176483154297,930500
2023-01-05,88.5849453653141,89.6025230079636,87.884779810974,88.98637390136719,829900
2023-01-06,89.95728471985115,92.25382723386922,89.51851309924443,91.60967254638672,819400
2023-01-09,92.58988399080934,93.80350701339036,91.54430096947104,91.70301055908205,1133300
2023-01-10,91.54431845248418,92.65525017966716,91.29226196370848,92.34717559814452,776300
2023-01-11,92.77661193161372,93.52345812529774,92.58056640832363,93.29006958007812,747500
2023-01-12,93.35542320907642,93.35542320907642,91.3669552588064,91.62834930419922,994900
2023-01-13,90.59209999005816,91.96442579709694,90.45206543623624,91.68435668945312,1143900
2023-01-17,91.45095322068836,92.37516972920524,91.20822717516045,91.2829132080078,1069400
2023-01-18,91.68434484555397,92.50586986742182,90.13464878482218,90.2093276977539,1014000
2023-01-19,89.32245512230573,89.9105916316715,88.41690652041937,89.00504302978516,1225500
2023-01-20,89.33181458615121,90.4520769139734,88.4916142790575,90.41473388671876,5530700
2023-01-23,90.40539074194352,92.24449376605304,89.83592919837997,91.96443176269533,1075500
2023-01-24,91.71235133807043,91.98308287747956,90.36803829861626,91.6376724243164,1129200
2023-01-25,90.75080849159984,92.37519090491028,90.20934531301177,92.06712341308594,763400
2023-01-26,92.57122902349468,92.88863400231328,91.2735822571376,91.77770233154295,546800
2023-01-27,91.74036339091418,92.5618956031135,91.34827235642976,92.13246154785156,753600
2023-01-30,91.33893298909122,92.34717316250789,90.81614495359491,90.89083099365234,583600
2023-01-31,90.96552412770224,92.3098373413086,90.53609004756169,92.3098373413086,650800
2023-02-01,92.26316768927671,94.71841278812072,92.01110405469876,94.39167022705078,910000
2023-02-02,95.57728240134988,97.42572296667667,95.32522588548674,96.13742065429688,1352800
2023-02-03,95.15718403376198,95.61462361739063,94.25163528074452,94.79309844970705,702100
2023-02-06,93.57946509955156,94.04624217005156,91.67501379721726,91.91773986816406,767700
2023-02-07,91.3762818504738,92.44053306074082,90.50807616605034,92.1884765625,864300
2023-02-08,91.43229082463864,91.72169031642676,90.21866764577103,90.54541015625,660000
2023-02-09,92.18848382348732,92.18848382348732,89.47183748899964,89.84526062011719,1049300
2023-02-10,89.38780596328917,89.80790246348286,89.15441743596988,89.53717803955078,730500
2023-02-13,89.57452058898704,91.26425849554566,89.34113204433365,91.25492095947266,688800
2023-02-14,90.78813576198608,91.45095831491145,89.9946162055235,90.84414672851562,575100
2023-02-15,90.0506348616112,91.84305716813896,89.8545893395647,91.6563491821289,744300
2023-02-16,90.3960414277881,91.58165195127116,89.90125891509551,90.6947784423828,566700
2023-02-17,90.18132630719008,90.84414887578244,89.42514975135775,90.5640869140625,1213200
2023-02-21,89.52784072488576,89.63053224695562,87.0259154209568,87.71674346923828,1618200
2023-02-22,90.4520674687988,91.69369628615884,88.32356499472638,91.30160522460938,1619500
2023-02-23,92.30983425383182,94.2422911110563,92.16980682555354,94.19561767578124,1403800
2023-02-24,92.95399762016176,93.01000859671927,91.15223760887248,91.76838684082033,1390800
2023-02-27,92.66458794452144,92.93531950569948,91.38561618084314,91.84305572509766,955600
2023-02-28,91.29226753209028,92.22582174701404,91.29226753209028,91.60967254638672,950500
2023-03-01,91.27357975990653,91.94573984072346,90.04128865255957,90.32135772705078,812400
2023-03-02,89.76122704862503,91.82438072985728,89.62119251083635,91.64700317382812,1258000
2023-03-03,92.27249836078654,92.7579505578326,91.84306426183268,92.6645965576172,933300
2023-03-06,93.196722981792,93.78485959833186,91.64701949978485,91.86174011230467,762800
2023-03-07,91.95507786360804,92.56188944658936,91.46029533550792,91.74969482421876,922600
2023-03-08,91.62834761925912,92.02977621657448,91.21758148550757,91.60967254638672,907200
2023-03-09,91.5723342993158,92.5432315881709,90.2840319796091,90.34938049316406,1268800
2023-03-10,90.4707241806118,90.4707241806118,88.17417500630042,88.7249755859375,725300
2023-03-13,87.62338295643269,90.36803411923884,87.30597087846124,89.55583953857422,1210600
2023-03-14,91.20209264151922,91.4090505821422,89.7534014112948,91.27735137939452,808700
2023-03-15,90.09205268744418,90.919884461972,88.89735070884387,90.20494079589844,776000
2023-03-16,89.67814898306476,91.99230150753976,89.45237275355346,91.54075622558594,868100
2023-03-17,92.00171480468056,92.00171480468056,89.88511100252138,90.32723999023438,1551500
2023-03-20,90.58123447099284,91.89823379874896,90.58123447099284,91.0798110961914,557000
2023-03-21,91.83237111108168,92.3027274342088,90.85402909772914,91.58778381347656,413100
2023-03-22,91.1550641509561,91.97347962535694,89.62169782155037,89.6499252319336,649100
2023-03-23,90.63765427356265,91.09860142119602,88.85970809848085,89.45235443115234,750000
2023-03-24,89.17015914175828,90.39308136536911,88.73743215398197,90.23316192626952,659800
2023-03-27,90.72233701164905,91.30557430471356,90.32723221468488,90.68470764160156,999500
2023-03-28,90.72234521326916,91.1738833405224,90.5247963854622,91.00455474853516,603900
2023-03-29,92.114597791237,92.66021295039585,91.68187075444284,92.61317443847656,617100
2023-03-30,93.37515862255134,93.43159909635838,92.67902595260722,92.96124267578124,549800
2023-03-31,93.5915023842779,95.28478807658414,93.4974325518316,94.9367218017578,912300
2023-04-03,94.89909122720468,95.39767496926268,94.30644483096408,94.7485809326172,992400
2023-04-04,94.53222629272948,94.88029260890396,93.69499248348318,94.14653778076172,646100
2023-04-05,93.8360983803463,93.93016822150432,92.0675609645417,92.37799072265624,642400
2023-04-06,92.1616263307011,92.62257355394178,91.68186083390124,92.23688507080078,562300
2023-04-10,91.74771711923894,92.44384257318882,91.39024884333368,92.43444061279295,671800
2023-04-11,92.9612401523778,93.43159656018726,92.48147460683278,92.744873046875,744900
2023-04-12,93.6667596383498,93.911346940493,92.20865213877477,92.45323944091795,785200
2023-04-13,93.04589263426683,93.77964736064663,92.90478429987044,93.55387115478516,898000
2023-04-14,93.45980279182348,94.66391386705436,92.64138735819492,92.99885559082033,656800
2023-04-17,93.30930385789394,93.68558323192067,92.57554903064516,93.62914276123048,928000
2023-04-18,94.14651960676636,94.41932712455365,93.00825821142008,93.54446411132812,825600
2023-04-19,93.10234734685216,93.17760609365796,92.19926391639004,92.33096313476562,648400
2023-04-20,91.9076292818755,92.54731421444276,91.87940904878802,92.36858367919922,740700
2023-04-21,92.73546407760688,92.84834501362572,91.68186321999605,91.93585968017578,891700
2023-04-24,92.12399035903016,92.2933189235861,91.2773475362506,91.90762329101562,514300
2023-04-25,91.3808354638919,91.89823034440572,90.27079413784573,90.38368225097656,582800
2023-04-26,90.2049412348698,90.40249004282484,89.26422852437825,89.55584716796875,606900
2023-04-27,90.0826542936754,91.3714261584677,89.7439971319757,91.19269561767578,748700
2023-04-28,91.07980128181988,92.4062096040296,91.05158104978446,92.34976196289062,585700
2023-05-01,92.1898550624548,93.2434559897706,92.1898550624548,92.49088287353516,915200
2023-05-02,92.12398594975652,92.26509427631068,90.11086154364908,91.40904235839844,1028400
2023-05-03,90.34605724649794,94.7391842549376,90.34605724649794,94.14653778076172,1532300
2023-05-04,94.2970431240193,96.42305592771196,93.657358173221,95.55760192871094,1001800
2023-05-05,96.47949605998204,98.05989374604256,96.26313614951847,97.62716674804688,888500
2023-05-08,97.78708153859743,97.83412004406132,96.96866608924483,97.42020416259766,512400
2023-05-09,96.84638678384223,98.32330569790402,96.75231693255904,97.7965087890625,594400
2023-05-10,98.77484953934858,98.77484953934858,96.3478086567422,97.6742172241211,673100
2023-05-11,97.72123193718896,97.72123193718896,96.178463695275,97.42020416259766,688600
2023-05-12,97.8153156995192,98.2104133352404,96.93104341065568,97.61775970458984,440700
2023-05-15,97.62715792513346,98.39854201307716,97.45782936060591,97.66478729248048,582800
2023-05-16,96.90282891869457,97.29792657782912,96.0749970495716,96.59239196777344,674100
2023-05-17,96.9968843551023,97.10977245968584,96.27253157722704,96.84636688232422,620800
2023-05-18,96.89341993639928,98.21041931269622,96.62061235882518,98.07872009277344,563800
2023-05-19,98.11633838753691,98.6149149748134,97.60835266359432,97.83412170410156,505000
2023-05-22,97.74006048060986,99.38630786587542,97.74006048060986,98.6055145263672,599200
2023-05-23,97.86233864868689,99.2075580639993,97.63656961576588,97.88115692138672,736700
2023-05-24,97.3073289325788,97.50487774837563,96.46068602411476,96.62060546875,730000
2023-05-25,97.08155223594213,97.89056576933068,96.89341255811304,97.49546813964844,507900
2023-05-26,97.76828707398276,98.43619233819098,97.49547948543528,97.6742172241211,689600
2023-05-30,98.2480402796207,99.40511292380046,98.12574303082204,99.24519348144533,924800
2023-05-31,98.90653162383904,99.77198557589244,96.91221813787104,97.03451538085938,1969000
2023-06-01,97.072152799411,97.8999774512745,96.291359479693,97.71183776855467,784800
2023-06-02,98.98179342758728,100.91025019502491,98.79364657757267,100.15768432617188,906600
2023-06-05,99.90369042707506,100.1388686128046,98.7748380064008,99.2734146118164,539800
2023-06-06,99.68731457967614,100.15767087594556,99.09466105305344,99.17932891845705,548100
2023-06-07,98.94416732343248,100.01657928417325,98.54906969096352,99.65911102294922,680000
2023-06-08,99.4145061956747,99.49916688326913,98.6431221636332,99.37687683105467,651000
2023-06-09,99.565037176066,99.69674356815072,98.47381408349683,99.0946807861328,393900
2023-06-12,98.87832347171717,100.24235416764292,98.62432699530092,100.05421447753906,704600
2023-06-13,100.11063812745492,101.2677178406687,99.62147070913878,101.19245910644533,647900
2023-06-14,101.35237618755257,101.66281307623645,99.41451047710368,100.2329330444336,685800
2023-06-15,99.58384377074012,100.6280354080852,99.34866560335732,99.85665130615234,797100
2023-06-16,100.67127401208208,100.94597068093914,100.01768513698184,100.4060516357422,1381400
2023-06-20,99.62932650105672,100.18818690808833,99.07993315983504,99.85665893554688,565200
2023-06-21,99.25044052432854,99.63880704995388,98.53054600534512,99.07046508789062,744500
2023-06-22,99.070455258452,99.0799295506846,97.7159277666619,97.9432601928711,511100
2023-06-23,96.8444777503456,97.2423185469244,95.61308709710669,96.20036315917967,1103600
2023-06-26,96.20985066972924,97.28021462892188,96.20985066972924,97.07183074951172,540000
2023-06-27,96.96762293156245,98.18954653224732,96.8350117401797,98.0379867553711,492100
2023-06-28,97.62121119937686,98.00010344042992,96.61715290333942,96.9770965576172,619800
2023-06-29,96.61712906615988,98.45475128449334,96.36138102193854,98.1326904296875,767900
2023-06-30,98.2842715259838,99.1462443028298,98.08535473132704,98.78630065917967,910300
2023-07-03,98.79578091246243,98.87155358159232,98.16113331777336,98.2748031616211,431400
2023-07-05,97.73486602767436,99.7903465441978,97.2328369567672,99.69562530517578,1217100
2023-07-06,98.72947135538044,101.98792725403484,98.52108026339153,101.7416534423828,1320100
2023-07-07,101.73217408599436,102.1963132598356,99.1557156710286,99.48724365234376,1345500
2023-07-10,99.89454453620878,101.61849714524377,99.65773781943602,100.49129486083984,985100
2023-07-11,100.87967235415434,101.53326127633864,100.26397337800068,101.45748138427734,990400
2023-07-12,102.32891810436963,102.51836781534575,100.87018785030756,101.05016326904295,854700
2023-07-13,101.19224406152132,102.12052230864904,101.12593847244078,101.90266418457033,709200
2023-07-14,101.66585593197114,101.66585593197114,99.53459559521086,101.05963134765624,614000
2023-07-17,100.62392340714544,101.21119949876956,100.23555688366788,100.78495025634766,492900
2023-07-18,101.01227429364997,102.2247235484314,100.69022062205948,101.77952575683594,743800
2023-07-19,101.618498549644,102.02580639719297,100.8322985046687,101.99739074707033,662900
2023-07-20,101.48588670389007,102.148942624994,100.58602406428228,100.99333190917967,988000
2023-07-21,101.56165028477352,101.84581396530152,100.29236271942936,100.37761688232422,1006900
2023-07-24,100.18818473781845,101.23014009576043,100.07452213641942,100.2829132080078,572700
2023-07-25,100.17872187139145,101.03122755145672,100.1218833415418,100.87019348144533,605300
2023-07-26,100.72810938724422,100.9175591114113,99.6577455460804,100.04611206054688,753700
2023-07-27,100.6523249478088,100.6523249478088,99.55353835650426,99.62931823730467,728700
2023-07-28,100.3207942483946,100.34920989622276,99.12728645224163,99.16517639160156,1017400
2023-07-31,99.45882562225786,100.34922123087044,98.9283808648382,100.3018569946289,980500
2023-08-01,99.89455554859218,100.91756241225106,99.7145801114388,100.73758697509766,1434600
2023-08-02,99.96085057533053,102.75517418181894,98.36950914242288,102.04475402832033,1625700
2023-08-03,101.32486643381895,102.8309537922236,100.6712775358414,100.70916748046876,1181300
2023-08-04,100.57656193300582,101.94057110907958,100.10294843873226,100.5291976928711,636400
2023-08-07,101.06910042755482,101.17329595757067,100.32079758728406,100.51971435546876,595300
2023-08-08,100.4155301358365,100.77547377212748,99.00415678911112,99.38304901123048,760500
2023-08-09,99.23149282451786,99.59143644762744,98.17059608678804,98.96627044677734,545300
2023-08-10,99.32620020688188,99.7524493649348,97.81063881220103,98.31266784667967,537700
2023-08-11,97.9243107163852,98.3032029077941,97.51700287530493,98.04745483398438,479800
2023-08-14,97.67804202467462,98.72946447790888,97.67804202467462,98.5305404663086,529000
2023-08-15,97.9432589625998,98.07587014512008,96.96761645115762,97.54542541503906,529500
2023-08-16,97.43175329956178,98.1611147862774,96.9013085819504,96.92024993896484,416900
2023-08-17,97.09075838909224,97.79170427982092,96.07722588327192,96.41822814941406,541700
2023-08-18,95.67937650707368,96.52240774053898,95.39520558998278,96.19087982177734,547200
2023-08-21,96.2571970083672,96.7213361505808,95.94461040724136,96.33296966552734,452200
2023-08-22,96.52241897449066,97.696978263421,96.23824802432596,97.2707290649414,541900
2023-08-23,97.59277840426238,98.81470187297984,97.44122587052168,97.90536499023438,711500
2023-08-24,97.848535421552,98.54948125936237,96.910775647074,96.92024993896484,468400
2023-08-25,97.16653539149684,98.35056899523384,96.79711748527232,97.8958969116211,455400
2023-08-28,98.16111721608036,99.5251262114358,98.16111721608036,99.15570831298828,493300
2023-08-29,99.08940275180292,100.08399384901352,98.8525960359687,99.93243408203124,592800
2023-08-30,99.78087406938492,101.3153841858488,99.68615282863792,100.2639617919922,581100
2023-08-31,100.40606169159412,101.3153987415888,100.26397619667684,100.4250030517578,1026700
2023-09-01,101.17329304191468,101.17329304191468,99.60090029867786,100.44393157958984,754500
2023-09-05,100.13135916255496,100.32080888699868,99.00415678911112,99.38304901123048,651700
2023-09-06,99.1367715850167,99.60091074609008,97.90537371484255,98.18954467773438,858200
2023-09-07,97.49807440433244,97.84855099239331,96.43717757351972,97.30863189697266,914800
2023-09-08,97.52647963291749,98.03798302023516,97.15706172431597,97.34650421142578,637900
2023-09-11,97.53595133321303,100.01768109152908,97.37492450077234,99.98926544189452,958800
2023-09-12,99.52512777071348,100.22607363685631,99.12729421642436,100.05557250976562,573600
2023-09-13,100.18817277448984,101.0027883788264,99.68614374021033,100.86071014404295,821600
2023-09-14,101.5188277096074,101.88125607126682,100.80350340449834,101.64281463623048,611800
2023-09-15,101.23268752913312,101.91939997510232,100.90841069445578,101.21361541748048,1226500
2023-09-18,101.4615803532214,102.5298004284434,101.21360654021322,102.1006088256836,795600
2023-09-19,101.82402175130824,102.31997668231917,100.57458381493733,101.50927734375,630800
2023-09-20,101.7572584572668,103.00668911710228,101.69049515353488,101.84309387207033,539000
2023-09-21,101.67141236428876,101.67141236428876,100.18354034423828,100.18354034423828,814000
2023-09-22,100.41244349346375,101.700025627494,100.23122569680211,100.44105529785156,423800
2023-09-25,100.193084722019,100.75580296429102,100.00232722549542,100.5269012451172,617000
2023-09-26,100.10724784365082,100.11678753819469,98.40954604758794,98.45723724365234,665000
2023-09-27,99.04856732558376,99.09625852164818,97.90405138658662,98.45723724365234,525100
2023-09-28,98.47629609189984,100.50781415681531,98.40953279239524,100.2884521484375,626500
2023-09-29,101.4043636415068,101.48066663992236,99.95464305488343,100.33614349365234,616700
2023-10-02,99.8115735351232,100.23122545957465,98.4572281018422,98.72428131103516,842800
2023-10-03,98.438148714526,99.20116412078092,98.3141618035876,98.72428131103516,458900
2023-10-04,98.92456663506093,99.61127901354628,98.11386735138112,99.28699493408205,678600
2023-10-05,99.17255838590874,100.02140925707432,98.57168135179616,99.7543487548828,593000
2023-10-06,99.32516043562154,101.5474362858344,98.7910539666675,101.22315216064452,653700
2023-10-09,100.93700743074793,102.38672782951376,100.5364276559558,102.21504974365234,483600
2023-10-10,102.97809124532992,104.55180621954362,102.6728864903098,102.8254852294922,935100
2023-10-11,103.08299276928108,103.8555406140357,102.9494661609693,103.70294189453124,473200
2023-10-12,103.83646482902398,104.17982103157878,102.14829562035384,102.61563873291016,511700
2023-10-13,102.42489609515536,102.8731671303422,101.74772333355668,102.04338836669922,541000
2023-10-16,102.7968688923243,103.2832914505602,102.41536114619132,102.86363220214844,551800
2023-10-17,102.01476449239328,102.98760944870408,101.0323871195734,101.89077758789062,564400
2023-10-18,101.06100434494148,101.25176183516604,100.1644623325215,100.2026138305664,521200
2023-10-19,100.1454071308987,100.8702711628335,99.36331948056171,99.50638580322266,500000
2023-10-20,99.79251093646724,99.79251093646724,97.95174269009946,98.5049285888672,595400
2023-10-23,98.19016882776664,98.3809263200116,97.19825897470986,97.26502227783205,647000
2023-10-24,97.64651941708468,98.11386979983853,96.91212310749928,97.60836791992188,704500
2023-10-25,97.20780330884536,97.63700226152274,96.59739381213797,97.03612518310548,632800
2023-10-26,97.01703924058614,97.59883684618048,96.14910904066028,96.1968002319336,776800
2023-10-27,96.025121761113,96.56876786692732,95.00459285101756,95.09996795654295,603600
2023-10-30,95.8057543745514,96.97888929813902,95.36702305908692,96.59738159179688,856700
2023-10-31,96.79767179933133,98.05664214049068,96.79767179933133,97.78958892822266,833400
2023-11-01,101.74772021695092,109.98825488190931,101.576042108237,108.28101348876952,2697400
2023-11-02,109.16800984728437,109.48275424209788,106.83128703485332,109.1584701538086,1163700
2023-11-03,109.67350948225592,111.07554614468556,109.61628587208472,110.2648468017578,750500
2023-11-06,110.15993064854838,110.97062998154016,110.0168643482194,110.91340637207033,613000
2023-11-07,110.91341044704464,111.0660091701222,109.19662933333076,109.39691925048828,833200
2023-11-08,109.76887870036516,110.99923718959607,109.4541415846604,110.7131118774414,789200
2023-11-09,111.00878278406816,111.00878278406816,110.00732594665573,110.02640533447266,482100
2023-11-10,110.6368272867232,111.24723678617268,110.18855621879663,111.22816467285156,458300
2023-11-13,111.06600067072594,111.47612016780324,110.6463487568858,111.09461975097656,563000
2023-11-14,111.87670024565932,114.05128450274,111.87670024565932,113.43133544921876,662200
2023-11-15,113.43133981672376,114.690310081227,113.32642502162732,113.34549713134766,589900
2023-11-16,113.0307631863028,113.94637728823626,113.0307631863028,113.6220932006836,506900
2023-11-17,114.13713393789118,114.31835174047436,113.67933049941868,113.98453521728516,1453100
2023-11-20,113.74609835896668,114.83339066469706,113.29782731988128,114.51864624023438,449000
2023-11-21,114.36603204509318,114.94782234345725,113.75561539082295,113.80330657958984,1065900
2023-11-22,114.47093241732688,115.28163891583829,114.21341893335908,114.80475616455078,499200
2023-11-24,114.7189332571078,115.6631592299302,114.7189332571078,115.43425750732422,254400
2023-11-27,115.43425314737638,116.2926436705456,115.186272045871,115.85391235351562,659700
2023-11-28,115.95882857944096,116.61692192474251,115.49147817535268,115.7776107788086,823200
2023-11-29,116.02558875477234,116.54062306111264,115.36748815056184,115.4056396484375,559900
2023-11-30,115.53917704976068,116.83629899213224,115.37703862612794,116.58831787109376,1653500
2023-12-01,116.39756793553984,117.99989461684474,116.07328381079763,117.92359161376952,575000
2023-12-04,117.28456593028568,118.77243805109336,116.68368889945594,118.4386215209961,1106200
2023-12-05,118.04757410241454,118.86781316302766,117.55161915436352,118.4386215209961,720600
2023-12-06,118.89641728460158,120.16491993935284,118.362303627,119.2969970703125,932600
2023-12-07,119.2779219535784,119.602206036942,118.24786065011816,118.63890075683594,630300
2023-12-08,118.71519604358676,119.14438761911236,118.40045167398613,118.82964324951172,644600
2023-12-11,118.66751722440982,119.87880364215026,118.34324040495444,119.41145324707033,616400
2023-12-12,119.35422828195884,120.07909218562553,118.92503666657892,119.7261962890625,610600
2023-12-13,120.0600025752955,121.1186828981835,118.96317803457411,121.02330780029295,962000
2023-12-14,121.66603748843168,121.66603748843168,119.88176798815222,120.48611450195312,960600
2023-12-15,120.48612539566732,121.48378210141684,120.05445032088818,120.99454498291016,3125400
2023-12-18,120.34223966866205,121.35908623291937,119.96811929272398,121.31111907958984,582300
2023-12-19,121.32070844841934,122.2320257700935,121.32070844841934,121.86750030517578,659000
2023-12-20,121.58930472400236,122.9035197439164,120.87943627624703,120.91780853271484,623500
2023-12-21,121.8099373543046,122.26079487832985,121.32070025694706,122.23201751708984,486200
2023-12-22,122.21283860244888,123.55583827651613,122.20324370883684,122.84596252441406,730100
2023-12-26,122.64451520278456,123.80524850651628,122.5677706904487,123.66136169433594,488000
2023-12-27,123.7476950832118,124.05467313578404,123.114563827921,123.4311294555664,443300
2023-12-28,123.30641992866148,123.80525195397546,123.02823387152682,123.51746368408205,440100
2023-12-29,123.1721201322166,123.6997295183885,122.86515671322891,123.3064193725586,622300
2024-01-02,122.35672499931346,123.36397652090092,120.89860865032507,121.4070281982422,1023300
2024-01-03,120.43815336564217,120.86023350392226,118.8937049728503,119.09515380859376,728100
2024-01-04,118.89371648366318,119.62276739253024,118.71145009706666,118.76900482177734,660900
2024-01-05,118.74022594089224,119.2966126685118,117.64664227281764,117.84809112548828,864600
2024-01-08,117.0902496729927,118.17424571188089,116.76409649514746,118.01116180419922,795200
2024-01-09,117.2245656639656,117.53153641826324,116.38039791933711,116.91759490966795,934700
2024-01-10,117.67541717803935,118.43325274250788,117.36844645865104,118.23180389404295,567200
2024-01-11,118.23179957708206,118.51958781795788,117.01351163739368,118.1646499633789,621400
2024-01-12,119.14311347660664,119.2294528739584,118.3469130274671,118.80736541748048,521000
2024-01-16,118.18384776920996,118.72105206731544,117.52194643930493,118.55796813964844,703600
2024-01-17,117.97280348256136,118.60592740630004,117.74256994778416,118.346923828125,699200
2024-01-18,119.0280175564948,119.50765978650765,118.12628782206752,119.2198715209961,612800
2024-01-19,119.65155410988916,120.8890246247854,119.4309154634775,120.37101745605467,1334300
2024-01-22,120.91780989593312,122.17447020469277,120.91780989593312,121.55093383789062,658900
2024-01-23,121.31108604952496,122.06892148947875,120.76429431674283,121.87706756591795,745200
2024-01-24,122.52939517623406,122.52939517623406,119.92972810626794,120.0160675048828,632500
2024-01-25,119.7186949988824,120.3997860386656,119.09515868059216,119.94892120361328,675200
2024-01-26,120.2846691300288,120.63001209608292,119.31578984644588,119.6611328125,488100
2024-01-29,119.31579385476232,120.11200168206612,118.69226483504568,120.0928192138672,459400
2024-01-30,118.93208494680871,118.9896396696839,116.78328258851772,116.89839935302734,1038900
2024-01-31,116.89840767720476,116.89840767720476,114.44264174286816,114.6249008178711,935900
2024-02-01,115.15250833757456,116.10219791098704,114.29874574714398,116.08301544189452,708400
2024-02-02,115.08535117968204,116.0158582230551,114.41384770527176,115.50743865966795,722000
2024-02-05,114.6536728248784,115.89115062831546,114.45222397112254,114.99901580810548,734400
2024-02-06,115.28680990048888,116.96555775215757,115.17169312733522,116.8504409790039,570100
2024-02-07,116.85043409156695,117.24374422092284,116.0734160451684,116.77369689941406,708100
2024-02-08,117.07107742312093,117.47397514342002,115.93912145745226,117.33967590332033,596200
2024-02-09,117.291699796566,118.66347677463617,116.93676925430027,118.25098419189452,599500
2024-02-12,118.25099080367492,118.88412205299645,117.95361496649876,118.58674621582033,714000
2024-02-13,116.92718341902548,116.92718341902548,115.17169108308032,116.18853759765624,538800
2024-02-14,116.82166679114448,117.88647318579278,115.81442244401772,117.82891845703124,723700
2024-02-15,117.96319811259649,118.9896320780189,117.88645360781976,118.9128875732422,644700
2024-02-16,118.59632529636094,118.74021941715122,117.1286213655699,117.22454833984376,1602400
2024-02-20,116.65857549726702,118.43325015872504,116.26526538354048,117.75215911865234,1233300
2024-02-21,124.69739238982348,132.25654399110763,123.64217362742022,128.14122009277344,2561000
2024-02-22,129.28273412184012,129.28273412184012,125.85808254449869,128.4865264892578,2101500
2024-02-23,129.1580572208886,130.19408617904642,128.16999541253347,129.9926300048828,1236800
2024-02-26,129.4458637684575,129.97347321578204,127.73833838440446,129.71446228027344,1352300
2024-02-27,129.4938124307717,129.82955320383064,128.553703136161,129.20602416992188,936400
2024-02-28,128.64961291891396,133.81056693073782,128.64961291891396,131.70973205566406,1809500
2024-02-29,131.80568872259505,132.43882002614737,130.70251736680083,131.7577362060547,1627500
2024-03-01,131.42197210227332,132.75537692715326,131.22051592350584,131.83445739746094,927600
2024-03-04,131.47949809133306,134.74107335183297,131.42194337784167,133.9832305908203,1281500
2024-03-05,133.84895722845616,134.52045341139183,132.66904146147493,134.3861541748047,1149200
2024-03-06,134.91372421092078,136.00730757214887,133.84891820360542,134.25181579589844,999900
2024-03-07,134.77945762085008,135.88262882110243,134.0791841103643,135.6715850830078,917900
2024-03-08,135.709962805801,136.91865585862328,135.31665269584846,136.16082763671875,832100
2024-03-11,135.86346336398248,140.69825062358754,135.8346860010548,140.0459442138672,2714400
2024-03-12,140.13227746232027,142.82786448733077,139.40322653291966,142.40577697753906,1625600
2024-03-13,142.93337396857893,143.33627165547813,142.0604216615383,142.30984497070312,925500
2024-03-14,142.70508650390715,143.52451631902116,141.1819202549284,141.74105834960938,985700
2024-03-15,140.5649651993724,141.99172297606842,140.0926007429141,140.5071258544922,3466200
2024-03-18,140.9409344541345,141.5868316496532,140.56496400570109,140.7577667236328,586100
2024-03-19,141.037312692803,141.48075737723627,140.2082479459264,141.21083068847656,747500
2024-03-20,141.05663518028655,141.60612369043145,140.21792051336297,141.40367126464844,746700
2024-03-21,141.4711281955622,143.15817742447007,141.24940584424968,142.81112670898438,628400
2024-03-22,142.55085262775663,142.92682305688007,141.6253937452545,141.99171447753906,977300
2024-03-25,141.66396303782508,142.5315973784455,141.18194886300438,141.40367126464844,520700
2024-03-26,141.24939783964575,142.47370290525674,141.24939783964575,142.0977325439453,676000
2024-03-27,142.6376208960071,142.84969356979806,141.62538833017655,142.65689086914062,709500
2024-03-28,143.1003370281304,144.16075913820387,142.72436664830312,143.51486206054688,859600
2024-04-01,143.18711539358364,143.55345083728244,141.93387572137,142.0592041015625,625700
2024-04-02,141.8663852406863,141.8663852406863,139.97688360556634,140.49746704101562,737600
2024-04-03,140.71919254765612,141.35545466750156,140.5745942067378,140.7866668701172,549500
2024-04-04,141.7217987177592,142.03029484241574,139.62985901836092,139.6876983642578,552800
2024-04-05,140.16007871117853,142.3966315039297,139.9961956597984,142.2230987548828,603400
2024-04-08,142.5894105758818,144.04508782131285,142.50265157070237,143.64019775390625,818600
2024-04-09,143.91975012847303,144.12220250401265,142.27127029724295,143.04249572753906,537200
2024-04-10,141.54827939547656,141.92424985029916,140.1600762669302,140.70957946777344,637300
2024-04-11,141.19157651169192,141.7025102804196,140.56494935633893,140.8252410888672,509800
2024-04-12,139.6876859851011,140.16006511790474,137.53790713031984,137.9620819091797,740000
2024-04-15,139.0996212149117,139.66840902716007,135.8508509182266,136.54495239257812,900000
2024-04-16,136.63172058365964,137.94279960001958,135.927984075658,137.07518005371094,833900
2024-04-17,137.6150284894892,138.07775791660038,135.14711859835853,135.99546813964844,757700
2024-04-18,136.4099913621722,136.86308579649253,135.11819709449023,135.65805053710938,828200
2024-04-19,135.9858176821717,136.67991917390614,133.8649585507179,134.501220703125,2924100
2024-04-22,135.56163029009983,136.76666544688112,134.6265218316454,135.94725036621094,933200
2024-04-23,135.90867468804194,137.92350455607752,135.90867468804194,137.38363647460938,788100
2024-04-24,137.61502505640965,138.3187615211127,137.0848066063308,137.65357971191406,612600
2024-04-25,136.7570223966335,138.13557547394518,135.40738898458702,137.8849334716797,528200
2024-04-26,137.8464111789378,139.1285705763026,137.8464111789378,138.28985595703125,625300
2024-04-29,137.7114382574,139.98654546393627,137.7114382574,139.95761108398438,788500
2024-04-30,139.87085565129067,140.9794969678175,139.2153235002205,139.27316284179688,1185300
2024-05-01,147.73730918693587,158.8043478705518,145.56824591991722,157.54147338867188,2765300
2024-05-02,158.10062272803663,159.96119006889987,157.07875520301306,159.38278198242188,1361100
2024-05-03,159.82623838261625,160.45286557610623,158.26451731220504,159.99977111816406,972900
2024-05-06,161.11804327842006,161.8603344266533,159.8551686468533,161.841064453125,827900
2024-05-07,161.90854619017782,164.72350699400334,161.18552498238313,163.84625244140625,878600
2024-05-08,163.26782959120885,164.03905515483734,162.94969849459068,163.84625244140625,542400
2024-05-09,164.03905636787633,164.03905636787633,162.3905615295563,163.20999145507812,552500
2024-05-10,163.48953360611952,163.59557729307693,162.18810440426296,162.853271484375,737200
2024-05-13,163.08465454761748,163.71128172553287,162.72796880827872,163.267822265625,369800
2024-05-14,163.35457522448974,164.62709950672289,162.9786048156305,163.79803466796875,506600
2024-05-15,164.1450970658666,164.9452422922995,163.9908490128401,164.41502380371094,597000
2024-05-16,164.67531923352112,165.08020934933344,163.83660462014163,163.8655242919922,526800
2024-05-17,164.44391913564203,165.30190357749396,163.40276699666973,164.7909698486328,525800
2024-05-20,164.84882313934943,165.46580060246902,163.56666386085504,164.06796264648438,529800
2024-05-21,164.0197583829686,164.82953854564434,163.39314593302018,164.58853149414062,510100
2024-05-22,161.37831477169033,163.007524783029,155.30494888052905,156.23040771484375,1321500
2024-05-23,156.43285228486266,157.51255910752707,155.02536471111608,156.8762969970703,890100
2024-05-24,157.84034118480616,158.49588804366985,156.69314521422248,157.91746520996094,541600
2024-05-28,157.05946526332968,157.46435532328243,156.03759777251048,156.55816650390625,704900
2024-05-29,155.67125488892492,157.12694674753752,155.28564952936884,155.84478759765625,471100
2024-05-30,156.63531003725237,159.01646105381192,155.99906255514125,156.91488647460938,778900
2024-05-31,156.82809824751703,157.96565915621747,155.64234769743578,157.95602416992188,1398400
2024-06-03,157.43545043369227,158.10063227673385,156.6835095789245,157.32940673828125,624000
2024-06-04,156.8666809342765,158.3127233361707,156.81847657889924,157.16552734375,528700
2024-06-05,157.5703980310837,158.25486448931326,156.83774193332007,158.10061645507812,506600
2024-06-06,158.36093628172318,160.08654050256334,157.51258665275785,158.01388549804688,390200
2024-06-07,157.42582217663565,158.66941219425144,157.1848151049353,157.3872528076172,324300
2024-06-10,157.04019039537874,157.1365991008743,155.24709732644502,156.770263671875,527100
2024-06-11,156.16291799445335,156.17255297993694,154.4372994492907,155.70982360839844,870800
2024-06-12,157.22336127558313,159.51775318146574,157.00163890036276,158.28379821777344,588300
2024-06-13,158.11023689355235,158.95858629388823,154.77470804205134,156.1050567626953,809600
2024-06-14,154.74582088819483,155.32422902002506,152.96236271776783,153.7914276123047,561600
2024-06-17,153.90763330613188,155.7963795316211,153.40398144009367,155.26365661621094,605200
2024-06-18,155.45735153298992,156.0094501559024,154.527506665752,155.67044067382812,501500
2024-06-20,155.33146400911082,156.30974112038334,154.19822503671168,154.93435668945312,539800
2024-06-21,155.2636546199733,156.39689347306597,154.27569711494982,156.3775177001953,1329100
2024-06-24,156.4550147548058,158.35344155883615,156.09664422328694,157.19113159179688,423800
2024-06-25,156.8424591463822,157.0942998978627,154.8568780853551,155.2733612060547,395800
2024-06-26,155.14742834813373,156.38722667089,154.70188898878354,156.09664916992188,609400
2024-06-27,156.1063319427288,156.96836918122057,155.55424798428996,156.91993713378906,476700
2024-06-28,156.80370774885057,158.79898390154003,156.33879262089027,157.8013458251953,1139700
2024-07-01,157.87882788635943,159.20578017661464,156.00947217174837,156.0385284423828,754500
2024-07-02,155.6801586089547,156.82309289189425,155.25398022478694,156.41629028320312,808000
2024-07-03,155.91262219927654,156.34848107763932,153.90765066766707,156.0869598388672,442600
2024-07-05,156.43561995810953,157.11363894956298,155.0602357623721,156.84242248535156,819200
2024-07-08,157.53014347983137,158.2081477844665,155.88355737446452,156.45501708984375,545900
2024-07-09,156.46470755281518,157.7335622072733,155.97073612355874,156.41629028320312,744300
2024-07-10,157.6850945912314,158.3727792819827,156.4356159940791,158.31466674804688,614000
2024-07-11,158.65369715037238,161.94686926219157,158.65369715037238,161.52069091796875,857900
2024-07-12,162.2374532394508,165.30785580484428,162.2374532394508,163.49661254882812,734200
2024-07-15,163.74843688142158,165.472511304525,163.0220005308088,164.77513122558594,900800
2024-07-16,165.62749822702432,168.48481176102845,165.10447052502684,168.2814178466797,661100
2024-07-17,168.28140734221836,169.02720468745815,167.15784890656735,167.5646514892578,611500
2024-07-18,167.0803710415158,169.51150619232342,164.84294930705298,165.70498657226562,826000
2024-07-19,165.7049773928409,166.38298170218195,163.8840388654231,164.72671508789062,666700
2024-07-22,165.02695767733158,167.3806041556152,165.01726240135545,167.30311584472656,532500
2024-07-23,167.33218487858,167.54527405493295,166.4023546357535,166.69293212890625,341000
2024-07-24,167.1772330425953,168.96910059554332,166.18927541842595,167.40968322753906,912900
2024-07-25,167.47747653749883,169.7342738235329,166.35391814301764,167.9520721435547,560600
2024-07-26,169.05626962883937,172.9015407564356,168.32983324119854,172.34945678710938,1059500
2024-07-29,172.34944975212662,172.56253893282093,170.82876921529785,171.01280212402344,758500
2024-07-30,172.824046593793,174.11226218452998,171.61331932197845,173.70545959472656,1211400
2024-07-31,169.93766940384015,171.62300701228372,164.26177961330345,165.86962890625,1939300
2024-08-01,166.52825404884342,168.61071368979674,164.5329779981755,165.6855926513672,1159200
2024-08-02,164.00995169532624,164.93978191131112,160.79425314819858,163.22540283203125,943900
2024-08-05,158.49872396555222,158.84741400209808,155.66078640705868,156.5518798828125,1269800
2024-08-06,156.56155733381095,160.6780298726701,155.7576326879899,159.5351104736328,860700
2024-08-07,160.23247109010427,160.66834469915804,156.48406446381074,157.24925231933594,838700
2024-08-08,157.24928989360538,162.15031233301886,156.3775572465844,161.86941528320312,571600
2024-08-09,161.76283581366113,163.19634747199493,161.39478479166507,162.1599578857422,524800
2024-08-12,162.15997739862453,163.74845109870654,160.6683677987885,163.26416015625,834500
2024-08-13,163.0607652060262,164.67829517007883,161.9372066795772,164.32960510253906,538800
2024-08-14,164.32959076629075,164.7073370748884,162.9348306178115,164.65890502929688,531900
2024-08-15,165.91807065837634,166.12146456649427,164.50393468174167,165.45315551757812,727200
2024-08-16,165.57906362320617,166.6735658386253,165.1238289732205,166.65419006347656,728200
2024-08-19,167.16752588321384,170.40258548174975,167.16752588321384,170.3832244873047,612200
2024-08-20,170.58664316927454,171.79737057032693,170.08299121159556,170.93533325195312,528600
2024-08-21,171.913593344405,173.37614657876432,171.54552752170588,172.85311889648438,976400
2024-08-22,173.01777858237458,173.9476088711026,171.93295687301054,172.0685577392578,542900
2024-08-23,172.65938621227005,174.73215067147217,172.45599231088508,174.1122589111328,529600
2024-08-26,174.35439569311578,175.56512288197814,173.327701401662,173.8894805908203,624400
2024-08-27,174.08324103846485,175.0324620522567,173.0759222479904,174.97433471679688,353000
2024-08-28,175.02272667436424,176.6305759944449,173.43425312833102,174.42221069335938,498800
2024-08-29,174.87748538314108,177.46359758403034,174.11229731650045,174.97433471679688,648100
2024-08-30,175.66200097695332,178.10283132257086,174.99367715070449,177.53135681152344,1180200
2024-09-03,177.33765501175503,178.0544109322224,172.9790364989218,174.4416046142578,1209700
2024-09-04,174.33505935590625,175.74918063604494,173.71516753871123,175.24551391601562,721300
2024-09-05,175.52639809082123,175.91382490593702,173.78294786402893,175.1002197265625,713800
2024-09-06,175.2261400202676,176.53371660528583,173.579553887623,174.50938415527344,627700
2024-09-09,175.28424501569486,178.6258491837889,174.37377578243303,177.19235229492188,659300
2024-09-10,177.31827943625643,177.36669670335326,173.78294695444006,174.77090454101562,584300
2024-09-11,174.6352849758485,177.29888467387912,171.75859611962468,176.99862670898438,724100
2024-09-12,176.35937683776203,177.34733441714508,175.09053703784295,177.01800537109375,580400
2024-09-13,168.4690758407719,169.85984793897197,163.5673002039576,167.94387817382812,2016800
2024-09-16,168.69278118115258,169.26659568029703,166.89353006413054,167.8855438232422,798000
2024-09-17,167.88553855621495,169.30550159865902,166.718453979572,166.8740692138672,790700
2024-09-18,167.16584921289814,167.85636772087094,164.6274331314402,165.21096801757812,975300
2024-09-19,167.4187157900341,168.2551291644631,166.12519191793538,167.04913330078125,891700
2024-09-20,165.3374093038994,167.0491324341897,164.61769994442645,166.3099822998047,1447100
2024-09-23,167.28255170768946,171.14366760583982,166.89352845378593,170.98805236816406,1014900
2024-09-24,170.2002706328236,171.02696359772594,169.0234508032937,170.98805236816406,685000
2024-09-25,170.59900989148824,171.01720910029834,167.70073206742163,168.40098571777344,611400
2024-09-26,169.0818100507242,170.37531898996426,168.52743635651976,170.03492736816406,475500
2024-09-27,169.5097470977112,170.94916586906,168.87758056347283,169.21798706054688,800300
2024-09-30,169.49030320605056,171.31873037990766,168.5955378145276,171.2020263671875,1172400
2024-10-01,171.30898498796776,171.52295220691497,167.9536115494364,167.9925079345703,602300
2024-10-02,167.9633432306687,169.80150548775555,166.83515506222244,167.3311767578125,603000
2024-10-03,166.49478537088845,167.16586316018075,163.93691346106047,164.4912872314453,791000
2024-10-04,165.85286362239992,166.2516220927176,163.31444763470466,165.3665771484375,660300
2024-10-07,159.50195643243106,160.47452933750685,156.52588571734466,158.65582275390625,1238800
2024-10-08,159.94937992858732,160.6010021303457,159.17131847385158,160.11471557617188,821900
2024-10-09,160.11468901351756,160.8732947249548,159.21018845585905,160.77603149414062,704300
2024-10-10,159.9007218997957,161.42765371080094,158.62665371270046,161.15533447265625,644500
2024-10-11,161.3498540544464,162.22517865476945,160.99000679492022,161.3401336669922,531600
2024-10-14,161.65139053436314,163.93692854319698,161.54440689375977,163.3533935546875,586600
2024-10-15,163.10048194024657,164.0827901247162,161.79723773938005,162.26406860351562,857800
2024-10-16,162.2932348042264,163.31443931558513,162.2932348042264,162.51693725585938,434400
2024-10-17,163.42141474351345,164.073036771961,161.7583234811298,161.9528350830078,518400
2024-10-18,163.61593108291655,164.1605695200587,161.8361209356442,162.9837646484375,741000
2024-10-21,162.35162643052493,163.19777515003975,161.75837106438286,161.9042510986328,463600
2024-10-22,160.67878114411815,160.7857647605949,158.11118918896133,158.52938842773438,827800
2024-10-23,157.86807063306537,158.24737354345086,156.53563541224443,157.1483612060547,707900
2024-10-24,158.61691188901295,159.24909318292535,156.85655730125524,157.4887237548828,969900
2024-10-25,157.5276514211863,158.80171968825738,157.5276514211863,157.84860229492188,757500
2024-10-28,158.73364473482096,161.82641972956586,158.63638149939575,161.72915649414062,950600
2024-10-29,160.04661043785256,163.2852803073169,159.51169232002158,161.709716796875,1378100
2024-10-30,180.99583644143627,201.5365729084094,180.99583644143627,199.29965209960935,3031900
2024-10-31,198.8911687962812,199.18294365010303,192.52081298902783,192.90985107421875,2064600
2024-11-01,193.3280565624221,195.54552177860592,190.92580010484193,192.7445068359375,1708200
2024-11-04,191.66496183123812,195.37046246301912,191.0036044963803,194.74801635742188,937000
2024-11-05,194.98140699471665,199.22182534877288,194.845247385011,198.62855529785156,1189200
2024-11-06,201.38097158561925,204.56128958640048,199.7859523912731,203.9193878173828,1079000
2024-11-07,204.376487515574,206.45779312046668,203.78321739808987,204.5709991455078,903300
2024-11-08,205.1350925845035,208.73360966742175,204.6779820935081,206.88572692871097,1143300
2024-11-11,207.15803700873747,208.9378472765482,206.15628806394625,206.7301025390625,807500
2024-11-12,206.4091428385538,208.1694974167485,206.1368236132135,207.7221221923828,1160700
2024-11-13,208.15981554395572,208.64610208493403,206.99273081366525,207.13861083984375,788600
2024-11-14,208.0528026254092,209.6381012747408,205.37822702650695,205.57273864746097,1037100
2024-11-15,204.6001882609236,205.94234382197283,202.45081012592797,202.71339416503903,691200
2024-11-18,202.87872762191773,205.22261720266192,202.37298552187923,203.5303497314453,938800
2024-11-19,201.59492133636033,203.55952286474735,200.9432992360155,201.6824493408203,745800
2024-11-20,200.58344473106447,201.4490340378401,198.56049127292127,199.9512634277344,855600
2024-11-21,201.84777872319603,204.2986666543136,201.45875548854215,203.37472534179688,577300
2024-11-22,203.59842669178045,205.4755002842865,203.54007468667524,204.561279296875,776400
2024-11-25,206.46751928456385,210.50370620997697,206.3021836524799,208.63636779785156,1721800
2024-11-26,208.6168853317627,209.57000261063277,204.9697369868018,207.01214599609375,1160600
2024-11-27,207.8874542880227,209.21015400599296,205.24205485208216,206.27297973632812,602100
2024-11-29,206.21463875345307,207.38172331041045,205.97149551907503,206.76901245117188,394800
2024-12-02,207.9361094893558,209.2490741296357,207.3720153709052,207.60543823242188,903100
2024-12-03,208.0041596357804,208.61688530655084,205.40739179531624,206.62310791015625,461700
2024-12-04,206.4869571600273,210.0660332726558,205.74780707298737,209.85206604003903,706700
2024-12-05,209.91041656853773,211.7874751938932,209.8617849541415,210.64956665039065,958100
2024-12-06,211.75831373322407,213.51866847712756,210.8635483599803,212.5850067138672,661100
2024-12-09,211.71943388455125,214.45236183553777,210.17304626563745,213.314453125,846700
2024-12-10,213.47977829406867,214.72467057480205,210.5620592285461,213.19773864746097,1093000
2024-12-11,214.69549494577245,216.8546082452473,214.3356476759555,214.71495056152344,864400
2024-12-12,213.79099694586552,213.8007173330425,209.7548102245551,210.0465850830078,605700
2024-12-13,210.84685945225428,211.05181805926617,209.30485233740623,210.2222442626953,731700
2024-12-16,210.12466056212236,215.1118279030547,209.30485590410635,209.46099853515625,723800
2024-12-17,208.71927231680763,208.71927231680763,204.69831290245256,205.82066345214844,867600
2024-12-18,205.8206618561188,205.8206618561188,201.19459579974725,201.27267456054688,884000
2024-12-19,202.02418460891647,203.6735631848207,199.54524706039905,200.4821624755859,733400
2024-12-20,200.48213202083275,204.99107213998232,198.7937217641122,203.96632385253903,2545400
2024-12-23,202.65854382399567,204.9618151997512,201.5361932566068,204.26889038085935,527300
2024-12-24,205.13748989899617,205.99634136986631,203.9565691265496,205.94754028320312,223000
2024-12-26,204.8349534376897,206.68927568022812,204.07370410511064,205.60595703125,839000
2024-12-27,204.6495229370802,206.4355356097825,203.1855795881769,204.32745361328125,670700
2024-12-30,202.0534577728619,203.48812343158136,200.326000468934,202.47312927246097,428200
2024-12-31,202.6976052184613,203.175817197472,201.1263053759925,201.30197143554688,496100
2025-01-02,202.7951799109633,203.28316101319015,198.41311914384687,199.6330718994141,831500
2025-01-03,200.589523893088,202.36578237027015,199.5940382092606,202.1705780029297,623400
2025-01-06,203.73212729088328,205.420537876635,201.92659110419893,202.8342437744141,643400
2025-01-07,203.0001440640385,206.41601187280835,202.59024171402632,203.53692626953125,596000
2025-01-08,203.0196668421744,206.54289108100133,202.7561528708489,206.30865478515625,675800
2025-01-10,203.97610565303253,205.0203923851587,201.78019064002143,204.13226318359375,742300
2025-01-13,201.36053030998323,203.5466761294439,200.32599785812965,203.4295654296875,719000
2025-01-14,204.6299881075257,208.1141802317132,204.6299881075257,207.16749572753903,779200
2025-01-15,210.31984774237472,211.34461099979808,207.68475286042963,208.31912231445312,700900
2025-01-16,209.42195871538092,210.26128675517677,207.7725803087588,209.4024353027344,511200
2025-01-17,210.82736022055656,211.61788722586124,209.4414956730345,210.5150451660156,746900
2025-01-21,210.700461294056,213.12084317963223,210.51502610870943,212.5840759277344,663800
2025-01-22,212.67189236870104,213.73568742151377,210.11486168942776,211.00299072265625,502300
2025-01-23,210.9639785261106,210.9639785261106,207.06012998887832,210.39791870117188,790700
2025-01-24,209.68549000686787,210.1734711193884,208.5240925763488,209.08038330078125,499500
2025-01-27,209.43171877049224,210.61263955027553,207.9970531872848,209.74403381347656,696500
2025-01-28,210.71999942061797,215.22893996021676,209.30485722752323,212.5450439453125,864300
2025-01-29,213.22821168807573,213.22821168807573,207.7628324467664,209.1877288818359,714700
2025-01-30,209.0608552080524,213.16964745132464,208.11417074702288,211.82281494140625,650400
2025-01-31,211.82282044827312,214.43840677837417,210.22224310310705,210.66143798828125,622100
2025-02-03,206.86494391242303,211.14941715619457,203.47835405981087,210.31008911132812,1008600
2025-02-04,211.01277827073216,213.403882506197,210.56382913932237,212.97445678710935,589600
2025-02-05,213.82354633899664,215.219179973456,211.1006184615282,213.58932495117188,522600
2025-02-06,214.64336713817585,214.71169164276853,211.37390258699844,214.4969787597656,581300
2025-02-07,214.25298872095877,217.96164820036955,211.72525010092951,212.4376983642578,623800
2025-02-10,213.00374032373983,214.2139387570316,208.73879047193032,210.5443115234375,913400
2025-02-11,210.44673336181071,210.5638440600422,204.7568719647124,206.4843292236328,860800
2025-02-12,203.0196427862072,206.08416322338772,196.7832454838048,204.5909423828125,953000
2025-02-13,205.24486869662653,205.4498124341419,201.8680326843972,205.17654418945312,784900
2025-02-14,206.04512052284207,208.59238228280032,204.2884005990091,207.50906372070312,892200
2025-02-18,208.3679114086552,209.85137799219112,204.65925239581543,209.6171417236328,1358500
2025-02-19,232.2789930876605,240.5746714122198,223.81740298365008,236.1145172119141,3142800
2025-02-20,233.33304286623857,234.85554150444668,220.81144614425563,223.50509643554688,1635300
2025-02-21,224.37370296912567,224.60793925735453,217.10278758520252,219.3084716796875,1072600
2025-02-24,221.2311164948059,223.4953560712874,217.08327691706367,217.4541473388672,842100
2025-02-25,217.71765129080887,221.27015313458423,216.90760087059616,220.6064910888672,1030100
2025-02-26,219.59150159678669,223.11472584030855,218.8400065104505,221.46534729003903,773300
2025-02-27,222.09973986533157,224.4127656686815,218.430112216875,218.67410278320312,884600
2025-02-28,219.65004829861647,223.97356854809257,218.83999789313896,223.4270172119141,1207400
2025-03-03,222.51939239504975,225.8767049086428,219.22063523357724,220.7821807861328,1050900
2025-03-04,219.67929854357283,220.1477710589461,211.64713488522708,214.82876586914065,1142300
2025-03-05,215.0142368525063,219.6793351280082,214.93615808694116,219.40606689453125,791200
2025-03-06,217.8250055697999,221.8362108032277,216.2829835083945,216.5757751464844,811200
2025-03-07,214.5750704804343,215.21920916833255,205.10823921030345,214.06756591796875,1082700
2025-03-10,210.0661015376925,214.11633856143845,207.47979286792636,210.14418029785156,937900
2025-03-11,211.0225406599941,214.8678339755901,207.74330718754683,208.08489990234375,952800
2025-03-12,211.11035553747337,212.7109327559911,207.80184467575677,210.42718505859375,814800
2025-03-13,208.9144691458669,210.7590371346446,203.20509912917476,204.3372039794922,1058600
2025-03-14,206.18839880917457,209.8614144175109,206.18839880917457,209.50880432128903,916300
2025-03-17,208.3236488302652,208.6076887889375,201.49673609350745,208.0787811279297,1376600
2025-03-18,207.26582205131072,207.5596662881669,200.5956281187074,202.3880615234375,1239400
2025-03-19,203.07369046257332,206.1590176214228,201.4771482154244,204.484130859375,1088700
2025-03-20,203.19122641699255,206.88383573484063,203.14224988500544,204.4253692626953,1093400
2025-03-21,202.62311925826344,206.021884123949,200.4389035628427,205.87496948242188,4656100
2025-03-24,209.0582392189036,210.89964901101425,207.4715013868732,210.0670928955078,901900
2025-03-25,210.3707589513081,214.6804249381102,209.43047525571555,214.0829620361328,1079300
2025-03-26,213.66175115590477,215.3856143144612,212.3394596506541,212.3786468505859,781600
2025-03-27,211.20329871377885,214.0143751981107,209.95936658165223,212.50599670410156,736800
2025-03-28,211.70282616743376,213.41690013263775,208.05919345718556,209.27374267578125,608500
2025-03-31,208.56851554730935,214.0535430863906,208.0298036156084,212.67250061035156,1059000
2025-04-01,211.71260815586783,214.9938413251504,208.9309146614147,213.1034698486328,900100
2025-04-02,209.85164510410291,214.6216637131612,209.3521203141212,213.59323120117188,911300
2025-04-03,185.3550710564168,187.07893439082815,178.185337182344,181.53512573242188,2810000
2025-04-04,175.834592802392,179.3704827992202,171.51512321833843,174.79635620117188,2506500
2025-04-07,170.6336196920824,183.11206848810176,165.7852271322163,177.1470947265625,1646200
2025-04-08,182.70068869002017,183.9642144023218,166.58839688140543,170.06552124023438,1791000
2025-04-09,166.52963446377424,191.79998483083048,166.51004086245132,188.7538299560547,2155200
2025-04-10,184.67921298109468,186.28554441396457,177.64660522138826,182.99452209472656,1061200
2025-04-11,181.63307236993612,186.76548993317857,180.28139784744496,185.88397216796875,701000
2025-04-14,190.62459714097253,191.11433252768393,187.02015186863483,188.1563415527344,820200
2025-04-15,187.6470205191435,190.0956975564866,187.06913632525976,188.36203002929688,579400
2025-04-16,186.7752908607988,189.02807670941607,182.6810951096623,185.080810546875,749100
2025-04-17,187.9212684325969,187.98003428935667,184.56167581429295,186.69692993164065,804200
2025-04-21,183.27856203631228,184.7673617617036,179.97775038996363,182.99452209472656,627700
2025-04-22,186.09945707378503,188.31305576174245,184.8947121416898,187.4805145263672,747400
2025-04-23,192.4170233686929,195.8941474754903,188.93989926189548,189.8508148193359,817500
2025-04-24,191.0555707145292,195.3554469030018,189.7724663654861,195.02243041992188,686600
2025-04-25,194.99305051337453,195.26730114434173,192.78924119239903,194.87551879882812,561200
2025-04-28,195.19874340114632,197.49071659901873,193.99399841397735,196.51124572753903,837300
2025-04-29,197.01076341069583,200.6152238598711,195.9725267155297,199.91000366210935,1249900
2025-04-30,182.16196305021023,187.5294734370192,175.07060449630308,183.03369140625,2913400
2025-05-01,182.08363273241235,185.609733919656,179.87003389825034,182.9455718994141,1019600
2025-05-02,185.776241850364,189.4688512891734,184.7380050985995,187.84292602539065,826600
2025-05-05,185.86439061789488,187.06915057281233,184.434371488675,186.2463836669922,875500
2025-05-06,184.24825990542607,185.63910670170569,181.87794227129837,183.2981719970703,759800
2025-05-07,183.16102910347033,184.9240794315417,180.6829693171252,184.39515686035156,928400
2025-05-08,186.0994509849175,188.82237859842215,185.80560675741265,186.50103759765625,978000
2025-05-09,187.46090404044244,190.58541808748924,185.68806439507415,187.5000762939453,544600
2025-05-12,197.422157116628,198.67587870412692,192.5150131661302,193.9156494140625,791600
2025-05-13,194.9146939000472,197.3829645603162,194.48372434636892,196.32513427734375,815000
2025-05-14,195.54156002376143,197.28501694225588,195.1497776617215,196.46226501464844,634400
2025-05-15,195.6199018094783,198.4701653142236,195.6199018094783,197.7747344970703,745300
2025-05-16,198.55832251476124,201.14412483861724,197.32419468253624,201.06576538085935,697100
2025-05-19,198.0392153400931,201.30085509349416,198.0392153400931,200.69357299804688,524700
2025-05-20,199.47904247040785,200.73276399778763,198.84237743279903,199.5769805908203,714000
2025-05-21,197.9412493843121,200.53685595851215,196.13902670835304,196.6189727783203,720600
2025-05-22,195.7472615043416,198.65629121593471,195.3946513894352,197.44174194335935,730400
2025-05-23,193.49446121650783,197.84331399771887,193.49446121650783,196.4720458984375,535900
2025-05-27,199.8120354138157,201.29103088378903,197.5102731452944,201.29103088378903,730800
2025-05-28,201.1637013224016,201.1637013224016,197.56904557228256,197.78451538085935,780200
2025-05-29,199.40068664560332,199.5182183704589,196.72673528636025,198.6758728027344,586400
2025-05-30,197.4417434605211,199.02848151702287,194.12133774694612,198.80320739746097,2404200
2025-06-02,198.40160683168395,198.80319345465892,195.1693501378181,198.7835998535156,663100
2025-06-03,197.84330681154125,201.02658682367664,197.618017772972,200.30177307128903,779600
2025-06-04,201.7122352617784,202.348885355068,200.2136460121858,200.7425537109375,465700
2025-06-05,201.00700068481373,203.1226612198797,200.2038274473108,201.26165771484375,634300
2025-06-06,202.4761984096654,203.5830051603676,201.38898525907896,203.1912078857422,750700
2025-06-09,204.14131304402872,204.96406497222983,202.81903636203535,204.01397705078125,1183700
2025-06-10,204.2392673388848,205.88477120520892,203.9258294907054,205.8064117431641,683500
2025-06-11,206.22759304682464,207.21685323735568,204.6016678284737,204.8367462158203,926900
2025-06-12,204.12171254556208,205.32647241280017,203.3871094318729,204.11192321777344,693300
2025-06-13,201.1539331861924,201.9473022208918,196.76590775561476,197.1870880126953,838400
2025-06-16,198.95802538385843,201.01430835258608,197.75770379167292,200.6305999755859,849600
2025-06-17,198.5349553963602,199.43027995396216,194.27481505445223,194.5896453857422,935200
2025-06-18,195.4357692354,197.18705513823355,194.1764179122984,195.10125732421875,795700
2025-06-20,195.19964611193285,197.52157805818547,195.11110148568255,196.78367614746097,2155400
2025-06-23,195.75062361988043,198.66286805940916,194.8552990403509,198.48577880859375,871300
2025-06-24,200.94544984133577,202.4999649713407,199.4401311736235,201.7718963623047,919100
2025-06-25,202.9230367090313,202.9230367090313,199.4007829248785,200.2567443847656,650300
2025-06-26,200.2665775734956,202.73608384751165,199.7746429761707,201.84075927734375,781700
2025-06-27,201.693176701039,206.09107302328843,201.14221237646532,204.9989776611328,1109900
2025-06-30,204.02493535096949,205.90412898002737,202.97220319532676,205.35316467285156,1212400
2025-07-01,203.89703872252753,210.03637232956376,202.70655049992405,207.7242889404297,1047900
2025-07-02,207.1536605676728,210.0265567955547,206.08124675562505,209.9478454589844,676800
2025-07-03,210.7152450399581,212.87975407483384,210.5873372518811,211.3055725097656,496800
2025-07-07,211.54168468411368,213.39136335154825,210.16427398239688,210.97103881835935,917400
2025-07-08,210.96123178300363,212.28946120630505,209.4755946975267,209.967529296875,798900
2025-07-09,211.23672067380932,214.12929861197,210.4988187513256,213.60784912109375,1063700
2025-07-10,213.35203991824463,216.5889629487134,212.99784640923613,214.2867126464844,768300
2025-07-11,212.70267585397133,213.47992588389656,210.62671132829013,212.43702697753903,652100
2025-07-14,212.60430053344888,213.90301513671875,211.68930934604316,213.90301513671875,540200
2025-07-15,214.44412192089675,214.44412192089675,212.2205680816902,212.65347290039065,513400
2025-07-16,213.45040952725728,217.3563712617714,211.44332306271224,217.23831176757812,829100
2025-07-17,216.8644349860016,221.9805515338528,216.7365271931935,221.76409912109375,874600
2025-07-18,222.492172442157,224.72555965094784,221.48862169000063,224.2139434814453,807700
2025-07-21,224.0073328391033,225.16830630473615,222.50201416015625,222.50201416015625,770900
2025-07-22,222.71845390953993,224.22377250281056,221.78378122280975,224.0368499755859,591200
2025-07-23,225.30603717935497,228.3658708612051,225.19781097147015,228.2576446533203,555600
2025-07-24,228.11992545701415,228.61186008320348,226.53589536017844,227.97235107421875,591300
2025-07-25,230.42216081714136,232.10458373411595,228.56264865240755,231.8291015625,596700
2025-07-28,233.0097372155627,233.806668840838,230.9534542543322,232.5473175048828,742200
2025-07-29,233.3934762049418,235.6071821266973,232.27186580509183,235.43992614746097,1134200
2025-07-30,236.60087327911032,238.55877849317352,216.36269059243415,217.91720581054688,2778400
2025-07-31,215.9100885669465,218.7239550224934,214.06042471699175,215.2312164306641,1274700
2025-08-01,213.87349152008431,215.329613732678,210.98091366978892,215.2017059326172,1324500
2025-08-04,216.57912601673576,222.07895109483732,215.80186096240564,221.8920135498047,725300
2025-08-05,223.07266035873693,224.86330951560345,221.33122267724025,224.56814575195312,876900
2025-08-06,225.9062021124181,227.91328862598488,223.9679786345954,226.36862182617188,847600
2025-08-07,229.51700014846023,230.3828098272841,222.39378191052847,225.2666931152344,849800
2025-08-08,227.5197385709453,230.35328649752063,226.4669913853226,228.6315155029297,631000
2025-08-11,228.67088310227612,229.4186183075089,224.60749840556448,225.2962188720703,765900
2025-08-12,226.1718512105629,229.37925932299623,224.99119618805284,229.19232177734375,587200
2025-08-13,230.2253792397269,232.9211860934988,229.43828092355645,232.7637634277344,768100
2025-08-14,231.7503966080164,233.216352130346,230.78620898080828,231.2682952880859,671100
2025-08-15,232.12423436629325,232.12423436629325,228.29698408850277,228.59214782714844,633800
2025-08-18,228.55282816790745,228.91685498379465,227.43121783131272,228.84799194335935,465700
2025-08-19,228.22814290271137,230.79604215322152,227.57878561806447,229.68426513671875,864200
2025-08-20,228.96603572837424,230.15650902367,225.59135664975636,226.43748474121097,608000
2025-08-21,225.07977067275385,226.55557453560215,223.2694398580434,225.88653564453125,576000
2025-08-22,227.52959146964395,232.73426807470813,226.1226656845814,232.1144256591797,498800
2025-08-25,232.22263847899913,232.22263847899913,228.8676410137043,228.96603393554688,532500
2025-08-26,228.9562181606033,229.5465306988539,227.74604818251572,228.84799194335935,1224500
2025-08-27,227.75587290685155,232.09472441004084,227.75587290685155,231.7306976318359,602500
2025-08-28,232.61618108769812,237.89956874898337,232.01603530503303,237.1616668701172,1653100
2025-08-29,237.18134860894267,239.0802089057009,236.61070268740255,237.91925048828125,1246400
2025-09-02,233.86570929455323,235.79409956062648,228.0018571829572,230.51071166992188,1259200
2025-09-03,230.46152624419213,234.2494136472589,229.65474629610856,233.0884552001953,907200
2025-09-04,234.34780444944747,237.08295959291587,232.7145779932318,233.82635498046875,965600
2025-09-05,234.63311324503928,236.0400539514484,231.90780647895343,233.56069946289065,871900
2025-09-08,233.8755622810362,236.6303841268361,232.65555902600116,235.64651489257812,919400
2025-09-09,235.15456939537265,235.15456939537265,233.50167636436836,234.65280151367188,547500
2025-09-10,234.4855586383397,235.1447492300604,231.5241176195372,232.15379333496097,853000
2025-09-11,233.5803899715561,237.938923313954,233.4426488843001,237.28956604003903,728800
2025-09-12,236.15387844904495,237.58582925435897,234.75155306896016,235.116943359375,528600
2025-09-15,235.8378664208494,236.7661699779785,232.5098128786555,232.89495849609375,696400
2025-09-16,231.91727616823155,234.2479052000963,230.8704708949921,233.72450256347656,797200
2025-09-17,235.03795280187552,235.36384756990896,230.1199359919475,231.26548767089844,622700
2025-09-18,232.80608523254224,235.34409226524645,231.08773511076623,234.2972869873047,921000
2025-09-19,235.314477617792,235.5613662349895,231.83828166836295,232.1938018798828,2865600
2025-09-22,231.7592709909821,233.81338605434465,230.8507227056479,233.43812561035156,869400
2025-09-23,233.11221237511043,236.3513895076856,232.36166140878535,234.43553161621097,587300
2025-09-24,234.27753686986085,235.15645972353735,232.52957635104852,233.49737548828125,569100
2025-09-25,233.0628348174499,234.33677334355832,232.0752804326302,233.75411987304688,536000
2025-09-26,235.03794513447477,237.7734750177224,234.6034187912719,237.4870758056641,469000
2025-09-29,239.4621990745424,242.59274487614687,238.741288544554,242.4742431640625,759200
2025-09-30,241.8619610045886,243.5802960824623,240.2226170211289,243.15565490722656,752800
2025-10-01,244.56783658483153,252.43864621198856,243.4420251925208,252.00411987304688,1456100
2025-10-02,250.9276896089773,255.20381696535307,250.9276896089773,254.53225708007812,825700
2025-10-03,254.5322474956579,255.29268363025383,252.96203970203945,253.8607177734375,617600
2025-10-06,253.919985133358,256.6061343346633,252.94231591132765,254.43353271484375,694900
2025-10-07,254.52239912861788,256.63574981292135,251.33258765766877,253.12994384765625,569100
2025-10-08,253.1101724424983,257.33690393168035,252.379391854324,256.5369873046875,580700
2025-10-09,258.14671937087604,258.433118591263,252.44854121684273,253.3077087402344,556500
2025-10-10,254.8383994165393,254.8383994165393,244.943115234375,244.943115234375,828900
2025-10-13,247.6786413280175,248.91308430207175,245.99980189708057,248.2119140625,505500
2025-10-14,245.3578760580106,249.36734432129575,244.4197024361737,246.2269287109375,672700
2025-10-15,247.53050115177933,250.7598082175716,245.44676079179916,246.32568359375,551800
2025-10-16,247.2638870341384,247.92554670475272,242.9680191660915,243.669189453125,454900
2025-10-17,243.42230343367964,246.76022725016696,241.92121644035024,245.8911895751953,610600
2025-10-20,246.89847183530063,248.99209742469395,246.02943420410156,246.02943420410156,439900
2025-10-21,246.1479290264135,248.95257984693257,245.44675878684177,248.2119140625,465100
2025-10-22,248.50819493435552,250.4240529301092,244.34071405483976,244.46910095214844,779500
2025-10-23,245.83189994541024,248.29091573004607,245.79240440126384,247.0564727783203,480200
2025-10-24,249.8216338216312,249.8216338216312,246.82934524247636,247.33299255371097,559000
2025-10-27,249.22911304976657,250.7795807775762,248.28106921130083,248.2909393310547,603600
2025-10-28,246.8984677337188,247.50087651465384,241.84219407661448,245.0023651123047,1123900
2025-10-29,217.92363634950377,224.46124191674977,210.70461580800213,216.8768310546875,2976100
2025-10-30,216.4324262766821,222.17011493910223,212.23532006977555,212.29457092285156,1401200
2025-10-31,212.22543330631467,213.3710000202284,209.72692189426056,211.2773895263672,1268600
2025-11-03,210.90211144662507,210.90211144662507,207.0111447698276,207.9196929931641,1056000
2025-11-04,206.3692624209067,206.47789401726735,201.09572507514696,202.89306640625,1541200
2025-11-05,201.105572026238,202.9325536448524,198.1429089055987,202.92266845703125,1366700
2025-11-06,202.63629268648688,203.88060582373868,199.41685565169945,201.44134521484375,894600
2025-11-07,201.21419520963843,201.21419520963843,195.73326565150109,198.65643310546875,1138500
2025-11-10,199.77236758553587,201.70798078790992,198.7551877863389,200.20689392089844,903400
2025-11-11,200.5624141319016,201.0068105862759,195.99004762865525,197.17510986328125,822400
2025-11-12,197.78739766381304,199.84151266185447,195.7727932810734,196.13818359375,1228400
2025-11-13,196.96771785692383,197.4614950463716,192.2965898640358,192.63235473632812,1139700
2025-11-14,191.6843180544944,193.5507952968236,190.2029864314114,191.7139434814453,1575900
2025-11-17,190.59800688703584,191.37816826419152,186.489776800814,187.43783569335935,1305900
2025-11-18,187.0625568972806,189.0969165965612,185.19607964155497,187.4872131347656,1149300
2025-11-19,187.14156908830947,188.57352003325565,186.1441445142733,187.26007080078125,804900
2025-11-20,190.71648962664528,191.8521861608087,184.34676713713884,184.77142333984375,833600
2025-11-21,186.27249835207593,190.8251245493212,185.176312410951,189.8375701904297,1517200
2025-11-24,190.3116171717535,191.28928639454531,189.04753366231552,190.0054626464844,2234400
2025-11-25,191.05228734205397,192.0793373226214,189.0574231670249,190.52886962890625,971300
2025-11-26,190.44000961887517,192.82001962359143,190.2030061786618,192.36573791503903,818400
2025-11-28,192.3360865254174,193.6890462791994,191.6645567769345,192.88912963867188,393400
2025-12-01,191.50655031931495,195.96041530548695,190.8646459772167,194.42971801757812,1077200
2025-12-02,195.0123666189312,196.02954643522543,193.6989174718296,194.72596740722656,1229000
2025-12-03,198.26142407414383,198.68608031943077,195.83204858879333,196.9776153564453,954200
2025-12-04,197.48126426918336,202.91281373585431,196.52333524864147,199.5748748779297,1392300
2025-12-05,199.48599022939823,201.93512093965964,198.55768667572508,201.0561981201172,999800
2025-12-08,200.47354055375445,200.75005457659373,198.39967031357577,198.76507568359375,720900
2025-12-09,198.76507822901493,201.44134221338584,198.60706590854497,199.72300720214844,462500
2025-12-10,199.5748605847434,208.7986148564784,199.5748605847434,207.66293334960935,1102700
2025-12-11,208.58138158775395,209.10478423967152,206.15199101541856,208.1665954589844,913400
2025-12-12,208.96002482693913,209.2674769926301,205.5581807201513,206.6491546630859,995300
2025-12-15,206.678921322865,207.89881762760163,204.9829553738652,205.5284423828125,1480700
2025-12-16,205.01270403745417,205.9945654293936,203.32665068667183,205.33998107910156,1474200
2025-12-17,203.8820758944726,207.7797994749589,199.60745251055704,199.81573486328125,1125400
2025-12-18,200.68851131764427,203.0291339759796,199.7066347541331,200.53973388671875,1247800
2025-12-19,200.609164726212,201.58111370621023,198.8834464228076,199.96449279785156,3346900
2025-12-22,201.88857085889933,204.13002373363645,201.11497663256517,204.1101837158203,861800
2025-12-23,203.0886370552941,204.5465680908621,201.48192859014824,201.5513610839844,619400
2025-12-24,201.3530191016735,204.0804390153609,200.93646951269403,203.31675720214844,288500
2025-12-26,203.21756363596648,204.0804303719864,202.31504713148496,203.8225555419922,415400
2025-12-29,203.31675523344535,204.71518142587144,203.31675523344535,203.91183471679688,498700
2025-12-30,203.72338560888673,204.02092534067913,202.8704464489482,203.406005859375,464900
2025-12-31,203.21757319940147,203.21757319940147,200.83728549874235,201.18441772460935,675500
2026-01-02,201.9976672494614,202.87044642702497,197.56436913338203,200.77777099609375,915300
2026-01-05,199.81573907866553,204.3779747155902,199.81573907866553,202.08692932128903,946200
2026-01-06,203.88206612036484,208.18642662431913,202.89027714893768,207.6310272216797,807700
2026-01-07,208.27569448930856,209.53527078383803,206.38137382643737,208.9501037597656,992100
2026-01-08,207.28390496604015,212.4709572979062,206.90702029610935,211.7072906494141,1068200
2026-01-09,212.43129050830387,212.56022792234492,209.1484713060222,210.50721740722656,626100
2026-01-12,209.50551649194085,210.58656288374985,207.26406363778716,209.7534637451172,770300
2026-01-13,210.22950671136232,212.5701292583997,209.455912534532,212.1535797119141,591500
2026-01-14,211.8163735009793,211.8163735009793,207.8690425804054,209.783203125,954100
2026-01-15,210.08076062191049,211.53867658029185,208.51373213085807,210.85435485839844,794900
2026-01-16,211.98498616600804,212.69907545620944,209.693940865404,210.0609130859375,792900
2026-01-20,203.3861781433646,204.9234389914728,198.7545101810993,199.0818023681641,1335900
2026-01-21,200.4405541151894,204.60606470481585,199.52809495794403,202.89027404785156,1288100
2026-01-22,204.3085414279242,206.05408468332615,202.80101785573632,204.42755126953125,1098600
2026-01-23,203.51510576498112,206.93677488901855,203.3960959241971,204.4771423339844,863800
2026-01-26,205.00278299282172,206.7780937751523,203.91182417441385,205.22097778320312,1093800
2026-01-27,205.1118834129483,206.96652402504284,198.93304209765785,203.1183929443359,857300
2026-01-28,203.24731215436412,205.03253537797607,202.21585825488788,202.8010101318359,495500
2026-01-29,203.0985418996318,203.515091446569,198.85368636398815,202.9696044921875,990400
2026-01-30,200.74801097523735,201.7001199208104,199.48843473387635,199.9843292236328,866100
2026-02-02,199.8454832265776,205.7267847244514,199.8454832265776,205.22097778320312,786100
2026-02-03,203.2175712570644,204.55649253432543,196.64202011510463,199.5677947998047,1460600
2026-02-04,197.20733157715952,205.04247417241075,196.71143705088417,203.5746154785156,1309100
2026-02-05,203.55478435420687,203.74321155627587,195.98742927247952,197.05856323242188,1249800
2026-02-06,198.8933598653945,200.85711298609647,197.10815176802788,200.66867065429688,718900
2026-02-09,200.08351918363616,204.447384749333,200.08351918363616,204.3382873535156,634200
2026-02-10,204.78460023703775,208.65258663915557,204.78460023703775,206.69876098632812,756800
2026-02-11,206.69874949298804,207.30374138941377,202.66216099166428,204.88377380371097,680300
2026-02-12,205.32016229746972,206.31195129399225,199.5380306317236,201.5513610839844,1110200
2026-02-13,203.3365857954773,214.56362944901971,202.7514187817787,212.97677612304688,1556700
2026-02-17,214.94051981683197,219.1357831768313,210.86426629772637,215.19837951660156,1849500
2026-02-18,249.1274821669662,254.69140394746913,234.25064711706733,235.51022338867188,3050200
2026-02-19,240.45924374844927,247.8480688862157,234.03245516626643,237.8310089111328,1887600
2026-02-20,238.92196542020457,246.90586994280525,237.2557671547049,246.8562774658203,1515200
2026-02-23,244.9718904830237,248.13569991102676,243.77181909762615,245.07107543945312,901700
2026-02-24,245.1404826136631,251.34907623721335,243.8214014421734,249.42501831054688,848000
2026-02-25,249.76222382543145,250.25811832173727,244.28754434883496,249.92091369628903,869100
2026-02-26,248.5819881691,252.18218699223465,243.8610780946319,252.07308959960935,929100
2026-02-27,249.21673709478276,252.90619336156075,248.4728953496017,250.75401306152344,1704900
2026-03-02,246.7174218038885,253.79879453260108,244.23794934798775,253.06488037109375,741300
2026-03-03,246.4694838642752,250.24821274188088,241.4609614210474,248.631591796875,1523000
2026-03-04,249.9506679722464,251.0317143500114,246.1719543042886,249.1175537109375,1051500
2026-03-05,246.84636900933256,248.14561020641943,236.0358747260377,238.19796752929688,866500
2026-03-06,234.75646076078,241.9568588158738,231.72158874534364,241.4807891845703,1012500
2026-03-09,238.1682115310037,242.1849600359753,234.50850767388505,240.6377716064453,881000
2026-03-10,239.8244946999299,242.98830401851035,236.13503842415255,239.3583526611328,703900
2026-03-11,239.42779902750368,239.42779902750368,231.98938112656344,234.15147399902344,857900
2026-03-12,230.57110406286955,237.2756074342592,228.9346582550536,233.79441833496097,800000
2026-03-13,235.84533762523088,237.86638430814543,231.60412927817111,232.49020385742188,424100
2026-03-16,232.9680767525596,237.05995255446325,232.5499307454708,233.79441833496097,684300
2026-03-17,236.1838289488035,237.41836610922817,233.3065742432442,234.063232421875,528500
2026-03-18,231.71364642806137,232.85856897182336,230.18042915964165,230.57867431640625,501600
2026-03-19,228.88615022140056,235.68603219886216,228.08969032136605,234.07318115234375,1052700
2026-03-20,233.84420314804788,233.84420314804788,229.6627126535491,231.33531188964844,1376400
2026-03-23,236.31326541121305,239.31995174987975,234.45151679599027,237.6573181152344,810300
2026-03-24,234.31212907720993,240.32548641642052,233.03777500278784,240.04672241210935,608400
2026-03-25,243.8897108164633,244.7459189199676,241.29122001792692,243.70054626464844,536600
2026-03-26,241.92839325285803,243.92952387625675,234.9891290705734,235.02896118164065,755700
2026-03-27,232.5200693400444,233.16719682412176,228.1593798698944,229.14501953125,690200
2026-03-30,232.16165200296163,232.3010340057915,224.3761303251098,225.00335693359375,807900
2026-03-31,228.98571634988397,233.10745863652193,224.54537794857887,230.98684692382812,789100
2026-04-01,231.2954910296232,236.87078627479252,230.74791345595952,236.5223388671875,737900
2026-04-02,232.67936236526123,240.9029308894117,231.8131886725737,236.6019744873047,410400
2026-04-06,237.24912473247235,242.45605672081865,236.85087957612217,241.7193145751953,408100
2026-04-07,240.0765925975338,240.79341867437705,235.16834076818935,240.20602416992188,1026500
2026-04-08,249.116557997254,252.2825272482427,247.8023717629949,251.6752166748047,973200
2026-04-09,250.6497583811787,257.9275347809974,250.43072734361925,255.3987274169922,783800
2026-04-10,256.2648866646149,256.6033836539776,253.8555604361817,255.7571563720703,711400
2026-04-13,254.58234544348443,261.4319948475871,254.01485180729696,260.41650390625,629300
2026-04-14,260.8446157096519,264.04045153992337,260.36672150634973,263.3136901855469,792100
2026-04-15,263.25394267321224,265.29489018673496,262.5669830864562,264.66766357421875,830200
2026-04-16,264.35903713113424,266.0714533125819,262.35789131443704,263.1941833496094,823700
2026-04-17,266.1909249205632,272.11469827435366,265.3148007556665,266.24072265625,956500
2026-04-20,264.89665312909085,266.92763496479154,264.89665312909085,266.3402404785156,519300
2026-04-21,266.32035975086603,268.570403167022,264.19974791287825,264.3192138671875,578700
2026-04-22,266.738519556002,267.4453800372405,263.31368709667834,265.41436767578125,567000
2026-04-23,265.8225422641563,267.97302040933164,258.59454880812245,259.6498718261719,714100
2026-04-24,259.8390440819785,259.9884068997017,255.7272522088871,258.2461242675781,761100
2026-04-27,257.8877057751187,258.4751002958745,254.5126558994463,256.1951904296875,832400
2026-04-28,256.31468141843516,257.8379330443497,246.14969989168935,246.71717834472656,1095900
2026-04-29,240.83323830139452,253.84560815644105,239.8276977727246,251.9639434814453,1389700
2026-04-30,248.18070299657123,251.16747334571943,245.4030132561232,250.03250122070312,760700
2026-05-01,251.5258842670983,251.5258842670983,240.0467315376511,241.3509521484375,716600
2026-05-04,241.75914768830228,244.04900797443085,235.6960075780549,237.5478057861328,624900
2026-05-05,238.5732550815547,238.5732550815547,233.57538863995444,233.60525512695312,940800
2026-05-06,236.94048935954993,242.57551768468107,236.88074119370128,241.7491912841797,829300
2026-05-07,241.90847581451553,245.9904012601141,238.61307504725627,240.8332366943359,988100
2026-05-08,241.98812324550013,242.92398035455503,238.91175353369115,239.03121948242188,483000
2026-05-11,239.79782554469335,243.29234123131712,239.79782554469335,241.3111267089844,1105300
2026-05-12,243.45164653685316,244.40741971946517,234.0433231069977,235.92498779296875,490400
2026-05-13,235.42718365978155,236.9504352424488,230.56869928596768,230.9968109130859,914500
2026-05-14,232.37072261440275,233.9736232785859,229.27443680439052,233.39617919921875,614900
2026-05-15,228.80651439389715,230.85742748249012,224.68475697043527,224.75445556640625,791700
2026-05-18,224.87392866947383,227.3230869740711,224.00777015282932,225.88943481445312,729000
2026-05-19,223.96795646190003,229.4237859777569,223.54979524973456,227.68150329589844,774700
2026-05-20,227.5620297172695,236.43272570032056,225.9591290960259,236.4227752685547,948500
2026-05-21,234.69045223350372,239.81775041177545,233.96367570726696,238.72259521484375,770800
2026-05-22,239.827697460399,241.70936213294425,238.41396134798663,239.64849853515625,494600
2026-05-26,241.01245150569457,241.0323675611718,236.62189555016448,237.4781036376953,636400
2026-05-27,237.83651907461967,240.7934228955588,236.5721153903142,236.9205780029297,964700
2026-05-28,234.13291979249036,236.31326452162867,231.20588249537312,235.30772399902344,764200
2026-05-29,234.889558309426,239.32989671318708,232.53998032420137,232.888427734375,1874200
2026-06-01,231.94262542157136,237.13960692772972,228.86625567697735,235.7557373046875,771900
2026-06-02,235.2380187366405,240.0566709928625,234.90947219305735,239.96707153320312,663200
2026-06-03,239.4095429302862,241.12195904871143,235.32761760791232,236.8907012939453,551300
2026-06-04,238.5234807851679,241.8487481123014,236.68163300191455,240.8929901123047,554800
2026-06-05,238.40400333360827,240.0367704303872,234.4116774556833,235.52674865722656,581400
2026-06-08,235.64622571648783,237.70708934591948,234.07319151870695,234.19265747070312,428400
2026-06-09,235.0488534576175,240.3653007283976,232.76895890604655,236.8011016845703,456700
2026-06-10,236.31326283954957,236.92057339817623,230.5488029400434,230.69813537597656,648100
2026-06-11,231.5344362799444,237.7469241085078,230.598579134874,237.52789306640625,547600
2026-06-12,238.94161811859712,239.3896306142697,235.4570528543676,237.0500030517578,466500
2026-06-15,239.4499969482422,242.36000061035156,238.08999633789065,238.1699981689453,877500
2026-06-16,239.4600067138672,240.6999969482422,234.3500061035156,234.9600067138672,790400
2026-06-17,233.3999938964844,239.1199951171875,230.86000061035156,231.88999938964844,1000200
2026-06-18,233.69000244140625,236.7100067138672,232.2100067138672,234.1999969482422,2310700
2026-06-22,233.3999938964844,237.3500061035156,232.11000061035156,236.33999633789065,1073300
2026-06-23,235.97999572753903,237.94000244140625,232.47000122070312,236.41000366210935,1322400
2026-06-24,238.4900054931641,250.33999633789065,237.0,240.02000427246097,1149500
2026-06-25,241.91000366210935,245.44000244140625,233.86000061035156,235.41000366210935,987200
2026-06-26,233.8300018310547,235.0,228.5099945068359,232.5099945068359,1630800
2026-06-29,234.66000366210935,236.94000244140625,232.6000061035156,233.7599945068359,1008800
2026-06-30,232.97999572753903,238.47999572753903,231.3699951171875,237.5399932861328,954000
2026-07-01,237.42999267578125,241.17999267578125,234.86000061035156,237.63999938964844,651200
2026-07-02,238.57000732421875,241.5399932861328,237.8500061035156,240.02000427246097,507900
2026-07-06,240.47999572753903,245.27999877929688,239.3500061035156,245.22000122070312,650800
2026-07-07,247.02999877929688,248.91000366210935,244.97999572753903,248.67999267578125,752100
2026-07-08,243.7100067138672,245.2599945068359,238.8999938964844,243.52999877929688,707100
2026-07-09,243.2599945068359,246.2400054931641,240.88999938964844,244.5099945068359,475300
2026-07-10,246.22000122070312,247.1499938964844,242.2400054931641,243.11000061035156,435000
2026-07-13,243.41000366210935,246.3800048828125,242.02999877929688,243.61000061035156,534300
2026-07-14,244.3800048828125,245.2599945068359,240.55999755859375,241.38999938964844,735900
2026-07-15,242.1199951171875,245.27000427246097,241.0399932861328,241.7599945068359,755700
2026-07-16,241.27999877929688,251.1000061035156,240.8800048828125,250.9900054931641,981100
2026-07-17,246.8699951171875,253.4900054931641,246.8699951171875,249.55999755859375,1964300
2026-07-20,249.52000427246097,250.9900054931641,244.66000366210935,244.7899932861328,917000
2026-07-21,244.8500061035156,246.52000427246097,235.7599945068359,236.6499938964844,910000
2026-07-22,238.8500061035156,241.97999572753903,238.8500061035156,240.5099945068359,601200
2026-07-23,238.7100067138672,242.92999267578125,238.36000061035156,240.1000061035156,685400
2026-07-24,241.16000366210935,246.1999969482422,240.30999755859375,243.02999877929688,561300
2026-07-27,244.97999572753903,246.7100067138672,240.0,242.47000122070312,1544000
2026-07-28,246.30999755859375,255.6000061035156,245.0500030517578,253.6499938964844,1195500
2026-07-29,261.80999755859375,304.0,261.0400085449219,294.8299865722656,3664200
2026-07-30,292.9599914550781,298.2099914550781,285.9700012207031,297.54998779296875,1350600
2026-07-31,295.6600036621094,298.45001220703125,288.0299987792969,293.7799987792969,1168100
2026-08-03,297.3299865722656,305.0,296.5,304.760009765625,905900
2026-08-04,304.0,309.9200134277344,301.6700134277344,307.3599853515625,1351300
2026-08-05,308.8399963378906,309.2099914550781,301.9200134277344,302.54998779296875,1017200
2026-08-06,305.4100036621094,308.989990234375,301.69000244140625,301.8699951171875,730300
2026-08-07,304.8299865722656,312.70001220703125,303.3599853515625,310.8900146484375,900200
2026-08-10,311.07000732421875,314.2799987792969,308.0,313.1600036621094,716800
2026-08-11,312.1499938964844,312.1499938964844,308.7200012207031,309.6499938964844,425300
2026-08-12,307.0400085449219,311.80999755859375,304.44000244140625,309.9800109863281,623600
2026-08-13,312.0,314.0799865722656,309.1499938964844,311.92999267578125,535500
2026-08-14,313.4700012207031,313.4800109863281,309.0899963378906,310.20001220703125,491100
2026-08-17,307.45001220703125,310.3500061035156,306.0400085449219,307.5,748600
2026-08-18,306.989990234375,308.44000244140625,296.1600036621094,297.44000244140625,1043300
2026-08-19,301.79998779296875,307.1000061035156,295.6099853515625,295.6700134277344,1244100
2026-08-20,292.0,298.20001220703125,290.94000244140625,293.0899963378906,899600
2026-08-21,294.44000244140625,295.739990234375,291.4200134277344,294.8500061035156,706800
2026-08-24,295.32000732421875,298.4200134277344,290.54998779296875,291.25,1882900
2026-08-25,294.0199890136719,294.989990234375,286.9100036621094,288.45001220703125,597700
2026-08-26,286.8599853515625,290.0,285.6499938964844,289.0199890136719,569900
2026-08-27,289.6000061035156,291.6099853515625,288.2900085449219,289.8699951171875,654700
2026-08-28,291.2900085449219,291.5,284.79998779296875,285.19000244140625,781100
2026-08-31,286.5,286.5,282.4700012207031,284.1099853515625,1323900
2026-09-01,283.4200134277344,284.17999267578125,274.8399963378906,275.1700134277344,782200
2026-09-02,275.1400146484375,276.7799987792969,268.010009765625,276.0400085449219,972300
2026-09-03,278.6099853515625,279.95001220703125,275.4100036621094,277.17999267578125,697600
2026-09-04,275.79998779296875,277.8800048828125,274.989990234375,277.0299987792969,733500
2026-09-08,272.9231530147476,279.07930681812275,272.9231530147476,274.6165771484375,710700
2026-09-09,272.8434322817622,274.6863020381455,270.6220539006988,271.13006591796875,603500
2026-09-10,269.79525468745237,272.5047637408134,268.66960869986303,271.1500244140625,495200
2026-09-11,274.5799865722656,282.7699890136719,272.1600036621094,282.6700134277344,756900
