Date,Open,High,Low,Close,Volume
2015-01-02,19.41331205437231,19.513638810494793,19.191159365737004,19.37748146057129,2849900
2015-01-05,19.2484861701885,19.28431675846887,19.08366191029056,19.16249084472656,3425600
2015-01-06,19.16965429251665,19.219817655147004,18.91166972259013,18.926002502441406,3639400
2015-01-07,19.11948742488559,19.320140838623047,19.047824905615556,19.320140838623047,3606300
2015-01-08,19.470637383775532,19.714289193230005,19.420474017155357,19.707122802734375,2748100
2015-01-09,19.707124032146336,19.707124032146336,19.25565233755086,19.29148292541504,4678600
2015-01-12,19.269985728222377,19.341648278147172,18.954672695512393,19.01916885375977,2820500
2015-01-13,19.18398985936293,19.384643339034707,18.95467081582415,18.990501403808594,3467800
2015-01-14,18.91883805095664,18.947503613596293,18.60352369616674,18.653688430786133,6148900
2015-01-15,18.66801622674682,18.88300380432439,18.66801622674682,18.825674057006836,5020000
2015-01-16,18.682349377972624,18.897336959838867,18.610686850683877,18.897336959838867,4180900
2015-01-20,19.02633221675628,19.07649695411667,18.732517017892047,18.861509323120117,1983400
2015-01-21,18.7826743824728,18.897335235783384,18.65368348534007,18.76834297180176,2762600
2015-01-22,18.911671772782185,19.169656370676513,18.75401527787413,19.126659393310547,2516500
2015-01-23,19.15532285738828,19.183988419103187,18.97616719721776,18.983333587646484,1641300
2015-01-26,18.969001316543658,19.26998288839239,18.88300736278645,19.255651473999023,2921000
2015-01-27,19.083661049095316,19.291482278921137,19.01199987576846,19.126659393310547,2349900
2015-01-28,19.413307425909785,19.599629476321727,18.99766634940598,19.011999130249023,5805800
2015-01-29,19.04783238492516,19.126661323760004,18.775516344990223,19.09799575805664,3264500
2015-01-30,18.897336959358288,18.990497288036977,18.589189048818827,18.596355438232425,4914100
2015-02-02,18.740629663122604,19.04242429483913,18.571331297107836,19.02770233154297,3720300
2015-02-03,19.012979140514457,19.351577254643264,18.954092695096,19.21172142028809,4049200
2015-02-04,19.13811301252412,19.344216273470508,19.11603006900585,19.21172142028809,3317100
2015-02-05,19.25588641330555,19.432545754239296,19.101310016474887,19.417823791503903,3472500
2015-02-06,19.432545754239296,19.52823710805568,19.277969357408633,19.417823791503903,3772700
2015-02-09,19.30004778510654,19.469347521333937,19.241161347625003,19.388378143310547,2597800
2015-02-10,19.506155200228363,19.5429587050584,19.373660336498276,19.47671127319336,2997400
2015-02-11,19.469347362978876,19.690171150747695,19.46198638285813,19.631284713745117,2686300
2015-02-12,19.660733418421493,19.925723170319525,19.646012857510147,19.911001205444336,3554900
2015-02-13,19.88891652815273,19.984606476835683,19.79322517550615,19.955163955688477,3222300
2015-02-17,19.96987909446479,19.98460105302468,19.653365409206756,19.68280792236328,3355900
2015-02-18,19.660730177885853,19.712257046456216,19.491431821616928,19.690174102783203,3402900
2015-02-19,19.638650727228796,19.690176197316543,19.498794877016508,19.66073226928711,2868200
2015-02-20,19.587120056152344,19.64600649261127,19.27796591375212,19.587120056152344,5153900
2015-02-23,19.57976168842178,19.57976168842178,19.417822913581393,19.550317764282227,2623800
2015-02-24,19.52823500067844,19.653368862498223,19.48406911723841,19.594482421875,1763500
2015-02-25,19.623925646236263,19.646008588750785,19.520874722428925,19.55767822265625,1744500
2015-02-26,19.513513910733668,19.697534221392456,19.41782256297151,19.675451278686523,3034400
2015-02-27,19.623926685573732,19.697535093890423,19.579762202169164,19.616565704345703,2553600
2015-03-02,19.601841152303777,19.969881741302043,19.52087317741929,19.940439224243164,3564700
2015-03-03,19.822672606511745,19.903642010923388,19.62393028875437,19.719621658325195,2813400
2015-03-04,19.653370796796477,19.668091355428473,19.395742067227577,19.447267532348633,2581500
2015-03-05,19.469351324280556,19.54295833253756,19.39574291205986,19.535598754882812,2208300
2015-03-06,19.4104600352704,19.616561853340137,19.263243247537726,19.329490661621097,4490600
2015-03-09,19.314775091544135,19.46935291019541,19.314775091544135,19.43990898132324,1739100
2015-03-10,19.336852501718536,19.366295018196993,19.108666330184345,19.123388290405273,3519000
2015-03-11,19.123385737374555,19.41781788266853,19.07922126657126,19.37365341186523,2945800
2015-03-12,19.50615635932115,19.73434119154674,19.45463088791187,19.726980209350582,3331500
2015-03-13,19.646005620209863,19.69753107432797,19.395737925381972,19.498788833618164,2464500
2015-03-16,19.57975824969963,19.86682943982511,19.542953350989094,19.859468460083008,3232400
2015-03-17,19.77114450207011,19.925720903785127,19.734339594068665,19.896278381347656,2807100
2015-03-18,19.80794473930805,20.32320213464065,19.75641928056748,20.24959373474121,5820800
2015-03-19,20.22015448102172,20.374732296891192,20.146547468093548,20.264320373535156,4873500
2015-03-20,20.279033668804335,20.38944695656873,20.26431311387059,20.352642059326172,4922500
2015-03-23,20.374731063842773,20.536668448033833,20.33056657796588,20.374731063842773,2805900
2015-03-24,20.16126528993751,20.382090510620223,20.02141086119841,20.102378845214844,4542200
2015-03-25,20.131823480634672,20.220152448856755,19.92572021484375,19.92572021484375,3203500
2015-03-26,19.852108685004612,19.97724254028711,19.734335809910892,19.82266616821289,3592500
2015-03-27,19.81530898770816,19.925720903785127,19.756422538869533,19.896278381347656,2296900
2015-03-30,19.9625231987789,20.22751148188507,19.9625231987789,20.146543502807617,2708800
2015-03-31,20.006691838765807,20.12446474551644,19.86683598551301,20.021413803100582,3159800
2015-04-01,19.940440797592945,19.97724429781129,19.7932239887925,19.844749450683594,5389400
2015-04-02,19.88155399955304,19.92571847981847,19.726976212678743,19.756420135498047,3310900
2015-04-06,19.609203499706283,19.947801595252617,19.572399999825898,19.87419319152832,5665500
2015-04-07,19.903636598391387,19.910996175005767,19.726975872449472,19.734336853027344,2309700
2015-04-08,19.719616295835092,19.866831695502036,19.66808943179,19.734336853027344,5634800
2015-04-09,19.734334240513626,19.844746126637915,19.668086828046388,19.69753074645996,4089000
2015-04-10,19.726976389346877,19.844749273751777,19.697533870227417,19.80058479309082,2865900
2015-04-13,19.80058513945705,19.918358025922117,19.71961715748953,19.749059677124023,2460000
2015-04-14,19.690174102783203,19.807946994445377,19.638648638176452,19.690174102783203,3383700
2015-04-15,19.962522164855457,20.153902035645256,19.800583407160875,20.014047622680664,5802000
2015-04-16,19.98460422296404,20.07293458437098,19.844748402387832,20.00668716430664,2473900
2015-04-17,19.837390919342727,19.896277365173816,19.601843732054764,19.690174102783203,3975700
2015-04-20,19.83002732833637,19.984603701813196,19.749057949488453,19.940439224243164,2614400
2015-04-21,19.95515941672551,20.00668486998596,19.668086828046388,19.69753074645996,2598400
2015-04-22,19.690176197316543,19.71225914333862,19.461991370943476,19.66073226928711,4263500
2015-04-23,19.623924952286263,19.80794525484256,19.57976047278253,19.734336853027344,1902800
2015-04-24,19.719613691620417,19.79322067975145,19.623922360708793,19.77113914489746,1761500
2015-04-27,19.866827993979136,19.866827993979136,19.550312907920215,19.565034866333008,3101800
2015-04-28,19.51350961081435,19.73433337335963,19.491426672974523,19.68280792236328,2722200
2015-04-29,19.550318287139955,19.623926695493857,19.46198932028616,19.542957305908203,2552900
2015-04-30,19.653375817478665,19.76378775722459,19.55768444012527,19.623931884765625,4381800
2015-05-01,19.690178222179885,19.87419857939652,19.594488254171353,19.852115631103516,2553800
2015-05-04,19.866831523675778,19.991965384490324,19.807945083525603,19.97724342346191,4119700
2015-05-05,19.955161184754317,20.028768179383228,19.85946984539525,19.940439224243164,3909600
2015-05-06,19.962523911319185,19.984605450054165,19.63128679065895,19.749059677124023,4108000
2015-05-07,19.749058630161674,19.88155347140178,19.68281120954162,19.83738899230957,3653700
2015-05-08,19.984604403976117,20.058212805154703,19.918356983311742,19.97724342346191,2582600
2015-05-11,19.911000681574436,19.999331064537703,19.844753245342936,19.91836166381836,2633000
2015-05-12,19.81531212124575,19.881559562160852,19.726981732037647,19.852115631103516,3547700
2015-05-13,19.844749268453192,19.925718652946266,19.73433736484852,19.87419319152832,2180000
2015-05-14,19.977244112246208,20.168625400323663,19.87419318942124,20.161264419555664,2926600
2015-05-15,20.175988128244477,20.27903905999321,19.99932878640509,20.043493270874023,5154100
2015-05-18,20.058210372924805,20.09501386706962,19.962520445770306,20.058210372924805,3068300
2015-05-19,20.102375712813224,20.109736692752,19.98460284171954,20.072933197021484,2889800
2015-05-20,20.175986727675355,20.20543065125315,20.02876991771349,20.109739303588867,3617000
2015-05-21,20.04349411677884,20.18334996145712,19.991968648729923,20.131824493408203,2413400
2015-05-22,20.13182293415092,20.242234843413183,20.065575507800844,20.080297470092773,2635400
2015-05-26,20.050854429976457,20.117101859248784,19.925720552902455,19.947803497314453,4486000
2015-05-27,20.036128297327604,20.095014732874446,19.93307738611147,20.072933197021484,1800000
2015-05-28,20.006692153815788,20.19071249900694,19.991970189249184,20.183351516723633,6090300
2015-05-29,20.14654698075672,20.190711468238057,20.028772674200248,20.12446403503418,10815700
2015-06-01,20.190711468238057,20.24223693762691,20.095020107404125,20.12446403503418,4661700
2015-06-02,20.05085303568557,20.256956290641273,20.05085303568557,20.15390396118164,4569700
2015-06-03,20.227513731732355,20.308483123779297,20.13182378073805,20.308483123779297,2999300
2015-06-04,20.198067048053947,20.264314463539563,20.036128297327604,20.072933197021484,4997700
2015-06-05,20.153904308851732,20.20543117645221,20.01404988011263,20.102378845214844,6964300
2015-06-08,20.0655774460651,20.146546842528466,19.91836061685239,19.933082580566406,5832100
2015-06-09,19.896273358793536,19.92571587379863,19.785860066625276,19.859468460083008,5192200
2015-06-10,19.955165466404782,20.3084841707012,19.910999575394936,20.29376220703125,5261700
2015-06-11,20.315849073210835,20.514591409218458,20.271684577641583,20.48514747619629,2410100
2015-06-12,20.44096946716309,20.47777295514612,20.33055759925092,20.44096946716309,2001300
2015-06-15,20.28640017941277,20.404173074773603,20.227513731732355,20.308483123779297,3370500
2015-06-16,20.279037645272773,20.45569837875148,20.227512182992964,20.39681053161621,2028900
2015-06-17,20.477776781474653,20.566107134687,20.3452819536378,20.51458168029785,3813400
2015-06-18,20.602913919959327,20.91206809963136,20.57347140016195,20.882625579833984,3613700
2015-06-19,20.742778817254145,20.926799209310744,20.661809395480702,20.669170379638672,4440100
2015-06-22,20.889978408813477,20.934144280188175,20.794288495427843,20.889978408813477,3458200
2015-06-23,20.889989997698617,20.97832038548688,20.823743961812273,20.941516876220703,2761800
2015-06-24,20.93415262830429,20.9562341688342,20.7280493582552,20.786935806274418,2557400
2015-06-25,20.779573264666656,20.831098727319528,20.60291393387242,20.735408782958984,3746300
2015-06-26,20.809015974650897,20.91942787446149,20.76485009155588,20.8458194732666,3323200
2015-06-29,20.61027283864852,20.72804571398087,20.4483354860574,20.47041702270508,3361000
2015-06-30,20.67652882894837,20.720693324517622,20.44098298062704,20.48514747619629,3367000
2015-07-01,21.18441842777029,21.18441842777029,20.823738791452712,20.93415069580078,5053900
2015-07-02,20.97831711332778,21.044564542844856,20.73541033975306,20.786935806274418,3268900
2015-07-06,20.56610377584432,20.92678330162573,20.55138181871942,20.889978408813477,3498000
2015-07-07,20.919433316022182,21.3463604692486,20.7942994226301,21.30955696105957,5553400
2015-07-08,21.199135685736696,21.36107443060693,21.066642263520123,21.140249252319336,4226900
2015-07-09,21.397881239991417,21.44204572090562,21.235943873996973,21.368438720703125,5223700
2015-07-10,21.574538322498917,21.69231119532335,21.537734826227553,21.633424758911133,3833100
2015-07-13,21.81008719535664,22.317983659713136,21.736480192259876,21.883695602416992,3499200
2015-07-14,21.8248122523961,21.94994614095405,21.810090288103687,21.920503616333008,3113600
2015-07-15,21.891059484122504,22.133966276832727,21.824812049386644,22.08980178833008,4031800
2015-07-16,22.29590278596566,22.376870772581945,22.09716050215876,22.214933395385746,7075100
2015-07-17,22.229650588119306,23.09822513830369,22.185484709663324,23.02461814880371,9790600
2015-07-20,22.75963385762526,23.12767450771366,22.57561353258106,22.641860961914062,8144000
2015-07-21,22.656581720542945,22.73754970456319,22.362148092952108,22.465200424194336,4897300
2015-07-22,22.47992237792849,22.590334286251817,22.428395510344924,22.538808822631836,3428700
2015-07-23,22.538808142858574,22.61977612440643,22.42839483390175,22.49464225769043,2813700
2015-07-24,22.457841873168945,22.538811269914113,22.41367738583692,22.457841873168945,2606200
2015-07-27,22.303262350498414,22.487282671555217,22.251736885236696,22.428396224975582,2462000
2015-07-28,22.597696681274947,22.619778221943104,22.317984998459785,22.398954391479492,2906400
2015-07-29,22.40630791671212,22.516719795201357,22.20756569305357,22.36950302124023,4353100
2015-07-30,22.332707132992844,22.45784101227317,22.23701577615064,22.443119049072266,3187100
2015-07-31,22.582976283844307,22.597698247952856,22.4283984686321,22.45048141479492,2272400
2015-08-03,22.44311747251166,22.538808822631836,22.376870046724942,22.538808822631836,1986100
2015-08-04,22.33270642885102,22.590335160889193,22.33270642885102,22.479923248291016,3210100
2015-08-05,22.63450484292202,22.700752286486715,22.472567427521636,22.62714385986328,3063000
2015-08-06,22.634500358792987,22.69338680763293,22.36951063703142,22.443119049072266,3328200
2015-08-07,22.376870748995856,22.516726586041848,22.303262339815667,22.50200462341309,2591000
2015-08-10,22.656580326826187,22.79643474696876,22.62713640429291,22.744909286499023,2406300
2015-08-11,22.5535264498355,22.85531961521531,22.546165469708747,22.766990661621097,3282700
2015-08-12,22.553531095402683,22.73019044294274,22.376871747862623,22.70810890197754,2599000
2015-08-13,22.818523406982425,22.914213371267607,22.5535336536329,22.818523406982425,2651000
2015-08-14,22.81851611967724,22.928928013657192,22.730185762115237,22.840599060058594,2547000
2015-08-17,22.744914256983215,23.002543019595443,22.634502331281915,22.995182037353516,1976100
2015-08-18,22.95101494937761,22.980457471048062,22.833242054768498,22.958375930786133,2639000
2015-08-19,22.892126764021565,23.238084440174035,22.81851835948857,23.149755477905273,5836500
2015-08-20,22.965735548950786,23.017261011788268,22.722828792742963,22.730188369750977,3609700
2015-08-21,22.568249263720155,22.575610244125333,22.05299186706543,22.05299186706543,5532700
2015-08-24,21.14761681649742,21.751203297948425,20.043494793170822,21.15497779846191,8233700
2015-08-25,21.530375045545885,21.721756325537463,21.000397088313143,21.015117645263672,5679800
2015-08-26,21.530374704485386,21.780642420205027,21.19913760898485,21.721755981445312,6306300
2015-08-27,22.016190766180586,22.36214845911189,21.8910568935946,22.26645851135254,4757000
2015-08-28,22.229655028710305,22.229655028710305,22.00146882299529,22.11924171447754,3122400
2015-08-31,22.09715774949649,22.156044188774448,21.96466291013022,22.05299186706543,2922500
2015-09-01,21.581900508305655,21.75855982741209,21.434685111032035,21.523014068603516,3673200
2015-09-02,21.788007384332456,21.84689383385915,21.596626072379777,21.83953285217285,3624900
2015-09-03,21.935219152125608,22.14868337357761,21.817446272691218,21.95730209350586,3127300
2015-09-04,21.684951260198936,21.795364562260236,21.58190034250274,21.692312240600582,3471500
2015-09-08,22.02354693050441,22.170763714511825,21.810082734089978,22.13395881652832,4202400
2015-09-09,22.317982946998676,22.391591351708374,21.81744747972894,21.84689140319824,3171400
2015-09-10,21.83217269881581,22.170770849413753,21.79536919295166,22.067718505859375,3144600
2015-09-11,21.972025432052465,22.25909666817747,21.949942489287636,22.25173568725586,2696700
2015-09-14,22.281180823321375,22.376870772581945,22.16340793009439,22.214933395385746,3611000
2015-09-15,22.310624693314946,22.546170494007573,22.21493473826996,22.509366989135746,2683500
2015-09-16,22.59033015694697,22.884762326644196,22.494638824318287,22.80379295349121,4110300
2015-09-17,22.877401543458195,23.33377246338232,22.833237068615,23.068782806396484,5661700
2015-09-18,22.678663251325037,22.951013935555252,22.281180100568356,22.538808822631836,12851400
2015-09-21,22.803794681056623,23.002536937144782,22.65657928703696,22.75963020324707,3667100
2015-09-22,22.38423223833147,22.663943918771658,22.38423223833147,22.56825256347656,2866200
2015-09-23,22.54616667028237,22.67130053117367,22.465198692503396,22.582971572875977,2341900
2015-09-24,22.428392233413607,22.56824804563657,22.317980341222164,22.531444549560547,3069800
2015-09-25,22.83324368099178,22.914211674324942,22.45048104426933,22.57561492919922,4121700
2015-09-28,22.42103140829296,22.590331141716984,22.21492958250206,22.288537979125977,3945000
2015-09-29,22.295899141300215,22.428392571549416,22.00882653251843,22.40631103515625,5105500
2015-09-30,22.619773340317423,22.64921726013884,22.45783599318976,22.553525924682617,4341100
2015-10-01,22.612418434899407,22.781718211426018,22.33270814127223,22.57561492919922,3609200
2015-10-02,22.29590086908947,22.862682342529297,22.148684063230792,22.862682342529297,4147700
2015-10-05,23.024620933927107,23.13503283549614,22.847961610623955,23.105588912963867,3714700
2015-10-06,23.039343219164316,23.333776850715388,22.973095792461685,23.061426162719727,3636700
2015-10-07,23.179195747168432,23.289607641267672,23.083505813339332,23.274887084960938,2343000
2015-10-08,23.18655385745665,23.672367254533924,23.18655385745665,23.650285720825195,2510100
2015-10-09,23.628208305837433,23.768065548129325,23.53987933718227,23.613489151000977,3286800
2015-10-12,23.613481563333284,23.82694293499824,23.56195330625401,23.75333595275879,2071600
2015-10-13,23.68709512762092,23.84903390305808,23.569322238555845,23.620847702026367,2135100
2015-10-14,23.591400112235732,23.650287951582083,23.186556044473136,23.23072052001953,2357700
2015-10-15,23.414746191684458,23.56932399759615,23.22336488167953,23.429468154907227,4150400
2015-10-16,23.65029708508372,24.055141309192994,23.547244730393217,23.937368392944336,4036400
2015-10-19,23.88583548067949,24.09193731796248,23.81222567598775,24.05513381958008,2507900
2015-10-20,24.084579309040045,24.27595919784095,24.084579309040045,24.24651527404785,2021500
2015-10-21,24.290679578739766,24.371648959937207,24.033052282136023,24.05513381958008,2825000
2015-10-22,24.180269218832574,24.356929963668552,24.15818767870081,24.327486038208008,2486400
2015-10-23,24.423177391991132,24.47470285758344,24.24651664715516,24.327486038208008,2894700
2015-10-26,24.34220434533167,24.51150267941438,24.32748238481228,24.452617645263672,2174000
2015-10-27,24.2906771696924,24.423171997070312,24.239151715481732,24.423171997070312,3058800
2015-10-28,24.43053710444495,24.74705228507728,24.33484855806014,24.732330322265625,2301800
2015-10-29,24.68816705752865,24.989960273097267,24.666082709512317,24.76177406311035,2502500
2015-10-30,24.74705564469986,24.783859152761735,24.37165536978444,24.386377334594727,3852800
2015-11-02,24.489433336044055,24.78386426925034,24.393741948986086,24.754423141479492,3805500
2015-11-03,24.695525071796585,24.710247033566542,24.46734168417996,24.570392608642575,3109400
2015-11-04,24.585120513408754,24.65872753212458,24.379015806734436,24.401100158691406,2482100
2015-11-05,24.408454934163196,24.504146286005327,23.72389912469106,23.834312438964844,7335200
2015-11-06,23.400016673346496,23.679725443705895,23.054057689885926,23.561952590942383,7693200
2015-11-09,23.54723316439106,23.591397635300492,23.06878075164312,23.164470672607425,5092200
2015-11-10,23.17183701649069,23.37057928754071,22.99517768798963,23.149755477905273,5512500
2015-11-11,23.208645560106195,23.363221970297552,23.09823223401093,23.24544906616211,2602300
2015-11-12,23.120314547352677,23.208644925019048,22.84060425867601,22.847965240478516,3150200
2015-11-13,22.811153738357497,22.877401151468852,22.524082550850512,22.61241149902344,3243300
2015-11-16,22.37686713868366,22.77435164174785,22.17812488715157,22.766990661621097,3295000
2015-11-17,22.7669934467545,22.892127316290363,22.62713761516417,22.634498596191406,3105100
2015-11-18,22.59033239387052,23.149754273671594,22.39895111362567,23.11294937133789,4413800
2015-11-19,23.09822741040441,23.208640713442048,22.97309355039675,23.11294937133789,2343100
2015-11-20,23.193923596098323,23.436830386373146,23.1350371440306,23.24544906616211,2794400
2015-11-23,23.28224978097656,23.48835304048634,23.223363335968564,23.377941131591797,2719100
2015-11-24,23.193921853365175,23.40738469958519,23.171838909012628,23.36322021484375,2381700
2015-11-25,23.3411341522491,23.422103533427745,22.98781551359161,23.03934097290039,2188800
2015-11-27,23.02461987691748,23.03198085721262,22.870042098646355,22.90684700012207,1607900
2015-11-30,22.90685085361905,22.97309687949268,22.663944078870184,22.686025619506836,4894700
2015-12-01,22.597691660080475,22.943649291992188,22.590330680172137,22.943649291992188,4911000
2015-12-02,22.870045418719833,22.94365382839365,22.671303133789625,22.69338607788086,3480800
2015-12-03,22.72282299795428,22.75962648946296,22.31061659244843,22.36950302124023,4184800
2015-12-04,22.39895381844992,23.068787678212107,22.39895381844992,22.980457305908203,4293300
2015-12-07,22.943650498187505,23.017258897177264,22.72282670518164,22.83323860168457,2982900
2015-12-08,22.7154688462995,22.877406223158623,22.649221418501764,22.78907585144043,2835800
2015-12-09,22.678664477770884,22.93629321376674,22.450479667700797,22.56825256347656,3533000
2015-12-10,22.568252901172503,22.81115967784017,22.44311902204288,22.590335845947266,3011800
2015-12-11,22.303261829379583,22.48728214613672,22.19284992011802,22.295902252197266,2647300
2015-12-14,22.33270624388807,22.71546884809105,22.288541760007305,22.64922142028809,3641000
2015-12-15,22.81115791319143,22.95837472570727,22.5682511553148,22.781715393066406,4246400
2015-12-16,22.973095080160583,23.40738312887297,22.85532219277725,23.38530158996582,4238400
2015-12-17,23.576680969157565,23.59876531551428,23.127672372204515,23.171836853027344,3716700
2015-12-18,23.068787703650045,23.09823022514139,22.69338607788086,22.69338607788086,5719400
2015-12-21,22.840599581429224,23.090867295610327,22.67866082286296,22.90684700012207,2526800
2015-12-22,23.05406651650876,23.525158107927844,22.936293618653984,23.429468154907227,3021100
2015-12-23,23.503074299617765,23.58404368556785,23.39266239402627,23.55459976196289,2397400
2015-12-24,23.473630376012807,23.694454187195788,23.39266239402627,23.55459976196289,869000
2015-12-28,23.46626767484003,23.539876074492767,23.341133816619408,23.52515411376953,1734200
2015-12-29,23.69444816200588,23.907912341970007,23.576675305461254,23.893190383911133,2703300
2015-12-30,23.81222932219732,23.974168109388824,23.79014778137207,23.79014778137207,1598800
2015-12-31,23.657648772275525,23.701814654109057,23.400021481397104,23.407381057739254,1460600
2016-01-04,23.11294883253232,23.135031773417744,22.649218305645825,22.90684700012207,3266700
2016-01-05,22.906852686066618,23.245449439909127,22.81852230456295,23.120315551757812,6043500
2016-01-06,22.84060080442495,23.002538167698688,22.715466940634133,22.862682342529297,4206300
2016-01-07,22.53144732592411,22.774354080262015,22.35478799585686,22.47256088256836,4892900
2016-01-08,22.575616956941488,22.60505948335342,22.11188628523358,22.141328811645508,4178000
2016-01-11,22.2958986460621,22.62713432027278,22.266454726240685,22.553525924682617,3519600
2016-01-12,22.70810230749802,22.75962776007198,22.185483994326553,22.61977195739746,3083700
2016-01-13,22.73018981052068,22.75963373627332,22.11924239078999,22.163408279418945,2794900
2016-01-14,22.237010434352374,22.52408303195442,22.156042464124976,22.24437141418457,4102800
2016-01-15,21.69967630017689,22.141325359201534,21.69967630017689,22.016191482543945,4173800
2016-01-19,21.957307479878494,22.06035842367227,21.69231773416444,21.935224533081055,4456500
2016-01-20,21.69231361291151,22.089798155965784,21.581901707828727,21.84689140319824,5852400
2016-01-21,21.913134647862577,22.082432963632577,21.684948496384813,21.751195907592773,4218700
2016-01-22,22.030907542395088,22.12659746762849,21.84688726743885,22.045629501342773,3037000
2016-01-25,22.03827938920573,22.082443883863544,21.684959220051297,21.71440315246582,3749200
2016-01-26,21.802728325517748,22.030913131240133,21.62606758125643,21.7070369720459,3800000
2016-01-27,22.56824962027427,22.62713606048257,22.023549697356614,22.362146377563477,5831800
2016-01-28,22.53880451020044,22.67129793245983,22.016186184984576,22.61241149902344,4399900
2016-01-29,22.7817205383922,23.083513808643445,22.686029167455622,23.002544403076172,6877600
2016-02-01,22.70555323604752,23.228304127535377,22.70555323604752,23.09193420410156,6982100
2016-02-02,23.00859977487064,23.228305765318737,22.87980610977163,23.099512100219727,5102900
2016-02-03,23.228310123367667,23.228310123367667,22.720711635687003,23.046483993530273,5863300
2016-02-04,23.02375280717685,23.23588399258786,22.93284047416176,23.228307723999023,4987500
2016-02-05,23.228308511043604,23.448015972487795,23.099514830720413,23.25861358642578,3762200
2016-02-08,23.023750412905414,23.387404042225377,22.99344678672686,23.28133773803711,5718600
2016-02-09,23.084355950042088,23.720747907948365,23.069204861539657,23.394975662231445,7501200
2016-02-10,23.508626955209873,23.849550416127126,23.410136895703843,23.417713165283203,4266700
2016-02-11,23.038904423963498,23.243459332613813,22.87223085674402,22.90253448486328,5204000
2016-02-12,23.19042458065593,23.826816602802484,23.15254324301311,23.77378273010254,6632000
2016-02-16,24.016223400928418,24.031374493764467,23.690451062031745,23.978342056274418,5294100
2016-02-17,24.243505704257217,24.410180730790337,24.076832122749646,24.288963317871097,4908700
2016-02-18,24.28895921856183,24.334413934453103,24.076828059242295,24.20562171936035,3178500
2016-02-19,24.061674735851515,24.304110957858608,24.054098468442675,24.175315856933594,3188200
2016-02-22,24.364721581796584,24.455633913244267,24.122286771235498,24.26623153686523,2926700
2016-02-23,24.2662314434094,24.33441641424529,24.099557873046923,24.19047164916992,2888500
2016-02-24,24.00106816437416,24.167741727034254,23.82681833363514,24.12986183166504,3640900
2016-02-25,24.22835441223351,24.41775681028729,24.1601694333321,24.372299194335938,3029100
2016-02-26,24.508662171588547,24.508662171588547,24.145011462731947,24.32683753967285,3117600
2016-02-29,24.266229810111135,24.417752278442396,24.160164949294465,24.18289375305176,3707300
2016-03-01,24.364713346402706,24.698060375738525,24.281375866556267,24.67533302307129,3260200
2016-03-02,24.660189540568616,25.023841766939697,24.569277206488596,24.948081970214844,3732000
2016-03-03,24.9859662403658,25.410228690390657,24.9859662403658,25.37234878540039,7479000
2016-03-04,25.34203583976744,25.402643090930383,25.05414344910431,25.145055770874023,3659200
2016-03-07,25.03141789305458,25.289005231653295,25.00868764343797,25.25112533569336,3800100
2016-03-08,25.16021372229436,25.228398700812143,24.955658786741004,25.02384376525879,3916800
2016-03-09,25.152638898037377,25.23597641512036,24.955658786741004,25.02384376525879,1962800
2016-03-10,25.1147600007109,25.205672345685446,24.71322493780824,24.879899978637695,4260100
2016-03-11,25.092026590444025,25.167789276768264,24.87232202523117,25.16021156311035,5756100
2016-03-14,25.152633330972225,25.167785866183692,24.94050072806224,25.031415939331055,3522600
2016-03-15,24.887465516958542,25.235968007751996,24.857163339974544,25.213237762451172,3153200
2016-03-16,25.190516513591007,25.81175608813564,25.084451643310356,25.773876190185547,4386200
2016-03-17,25.819324540798632,26.16024639011751,25.59203945451948,26.107213973999023,3810900
2016-03-18,26.19055827088637,26.26631805933266,26.054188339642504,26.220863342285156,6531100
2016-03-21,26.137530264757245,26.49360768883263,26.107225188229304,26.463302612304688,3242800
2016-03-22,26.395123591383424,26.62240593652847,26.34966596633369,26.546646118164062,3645400
2016-03-23,26.50876307852889,26.72089285694002,26.45572774387463,26.645130157470703,3701300
2016-03-24,26.493606249195437,26.569366046347408,26.182986456790744,26.37238883972168,2504700
2016-03-28,26.36481264447363,26.592094939071018,26.334507567847,26.5390625,2097500
2016-03-29,26.546629506688895,26.65269434205004,26.41783442800036,26.531476974487305,3320700
2016-03-30,26.645127378142035,26.71331235552637,26.41027025941358,26.5390625,2325500
2016-03-31,26.561789213988096,26.667854078000385,26.45572145992502,26.62239646911621,2877300
2016-04-01,26.6072421398049,26.895134529902528,26.486024747666516,26.879981994628903,2633400
2016-04-04,26.87241536582717,26.92544781042995,26.59967542784059,26.645130157470703,2747400
2016-04-05,26.569365724303232,26.64512552053693,26.251171112060547,26.251171112060547,4073700
2016-04-06,26.2587473702031,26.34965970866035,26.15268249366112,26.342084884643555,3518200
2016-04-07,26.251173044661467,26.266322692982737,25.96328059568715,26.069345474243164,3366000
2016-04-08,26.152686252635572,26.22844606389719,26.02389110542896,26.084501266479492,3791900
2016-04-11,26.137521148869347,26.266313344117957,25.940544000239065,25.97084617614746,1936700
2016-04-12,26.03903401355465,26.342078926604447,25.940546873356375,26.296621322631836,3670500
2016-04-13,26.39511522870683,26.47845273653522,26.05419037397744,26.33450508117676,3685500
2016-04-14,25.857211399595705,25.864786222491528,25.175361736943625,25.43294906616211,7797500
2016-04-15,25.395072104878324,25.410224642470887,25.175364644862704,25.326887130737305,4164600
2016-04-18,25.281423884003697,25.54658889770508,25.228391459273496,25.54658889770508,3837900
2016-04-19,25.599625752386807,25.713265443594988,25.478408347734213,25.569320678710938,3383000
2016-04-20,25.584466035348058,25.660225808225096,25.21323621213035,25.334453582763672,2510100
2016-04-21,25.235964320227374,25.311724086692607,24.751091988680436,24.78897476196289,3470100
2016-04-22,24.796557036022215,25.038991829642637,24.796557036022215,24.963232040405273,2387100
2016-04-25,24.864737353384516,24.932922306969857,24.751094800725564,24.895042419433594,2309500
2016-04-26,24.932931591649112,24.970811493291325,24.71322411605253,24.81171417236328,3172600
2016-04-27,24.849583411756047,24.963225957973147,24.720791223423333,24.84200859069824,2062100
2016-04-28,24.652606964111328,24.8420092864108,24.554116947301576,24.652606964111328,2179900
2016-04-29,24.54655282165084,24.75868259024109,24.440485047304367,24.69807243347168,2336900
2016-05-02,24.720798675013953,25.13748331999458,24.720798675013953,25.05414581298828,2217400
2016-05-03,24.834434870196414,25.16778485130539,24.75109737491917,25.137479782104492,2812600
2016-05-04,25.00111048004064,25.076870264869033,24.781403057967548,24.872318267822266,3243100
2016-05-05,24.963232550578677,25.258699780713854,24.819284902014836,24.910200119018555,3484800
2016-05-06,24.804132117825297,25.046566885728925,24.55411963777132,24.97080421447754,3161400
2016-05-09,24.94050290537426,25.205667959648064,24.83443803968507,25.114755630493164,2024100
2016-05-10,25.213242233308183,25.463254745598093,25.122329906134933,25.455677032470703,2208300
2016-05-11,25.395070331250423,25.48598266040532,25.099603093958876,25.114755630493164,2469500
2016-05-12,25.228400580811947,25.44810807130292,25.145063057518716,25.42538070678711,2467500
2016-05-13,25.31930657232931,25.38749153880985,25.12990420877789,25.182939529418945,2339700
2016-05-16,25.160208153552663,25.22081829439854,25.00111086890812,25.031415939331055,4540000
2016-05-17,25.01626666823609,25.152636612882244,24.79655921407829,24.864744186401367,4758900
2016-05-18,24.7586752919323,24.7586752919323,24.23592440409688,24.53139305114746,10880600
2016-05-19,24.425322317162905,24.766244151230183,24.288952427516072,24.66775703430176,4692600
2016-05-20,24.796557638964323,25.069297510931793,24.735950384110872,24.985960006713867,3655600
2016-05-23,24.955653212506498,25.04656842359036,24.895045961834494,24.9935359954834,3021400
2016-05-24,25.15264129038476,25.61478364539988,25.061728940397828,25.37234878540039,2874800
2016-05-25,25.395075446225142,25.440533064983903,25.167793132534182,25.198095321655273,2651300
2016-05-26,25.167791969582257,25.25870431284748,25.1299091773414,25.190519332885746,3123300
2016-05-27,25.198094157303142,25.243551773961396,25.1299091773414,25.190519332885746,3646800
2016-05-31,25.258702444915812,25.342039957600665,25.09202741954611,25.22839736938477,6316600
2016-06-01,25.167787322337375,25.342037152275108,25.12232971407289,25.30415725708008,3077600
2016-06-02,24.955655862677553,25.22082092142222,24.79655856146129,25.129905700683594,2721900
2016-06-03,24.857167687458436,24.993537622913248,24.698067502727305,24.910200119018555,2866300
2016-06-06,24.895043476989688,25.031413389953443,24.781400919503135,24.826858520507812,1642700
2016-06-07,24.902614412706917,24.96322453792152,24.637452340017624,24.64502716064453,2811300
2016-06-08,24.584429473540258,24.895049260778503,24.546549575594316,24.864744186401367,2207800
2016-06-09,24.78139986677464,24.932922306969857,24.720792624726652,24.895042419433594,2159000
2016-06-10,24.73595163526946,24.94050365954064,24.66776666382875,24.74352645874023,3293200
2016-06-13,24.75867523931012,24.88746744912928,24.463208037912775,24.493513107299805,2665900
2016-06-14,24.478360553582444,24.53896780225892,24.266227958088567,24.31168556213379,2877000
2016-06-15,24.26622783362785,24.372292685805544,24.008641970485627,24.05409812927246,3325000
2016-06-16,23.925305871897365,24.213196821054098,23.773783407062044,24.19804573059082,2017900
2016-06-17,24.09955406188965,24.190467823635345,23.993489210707352,24.09955406188965,2605000
2016-06-20,24.2889605712716,24.44805786585278,24.10713302742828,24.12986183166504,2490100
2016-06-21,24.22835372566882,24.349571141386225,24.122288848172488,24.27381134033203,2011300
2016-06-22,24.213199102683177,24.42533172946231,24.213199102683177,24.26623153686523,1821300
2016-06-23,24.501092065299694,24.614734649658203,24.35714729648977,24.614734649658203,1904000
2016-06-24,23.82682017835323,24.25865737710767,23.698026501090897,24.001070022583008,5671400
2016-06-27,23.743476311940192,23.940454909435353,23.59195386924388,23.758628845214844,4101500
2016-06-28,23.864695894821264,24.22077178955078,23.73590224012757,24.22077178955078,2433600
2016-06-29,24.3647173472117,24.766249390532735,24.3647173472117,24.720794677734375,3572600
2016-06-30,24.758681334355337,25.379920959472656,24.698071180660374,25.379920959472656,3543400
2016-07-01,25.36476417999991,25.379916715890108,25.114754562938405,25.182939529418945,2364800
2016-07-05,24.978389039614417,25.14506118372916,24.910204061096632,25.02384376525879,1973400
2016-07-06,24.978383006431105,25.10717521805048,24.89504550947714,25.084447860717773,2196000
2016-07-07,25.08445799725278,25.27386042503022,25.05415291519598,25.10718536376953,3533900
2016-07-08,25.334458571854967,25.561743715345308,25.07687124727648,25.523860931396484,3132200
2016-07-11,25.554166228885386,25.652656265933544,25.38749122619629,25.38749122619629,2318300
2016-07-12,25.440533064983903,25.56175049162251,25.175367957301603,25.198095321655273,3229500
2016-07-13,25.21324231882985,25.42537493635467,25.129904814450537,25.20566749572754,2963400
2016-07-14,25.48597737814491,25.652652355425957,25.190510202092316,25.349607467651367,4122400
2016-07-15,25.425376352480185,25.425376352480185,25.046571595149107,25.076873779296875,2295800
2016-07-18,25.001117401954208,25.06930238319795,24.84959490029573,24.879899978637695,2337800
2016-07-19,24.811711797001003,24.910201843882756,24.728374287335743,24.902624130249023,1889600
2016-07-20,24.91777335755657,25.03141592655931,24.84958839416504,24.84958839416504,1786600
2016-07-21,24.751107750265756,24.90263026973609,24.68292565105837,24.73595809936523,2621700
2016-07-22,24.804136182020255,25.06172352638024,24.796558468628294,25.05414581298828,1502900
2016-07-25,25.054142266737195,25.069294801325498,24.917772345492956,24.955652236938477,1831300
2016-07-26,24.955649061611098,25.046564257572953,24.667759611215494,24.72836685180664,2052900
2016-07-27,24.705641959556335,24.819281630756777,24.675336891216062,24.71321678161621,2333900
2016-07-28,24.68291214387581,24.819279157718405,24.65260707855519,24.72836685180664,2118000
2016-07-29,24.69807160625345,24.804139377047363,24.59958443987882,24.629886627197266,3175800
2016-08-01,24.62988164651548,24.70564432461889,24.576849216868418,24.62230682373047,2433100
2016-08-02,24.592005606322328,24.728375558228457,24.501093268401945,24.66019058227539,2891800
2016-08-03,24.73595098448607,25.06929811939778,24.660188301516925,25.00868797302246,4301900
2016-08-04,25.061721823745927,25.51628633465168,24.97080660952423,25.38749122619629,4148500
2016-08-05,25.569323250658822,25.849637985229492,25.501138273055016,25.849637985229492,2686200
2016-08-08,25.849629799810064,25.925392467629862,25.73599013315577,25.864782333374023,2004000
2016-08-09,25.735996941198273,25.978431762253308,25.667811967148356,25.834484100341797,2236000
2016-08-10,25.735994204846993,25.88751378435796,25.72084166888575,25.76629638671875,1823400
2016-08-11,25.834481027083175,25.90266599302184,25.71326363097563,25.826906204223633,1689600
2016-08-12,25.804181218546848,25.8723661907558,25.72841853273081,25.73599624633789,1193700
2016-08-15,25.735995971005003,25.811755765959575,25.63750592552331,25.652658462524418,1738200
2016-08-16,25.652657113071985,25.720842080964616,25.432949673190084,25.455677032470703,1837100
2016-08-17,25.04657108341618,25.379918222638487,25.001113473046868,25.129905700683594,3240400
2016-08-18,25.076870434063128,25.205665537201025,24.99353582620985,25.16778564453125,2277900
2016-08-19,25.07686443035653,25.09201696180685,24.902614653752646,24.940494537353516,2188100
2016-08-22,24.864738409653235,24.91777083246689,24.629878472871155,24.826858520507812,2051000
2016-08-23,24.735947882295093,24.77382777400364,24.417750433832225,24.493513107299805,3879700
2016-08-24,24.432904964972685,24.531395003503057,24.341992639433503,24.387447357177734,1778300
2016-08-25,24.395023076817193,24.62988013944048,24.28895822401307,24.493513107299805,2109700
2016-08-26,24.53897272088672,24.698070031858965,24.334417796757663,24.42533302307129,2029900
2016-08-29,24.455626930491828,24.66018178538127,24.455626930491828,24.652606964111328,1484300
2016-08-30,24.682914603326324,24.728369315786345,24.584424576245635,24.71321678161621,1438000
2016-08-31,24.713211737484173,24.8344290960536,24.516234613577527,24.66775703430176,2406300
2016-09-01,24.682922139705305,24.78898702123041,24.485942025400444,24.63746452331543,2299300
2016-09-02,24.698073661386175,24.804141441006017,24.47836905730236,24.599586486816406,2333500
2016-09-06,24.660191394427713,24.660191394427713,24.3268442177072,24.508668899536133,2519400
2016-09-07,24.516244099759792,24.531396636700237,24.27380928881453,24.485939025878903,2810200
2016-09-08,24.395026045882787,24.448058478739313,24.23592730228779,24.24350357055664,2009500
2016-09-09,24.031371074106612,24.03894734195931,23.6677188873291,23.6677188873291,3377600
2016-09-12,23.52377732922503,23.95561601187503,23.501049966208356,23.864702224731445,4242800
2016-09-13,23.614686964518828,23.70560073567828,23.470740762276932,23.523773193359375,4143100
2016-09-14,23.56165273847581,23.599532630641704,23.243456731196417,23.31164169311523,3981500
2016-09-15,23.25860993497535,23.69802334385316,23.137392542528048,23.5540771484375,4475000
2016-09-16,23.53135438338638,23.81924684808812,23.42528949903609,23.584386825561523,6606300
2016-09-19,23.591958672249273,23.675296177201147,23.364676406958303,23.561655044555664,2867900
2016-09-20,23.71317494589893,23.75863255281668,23.50104522705078,23.50104522705078,2013300
2016-09-21,23.569232148268867,23.64499194270129,23.39498086400813,23.62984085083008,3109900
2016-09-22,23.67530003685385,23.766213824806652,23.63742013480514,23.690452575683594,3087600
2016-09-23,23.569231360648107,23.690448761719765,23.561655092452956,23.59953498840332,3035400
2016-09-26,23.478315186844853,23.743478766462577,23.46316265200378,23.652565002441406,3006700
2016-09-27,23.660142117510183,23.88742581319315,23.58438088561586,23.811664581298828,3574600
2016-09-28,23.834390598134735,23.90257555850017,23.698022122429084,23.88742446899414,1763400
2016-09-29,23.849546620967335,23.910155322931946,23.584383007987636,23.675296783447266,2460400
2016-09-30,23.796517245630163,23.96319083619684,23.72833226652888,23.864702224731445,2790600
2016-10-03,23.75105966377695,23.80409210103328,23.45559095688013,23.591960906982425,2622400
2016-10-04,23.59195426301435,23.59195426301435,23.288910817588775,23.394975662231445,2753200
2016-10-05,23.508618084526635,23.728324039322143,23.508618084526635,23.660139083862305,2975400
2016-10-06,23.675294770797613,23.682871038527303,23.205576286733848,23.508621215820312,3911900
2016-10-07,23.508618940986302,23.978335934572137,23.493466406993164,23.819238662719727,3702100
2016-10-10,23.96318616181424,23.96318616181424,23.78136006802063,23.79651260375977,1734500
2016-10-11,23.728326127415613,23.849543515561333,23.501043885898707,23.576805114746097,2690500
2016-10-12,23.576803744855585,24.01621711260875,23.56165121096147,23.993488311767575,2422700
2016-10-13,24.410179550837025,24.698069086322125,24.379874476559348,24.60715675354004,4808200
2016-10-14,24.940501225079952,25.0238387253785,24.713218972479773,24.79655647277832,3957900
2016-10-17,24.78139947131546,24.81170453688093,24.52381219410919,24.591997146606445,2707000
2016-10-18,24.80413747343039,24.8268648346878,24.22835260780041,24.304115295410156,3743200
2016-10-19,24.32684297292373,24.432907846905227,24.22835292277617,24.42533302307129,3160200
2016-10-20,24.357145404496897,24.47836280303969,24.220774024854528,24.25107765197754,3100300
2016-10-21,24.054101200522833,24.21319849910307,24.001068767662755,24.152589797973633,3141000
2016-10-24,24.281376937141953,24.357139599456392,24.12985594758816,24.213191986083984,1939900
2016-10-25,24.182895614037907,24.213199243020952,24.061678208054797,24.145015716552734,1876100
2016-10-26,24.11470665960901,24.334412629780836,24.061674233878744,24.228347778320312,1412700
2016-10-27,24.266233050517084,24.319265488007137,23.978342056274418,23.978342056274418,1821100
2016-10-28,24.00864189762578,24.114706749481595,23.65256456063801,23.83439064025879,2512100
2016-10-31,23.925308741698263,23.940461279004374,23.77378625868807,23.872276306152344,2461900
2016-11-01,24.038952298613776,24.038952298613776,23.584386248901055,23.690452575683594,2252500
2016-11-02,23.629837541431687,23.743478662190142,23.53134751042251,23.576805114746097,2028600
2016-11-03,23.667719168797134,23.887426604062256,23.6222630061657,23.751056671142575,2647800
2016-11-04,23.751051366218597,23.7662038987198,23.47831156129713,23.569225311279297,2983500
2016-11-07,23.84197146596475,23.86470027214741,23.652569082852473,23.826820373535156,2053500
2016-11-08,23.81923946195456,24.281380204050578,23.72832569997038,24.228347778320312,2594300
2016-11-09,24.167743902738124,24.39502763049083,23.95561415753288,24.304115295410156,3747400
2016-11-10,24.402599821926827,25.02383934305875,24.341992568427735,25.00111198425293,4208200
2016-11-11,24.932929284239584,25.205669174904894,24.89504938610295,25.16021156311035,3030500
2016-11-14,25.220819753620564,25.43294947875333,25.09960235496602,25.30415725708008,3367300
2016-11-15,25.281432503207142,25.387497388828265,25.18294533230261,25.258705139160156,3129900
2016-11-16,25.11474658591086,25.20565888232548,24.554114496246136,24.66775703430176,5138600
2016-11-17,24.735952227344463,25.023841766939697,24.65261471691653,24.948081970214844,3390200
2016-11-18,24.940499702350177,25.175359653393137,24.902619810904657,24.955652236938477,2779100
2016-11-21,24.955652236938477,25.069294801325498,24.82686002801362,24.955652236938477,1790700
2016-11-22,25.02384545149049,25.31173792352646,24.948085643610643,25.198095321655273,2986400
2016-11-23,25.198089504462946,25.342037152275108,25.145057073179757,25.30415725708008,1933700
2016-11-25,25.311722603354504,25.372332725014637,25.25869019192672,25.34202766418457,702800
2016-11-28,25.20567333614557,25.402650573005893,25.20567333614557,25.319313049316406,2120900
2016-11-29,25.349613647104064,25.448103693147175,25.220821416936953,25.440528869628903,2439600
2016-11-30,25.455679655765497,25.53144234459312,25.205670007762013,25.22839736938477,5265600
2016-12-01,25.213249411535873,25.52386926702469,25.213249411535873,25.47841453552246,2490500
2016-12-02,25.47841180188864,25.531444242985675,25.326889303017996,25.410226821899418,1760000
2016-12-05,25.516289240548257,25.531441777977506,25.213244272065335,25.243549346923828,3038700
2016-12-06,25.25869380988663,25.448096132129315,25.25111898861896,25.334453582763672,7083100
2016-12-07,25.410223650608664,25.682963536526614,25.319308428602067,25.652658462524418,3773800
2016-12-08,25.690537384217315,25.910244827311892,25.56931998286355,25.796602249145508,2477500
2016-12-09,25.826911670728435,25.970856455932555,25.652661807570407,25.963281631469727,2830700
2016-12-12,25.97842698013622,26.26631647086239,25.932969375787113,26.16025161743164,3538100
2016-12-13,26.22086796791655,26.22086796791655,26.031465573337613,26.069345474243164,2446800
2016-12-14,26.069341852383864,26.79664625290903,26.039036779849287,26.584516525268555,8591600
2016-12-15,26.660277195868776,27.016354584767324,26.599669938851445,26.87240982055664,4447700
2016-12-16,26.940594046408176,27.160298598331128,26.87240907786635,27.061811447143555,7491700
2016-12-19,27.130002534125342,27.167882438513413,27.016359930909676,27.039087295532227,3218900
2016-12-20,27.07696533203125,27.16787766459788,27.031507720722463,27.07696533203125,1962300
2016-12-21,27.061808798808375,27.236058614684794,27.02392601661959,27.06938362121582,1897700
2016-12-22,27.054228886378183,27.137566376335904,26.940589219204252,26.98604393005371,2862500
2016-12-23,27.0087785524593,27.061810983744746,26.864830904641032,26.97089576721191,2689200
2016-12-27,26.986046124481337,27.10726351335408,26.902708627746847,27.06938362121582,1239700
2016-12-28,27.03150712153438,27.129997165494785,26.857257283789583,26.87240982055664,1366900
2016-12-29,26.89513895177786,26.97089875055117,26.766346715853015,26.90271377563477,1318100
2016-12-30,26.97089566963579,26.986048205669775,26.819376089397416,26.8951358795166,1561400
2017-01-03,27.076967869990405,27.10727005698558,26.690585362776957,26.91786766052246,2993300
2017-01-04,26.99363475968108,27.23606963552576,26.99363475968108,27.160306930541992,2915700
2017-01-05,27.220910191895875,27.236062729050275,26.933017766064214,27.15272521972656,2348800
2017-01-06,27.122419170412496,27.410311585894902,27.099691810523385,27.296669006347656,2147000
2017-01-09,27.2587886395695,27.2587886395695,27.061811447143555,27.061811447143555,1876300
2017-01-10,27.258789152693428,27.65274643501203,27.129996926384905,27.516376495361328,3641700
2017-01-11,27.448192585031823,27.720932474860945,27.44061776144811,27.63002014160156,3412000
2017-01-12,27.501214861439447,27.501214861439447,27.243627603980347,27.42545509338379,2388000
2017-01-13,27.51637700815477,27.65274695034685,27.440617213626233,27.46334457397461,1208200
2017-01-17,27.349697564529496,27.48606748464486,27.16029521881932,27.258785247802734,2367800
2017-01-18,27.364850831063773,27.599710786445584,27.236058619759586,27.539100646972656,2113400
2017-01-19,27.58455596867742,27.6224358576878,27.417880988971422,27.56182861328125,2310100
2017-01-20,27.569409480985257,27.766389571117045,27.554256944048127,27.68305206298828,2233700
2017-01-23,27.667900417646013,27.667900417646013,27.40273534777768,27.607290267944336,3011300
2017-01-24,27.667904722423287,27.77396961085258,27.486077135079174,27.7360897064209,2946500
2017-01-25,27.85730622371234,28.72098073273934,27.781543527274923,28.61491584777832,5169800
2017-01-26,28.69067052133088,28.827040460469934,28.584605655345133,28.81946563720703,2772900
2017-01-27,28.827041580016253,28.917953912956076,28.69067163558104,28.789161682128903,2140900
2017-01-30,28.76643659812568,28.76643659812568,28.34217419407667,28.40278434753418,3223100
2017-01-31,28.410360112937052,28.46339255394377,28.198230348910197,28.36490249633789,3354900
2017-02-01,28.42739906311512,28.743773363601697,28.35023574830055,28.504562377929688,3494600
2017-02-02,28.465985950184056,28.743778644298352,28.381104522138873,28.620315551757812,3522600
2017-02-03,28.867239929857323,28.9289729440595,28.543150436072313,28.651180267333984,4121300
2017-02-06,28.51999492740496,28.689757748127324,28.496846522248894,28.558576583862305,2124900
2017-02-07,28.62803052327331,28.67433028652564,28.381104339778823,28.58173370361328,2643400
2017-02-08,28.558581154282187,28.628029324456342,28.427402912615545,28.52771759033203,2070300
2017-02-09,28.527714071295215,28.82865512372991,28.45826590968784,28.797788619995117,2149400
2017-02-10,28.720619871011937,29.106442263933253,28.720619871011937,29.060142517089844,2575300
2017-02-13,29.106446859381037,29.12959526466188,28.89810238107827,29.01384735107422,2515300
2017-02-14,29.013852519300077,29.02157061816299,28.774644439210057,28.898107528686523,2320400
2017-02-15,29.12959702576823,29.662030984559394,29.12959702576823,29.623449325561523,4086900
2017-02-16,29.638883307243823,29.793212890625,29.53085348195459,29.793212890625,2445800
2017-02-17,29.731485478539025,29.78550040135513,29.600307221297772,29.762351989746097,1977000
2017-02-21,29.80864156223244,30.071000930582606,29.77777506158148,30.04013442993164,2315800
2017-02-22,29.89352455407895,29.978403019987468,29.739194986223296,29.970687866210938,2126800
2017-02-23,29.947537492296192,30.256193664122268,29.89352258863684,30.163597106933594,3470800
2017-02-24,30.01699692402508,30.24848987576868,29.95526390031074,30.132741928100582,1976300
2017-02-27,30.179033482029855,30.25619679707858,29.91667408983569,30.01698875427246,1663300
2017-02-28,29.932112109739123,30.294783280551663,29.90896075666307,30.23305320739746,4195000
2017-03-01,30.62658942608611,30.796352270451095,30.4954111871438,30.765485763549805,4113800
2017-03-02,30.73461960816468,30.81949807959664,30.58029003026609,30.618871688842773,2345100
2017-03-03,30.549419269534315,30.742330479131375,30.503119519538096,30.734615325927734,1859000
2017-03-06,30.557132001573095,30.65744664682084,30.402805400996527,30.410520553588867,2079700
2017-03-07,30.441396294971987,30.533992872154037,30.30249995740285,30.341081619262695,2215200
2017-03-08,30.433674298615337,30.449107550101065,30.27934767094152,30.333362579345703,2479000
2017-03-09,30.402815716445975,30.402815716445975,30.279352627939883,30.36423110961914,2696600
2017-03-10,30.51083755493164,30.533985958087435,30.35650799884628,30.51083755493164,3515900
2017-03-13,30.495408615242273,30.626586843121363,30.449108858795135,30.618871688842773,2786200
2017-03-14,30.557138048945323,30.773200630976312,30.50312313933553,30.680601119995117,2135100
2017-03-15,30.757780085388397,31.027854745007005,30.688331895258894,30.989273071289062,2558300
2017-03-16,30.958387050183724,31.11271659141636,30.858075350435,30.888938903808594,2148100
2017-03-17,30.927531093226747,31.228472153572355,30.858082929793767,31.105009078979492,3869800
2017-03-20,31.336505516959782,31.42138694225757,30.842653162782348,31.035564422607425,6642600
2017-03-21,31.436808848280613,31.436808848280613,30.79634228393139,30.881223678588867,5255800
2017-03-22,30.97382521422597,31.0664217762242,30.60343602264141,30.71146583557129,2823300
2017-03-23,30.672879524301365,30.896657213456265,30.52626807809187,30.53398323059082,3769700
2017-03-24,30.580280938119504,30.75775886967789,30.36421841586456,30.503114700317383,2557900
2017-03-27,30.186751624838585,30.510844056033015,30.140454808662295,30.46454429626465,2048700
2017-03-28,30.395089855507944,30.796345526580275,30.356508202126108,30.750045776367188,4823500
2017-03-29,30.657449396755243,30.657449396755243,30.317926724004337,30.387374877929688,2758800
2017-03-30,30.364229621895888,30.541710562545266,30.317932805719593,30.46454429626465,2369500
2017-03-31,30.38738280567135,30.38738280567135,30.04014194545317,30.23305320739746,3413200
2017-04-03,30.27935524393633,30.37966698829435,30.040144201467445,30.310218811035156,3749500
2017-04-04,30.325649146268916,30.364230809121707,30.12502273327908,30.294782638549805,2876700
2017-04-05,30.44139700797631,30.533993587327178,30.256200905682395,30.28706741333008,2324900
2017-04-06,30.310215822269747,30.44911216309214,30.09415615592033,30.28706741333008,5279500
2017-04-07,30.17131959616701,30.441397123722872,30.14045603199416,30.317934036254883,3375700
2017-04-10,30.526268203679788,30.61886475200404,30.464535209069485,30.564849853515625,2023600
2017-04-11,30.449115933777065,30.495415700982143,30.27163790821306,30.48769760131836,2513500
2017-04-12,30.341085321726457,30.37195183241776,30.040144201467445,30.310218811035156,2459700
2017-04-13,30.317934036254883,30.487693941778247,30.17903769490437,30.317934036254883,2706800
2017-04-17,30.402816358350083,30.549427859173953,30.248486758561,30.52627944946289,2713700
2017-04-18,30.248484014244333,30.557140242227145,29.79321335514707,30.101869583129883,7093900
2017-04-19,30.194472445438496,30.31793553902619,29.939828159143183,29.99384307861328,3923600
2017-04-20,30.04013141374091,30.49540195006071,29.97839841863731,30.410520553588867,2996400
2017-04-21,30.402808128089937,30.44910493497918,30.21761206975849,30.387374877929688,3248600
2017-04-24,30.811778261504877,30.85035991424166,30.464537499690977,30.64201545715332,1653600
2017-04-25,30.726908092708072,30.834937937302016,30.711474837252865,30.8040714263916,1961900
2017-04-26,30.76549087815952,31.03556844305669,30.73462730971943,30.850372314453125,1664600
2017-04-27,30.919823768548344,31.051004986780576,30.788645493909023,30.94297218322754,1991700
2017-04-28,30.950675518706376,30.950675518706376,30.62658314984265,30.649734497070312,1574200
2017-05-01,30.734618006597955,30.78863291450899,30.54942193405175,30.688318252563477,1840800
2017-05-02,30.719179641924445,30.765476444660923,30.317924004524684,30.410520553588867,2620600
2017-05-03,30.410530359973578,30.966115720698923,30.37966385246835,30.904382705688477,3249400
2017-05-04,31.004698466656528,31.159028065983097,30.811787203396392,31.151309967041016,2969900
2017-05-05,31.18216724211983,31.45224175327402,31.11271909016713,31.436811447143555,3556800
2017-05-08,31.444542301681818,31.591153831861252,31.2439158422998,31.313364028930664,2531300
2017-05-09,31.26705196688013,31.42138153690967,31.043274237516876,31.112722396850582,2667300
2017-05-10,31.027846465824016,31.31335725105837,30.98154964715311,31.27477264404297,2246000
2017-05-11,31.135878141584097,31.151311396584216,30.858088382359153,31.04328155517578,2190100
2017-05-12,30.942968906958605,31.09729852352947,30.796357390192213,30.850372314453125,1988900
2017-05-15,30.98154950534378,31.12044584790521,30.89666808004599,31.035564422607425,2128700
2017-05-16,31.058707759857004,31.112722668299853,30.912096286025243,30.958393096923828,2756600
2017-05-17,30.9583929009324,31.791770814931933,29.901240200625644,31.76090431213379,4289200
2017-05-18,31.938378022061205,32.13900731986083,31.830348220288172,32.077274322509766,4466100
2017-05-19,32.108149754749064,32.20846443155978,31.6760274838347,31.714609146118164,4780500
2017-05-22,31.838063177796705,32.24703692375964,31.838063177796705,32.038692474365234,2875100
2017-05-23,32.05413253230291,32.13901394937397,31.92295135766801,32.06184768676758,3944200
2017-05-24,32.07729133308289,32.29335105120533,32.04642481803886,32.27020263671875,2230200
2017-05-25,32.35506467787954,32.679154060705976,32.285616532475146,32.61742401123047,1905500
2017-05-26,32.65602774112404,32.7486243497439,32.50941619884317,32.640594482421875,2430900
2017-05-30,32.51711678533465,32.66373120551007,32.48625028176174,32.57884979248047,1496500
2017-05-31,32.60971315005224,32.764042723367055,32.54026498924016,32.74089431762695,4754900
2017-06-01,32.7872028390448,32.99554443359375,32.65602163639604,32.99554443359375,2359800
2017-06-02,33.01868823017109,33.28876278616032,32.94152196875138,33.24246597290039,2515500
2017-06-05,33.211587017173926,33.35048329206472,33.09583914023466,33.227020263671875,1911800
2017-06-06,33.11128635075408,33.38136091938984,33.06498659173422,33.14986801147461,2488600
2017-06-07,33.342777268835235,33.35821052092083,33.12671762682066,33.14215087890625,2042200
2017-06-08,33.14213887972853,33.281035154619325,33.02639100278926,33.227020263671875,3612800
2017-06-09,33.27333189908012,33.5819910795159,33.196168575767224,33.551124572753906,2433000
2017-06-12,33.520255880427165,33.72088521770676,33.32734464113089,33.70545196533203,2727500
2017-06-13,33.6823061738942,33.81348441387714,33.59742475103835,33.65143966674805,2686600
2017-06-14,33.58969717471042,34.3536268212688,33.543400370646545,34.26874542236328,3245600
2017-06-15,34.2456028919523,34.52339553833008,34.16843663262969,34.52339553833008,2363000
2017-06-16,34.53882805996467,34.63142757708589,34.36135006753701,34.59284591674805,3083900
2017-06-19,34.74717981845862,34.74717981845862,34.268760654402215,34.49253845214844,4931800
2017-06-20,34.507956369861446,34.58511967236211,34.23787892392649,34.26874542236328,1915100
2017-06-21,34.38450401846393,34.38450401846393,34.230174421851544,34.31505584716797,2748500
2017-06-22,34.16072020105149,34.2764651703194,33.94466057021137,34.02182388305664,2472200
2017-06-23,34.06812944149953,34.32277077214847,33.906081747167796,34.25332260131836,14861500
2017-06-26,34.307328532121595,34.46937324041679,34.191583573449925,34.38449478149414,2355300
2017-06-27,34.36134083654076,34.50023713131681,34.261029135329,34.438507080078125,2587700
2017-06-28,34.592839187971016,34.61598759095264,34.29961332797426,34.36134338378906,2294800
2017-06-29,34.49254241084605,34.52340892654516,33.9446750033551,34.068138122558594,2081600
2017-06-30,34.22245026260937,34.34591332931682,34.00639063176924,34.02182388305664,2449000
2017-07-03,34.114419286958935,34.57740797905944,34.114419286958935,34.191585540771484,1208200
2017-07-05,34.284188477509296,34.56969631073199,34.07584396885745,34.5388298034668,2891200
2017-07-06,34.53111347947267,34.60827680143132,34.245605655915206,34.28418731689453,4703300
2017-07-07,34.31505285498316,34.85520198063856,34.284186349633714,34.71630859375,2192000
2017-07-10,34.53882583291205,34.808903325046415,34.53882583291205,34.724021911621094,3246100
2017-07-11,34.747178436095616,34.8089114579528,34.376789135729965,34.399940490722656,2248900
2017-07-12,34.46939046855618,34.685453131198116,34.338212194445816,34.616004943847656,2784200
2017-07-13,35.75032057648625,35.75032057648625,34.62371644039624,34.878360748291016,4589800
2017-07-14,34.785758760024166,35.21016293042076,34.72402574577412,35.17158126831055,2982200
2017-07-17,35.171577023873624,35.171577023873624,34.85519977941013,35.07126235961914,5069700
2017-07-18,34.91692956162364,35.4493634499422,34.909214408282,34.98637771606445,4987600
2017-07-19,35.094412534181686,35.241024017333984,34.940082952994466,35.241024017333984,2349200
2017-07-20,35.24102860376991,35.90464382872666,35.148432020443394,35.86606216430664,3142000
2017-07-21,35.78889364042981,35.850623705822784,35.65771246813292,35.773460388183594,2876800
2017-07-24,35.81974543240808,36.17470423026213,35.77344863447257,36.097537994384766,1940500
2017-07-25,36.3599092657133,36.40620902246485,36.02038654697759,36.1978645324707,1766000
2017-07-26,36.24417255756624,36.26732096942689,35.796616970976544,35.88921356201172,2226600
2017-07-27,35.88148997232448,35.92778972875604,35.5574005080792,35.711727142333984,2915700
2017-07-28,35.750313013578186,36.48337338308668,35.750313013578186,36.43707656860352,3113000
2017-07-31,36.49881590006517,36.56054892650136,36.29818945133299,36.367637634277344,2744000
2017-08-01,36.46794891357422,36.483382169982974,36.28275572385448,36.46794891357422,2310400
2017-08-02,36.5142398884701,36.66856947179525,36.367628403286794,36.43707656860352,2492000
2017-08-03,36.44479590299735,36.7920367694059,36.33676606535742,36.73802185058594,3017200
2017-08-04,36.8460482382111,36.8460482382111,36.668570243907304,36.815181732177734,1817600
2017-08-07,36.83060531940895,36.84603856837535,36.67627577333625,36.784305572509766,1965100
2017-08-08,36.71487261484219,36.86148411354253,36.6531395983838,36.76116943359375,2378300
2017-08-09,36.73801665373968,37.06982421875,36.722583401461065,37.06982421875,2786200
2017-08-10,36.90778125027783,36.99265972648153,36.691718651636315,36.815181732177734,2485500
2017-08-11,36.80747165278965,36.99266482734177,36.39849775043489,36.44479751586914,2943200
2017-08-14,36.66085137150212,36.892347218272235,36.57597289709064,36.861480712890625,1481000
2017-08-15,36.876921012955776,36.930935935900145,36.637709965921744,36.72259140014648,2158100
2017-08-16,37.000381189161686,37.77202624860784,36.7688882600463,37.58683013916016,3892300
2017-08-17,37.62541018846622,37.795173036207395,37.37848401552933,37.432498931884766,3891300
2017-08-18,37.37076730574737,37.73344139498203,37.2704526322925,37.52509689331055,3466100
2017-08-21,37.52509143560786,37.63312124811246,37.11611764650837,37.571388244628906,2615000
2017-08-22,37.58683453356954,37.79517907720937,37.494237939816045,37.725730895996094,2501000
2017-08-23,37.60226183169121,37.8183214974121,37.60226183169121,37.67942810058594,1721300
2017-08-24,37.76429696761213,37.76429696761213,37.22414794081152,37.23957824707031,2619000
2017-08-25,37.370774144535254,37.60998519621299,37.33219247648209,37.347625732421875,2406400
2017-08-28,36.61455677882049,36.8460496960458,36.25188267755914,36.50652694702149,6050100
2017-08-29,36.38306682923239,36.761171271369534,36.37534872999313,36.753456115722656,3208800
2017-08-30,36.73029046792591,36.86918676425702,35.80431908384019,35.93549728393555,5079100
2017-08-31,35.89692867327958,36.112988348905574,35.78889883546659,35.86606216430664,4557200
2017-09-01,35.89692198609856,36.02038505539829,35.21787363315419,35.233306884765625,6624400
2017-09-05,34.94009304610134,34.978677660237985,33.93695489399688,34.037269592285156,7658500
2017-09-06,34.10670356546402,35.140707800602236,34.04497056344189,34.67771911621094,5991400
2017-09-07,34.66229417648134,34.66229417648134,33.636007792324975,33.74403762817383,5818000
2017-09-08,33.64371553899358,35.11755713979078,33.64371553899358,35.0403938293457,7058900
2017-09-11,35.87378104727298,36.69172294778379,35.680869777364975,35.81976318359375,7352400
2017-09-12,35.727159465096875,35.97408560579141,35.46480007265996,35.94322204589844,4302700
2017-09-13,35.67314307393143,35.78117288804875,35.29503872452079,35.603694915771484,3098600
2017-09-14,35.56511205306786,35.56511205306786,35.05582655837251,35.549678802490234,3167800
2017-09-15,35.549686246467374,35.84291218165957,35.46480482231235,35.511104583740234,3690400
2017-09-18,35.62685338121746,35.75031942489304,35.41851179149615,35.734886169433594,3153100
2017-09-19,36.37534872999313,37.2704569082427,36.37534872999313,36.753456115722656,6611400
2017-09-20,36.784320874128134,37.04668032851119,36.65314261873285,36.807472229003906,5060800
2017-09-21,36.76116001945078,37.13926728944859,36.71486321255534,36.79202651977539,3923300
2017-09-22,36.73801742387751,37.054391743241375,36.59140299595322,37.02352523803711,3044100
2017-09-25,36.98494458938573,37.08525926224593,36.73801842818526,37.03895950317383,4710000
2017-09-26,36.969513720798545,37.26273965998342,36.884632295487755,36.923213958740234,2941600
2017-09-27,37.139274158343994,37.27045239359774,36.73801841068636,36.815181732177734,2857100
2017-09-28,36.79974393899376,37.10068792030206,36.707147375909805,37.08525466918945,4015000
2017-09-29,37.008092568798354,37.37848180631221,36.9309292481633,37.3630485534668,1974600
2017-10-02,37.33990690182453,37.95722240937053,37.31675849016422,37.83375930786133,3457100
2017-10-03,37.748876083440145,37.88777243400001,37.64856434194099,37.8646240234375,2542800
2017-10-04,37.81832082059945,38.042098581001085,37.7643059051359,37.9417839050293,3555400
2017-10-05,37.9726528506595,38.01123451509804,37.80289293841146,37.84918975830078,2757500
2017-10-06,37.88776459735867,38.12697558353209,37.76430152724149,38.02666091918945,1815200
2017-10-09,38.072963125363586,38.38933744688063,37.941781949148634,38.15784454345703,2292200
2017-10-10,38.15013003005927,38.29674447275792,37.93407035904094,38.09611511230469,2197500
2017-10-11,38.034372204685994,38.08838710421342,37.77972801240707,38.00350570678711,2336600
2017-10-12,38.057536141465725,38.126984318291456,37.57911700310651,37.617698669433594,3064800
2017-10-13,37.687131308534326,37.93405740353541,37.53280176326083,37.55595016479492,3216300
2017-10-16,37.555958832758584,37.90319965386976,37.555958832758584,37.795169830322266,3142500
2017-10-17,37.810604481416846,38.173278568392135,37.100692504077685,37.46336364746094,5517400
2017-10-18,37.702565284933755,37.7951618364481,36.954068889248546,37.1083984375,4103900
2017-10-19,37.06982083748733,37.57910634186016,36.977221332262,37.571388244628906,2502700
2017-10-20,37.7874534729125,37.8260351310095,37.440212662855906,37.741153717041016,3089700
2017-10-23,37.795170466410866,37.856903477243776,37.62540763021233,37.73344039916992,3002900
2017-10-24,37.80289574017843,38.02667058794399,37.68714779469182,37.83375930786133,3221400
2017-10-25,37.73344037692324,37.818318851380496,37.47108096822199,37.50966262817383,2827900
2017-10-26,37.71029464290942,38.00352060068402,37.55596503652318,37.92635726928711,2883100
2017-10-27,37.77202205914451,37.903200291776486,37.54824431026316,37.73344039916992,2683200
2017-10-30,37.64856297245819,37.89548915478426,37.548248291015625,37.548248291015625,2385100
2017-10-31,37.5791166390979,37.756594657357304,37.49423520784504,37.54053497314453,2690000
2017-11-01,37.69485072827437,37.7565837308085,37.57138766679769,37.65626907348633,1873500
2017-11-02,37.718008545041435,38.69027995297575,37.68714203848045,38.0498161315918,3538300
2017-11-03,37.949497711701966,38.79059079912994,37.92634930586186,38.697994232177734,3884800
2017-11-06,38.43562942262477,38.890899982731995,38.38161452088249,38.744285583496094,3272600
2017-11-07,38.82145752828685,39.35389147084643,38.806024276439814,38.96035385131836,1831000
2017-11-08,38.8909078521308,39.1378340082288,38.79830833590007,39.00665283203125,1778800
2017-11-09,38.88318816023296,39.145547558282466,38.69027692471397,39.07609939575195,1939300
2017-11-10,38.95264332893871,39.245869283874065,38.72115039339707,39.160987854003906,1292300
2017-11-13,39.006652829526665,39.51593839439509,38.89090784963364,39.43105697631836,3418900
2017-11-14,39.19956467861095,39.770583263118674,39.137834610432606,39.56995391845703,2894800
2017-11-15,39.48506897026949,40.04065425218171,39.31530909025657,39.85546112060547,3130400
2017-11-16,40.12553542238988,40.18726842827144,39.68569805805487,39.79372787475586,2940100
2017-11-17,39.65483434745124,39.87861209414183,39.60081943529723,39.778297424316406,2240700
2017-11-20,39.855455097704194,40.04836629770549,39.77828885154889,39.98663330078125,2015200
2017-11-21,40.125533621883406,40.326159994812514,39.93262240254742,40.02521896362305,4230000
2017-11-22,40.032938272471426,40.032938272471426,39.724279134755136,39.87860870361328,2078700
2017-11-24,40.01751042634167,40.08695859452853,39.824599175110635,40.00979232788086,1726300
2017-11-27,40.07152415906799,40.31073516323078,40.017509245804135,40.1795539855957,2086800
2017-11-28,40.16411280493131,40.75827967714614,40.14096440198509,40.727413177490234,3747800
2017-11-29,40.83545329498305,41.12096407351388,40.434200472492456,40.472782135009766,3706100
2017-11-30,40.696549116118696,41.445042590136595,40.51906821709662,41.03607177734375,5779000
2017-12-01,41.15183070478973,41.66883145998005,40.54994558205845,41.36017227172851,3301900
2017-12-04,41.81544356867136,42.08552109825035,41.699698579073704,41.946624755859375,3373600
2017-12-05,42.05465902161488,42.247570301530544,41.77686630756152,41.86174774169922,3880700
2017-12-06,41.877181157093126,42.185837439980254,41.73056964349118,42.12410736083984,1935100
2017-12-07,42.07008361816406,42.317009770145134,41.97748704706914,42.07008361816406,1993200
2017-12-08,42.26298789653479,42.4327507019043,42.10865834107082,42.4327507019043,1609700
2017-12-11,42.347877502441406,42.43275892156856,42.01606992417632,42.347877502441406,2571600
2017-12-12,42.57937704885194,43.06551428828834,42.46362910588388,42.55622863769531,4154700
2017-12-13,42.625672552140365,43.389599479840086,42.55622438202292,43.10409164428711,3407800
2017-12-14,43.35101147756773,43.35872663152266,42.44047024411572,42.54850006103515,3069100
2017-12-15,42.69511750325694,43.05778863666694,42.5948028331856,42.79542922973633,5616800
2017-12-18,42.83401091281812,43.04235540757608,42.51763659342832,42.59480285644531,2511200
2017-12-19,42.83400533688174,43.14266446158597,42.67967871812119,43.05006790161133,2613700
2017-12-20,43.165818063207674,43.42817746771907,43.050073085200594,43.34329605102539,2691200
2017-12-21,43.605663799005754,44.122667552521214,42.94205147811786,43.05779647827149,2610800
2017-12-22,43.17353298953536,43.35101096431487,42.934322009480354,43.28156280517578,1714800
2017-12-26,43.23527488739081,43.44361942184486,43.20441131989549,43.38188934326172,1235000
2017-12-27,43.44361036874896,43.74455143016169,43.38188030302959,43.48991012573242,1865600
2017-12-28,43.62108892269464,43.75227009739198,43.3201478573663,43.605655670166016,1314700
2017-12-29,43.61336733970818,43.70596389763945,43.45903778076172,43.45903778076172,1375200
2018-01-02,43.567073813537945,43.567073813537945,42.49448778818251,42.718265533447266,2715500
2018-01-03,42.6874074802805,42.872603602861496,42.33245143422547,42.695125579833984,3247300
2018-01-04,42.77228606043912,43.057793909428874,42.51764177682684,42.68740463256836,2573300
2018-01-05,42.77998955916047,42.89573746446194,42.34015222876131,42.84943771362305,3264800
2018-01-08,42.91117698797261,43.07322172421095,42.68739924159094,42.98062515258789,3075600
2018-01-09,43.06550633765326,43.65195521289478,43.034639832747935,43.34329605102539,3823600
2018-01-10,43.25840911007429,43.36643891250412,42.77998720846882,42.96518325805664,3212700
2018-01-11,43.08865294499566,43.242982519484976,42.82629355144135,42.94975662231445,2087100
2018-01-12,43.07322830436798,43.2892879856925,42.72598742824472,43.16582489013672,2659800
2018-01-16,43.27384447124946,43.62108229783573,43.11951491299362,43.42045593261719,3800300
2018-01-17,43.58250215351771,44.292416968643714,43.3895909349149,44.16123580932617,3169500
2018-01-18,44.16895313571009,44.32327975302599,43.91430891867408,44.20753479003906,2042900
2018-01-19,44.37730169664438,44.63966110872331,44.24612346240092,44.49304962158203,3847600
2018-01-22,44.63967530321833,44.94833457213801,44.59337847339545,44.92518615722656,2632800
2018-01-23,44.8865958483168,44.94832887170882,43.46677163341126,44.02235412597656,4611300
2018-01-24,44.46990875370164,44.46990875370164,41.676551321027254,42.695125579833984,7594900
2018-01-25,42.98063112754653,43.065512556497445,42.50221200679595,43.02692794799805,4766600
2018-01-26,43.19668561488942,43.79856775716888,41.707410568425416,42.309295654296875,5802800
2018-01-29,42.2552845877616,42.32473276484542,40.96663867737493,40.99750518798828,7824800
2018-01-30,41.01293582131258,42.03150705769567,41.01293582131258,41.27529525756836,5233600
2018-01-31,41.52993490337537,42.05465375451541,41.28300873149678,41.745994567871094,6765400
2018-02-01,41.88390143622153,42.87682042011291,41.84449743187141,42.222755432128906,4502800
2018-02-02,42.20698868736907,42.90833658145985,41.89177473208862,41.95481872558594,3004400
2018-02-05,41.73417393556671,42.845298933646106,40.93038093604705,40.938262939453125,4452700
2018-02-06,40.53635657378219,41.8523713034698,40.02413768389054,41.66324234008789,5951100
2018-02-07,41.59232772778413,42.63252972053672,41.41108072969428,42.080909729003906,4334500
2018-02-08,42.136058908900225,42.16757789446757,40.22114150343947,40.244781494140625,5464800
2018-02-09,40.66243818755804,41.41106897134638,40.36298827892482,41.15102005004883,5109500
2018-02-12,41.308637679506376,41.60021169577626,40.560009653898746,41.27711868286133,2850800
2018-02-13,41.06434055413379,41.95481739435861,40.969777572991376,41.939056396484375,3078400
2018-02-14,42.37248684955565,44.40560812702069,42.214879826579896,44.366207122802734,6304600
2018-02-15,44.83902707466221,44.91782908113494,44.31892601607217,44.74446105957031,4209000
2018-02-16,44.59473103541631,45.33548003380328,44.59473103541631,45.193634033203125,3704700
2018-02-20,44.965101505079325,45.14634848218892,44.50016256167536,44.55532455444336,3807300
2018-02-21,44.705062900388725,45.78466608948756,44.594738881866746,45.051795959472656,3649100
2018-02-22,45.13846792253015,45.54036588966106,44.6577679649556,44.79961395263672,3358100
2018-02-23,44.9099444505787,45.51672643774804,44.85477944564164,45.477325439453125,1968600
2018-02-26,45.5482498171644,46.541171838422635,45.50096982022116,46.37568283081055,3290000
2018-02-27,46.336277437749864,46.69877140842669,46.12350845336914,46.12350845336914,4889100
2018-02-28,46.39931879134957,46.77757373998927,45.36699592732451,45.3748779296875,4031800
2018-03-01,45.50884131493319,46.17866721409704,45.13846536738681,45.54036331176758,3158200
2018-03-02,45.23303194818472,45.57976489957867,44.902056989310545,45.3748779296875,4006000
2018-03-05,45.17000287278216,46.45449612681913,44.941472826424494,46.32841110229492,3180000
2018-03-06,46.3835526318651,46.47023661159448,45.45367485929994,46.19442367553711,3362400
2018-03-07,45.86345069398259,46.2338235904444,45.839807696176685,46.03681564331055,2326400
2018-03-08,46.12350281419014,46.5648017285184,46.02106083898235,46.509639739990234,1455500
2018-03-09,46.785458156992696,47.5813721460985,46.62785115860609,47.573490142822266,1860700
2018-03-12,47.55772019757116,47.62076418750968,47.07702330175297,47.258270263671875,2553300
2018-03-13,47.32919892336197,47.82565687618264,47.25039392649128,47.289794921875,3339800
2018-03-14,48.30635735579653,48.566409339114614,47.84930039343892,48.385162353515625,3348400
2018-03-15,48.50336886725161,48.62945386666557,47.912344868854305,48.52701187133789,3345400
2018-03-16,48.70825614400245,48.968305125568975,48.56641015183767,48.79493713378906,3086100
2018-03-19,48.79495139250238,49.26777250658576,48.38517730217602,48.75555038452149,2321700
2018-03-20,48.90527296551087,49.44113503134003,48.87375096020236,49.1180419921875,2611000
2018-03-21,49.16531680667702,49.41748681033121,48.6452157983773,48.86586380004883,2383700
2018-03-22,48.45608008412019,48.85009601159973,47.65228723132955,47.715328216552734,2713900
2018-03-23,47.68380809675326,48.06994504355901,46.97458120305112,47.02974319458008,3541500
2018-03-26,47.352833572124574,48.05418143150713,46.895773660197165,47.95173645019531,3699100
2018-03-27,48.14087343408027,48.408804425607826,47.226756464063314,47.51044845581055,3576000
2018-03-28,47.55772385949551,47.96750080733985,47.10854591795719,47.62864685058594,3403100
2018-03-29,47.88870458264374,48.43244557569938,47.62865258198442,48.01478958129883,3268600
2018-04-02,48.062076399957014,48.28272441360041,46.62785529296376,47.132198333740234,3481500
2018-04-03,47.33707793453388,48.03842587333045,47.163709947468384,47.82565689086914,3498700
2018-04-04,47.38434861016048,48.50335222013669,47.313425634450546,48.393028259277344,3841200
2018-04-05,48.58217030781539,48.83434028814984,48.10934934011085,48.2669563293457,2900400
2018-04-06,47.9596166324705,48.37727253151484,47.0454998493999,47.31343078613281,3661400
2018-04-09,47.597123878018955,47.99113979420751,47.19522596008901,47.28190994262695,2952800
2018-04-10,47.92020827224747,48.05417221695704,47.53407142048623,47.5892333984375,3033400
2018-04-11,47.2503934056185,47.54196738167094,47.132190420770385,47.2740364074707,2315000
2018-04-12,47.589246033083775,47.88081699482253,47.45528205280762,47.67593002319336,2155800
2018-04-13,48.006904036784334,48.05418703508104,47.218872101792314,47.33707809448242,2711900
2018-04-16,47.73897958614817,48.40092357450974,47.64441358257924,48.01478958129883,4648000
2018-04-17,48.42457111701586,49.472652202922575,48.077835083639144,49.078636169433594,5132100
2018-04-18,49.16530987189235,49.19683186942882,47.93598202900119,48.2117919921875,3973000
2018-04-19,48.21179479498773,48.65309376784396,47.95962481224227,48.172393798828125,2991800
2018-04-20,48.25118280591136,48.37726776335243,47.912328919144265,48.109336853027344,2886600
2018-04-23,48.46396846525298,48.53489146617798,48.03843045970299,48.24332046508789,2146600
2018-04-24,48.329997342334075,48.45608232471354,47.486800452923966,47.84141540527344,2820000
2018-04-25,47.9123379328589,48.04630491627581,47.250391030236045,47.5183219909668,3370000
2018-04-26,47.565604749964294,47.97538168822936,47.26615179390462,47.77837371826172,1601000
2018-04-27,47.699569010686666,48.07782395454487,47.62076702467153,48.05418395996094,1519200
2018-04-30,48.14875243113839,48.26695842973421,47.51044845581055,47.51044845581055,2506600
2018-05-01,47.53408404048734,47.69957001827665,47.218870077562165,47.67593002319336,1929300
2018-05-02,47.400125519662,47.471048519183775,45.79253953457073,46.478126525878906,3929200
2018-05-03,46.27323284849679,46.98245973519411,45.8870959055048,46.70664978027344,3764500
2018-05-04,46.51753128614206,47.36860734923012,46.210199265394834,47.132198333740234,2457300
2018-05-07,47.15583764581661,48.07783369461344,47.13219764644346,47.83354568481445,2675700
2018-05-08,47.69957628775617,48.290600291345825,47.66017528873757,48.19603729248047,2546500
2018-05-09,48.172403809554645,48.70038388124043,48.08571979632767,48.6925048828125,1600800
2018-05-10,48.77918599483286,49.338688039161134,48.58217797870849,49.149559020996094,2522700
2018-05-11,49.12590775972071,49.63812968666723,49.03134477536705,49.19683074951172,2073700
2018-05-14,49.23622815223787,49.322912134117445,48.558520300564325,48.637325286865234,3026600
2018-05-15,48.53488979070814,49.2677597729326,48.50336779002886,48.78705978393555,3991200
2018-05-16,48.93679323336339,49.094400257887905,48.093599109176814,48.5506591796875,3366700
2018-05-17,48.14087580181476,48.25908180622435,47.43952779111351,47.56561279296875,3644600
2018-05-18,47.668056586523214,48.1014735815186,47.50256758332933,48.01478958129883,4993500
2018-05-21,48.31424735066432,48.794944388801945,48.077835324503525,48.590057373046875,3327200
2018-05-22,48.70038108387603,49.48841314997792,48.55853507148939,48.8501091003418,3209000
2018-05-23,48.73977734895566,49.14167534702539,48.660975352445725,49.03923034667969,3086100
2018-05-24,49.04711061238984,49.35444259643555,48.71613562534598,49.35444259643555,2624200
2018-05-25,49.28351322504539,49.38595520240797,49.00770027050011,49.133785247802734,2078400
2018-05-29,48.88950757772032,48.92890857776995,48.322123557474065,48.62945556640625,2881000
2018-05-30,48.88950518139089,49.866663161582046,48.86586217763709,49.64601516723633,2260500
2018-05-31,49.575079871358525,49.575079871358525,48.85009206627838,48.92889404296875,6675300
2018-06-01,49.29927573612163,49.40171771662848,48.82645480214722,49.19683074951172,2687100
2018-06-04,49.33867502884106,49.622366978228825,49.23623004576148,49.51204299926758,4704200
2018-06-05,49.4726450080486,50.079429972108514,49.37808201547273,49.63813400268555,3009600
2018-06-06,49.70905105672714,49.95333900885607,48.14874533216629,49.32291412353515,4162300
2018-06-07,49.354448898705414,49.504173908330344,48.794943849888575,49.33868789672851,3935500
2018-06-08,49.37021059617601,49.54357560815666,49.1653205736937,49.51993560791016,2320900
2018-06-11,49.590848944941335,49.756334926606,49.11803099558424,49.441123962402344,1987300
2018-06-12,49.52780709127262,49.646013086777714,48.684613141239424,48.79493713378906,3707400
2018-06-13,49.05499222874418,51.04083023263309,48.97619023081813,49.26776123046875,4815500
2018-06-14,49.496288420188144,49.62237341336669,48.62157246484176,48.771297454833984,3327900
2018-06-15,48.73978362135198,49.157442673693566,48.35364958021625,49.14168167114258,4254100
2018-06-18,48.78705551838706,48.85009951423357,48.345756565771026,48.46396255493164,2181000
2018-06-19,48.07782328152135,49.04710513133677,48.069944285471365,48.826454162597656,5244700
2018-06-20,49.12590795238552,49.12590795238552,48.369398062383205,48.400917053222656,2579400
2018-06-21,48.25906480668409,48.487591725350555,47.991133896358996,48.109336853027344,1740900
2018-06-22,48.32211770608741,48.37727970069797,47.7862557532105,47.89657974243164,9044800
2018-06-25,47.951739384707736,48.18026935465683,47.360715466213705,47.42375946044922,4257000
2018-06-26,47.565607487097395,47.66017047641458,47.07702853517153,47.08490753173828,3434000
2018-06-27,47.360721969567464,47.40012597442699,46.24171797315851,46.265357971191406,3850800
2018-06-28,46.28111226338467,47.17946813165887,46.25747226877843,46.91153717041016,2824800
2018-06-29,47.02974703617489,47.21099402401836,46.59633006471413,46.612091064453125,3864800
2018-07-02,46.470248983039085,47.09279199154362,46.43872698090874,47.07703399658203,3414400
2018-07-03,47.17158503917498,47.4316339755706,46.730286139527394,46.753929138183594,1198900
2018-07-05,46.95882033697654,47.10066631733744,46.43083740872136,46.54116439819336,2880100
2018-07-06,46.486007916524265,46.97458690339947,46.3914419143393,46.643611907958984,1985700
2018-07-09,46.91154745422061,47.07703647105157,46.730300441599795,46.94306945800781,2632600
2018-07-10,47.01398251185216,47.51044344504981,46.92729852283794,47.006103515625,3386900
2018-07-11,46.793338748213635,47.04550873558123,46.62784975154466,46.67513275146485,3175900
2018-07-12,46.97458307109093,47.02186306222274,46.20231215287159,46.2259521484375,3730800
2018-07-13,46.21018876365273,46.30475174713752,45.94225780535994,46.052581787109375,3363000
2018-07-16,46.2811065799535,46.407191545875065,45.96589566820096,46.03681564331055,4640700
2018-07-17,46.493879530322154,47.46315835301854,46.29687156621062,46.8090934753418,6385700
2018-07-18,46.93516865725712,47.675917365533024,46.59631478921226,47.5892333984375,8770400
2018-07-19,47.226745945299875,47.38435290628953,46.785447055749394,46.89577102661133,5577200
2018-07-20,46.832742840052326,47.32132184710203,46.66725683855052,47.14795684814453,3081600
2018-07-23,47.12431179929818,47.210995798068325,46.635732813443234,46.95094680786133,3027700
2018-07-24,46.99822410918278,47.147952100696685,46.63573014064968,46.80121612548828,3128200
2018-07-25,46.74605663862152,47.029748631339125,46.61209264545122,46.903663635253906,3190900
2018-07-26,47.09278811890236,47.69957308254679,47.02186512299319,47.37648010253906,3260200
2018-07-27,47.69957872109753,48.0305537431659,47.06127468856459,47.17947769165039,2013000
2018-07-30,47.17159946319325,47.41588747721681,46.76182243238475,46.82486343383789,2181200
2018-07-31,47.02186394472118,47.33707791999741,46.64360897805165,47.289794921875,4230500
2018-08-01,47.28979817060015,47.77838016645335,47.10855117450111,47.69169616699219,3367200
2018-08-02,47.60500737556175,48.68461024630534,47.58924637669138,48.60580825805664,4257700
2018-08-03,48.463963567812335,48.64521055050429,47.9517416122153,48.50336456298828,3862300
2018-08-06,48.495486026341865,48.6294500124313,48.274835040278,48.4088020324707,2317800
2018-08-07,48.44820973171504,49.062873764428566,48.31424572708925,48.71614074707031,3744700
2018-08-08,48.62945278664256,48.87374378275186,48.44032679477373,48.78705978393555,2091700
2018-08-09,48.8107025409599,49.56721556951584,48.73190054090997,49.28352355957031,2170200
2018-08-10,48.99982113910361,49.37019707407601,48.79493117273902,49.204708099365234,2446100
2018-08-13,49.15742911265481,49.606607040079986,48.80281416834466,48.826454162597656,2578500
2018-08-14,48.79493951775672,49.29140051458896,48.70037652039459,49.08651351928711,5674900
2018-08-15,49.141667659763,50.58376741791341,48.842214708882594,50.481319427490234,3433800
2018-08-16,50.820180245672944,51.474248226068006,50.213398271949515,51.26148223876953,4532400
2018-08-17,51.22997192267832,52.3410941314686,51.22208991773422,52.230770111083984,5710900
2018-08-20,52.43563789848841,52.81388980434593,52.348953917519886,52.719329833984375,4511100
2018-08-21,52.67204445452211,53.29459031959692,52.624764468786665,52.97150039672851,4178500
2018-08-22,52.86118373834356,53.05819172244991,52.514447762410306,52.577491760253906,3542000
2018-08-23,52.62477461439109,52.77450261436056,52.54597261890443,52.648414611816406,1939200
2018-08-24,52.64054360851691,52.78238961871559,52.34108758020443,52.735103607177734,2092900
2018-08-27,52.829679895566656,53.0818499613986,52.703591856546375,53.003047943115234,1751100
2018-08-28,53.01878949443014,53.1369954912897,52.758737503780445,52.91634750366211,1836700
2018-08-29,53.11336009561888,53.49161210368971,52.95575008208331,53.32612609863281,2298500
2018-08-30,53.357663230445546,53.357663230445546,52.77452104553716,52.932125091552734,1948800
2018-08-31,52.93210543706033,53.2630774181235,52.7272214557584,53.215797424316406,2579000
2018-09-04,53.270951587235416,53.90926147079632,53.21578959850357,53.893497467041016,2068900
2018-09-05,53.94867675478596,54.33481079972539,53.909278757176175,54.2087287902832,2256900
2018-09-06,54.12992265392034,54.311166655957486,53.94867263967587,54.232364654541016,1778100
2018-09-07,54.18507123475675,54.38207919560367,54.0274612587557,54.27175521850586,2108000
2018-09-10,54.18508061146719,54.18508061146719,53.31036463296105,53.42068862915039,2471000
2018-09-11,52.96362131995664,53.80681518130325,52.64053137924556,53.57828521728515,2769100
2018-09-12,53.696501226262264,54.08263523166943,53.45221322458529,53.869869232177734,2870000
2018-09-13,54.13779715069435,54.256003155658874,53.62558114952667,54.16931915283203,2254600
2018-09-14,54.350568901858914,54.350568901858914,53.57829488370095,53.77530288696289,3930200
2018-09-17,53.87774796716975,54.122035954026494,53.60981397095322,54.00382995605469,1899200
2018-09-18,54.13778700543481,54.94946488090807,54.003823030609475,54.91006088256836,2379600
2018-09-19,54.910061130439466,55.64293101254158,54.88642113621134,55.067665100097656,3019100
2018-09-20,55.272549930372755,55.80841179446687,55.16222595943033,55.77688980102539,2293800
2018-09-21,56.10787386601774,56.131519875374366,55.66657788666964,55.72962188720703,4119400
2018-09-24,55.76900427681155,55.83993026062601,55.36711241328169,55.45379638671875,1649900
2018-09-25,55.34348983656008,56.13939782534331,55.22528383447923,56.10787582397461,3131100
2018-09-26,56.32063572211297,56.430959697081974,55.78477383846105,55.85569381713867,2836700
2018-09-27,55.79266379961451,56.15515777082736,55.29619982922206,55.414405822753906,1698800
2018-09-28,55.28043316964676,56.01330300000671,55.22527118294034,55.981781005859375,2437700
2018-10-01,56.23395970957672,56.557049678572994,55.61141375562042,55.7138557434082,2337800
2018-10-02,55.82417333251389,56.02118129488815,55.59564938690091,55.918739318847656,2620200
2018-10-03,56.07636279273495,56.35217280400071,55.926634781387534,55.997554779052734,2438200
2018-10-04,56.02905952693803,56.18666949355633,55.57988164343544,56.03694152832031,2691700
2018-10-05,55.97389654300727,56.11574250433025,55.48532068572121,55.69020462036133,2220800
2018-10-08,55.80054328565454,56.17880128620975,55.5010932938616,55.97391128540039,2551500
2018-10-09,56.02118781957782,56.75405776545441,55.910863828775454,56.60433578491211,3643300
2018-10-10,55.627162964849454,55.950258895031574,53.96442136553614,53.99593734741211,6340800
2018-10-11,53.66497575899768,54.12203574286173,52.60901580890497,52.77450180053711,5592800
2018-10-12,53.17641014312866,53.515264195472874,51.85251594004058,52.68782806396485,4845600
2018-10-15,52.63265398056048,52.979389957977624,52.18347601536399,52.19923400878906,2893300
2018-10-16,53.66498697563349,55.43017726752931,53.54678095341638,55.37501525878906,5629900
2018-10-17,55.42229303855127,55.84783104796771,54.79186502188827,55.65869903564453,3182500
2018-10-18,55.501086434047465,57.30568018949277,55.501086434047465,56.580692291259766,4935000
2018-10-19,55.98966180460947,56.17878775322478,55.38287395166896,55.595645904541016,4438100
2018-10-22,55.776888904493646,56.09210282163632,55.17010707406346,55.36711502075195,3509000
2018-10-23,54.60273744968085,55.162239442562,54.122037453561965,54.720943450927734,4214700
2018-10-24,54.563315139082725,55.00461699486621,53.28670758810056,53.38126754760742,3564300
2018-10-25,53.68073417250376,54.86278200004581,53.499484193576606,54.34267807006836,2562200
2018-10-26,53.84622336421518,54.185077335512055,53.17639742436038,53.672855377197266,2597400
2018-10-29,54.32691720705477,55.12282504008815,53.65708533041054,54.27175521850586,2259400
2018-10-30,54.476642132444866,55.185872032516,53.90138222231384,54.99674606323242,2701000
2018-10-31,55.28832319084227,55.62717114961352,54.88642522242528,54.92582321166992,3703300
2018-11-01,54.516043735329944,54.80761768482224,53.751651877308824,54.40571975708008,5145200
2018-11-02,54.86279178712336,55.23316178890438,53.546773735082915,53.88562774658203,3448500
2018-11-05,54.066868818181064,55.12282867203719,54.003824823626786,54.949466705322266,2218600
2018-11-06,54.86279433915923,55.27256836616479,54.720948327463546,54.98887634277344,2174400
2018-11-07,56.30486634491252,58.07006180035579,56.155144400147485,57.62088394165039,4782700
2018-11-08,57.321444292502235,58.00703427651521,57.31356830152544,57.88882827758789,2494900
2018-11-09,57.77849024648376,58.03854217851153,57.45540034092032,57.676048278808594,2344700
2018-11-12,57.66817232142519,57.87306229045429,56.55704450205822,56.65949249267578,1985500
2018-11-13,56.52553309613074,56.95894705116453,56.068473132896685,56.41520309448242,3227500
2018-11-14,54.63424776769243,54.76821173476176,50.97778058752795,51.0644645690918,8984700
2018-11-15,50.835946787567856,52.25440080212344,50.835946787567856,52.246524810791016,6524500
2018-11-16,52.010117631147615,52.67206169695708,51.78946960921113,52.278045654296875,3799100
2018-11-19,52.53809137338712,52.577495377802165,50.772901397759775,51.22996139526367,4328300
2018-11-20,50.56801162232014,51.31664562409637,49.92182562759719,50.733497619628906,6430300
2018-11-21,50.7334954566755,50.97778945275073,50.17399348614031,50.189754486083984,3361500
2018-11-23,49.77209149672392,50.00850045036544,49.54356153889252,49.60660552978515,1350500
2018-11-26,50.00061939604046,50.181866353240494,49.63812548164041,49.82725143432617,3407000
2018-11-27,49.67753541000084,49.99274638989553,48.4482044719325,48.771297454833984,3947100
2018-11-28,48.96830230232162,50.63105010986328,48.96830230232162,50.63105010986328,4633200
2018-11-29,50.27644757928748,51.63974275699199,50.24492557369683,51.3718147277832,3903200
2018-11-30,51.29299037221484,52.33319818880357,51.245710384990225,52.23863220214844,5104800
2018-12-03,52.94787061175536,53.2394385962767,51.742182645409464,52.648414611816406,5428300
2018-12-04,52.62478560091519,52.70358761285342,50.76502926057392,50.93051528930664,4625900
2018-12-06,50.16610920286867,51.16691004805522,49.275632339558854,51.08810806274414,4231100
2018-12-07,50.87534189328862,51.52940986918404,49.716936945318785,49.97698593139648,3469600
2018-12-10,49.80362245990897,50.53648944632826,48.692497472229846,50.15823745727539,5100400
2018-12-11,51.13539184563416,51.458487825250586,49.62237197145643,50.016387939453125,4215300
2018-12-12,50.76501138031347,51.34815929012011,50.41827844136452,50.481319427490234,3924800
2018-12-13,50.44192918133783,50.67833517016077,49.29928219873947,49.76422119140625,3194900
2018-12-14,49.1968404676769,49.519933483635654,48.67673944183832,48.85798645019531,3577100
2018-12-17,48.771308178192555,48.936794204480464,47.90447403526195,48.1251220703125,4626200
2018-12-18,48.37727976548739,48.79493572698484,47.64440982913317,48.13299179077149,3632100
2018-12-19,48.29059172369235,49.55932350727798,47.71532882299323,47.967498779296875,3961000
2018-12-20,47.4946816698829,47.89657660516448,46.66724879881866,47.124305725097656,3566200
2018-12-21,46.99035245062283,48.432449553293466,46.67513842504591,46.82486343383789,7327000
2018-12-24,46.31264712163537,46.68302317253918,44.972991943359375,44.972991943359375,2232500
2018-12-26,45.04389853238917,46.80120912329035,44.68928361357439,46.753929138183594,2956300
2018-12-27,46.14716477560762,47.447416047322974,45.69010467587814,47.43953704833984,3124800
2018-12-28,47.54196544216463,47.904459390675825,46.81697453903915,47.006103515625,2690400
2018-12-31,47.3370831058073,47.549852111512266,47.029751099601334,47.54197311401367,2420600
2019-01-02,46.71453374834665,47.07703073552803,46.31263877038684,46.67513275146485,4153200
2019-01-03,46.462363184148465,46.895780156674185,45.78465522422302,45.88710021972656,3889200
2019-01-04,46.53328271491689,47.313435612250466,46.35203574012494,46.9351806640625,2717800
2019-01-07,46.80909090665976,47.7704876746167,46.651483942798734,47.31343078613281,3065300
2019-01-08,47.857173919677734,48.36939582493904,47.250389034066146,47.857173919677734,2822600
2019-01-09,48.44820433007581,48.921025307688446,48.219674341201525,48.306358337402344,4301700
2019-01-10,48.211793202338086,48.850100141009555,47.865060239043025,48.8343391418457,2039600
2019-01-11,48.51912426732118,48.70825324766248,47.94386133601684,48.60580825805664,1773900
2019-01-14,48.31424287118244,48.82646186613133,48.1723968710788,48.52701187133789,2112900
2019-01-15,48.44033011381735,49.0155931381648,48.4245691123978,48.88162612915039,1821200
2019-01-16,49.078629118069045,49.37020310535375,48.73189614061291,49.3307991027832,2555100
2019-01-17,49.11803719288533,49.890308210862294,49.05499318842831,49.84302520751953,2939500
2019-01-18,50.11883248314846,50.92262846569658,49.69329750064526,50.765018463134766,3817600
2019-01-22,50.48921391139343,50.83594994216463,49.614497842644255,49.874549865722656,4355000
2019-01-23,49.56721503762513,51.3954490753185,49.37020703351073,51.21419906616211,5317600
2019-01-24,50.89110730522611,51.426969298367865,50.544371306073515,51.41120529174805,3964300
2019-01-25,51.84464165097997,51.86828165616268,51.08813142408914,51.4585075378418,3193300
2019-01-28,51.25360245347791,51.44272845172787,50.985668444767306,51.37968444824219,2943600
2019-01-29,51.403320544086185,51.89977844831371,51.37967453818456,51.860374450683594,4549700
2019-01-30,51.98648257494105,52.76663273018968,51.616106497661,52.60114669799805,4128200
2019-01-31,52.49868860580733,53.08183054242324,52.38048261552137,53.026668548583984,5243800
2019-02-01,53.42288720997964,53.91405560961008,52.96445795751886,53.86494064331055,3895000
2019-02-04,53.70120230725449,54.061395305291896,53.341015554760816,54.05320739746094,2550200
2019-02-05,54.1678145504352,54.64261328842621,54.012281770816266,54.46251678466797,3134800
2019-02-06,54.42978543381923,55.3875710648316,54.216949734079144,55.31389236450195,3163300
2019-02-07,55.03556351190767,55.567658983960456,54.830909485565755,55.43668365478515,3058600
2019-02-08,55.092863155073545,55.96878208657174,55.01918446223246,55.960594177246094,2564100
2019-02-11,56.04246252001009,56.66461256097443,55.68226940489193,56.61549758911133,3861600
2019-02-12,56.94292675741618,57.319489366601736,56.68915779689958,56.7300910949707,4762700
2019-02-13,57.303127685239645,58.121743795028785,57.0493586897795,57.95802307128906,4510000
2019-02-14,57.556886926676015,58.18722472189721,57.14757894114586,57.884334564208984,5961800
2019-02-15,58.44918521119278,58.752069142139064,58.162670852644425,58.33457946777344,4789700
2019-02-19,58.30183626874367,58.981289091370705,58.26090296789343,58.78481674194336,3478300
2019-02-20,58.981300140485075,59.33330535888672,58.68659780668156,59.33330535888672,5379300
2019-02-21,59.33327798328481,59.50518655776281,58.80117644578063,59.03038787841797,4251000
2019-02-22,59.13680803249736,59.35783781240666,58.90759659077171,59.1613655090332,2749900
2019-02-25,59.37423306219696,59.70168079723744,59.022227839999026,59.537960052490234,2661000
2019-02-26,59.2759873422002,59.71803448451282,59.079515006123025,59.20230865478515,2847100
2019-02-27,59.07132946218602,59.7425942858225,58.997650779611384,59.52156448364258,2499000
2019-02-28,59.59525603115625,60.10279402838115,59.41515948547824,59.67711639404297,3639400
2019-03-01,60.11916835710148,60.397494833121854,59.49701837261243,59.77534484863281,3265300
2019-03-04,59.824454631037874,60.32381085605886,58.98946287142664,59.52156448364258,2499600
2019-03-05,59.570686363077975,59.73441331807588,59.25961451689905,59.34966278076172,1723000
2019-03-06,59.41514752156647,59.61161360204301,58.80118555522619,58.866676330566406,2215000
2019-03-07,58.87486556452356,59.3905976797198,58.52286040873284,59.120452880859375,3048400
2019-03-08,58.71113053294163,59.292347044615504,58.69475471822216,59.1613655090332,2436600
2019-03-11,59.34148617748132,59.70167930155667,59.1859533475318,59.63618850708008,1901700
2019-03-12,59.758965886300665,60.35655829320312,59.70166301814927,60.2337646484375,3428400
2019-03-13,59.95543387311443,60.00455507990593,59.120448304191875,59.20230865478515,3829800
2019-03-14,59.19410695286514,59.76714176458045,58.89940476296423,59.64434814453125,2334400
2019-03-15,59.45606972143083,60.29924933267328,59.366021474070415,60.25831604003906,8243400
2019-03-18,60.20919739395793,60.32380311165511,59.68528375718706,59.80807113647461,4090200
2019-03-19,60.07003568992683,60.12733855615416,59.112256534893945,59.26779556274414,3381700
2019-03-20,59.29235695393615,59.57068339524919,58.85030356578213,58.94853973388672,2620500
2019-03-21,58.66203788046077,60.00456790283026,58.58835917730066,59.86539840698242,2090700
2019-03-22,59.52156980933173,60.10278643157242,59.45607902908205,59.57887268066406,2576600
2019-03-25,59.59524159663966,59.84082262581784,59.35784222988673,59.52975082397461,1950600
2019-03-26,59.84900817272091,59.922680604904805,59.357839888197475,59.90631103515625,2304900
2019-03-27,59.8080788146684,60.070035666684,59.21867433624729,59.52156448364258,2967200
2019-03-28,59.61980379573453,59.799900312051655,58.70295164245844,59.2841682434082,1820700
2019-03-29,59.660722485914306,59.68528620832379,58.94853067462565,59.014015197753906,4400400
2019-04-01,59.47244793431205,59.799895551956006,59.25960604601191,59.562496185302734,2483100
2019-04-02,59.57067250950681,59.69346613581255,59.2432311667492,59.50518798828125,1538000
2019-04-03,59.74259650821216,59.86538390783085,58.93216219746346,59.78352355957031,2787400
2019-04-04,59.93108107790739,59.93928021389941,59.39005067638402,59.45563125610352,1453900
2019-04-05,59.57038718152578,59.890084652659674,59.33266229840691,59.59497833251953,1719500
2019-04-08,59.3408753930208,59.463837431023194,58.57031912537425,59.02937698364258,2221000
2019-04-09,58.71786355575647,58.99657788390079,58.52112807678338,58.63589096069336,1938000
2019-04-10,58.83263959589424,59.144144282544495,58.52934030092575,59.07856369018555,1717000
2019-04-11,59.291676442840455,59.414638446340994,58.57850182582313,58.832618713378906,2657300
2019-04-12,59.12773629607589,59.55400382228803,58.9883822507832,59.52121353149414,2086300
2019-04-15,59.513010593533245,59.8327080907156,59.12773251895244,59.23430252075195,2729400
2019-04-16,60.86556714168188,63.365771391232045,60.84097599399889,63.33298110961914,6385000
2019-04-17,63.32480167181504,63.398575137810035,62.25094619494111,62.43128967285156,3274200
2019-04-18,62.4394618321443,62.68538581205843,61.41478900601312,61.480369567871094,3057100
2019-04-22,61.1770866493886,61.34103811430435,60.873787383985054,61.11970520019531,1931400
2019-04-23,61.19348779782794,62.16077959689341,60.95576285311338,62.046016693115234,2645200
2019-04-24,62.02959963422588,62.13616962268219,61.463984423779834,61.53775787353515,1927700
2019-04-25,61.480383373046216,62.17715980045247,61.119696455943114,61.972225189208984,2209600
2019-04-26,62.0787964548486,62.46406827838746,61.89025385685458,62.45587539672851,1791500
2019-04-29,62.66081014722433,63.36578572611764,62.62801985819346,63.21003341674805,2183000
2019-04-30,63.26740620433306,64.11173570552603,62.98049903219573,64.06255340576172,2568700
2019-05-01,64.02156983199887,64.41504702836144,62.94771449504841,63.046085357666016,3306000
2019-05-02,63.24282920322385,63.27561949510505,61.652534444583594,61.9394416809082,3902400
2019-05-03,62.2263613504192,62.30013482389609,60.61147527603704,61.013145446777344,4016100
2019-05-06,60.193393779566115,61.10330394648383,60.16880262707233,60.85737991333008,4413200
2019-05-07,60.46392496206608,60.74263310287697,59.5376162790084,59.66877746582031,3665900
2019-05-08,59.463837276594646,60.52949367692675,59.31628408219679,60.26717758178711,3971300
2019-05-09,59.9064953485103,60.029457383091355,59.50481895193824,59.71795272827149,2415600
2019-05-10,59.431040476727546,60.324552428129785,58.88181718985965,60.193397521972656,1851600
2019-05-13,59.250702890386314,59.53761013931363,58.701479548995614,59.463836669921875,3182600
2019-05-14,59.51300704308876,61.127892704062845,59.51300704308876,60.365535736083984,3011200
2019-05-15,60.80819296374796,63.75924986564824,60.52128578305484,63.52972412109375,5317100
2019-05-16,63.619899660997206,64.30847693598668,63.414965054758746,63.81663513183594,2772900
2019-05-17,63.341189311619615,64.31668009972704,63.14445382845877,63.71007537841797,2196800
2019-05-20,63.65269273643715,64.20191600422599,63.34118811868195,64.1855239868164,2238200
2019-05-21,64.472424724621,65.8659774665312,64.472424724621,65.6364517211914,3842300
2019-05-22,65.62826997726927,66.0135481179459,65.3659538767823,65.94796752929688,2467700
2019-05-23,65.56268726499803,65.64465986328013,64.98066743274595,65.34135437011719,2846300
2019-05-24,65.66924294958676,66.09550416075051,65.45610921695109,65.75941467285156,4398400
2019-05-28,65.84957890507762,66.39880206313269,64.94786802911571,65.16099548339844,3429400
2019-05-29,64.9150881464719,65.57907427216304,64.25929490210713,65.52989196777344,2663400
2019-05-30,65.69384765625,65.92337345224647,65.40694041125442,65.69384765625,1622900
2019-05-31,65.21020161556353,65.62826375683036,64.71835350142373,64.9888687133789,2245600
2019-06-03,64.98886909397082,65.62826414116674,64.63638127896427,65.43972778320312,2792700
2019-06-04,66.07091724454841,67.09559029813666,65.7840100403653,67.07099914550781,4058300
2019-06-05,67.12019891407677,68.51375838199742,67.07101659602284,68.3170166015625,3922200
2019-06-06,68.32519242706685,68.45635356927194,67.7431789302736,68.16124725341797,2602800
2019-06-07,68.32519081170985,69.10394600339927,68.07107392232972,68.18583679199219,2059700
2019-06-10,68.39899230138789,68.53014722815817,67.51367309277846,67.70220947265625,2111600
2019-06-11,68.2432133084287,68.49733017949423,67.47265730699529,67.685791015625,2124200
2019-06-12,68.03007714392042,68.03827627775435,66.21845632123446,66.50536346435547,2914700
2019-06-13,66.66112300156517,67.21854533499528,66.40700611197893,66.9234390258789,1801800
2019-06-14,66.7594916882736,67.3578971676961,66.44798711981687,67.18575286865234,1991900
2019-06-17,67.40709628119868,67.48906887633278,66.67752329841328,66.77589416503906,2082500
2019-06-18,67.0218222205162,67.0792036659592,66.49719007529211,66.6693344116211,1730700
2019-06-19,66.71031053783778,67.20215859437535,66.47258564494005,67.00541687011719,1696200
2019-06-20,67.2595297671521,67.5218457720148,66.63652691031312,67.11197662353516,2698000
2019-06-21,67.21854262762167,67.54643920833392,65.67743682861328,65.67743682861328,5146800
2019-06-24,66.0299359647029,66.3906166370955,65.82500134811984,65.87418365478516,2266900
2019-06-25,65.8905690133591,66.0463213075364,65.14461033652012,65.2183837890625,3015400
2019-06-26,65.49711002178145,65.90697928818295,64.34947482503551,64.42324829101562,3561100
2019-06-27,64.81671871297333,65.44791456495504,64.52161237191204,65.32495880126953,2783500
2019-06-28,65.67745796056768,65.97256435274953,65.17741692126562,65.5217056274414,7799600
2019-07-01,66.34963232425216,67.04640875782017,65.64465675501164,67.01361846923828,2526000
2019-07-02,66.96442281911068,68.23501341439521,66.96442281911068,67.74317169189453,2524000
2019-07-03,68.01402050619855,68.87578480957883,67.93194234824244,68.65419006347656,1678400
2019-07-05,68.63777893177324,69.10559567611642,68.34231506569493,68.93324279785156,1875800
2019-07-08,68.81014097571386,69.06457205420182,68.49826519183746,68.62958526611328,2017800
2019-07-09,68.39156034304501,68.86758613634903,68.00581551956364,68.5146713256836,1962300
2019-07-10,68.62958145601827,69.01532006399552,67.95658176693193,68.47364044189453,2336800
2019-07-11,68.46541657708447,68.8265404215708,67.83345611091745,68.73625946044922,1557300
2019-07-12,69.03173181027415,69.27795378222667,68.34231404581799,69.26153564453125,1418400
2019-07-15,69.3436173145263,69.72936220279517,68.7691076479678,68.91683959960938,2158900
2019-07-16,69.12199650567828,69.26972840172488,68.67880081753849,69.03992462158203,3254200
2019-07-17,67.29999712708575,67.48055909685739,65.54363184933811,65.82267761230469,6544100
2019-07-18,65.69957450119823,66.63520812988281,65.54363347585551,66.63520812988281,3402900
2019-07-19,66.70085868340266,66.76651871844645,65.61749315192252,65.64212036132812,3127200
2019-07-22,65.6831364977739,67.02913556574353,65.61747647941344,66.49565887451172,3037500
2019-07-23,66.29869549292734,66.42180648126606,65.363062000249,66.11813354492188,2887200
2019-07-24,66.11812316146502,66.56131889287218,65.27277077554697,66.49565887451172,2227900
2019-07-25,65.25638595315148,67.04558149422058,65.1661049559018,66.62700653076172,1951200
2019-07-26,66.57773723349669,67.0865867231486,66.24123433462518,67.05375671386719,1273200
2019-07-29,67.18508795052396,67.62828375717632,66.32331728286351,66.64340209960938,2015500
2019-07-30,66.40540681573148,66.80756360734824,66.13456384392,66.24125671386719,1315400
2019-07-31,66.57773912414417,67.11120957048543,66.0524714840932,66.46283721923828,2453900
2019-08-01,66.47926060771002,66.67623444142394,65.63390804876556,65.75701904296875,2608000
2019-08-02,65.76522983634942,66.23304666177886,65.21534109204721,65.46156311035156,1648800
2019-08-05,64.64901863044531,65.0593843876218,63.220947548742735,63.475372314453125,2660500
2019-08-06,63.60669758193758,65.30561170559419,63.327651849767584,65.28919982910156,2303500
2019-08-07,64.60802265624405,65.01017957434641,63.37692468264698,64.40283966064453,2368100
2019-08-08,64.72291678173569,65.69958972605582,64.20585794975362,65.51902770996094,2641000
2019-08-09,65.52722775982011,66.56956071366066,65.34667201301909,66.15098571777344,2636400
2019-08-12,65.90476713996753,66.32333585650944,64.43565644214951,64.8542251586914,2081800
2019-08-13,64.49308293425382,65.67493203926702,64.3535600817088,65.21532440185547,3192600
2019-08-14,64.01706024637352,65.1250465752238,61.62052564764694,62.03089141845703,5660100
2019-08-15,62.23608713424052,63.41793653987398,61.6697802500356,63.22917175292969,2957300
2019-08-16,63.72161413064723,64.07452904226332,63.31124824559067,63.59850311279297,1894100
2019-08-19,64.61619493488976,64.61619493488976,63.91036533101351,63.94319534301758,1588700
2019-08-20,63.81187869481976,63.81187869481976,62.917284301362855,62.974735260009766,2824700
2019-08-21,63.57388738529419,63.746240319777456,63.21276337303194,63.44257354736328,1523900
2019-08-22,63.655929393679706,64.14016420628555,62.95830891203243,63.2537727355957,2328700
2019-08-23,63.163500648233814,63.99244128421911,61.28402460830295,61.677978515625,2249400
2019-08-26,62.071919398888866,62.29352040439192,61.29222699981484,62.20323944091797,1844900
2019-08-27,62.57257290991172,62.761343925448315,61.52203750610352,61.52203750610352,2315100
2019-08-28,61.30044523986219,61.75184386308762,60.96394227807696,61.43996810913086,1621100
2019-08-29,61.784664634055495,62.44125232083255,61.43174984820758,62.20323944091797,3338800
2019-08-30,62.7613526517212,63.03219560927211,61.751849928888625,62.211463928222656,1897100
2019-09-03,61.64514586853951,62.547949301389174,61.48100206681581,62.063720703125,2024300
2019-09-04,62.35918922820333,62.72030687139125,62.137588191418445,62.588993072509766,1441700
2019-09-05,63.286610827584134,63.68876753702873,62.646441215333795,62.810585021972656,3631100
2019-09-06,62.9747388534066,63.90216331353642,62.8187978446019,63.51641845703125,2509300
2019-09-09,64.00068336794007,64.00068336794007,62.95014116038695,62.98297119140625,1738300
2019-09-10,62.98293508870805,62.99935322565067,61.88315785756589,62.4822883605957,2869000
2019-09-11,62.44126389356953,62.753139658664715,62.05551902572116,62.60540771484375,1998000
2019-09-12,62.99935444208807,63.59848495668633,62.55615866134822,63.17991638183594,2226600
2019-09-13,60.331992390678266,60.66028634135537,58.41147684931326,59.65078353881836,13251900
2019-09-16,59.650786588446515,60.594629396764525,59.3471135727499,60.24171447753906,3769100
2019-09-17,60.348385013146675,60.90648267270164,60.08575118874929,60.75054168701172,3753600
2019-09-18,60.90648419586746,61.727215700344885,60.33197464740704,61.70259475708008,3617900
2019-09-19,61.645156750494394,62.5397512726714,61.489215728150015,62.195045471191406,3503800
2019-09-20,62.30174004133481,62.87624966846161,61.743642291403646,62.383811950683594,5353300
2019-09-23,62.05552408987891,62.884464856837425,62.047315019639655,62.68748474121094,2906300
2019-09-24,62.93370657975594,63.45897436325958,62.33456968767647,62.8352165222168,4187400
2019-09-25,62.95832077741686,63.28661467232369,62.13758917099242,63.12247085571289,2821000
2019-09-26,63.155298674172705,63.393311606755816,62.85163196773112,63.2209587097168,4262200
2019-09-27,63.43434524143061,63.57386810870388,62.72030650506167,63.27840423583984,4643700
2019-09-30,63.41793165320055,63.80367652943183,62.974742073791774,63.401519775390625,2892500
2019-10-01,63.68056853933163,63.87754865247266,62.17863431216774,62.31815719604492,2926900
2019-10-02,62.03089628054021,62.31815109028583,61.18554372828088,61.546661376953125,3552800
2019-10-03,61.60412268945024,62.00628575234961,61.25120778912839,61.87496566772461,2430700
2019-10-04,62.03931800005644,63.32136410785998,62.00644437985615,63.198089599609375,1958600
2019-10-07,63.066589255591445,63.107682844521875,62.1872403744919,62.261207580566406,2134000
2019-10-08,61.88316867487686,62.05575045760347,61.118874339944085,61.14352798461914,2994800
2019-10-09,61.63663552559671,61.78456370165826,61.29147187145404,61.64485549926758,2096600
2019-10-10,61.57087647867191,62.228336306303866,61.390074712573046,61.43938827514648,2910900
2019-10-11,61.916046999750534,62.53241330592274,61.776338808485384,61.81743240356445,3625800
2019-10-14,61.792786321268544,62.40915270291705,61.63663816484994,62.22013092041016,1358800
2019-10-15,62.35160971982088,62.43379062934057,61.40651358534063,61.611968994140625,3860000
2019-10-16,58.36577517818869,60.37924213289092,57.017988073246144,59.88615036010742,7426300
2019-10-17,60.436774157998855,60.69153690215196,58.54658156524291,58.73560333251953,6066500
2019-10-18,58.62876323682558,58.87531228076619,57.67545322492733,57.69188690185547,3871800
2019-10-21,57.92198103900383,57.97128832171854,55.00451225837709,57.52750396728515,4908600
2019-10-22,57.35493179329836,57.626134433555016,56.12219935940601,56.51667022705078,4382800
2019-10-23,56.55777580193641,56.91937939890985,55.83457487799225,56.21261215209961,3884700
2019-10-24,56.40163025187108,57.59327567405291,56.27014201873554,57.19057846069336,4214100
2019-10-25,57.24808860193515,57.33026949779486,56.754990686776,56.95223236083984,1993100
2019-10-28,57.01798408039624,57.21522579169888,56.44271143076764,56.55776596069336,2213200
2019-10-29,56.33588133137528,57.4535593705362,56.33588133137528,57.35493850708008,2834400
2019-10-30,57.29739743097625,57.29739743097625,56.37695507051858,57.017974853515625,2780300
2019-10-31,56.845410803241286,57.32206893864281,56.664609009123296,57.280975341796875,2400200
2019-11-01,57.62613664256965,57.7000975818377,56.81252869061121,57.34671401977539,2268000
2019-11-04,57.7083175299522,57.798718413465494,56.500238695730495,56.55776596069336,3056700
2019-11-05,56.697477025769246,57.23988235448461,56.59064246253832,56.62351608276367,4110000
2019-11-06,56.7139167520128,58.43974105217073,56.63173583676755,58.29181289672851,3513200
2019-11-07,58.43974300269159,59.81218377010065,58.382215733099656,59.63138198852539,8525000
2019-11-08,59.48345126438584,60.84767827019886,59.48345126438584,60.543601989746094,5196900
2019-11-11,60.13269018178824,60.625781930547944,59.82862017622067,60.59291458129883,2722600
2019-11-12,60.56825435361309,61.20106054844287,60.45319982182618,61.192840576171875,4095000
2019-11-13,59.96010642319086,60.313489981083904,58.89995574951172,58.89995574951172,4783900
2019-11-14,58.7602426325355,60.00119496680892,58.620534469538114,59.951881408691406,3657400
2019-11-15,60.10803255157363,60.28883431047111,59.59850089195357,59.910797119140625,3052100
2019-11-18,58.89996170690986,59.557421596930666,58.00417903350876,58.53836441040039,3977300
2019-11-19,58.957483200972995,59.19581223100639,58.31646331950462,58.80955505371094,3054600
2019-11-20,58.579447612128945,58.78490302955084,57.864466772301896,57.96308135986328,3508000
2019-11-21,58.20141887108256,58.20141887108256,56.812538040677445,57.60148620605469,3681000
2019-11-22,57.617927794538595,58.34934870629901,57.44534596625833,58.20964050292969,2378800
2019-11-25,58.46439378529582,58.957485539056734,58.29181198497959,58.760250091552734,2746400
2019-11-26,58.67806984156457,60.04229058474,58.497268066805944,59.94367599487305,6613900
2019-11-27,60.13269732051881,60.46142728205147,59.91080820173571,60.1080436706543,1954900
2019-11-29,60.09161159461862,60.32172069281968,59.7875352748514,60.03408432006836,1077400
2019-12-02,60.1655578938972,60.1655578938972,58.88351821899414,58.88351821899414,2583100
2019-12-03,58.42330000251427,58.64519536648319,57.88912092851888,58.06170272827149,2648600
2019-12-04,57.98773449740799,59.19581334443761,57.823372672914886,59.03966522216797,2932100
2019-12-05,59.19581074370779,59.598501585025126,58.95748171966242,59.53276062011719,3500600
2019-12-06,59.74642431050151,60.11624777082837,59.582062508134584,59.976539611816406,2932800
2019-12-09,59.97657643333254,60.42035482617299,59.7382472845821,60.27242660522461,3257900
2019-12-10,60.371032288586285,60.62579505543203,59.77931955397399,59.869720458984375,3023100
2019-12-11,56.83718415217415,58.50548097603332,56.73034333271445,58.48082733154297,7804000
2019-12-12,58.480830307151486,60.05872633483143,58.35755580842617,59.73821640014648,3925800
2019-12-13,59.55741631395882,60.32993067570794,58.86708286367198,59.31086730957031,3289000
2019-12-16,58.64520542703443,58.90818815796273,57.88091088558615,58.4315299987793,4387800
2019-12-17,58.35756369674749,59.38484087498202,58.34934372372097,59.171165466308594,5011800
2019-12-18,59.376606559952165,59.55740830285042,58.53835134378848,58.59587860107422,2604600
2019-12-19,58.521920139973936,58.80134276708467,58.17675654472103,58.43973922729492,2985400
2019-12-20,59.467026000001354,60.453209652836094,58.67807782373301,58.973934173583984,5417800
2019-12-23,59.05610144905402,59.09719503759131,58.4890425312461,58.9163932800293,2831900
2019-12-24,59.05609963913991,59.18758783242714,58.858864214208495,59.0643196105957,778200
2019-12-26,58.97392580308294,59.05610671748765,58.71915681742594,58.94927215576172,1612900
2019-12-27,59.11364323585485,59.516334168460325,58.86709418405396,59.2944450378418,1570600
2019-12-30,59.351977390899535,59.45881197848371,59.05612101143203,59.43415832519531,1298600
2019-12-31,59.43414524751985,59.754655209751895,59.08898163742412,59.49167251586914,1724500
2020-01-02,60.749067651609785,61.10245128630135,60.20666850882907,61.08601760864258,2880700
2020-01-03,60.420325656249005,61.45582270296703,60.22309021354137,61.07778549194336,4155800
2020-01-06,60.72441029225409,62.22834564131987,60.67510299228556,62.187252044677734,5897200
2020-01-07,61.915848860817974,62.01763066794477,61.203395623825145,61.7122917175293,4867700
2020-01-08,61.84798842315994,62.73007792122309,61.805584194125665,62.076995849609375,4073700
2020-01-09,62.33991466614332,62.71310806274415,62.076986484518194,62.71310806274414,2199400
2020-01-10,62.76401091262262,62.87426968332717,62.29751905394015,62.509559631347656,3650700
2020-01-13,62.50954883436626,63.5527911422414,62.50954883436626,63.544307708740234,3795900
2020-01-14,63.45948436708379,63.61215379503038,62.780952138218304,62.97603225708008,3191400
2020-01-15,62.92516724528417,64.43489520320031,62.797941597725625,64.22285461425781,4078700
2020-01-16,64.29917890157797,64.43488796932891,63.5527984418413,63.9853630065918,3180900
2020-01-17,64.49425111303893,65.30000257278202,64.37550892888655,64.71477508544922,4265000
2020-01-21,64.49423718472872,65.07098758503992,64.33308433919751,64.82501983642578,2686700
2020-01-22,64.95229608932007,65.45270893750502,64.58758589772343,64.5960693359375,2167300
2020-01-23,64.21437138320148,64.7741616458546,63.80725707487672,64.740234375,2190000
2020-01-24,64.89288607788127,65.18974152781487,64.70628937479057,65.09644317626953,1695100
2020-01-27,64.26526641845703,64.83354018168626,64.02778196622559,64.26526641845703,2490000
2020-01-28,64.51969594454705,65.07948608221523,64.36702649527062,64.84199523925781,4003900
2020-01-29,68.02259105084663,68.90468032343198,66.39412153421027,68.53997039794922,5230300
2020-01-30,67.63245680610383,69.43904656147001,66.96240784413287,69.3542251586914,4016700
2020-01-31,69.15065496207406,69.79525996979862,68.27704903462491,68.43820190429688,6531300
2020-02-03,68.81140220818598,69.60867680774301,68.1498366770491,68.33643341064453,2745500
2020-02-04,68.9640682717072,69.2354799241904,68.36187386997774,68.63328552246094,2166900
2020-02-05,69.21002509064358,70.39745330810547,69.01495143413159,70.39745330810547,2184500
2020-02-06,70.42290516883358,71.05054337371784,70.16846039597105,70.44834899902344,2804900
2020-02-07,70.39746459630231,70.95725477023936,70.11756950933379,70.61798858642578,2211900
2020-02-10,70.6349675252226,71.03360491052278,70.56711297645536,70.89789581298828,1512300
2020-02-11,70.90637361821389,71.29652753619214,70.67737262301821,70.95726776123047,2709400
2020-02-12,71.07597301045698,71.10141683324937,69.6510606954242,70.60099792480469,2887700
2020-02-13,70.56706401042482,71.2031854040439,70.27869208471233,71.1268539428711,1689700
2020-02-14,71.126875064178,71.32194872574372,70.67735018122012,71.050537109375,1709100
2020-02-18,71.0590241421047,71.415250693329,70.40594213152683,70.73672485351562,2720000
2020-02-19,69.3203001021976,70.65191450982556,68.69265540922751,69.05736541748047,4417500
2020-02-20,68.463661982177,69.2185259125012,68.29402563937307,68.56543731689453,2835600
2020-02-21,68.37885528106781,69.31183263047022,68.07351629821383,69.09130859375,2730500
2020-02-24,67.98021210367958,68.91318937330985,67.60701860744146,68.67570495605469,3660400
2020-02-25,68.6417804550285,68.7265953973314,67.49676255652594,67.85298919677734,4476300
2020-02-26,68.20073462465747,69.15067227282861,67.39497654555241,67.5561294555664,3293700
2020-02-27,67.12355156164301,67.77664003629339,64.6554030873879,64.69780731201172,3187800
2020-02-28,63.510369800514376,64.40094251091553,60.770810096527825,62.051536560058594,7029900
2020-03-02,62.42472800398913,66.928473064208,62.41624457129089,66.90302276611328,4671600
2020-03-03,66.74187034689646,67.82751667961362,64.63842572403502,65.51203155517578,3930600
2020-03-04,66.18210688014446,68.8707799662533,65.98703316413659,68.74356079101562,3717100
2020-03-05,66.81822198641446,68.67569941149826,66.59769798635374,68.31098937988281,4157800
2020-03-06,66.09727709832858,68.68417426339114,65.83434890058781,68.29401397705078,4836100
2020-03-09,63.968386341433224,65.7156047308504,62.25510168472164,63.85812759399414,6472600
2020-03-10,65.52900034813362,66.15663843940713,63.27288623888145,66.12271118164062,4653600
2020-03-11,64.07015423186628,64.17193599501924,62.11937916602171,63.7054443359375,5388100
2020-03-12,59.17628763379629,62.2127105702601,57.78530181939851,59.049068450927734,7255100
2020-03-13,62.280532473363344,66.27537449584572,60.22798209994526,66.21600341796875,5919000
2020-03-16,57.26790847956308,63.65457523464423,56.47911738047108,61.91584014892578,5809900
2020-03-17,63.70546472373494,66.69947631848831,61.85647082930583,65.55445861816406,6868800
2020-03-18,62.153329163036375,63.34924105157382,58.35356587508448,61.19490814208984,4979200
2020-03-19,60.51636292039685,60.855629045505175,56.16529379344961,56.86078643798828,6030000
2020-03-20,56.99651202523425,60.9574354438469,55.29171022044004,57.91252899169922,6943400
2020-03-23,56.82685694639431,58.29418012969651,52.738716153268335,56.445186614990234,5880300
2020-03-24,59.51553839238491,60.97437837181945,56.92864763575104,58.5571174621582,5913100
2020-03-25,58.51471019892437,61.729245814125555,57.76832976909335,59.32894515991211,4536400
2020-03-26,60.100786017279304,64.96923620608239,59.46466424018784,64.30767059326172,4861700
2020-03-27,61.72076700369939,63.39164775056014,60.72841867730835,62.37385559082031,4481900
2020-03-30,62.90818363955388,65.1642980117924,62.01761728548355,64.61299133300781,4367600
2020-03-31,63.942942152545015,64.290691730219,62.221174072359304,62.62828826904297,3865800
2020-04-01,60.52485793256079,62.000658417522295,59.9820346169206,61.37302017211914,4397300
2020-04-02,60.957426001717714,65.76650462429778,60.84716076279949,64.935302734375,3836400
2020-04-03,64.65539158264485,65.09643297184297,63.544294971405165,64.409423828125,2745600
2020-04-06,66.0315626675111,66.60907369986018,62.91470460857394,64.53682708740234,4435300
2020-04-07,66.14196305798475,66.75344605517193,64.04424566415649,64.20560455322266,4581000
2020-04-08,64.63024306240804,66.71098412064237,63.390294342403145,66.08251190185547,4076300
2020-04-09,67.01673473218158,68.58790253399789,66.34580228588771,68.27366638183594,4811800
2020-04-13,67.94244527146247,67.94244527146247,65.28419943283525,65.47953033447266,2625300
2020-04-14,67.15261208737422,69.17389744142305,66.85536519405768,68.34160614013672,2912300
2020-04-15,63.11001882291978,68.01036992246338,61.72569422698095,67.30546569824219,3223800
2020-04-16,67.19507766963744,67.80655420667172,66.14196515028107,67.16959381103516,2877400
2020-04-17,68.81719990211229,70.41385143594535,67.31397622388252,70.06564331054688,3507700
2020-04-20,69.36925019865872,69.81087332672634,68.68133488165998,69.5900650024414,2881700
2020-04-21,67.97642993919838,70.08264250659312,67.74712051515682,69.00405883789062,4441800
2020-04-22,70.09960314632357,70.35438337191265,69.25032276870321,70.05713653564453,2323900
2020-04-23,70.26097271893647,70.26097271893647,68.95308008116909,69.30977630615234,2667700
2020-04-24,69.79388471459515,70.46481721177193,68.68981726769722,70.37989044189453,2439600
2020-04-27,70.49028608666407,70.74507284504095,69.84483105040671,70.45631408691406,5399600
2020-04-28,70.99134848871465,71.19518045845828,68.7662378947251,68.91061401367188,3264000
2020-04-29,69.43718755826758,69.43718755826758,67.36494070479694,67.77259826660156,4780300
2020-04-30,66.92331203943641,67.41588984953208,65.27570564710896,65.6493911743164,3852600
2020-05-01,64.88503917997922,65.53049425067681,64.12917996382546,64.69819641113281,2869100
2020-05-04,64.43491221171396,64.60476571555053,63.53467049879188,64.41792297363281,2928800
2020-05-05,64.57079176627074,66.74494765121244,64.57079176627074,66.27784729003906,2475800
2020-05-06,66.76195319869146,66.92331859752508,64.47738614992997,64.70669555664062,2548700
2020-05-07,65.39461513202274,65.81925549002288,63.00813839350115,63.63660430908203,3724900
2020-05-08,64.3329953762395,64.48586611948167,62.787305185455544,63.07605743408203,4333800
2020-05-11,62.54952234727322,62.88074128865594,62.01447138081091,62.14186477661133,2808300
2020-05-12,62.30321545781066,62.43909696293187,60.80848002450286,61.3095588684082,3300800
2020-05-13,60.995340891451455,62.43062737793118,60.511251141499365,61.79366683959961,3968700
2020-05-14,61.37750259766548,62.71936742393401,61.08025570057977,62.625946044921875,4001800
2020-05-15,62.51554279052178,64.91900834003401,61.75118898755896,64.72367095947266,5593000
2020-05-18,65.66638570313296,66.09952068915617,64.23109919777039,65.07189178466797,3360500
2020-05-19,64.63025217355437,66.1249878394066,64.40094926320899,64.43492126464844,2610500
2020-05-20,64.90200957635957,65.18227367623535,63.3987860507,63.60261154174805,2902900
2020-05-21,63.28836491717833,64.08669047024708,61.75116965217906,63.71300506591797,3899800
2020-05-22,63.831906819684725,64.32448444119159,63.076041434634774,63.458221435546875,2166000
2020-05-26,64.46039496464398,64.85106323964226,62.558008349153454,62.9571647644043,5212700
2020-05-27,63.967799510072666,65.66636031116806,62.90619900938805,64.94447326660156,4687900
2020-05-28,65.66637200189825,65.78527076078312,64.4688897932731,65.04639434814453,2613800
2020-05-29,65.19926613850882,66.14196808422729,64.9274966168285,65.97211456298828,4412400
2020-06-01,66.03155853812457,66.99124316560996,65.58144091214031,66.53263092041016,1749100
2020-06-02,66.72798259378523,67.33097109746745,66.49018504072716,67.16111755371094,2205200
2020-06-03,67.79805980330208,67.79805980330208,66.49866175296411,67.18657684326172,2288400
2020-06-04,66.74493949220562,67.06767017157878,65.87867638753491,66.92329406738281,2766400
2020-06-05,68.22271615264438,70.23550714576658,66.9063285536723,69.53060913085938,3838000
2020-06-08,69.24183627419201,69.37772426071142,68.35858380030335,69.224853515625,3052300
2020-06-09,68.79173305819047,69.26732815157344,68.11230594236008,68.8087158203125,2468600
2020-06-10,68.63036211991509,69.49663194664163,67.89149215655638,68.18024444580078,2413800
2020-06-11,66.89781132442153,67.24601938331483,64.39243684604776,64.47736358642578,3302500
2020-06-12,65.74279977433939,66.47317496720441,63.69603087215634,65.05487823486328,2344300
2020-06-15,64.01876463638524,67.52629740600082,63.90836049903879,67.3394546508789,3258700
2020-06-16,68.95308745540318,69.30128909907916,67.01672890755698,68.30763244628906,3455000
2020-06-17,68.63886494807409,69.0125505242501,67.22056775412953,67.27152252197266,2714000
2020-06-18,67.01674598428866,69.34377338654322,66.7449699284655,68.68133544921875,2863500
2020-06-19,70.62616962614915,70.62616962614915,67.84901875728397,68.7832260131836,4534600
2020-06-22,68.40104985610743,69.40320107025015,68.18023511956866,68.63884735107422,1870000
2020-06-23,69.23333389522156,69.58154196202717,67.92544780879223,67.9933853149414,1786300
2020-06-24,67.4243719844302,67.67066408361984,65.54746303491126,65.64088439941406,3611600
2020-06-25,65.74279939969392,67.91695516763527,65.61540604277651,67.85750579833984,2242600
2020-06-26,67.24603193963114,68.18873383668875,65.69184703048252,66.15045928955078,3733400
2020-06-29,66.34580536481663,67.31398476781766,66.14197334771335,66.58360290527344,2806200
2020-06-30,66.66853104775937,68.36709234833924,66.59209889939191,68.03587341308594,2598000
2020-07-01,67.90847980087167,68.62187891415547,67.6367102528343,67.77259826660156,2970000
2020-07-02,68.35858670640609,68.35858670640609,66.92330704487834,67.28849792480469,2493800
2020-07-06,68.18987125432268,68.44497349406616,67.33951747980886,67.53509521484375,2312900
2020-07-07,67.26298047180802,67.3905348321186,66.08949462985608,66.34459686279297,2559700
2020-07-08,66.37863286881438,66.75279071448385,64.89901868736398,65.7918930053711,3326500
2020-07-09,65.80037678031228,66.30208891170587,64.76295056130158,66.1490249633789,2764700
2020-07-10,66.55719013858146,68.84464397331705,66.54018591689005,68.67457580566406,2313800
2020-07-13,68.81061975279552,69.15076252986684,67.7561829827899,68.30891418457031,2266400
2020-07-14,68.56403226342145,71.86340953031218,68.41096830271327,71.85490417480469,6820700
2020-07-15,72.2800737517026,73.54709911032779,71.72734247841736,73.0368881225586,3965200
2020-07-16,73.00286283898413,74.48247643999291,72.89231919507739,74.07431030273438,2652400
2020-07-17,74.28690970518743,74.62705252830209,73.4620654676319,74.5165023803711,2659000
2020-07-20,74.57603609296076,75.17979308454711,74.34644338943784,74.94168853759766,1825400
2020-07-21,74.87365305734127,76.01312401048087,74.87365305734127,75.5539321899414,1712600
2020-07-22,75.80906832177725,76.71894693737843,75.27334109365911,76.65091705322266,1789100
2020-07-23,76.50633841047782,77.14410381038154,75.12025745590196,75.3753662109375,1999900
2020-07-24,75.5624433858262,75.82605100241511,74.41446698957301,74.71208953857422,2204400
2020-07-27,74.69507093997588,75.08623937756327,73.81070874139414,74.23588562011719,2060100
2020-07-28,74.4314605714185,74.68656928419846,73.69165698218796,74.33792114257812,2470200
2020-07-29,73.9892769107992,75.90257272693594,73.9892769107992,75.61344909667969,1880500
2020-07-30,74.73760244700291,75.96211411768122,74.5590289096432,75.27332305908203,2119900
2020-07-31,74.73760415672153,76.88049962943005,74.73760415672153,76.82096862792969,4016500
2020-08-03,77.12710097134725,77.57779401626466,76.23423321296929,76.43831634521484,2134400
2020-08-04,76.17470262510898,76.93151706423858,76.0471482447386,76.74443817138672,2496900
2020-08-05,77.4077161347165,78.07099115287424,77.00804875513796,77.05907440185547,2073500
2020-08-06,77.12707772820642,77.7053185017141,75.60495031963202,76.2001953125,2514600
2020-08-07,75.94508080247233,77.18659632674571,75.94508080247233,77.152587890625,1735400
2020-08-10,77.37369961558495,77.5012539982393,76.2852476606139,76.63389587402344,2410700
2020-08-11,77.32267286256656,77.48424216390427,75.570946075079,75.69849395751953,2468200
2020-08-12,76.5573374141953,76.9400004460201,75.44337621831782,75.68997955322266,2058900
2020-08-13,75.15429357131912,75.72403575312227,74.77163681859916,75.71553039550781,1994800
2020-08-14,75.68150781256163,76.1577039879069,75.34136490687803,75.65599822998047,1731200
2020-08-17,75.2988358594396,76.34476745970889,75.23080599453355,75.53693389892578,1709100
2020-08-18,75.64747790206351,76.49783175413843,75.59645874699822,76.31075286865234,1510200
2020-08-19,76.66791231408702,77.39921071444915,76.48933228225296,76.88050079345703,2728000
2020-08-20,76.76995103552963,77.4247271885343,76.60838171429994,77.24614715576172,1663200
2020-08-21,77.56926448737158,78.2240339728038,77.22061636106861,78.07947540283203,2085600
2020-08-24,78.23255920410156,78.52167641750597,77.74785773810531,78.23255920410156,2535000
2020-08-25,78.61521611081697,79.10842293394495,77.99446139178129,78.8873291015625,2443900
2020-08-26,78.29208687534819,78.86182245722351,77.8243896139964,78.37712097167969,1603500
2020-08-27,78.64923710165193,79.84823931699178,78.64923710165193,79.34652709960938,1407300
2020-08-28,79.6611557006836,79.78020473079093,79.18495958025431,79.6611557006836,1425600
2020-08-31,79.68666235039807,81.08124221268118,79.16794595785169,80.81763458251953,2169100
2020-09-01,80.6135527797377,81.03022437658751,79.15094302527743,79.82272338867188,2426200
2020-09-02,80.02678559495529,81.09823305166915,79.2954809088456,80.78359985351562,1774100
2020-09-03,81.28531574659395,81.80403207798466,78.79378536778505,79.32950592041016,2378000
2020-09-04,79.92475854133193,80.82613805647266,78.59820857825618,79.03189086914062,2059500
2020-09-08,79.15944349842975,79.15944349842975,77.06757362847425,78.07099151611328,2398200
2020-09-09,78.52165741838499,81.13224950138815,78.52165741838499,80.50298309326172,1826900
2020-09-10,80.33293316924748,81.28532537562324,80.06082018347078,80.23088836669922,1912000
2020-09-11,80.18836075633665,81.35334123498153,80.08631597136045,80.7666015625,1494700
2020-09-14,81.36187276302276,82.1271926773364,81.09826509330384,81.8550796508789,1838700
2020-09-15,81.94860367932863,82.39929018630465,80.73259740216449,80.85164642333984,1764100
2020-09-16,81.54043097266661,81.84655888074185,80.82613684561443,80.85164642333984,1808200
2020-09-17,80.26487767250144,81.62544216695999,79.77167101585921,81.14924621582031,2322200
2020-09-18,80.88565118146091,82.92649499499461,80.73258724667745,82.36526489257812,3894600
2020-09-21,81.37037667964216,82.80747053408365,81.08975830141259,82.79046630859375,2740800
2020-09-22,82.23775535121369,83.173143690143,79.49111486996618,80.29044342041016,2923100
2020-09-23,80.30740405269022,80.5284913395622,77.50123429833162,77.54375457763672,2881300
2020-09-24,78.00298034008914,79.00639838475847,77.2886795601057,78.40264129638672,1810400
2020-09-25,77.65430789075413,78.92983857653371,77.55226310032532,78.74275970458984,1676800
2020-09-28,79.55910620865272,80.75810828256893,79.2954985843244,79.916259765625,1826900
2020-09-29,80.0438184497558,80.58804448234622,79.58462651831651,80.06082916259766,1744700
2020-09-30,80.25637974213389,80.77509601731936,79.49956546935846,80.50298309326172,3119600
2020-10-01,80.85162769646344,81.15775553363328,78.84479253620948,79.47405242919922,2006300
2020-10-02,78.9723606736785,81.03872069157515,78.57269334493166,80.11183166503906,1586800
2020-10-05,80.93666543362772,81.70198506124129,80.17134580601417,81.61695098876953,1325200
2020-10-06,81.80421329980204,82.04255960811602,80.39966513215202,80.97000122070312,1971300
2020-10-07,81.08067295039857,82.57034410696757,81.08067295039857,82.068115234375,2305500
2020-10-08,82.39160032389125,83.43862290292746,81.98300186987208,83.39606475830078,1393000
2020-10-09,83.45565444881115,85.03896296332069,83.1492072205543,85.02193450927734,1919500
2020-10-12,85.11555073583948,86.40944016013579,84.68142268054403,86.29877471923828,2081200
2020-10-13,86.2732385551447,86.86911090665309,85.09001457152259,85.35389709472656,2206900
2020-10-14,85.60928898231643,86.82656361433469,84.74953393592398,84.8261489868164,2107800
2020-10-15,81.83829145848502,84.32391308034367,81.72763249050537,83.0044937133789,2740800
2020-10-16,83.57480573431936,83.57480573431936,81.86381024095131,82.1617431640625,2815700
2020-10-19,82.95339242308802,83.25133182344355,81.27645392572116,81.53182220458984,1459900
2020-10-20,82.07663200292573,82.34052105308865,80.21241916650925,80.51885986328125,1934700
2020-10-21,80.7401753990312,81.53182947355954,79.44629245183638,79.6761245727539,2098500
2020-10-22,79.4633263538216,81.05514896724549,79.05473441199688,80.34861755371094,1918200
2020-10-23,80.49330896521529,81.01256625017422,80.28901303989632,80.54438781738281,1562600
2020-10-26,79.91447490698603,80.45076070664251,78.80786588910108,79.88042449951172,1699900
2020-10-27,79.94853451022838,80.69763057192282,79.63357957015405,79.84638977050781,1505400
2020-10-28,78.73975891046547,79.58248532252048,77.58207112476636,77.94810485839844,1978500
2020-10-29,77.90555466636829,78.29713114701266,76.67977233833797,77.51398468017578,2176700
2020-10-30,77.43736507919445,78.3907504767185,76.70529758069509,78.22901916503906,2205600
2020-11-02,79.24198705868693,80.57844108126751,78.80785901377857,80.35711669921875,1913700
2020-11-03,80.59546966741658,81.87233071633354,80.15282736135053,80.41670989990234,2678700
2020-11-04,80.02513589474749,83.03001437153094,80.02513589474749,81.59992980957031,2979400
2020-11-05,82.41711558131195,83.45563016438322,81.73612049568966,82.81719970703125,2268500
2020-11-06,83.34496307373047,83.83016991409694,82.17024699061703,83.34496307373047,1976800
2020-11-09,84.9708243833269,85.4134665750019,76.92660445178048,76.9436264038086,5748500
2020-11-10,77.30969739963238,79.48036426774482,75.47952818654089,78.86746978759766,4402500
2020-11-11,79.33563967512052,80.16985851366049,78.39076187098367,78.92704772949219,2612700
2020-11-12,79.24201307989624,80.72317693715891,78.59507466523836,80.59548950195312,2740300
2020-11-13,80.86785795066463,81.6850481569373,80.46777382484927,81.42967987060547,2018900
2020-11-16,80.83381906114865,81.92340615804967,80.83381906114865,81.63398742675781,2291200
2020-11-17,80.95299795006474,81.41266875668009,79.80382418075227,80.80828857421875,2272600
2020-11-18,80.60399118301261,81.25092949697083,79.9144817380086,80.39968872070312,1942000
2020-11-19,79.64207225605301,80.7742238667155,79.17389380039495,80.24645233154297,2129600
2020-11-20,80.44223358922468,80.89339005066599,79.02917113053293,79.2845458984375,2562200
2020-11-23,79.27604235253264,79.58248951751546,78.33967890150778,79.10579681396484,2491500
2020-11-24,77.5310009749502,77.88852049395919,74.44950744363499,75.4454574584961,5954700
2020-11-25,75.54761386423108,76.15199399581078,74.93471950700906,76.10092163085938,2250200
2020-11-27,75.66678509048963,76.16050625376839,74.23670045873637,75.27521514892578,1113500
2020-11-30,75.33479715935336,75.47099878002865,73.39396952588552,74.15157318115234,4022300
2020-12-01,74.7814920035696,75.9391798411831,74.59421801594816,75.89662170410156,3097900
2020-12-02,76.56910224926288,77.41183526099415,75.57315213843661,75.93067169189453,2524500
2020-12-03,75.4284333002724,76.01579141752939,74.72190201349235,75.16455078125,3240600
2020-12-04,75.15605659868672,76.27118005136411,74.52614017830317,76.20307922363281,2229100
2020-12-07,77.04579491281709,77.73529777776416,76.13496765507246,76.82447052001953,3141800
2020-12-08,75.6838346809426,80.35714559766834,75.50506836939665,79.02920532226562,4211800
2020-12-09,78.58653756575808,79.95703554955931,78.41629203133405,79.6761245727539,2833500
2020-12-10,79.65059506627004,80.54440043301875,78.92704174266228,80.18687438964844,3402700
2020-12-11,79.8804325219828,80.91894732366936,79.8804325219828,80.34861755371094,1968100
2020-12-14,80.55292513774975,81.77019990128277,80.09325426608841,80.10176849365234,2608100
2020-12-15,80.53587547355401,82.32347947435099,80.44223848591912,82.30645751953125,2877000
2020-12-16,82.71506139492077,83.44712895306994,81.41266409793141,82.02555847167969,2446200
2020-12-17,82.28094885016795,83.89830137126602,81.82127798294071,81.9830093383789,3615400
2020-12-18,82.02554975807243,82.79166764387276,81.42968389936705,82.52777862548828,5330200
2020-12-21,82.43413643280843,83.48116522641243,81.44670071576559,83.3705062866211,2486000
2020-12-22,83.16620250049925,83.98339917666306,83.03000738410546,83.4130630493164,1751000
2020-12-23,84.00044390855177,84.14515328847563,82.85127010685599,83.0044937133789,3062700
2020-12-24,82.91086004387948,83.8131732661649,82.8001945769901,83.68548583984375,724700
2020-12-28,84.03447046224599,84.23876638145748,82.74058115352283,83.52372741699219,1338800
2020-12-29,83.83868819525533,84.2217503770934,83.06406259569722,83.15769958496094,1221700
2020-12-30,83.66845445439796,83.84721423332772,82.82572792674293,82.91936492919922,1477800
2020-12-31,83.26835658324819,84.22174840871908,82.78314969315375,84.17066955566406,1440200
2021-01-04,83.06407726413215,83.60887084635401,81.65952867159541,82.68101501464844,2485200
2021-01-05,82.94489122103283,83.10662252870956,81.04662170924149,82.52777862548828,2623200
2021-01-06,82.22984374308082,84.19621401900655,81.71910066282827,84.09406280517578,2833600
2021-01-07,84.40656123839189,85.11188448790641,84.00479120907077,84.58512115478516,2698300
2021-01-08,83.02269222733143,84.68332521758158,82.8887688936099,84.37084197998047,1685400
2021-01-11,84.11191759630087,84.933303977015,83.80836442536773,84.89759063720703,1759700
2021-01-12,84.7011855789202,85.74577532452768,84.40655560606976,84.87974548339844,2090200
2021-01-13,84.88866880697495,85.27257870169524,84.29940890788758,84.75474548339844,2072300
2021-01-14,85.09402079239212,85.36186746722144,83.3530378408732,83.43338775634766,1602300
2021-01-15,83.43336892197875,84.82616178040672,82.91554257869356,84.638671875,3053300
2021-01-19,84.81725740604082,86.73680722544978,84.14764747915102,85.87970733642578,3463300
2021-01-20,85.65649288370791,86.4689492805904,85.11187633576121,85.76362609863281,1474900
2021-01-21,85.84398676335807,86.281463304845,84.15657043457031,84.15657043457031,1695300
2021-01-22,83.92444494107737,84.16550151985717,82.40666515083534,82.41558837890625,2688200
2021-01-25,82.3798706035783,83.55838374991592,81.58526740401254,82.5137939453125,3119600
2021-01-26,82.61199324898321,82.87983989778309,81.37098361201541,81.8888168334961,2595600
2021-01-27,81.05851409524978,81.54063405759504,77.41583447639067,77.71046447753906,4866900
2021-01-28,78.13899799102559,80.08533078353331,77.49617829332546,79.0050277709961,6292500
2021-01-29,78.72827409553095,79.52287735761536,77.42476754411578,77.84439086914062,4756500
2021-02-01,78.11220613806991,78.67468267796956,76.3087269057684,76.95155334472656,5151700
2021-02-02,77.62117475829481,78.80861102992546,77.27297818675765,77.4515380859375,3261200
2021-02-03,76.93369969283567,77.75508607268482,76.67478308821784,77.63902282714844,2726000
2021-02-04,77.63008577598195,78.76396207347847,77.05868601452413,78.69253540039062,3279900
2021-02-05,78.86218013697554,79.41571988114087,78.07650027564695,78.0943603515625,2216300
2021-02-08,78.49613121743519,78.5854111709114,76.6926516353698,76.93370819091797,3958300
2021-02-09,77.17476313345476,77.54974298409522,76.18374009131706,77.02297973632812,4551400
2021-02-10,77.4872588622004,77.64796551152982,75.9248357537961,76.36231231689453,3265300
2021-02-11,76.4337342690875,77.45154071452718,76.00518096023849,77.11227416992188,2475800
2021-02-12,76.78192320709442,77.33546975681826,76.55871994195752,77.02297973632812,2326900
2021-02-16,77.22833681613606,77.81759675968829,75.79090711196942,76.00518035888672,3846800
2021-02-17,75.96053730055043,77.16583357749211,75.96053730055043,77.005126953125,3951900
2021-02-18,77.03191779642523,79.03181735307042,76.79086124208749,78.6568374633789,2921000
2021-02-19,78.96931159730039,79.21037493546022,77.71044873805607,77.72830200195312,2580700
2021-02-22,77.67472004189518,78.66574287701462,77.16581697615453,78.38004302978516,2646900
2021-02-23,78.96039892183643,80.79066183306809,78.56755894737988,80.1299819946289,4797000
2021-02-24,80.12997492143002,81.24599128523823,78.32649547463019,78.33541870117188,3659500
2021-02-25,78.33541901618685,79.13895216368472,77.34439593621002,77.77294921875,3552800
2021-02-26,78.21935478745034,78.28185143082808,76.33551863640568,76.7372817993164,4540100
2021-03-01,77.21047234416702,78.79074837971125,77.21047234416702,78.24613189697266,2193200
2021-03-02,78.36220761717865,79.6746440448875,77.96937446088312,79.20145416259766,2911500
2021-03-03,78.93360216210611,80.69243808516009,78.45148231516762,79.33536529541016,2788900
2021-03-04,79.17465817186161,79.72820469145249,77.46045882371419,77.66580200195312,3305400
2021-03-05,78.52289023432976,80.17459951505535,77.53186739054311,79.96031951904297,3341400
2021-03-08,79.92463517200495,82.67450148017376,79.18360538815602,81.26385498046875,3192800
2021-03-09,80.78173215225571,81.45134197615442,80.45138885361459,80.51388549804688,2919400
2021-03-10,80.73708416436611,82.90662014243006,80.46031429933826,82.33522033691406,2869700
2021-03-11,82.2459483051083,83.5494546625427,81.51384180814861,82.84413146972656,2998300
2021-03-12,83.33516924255889,83.4155259614413,82.61199283073309,83.06732940673828,1766800
2021-03-15,83.32623593613314,83.65657237484652,82.76375940686897,83.3708724975586,1869700
2021-03-16,82.84413571541454,83.51374559981497,82.17452583101412,83.36196899414062,1955000
2021-03-17,81.51383280722668,82.86197558549448,80.61208973476522,81.33526611328125,3543600
2021-03-18,81.60311346291607,81.63882680201786,80.36210387852618,80.66565704345703,2491900
2021-03-19,81.04958283381328,81.7727593606167,79.93356631140095,81.19243621826172,5568700
2021-03-22,80.59423156415419,81.47812139392053,80.16568511180357,80.46923828125,1684100
2021-03-23,80.33532591008186,81.55847550030687,80.33532591008186,81.02278900146484,1936000
2021-03-24,81.12994836423918,83.81731153729056,80.57640165690425,82.57630157470703,3203700
2021-03-25,83.0762714059579,84.3887010948494,82.71914476182195,84.12979125976562,4315800
2021-03-26,84.227980271434,85.236863382212,83.78157374429274,85.04044342041016,2874900
2021-03-29,84.84403630178807,86.58502610815337,84.03157984145018,85.88862609863281,2410500
2021-03-30,85.73683501829488,86.04039499350316,84.64760202119844,85.30828857421875,2162200
2021-03-31,85.3082955756171,85.4243588279918,84.54047575437292,85.36186218261719,3383000
2021-04-01,85.21900182104855,85.567198361219,84.59403541859464,85.30828857421875,2487900
2021-04-05,85.62076836572999,86.86177789519782,85.54041165340148,86.35287475585938,2139600
2021-04-06,86.50482023711646,86.56738156535435,85.10165317348945,85.28933715820312,2478400
2021-04-07,85.34294461449461,86.00431490698976,85.11057790286658,85.67362976074219,2146600
2021-04-08,85.5217215275829,85.95071159862152,84.19004808615966,84.88716888427734,2319500
2021-04-09,85.39659584958002,85.77196385319544,85.0122885643526,85.51277923583984,2197000
2021-04-12,85.62002299287546,86.21882525595356,85.28039850678611,86.18307495117188,2537600
2021-04-13,86.06688522703101,87.49686321946774,85.8523834141608,86.9516830444336,3404000
2021-04-14,86.88018931996208,87.2734358560247,86.62994400380349,86.85337829589844,2194900
2021-04-15,87.35387220074817,90.70538670773009,87.14831646277723,89.73121643066406,4481300
2021-04-16,89.60607797867804,89.91888458047623,88.19397181207765,88.26547241210938,4278400
2021-04-19,88.04205991321967,88.80173522498369,87.01426069439815,88.73917388916016,2000100
2021-04-20,88.828546514735,89.87421748173912,88.65873425185127,89.18604278564453,1606500
2021-04-21,89.7044032019976,90.54451151441224,89.3737179907095,90.45513916015624,2412900
2021-04-22,90.02613584796985,90.19594125039764,88.9447080194254,89.50776672363281,1621100
2021-04-23,89.60608705996317,90.26745063060248,89.32009144952404,90.0529556274414,1788500
2021-04-26,90.10656766866887,90.30319090751514,89.15026931319406,89.24858093261719,2702400
2021-04-27,89.12346931541211,89.43627595286627,88.86428472475772,89.29328155517578,1480800
2021-04-28,89.71332920059022,89.90995245699104,88.8553423879374,89.6954574584961,1386800
2021-04-29,89.73121985927352,91.1969483808382,89.6954695515922,91.11650848388672,1724000
2021-04-30,90.9645597163256,91.3756779585227,89.97251100325349,90.03507232666016,2364300
2021-05-03,90.97349993493894,92.01023142189796,90.29425783189296,91.66167449951172,2182300
2021-05-04,91.43824785251692,92.20686236565486,91.23269212148789,92.17111206054688,3055700
2021-05-05,92.18004296704405,93.002279453808,91.65274135662136,92.76991271972656,2297400
2021-05-06,93.39551946586622,93.65470402233754,92.77883873430784,93.1273956298828,2167400
2021-05-07,92.7699106778596,94.21776036862612,92.45709724813686,94.00326538085938,2158300
2021-05-10,94.35183523450208,95.76394163655594,94.30714564736265,94.50376892089844,2265000
2021-05-11,96.02310692147864,96.02310692147864,93.61895217296158,93.91388702392578,3404300
2021-05-12,93.93176650662517,94.72719196878708,93.48489796299832,93.62789916992188,2683600
2021-05-13,93.3061701876628,95.4600734126962,93.0022959772,94.78083801269533,2211000
2021-05-14,95.19192909858842,96.15715986949598,94.98636658984248,95.71923065185548,1573800
2021-05-17,95.71925987229584,96.10356716961324,95.11151825836772,95.23664093017578,1437100
2021-05-18,95.08469804627887,95.33494336572156,94.25352219603076,94.71826934814452,1787100
2021-05-19,94.15521941961212,94.46802609834688,89.0251694323396,90.26746368408205,5700900
2021-05-20,88.6318872988557,91.90296764657178,88.47995366137287,91.19691467285156,3446100
2021-05-21,91.2148055863706,91.46505088157866,88.56934460768497,88.60509490966797,3469000
2021-05-24,88.67659397370029,89.4630801476496,86.85336951626653,87.1036148071289,3506400
2021-05-25,86.43331153504165,87.74710612369577,86.20093798677024,86.94274139404297,3001500
2021-05-26,87.79179192650655,88.49783818354979,87.06786029163871,87.9437255859375,3201600
2021-05-27,88.2297217304963,88.73915157084218,87.49685763002198,88.61402893066406,4817200
2021-05-28,89.11453513393268,89.4273417892859,88.51573284816027,88.55148315429688,2109000
2021-06-01,88.8910885972513,89.65970302669166,88.05097356538096,88.75702667236328,2071500
2021-06-02,88.99835946609187,89.9635973594122,87.8990596178091,89.79378509521484,2447800
2021-06-03,89.58820458541967,90.39256933547892,89.33795928955078,89.33795928955078,2051900
2021-06-04,89.60608511067929,89.8742021541297,88.98046503861553,89.6954574584961,1318200
2021-06-07,88.25653601819847,88.25653601819847,85.7093867221673,86.1473159790039,4923900
2021-06-08,86.16518784047882,86.37968281224016,85.28932257622233,85.67362976074219,3198700
2021-06-09,85.6915073615858,86.022192530451,84.71733723342462,84.74414825439453,2628800
2021-06-10,84.95866238018326,85.56640399421224,83.48400134524715,84.0291748046875,3269500
2021-06-11,84.27048950297649,84.39561217750442,83.34100190743018,83.65380859375,2641200
2021-06-14,83.33203655727336,83.47503775124245,82.49192840805765,83.22479248046875,3647000
2021-06-15,83.36779427524566,84.09171913279273,82.46511790932884,83.79679107666016,3447600
2021-06-16,83.30523560678188,84.44028556041505,82.33999788684338,83.04605102539062,4435900
2021-06-17,82.99244933367957,83.33206706568411,81.3479690943411,82.0808334350586,4415900
2021-06-18,81.13344557217916,82.65280259714973,80.632955023031,82.50086212158203,9155900
2021-06-21,82.85836102088213,84.71733571987434,82.84942174116098,84.54752349853516,4757200
2021-06-22,84.51177937451115,85.2714613768588,84.35984570151085,84.86033630371094,2381400
2021-06-23,84.82460177807789,85.43233653426336,84.54753860659324,84.83353424072266,1923100
2021-06-24,85.19102044437948,85.66470001831078,84.8156524973403,85.5217056274414,2643200
2021-06-25,85.69152259312753,86.67463899458974,85.31615459548226,86.5584487915039,5359100
2021-06-28,86.48691421336962,87.53259153713145,86.1383573783394,86.98741149902344,2395800
2021-06-29,87.31810660568907,88.27440497149364,87.27342384462382,87.97947692871094,2569300
2021-06-30,88.02417109539266,88.3548562997517,87.60411353865031,87.77392578125,2570600
2021-07-01,88.05097948737405,88.9179055987938,87.52367785100225,88.33697509765625,2436700
2021-07-02,88.45315551757812,88.68552905609724,87.97947597962671,88.45315551757812,1873600
2021-07-06,88.4442245845478,88.4800110495958,86.80702964284569,87.5495834350586,2659300
2021-07-07,87.35276124549108,89.03468414846695,87.19172556564241,88.66788482666016,2300600
2021-07-08,87.86271413384017,88.97206734478202,87.61221568223114,88.11321258544922,3565800
2021-07-09,89.3746517189815,90.68977529375728,88.55158350400967,89.13309478759766,3426400
2021-07-12,89.01681212905716,89.77725589268351,88.49791852072043,89.35677337646484,2487500
2021-07-13,89.06153174466944,89.15099449709872,87.42433675548854,87.4869613647461,3251000
2021-07-14,87.67483276789432,88.22951273852917,86.45812025690648,87.18277740478516,2377800
2021-07-15,80.51769641935107,85.43822231164475,80.15983862570668,84.9461669921875,7070200
2021-07-16,83.56841731013897,86.16287069454204,83.17477309432321,86.04656982421875,4555800
2021-07-19,85.25034379976314,85.61714306946263,83.79208139120534,84.606201171875,3959500
2021-07-20,84.83882918957644,85.8855577869681,84.13206180121935,84.4720230102539,3198100
2021-07-21,84.55254522791672,85.34877538287532,84.05154149376175,84.105224609375,2576100
2021-07-22,83.93522637757913,84.00679930256355,83.1300480354289,83.55947875976562,3876800
2021-07-23,83.81894660719072,84.82988883135971,83.60422777815096,84.74937438964844,2095700
2021-07-26,84.45411892453963,84.96406406474642,84.34675953823356,84.66883087158203,1836100
2021-07-27,84.46304381208715,86.10917965863949,84.07834798318689,85.77816009521484,2216100
2021-07-28,85.77817468084386,85.84079927640333,84.53462426504241,84.56146240234375,2894800
2021-07-29,84.96407764974938,85.96607144653703,84.74041734502775,85.67084503173828,1867200
2021-07-30,85.58138434094498,85.89450741000007,84.8567202947649,85.13406372070312,2355100
2021-08-02,85.56347857342399,86.10026189538316,84.93723250206669,85.02669525146484,1510600
2021-08-03,85.45611209739084,86.59231007986288,84.99985006559785,86.4312744140625,2069900
2021-08-04,86.19867251247078,86.20762083503445,85.20562030058063,85.30403137207031,1870900
2021-08-05,85.51874843658197,85.51874843658197,84.24835957955985,85.36666107177734,2403000
2021-08-06,85.77818300635779,87.17382771160788,85.34875911671904,86.70861053466797,3067700
2021-08-09,86.9322706825354,87.30801829184833,86.52073661153986,86.88754272460938,1522000
2021-08-10,86.73545273354695,87.12014868320125,86.11815501010726,86.19866943359375,2120500
2021-08-11,86.33286753346357,86.91438562289623,85.68872483905015,86.86070251464844,2050700
2021-08-12,86.86964047677023,87.20066010680209,86.35969537543797,86.72650146484375,1803100
2021-08-13,86.84281097463479,86.93227371918154,85.89449359641357,85.99290466308594,1413400
2021-08-16,85.60821887721954,86.97701882536595,85.19668474301395,86.86965942382812,3565000
2021-08-17,86.33287825712631,86.35971640179885,84.59727209554649,85.59032440185547,3631800
2021-08-18,84.93722544539763,86.12709288212113,84.44517012623285,85.50084686279297,3890100
2021-08-19,85.41138422364206,86.75334583144897,85.29507651593418,86.06446838378906,1750300
2021-08-20,86.21656404069743,88.22055816509898,85.84080959659666,87.29013061523438,3638800
2021-08-23,87.1112152674363,87.86271059196956,86.99490754418427,87.03964233398438,1898500
2021-08-24,87.12910216749393,87.4869599971877,86.13604993223966,86.44917297363281,1601100
2021-08-25,86.36865947447451,86.78019359409973,86.0197499638016,86.0823745727539,1669900
2021-08-26,86.02868399520118,86.30602052797893,85.66187789972282,86.09130859375,2663900
2021-08-27,86.37760126927206,87.36170511796385,85.90343575095962,87.21855926513672,2913300
2021-08-30,87.29013362265073,87.43327947782471,85.92133380400728,86.01974487304688,1922700
2021-08-31,86.1897201538086,87.04858161487601,85.93028024174333,86.1897201538086,2547100
2021-09-01,86.10027091426889,86.44918045136865,85.16090170883528,86.25236511230469,1872300
2021-09-02,86.27919068265022,86.82492230484748,85.86765659183376,86.19866943359375,2193900
2021-09-03,86.03762549101577,86.49389432362541,85.43821764410997,86.09130859375,1405300
2021-09-07,85.64399620041462,85.79608355051055,84.21256496835662,84.32887268066406,1803500
2021-09-08,84.32887474884045,84.75829866853354,84.14100093077845,84.355712890625,2279800
2021-09-09,84.25729206552289,84.5167387820198,83.37159936132262,83.3984375,2095800
2021-09-10,83.44316591384987,83.89048642911254,82.62009780390318,83.30897521972656,1943200
2021-09-13,83.783144664298,84.40044241347549,83.1747884121674,84.09626770019531,2506700
2021-09-14,84.01577081058008,84.30205576395458,83.12112947808828,83.38056945800781,2455900
2021-09-15,83.47897338867188,83.83683125608104,82.86167556360144,83.47897338867188,2546200
2021-09-16,83.53264071075554,83.53264071075554,82.79008697076117,83.19267272949219,1482000
2021-09-17,82.90639082150715,83.16583756496637,82.45907026221263,82.85271453857422,4029700
2021-09-20,82.25330768620795,82.72746639307337,81.53759205189439,82.49485778808594,2250400
2021-09-21,82.65588324187635,83.43422338601161,82.33381192882516,82.36959838867188,1882100
2021-09-22,82.97795246747995,82.98690078860885,82.14593606729001,82.34275817871094,1894900
2021-09-23,82.54852535261034,82.73640597658982,81.84176494097846,81.92227935791016,2424600
2021-09-24,82.24435737485939,82.56642871995493,81.68073593372718,81.91333770751953,1690100
2021-09-27,81.82387180201484,82.56642553150843,81.09921471631876,81.12605285644531,2155000
2021-09-28,81.09922087846253,81.41234391301393,80.41034337687924,80.83082580566406,3803800
2021-09-29,80.27613459130444,82.29801820234914,80.27613459130444,81.5375747680664,2531300
2021-09-30,81.86860814509829,82.32487018707866,80.83082120330876,80.86660766601562,2472900
2021-10-01,81.14393907428926,81.98490383064619,80.23140822262683,81.35865783691406,2685800
2021-10-04,81.32286276069739,81.85964595925087,80.4461116367907,80.7950210571289,2831100
2021-10-05,81.36760747694187,82.0028086813225,80.94713188224736,81.64495086669922,2973300
2021-10-06,81.51059692336541,82.75551151861795,81.21503989003179,82.63907623291016,2269700
2021-10-07,82.9883948806027,83.58846039340443,81.56435136793506,81.62704467773438,3075200
2021-10-08,81.72555615164715,82.16440927964369,80.89262692247793,81.43895721435547,2023600
2021-10-11,81.56434240663312,82.78238957724543,81.56434240663312,81.68077087402344,1842000
2021-10-12,81.68972854638456,81.90467603613168,80.57915854412398,81.07174682617188,2356700
2021-10-13,80.9911390020427,81.43895023022318,80.15820984430474,81.3404312133789,1887800
2021-10-14,80.82991479082821,81.66284382598393,80.0238533321201,80.6149673461914,3635000
2021-10-15,81.08069853932942,82.63907967435311,80.498542585717,81.72554779052734,3179700
2021-10-18,81.49269374263363,81.54643574200173,80.55229416691401,80.91053771972656,2419400
2021-10-19,81.39417231715036,83.0510794488423,81.14339910434832,82.95256042480469,2674000
2021-10-20,83.23020254269984,84.67215537228535,83.13168351709653,84.6363296508789,2562100
2021-10-21,84.82439801508919,84.89604944814714,83.56157396446254,84.75274658203125,3149800
2021-10-22,84.98562731492676,86.41862209731413,84.79754739033763,85.63943481445312,2542800
2021-10-25,85.64837884386186,86.56191763774665,85.27221902664228,86.29322814941406,2235500
2021-10-26,86.34696956864474,86.78582268579525,86.10514766415339,86.20366668701172,1989700
2021-10-27,86.4454829891068,86.4454829891068,84.36763900724974,84.45720672607422,1739300
2021-10-28,84.68110129345256,85.8185387435072,84.564666007416,85.70211029052734,1315000
2021-10-29,85.88124233467096,85.9708032194739,84.78858177412546,84.9766616821289,2128200
2021-11-01,84.94081626375839,85.16472184037065,83.36452592420838,84.8154296875,1945400
2021-11-02,85.01247993304716,85.03039620826804,84.37658882384399,84.7437973022461,2053900
2021-11-03,84.61841753098786,85.5319494822636,84.01834525772684,85.2184829711914,2139700
2021-11-04,84.8333804116683,85.95290874937918,84.30495948307825,84.69903564453125,3018400
2021-11-05,84.95875763511982,86.58879044108303,84.71693571442765,85.83646392822266,2170200
2021-11-08,85.92603352304334,86.52609901877159,85.56778312021548,86.34697723388672,2074400
2021-11-09,85.98872061934915,86.30218713678234,84.84232487956056,85.48716735839844,2807900
2021-11-10,85.5319442138284,86.203661053204,85.2990804629222,85.72002410888672,1694000
2021-11-11,85.18264569814284,86.07826808434301,84.98560767988975,85.85436248779297,1566900
2021-11-12,85.9976819112747,86.37384860893442,85.35283935755457,86.13202667236328,1778900
2021-11-15,86.38277477381644,86.41860048855025,83.92877139552961,84.17059326171875,2304200
2021-11-16,84.27806218117595,85.15577509501966,84.03624715203631,84.08102416992188,2256200
2021-11-17,83.84819069950042,84.31391144732986,81.2329675010394,81.25984191894531,4601700
2021-11-18,81.06278985645801,82.20022736132455,80.48063389739184,81.25086975097656,2663500
2021-11-19,80.91948710573715,81.70763923601227,80.30151226083883,80.87471008300781,2581400
2021-11-22,81.15234863798642,83.14958282321383,81.03592018240434,82.44204711914062,2659900
2021-11-23,83.1943886178712,84.86024731766477,82.47788775426112,84.65425109863281,3257600
2021-11-24,84.57363852690251,85.89916292088098,84.1706111085413,85.65734100341797,2449600
2021-11-26,84.50197909410431,85.899154800665,84.24224775655814,84.71692657470703,1817400
2021-11-29,85.27222901013778,85.6394375649805,83.65115425109636,85.05728149414062,2134000
2021-11-30,84.32285332352558,84.77962267701545,82.79133978506093,83.23915100097656,6405100
2021-12-01,84.1526929937351,85.40656591568064,83.39141520175099,83.4093246459961,2961500
2021-12-02,83.8302787466085,86.76791994788496,83.61533122367715,85.97977447509766,2787000
2021-12-03,86.09617120569294,86.25738349669756,84.34075227756269,85.28115844726562,2605700
2021-12-06,86.3648845936831,86.99181765869962,85.94394089300434,86.68730926513672,2788400
2021-12-07,87.01868880789651,87.25154574726838,86.24845288090911,86.70521545410156,2876800
2021-12-08,86.82166820021796,87.12617664352516,84.97668076038009,85.19163513183594,2397200
2021-12-09,84.51092582679748,85.6035861914068,84.28702023841215,85.30802917480469,2584800
2021-12-10,85.76481062460262,85.89915536325566,84.85127186820779,85.13787078857422,2385800
2021-12-13,84.8244046482944,87.135112297183,84.75275320963337,86.59774017333984,3029800
2021-12-14,86.74998975050929,87.77099878152741,86.60668688079458,87.00076293945312,2939400
2021-12-15,87.7710217888499,92.40138935961328,87.5381579810516,91.18334197998048,5645000
2021-12-16,90.61910164140716,92.9387610670474,90.6011921946286,92.2670440673828,4065400
2021-12-17,92.43064232089604,92.9759614084928,90.64020202122356,91.76718139648438,5842000
2021-12-20,91.06734707660377,92.4033661928314,90.2312014167944,92.26703643798828,2560800
2021-12-21,92.73054036048404,93.70301562338425,91.4944961284216,91.99436950683594,3429400
2021-12-22,92.1125277287325,92.1125277287325,90.96736755646644,91.93984985351562,1629700
2021-12-23,92.24884323308495,92.89412987583523,91.8580350484314,92.0216293334961,2133300
2021-12-27,92.2125047188339,93.9211510540055,92.13979459375788,93.9029769897461,1306100
2021-12-28,93.88479056533568,94.58460635850734,93.8484355075839,93.93022918701172,1833600
2021-12-29,93.99385522697578,95.05721473630418,93.99385522697578,94.49372863769533,1785500
2021-12-30,94.73003517586382,95.12084341459564,93.57578452318243,93.65758514404295,1165200
2021-12-31,93.82116715088034,94.2392398970793,93.2758482406906,93.29402923583984,1347600
2022-01-03,93.1577054192038,93.45762945203494,92.08525545994397,92.70327758789062,2088700
2022-01-04,92.92141229843728,93.266781929981,92.2306869033884,92.84870910644533,2773000
2022-01-05,93.06683150200924,94.56644489750536,92.9123276864904,93.51216888427734,2731700
2022-01-06,95.03141916234148,95.89567614123092,94.6402307687053,95.75011444091795,3669700
2022-01-07,96.04123975333702,99.4254732491506,95.6500513236432,99.32540130615234,4861000
2022-01-10,99.78027175645694,100.69001164958992,98.81594969078064,100.0713882446289,5015000
2022-01-11,100.40799419291778,100.8992545665805,97.778846465164,99.0888671875,4137600
2022-01-12,98.55211974478172,100.4807637872073,98.55211974478172,99.93492126464844,3486900
2022-01-13,100.08047530732388,100.8355540509967,99.12524576043292,99.3981704711914,2662600
2022-01-14,99.17985037826892,100.01681644170796,98.7431790711197,99.84396362304688,2993600
2022-01-18,99.65290156167347,100.05318930691612,98.2700931367066,99.95311737060548,3228400
2022-01-19,99.68020377518498,99.93492984486512,97.80614174188274,97.9153060913086,2578400
2022-01-20,98.11546495459108,99.07069480238454,97.25121466621866,97.49684143066406,2507000
2022-01-21,98.1427480401037,98.9433236767998,97.86073086304866,98.27011108398438,4086800
2022-01-24,98.59760936746368,101.09939413062922,97.214807752305,99.96221923828124,5949500
2022-01-25,99.75298553185642,100.4534822297726,97.97898848932888,99.43457794189452,3371300
2022-01-26,101.75440970345444,101.75440970345444,95.77741864561912,97.9153060913086,4566700
2022-01-27,98.3974689549921,100.10777743423886,97.30577693228535,97.92440032958984,3107700
2022-01-28,98.2064177885894,98.91602072898088,97.2057053034548,98.90692138671876,3020700
2022-01-31,98.12454600316826,98.97060438636674,97.260295875937,98.8523406982422,2589100
2022-02-01,98.47934262002164,98.47934262002164,97.01466084888764,98.34288024902344,2646300
2022-02-02,98.06087249119028,99.87125309346686,97.98809162758992,99.59833526611328,2330800
2022-02-03,99.7984619140625,100.53535593550704,98.94331114783024,99.7984619140625,1974900
2022-02-04,99.60743093214836,100.20786266537682,98.69769092963158,99.225341796875,1895500
2022-02-07,99.46187539405764,99.83486518309064,98.37018323477608,99.25263214111328,2229200
2022-02-08,99.6347215633394,99.7984750406697,98.68859807294808,99.3436050415039,2552100
2022-02-09,99.16164071595988,99.7711647316416,98.45204476447802,98.6430892944336,1735600
2022-02-10,98.08817296771431,98.58853277689896,96.4961278631015,96.89641571044922,3173200
2022-02-11,96.7053441572375,97.80612848964148,95.99574127829284,96.61436462402344,2925800
2022-02-14,95.85020416118276,96.91459826437148,94.71302919433197,96.62348175048828,3541000
2022-02-15,97.078327529098,97.90619403009008,95.9684439276975,96.23226928710938,2224300
2022-02-16,96.14131352597904,98.24281048740676,95.85019703374331,96.50521087646484,2490400
2022-02-17,96.28685320500747,96.42331555763948,94.98593200677146,95.73191833496094,2347500
2022-02-18,95.65005397400785,97.2420988230303,95.51359159879584,96.80542755126952,5612000
2022-02-22,97.17841780888136,97.9698940365893,95.93207162195928,96.6598663330078,1991700
2022-02-23,97.02376527786936,97.12383722579692,95.08601477778552,95.17699432373048,1964900
2022-02-24,94.09439964633674,94.54017026108431,91.7108785713682,93.5940399169922,3184800
2022-02-25,93.37569911124096,97.62418261149966,93.37569911124096,97.5605010986328,2206200
2022-02-28,94.36731150467348,97.08743153434072,94.36731150467348,96.36873626708984,2841900
2022-03-01,95.731934365293,96.31416735597186,93.87606410471744,93.92154693603516,3738900
2022-03-02,93.93975583944486,95.81381804824515,93.93065649588564,95.44992065429688,2181600
2022-03-03,95.83200162942694,96.6780600484447,95.3316488285494,95.59547424316406,1797500
2022-03-04,94.6311489184173,97.5696120845507,94.0125254592716,97.51502990722656,2018300
2022-03-07,96.57799469929228,98.87053627842532,95.72283694051522,96.9054946899414,3138400
2022-03-08,96.82361124587028,98.98878956185656,94.38550820215042,94.39460754394533,3411000
2022-03-09,95.00414958510363,96.07764307524808,93.0664058611907,94.70393371582033,2447800
2022-03-10,94.46737979699677,95.71372585197123,94.13078050490267,95.22246551513672,1943700
2022-03-11,95.07691557937711,97.1147309409536,95.04962449385044,96.01394653320312,1652600
2022-03-14,97.22389587018108,98.13363567902832,95.9047689828942,96.16859436035156,2019700
2022-03-15,97.01467476852768,97.8334421712289,95.92298952543642,97.62419891357422,1776300
2022-03-16,97.70606577207752,98.20641854813236,94.62204809399132,96.5597915649414,2716200
2022-03-17,96.6325672712446,100.01680059903188,96.39603296855942,99.63470458984376,2261800
2022-03-18,101.0539266208594,101.46330686786769,99.29812804323512,101.18128967285156,3946700
2022-03-21,101.69069869293502,103.29184244753203,100.89922962608595,102.05459594726562,1977900
2022-03-22,102.68234727986986,103.30097070316548,101.72711758746354,103.1190185546875,2316100
2022-03-23,103.20090549852569,104.2743989519975,102.58228203481708,103.71035766601562,1935200
2022-03-24,103.96506875794924,104.61098321738002,103.26457212866252,103.8013153076172,2185300
2022-03-25,103.89229226095836,106.20303240553706,103.83771008881357,106.13935089111328,1965300
2022-03-28,106.43956221060536,106.63970608767752,105.4752401928188,106.33039093017578,1836000
2022-03-29,106.50325880541324,106.73069379961125,104.50183363277684,105.70269012451172,1628700
2022-03-30,105.89372634941994,106.61242170739246,105.09315079078488,106.59422302246094,1650300
2022-03-31,106.45775892648552,106.96721798485724,103.67395708275414,103.70124816894533,3354100
2022-04-01,103.83770858909688,104.92030125942996,103.18269476976135,104.79293823242188,1735100
2022-04-04,104.62008255927742,105.5935039193723,103.63756185728514,103.8013153076172,2307000
2022-04-05,103.9104868397212,105.44794940818603,103.5374901694311,103.91958618164062,1946600
2022-04-06,104.01973507024098,106.4872892726106,103.88315314382444,106.4144515991211,2850300
2022-04-07,106.53282184326378,109.34637764976668,105.27628336854096,108.83647918701172,5093500
2022-04-08,108.90022738945834,109.41923321864076,107.416054531548,107.90774536132812,3216000
2022-04-11,107.98058221365102,108.43585072511124,107.04273019153833,107.83489990234376,2851900
2022-04-12,106.87881279381509,107.34318853174376,104.69352991452809,104.98490142822266,2417300
2022-04-13,104.72086577191556,105.26718660058022,103.2275855983706,103.71927642822266,2208500
2022-04-14,102.23508899375643,103.14562595586236,100.95123548954687,102.0802993774414,3918300
2022-04-18,99.78575393720207,100.86018795520364,99.1574880842034,99.83128356933594,2221600
2022-04-19,99.75841948971008,101.47933365682673,99.14836144038205,101.2061767578125,2639100
2022-04-20,101.6523479728638,103.0454684418842,101.41560641275736,102.9271011352539,2147600
2022-04-21,103.42788792024444,105.81349720944756,102.80872946857866,102.90888214111328,2825000
2022-04-22,102.49914995021928,102.62662457464336,98.54742269938136,98.64757537841795,2263700
2022-04-25,98.51100742886584,100.96945472920906,97.4365734127266,100.66897583007812,2662100
2022-04-26,99.71290827493134,101.06960645246468,98.71131896972656,98.71131896972656,2502400
2022-04-27,99.0937492266572,99.52170275341426,97.15430085619188,97.3819351196289,3365400
2022-04-28,98.05573409765093,100.72360784931764,96.83561087611602,100.54149627685548,2696400
2022-04-29,99.84949461248796,99.89501729613926,97.62778202365432,97.75525665283205,2771100
2022-05-02,98.48368532600352,100.5961308896637,97.70972331796466,100.45954895019533,4227700
2022-05-03,100.65987268815044,103.12742723629736,100.48686842732344,102.1895751953125,3121800
2022-05-04,102.5173628711939,105.5403525386819,101.87088240091607,105.4766082763672,2960100
2022-05-05,104.69354971435256,105.31271516640682,101.57950782343036,102.3534698486328,2202900
2022-05-06,101.98013834254505,102.84514566581944,98.62025477594736,99.66737365722656,3653200
2022-05-09,99.70379964894262,100.3229650753213,98.21051955241388,99.0208969116211,2743700
2022-05-10,100.31385336861916,101.01497070514128,97.90092907968544,98.58383178710938,3449600
2022-05-11,98.12856050178792,100.28653549623496,97.77345165985736,98.21961975097656,2404400
2022-05-12,98.34709649505052,99.2758411140327,97.38192261812704,99.06642150878906,3275900
2022-05-13,99.75843527813694,99.90412453814506,97.51851500685912,98.17410278320312,2253000
2022-05-16,98.7841636208777,100.96034663691287,98.62937398803588,99.9314422607422,4149900
2022-05-17,100.11354382540908,101.40651168962242,97.71883393365064,101.24261474609376,2947200
2022-05-18,101.1515517992748,103.25489698904948,99.9496432394804,101.88909149169922,3544900
2022-05-19,100.87839747577586,101.39740330031222,98.9116341742615,100.54149627685548,3130400
2022-05-20,100.8601742300634,101.397394639382,98.89341804338709,101.06049346923828,3812900
2022-05-23,102.39898352335042,103.6191066363178,101.38828696336805,102.83604431152344,2087600
2022-05-24,102.83604982035658,104.76638379217592,101.57950432882564,104.46591186523438,2698800
2022-05-25,104.24737963314892,106.31430252227048,103.61911382430264,105.27629089355467,4408200
2022-05-26,105.93187163122376,107.06094251706396,105.1306015691708,106.35982513427734,3339700
2022-05-27,106.55104521106983,109.61045033167326,106.16862130770606,109.57402801513672,3107900
2022-05-31,108.69991302490234,109.70150936038549,107.59816400271744,108.69991302490234,8747200
2022-06-01,108.39942810765812,108.68169234289482,106.7058288025464,107.8713150024414,2979400
2022-06-02,108.69991302490234,109.03681424200543,107.379637050815,108.69991302490234,2131500
2022-06-03,107.898627695413,109.05500655587414,107.65278577752916,108.4540557861328,1575400
2022-06-06,109.51027538674236,109.76523156685144,108.9548542410444,109.3281707763672,1992300
2022-06-07,108.62706989197558,110.50277394101556,108.28106137639612,110.34798431396484,3117500
2022-06-08,110.04750725642002,110.12035188689376,108.15358854518055,108.92754364013672,2159700
2022-06-09,108.76363359180156,109.18248669314151,105.13970049790152,105.20343780517578,2344600
2022-06-10,103.6191228910485,104.54786765969573,102.71768617656684,103.4005889892578,2020300
2022-06-13,101.72520797633784,104.65713860900048,101.47025869468835,103.38238525390624,2852700
2022-06-14,103.81942806110854,104.3657558310976,101.6887747667974,102.3534698486328,2595200
2022-06-15,102.93619864414435,104.11078512416582,101.1242252233786,102.49913787841795,2280000
2022-06-16,101.08782118556218,101.97104324386817,100.01338717857855,100.35028839111328,2304800
2022-06-17,100.3775882357771,101.1424428618518,99.12104978553808,99.7584228515625,4699600
2022-06-21,101.00584151859368,102.41717625372829,100.52325815467556,102.14401245117188,2918200
2022-06-22,101.4065130040207,103.18205745955667,101.1515567965688,101.84356689453124,2464000
2022-06-23,102.43541917388151,102.87248001896918,98.92074556914552,99.9314422607422,3162000
2022-06-24,101.41560604613606,105.95919056527872,100.71449563012128,105.6131820678711,10282200
2022-06-27,105.5676660036308,106.40535840813332,104.7026516527422,106.13219451904295,1938400
2022-06-28,106.75135428256988,107.77115820764976,104.95759530883858,105.09417724609376,3272300
2022-06-29,105.67692474898683,106.33251251755463,103.35505950662976,103.47342681884766,2177500
2022-06-30,102.9453106192682,105.98650780046896,102.2077778749652,105.86813354492188,3913800
2022-07-01,105.9773985980258,108.30837104496946,105.34912585852936,107.88042449951172,2895200
2022-07-05,106.97898776190894,107.33409662811836,104.52054069632888,106.6603012084961,2518100
2022-07-06,106.62385064131976,109.76788448168202,106.40513699703943,109.39424896240234,3466600
2022-07-07,110.1415270600187,111.3991392068208,109.42158740442068,109.92281341552734,3006900
2022-07-08,110.15063561537274,110.81589160575707,109.54004934188804,109.70408630371094,2802000
2022-07-11,109.25754835747333,110.2053167359746,109.1573031571562,109.6494140625,2338300
2022-07-12,108.76543078187947,108.96592117021832,106.16818473471936,106.6694107055664,2484200
2022-07-13,106.21377501775748,108.391817495817,105.922154471195,107.0066146850586,3411000
2022-07-14,104.64630668157304,105.1384176326618,101.27443689510156,102.3680191040039,4881100
2022-07-15,104.98348452253131,106.368687206901,103.65296546569049,105.7854461669922,7515800
2022-07-18,105.89480215396894,106.13174600507764,100.31755870183278,100.5089340209961,3808500
2022-07-19,101.39289747715684,102.37711228267852,100.70029620804232,102.03081512451172,3118700
2022-07-20,102.51381865595846,102.75987759052182,100.5544900870229,101.46580505371094,2801600
2022-07-21,101.11949149181451,102.17662001929264,99.71606583608336,101.42022705078124,3277400
2022-07-22,101.68452145802236,102.31332403121252,100.92812839819908,101.32910919189452,1697900
2022-07-25,101.85766620679252,102.96036338555912,101.6936292420222,102.6505126953125,2247800
2022-07-26,102.65051084836408,103.33399703047913,102.02170133592831,102.60494232177734,1925900
2022-07-27,102.70519408956778,103.57094748064344,101.9579160940858,103.08795166015624,1464000
2022-07-28,103.8716740242033,104.54604509474424,101.71185523600305,104.06304931640624,2078900
2022-07-29,104.27265498390472,105.17486179104384,104.19974811918578,104.85589599609376,2750300
2022-08-01,104.3455512432794,104.84677719630258,102.45912976528942,103.21552276611328,2294000
2022-08-02,102.8783361535734,104.83766453435068,102.39534038005688,103.1517333984375,3281300
2022-08-03,103.58006477673295,104.80122352217796,101.44758409135702,104.57339477539062,2378400
2022-08-04,104.655424443173,107.02484930380832,104.33646554355904,106.42337799072266,2628700
2022-08-05,106.15907441786248,107.89968927426744,105.74898547982232,107.7903289794922,1525700
2022-08-08,108.0728500865333,108.79278982132128,107.6536459914888,107.98171997070312,1574100
2022-08-09,108.70165421745769,109.57651580026592,108.46471036603612,109.04795837402344,1583800
2022-08-10,110.01395475697834,110.24178352115273,109.2119930573039,110.16887664794922,2189500
2022-08-11,110.5698469539696,111.31712495109076,109.59474021439956,109.7770004272461,2376700
2022-08-12,110.12327924844196,110.99814759199906,110.01392592008254,110.9708023071289,1619300
2022-08-15,110.20529256533185,111.34443599838424,109.65850510802264,111.18951416015624,1690000
2022-08-16,110.85235205223756,111.882135462156,110.67919998358224,111.62696838378906,1916200
2022-08-17,111.62696283791458,116.1288607770374,111.29888890980466,115.79167175292967,4099900
2022-08-18,115.84634672655407,117.176865578866,115.70964810791796,116.83968353271484,2241000
2022-08-19,116.73033422625832,116.8123492383706,115.82813432911529,116.1744384765625,2058700
2022-08-22,115.90105539536675,116.32937460739608,114.59787451639308,114.77102661132812,1584400
2022-08-23,114.52493577244482,114.8530096753594,113.31288535072044,113.36756896972656,1757400
2022-08-24,113.09417997415564,114.6069660759178,112.8025594784014,114.35179901123048,1567900
2022-08-25,114.80745562654236,115.28133632136702,114.26977621323373,115.21754455566406,1192200
2022-08-26,115.21753215929942,115.5091526215345,113.99636669365364,114.06016540527344,1827300
2022-08-29,113.8779100003649,115.04439196945336,112.9757101887701,113.93258666992188,1591900
2022-08-30,113.6318671531634,114.06018630648012,112.87547405061608,113.22177124023438,1526100
2022-08-31,113.57717334897332,113.99637736814124,111.69986688209504,111.77277374267578,2103900
2022-09-01,111.77276834936836,113.17619406031493,111.49025601644512,112.72964477539062,2382600
2022-09-02,113.38579985962969,114.29711477305436,111.05283590615248,111.55406188964844,1826500
2022-09-06,111.61784362792967,112.9027939249747,111.1804094495605,111.61784362792967,2219800
2022-09-07,111.82744860503176,116.0559491114664,111.14396244188671,115.91925048828124,2448800
2022-09-08,115.6914502749076,117.77836966106528,114.70723524157054,117.76013946533205,1998700
2022-09-09,117.05840681850188,117.5596328404069,116.09241516113744,117.26800537109376,2544300
2022-09-12,117.25891462169028,118.25224476346,116.21090084492164,117.65078735351562,2445600
2022-09-13,116.4113782691671,117.34091652683888,115.2904646923506,115.47272491455078,3045000
2022-09-14,116.10153457478955,117.18599471730012,115.8554756266027,116.6847686767578,2941800
2022-09-15,116.775883611928,117.69630659882314,115.73698524547451,115.81900024414062,2071300
2022-09-16,115.44537193879262,115.75521566780314,113.58628870638668,113.81411743164062,4036900
2022-09-19,113.22176833766176,116.06507350717509,112.82990262794787,116.00128173828124,1858400
2022-09-20,114.83480074939683,115.23577460632536,112.54739823921378,114.00550079345705,2049400
2022-09-21,114.65253198636852,114.87125258104209,110.59718322753906,110.59718322753906,2768200
2022-09-22,110.9981681740738,112.52917763001902,109.85902444056642,111.56317901611328,2280000
2022-09-23,111.1439561100916,111.39001500836324,109.7952140518796,110.75209045410156,2004200
2022-09-26,109.98659711782904,110.43313947047486,107.96347693452218,108.3371124267578,2435300
2022-09-27,109.08439284559816,109.84990099175806,107.7994424273462,108.53760528564452,2118300
2022-09-28,108.99327689834702,109.40337283615337,107.55339747301991,108.49205780029295,4193500
2022-09-29,108.3097756183319,108.63784954201924,106.76965814895732,107.89057159423828,2303500
2022-09-30,107.772098410005,108.29154760749026,105.84010838373288,105.90390014648438,2814200
2022-10-03,106.99747889224804,109.9592521275216,106.06793386023588,109.81343841552734,2427900
2022-10-04,110.38758718147128,113.07597069408978,109.77700777948264,112.9483871459961,2425800
2022-10-05,112.07352051204128,112.64764645265085,111.25333563061216,111.49027252197266,2600600
2022-10-06,110.75149475672708,112.1378235043326,110.74237220434708,111.19840240478516,2750500
2022-10-07,111.21664802305806,111.97365287084436,110.19513786431152,111.2348861694336,2521800
2022-10-10,111.4081859750637,113.460321998908,111.11632690778904,112.8492431640625,2571100
2022-10-11,112.47529146118671,114.29028976063944,111.81860684108132,112.59385681152344,2629500
2022-10-12,112.79452598781042,113.61538187042422,110.69679090831929,110.72415161132812,2225900
2022-10-13,103.54622475623825,112.13783277255789,100.3631356424685,111.6544418334961,7584800
2022-10-14,112.8583578127705,112.95868501866192,105.47066958053308,105.6986846923828,3681700
2022-10-17,106.47393239506953,109.65702829825092,106.33712193920309,109.07330322265624,2644000
2022-10-18,110.8883066737568,111.19840387408716,108.8088100456371,109.68438720703124,2615700
2022-10-19,109.6752629339958,111.83684858377272,109.54757503486655,110.54171752929688,2001400
2022-10-20,108.42575462858882,109.92153335942103,107.6322664111963,108.4075164794922,2502000
2022-10-21,109.07330736303167,111.72740664879476,108.23421340762026,111.68180084228516,2985100
2022-10-24,112.79452684038772,114.70985260865078,111.36259205152056,112.42058563232422,2607800
2022-10-25,111.12544387890776,111.791251081063,109.69350922509132,111.3717041015625,2473200
2022-10-26,112.11959075927734,113.49680397931722,111.3169800728902,112.11959075927734,1893100
2022-10-27,112.97693181169588,115.4212541255704,112.80363809739184,113.44207763671876,2173600
2022-10-28,114.33589629526352,118.47664453247762,114.17172513918906,118.2942352294922,2483400
2022-10-31,117.6831458700275,118.08445465081536,116.78933062359592,117.1085433959961,2062900
2022-11-01,117.53723195254474,118.4857826641821,116.69813796421246,117.6740493774414,2443300
2022-11-02,117.3821673883627,118.85058514765493,116.22385377473432,116.49747467041016,2151700
2022-11-03,115.99584725109244,117.3639309551422,115.32092447262116,116.12353515625,1786900
2022-11-04,117.5645896026286,117.89293193014387,113.8616263026686,115.48509979248048,2818800
2022-11-07,115.48509950383814,116.34243161601262,114.91049695288795,116.10530090332033,2555800
2022-11-08,116.07795259453216,118.63173208446578,115.849937438454,117.74703216552734,1903100
2022-11-09,117.74701634363907,118.7502745454088,116.27859142066292,116.47012329101562,1762100
2022-11-10,119.12423011488193,119.434327364739,116.8167180149896,118.33074188232422,2488500
2022-11-11,118.49490073772633,119.4799277664442,114.1261300248377,115.12940216064452,3761100
2022-11-14,115.56718092453993,115.94112905602977,112.1104709200128,112.16519927978516,3874000
2022-11-15,112.84011475946912,113.33262821466724,111.23488649346808,112.23815155029295,4372000
2022-11-16,112.01926913944229,115.23884155682131,109.68439651100248,114.83753967285156,4295900
2022-11-17,114.4179986329546,117.31835855612437,114.2720725564478,116.76200103759766,2014400
2022-11-18,118.19390529870864,118.52224760328302,116.09617052889304,117.07207489013672,3370300
2022-11-21,117.20890308840312,118.69556632480246,116.54310274491682,118.39458465576172,1525500
2022-11-22,118.96917486462404,119.92684118120567,118.28512948377129,118.6499481201172,1546000
2022-11-23,118.56786907960948,119.8173875541817,118.43106556667792,119.56201171875,1371700
2022-11-25,119.93595834862266,121.24019821175068,119.18806204228756,119.99980926513672,1029900
2022-11-28,119.74440441107345,120.83888803027666,118.52224680882546,118.58609771728516,1992800
2022-11-29,117.4186611752908,120.0909914732875,116.37890591511594,119.58935546875,1751300
2022-11-30,119.18806324403825,120.94834730173466,117.7652510455748,120.52879333496094,4446500
2022-12-01,122.17962297275557,122.67212948814004,117.6831577554532,119.71704864501952,2325600
2022-12-02,119.24279489169292,121.1125077848917,118.56786511096333,120.8571319580078,1253200
2022-12-05,120.1548476775145,120.44669978223992,118.81411771399168,119.71704864501952,1198800
2022-12-06,119.71705183666772,120.08188437347329,118.78676018092467,119.45256042480467,1578100
2022-12-07,119.5893638937364,120.7112082875363,118.6043369200512,119.00564575195312,1783300
2022-12-08,119.01477110615517,120.76592547033545,118.95092019561102,119.64408111572266,1240200
2022-12-09,119.5893488466206,120.32811550469592,117.892916035992,118.00237274169922,1313900
2022-12-12,118.11182138668264,118.79586668428892,117.56457958182276,118.51313018798828,2568200
2022-12-13,119.644076962253,119.644076962253,116.88053505505286,116.99910736083984,2566300
2022-12-14,115.97761277076336,117.35481907114335,115.15675695560596,115.44861602783205,3429600
2022-12-15,114.29030689583638,117.34571534794092,113.84339916844344,116.43365478515624,3067500
2022-12-16,115.89552762328384,116.26035321550224,114.33590500105792,115.33004760742188,6129700
2022-12-19,115.42125469096143,117.18152470922394,114.57303817971834,115.89552307128906,2342200
2022-12-20,116.36066974200976,117.8929245633762,115.92287767985592,116.00496673583984,1743800
2022-12-21,116.56133094568672,118.239518871808,116.54308583952891,117.76524353027344,1744600
2022-12-22,117.7834839893498,117.92028748779,115.21147384164088,117.29097747802734,2248600
2022-12-23,117.36394634345262,118.18480919875498,116.4336545911589,118.05712127685548,1277700
2022-12-27,118.43105591058156,119.2883810499506,117.82909266888444,118.72290802001952,1625000
2022-12-28,119.28836681819357,120.41932666006406,118.28510878533066,118.31246948242188,1337800
2022-12-29,118.75025573715524,119.57111840888778,118.33071576628146,119.07859802246094,898000
2022-12-30,118.60434296647206,119.4252057781929,117.13592498411948,118.30337524414062,1591300
2023-01-03,117.99325096832186,118.75939229076332,117.51898957459314,118.69554138183594,1502900
2023-01-04,118.8961891917635,120.04538023628588,118.34894740850332,119.69880676269533,1905000
2023-01-05,119.69880481879927,120.47465288310497,118.6947677858801,120.05477905273438,1624900
2023-01-06,121.51520630675596,123.07601121042524,121.09533243394068,122.86608123779295,2116300
2023-01-09,123.21291954620132,123.63277944575034,120.45639292711948,120.4928970336914,2752300
2023-01-10,120.28297258073196,121.47868059318272,120.11868320232648,121.414794921875,1500200
2023-01-11,121.39653439152218,121.76163117957456,119.9269968391544,120.71196746826172,2125700
2023-01-12,120.49291889265729,122.43709369960644,119.7627252083578,121.34178924560548,1795600
2023-01-13,121.21401095960935,122.47360488706832,120.64809271577164,121.9898452758789,1448500
2023-01-17,122.30929829887096,122.61050943613697,119.16029303116387,119.28807830810548,2293900
2023-01-18,118.5761468218808,119.3611176152401,116.85103837139448,117.04270935058594,1813200
2023-01-19,116.82363927325495,117.0153171988868,114.37745289830626,114.93423461914062,2305800
2023-01-20,115.50015536631388,117.10660801930038,114.84296987355684,116.49505615234376,2647000
2023-01-23,116.440286071609,116.91491614152964,115.66444484150898,116.02954864501952,2624500
2023-01-24,116.42201855489355,118.22927134842443,115.54576675731958,117.91893768310548,2447700
2023-01-25,117.28912234311562,123.67841305441374,117.28912234311562,123.65103149414062,3024500
2023-01-26,124.01613806067728,124.47251600473224,122.6196226660731,123.13990020751952,2724400
2023-01-27,123.16730222384436,123.80622866611525,122.3732089261328,123.28596496582033,2215300
2023-01-30,123.58712768554688,124.21693140543928,122.80215715355097,123.58712768554688,2689800
2023-01-31,123.8883816734729,124.4542999267578,123.31335480065096,124.4542999267578,3002900
2023-02-01,123.65103497073524,127.0373513435064,123.54150872656332,125.94204711914062,3088000
2023-02-02,125.5769729933298,125.5769729933298,120.04567382464931,123.1946792602539,3763400
2023-02-03,123.5962879628585,125.36703675476473,122.89346197350848,124.41776275634766,2197000
2023-02-06,124.8832768154488,126.45320424931748,124.80111819431885,125.65911102294922,1598400
2023-02-07,124.73724225201931,126.87308801703176,124.43603109117628,126.59925842285156,1975200
2023-02-08,125.92381531837522,127.68542759326404,125.78689357116266,126.29803466796876,1748200
2023-02-09,126.73616770172472,127.33857603652908,125.15708989941156,125.21185302734376,1976800
2023-02-10,125.43093214725508,127.1925585299533,125.12972098562634,126.62664031982422,1723100
2023-02-13,126.90958989679426,128.31524195599272,126.8730857844034,127.52114868164062,1973200
2023-02-14,128.02313386691523,128.89026308921132,126.48971068389564,127.11951446533205,1662000
2023-02-15,127.05559903105588,129.62044048874418,127.05559903105588,129.57481384277344,2416200
2023-02-16,129.60222813523478,131.1356515144078,129.1640952318558,130.10423278808594,2426700
2023-02-17,130.00383040736804,130.45108586132983,128.625573861153,129.17323303222656,3862500
2023-02-21,129.16409150321877,130.84357306258693,129.0819468090382,130.1407470703125,2638700
2023-02-22,130.52410956043573,131.21779911481045,129.57484943720974,130.05860900878906,1660000
2023-02-23,130.05861941276646,131.382112948951,129.24626705517298,129.93995666503906,1690500
2023-02-24,129.2827756365611,129.72089467226672,128.89029719213903,129.4379425048828,1764900
2023-02-27,129.70260235432136,130.43279583878996,128.72594698114523,129.328369140625,1807600
2023-02-28,129.84866727265745,131.78371951892711,129.57485160684013,130.99874877929688,3618600
2023-03-01,130.4328339445558,131.11740098190137,129.21888065457543,129.8212890625,2346500
2023-03-02,129.22800892387042,130.25942776262963,128.61646401473303,129.8395538330078,1425700
2023-03-03,131.20868874293365,132.98856034384897,130.6519069675137,132.8972930908203,2536300
2023-03-06,132.6508399638683,133.71876288350882,132.38613290685396,132.9337921142578,2349000
2023-03-07,133.2167403085523,133.57271460452787,131.85674273222205,132.1944580078125,2086500
2023-03-08,133.08895663198004,133.38104525147097,130.14075850769723,131.21780395507812,1495500
2023-03-09,131.6102972828678,132.1396974639985,128.80812951977896,129.66612243652344,2671500
2023-03-10,128.68037689414942,130.21381469211525,128.19661717830172,128.37916564941406,2623100
2023-03-13,126.32542331654788,129.06369128376397,125.99683060337992,127.35684204101562,3646200
2023-03-14,128.72598658904462,129.57485697087418,126.754430148233,129.46531677246094,3309700
2023-03-15,125.3213956793385,128.8172526658912,122.01720964432396,123.27681732177734,4091000
2023-03-16,126.5718837968834,131.0443969402767,125.41267967690044,130.40545654296875,4786000
2023-03-17,129.75737847732393,130.07683467690822,124.00701368176422,124.42688751220705,6382900
2023-03-20,124.69160285001288,127.64893742566956,124.34475109891837,126.9369888305664,2293300
2023-03-21,129.06371927109944,129.27366322194894,127.4298918244892,127.99579620361328,2451100
2023-03-22,127.88624954014718,128.44303128260117,124.70986241523109,124.7646255493164,2215900
2023-03-23,124.69158197009706,125.9420530753616,124.21694501032349,125.80514526367188,2445400
2023-03-24,124.76461579409492,128.26047283124038,123.9248819728234,128.17831420898438,3227300
2023-03-27,128.98157715254635,129.97647807378752,127.67634246409216,128.8081512451172,3181800
2023-03-28,128.82638806100607,130.60625956914248,128.77162492653295,130.38720703125,2021200
2023-03-29,130.98961029518443,132.10317374425793,130.61539091512643,131.87498474121094,2041400
2023-03-30,131.95712536961665,132.34960371610268,129.9946918545378,131.2451629638672,2122900
2023-03-31,131.60115495597512,132.20357726573403,129.9673278247154,130.57887268066406,2344500
2023-04-03,130.28678295721835,132.7877252245073,130.28678295721835,132.44088745117188,1968800
2023-04-04,132.05752540127656,132.76948786231097,130.04034253225618,131.6924285888672,1578800
2023-04-05,131.19916424494463,134.2590222431645,131.19916424494463,133.7475128173828,2225600
2023-04-06,133.78407885534563,135.04456004961258,133.73840662100673,134.53305053710938,1902900
2023-04-10,134.67007089245615,136.16802823381818,134.5878692307422,136.09495544433594,2108600
2023-04-11,135.3185850507444,136.88961536501984,134.3321371205818,135.7478790283203,2769200
2023-04-12,135.38250165106845,136.862187184877,134.9532077601374,135.3185577392578,2965100
2023-04-13,128.687377824581,129.38154845890205,124.17523385846847,126.239501953125,7196100
2023-04-14,126.0476812145389,126.95194133629968,123.380587023624,124.08390045166016,4298900
2023-04-17,125.07949717408124,126.50438184432356,124.2209092478556,126.42218017578124,2988700
2023-04-18,126.01113480491205,126.8697086365974,125.3991519964562,126.595703125,2143100
2023-04-19,127.19855353621465,128.61430934504193,126.7053295837177,126.87887573242188,2044100
2023-04-20,126.91540340463382,127.7922630090784,125.51791929849604,126.4039077758789,2235000
2023-04-21,125.85585682718032,126.40389577005686,124.21176787296926,125.15255737304688,2358500
2023-04-24,125.39915602709183,125.60010270019426,123.36230268123576,123.6728515625,2139700
2023-04-25,123.30751914278343,124.45838430405362,122.54940457484771,123.18877410888672,1982900
2023-04-26,122.3210815374164,123.17966962622128,121.67258300206012,122.24800872802734,1648800
2023-04-27,120.93270784681184,123.50847172586649,120.86877785896895,123.04264831542967,1918100
2023-04-28,122.67726318461249,124.66845827057138,122.34844261707838,124.58624267578124,2188000
2023-05-01,124.4766587945843,125.44484895899608,123.71854420954976,124.12043762207033,1774100
2023-05-02,123.30751205505008,123.84640820724924,114.53897925818973,117.19693756103516,6751900
2023-05-03,115.91821118769184,116.34749820055194,110.27346640915827,114.21930694580078,8019200
2023-05-04,113.41551880683248,115.7446637157389,112.09110744677544,115.17835998535156,4909900
2023-05-05,115.93647326019156,118.87758016950522,115.66245375570507,118.30215454101562,3124100
2023-05-08,118.83190544609027,123.31663450306296,118.11946319519812,122.476318359375,4254400
2023-05-09,122.366732624377,125.39917703494484,122.19318647424124,123.94689178466795,3595100
2023-05-10,123.3531875258602,124.04735815008765,121.42593617386558,122.74121856689452,2644600
2023-05-11,121.80956525479846,122.71382543903856,120.04671712663136,122.3393325805664,2037800
2023-05-12,123.32578850360905,123.78248301035318,121.60861269834372,121.8734893798828,2155900
2023-05-15,122.20232799649769,122.4032747240642,119.62657784610974,120.56736755371094,2204900
2023-05-16,120.39379721103572,120.76829003150507,118.16512590714234,118.52134704589844,2927900
2023-05-17,120.37553096078145,125.95633834457811,120.32072985037853,124.7689437866211,4312200
2023-05-18,125.1342962891132,125.44484521234544,122.84169485624857,124.32138061523438,3451200
2023-05-19,124.6776023771445,125.05209522372066,123.0334993385752,123.36231994628906,4874500
2023-05-22,123.94687980932646,124.91506988263434,123.15223586938689,123.88294982910156,2857100
2023-05-23,123.31665318952072,123.62721606526426,121.67256401507326,121.8004379272461,2989000
2023-05-24,121.3437452041296,121.69996638887228,119.599168711349,120.11066436767578,1928800
2023-05-25,119.69962340064328,120.21111897720178,117.65362715720012,117.7632293701172,2584300
2023-05-26,117.85459789738788,120.36641799569064,117.15128436744376,117.3613739013672,3149700
2023-05-30,117.3065287895926,117.3430721501342,115.51629436489006,116.97772216796876,4230100
2023-05-31,116.50276815210329,117.74497773268804,116.35662256916156,116.8315887451172,6673400
2023-06-01,117.16041647769188,117.36136318217962,115.2331650389855,117.21521759033205,2978900
2023-06-02,117.4435507360114,118.60355858391684,117.16040239659404,118.28386688232422,1726300
2023-06-05,118.42088813688132,119.20640329978524,117.81806193895927,117.8545913696289,1576200
2023-06-06,118.10119735780536,118.6126929542973,117.33395396306744,118.55789184570312,1514900
2023-06-07,118.60358146007292,119.81837671113172,117.37050058719048,119.50782775878906,1982100
2023-06-08,119.50780952281052,120.43034130257897,118.3660733099958,119.7270278930664,1534200
2023-06-09,119.5169561407182,120.7865662923357,119.48041277590627,119.56261444091795,1673100
2023-06-12,119.52608592100697,119.93710818639684,118.71317026289448,119.37081146240234,1833200
2023-06-13,119.1698696232123,121.12452161885965,119.11506851055474,120.27506256103516,1529500
2023-06-14,117.81805617503154,118.08293286175896,115.34276576762058,115.93647003173828,4474900
2023-06-15,116.61237409459024,117.47096200027848,115.9912692844636,117.24261474609376,2681600
2023-06-16,117.8819862652086,119.50781762753992,117.3978911931218,118.7314453125,3355900
2023-06-20,117.94592432875322,118.60356551424476,117.40701423424636,118.2656021118164,2151800
2023-06-21,118.13774082898114,119.38909335188762,117.0782061461678,119.2886199951172,2034300
2023-06-22,119.9644999609672,120.43946611189396,119.34340217200918,120.3481216430664,1598000
2023-06-23,120.43033662347858,121.93742279095504,119.94624160303054,121.2706527709961,3616700
2023-06-26,120.8779115643346,121.21587501259545,120.23854197429104,120.52169036865234,1641300
2023-06-27,121.06971834876197,122.08358072649229,120.53082216761794,121.16104888916016,1268500
2023-06-28,120.6312719098324,120.83220463426888,119.29771805866667,120.2841796875,1544400
2023-06-29,120.39380418608546,121.17931929875022,120.25680140832256,120.63129425048828,1959900
2023-06-30,120.97836911745712,121.4442064228623,120.01930788909296,120.9052963256836,2421100
2023-07-03,120.61303060760235,121.59949248488236,119.72704208644934,121.10625457763672,1131800
2023-07-05,119.78183809360809,120.80482935803516,119.25207077818384,120.04671478271484,1864400
2023-07-06,119.45254953988972,120.52204062323808,119.2697354389814,120.35749816894533,1834600
2023-07-07,119.83648413039263,120.2386695962396,118.43793595420142,119.98272705078124,1682700
2023-07-10,120.06500588062636,120.64086963698962,118.8492718094686,119.81819915771484,1737000
2023-07-11,120.09243923939712,121.34473067838636,120.07415364200207,120.81455993652344,1973900
2023-07-12,121.48182521220852,122.54216658615664,120.19297665968853,120.75970458984376,2624000
2023-07-13,111.97535881020262,114.25142741618002,104.7175251585263,104.91862487792967,15043100
2023-07-14,104.38844559254206,107.29523453923142,101.83815601166728,106.75592803955078,10076700
2023-07-17,107.85285117817152,112.12163200272146,107.67917982843404,111.47262573242188,6039000
2023-07-18,110.80531131716884,111.74681712682892,109.35191350479136,109.51644897460938,4844400
2023-07-19,109.214820643259,109.92780544732182,107.532901513498,108.06307220458984,2946800
2023-07-20,108.84919112072772,113.40132832590152,108.54754154207198,113.30992126464844,3542100
2023-07-21,113.51102311709126,114.06861526729976,111.60972552208231,113.7029800415039,3288600
2023-07-24,113.62985101946391,115.44888434065406,113.62985101946391,114.47994995117188,2699600
2023-07-25,112.788893269447,113.0631214269362,111.39948780715052,112.93515014648438,3679500
2023-07-26,113.75781897453528,116.21670863523826,113.18194822109058,115.38489532470705,2811000
2023-07-27,115.64085107735168,115.75967957129782,113.81268177651133,114.5439453125,2301200
2023-07-28,115.54943557358168,115.54943557358168,113.55673090214908,114.28799438476562,1876100
2023-07-31,114.1051659070799,116.00646327580652,114.1051659070799,115.15636444091795,2898200
2023-08-01,115.55856409467276,116.9479764794809,114.3611155973526,116.47264862060548,2729300
2023-08-02,116.58235008177483,118.83099734857848,113.76696785546964,114.5896453857422,3446000
2023-08-03,114.76331116192016,118.7944271332294,114.00461935716548,117.77979278564452,3886200
2023-08-04,117.6152639867328,117.6152639867328,115.48544519176208,115.66826629638672,2187400
2023-08-07,116.50007559310887,117.30447447757172,115.17465575689975,116.6920394897461,1473000
2023-08-08,116.30811924044792,116.4635189181974,115.18379911984384,115.63169860839844,1778600
2023-08-09,115.57685576561148,116.76516152743764,115.43974168473218,115.63169860839844,1617600
2023-08-10,115.89677626242856,117.07594612129472,114.95527032968332,115.30261993408205,1871100
2023-08-11,115.48542545625708,117.21304449972982,115.48542545625708,116.85655212402344,1188700
2023-08-14,116.83827864061172,117.31359950448147,114.76330992735028,115.1015167236328,2230700
2023-08-15,114.6444812302558,115.61341558404682,113.40132569905764,114.3062744140625,2866600
2023-08-16,121.59153439758244,125.43982265785908,120.20212193447014,124.44347381591795,6249900
2023-08-17,124.79080155936656,125.4855006563538,123.31912517210344,123.59335327148438,2207200
2023-08-18,122.85294539541492,123.785315446594,122.2587960777174,122.42332458496094,2549200
2023-08-21,122.54217578456236,123.1820321969322,120.7688494789776,120.82369232177734,2016700
2023-08-22,120.8694089445132,121.15277295337754,118.57506150219494,119.31546783447266,2181800
2023-08-23,119.17833365924466,119.3794333517164,118.2002566142392,119.18746948242188,2855400
2023-08-24,119.09606477375851,121.54581851554296,119.09606477375851,120.56774139404295,1519100
2023-08-25,120.54032488852718,122.2496724779073,120.28438233089804,121.1893310546875,1447300
2023-08-28,121.20760811585907,121.47268647908614,119.49826064684756,120.27523803710938,1037000
2023-08-29,120.52205181793296,120.98822991072336,119.07779657531051,120.88768005371094,1485400
2023-08-30,121.07964217000736,122.8163971862476,120.54032170057354,122.5147476196289,1408300
2023-08-31,122.85293755967548,122.90779433974636,121.74690324844669,122.00284576416016,2879600
2023-09-01,122.82552983141194,124.2149421771384,121.95715234576636,123.84016418457033,1357800
2023-09-05,124.04126627949276,124.16923755407556,121.71949774125548,122.04856872558594,2286000
2023-09-06,122.24053062808792,123.55681469424373,122.03943089865722,123.25516510009766,1641500
2023-09-07,124.04127175625288,126.48187585287025,123.64822209118825,125.60436248779295,2188300
2023-09-08,125.55864827128056,126.05224776735751,124.03212882037364,124.09610748291016,1619400
2023-09-11,124.38861875004298,126.58241594121922,124.38861875004298,125.46723175048828,1549800
2023-09-12,125.79629475138394,128.16378402463948,125.79629475138394,126.73780059814452,2389000
2023-09-13,127.29540665526054,127.89870579267398,126.9114928263128,127.21314239501952,2302800
2023-09-14,127.97184607613978,128.1455243846093,126.39961942280698,127.57879638671876,2429300
2023-09-15,123.12719679272658,127.71590553778414,122.79812576822395,126.82010650634766,4508000
2023-09-18,126.98460572508075,128.8767671660439,126.50927792214269,128.48370361328125,1713000
2023-09-19,129.224130912689,130.39415804388346,128.3648891871316,130.22962951660156,1877300
2023-09-20,130.50385353451284,131.60075219171537,130.26618262777313,130.43072509765625,1637100
2023-09-21,130.93349112532437,131.91155445421603,129.7543141084945,130.1656494140625,3993900
2023-09-22,130.2753076874841,131.3356349512103,129.9279511652621,130.95172119140625,1679700
2023-09-25,130.56782800486675,130.75064211722372,128.69395197060672,130.1839141845703,1889600
2023-09-26,130.25704229703803,130.65924171192265,128.58426597485317,128.6573944091797,1848600
2023-09-27,128.291750955917,128.629957720184,127.0851528544979,128.53854370117188,1979200
2023-09-28,129.00476066283173,129.6629026733197,128.06325466546048,128.34661865234375,1641500
2023-09-29,128.05409848604174,128.42887649089485,126.91149282331136,127.33197784423828,2434900
2023-10-02,126.95719078293028,127.5513401060374,125.76887818889402,127.0303192138672,1795700
2023-10-03,127.971826625997,130.11993072349082,126.60069991214702,127.42337036132812,2105700
2023-10-04,127.52402863572044,130.1950703137291,126.86541408959908,130.03956604003906,2161100
2023-10-05,130.16762530090483,131.4482569033852,129.64621631842792,130.35057067871094,1936100
2023-10-06,130.62495788623028,131.56713956895587,129.9023050101461,130.67984008789062,2207200
2023-10-09,130.37798905601394,131.1555242234232,129.8291390604503,131.04574584960938,1369200
2023-10-10,131.26529788803342,131.96965217513895,129.74682489011,130.1218719482422,2391400
2023-10-11,129.97549438988642,131.90559770160192,129.95720962669878,131.59458923339844,3099200
2023-10-12,132.06110165192652,132.26234570923384,130.68899069274073,131.08233642578125,2403700
2023-10-13,137.21111084085038,142.13242048284974,136.8818036165189,141.73907470703125,6481300
2023-10-16,142.73613711103422,144.6845393289374,141.62016626365033,143.6600341796875,4257800
2023-10-17,144.75771219739232,145.43462532348352,144.08079907130113,145.38888549804688,2720400
2023-10-18,146.35850774825968,147.2732484216863,144.9772543562061,145.60841369628906,2898100
2023-10-19,145.42547191605385,146.8158816819208,144.1173994207672,144.34608459472656,2587000
2023-10-20,144.89493317771846,145.105333605612,141.40977305820178,141.63845825195312,3051900
2023-10-23,141.78483446529864,141.78483446529864,140.21147905654055,140.39442443847656,1844200
2023-10-24,140.90665711093794,143.07460215087815,140.3944045310176,142.91909790039062,1683200
2023-10-25,144.36436782048483,144.52901442830114,142.74527305445534,143.09286499023438,2219000
2023-10-26,143.3215814440422,143.99849465897336,140.30294797874066,140.7420196533203,2754000
2023-10-27,139.9553411744064,140.23890858666928,138.62896981758885,140.01022338867188,2147600
2023-10-30,140.5316248379886,142.12326479806978,140.15657778341284,141.9586181640625,2253000
2023-10-31,141.90374887150588,144.9406811571976,141.51955939934328,144.6113739013672,2353300
2023-11-01,145.44376240953687,146.92563778644774,144.44669845736436,146.0017547607422,2264400
2023-11-02,145.1784857175722,146.98966818428093,143.5502346201399,145.23336791992188,2996800
2023-11-03,145.54440526190018,145.54440526190018,142.34281254954675,142.89166259765625,4047000
2023-11-06,143.89786584007982,144.98640957105954,143.48623529217087,144.7394256591797,2067300
2023-11-07,145.44375388721042,145.44375388721042,143.7972180327696,145.08700561523438,1874700
2023-11-08,144.66621880216417,145.5535182915619,143.97102097821525,145.08700561523438,1757100
2023-11-09,145.63587655469968,147.5293825919924,145.47121596659315,146.67868041992188,2274600
2023-11-10,147.24580700169224,147.9318625052879,146.41338964078238,146.7152557373047,2988100
2023-11-13,147.4470655401723,148.1697046001169,145.93773490939745,148.1148223876953,2908100
2023-11-14,147.26410108814272,147.64829048312367,145.60840880033038,145.92857360839844,3080400
2023-11-15,145.69987519301674,145.92856033287993,142.90991369511903,144.22714233398438,3421700
2023-11-16,144.67539726017944,146.4499965102894,144.67539726017944,146.3036346435547,2781300
2023-11-17,146.21214771609462,147.117746018914,144.08080024546044,144.1356964111328,2402500
2023-11-20,144.5290409169177,146.88907376632417,144.2363171722612,145.76394653320312,2019100
2023-11-21,146.46826155564622,148.96551346289647,146.42253569155426,148.01417541503906,1954600
2023-11-22,147.59340353180664,149.1118623418558,147.2732387340338,148.7459716796875,1518600
2023-11-24,149.23081644861895,150.10897377510258,149.23081644861895,149.76136779785156,680000
2023-11-27,149.8985797283901,150.45657220931844,149.10275964952953,150.39254760742188,1692900
2023-11-28,150.2735849765091,150.68521545583295,148.7185287447113,149.34054565429688,1656000
2023-11-29,148.90146287525232,149.79790468958058,148.19710875650657,149.1027069091797,1519900
2023-11-30,149.1484646938969,150.43825235093624,148.81000116452057,150.04490661621094,3561700
2023-12-01,150.16385172039045,150.7950250999385,148.40755107520792,148.60879516601562,2630000
2023-12-04,148.12394177817987,149.63327217467128,147.80379093613683,149.47776794433594,1569700
2023-12-05,149.47780575485956,150.33766438772608,148.7002704486706,149.5875701904297,1419200
2023-12-06,149.1484745883199,150.28274412833787,146.92564741938313,147.7214813232422,2146300
2023-12-07,148.5081783198667,149.06617078067114,147.88614730163746,147.92274475097656,2623000
2023-12-08,148.01417488325862,148.50814262574977,146.19385001451803,147.42874145507812,2614600
2023-12-11,148.98381304222036,150.35592408945493,148.4441193801886,149.48692321777344,2060600
2023-12-12,149.20336720169414,151.07858856734595,148.92894217977303,151.0511474609375,2204000
2023-12-13,151.21577862658935,151.4536201349081,146.6054917698297,146.8616180419922,2742700
2023-12-14,146.53229673373946,147.0994314306655,139.7906630800853,140.4584197998047,5633800
2023-12-15,138.7478717367981,143.00142464426622,136.42443634851992,140.33038330078125,6746500
2023-12-18,141.65675056535596,143.4039087164341,141.26340479182844,142.69955444335938,2346800
2023-12-19,142.1140915435891,144.38264418562423,141.55609925316313,144.2362823486328,2776000
2023-12-20,144.10825619869067,144.23631934945186,142.2787746404815,142.2970733642578,1716000
2023-12-21,141.7207751698559,143.2118070322678,141.21767893259857,143.1386260986328,1139200
2023-12-22,143.5411151473626,144.7028397945595,143.01972018399508,144.3094940185547,1006000
2023-12-26,144.31864712576038,144.43755392788643,143.36730896173808,143.96189880371094,1066700
2023-12-27,143.41304132092355,144.4832862313382,142.75442692100148,144.218017578125,1217600
2023-12-28,144.52903361964042,145.60842096843103,144.1722852975003,144.8400421142578,1139700
2023-12-29,144.95898280320603,146.19388852691583,144.6205331571121,145.69992065429688,1637500
2024-01-02,146.17555604656113,147.9135576673353,145.75476921364154,147.8495330810547,1912200
2024-01-03,148.42582235139406,151.2157843041682,148.29775921050455,149.25823974609375,2208600
2024-01-04,150.63946430517095,152.10305474140037,149.06612342929873,149.1027069091797,1937200
2024-01-05,150.30104010395274,150.53888161567625,147.78550321376153,148.83746337890625,1545000
2024-01-08,149.50523268461944,151.39873880781184,148.5081686018522,151.2706756591797,1994200
2024-01-09,151.80119402594082,152.60617018994313,150.16381455543606,152.45980834960938,1927800
2024-01-10,151.92012100160622,153.87766533346067,150.1729631002212,151.39871215820312,1582600
2024-01-11,151.84696766311953,153.9417178828073,150.91392817048927,153.6947479248047,2275600
2024-01-12,154.93876509684205,155.46931631225672,153.40199365256615,154.4996795654297,1649900
2024-01-16,155.35957146425653,155.35957146425653,153.69475049481315,154.19786071777344,2186300
2024-01-17,154.81074325687666,157.07015422598047,154.4905783829049,155.4053192138672,2373800
2024-01-18,153.96193117895717,156.5360869920182,153.45629117545974,156.2051239013672,2530200
2024-01-19,157.2071981952047,158.59539705900485,156.36140676547012,156.41656494140625,2722300
2024-01-22,156.9497848234389,158.0989602547094,156.4809262975679,156.54527282714844,2643200
2024-01-23,155.99365525034355,158.16329891779242,155.89254128432037,156.58204650878906,2932600
2024-01-24,166.95224004082374,167.64174541429406,162.27278624490785,163.97357177734375,4565900
2024-01-25,164.0195084576882,165.93173799032587,161.94179037429288,163.65176391601562,2887200
2024-01-26,163.8264474746152,165.48126290931242,162.97146768303358,164.9480438232422,2354300
2024-01-29,164.3320726905866,165.90415071914387,162.47500142380423,163.4219207763672,2000800
2024-01-30,162.15324061640433,165.3157733761294,161.34421669330652,165.2146453857422,1834700
2024-01-31,165.90413876260183,166.27186923161238,163.35756247924826,163.8723907470703,1978800
2024-02-01,162.5118111896496,165.15950208004554,162.14406660207956,164.2953338623047,2839200
2024-02-02,165.63758534806004,167.2280405730378,165.18710342809646,166.1156463623047,1791600
2024-02-05,165.92253686081386,167.90831531676466,165.92253686081386,167.48541259765625,1819200
2024-02-06,167.31994709744862,167.8899336370557,165.39852909365894,165.7294921875,1579600
2024-02-07,166.8143158430116,168.10140084350078,166.10641979414362,167.4762420654297,1586600
2024-02-08,167.5130093939716,169.41603660172692,167.21881375194974,168.2025146484375,1762400
2024-02-09,167.8347899789455,169.15864246883731,167.59576651250137,167.9818878173828,1968700
2024-02-12,167.98185722724236,168.34958772834852,166.9981563933533,167.65089416503906,1748900
2024-02-13,169.28731710921548,169.99521304643503,166.1431750626302,167.3934783935547,3251300
2024-02-14,169.3149331974503,173.0198741807071,167.53141043567956,172.7900390625,3434300
2024-02-15,172.58775454449517,174.53676556419316,172.00857968128184,173.97596740722656,1939700
2024-02-16,174.54595444889637,176.43979327156163,173.3691999565991,173.8380584716797,2113100
2024-02-20,174.33451896947565,176.46738133474128,173.75533004701896,174.1966094970703,2497900
2024-02-21,174.91371411151826,175.88822680071937,172.64294201098798,174.90452575683594,2253100
2024-02-22,175.34575971845842,176.79831897829612,173.98514009365582,176.22833251953125,1997700
2024-02-23,176.36624962909858,177.06495727402933,175.1527276599365,175.86981201171875,1826500
2024-02-26,176.65124783153718,178.0486491324404,175.89739601695868,177.96591186523438,2194200
2024-02-27,178.01190319674197,178.3060848583572,174.36212033680525,176.67884826660156,2502700
2024-02-28,177.18445950358367,177.79122749369228,176.03528408050846,176.54092407226562,2533600
2024-02-29,176.6236814085824,176.8443281649758,173.57147843259443,174.27017211914062,4203700
2024-03-01,173.93919457218803,174.8217674965398,171.86149039355558,172.67970275878906,3677500
2024-03-04,172.6153336318853,174.51837482992636,172.21083567415636,173.97596740722656,2931000
2024-03-05,174.20580313195427,175.48368562183245,174.12305184145765,174.49998474121094,2445800
2024-03-06,177.80041135286663,180.46650668382452,175.5940002075401,180.19989013671875,3431500
2024-03-07,180.19072428677688,181.0549065354928,178.22333632762374,180.3010406494141,2964900
2024-03-08,179.39087599413762,182.93032770798183,178.8024987673052,182.40631103515625,2803500
2024-03-11,182.2132618236256,182.26842000233975,179.6666850248263,180.87103271484375,2178200
2024-03-12,181.11006254768853,183.0131039485181,179.79541248193482,182.89358520507812,1515100
2024-03-13,183.52791558112187,183.74854828360827,181.81794199675105,183.62904357910156,2101400
2024-03-14,185.3666170286427,186.35030400286792,183.44518485165935,185.58724975585935,3537800
2024-03-15,183.4727664933252,189.2278322259045,183.4727664933252,188.35446166992188,5740500
2024-03-18,188.0694493422624,190.48730475926905,187.60977919852476,189.7610321044922,2289900
2024-03-19,190.79070081842173,191.1032731692308,187.71090504915824,188.91525268554688,2024900
2024-03-20,188.46476756603923,190.17474114019825,188.1705719271206,189.1266937255859,1729900
2024-03-21,188.0050991535481,190.48731526097373,187.12252625658635,188.98880004882812,3418700
2024-03-22,189.24623162377247,190.6711980565385,188.6854334048053,189.1083221435547,2557900
2024-03-25,189.22781943289917,190.2023179259883,188.15219294365815,189.40249633789065,3491700
2024-03-26,189.1910375117253,191.03892052534957,187.8212294184241,188.1429901123047,3546200
2024-03-27,188.61188041174708,189.65992790985476,187.7844656323855,189.5220184326172,3509100
2024-03-28,190.5148888371484,191.3974617085767,189.74264634216112,190.13796997070312,3163400
2024-04-01,190.4781135654,193.10742730948243,189.31054748987583,193.01548767089844,2324300
2024-04-02,193.0247037638043,193.714209018108,192.09616104340896,193.08905029296875,1919100
2024-04-03,193.4201906056954,194.76307322444913,192.78555530854308,193.8616943359375,2526800
2024-04-04,194.2571796567119,195.2137569752472,191.65420530980063,192.4544219970703,2581400
2024-04-05,193.37417004527236,195.0389663092185,192.49117681524223,194.0731964111328,3035900
2024-04-08,193.79729029010903,194.03644163684336,191.95773363992345,193.5121612548828,2793700
2024-04-09,193.6685007942852,194.11919717699027,187.80951799262877,188.37977600097656,2662100
2024-04-10,187.588779991685,190.47688326941275,186.90815303728797,189.61228942871097,2367300
2024-04-11,189.704252318184,190.47686263202428,185.87797166673496,186.03433227539065,3896400
2024-04-12,191.31389777134865,192.69356530335355,186.9541433177197,187.5428009033203,5368000
2024-04-15,191.0931372329291,192.0313150417909,188.6741298136343,190.0169982910156,3841900
2024-04-16,191.0011539871828,193.7236897366863,190.13656019014377,191.63580322265625,2916800
2024-04-17,192.3072549590544,193.18104156578855,190.9367801945868,192.3440399169922,3554600
2024-04-18,192.56476423675497,193.19941343939547,191.33226481885387,192.92347717285156,2116500
2024-04-19,193.98124118603033,197.91789125483123,193.65012043095817,197.4672088623047,4191500
2024-04-22,197.8075372482051,198.86529081186143,195.79322033934295,195.9127960205078,2732400
2024-04-23,196.5842238249231,197.95469862595164,195.32413197005985,196.85096740722656,2576100
2024-04-24,196.65779982939833,197.8443217184692,192.9602870631382,195.1769561767578,2633200
2024-04-25,195.12175284897697,195.2781134636708,192.30723371508307,193.2178192138672,1882500
2024-04-26,192.2428552344159,193.07066411578128,189.0144384907889,191.3414764404297,2628700
2024-04-29,191.31389833011244,191.3414905580568,188.77531511630244,190.0905914306641,2691600
2024-04-30,190.24693252321552,193.87086112446644,189.65827499636833,191.5438232421875,3578400
2024-05-01,192.38083730364468,196.5934237048857,191.75538074629495,194.80905151367188,2360600
2024-05-02,194.7630282232486,195.7103986191027,191.6081958250492,192.26123046875,2023100
2024-05-03,191.12992567811935,192.47279408139977,188.23261573157984,191.9761199951172,2150800
2024-05-06,192.4268132988884,198.24899725394053,192.2980449056505,198.22140502929688,2644700
2024-05-07,198.97560225304363,198.97560225304363,196.15187668984257,198.17539978027344,2706200
2024-05-08,199.09522682273703,200.30013420967165,198.55254693257024,198.58013916015625,1840000
2024-05-09,197.3384451703138,197.87191829037084,196.39107460521188,196.5750274658203,1923300
2024-05-10,197.1912784004145,198.7641055422622,196.584221325687,198.4513702392578,2128400
2024-05-13,199.13200716468415,200.189746623502,195.3701171875,195.3701171875,1549300
2024-05-14,195.0941703542129,197.1912636971745,194.54229777566405,196.52902221679688,1777000
2024-05-15,190.72522737590424,196.12432146408753,190.44009835065955,192.4636077880859,3641800
2024-05-16,193.1442390750454,194.45032250118172,189.1431980880605,190.40328979492188,3419000
2024-05-17,192.51879657735756,192.8591100622903,190.65164772349388,192.43601989746097,2005000
2024-05-20,192.23365793462577,192.70273979862404,190.30211795872216,190.37570190429688,2172500
2024-05-21,191.30468444521375,194.33074873103445,191.1207175663218,192.5831756591797,2669100
2024-05-22,192.59239040600607,193.03388008947175,189.7778708675183,189.7870635986328,1684000
2024-05-23,189.24439124203457,190.82641109111117,186.73340033291433,186.88055419921875,2469300
2024-05-24,187.13807406284783,188.49934183505627,186.6689782103812,187.55197143554688,1721200
2024-05-28,186.69659854512517,189.16161172864028,186.57703690771183,188.72010803222656,2876200
2024-05-29,188.0302661196424,188.59133142907308,185.59285930350248,186.8529510498047,3075800
2024-05-30,186.85296613365065,190.49529457384884,186.80698844392725,190.32972717285156,2589000
2024-05-31,190.80801548178576,194.39515945973525,190.5964703914671,194.23878479003903,4520600
2024-06-03,194.49631611509676,194.7630456339663,190.55045953892332,192.5831756591797,1827300
2024-06-04,192.12329673265472,195.3793057552745,191.8841453912777,194.9654083251953,2768600
2024-06-05,195.36091751809377,196.1887264606618,193.42939138817627,195.5540771484375,2126000
2024-06-06,196.3450764762428,197.2464552881121,194.56989704425703,196.08753967285156,1756300
2024-06-07,197.76153029845895,199.1320050392128,194.7630580464356,195.48048400878903,2113000
2024-06-10,194.76304008588693,195.4436810281721,192.50958623067655,193.4109649658203,2629000
2024-06-11,193.07065557267788,193.19021720142356,190.7068187366202,191.7645721435547,2298100
2024-06-12,190.45849865968995,191.31388573907745,185.1881589139109,186.19992065429688,3002100
2024-06-13,187.12888580090487,188.31540762595208,186.0711464066806,187.2668609619141,2520500
2024-06-14,189.29037542534567,192.15088647673983,187.07370637183544,187.56118774414065,2913800
2024-06-17,188.205015481832,191.5989993699419,188.205015481832,191.5346221923828,2489400
2024-06-18,192.32561811579177,194.8733935040175,191.47021713230123,193.84324645996097,2722100
2024-06-20,193.9536271584816,195.1953333591074,192.40840649830005,193.93524169921875,2545300
2024-06-21,192.30725582867004,193.4017942920912,190.09058667457373,192.4084320068359,3950700
2024-06-24,192.9786822603591,195.72882442105805,192.7579444512749,193.7788848876953,2927400
2024-06-25,194.0456168494976,195.48966139148163,191.12992150634184,191.5714111328125,2095200
2024-06-26,190.59647657048424,191.6910150856189,188.44419853476137,191.48866271972656,3213100
2024-06-27,192.1233032484398,194.4411345493728,191.10234873444423,194.39515686035156,1987600
2024-06-28,193.52134140267725,194.84582435024413,190.881582272406,191.04714965820312,4068200
2024-07-01,192.4820086763613,193.61333205508987,191.23110962758636,192.65676879882812,2264000
2024-07-02,191.36907434616933,194.27557719556052,190.83560123826564,194.18359375,2277700
2024-07-03,194.08235992646155,194.32161053846892,192.02107527986885,193.4934234619141,1284900
2024-07-05,193.59465281363364,193.76028461688549,191.39534160855257,193.4105987548828,1699400
2024-07-08,194.32160835043243,195.88596950039545,192.8400630989219,192.9781036376953,2706400
2024-07-09,193.2081670524005,195.75715011095116,192.5916112220825,192.77566528320312,2372200
2024-07-10,192.7848688099504,194.1559929795243,191.86465463901985,193.23577880859375,1988200
2024-07-11,191.671400397995,195.4350869679145,190.9444373928636,194.91976928710935,2546500
2024-07-12,195.4810814027981,197.33072079535904,193.97193078734009,196.28167724609375,2315700
2024-07-15,197.22030912954068,199.9073328410783,197.22030912954068,199.77850341796875,2415300
2024-07-16,204.76606544629735,205.9807408753317,191.745026235788,193.24497985839844,3735900
2024-07-17,197.66200186882293,203.7906314666029,197.5147642351658,203.6894073486328,4422800
2024-07-18,205.4929993453865,210.7290195896675,205.4929993453865,206.61566162109375,3522200
2024-07-19,206.58808112263503,206.85493705368455,201.26924434443407,201.84898376464844,3207500
2024-07-22,196.93502956732564,201.17721745484496,196.16205303405607,199.04232788085935,2945700
2024-07-23,199.0515313041326,199.18036073044524,197.5791970093243,198.6742401123047,3085000
2024-07-24,199.27238435080235,200.0821632845907,197.72641722019893,198.25094604492188,2312600
2024-07-25,198.75708211510585,199.8981388055433,195.168238093576,195.7939910888672,2288800
2024-07-26,196.08843515600012,199.0607370506487,196.08843515600012,198.47178649902344,1972300
2024-07-29,198.6374159158397,199.67726234064972,196.38289418219537,196.58534240722656,1793700
2024-07-30,197.017860459099,200.31221484879043,196.75099048522455,198.47178649902344,1595500
2024-07-31,197.6527813892692,198.4165607812058,195.70193198035108,197.03623962402344,2321900
2024-08-01,199.22637644867416,200.08216892405383,195.4350983970183,198.1037139892578,2207800
2024-08-02,199.2447678529203,201.9961991219724,197.39512846057065,199.6312561035156,1769800
2024-08-05,199.63125706441036,200.64348418997895,191.5241727666148,194.08236694335935,2820200
2024-08-06,196.18965986663588,199.9625436115411,195.33386742127163,196.9718475341797,2705000
2024-08-07,196.56694793099035,200.89195168905957,196.43811850981737,198.6558380126953,2082100
2024-08-08,197.83685566557105,202.18946489455064,197.83685566557105,200.93797302246097,2482600
2024-08-09,201.80296413374631,204.18631539142288,200.5330641246484,204.03907775878903,1730600
2024-08-12,206.854906129446,207.738317778593,203.83660522700097,205.1985321044922,2350100
2024-08-13,204.9040864872696,206.5512777061932,202.7507887105514,204.5912170410156,1649900
2024-08-14,208.88862132143953,216.01108421345455,208.44692244141393,215.6429901123047,2914900
2024-08-15,218.55085700103996,219.42505762077343,215.7994116832765,217.8791046142578,3898100
2024-08-16,218.2379926253778,219.0477715346059,215.38532312499456,217.06011962890625,2600500
2024-08-19,216.42516619934756,218.8545309714032,216.02026973044605,218.8085174560547,1366300
2024-08-20,219.89437724638103,220.07841726625583,218.22877785692785,219.7011260986328,1436800
2024-08-21,221.2562715126694,221.5875491369411,216.6367929857007,218.3852081298828,1814000
2024-08-22,218.6612858164385,221.2286912049059,218.0815604394893,221.05384826660156,1563100
2024-08-23,220.80538200732087,222.16729501480037,219.8851678593084,222.0016632080078,1544700
2024-08-26,223.03229244009964,225.45246007619136,222.46176417722148,223.1059112548828,2087100
2024-08-27,223.7132568170926,226.3082533518784,222.73783208978472,225.97698974609375,2883300
2024-08-28,226.33589584533553,228.5259961419362,225.7745646091938,228.4523773193359,2482100
2024-08-29,227.65177236185264,230.2651771131242,226.36347820033944,230.0627288818359,1982700
2024-08-30,229.7038789726944,234.0565025300859,228.94931058137783,232.0780334472656,2817600
2024-09-03,232.07799554490265,234.4981631454665,231.04736023577416,232.1884307861328,2449100
2024-09-04,233.54116081476784,234.2221243927447,231.27744169576528,233.6515960693359,1631400
2024-09-05,232.97063111698324,233.65159469094283,227.55976703977285,229.6302490234375,2328900
2024-09-06,230.1363624815816,231.92158024961824,228.25913171972752,228.8480682373047,2429400
2024-09-09,229.83269835495472,232.63015744475464,228.69164170950228,231.259033203125,2457100
2024-09-10,232.4276962769337,234.4061511219201,229.13332786998507,229.25296020507812,1997300
2024-09-11,229.09649844548147,229.9246854825418,225.72851161757868,229.6762237548828,2509600
2024-09-12,228.07510307419935,230.127176880488,226.85121646037385,229.57504272460935,2118200
2024-09-13,235.86010028400912,236.26499678021997,229.75907562075488,235.0779266357422,3078900
2024-09-16,236.78030633502505,239.6789753600915,235.1607344472997,235.8600921630859,2752600
2024-09-17,235.59321212877444,236.6606638925619,233.3387043534299,236.41221618652344,1736100
2024-09-18,236.485815405045,238.3814542271336,235.11470536608832,237.1023712158203,1710400
2024-09-19,236.3938151624211,236.59623530633692,232.58411528400504,234.9306640625,2699000
2024-09-20,234.8478571079905,238.80478072264856,233.91843183909376,238.55630493164065,4476700
2024-09-23,239.2556732069768,239.6145701964864,236.20976669084297,237.0471649169922,2629600
2024-09-24,236.42144797916225,236.6054739721514,233.74360720783952,236.07176208496097,1774800
2024-09-25,237.52568638989655,238.08703165863707,236.00733856634395,236.48583984375,2430800
2024-09-26,235.0687024909389,235.4551907500973,231.66391293433557,232.24365234375,2115200
2024-09-27,231.02897946653624,232.7037760841764,230.5596752699553,231.0657958984375,2011900
2024-09-30,232.71295273927072,233.679180392201,229.06889857550175,233.51353454589844,2233700
2024-10-01,231.35103616614896,235.73126438060925,231.10257442121747,233.98284912109375,1569300
2024-10-02,233.2835010410716,234.5257958502668,232.71297271990133,234.13009643554688,1476000
2024-10-03,233.86312833037343,234.67323973125332,230.34653520240727,232.2337188720703,1887100
2024-10-04,231.73661244355404,235.82398652886695,231.5156831745853,235.07830810546875,1951800
2024-10-07,234.60881268437996,235.5385894408705,223.87489253704484,226.01983642578125,2757500
2024-10-08,227.9806378919602,230.04273316270147,227.62161381838527,229.24183654785156,2008500
2024-10-09,228.532972168287,232.4914514341517,228.21997972669797,230.84361267089844,1920700
2024-10-10,234.5351505776156,235.55699049567608,231.09219129359295,231.7826232910156,1731400
2024-10-11,231.57089234352335,233.98279693450823,231.49724457893703,233.90914916992188,1643600
2024-10-14,234.4154641829807,234.4154641829807,230.5030163147525,231.8746795654297,2413600
2024-10-15,233.8263048902477,235.1243204264396,229.90465617219175,231.6169281005859,3897800
2024-10-16,232.08640606206595,235.66744598805636,231.3499424839784,235.0874786376953,2461000
2024-10-17,236.5972728512214,238.9723468319877,230.95413685367515,231.37759399414065,2866500
2024-10-18,232.1692726290295,232.85050395007764,230.02432878729232,231.175048828125,2089900
2024-10-21,231.2026665892532,232.6387770095504,229.61927467833308,230.8252410888672,2566900
2024-10-22,228.66186957866935,229.98750125167916,225.8909409058328,228.53298950195312,1633600
2024-10-23,228.29364278242727,229.54562667954465,226.78389873415708,227.61241149902344,1240900
2024-10-24,228.4869562443836,230.10717896498215,226.83913141491084,227.26258850097656,1273600
2024-10-25,226.76547070029315,226.986413980541,223.12919858331736,224.41799926757812,1594600
2024-10-28,225.3938184498617,226.1670988979621,224.2523132303443,224.90591430664065,1322600
2024-10-29,225.0440318985803,225.95539321644503,222.44800064276623,222.4848175048828,1472700
2024-10-30,223.23967843389315,224.08660666232663,222.19942306619092,223.6999664306641,1560000
2024-10-31,222.87145574158757,226.09347174914615,221.10393745619112,223.54347229003903,3362600
2024-11-01,224.02216706091156,226.33280767989385,223.28570347835512,223.44219970703125,3237900
2024-11-04,224.14185709195976,224.5561135131632,221.16840032559836,222.3007049560547,2209000
2024-11-05,221.16836849491645,228.4225113613623,220.4779365433194,228.3672790527344,2002700
2024-11-06,239.15645785339464,239.22087682509337,230.76079479721668,238.1990509033203,3712200
2024-11-07,237.3336790526085,239.6903511937215,233.07140798757857,234.99542236328125,2432700
2024-11-08,238.85262400191257,242.47050877427364,236.9470531695216,240.74900817871097,2603400
2024-11-11,241.74324225731405,242.8939621575357,238.7973880752476,239.2484893798828,2177600
2024-11-12,240.25192118607927,242.65461092699303,237.7479534820675,241.50389099121097,1617500
2024-11-13,242.70984343733855,242.70984343733855,240.1230272670588,240.6109313964844,1427800
2024-11-14,239.4233829379769,240.2703251810907,235.2163581117861,237.04830932617188,1885900
2024-11-15,239.42338547006713,240.19669400592488,232.9149206786736,235.4649200439453,3259900
2024-11-18,235.37286820216508,237.05753803803177,234.1024828564196,236.14614868164065,1658300
2024-11-19,234.36943939126297,236.70771028676305,232.6663822272176,234.29579162597656,1766600
2024-11-20,234.5995811446465,237.1587812646345,233.14506939963087,236.60643005371097,1638400
2024-11-21,238.79737561998363,242.580957063316,236.77212555747565,242.5165100097656,2280500
2024-11-22,243.23457989376516,245.03890089886983,242.32321868853984,244.92843627929688,2321100
2024-11-25,244.20120559127776,245.69256243329937,240.9331717586507,244.7627716064453,5405200
2024-11-26,244.12753997460405,246.86165168717525,242.69144373100593,246.73275756835935,2114800
2024-11-27,246.73275795630343,249.12626106397988,245.41634107989344,245.66488647460935,2862900
2024-11-29,246.79721220397371,248.7120259833848,246.0423331545184,247.52447509765625,1427300
2024-12-02,246.9905125601199,248.7120131603649,242.82951944030515,243.06887817382812,3095400
2024-12-03,244.13675788522585,245.16779847410777,241.28296676644604,241.75244140625,2844700
2024-12-04,241.19091132976345,242.04704026488437,238.88025658618443,239.6719665527344,1852900
2024-12-05,240.15068393162093,243.4003164573743,239.75484294911135,240.5373382568359,2972000
2024-12-06,240.30713877030837,241.56832324764477,232.7768206676075,234.341796875,3151300
2024-12-09,232.00354942904548,233.8078703826199,226.46167840646183,228.1739501953125,3364700
2024-12-10,228.84598185919037,229.5640300072523,225.5411174281261,227.63082885742188,2396200
2024-12-11,227.45591389897328,228.4133067336547,223.21205808655785,224.3719787597656,3615900
2024-12-12,225.8357208857123,227.3730811869581,222.16261742906772,223.47903442382812,3608900
2024-12-13,229.22342502847388,234.4522899894346,228.33966588388364,231.8010406494141,3285800
2024-12-16,233.5501144500747,233.9459694108212,229.91384227649792,230.37413024902344,2496400
2024-12-17,228.2476024732656,229.2326114318642,225.9001309997958,227.8701629638672,2481800
2024-12-18,227.98065546632048,228.30286270582505,220.9566696857548,221.19601440429688,2872400
2024-12-19,221.8956336302299,224.18787293506804,220.35827339051417,220.67127990722656,2722700
2024-12-20,219.06947722721603,224.03138142727607,218.08445414050985,220.91062927246097,5587400
2024-12-23,220.6528584876205,222.33751421354512,219.52975467033744,221.86801147460935,1847300
2024-12-24,222.10734756269,223.93008388068057,221.26041943466535,223.92088317871097,680200
2024-12-26,224.1510382592815,224.6573437832975,222.64129429591128,223.87486267089844,952300
2024-12-27,222.4479803987627,224.14183683949577,220.9750532043754,221.87722778320312,1410400
2024-12-30,219.70467886661623,222.3651430335672,218.360631681117,220.5700225830078,2257400
2024-12-31,220.49637516116633,221.37091958236337,219.69546446129337,220.5792236328125,1773800
2025-01-02,221.38933960118945,222.54926036878015,219.88879614279267,221.53662109375,3107200
2025-01-03,223.06476680315035,225.03479886794528,221.32487873679815,222.98191833496097,1461900
2025-01-06,223.48822987453144,224.26151031013904,220.23859785755903,220.560791015625,2129600
2025-01-07,220.83697904369652,224.0129634769711,219.96243464132743,223.0371551513672,2346300
2025-01-08,223.91169510759897,228.0635018309117,222.31910257096095,224.24310302734375,2601400
2025-01-10,222.5916883839327,226.66389900783835,220.23657341039163,221.0716552734375,3692300
2025-01-13,216.14559909995577,221.73784262485307,214.4378956253192,221.2311553955078,3023800
2025-01-14,220.94967521483696,225.03126368601397,218.7259209218854,224.965576171875,2256700
2025-01-15,226.04463924779336,227.94937684591827,223.71765746948017,227.5083770751953,3498000
2025-01-16,227.71479930890055,231.1489621957228,227.06737351514371,230.3889312744141,1897600
2025-01-17,230.56718401818196,231.599314055622,228.57800356483511,228.6436767578125,1967900
2025-01-21,228.9533276221924,231.69314694304407,224.9655743977356,226.1384429931641,3204800
2025-01-22,228.2777576730953,228.4654281050421,222.282053893837,224.4119873046875,3657400
2025-01-23,225.19078774559495,226.5982301690049,223.45493636315808,224.73101806640625,2590000
2025-01-24,223.90532457713775,225.12509653697128,221.44698211548217,224.08360290527344,2324200
2025-01-27,225.60363852855028,231.77762097546952,225.29399947909485,231.6744079589844,2251900
2025-01-28,231.46800249026623,231.46800249026623,228.03383925547223,229.92919921875,2724400
2025-01-29,223.70825762314,236.4503034727989,223.06083188239603,231.1958465576172,3564600
2025-01-30,232.1247613652218,234.28284237434,229.11282861015684,233.8418426513672,2374400
2025-01-31,234.76138212240815,235.75597242991057,231.22400632542363,231.2333984375,3047500
2025-02-03,232.24677181513732,235.2399350193666,230.3607897881273,233.5603790283203,2050300
2025-02-04,231.95589685666133,235.9811758225964,231.8620616363947,232.6971435546875,1775200
2025-02-05,234.3485360026068,234.93028859354283,232.002798683212,233.63543701171875,1508500
2025-02-06,235.31498165000636,237.060210810703,234.8927517905504,235.84043884277344,1589100
2025-02-07,236.06562158174745,237.71702984662224,234.22657150872095,235.13671875,1710700
2025-02-10,236.4503264668274,236.8913262369665,233.175671950043,234.28286743164065,1916500
2025-02-11,237.38862097327817,242.76506131401396,233.25073683163683,241.6766357421875,2794900
2025-02-12,240.541289834566,242.0332040666625,239.38720532321483,240.9447784423828,2164700
2025-02-13,241.8830645603379,246.13353956274665,241.09490023397288,245.95526123046875,2781100
2025-02-14,245.16710660256456,248.03828698879184,244.29447049734588,246.39627075195312,2852100
2025-02-18,246.8841636759907,250.01806538571725,245.87081772500608,247.64418029785156,2609600
2025-02-19,246.78093240354912,254.08086503563516,246.25548958950324,252.98304748535156,3223100
2025-02-20,251.9979021798999,252.6171803336285,247.6911314437115,251.1534423828125,1934100
2025-02-21,250.44970562575028,252.4857896723618,249.3518879132782,249.7647399902344,2567300
2025-02-24,250.03684955019497,258.51901531412534,250.03684955019497,255.8073577880859,3952100
2025-02-25,260.50824776043714,262.65692277786434,257.458788890852,261.33392333984375,3541100
2025-02-26,261.28699800265935,262.9571618818999,255.64783614413577,256.5579833984375,3386800
2025-02-27,257.6463852385194,262.6756606379255,257.10218681241486,261.5684509277344,2338900
2025-02-28,262.66626648251497,264.97446382997873,259.5699048855388,264.5991516113281,3509200
2025-03-03,264.955756330622,267.67680620281845,264.6742506396756,267.4891357421875,2871800
2025-03-04,268.2115965710853,269.75038528088766,264.32704203207646,265.7157287597656,3363000
2025-03-05,263.5763800934052,266.0347077422892,261.77484158493087,264.4677429199219,2485600
2025-03-06,263.6608813118401,264.1769320812525,259.1007815931369,263.8204040527344,2308800
2025-03-07,261.3807814376608,264.5334381261763,260.63952055032564,262.55364990234375,2885700
2025-03-10,261.9907033551855,269.14989803003795,260.2454599497076,261.493408203125,4159500
2025-03-11,260.6302127429655,261.8781612283604,256.64245867316544,259.8514404296875,3353700
2025-03-12,261.6810769295229,262.722570518094,256.4829151951869,260.4237365722656,2878900
2025-03-13,261.024247660612,263.81098452168385,259.0444306292275,262.1595764160156,3046600
2025-03-14,262.910235536229,266.73846602861903,260.4425154324527,266.18487548828125,2223400
2025-03-17,265.21844202221126,274.9110158186854,265.0120159971567,273.250244140625,3454600
2025-03-18,272.2369198839342,273.6443623572542,264.786855434401,265.8002014160156,3548600
2025-03-19,259.438523647856,261.20252253121095,250.89067138723047,256.4266052246094,6077100
2025-03-20,256.04193645915296,261.1650189869805,255.61969226809168,257.674560546875,3630400
2025-03-21,258.31257416789066,261.15560656567754,255.71350760681096,256.02313232421875,7280200
2025-03-24,258.48149072281325,258.97878587705486,255.71350929942864,257.0928039550781,2553300
2025-03-25,258.06862108082123,258.9130807108061,255.3475717688762,257.4962463378906,2911600
2025-03-26,259.20396645641927,260.2548521642449,255.07547461803816,255.722900390625,3463000
2025-03-27,256.7738094824789,258.1531042582324,254.2779413818539,257.72149658203125,3117300
2025-03-28,258.23751463785743,262.54428464453014,257.25231648055166,261.65289306640625,4346900
2025-03-31,261.73736954129254,267.14192860572206,261.6059945128804,265.5468444824219,4886800
2025-04-01,266.01599489666717,268.7464364777913,263.67962113620723,266.74786376953125,4740200
2025-04-02,265.55623639097445,266.7760370523741,259.1664498328084,263.876708984375,2710000
2025-04-03,261.2297877730081,272.08973022693124,260.2348435033074,269.386474609375,3831200
2025-04-04,259.15540195875184,264.27091142697157,240.81458827967455,241.8283233642578,7338600
2025-04-07,237.2853154359171,245.24488203723695,232.76111866169273,239.60372924804688,5910700
2025-04-08,247.79797780906344,253.66440720795225,241.1712614516526,244.400146484375,5763700
2025-04-09,241.45284247336713,256.10485167000996,240.11061028011875,253.53298950195312,6074600
2025-04-10,254.09619750652556,258.90197243761156,249.6752638254642,256.41461181640625,4346300
2025-04-11,255.62611071325568,259.6715977070941,252.02178030932097,258.7236022949219,3052600
2025-04-14,260.74165226131225,264.15824554145445,258.86439502209697,261.4643859863281,2486900
2025-04-15,261.9431260640472,264.69330136306183,258.80810954909396,259.1647644042969,2368900
2025-04-16,263.7358868641384,266.1012207363795,257.21240632648846,258.2449035644531,3069000
2025-04-17,255.79504830304936,257.59722776616826,248.73657174889797,249.15896606445312,3648800
2025-04-21,247.9669016784164,248.7084263078919,238.6087875240746,241.6123962402344,2775400
2025-04-22,244.26870170542577,249.53442313304976,242.8607587823256,248.81166076660156,3712300
2025-04-23,248.81167522465103,250.62325032759176,246.97197105207275,248.76475524902344,2001200
2025-04-24,248.53012154019248,249.6846452252791,246.1084719468193,248.9149627685547,1821600
2025-04-25,248.76473393939656,249.4029945055611,244.74740472196197,248.7459716796875,1826900
2025-04-28,252.10628917707447,253.7113362977495,249.7503218795662,253.0355224609375,2104200
2025-04-29,253.66439074296073,260.08460722301663,253.10120782828784,259.35247802734375,2690600
2025-04-30,260.3662071607478,265.2564542600092,257.18424238327844,264.44921875,3124900
2025-05-01,261.74596607571914,262.816016463621,259.0615019427121,260.61962890625,2474500
2025-05-02,261.93375521966067,266.04495401874556,261.48320307569304,265.45361328125,1566100
2025-05-05,265.09689477671645,266.5705486988227,262.20593100716064,264.8434753417969,2229200
2025-05-06,264.2239625061767,266.98353300296606,263.4636755983544,266.25140380859375,1927200
2025-05-07,266.1762965043032,269.84633791547066,265.5474313579924,268.8044738769531,2304600
2025-05-08,267.60302778807335,268.63552500864256,265.7539282436316,266.4954528808594,2147000
2025-05-09,266.1763089272443,269.3864316220064,265.73515230110075,267.04925537109375,1542700
2025-05-12,266.6081004437428,268.6918572759809,257.8506787475049,263.0506896972656,3349100
2025-05-13,263.10702837902966,267.5842773024309,262.25287276047527,265.2471008300781,3014500
2025-05-14,266.31713143615485,267.021102961348,260.4507020595452,261.0983581542969,2422700
2025-05-15,261.73664254630205,264.54313344844326,260.8261714786471,263.8954772949219,4913600
2025-05-16,263.61389257138114,268.5698512708072,263.5669439466471,268.4759826660156,2779500
2025-05-19,269.04857085153725,271.35758966074826,267.2745486841359,270.55035400390625,1825900
2025-05-20,269.3113639672521,271.1886214004292,267.7907613848514,268.10052490234375,1844800
2025-05-21,266.42037130546595,268.26007556827125,261.24851791413823,263.7546691894531,3127500
2025-05-22,262.947439258227,263.7546461339628,259.0239497984539,260.1127624511719,2505700
2025-05-23,260.76044810519846,261.7553922785486,259.53084674672476,260.28173828125,1677600
2025-05-27,259.8218191836046,263.1539397521671,256.6398826507776,261.64276123046875,3468200
2025-05-28,258.47022349176746,263.22907866637735,258.4514612267322,260.0283508300781,3182600
2025-05-29,259.4276113347148,260.3474491678068,258.47958714051913,260.28173828125,2270700
2025-05-30,260.11276355715546,267.73442351391566,259.5308183847929,267.4434509277344,5075000
2025-06-02,265.83843298570304,271.10412646958224,264.3178590094957,271.0196533203125,2107600
2025-06-03,270.1749118252311,272.16480030891387,263.9142737361733,269.6211242675781,2896500
2025-06-04,270.6535621021999,270.6535621021999,264.3928967466467,264.85284423828125,2432100
2025-06-05,265.87598583004336,266.3359047459515,262.32797034168163,263.0037841796875,2520800
2025-06-06,264.7871514286243,266.5236201832394,261.5770287991157,262.1777648925781,2442300
2025-06-09,260.93880703050496,261.6052254596055,249.6846568576085,254.6593780517578,5885900
2025-06-10,253.5235955107813,254.36835553824693,248.31418949284412,249.19650268554688,3987300
2025-06-11,248.69903104795088,249.2058985230823,246.02393375294943,247.0658264160156,3013400
2025-06-12,247.1878920917216,251.97490454346013,246.79365540500945,251.94674682617188,3045600
2025-06-13,252.02181559590056,253.27957466467916,250.26658444286863,251.4117126464844,3152200
2025-06-16,252.01239965151285,253.22323864291408,249.37485540959185,250.07882690429688,3509200
2025-06-17,249.21529610353795,250.47305502727815,246.76546049004455,249.45932006835935,2495200
2025-06-18,248.8773923681036,249.91928511318423,241.80012399816357,244.3531951904297,4771900
2025-06-20,244.5221716967075,248.02323841358955,243.19870179292343,245.93011474609375,8887100
2025-06-23,246.6528673403862,250.6326441638201,246.6528673403862,250.0319366455078,3006500
2025-06-24,249.553194328563,250.9048218747081,248.11709364136792,249.6846160888672,3540300
2025-06-25,247.87303057353824,249.0838695002058,243.22683614368313,243.73370361328125,2957800
2025-06-26,244.48460864693823,245.80807849723195,242.72937763279208,245.56402587890625,4008600
2025-06-27,246.23984263723617,248.1640486036887,245.64850199009888,247.78857421875,12464500
2025-06-30,247.60088392399476,251.48679202144845,246.90627917639117,250.48245239257812,4016500
2025-07-01,250.4824619652356,250.61388374360985,244.45648125107135,248.07957458496097,3042300
2025-07-02,247.27233392698705,247.63838420537456,240.3076967380941,241.97845458984375,3495400
2025-07-03,242.1287090007363,245.6968994140625,241.27425063097297,245.6968994140625,2685600
2025-07-07,243.0113477958741,244.23205574296267,236.42901281326724,238.07225036621097,5032800
2025-07-08,237.27413824291384,238.09105755001653,234.46654407663263,236.28819274902344,4960500
2025-07-09,236.80463076676105,237.5558279809639,234.53226958152143,235.1332244873047,2534700
2025-07-10,234.85150692480536,235.02991786229185,231.6964903133797,234.16604614257812,4289800
2025-07-11,232.94535323674603,233.93129861721224,229.64009431788452,230.0344696044922,3182500
2025-07-14,230.05326265572145,232.42891356875097,228.81378513871744,232.27867126464844,4758100
2025-07-15,231.65895485966283,231.94064127974548,226.22217770574397,227.4240875244141,5200300
2025-07-16,230.05325841011793,233.2833962492374,227.6306550307783,231.4241943359375,6060300
2025-07-17,229.6213229412897,232.25050598961005,227.78090483699185,232.18478393554688,4470700
2025-07-18,232.4382952719622,233.38668726718433,230.147164640164,231.3772430419922,2966500
2025-07-21,230.25984466910515,232.2974575833302,229.97814392791707,230.1753387451172,3481300
2025-07-22,231.02980897659856,232.51341949184817,229.94997286263776,232.27867126464844,2642400
2025-07-23,232.55098296258691,232.8138998259923,229.97813728166892,232.4289093017578,2177000
2025-07-24,231.3584777374208,233.49938056678891,230.28802632273675,232.2880859375,3217800
2025-07-25,232.21296464222195,236.4384330126016,231.99700027065776,234.84214782714844,2805300
2025-07-28,234.03459452330503,234.5885968931704,224.5225919032716,226.2691192626953,5550000
2025-07-29,227.39592410887417,227.5837198358773,225.46160089774023,226.7574157714844,4691800
2025-07-30,227.37713411493593,227.7715237572865,225.7620651159879,226.9639892578125,3537900
2025-07-31,227.0109173638846,229.76217399948757,225.81840670212765,227.2738342285156,3545400
2025-08-01,228.4757700010308,228.61661321146624,224.9733160039862,226.38180541992188,3201200
2025-08-04,226.1282742494207,227.62126950319984,225.40524571358213,226.84190368652344,2284700
2025-08-05,226.6822842394778,230.41008727783944,226.6822842394778,228.1189422607422,3362300
2025-08-06,229.58377766726585,233.99704169345011,228.70112199644987,232.41954040527344,2620800
2025-08-07,232.15660883308948,233.9406896048543,229.69643770188057,230.34434509277344,2042400
2025-08-08,230.82325253350004,232.6448868107067,230.2974044490589,231.4711456298828,2118600
2025-08-11,230.91714389515903,231.63077337710948,229.30207487947004,229.9405975341797,2523400
2025-08-12,230.29741038574437,230.6542322988396,226.81375449487743,228.2128448486328,2396500
2025-08-13,229.72461962053677,234.00643951047013,228.44758863467496,233.98765563964844,3940900
2025-08-14,234.6918811446689,237.3867861072575,233.80922555092928,235.6402587890625,4574100
2025-08-15,236.10036996291916,236.9830255548184,231.60258608366095,232.07208251953125,3425700
2025-08-18,231.0486007462028,232.52282654081068,229.46170038361296,232.01576232910156,2163800
2025-08-19,231.92187877893593,236.03465824386805,231.4711518373276,235.3491973876953,2744600
2025-08-20,236.67318415410503,239.37747420130032,235.09566849266992,237.2647399902344,3662100
2025-08-21,236.83279416907587,237.33045926779755,232.8890267916291,233.7622833251953,2628100
2025-08-22,235.4806353340231,237.3961888493886,232.95474217254375,234.0064239501953,2532900
2025-08-25,233.32097008519256,233.38670647073928,228.91709074622673,229.19879150390625,2226000
2025-08-26,228.6447805303234,231.16127472817504,228.24102044414823,231.0204315185547,4410600
2025-08-27,230.82324308261863,231.97820034544984,229.16122162681145,229.76217651367188,1736300
2025-08-28,229.09549101161448,231.4805410770404,228.3630776725675,231.09555053710935,2316500
2025-08-29,231.6589556706136,233.18011965596585,230.81385342372155,231.9875946044922,2408200
2025-09-02,232.78574775647792,232.78574775647792,229.8748638542692,230.86080932617188,2353100
2025-09-03,229.780979479432,232.5134381743908,228.41004341815673,231.66835021972656,2581900
2025-09-04,233.21766388663764,234.5885998360717,232.34440735991808,233.8186187744141,2004700
2025-09-05,233.5651242934188,233.80925731570585,228.0532256330069,228.9828338623047,1690800
2025-09-08,228.6447832549651,231.4429782332973,225.49915114227048,230.93592834472656,2611900
2025-09-09,230.7011786387428,230.75751592290365,227.1517864576557,228.41941833496097,2849400
2025-09-10,227.6212864674614,231.58383789784548,225.82780647835625,231.37725830078125,2170500
2025-09-11,231.67770732072896,233.91251494124643,230.2222655033995,233.62142944335935,1647300
2025-09-12,233.57449127536265,234.47593079219664,232.560377191885,233.13316345214844,2612100
2025-09-15,232.8796285974686,233.9406951804746,229.9875286886653,230.66360473632812,2944400
2025-09-16,228.85135953785547,230.5791031016249,226.3254662472244,230.0251007080078,2835700
2025-09-17,226.29729007890583,229.020363771934,224.60709998452185,228.74806213378903,3363100
2025-09-18,228.57903532148532,229.893633981396,226.0062039391261,227.2362823486328,3366000
2025-09-19,226.56959655541752,228.72928314836727,226.37241606480052,227.5555419921875,4783400
2025-09-22,227.08604828768392,227.40530244734737,224.65406002123763,226.43814086914065,2330300
2025-09-23,226.0531600848545,226.32546172661708,222.67277985117715,224.0531005859375,3971700
2025-09-24,223.48030586242675,225.82778806686403,222.30656476020815,225.35829162597656,2812500
2025-09-25,226.4099740418065,227.64005250581724,224.0343230400386,227.41470336914065,2832400
2025-09-26,229.1048873796537,230.6260513229417,226.9733694425058,228.62599182128903,2888900
2025-09-29,229.6025417932348,229.9405798013306,227.1048173071879,229.48985290527344,2911900
2025-09-30,229.49927205486577,232.0157663021899,229.32086110057577,231.88430786132812,2396700
2025-10-01,230.84200900025797,233.02986415673007,230.05325841011793,231.4241943359375,2441800
2025-10-02,229.62998181932417,230.81360228643305,227.53518171801596,228.73757934570312,2495600
2025-10-03,227.44125346529785,232.48570215051532,227.44125346529785,230.80421447753903,2074900
2025-10-06,229.73332054679923,230.1466474314985,224.89554981386635,225.91946411132812,4322200
2025-10-07,226.1542937828364,229.20725932715305,224.66069254124577,229.1039276123047,2641300
2025-10-08,228.26788911921392,230.3345091169257,227.3942781521484,228.32424926757812,2559700
2025-10-09,229.00061751855227,230.74785392222873,226.95278885566103,227.4788360595703,2566900
2025-10-10,228.56849673817248,229.0287808410668,224.6512944043536,225.44976806640625,2677000
2025-10-13,223.50526850906056,224.78281783426615,221.15683330344083,221.9553070068359,3000100
2025-10-14,222.0398394746048,226.39853449056488,221.9740907446748,225.8255157470703,2680400
2025-10-15,212.4300437680863,216.0560281176704,204.03203759916235,212.76821899414065,11534000
2025-10-16,211.12434025557337,212.91854832253028,207.1789716915108,208.2968292236328,6017800
2025-10-17,208.597394021948,212.70245393078375,207.98680663823416,211.9321746826172,3504700
2025-10-20,209.92193165542707,211.19009242621763,205.1687009941774,206.07989501953125,4986900
2025-10-21,206.6622942249754,209.14224118232667,204.7929346761682,208.1652984619141,2746600
2025-10-22,209.1610230915296,209.6588901762855,207.0004599750871,209.13284301757812,3328500
2025-10-23,210.66402332625785,210.9270469185969,206.63411488143345,207.21652221679688,2864400
2025-10-24,205.9577678931226,206.6622984560409,204.2668916753764,205.80746459960935,3347000
2025-10-27,206.34290000481624,206.6622837304911,202.9987307978437,203.45901489257812,3809100
2025-10-28,202.90481139687728,204.38902423732577,198.70580790321716,199.06277465820312,3808400
2025-10-29,197.5409583366818,198.27368326663083,194.05588871446807,195.3616180419922,5050900
2025-10-30,195.29585216551416,196.1318944662885,193.8961940554449,194.4222412109375,6354000
2025-10-31,193.2855924392273,194.9670799553295,193.08833192267628,193.51104736328125,3977900
2025-11-03,192.76895839805465,193.125910796225,187.78087006708716,191.3504943847656,5635100
2025-11-04,193.50166954612595,197.935516296502,190.31719202700145,196.88340759277344,4712800
2025-11-05,196.8928021888062,199.4948579285599,195.23949472438548,196.27281188964844,3520500
2025-11-06,195.67161347520016,197.7194419820881,195.07041466885863,196.90219116210935,3326800
2025-11-07,198.26428953819257,204.24809779593843,197.7382423507482,204.09780883789065,5260900
2025-11-10,201.9654257569034,204.69900775026187,200.75363950919476,204.342041015625,3275600
2025-11-11,205.22505781119543,207.38562107674915,204.8868825667287,206.5777587890625,2390400
2025-11-12,206.31472610751928,208.7758815188393,204.78354182725295,208.41891479492188,2783100
2025-11-13,208.80407175961463,211.09614683459648,208.31559321895185,209.6213226318359,2674300
2025-11-14,208.6161930318458,213.28488325824208,207.5922787462075,211.5282440185547,3227200
2025-11-17,213.51973437977352,214.01760150277264,210.35403393685823,211.68795776367188,3238500
2025-11-18,212.88094640459957,214.9663579793296,211.1243214866924,211.24644470214844,3764900
2025-11-19,212.7870059422626,215.5769479141784,208.66315458877213,209.4146423339844,3814000
2025-11-20,209.70587095462992,212.48641015383913,207.41379594784004,212.2985382080078,2785100
2025-11-21,214.44969251247576,215.98087677894884,211.98853712332635,213.1533660888672,3405600
2025-11-24,213.54790250578336,214.15848989907852,211.1994674027862,211.4343109130859,5848500
2025-11-25,213.1533723348059,214.64697365670293,212.14823520599168,212.6836853027344,2361300
2025-11-26,212.8245928908883,215.90573877899212,212.19521396662984,215.257568359375,2824200
2025-11-28,214.6281993863115,216.14999523927375,214.1397351540286,214.91940307617188,1250200
2025-12-01,215.116663759848,217.85024576562057,213.82972586038665,214.0082092285156,3475400
2025-12-02,213.15337142298011,215.4078634337951,211.39673218362375,214.8912048339844,3953900
2025-12-03,214.853626435746,215.64269717037928,212.32670803520156,213.406982421875,2961700
2025-12-04,213.8297187423398,214.94757615081105,213.10639671326243,213.32244873046875,1982400
2025-12-05,212.7682314940887,212.88095179815895,209.07649819867723,209.37709045410156,2100200
2025-12-08,209.00132792263,211.53763487412135,205.96713956054649,209.63070678710935,2756600
2025-12-09,210.83311148241347,212.88094000604676,210.69219677642027,212.6273193359375,2486400
2025-12-10,212.63670633765207,214.17727917591992,208.95436185432183,209.3019256591797,2650800
2025-12-11,209.97829696795137,217.05178298093455,209.7434534367535,216.46937561035156,3452000
2025-12-12,217.28660737594183,220.83744010823895,216.99540371629632,220.61199951171875,2991600
2025-12-15,221.01591563467227,222.16195307205788,220.5462286302916,222.0304412841797,3102600
2025-12-16,222.1901486574751,223.04498250521715,216.92025952706663,217.7563018798828,3093100
2025-12-17,210.0910027867167,213.6700299956541,205.56322727102037,213.49154663085935,5574500
2025-12-18,213.0030776121074,213.18156098486747,208.9355860307151,211.2276611328125,3692000
2025-12-19,211.1713093764107,212.55219050784615,209.7152765937876,210.68283081054688,6280200
2025-12-22,210.68280658591735,213.71698069347164,209.7622240487143,213.5760803222656,3197200
2025-12-23,214.13031950221145,214.84425297936355,213.33186013133204,214.0739593505859,2272600
2025-12-24,213.82031190942055,214.59999407359132,213.10639280746537,213.85789489746097,1111600
2025-12-26,213.83912202312192,214.5624441019243,212.9279279888895,213.36004638671875,1306200
2025-12-29,214.0175893442328,214.7409113687792,212.30792171052505,214.65635681152344,2877700
2025-12-30,214.55303833420595,216.4599666072,213.69821879830985,216.02786254882812,2018100
2025-12-31,216.2157398542848,216.56330369249815,213.8766931313034,213.91427612304688,2134000
2026-01-02,214.1340362260378,214.1340362260378,210.2078198950588,211.91616821289065,3321800
2026-01-05,210.59745026170643,214.2839070661156,209.198786342469,212.7154083251953,3942900
2026-01-06,211.7963110162921,214.16402904906067,210.6474220306004,212.14598083496097,3441400
2026-01-07,211.10696162609105,214.72347849287505,208.8791085764529,208.8990936279297,3314200
2026-01-08,210.42762272730377,214.79341896963547,209.84817818636944,212.9451904296875,4362400
2026-01-09,212.51560441896828,216.5017760255348,212.04605480951832,214.95326232910156,3409800
2026-01-12,214.89332821019485,217.1811211663664,212.79533988829297,216.29197692871097,3251000
2026-01-13,215.0132180128004,215.78248246576197,204.2635617002239,204.86297607421875,4101200
2026-01-14,204.0537522958723,208.5494286010445,203.63415767001823,205.30255126953125,3933300
2026-01-15,205.9319558205755,208.18977893177697,202.47527347030788,203.324462890625,4061700
2026-01-16,203.03472666588593,204.48333041652225,200.54712888374144,202.1755523681641,3796300
2026-01-20,200.44721289153964,203.94384988941923,198.3092697368869,203.72406005859375,3647000
2026-01-21,204.1536558459036,205.6022595606453,199.86776936732764,202.8049468994141,4983300
2026-01-22,201.5461756180764,206.970951208632,201.19650579709017,206.72119140625,4316700
2026-01-23,205.13272211302015,207.1208156219682,204.4233975689434,205.83204650878903,3999600
2026-01-26,205.9119570227407,207.81012528433791,204.79303806804143,207.80014038085935,3480800
2026-01-27,207.0808315577681,209.43856453608987,205.80206267909807,207.88006591796875,3527200
2026-01-28,205.7221295209455,215.04316614772392,203.7740063259239,212.53558349609375,5058700
2026-01-29,211.8862125733881,213.21493649042225,204.24356906863156,208.0598907470703,6249900
2026-01-30,208.04990016497095,209.2487440798812,206.2716117216265,207.80014038085935,3196400
2026-02-02,206.79112664894296,208.4994751207118,202.73501474771655,202.84490966796875,4248300
2026-02-03,202.6750661337321,205.5323186934843,200.7069578017981,200.8368377685547,3116100
2026-02-04,200.59706284924977,207.5503819931139,197.72982538647892,205.34249877929688,5384800
2026-02-05,207.57037011613312,210.6773825071303,206.5813158618742,207.36056518554688,3293800
2026-02-06,208.57939652708092,209.46854077790823,201.53616733536035,202.0956268310547,2666200
2026-02-09,201.3763348500095,202.4253137938124,199.74789610832497,201.33636474609375,3459300
2026-02-10,201.24644541961845,202.4752592850301,198.63895267234713,202.40533447265625,2871700
2026-02-11,201.53617991680977,209.4985238119747,200.07759117542577,208.1697998046875,4840300
2026-02-12,207.95998138647687,208.67929075341323,205.1626688755162,205.25257873535156,4096200
2026-02-13,206.78112375999495,208.6293523277034,201.80591294679127,204.33348083496097,3489700
2026-02-17,207.68025602355743,209.8981240775251,205.4723728728501,207.70022583007812,3074500
2026-02-18,208.19976207804513,208.69928167539564,201.0466530295232,203.08468627929688,4099300
2026-02-19,202.9148502115899,203.8539494879589,200.6170570289245,201.57614135742188,2112400
2026-02-20,203.49428647489643,203.95383594621916,200.19745423799952,203.8839111328125,2527200
2026-02-23,202.8549087468285,204.803032100914,201.78592950599833,203.49429321289065,2869000
2026-02-24,202.82493118528737,206.13174831127003,200.8568228530276,205.88198852539065,2916900
2026-02-25,205.5523041563006,207.07084792559232,202.69505159082703,204.3434600830078,3047700
2026-02-26,206.40150482166547,211.94616018647056,204.85299101280967,211.5265655517578,3089000
2026-02-27,211.17690383460143,214.16402118537007,210.8272340287718,213.4547119140625,3364900
2026-03-02,213.56461077092652,214.76345474368057,211.7663371897314,213.2049560546875,2594600
2026-03-03,211.436655790923,214.12407367941583,209.268742555063,213.14501953125,2960100
2026-03-04,212.2358781427223,213.01512745533697,209.7882352892979,211.1968688964844,3300800
2026-03-05,210.19783531050504,213.0351181393843,209.27872110322485,210.3776702880859,3374300
2026-03-06,210.4975540741812,211.33674333435323,207.3206167703321,210.3976593017578,2698900
2026-03-09,209.6084055099716,210.63741463402607,204.8529845556605,206.6013031005859,2595900
2026-03-10,207.0908236874181,209.1088870874135,205.7321298009055,206.7611541748047,2996900
2026-03-11,206.45144799168423,207.68027720374957,199.92772312748184,201.02667236328125,3013700
2026-03-12,202.1355966394923,205.092744039311,199.81781845313847,204.98284912109375,3680200
2026-03-13,206.27162387577928,207.4005430446039,204.6431851092982,204.97286987304688,2553200
2026-03-16,205.17267520797097,207.47046841211636,204.21360611463635,204.51332092285156,2715300
2026-03-17,206.17171547833513,208.17979403293216,203.21456797368876,203.5941925048828,2831800
2026-03-18,203.4443276982129,206.1717002530785,200.62704528029315,200.97669982910156,2887600
2026-03-19,203.3444190176324,204.4633532158689,198.55902826399424,202.48524475097656,3158600
2026-03-20,202.19553108051764,206.81108703252235,202.06565111410325,205.80206298828125,7866100
2026-03-23,205.89197785989907,207.47046156992232,202.61513061817135,204.90293884277344,3793300
2026-03-24,205.04280213576223,207.90005473545588,204.3134925751484,206.01187133789065,3521300
2026-03-25,204.7330839725656,207.50042666317577,201.99572648080107,202.6450958251953,2932000
2026-03-26,204.1536666429038,206.11177493843408,202.51524296446627,202.70504760742188,2079700
2026-03-27,203.05470735262767,203.5442420242912,197.85970681850773,198.64894104003903,2218700
2026-03-30,199.37825927927216,203.37441605558303,198.9186945425799,201.19650268554688,2687600
2026-03-31,201.54616711512688,201.54616711512688,196.19131656820497,198.04953002929688,3161600
2026-04-01,196.97056139273937,197.51003582336568,191.8355007996564,193.17420959472656,3182400
2026-04-02,193.6639959161932,195.55315635014665,192.09468550573695,195.163330078125,2177500
2026-04-06,194.5735937120457,196.3927778794967,194.07381566300745,196.29283142089844,1608800
2026-04-07,196.5427307041276,198.23198303837123,194.50362761649023,196.76263427734375,2877400
2026-04-08,197.0325045042535,199.4414384996482,195.2932865548616,198.0020751953125,1883100
2026-04-09,196.4227756502418,200.24108750511897,196.12292100364232,199.79129028320312,2398400
2026-04-10,199.5913628809987,200.17110727292507,192.9743061093151,194.04383850097656,3126300
2026-04-13,193.9138949248491,199.71132369980975,193.7539622788601,199.48143005371097,2844200
2026-04-14,198.0520463387747,199.49140957250768,196.48275118256285,196.5027313232422,3276400
2026-04-15,199.07159756967673,203.0298312050914,195.42320863453196,201.1406707763672,4865700
2026-04-16,200.92076968830088,205.19886865104704,200.16111252972527,203.3796844482422,2914100
2026-04-17,203.31971520173377,206.0285037614198,202.34013921703544,202.49008178710935,3150400
2026-04-20,202.7299793447737,206.118473977572,201.86035515000916,203.6895446777344,2541100
2026-04-21,204.08936426106348,208.3674785494131,202.9098953430911,207.40789794921875,2900700
2026-04-22,206.62824014248477,207.8576898864059,202.22019403982097,202.6200256347656,2427100
2026-04-23,202.76995623378,206.76818073587407,201.91033735574916,205.2388610839844,2040800
2026-04-24,203.6595581209928,204.88900787000537,200.18110711665636,200.8008270263672,1916500
2026-04-27,199.28149307421037,204.32925438649852,199.28149307421037,201.8903350830078,2090600
2026-04-28,204.2792819282244,204.66910820983756,200.84080639193613,202.93988037109375,1879000
2026-04-29,202.9998522022871,203.61958737859644,199.9711983273467,200.57093811035156,1886500
2026-04-30,198.15201461567585,201.4705330682777,196.06293069226723,201.1906585693359,2467500
2026-05-01,202.89990153864497,203.2097614943757,199.2115370291721,199.22152709960935,1670200
2026-05-04,198.9116665937833,201.54050405302965,197.63223598861777,199.1515655517578,2296300
2026-05-05,198.54184129445488,199.71132014993088,196.16289279670815,197.65223693847656,2860700
2026-05-06,197.75217813309845,200.56092837595403,196.69265109151036,196.712646484375,3063200
2026-05-07,195.57316006201953,197.77218054265668,194.11380137144175,195.66311645507812,3226000
2026-05-08,195.5931416778038,196.50274144207395,191.664893297805,193.9138946533203,3308900
2026-05-11,195.53316536887797,196.89256231644637,193.9138893181039,196.82260131835935,2387600
2026-05-12,196.7026430745232,200.30105122435387,195.6531213451707,198.33192443847656,2492400
2026-05-13,196.55272248332025,200.49097618985525,195.60314718273327,195.87303161621097,2559600
2026-05-14,196.67266068963536,198.76174461455335,196.39278619049145,196.79261779785156,2074500
2026-05-15,199.03161231190717,202.5700495636712,198.7017569577925,199.6413421630859,3297600
2026-05-18,199.1115817812833,203.9394398100044,198.821717209032,203.90945434570312,2414100
2026-05-19,204.47921067406568,206.74819217250587,202.56004942788897,202.7799530029297,2577200
2026-05-20,201.99029736119425,203.74951059639145,200.321040513998,202.51007080078125,2884300
2026-05-21,201.90034711673584,203.05982062984333,198.7917269588712,198.88168334960935,3437900
2026-05-22,198.0620355857997,199.57137506168365,196.9525277020772,199.4214324951172,5461100
2026-05-26,198.96165689496877,200.10115030841388,197.1124718963352,198.6917724609375,2869400
2026-05-27,198.91166997063235,202.35014549989455,196.39278425119352,196.82260131835935,2953800
2026-05-28,196.63268606971545,199.6813353624486,194.4136702075959,194.4236602783203,3155100
2026-05-29,194.35369065164136,194.84346337967216,189.11601119348455,190.3154754638672,6597000
2026-06-01,190.11556786012136,194.9834164561727,189.60579973799543,192.58447265625,4898100
2026-06-02,192.59447361198113,197.3623607663436,192.2146526425048,196.7326507568359,2886200
2026-06-03,195.70308254545415,199.09157712194587,192.91432773110895,193.37413024902344,3124900
2026-06-04,195.16332675331589,198.54183122129095,194.15378059220615,195.29327392578125,2927100
2026-06-05,198.19198575429883,204.41921609565128,196.91255514408232,203.929443359375,2746300
2026-06-08,200.86079294317793,201.9103298865557,198.99162793823945,200.1710968017578,1932400
2026-06-09,199.93121643123877,202.78994750217095,198.81170322205207,200.04116821289065,3567000
2026-06-10,202.90989542946951,205.64868473042569,200.12114052337037,204.10935974121097,2507300
2026-06-11,206.12846066860425,206.12846066860425,202.06026001064143,202.1702117919922,2631100
2026-06-12,203.12980347193516,203.51962976313484,199.91123142581816,203.0198516845703,1994200
2026-06-15,201.20064225928348,205.2888383323496,200.27106239985335,203.40966796875,2565500
2026-06-16,204.48918651467065,206.29838059540992,202.69997257425987,204.56915283203125,2248500
2026-06-17,203.98940874016984,207.3978986686017,203.0897991076839,204.32925415039065,3371200
2026-06-18,207.8576873437171,208.04760544249055,201.74040891004609,204.779052734375,9986500
2026-06-22,204.66910125869472,210.18665519353337,203.33968981731428,207.28794860839844,3751900
2026-06-23,211.42612147651337,216.33393058978987,210.09670996452064,215.59426879882812,5353100
2026-06-24,217.50342340522832,221.3417153442342,215.42434479192937,220.40213012695312,5385000
2026-06-25,218.6628926244661,222.35125716958416,215.29439336062325,215.44432067871097,3885600
2026-06-26,218.403013369431,224.43033558459084,215.5342921705783,224.24041748046875,6015700
2026-06-29,221.21175869432176,223.24085636306444,218.50297019656895,219.7624053955078,3571800
2026-06-30,219.71242425200435,221.66155559971793,217.9032301484339,218.35302734375,2877400
2026-07-01,220.22221173983976,226.3594857082444,219.80238474755043,225.1999969482422,3622300
2026-07-02,225.9900054931641,232.3000030517578,222.4199981689453,232.22000122070312,3107700
2026-07-06,232.0,232.0500030517578,228.9900054931641,231.6699981689453,2829600
2026-07-07,235.47000122070312,239.3800048828125,234.19000244140625,234.3999938964844,3236900
2026-07-08,237.30999755859375,237.5800018310547,231.86000061035156,232.8999938964844,2919200
2026-07-09,231.67999267578125,232.2100067138672,228.8300018310547,229.52000427246097,1931600
2026-07-10,230.4900054931641,231.0,228.47000122070312,230.72000122070312,1477700
2026-07-13,232.27999877929688,235.0,230.92999267578125,234.47999572753903,2556000
2026-07-14,229.5,231.58999633789065,225.77000427246097,226.5800018310547,3226500
2026-07-15,208.02000427246097,211.94000244140625,203.5800018310547,205.22000122070312,7223700
2026-07-16,205.5,209.19000244140625,203.0800018310547,205.8000030517578,5690000
2026-07-17,208.9900054931641,211.9900054931641,206.94000244140625,207.9499969482422,3827000
2026-07-20,207.0,212.2599945068359,205.55999755859375,212.22999572753903,2566100
2026-07-21,209.8000030517578,211.3300018310547,205.3699951171875,205.8999938964844,3324300
2026-07-22,205.4900054931641,206.8999938964844,203.8000030517578,204.5399932861328,2522400
2026-07-23,205.1699981689453,207.27000427246097,203.11000061035156,207.07000732421875,2904700
2026-07-24,210.6199951171875,214.77999877929688,209.02000427246097,213.8300018310547,2353800
2026-07-27,212.7100067138672,216.67999267578125,212.1499938964844,215.7599945068359,2141200
2026-07-28,218.07000732421875,222.66000366210935,215.72999572753903,219.52000427246097,2507500
2026-07-29,218.6499938964844,223.1000061035156,217.6699981689453,219.9900054931641,2930400
2026-07-30,217.94000244140625,217.94000244140625,211.02999877929688,213.27999877929688,2499700
2026-07-31,210.5,213.82000732421875,210.2899932861328,211.4199981689453,2359300
2026-08-03,212.02999877929688,214.27999877929688,209.55999755859375,210.4600067138672,2007200
2026-08-04,207.27000427246097,211.0,205.8999938964844,210.75,2413600
2026-08-05,212.4499969482422,213.9499969482422,210.97000122070312,212.7599945068359,1956200
2026-08-06,214.3999938964844,215.3800048828125,212.6199951171875,215.33999633789065,1679400
2026-08-07,213.52999877929688,215.41000366210935,211.8000030517578,215.3300018310547,1755100
2026-08-10,212.94000244140625,215.9900054931641,210.77999877929688,213.9499969482422,2289900
2026-08-11,212.6699981689453,214.77999877929688,212.0399932861328,212.3500061035156,1413900
2026-08-12,209.25,212.72999572753903,207.0099945068359,207.3699951171875,1920200
2026-08-13,208.55999755859375,210.5,207.8699951171875,208.8699951171875,3020900
2026-08-14,208.0099945068359,210.9199981689453,207.30999755859375,209.6000061035156,2882600
2026-08-17,208.77999877929688,209.6999969482422,203.17999267578125,203.83999633789065,2735600
2026-08-18,207.6999969482422,208.07000732421875,205.63999938964844,207.22999572753903,3372000
2026-08-19,207.57000732421875,217.66000366210935,207.57000732421875,217.27000427246097,4890800
2026-08-20,218.8000030517578,223.8000030517578,217.55999755859375,220.33999633789065,3929900
2026-08-21,221.27000427246097,221.5399932861328,218.16000366210935,219.27999877929688,1893000
2026-08-24,220.3999938964844,224.72999572753903,220.07000732421875,223.9199981689453,1842500
2026-08-25,222.33999633789065,222.5800018310547,220.19000244140625,222.08999633789065,1216300
2026-08-26,222.1000061035156,224.2599945068359,221.9499969482422,222.5099945068359,1447000
2026-08-27,221.1699981689453,221.19000244140625,215.97999572753903,217.6499938964844,1518900
2026-08-28,218.27000427246097,220.07000732421875,217.52000427246097,218.63999938964844,924700
2026-08-31,218.19000244140625,219.13999938964844,216.4600067138672,218.0800018310547,1748400
2026-09-01,219.5,220.72000122070312,218.0,220.5399932861328,2364200
2026-09-02,221.1699981689453,223.44000244140625,219.9199981689453,221.3800048828125,1670900
2026-09-03,222.9199981689453,225.4499969482422,221.47000122070312,223.8699951171875,2440600
2026-09-04,221.72000122070312,222.8500061035156,218.2599945068359,218.9499969482422,1930900
2026-09-08,216.61000061035156,217.5500030517578,214.25,214.89999389648438,1912000
2026-09-09,214.0,215.52000427246094,212.6300048828125,215.5,1655600
2026-09-10,218.27000427246094,219.0,215.1300048828125,216.19000244140625,1303200
2026-09-11,218.36000061035156,218.36000061035156,214.86000061035156,217.6199951171875,1643500
