Date,Open,High,Low,Close,Volume
2015-01-02,78.47122008537636,79.29729429442455,77.9205016625114,78.54904174804688,1700400
2015-01-05,77.8636267618698,78.56399424374172,77.75288161620739,78.3155746459961,2161800
2015-01-06,78.13595989335974,79.14760676488719,77.55232510841542,78.07909393310547,2133000
2015-01-07,78.66275911368014,79.42897352474893,78.11802812765484,79.41101837158203,2487300
2015-01-08,79.62051113928727,81.88623727846715,79.49181087419375,81.58393859863281,3236100
2015-01-09,81.69467885778046,82.46987413393988,81.1140376678442,82.13465881347656,2910900
2015-01-12,81.78148364342002,82.0598330039598,81.07812264975249,81.14097595214844,2710800
2015-01-13,82.08679616173069,82.08679616173069,79.90188449217722,80.55436706542969,2356800
2015-01-14,79.46188722773182,80.75787097932226,79.46188722773182,80.57828521728516,2083800
2015-01-15,81.18587636449985,81.78149282118544,80.31191736653423,80.98834228515625,2163600
2015-01-16,81.25471833750055,82.1735823579572,80.71298103040739,81.95508575439453,2506200
2015-01-20,81.9131872447683,82.67640796403721,80.92847625707523,81.56300354003906,1917900
2015-01-21,81.75157020638714,82.4250015172077,81.3983928053724,81.7755126953125,1651200
2015-01-22,82.4549175337018,82.99366112204474,81.64081139208605,82.93978881835938,1782000
2015-01-23,82.92783415609509,82.94280249433886,81.79946121994622,82.01197052001953,1452000
2015-01-26,82.09578304754659,82.44297318324206,81.58397542283626,82.39508819580078,1414800
2015-01-27,82.30825394405922,82.42199273396618,81.41034569430403,82.06282806396484,1882500
2015-01-28,82.529748846528,82.85299640954914,80.94644137168092,81.09010314941406,2055300
2015-01-29,80.54836027360268,82.52376267258713,79.35713424023106,82.26935577392578,2134200
2015-01-30,81.92812548169061,82.60754387858151,81.1649049789984,81.19184112548828,2972100
2015-02-02,81.63781005220784,82.12268129129347,80.34183326516339,81.66773986816406,2193600
2015-02-03,81.98499231478732,82.00894164569584,80.90451167437395,81.88024139404297,2694300
2015-02-04,81.17391734201793,82.90688089090011,81.17391734201793,82.03890228271484,2285100
2015-02-05,82.43398225251372,83.24210126013763,82.24542229248448,83.17625427246094,1608600
2015-02-06,83.11633964027372,84.04118367314992,82.78411810447949,83.89752197265625,1714200
2015-02-09,83.79880588214694,83.98137850443355,82.02094408883003,82.12570190429688,1992600
2015-02-10,82.51778058371224,83.91851544893329,81.90121528345358,83.82273864746094,1932900
2015-02-11,83.80775778465791,84.07113878993857,82.90984962214465,83.19119262695312,1549500
2015-02-12,83.37075999320291,84.75653286053691,83.37075999320291,84.7086410522461,1428600
2015-02-13,84.70267399038421,85.45391990723408,84.55002439329891,85.30127716064453,1569000
2015-02-17,85.06482948727115,86.13932979869723,84.99599570257743,85.6305160522461,1524600
2015-02-18,85.42996570331204,86.25903313827837,85.31623378826026,86.21414184570312,1324200
2015-02-19,86.211171139356,86.5823036457285,85.63052304351774,85.82806396484375,1122300
2015-02-20,85.75323410150561,86.88460044841443,85.30427996310489,86.72297668457031,1353300
2015-02-23,86.72298763622571,86.94746473377374,86.25008410235314,86.6661148071289,1424100
2015-02-24,86.6930438883659,87.17790831275167,86.30095573484758,86.98336791992188,1300500
2015-02-25,86.93547154670797,87.07015914664716,86.06749316437266,86.12435913085938,1322400
2015-02-26,86.10635292123845,86.91935827714529,85.90835100874602,86.31035614013672,1676100
2015-02-27,86.34338497730089,86.49338335457308,85.51837673608986,85.56037902832031,1581000
2015-03-02,85.56034915588974,87.29735653753899,85.56034915588974,87.2673568725586,2094900
2015-03-03,86.62537906829009,86.9763800549363,84.96637446359891,85.77937316894531,1853700
2015-03-04,85.46136949532115,86.53537699537512,84.81636623780695,85.77336883544922,2089500
2015-03-05,85.92936512132762,86.93136367488003,85.8363654611621,86.7513656616211,2069400
2015-03-06,86.33738737492628,86.76339102444813,85.62938401743371,85.93238830566406,1727400
2015-03-09,86.07636027912557,86.52036085861883,85.44636038477482,85.72235870361328,1731000
2015-03-10,85.00533136063099,85.32633253074978,84.42632899335197,84.4383316040039,1729800
2015-03-11,84.63935618943555,84.86435713241728,84.27635265392307,84.28535461425781,1662900
2015-03-12,84.63335408769218,85.87235615593593,84.31235283693944,85.5693588256836,1545900
2015-03-13,85.42536024649104,85.84236183309189,85.1343586453031,85.5723648071289,1712700
2015-03-16,85.74937591516627,86.58938053021517,85.60537885153563,86.4423828125,1801200
2015-03-17,85.99833675304342,86.26233926235055,85.61433560004475,85.81533813476562,1706400
2015-03-18,85.58736819082903,85.81236916406239,82.75236142127636,84.84037017822266,3720600
2015-03-19,84.94235288937473,85.73135994389398,84.7083568542863,85.34735870361328,2574600
2015-03-20,85.95036405235459,87.0003662109375,85.43736215413603,87.0003662109375,6449400
2015-03-23,86.37037053482688,86.88037180453702,86.05537055841583,86.35836791992188,2347800
2015-03-24,86.13338409718519,86.4753900251948,85.67438698299208,85.75838470458984,2791800
2015-03-25,86.04936533734292,86.35536333865808,84.3603544234774,84.40535736083984,2284500
2015-03-26,84.22235975199322,84.28535974520395,83.48435688874589,83.79635620117188,2124900
2015-03-27,84.11736207237115,84.63336466077212,83.62835850160994,84.50436401367188,1454700
2015-03-30,85.2873650234787,85.51236597970295,84.81935918930107,85.2723617553711,1310100
2015-03-31,84.59135725089976,85.78536332770994,84.58535594368004,85.3503646850586,1859700
2015-04-01,85.53935613635797,85.76135641596775,84.7413540177903,85.74635314941406,2073900
2015-04-02,85.86035537666821,86.16935399564429,84.95134970621842,85.30535125732422,2119800
2015-04-06,84.99333156543877,86.1453349397631,84.77133134433345,86.0643310546875,1469400
2015-04-07,86.06435152691118,86.70035954927887,85.6653539111083,86.28035736083984,1454700
2015-04-08,86.55034758185198,87.19535064697266,86.38235221280698,87.19535064697266,1636500
2015-04-09,87.13837204643828,87.72637657299893,86.90736977768341,87.31537628173828,1893000
2015-04-10,87.54035707702522,87.73835210957704,86.97034973743015,87.19535064697266,1588800
2015-04-13,87.45937954328515,87.75338182746394,86.78137595727735,86.94037628173828,2232300
2015-04-14,87.1353694416206,87.41736908382559,86.5863665588414,87.057373046875,1535400
2015-04-15,87.40838433686382,87.69338466643023,86.22037942143152,86.61937713623047,1931700
2015-04-16,85.79735375823991,86.3553516537187,84.00034702423633,85.14334869384766,3993900
2015-04-17,84.58240328052521,85.40740489576424,84.26739629669093,84.64240264892578,2821200
2015-04-20,85.0563588419699,85.50336008020619,84.2703524249603,84.57335662841797,1775100
2015-04-21,84.9933597372714,85.20635807141707,84.29135787751262,84.72635650634766,1692000
2015-04-22,84.87035450248788,84.87035450248788,83.92534783920637,84.49234771728516,1587000
2015-04-23,84.3753396932695,85.09234468562877,84.02433882946411,84.70834350585938,2112300
2015-04-24,84.81636136506765,85.30236427070271,84.35436368920554,84.78636169433594,2154900
2015-04-27,84.88236927150484,85.4283715652871,84.61237221183444,84.87336730957031,2046300
2015-04-28,84.69337749870995,84.92437981207867,84.05137481470338,84.56437683105469,2259300
2015-04-29,84.34235628057317,84.54635952314149,83.15135088070909,83.7603530883789,2927700
2015-04-30,83.4153710077277,84.35137598451176,83.19337066363933,83.4003677368164,3176700
2015-05-01,83.87436418863209,84.97536380504438,83.46035636250848,84.64836120605469,1582200
2015-05-04,84.67238919025911,85.22739356154773,83.90738706216445,84.01238250732422,1639800
2015-05-05,84.17432138711953,84.32732719298087,82.23931258575726,82.47931671142578,2158200
2015-05-06,82.85437616683814,83.45738413904974,82.20637210901975,83.36737823486328,1882200
2015-05-07,83.59534115847067,84.58235006043763,83.2443402676395,84.42034912109375,1845000
2015-05-08,85.3893515038825,86.54136205593306,85.13735155597517,86.16035461425781,2352300
2015-05-11,86.100369327421,86.6313751898424,85.7853693411463,86.08537292480469,1619400
2015-05-12,85.84238467586319,86.95239334409398,85.36238296882681,86.61338806152344,2205600
2015-05-13,86.57427648149547,87.06742510187078,85.71127155768069,86.58029174804688,2275800
2015-05-14,86.88997058135719,87.72591331708063,86.65241583521664,87.5936050415039,1435500
2015-05-15,87.728965498433,87.87330437506864,87.11253140417647,87.56959533691406,1988700
2015-05-18,87.4553242324287,87.801126340365,87.04636871030513,87.51847076416016,1119900
2015-05-19,87.7259388822958,88.51076586864949,87.5334916767288,87.93643188476562,2015100
2015-05-20,87.96047484451111,88.08376024446746,86.46599811795936,86.50208282470703,1809000
2015-05-21,86.73666792451695,86.82086102212651,86.31869630530427,86.43596649169922,1187400
2015-05-22,86.29461337484234,86.61034598878565,86.15328216552734,86.15328216552734,1571700
2015-05-26,86.0961714657748,86.37882706944086,85.58798464692129,86.11721801757812,2091000
2015-05-27,86.28560674421017,87.4793825192196,86.07812134024131,87.12455749511719,2012700
2015-05-28,86.77874871393642,87.28392095273387,86.74567163246965,87.17566680908203,1452900
2015-05-29,87.13357463871783,87.1997288075812,86.32470021050266,86.65546417236328,1780800
2015-06-01,86.8779785758869,86.8779785758869,86.06910416896883,86.67350769042969,1558200
2015-06-02,86.47202075486452,86.96216164649672,85.92474860703373,86.15628814697266,1142100
2015-06-03,86.20441400750904,86.51113066205974,86.06308965466388,86.37882232666016,985500
2015-06-04,85.95181195098436,86.11118207411621,84.7279669576596,84.86027526855469,1186200
2015-06-05,85.10085521265411,85.10085521265411,83.72064056263191,84.31001281738281,1826100
2015-06-08,84.08448078226212,84.26189672207406,83.62140852381046,83.68455505371094,1297500
2015-06-09,83.79283221523619,84.09052605490423,83.26059797079155,83.64549255371094,1055400
2015-06-10,83.93411376741706,85.04970449367168,83.46501947084435,84.9444580078125,2219400
2015-06-11,85.24521089667472,85.64514365551953,84.95653995578385,85.0287094116211,1126500
2015-06-12,84.79713879368329,85.24517977118809,84.2709131204926,84.46937561035156,1007100
2015-06-15,83.9942899338722,84.36715392477375,83.62142594297065,83.85295867919922,1173900
2015-06-16,83.91908531715463,83.97621657403542,83.437967317847,83.92810821533203,986100
2015-06-17,84.3009780378678,84.67384881520046,83.77776690835515,84.26490020751953,1764900
2015-06-18,84.65884068830604,85.36849089950358,84.60170940711943,85.251220703125,1420200
2015-06-19,85.59399443664003,85.61504786955258,84.75805133054064,84.79413604736328,5271600
2015-06-22,85.15499146076775,85.84058743728103,84.97156709325226,85.75337982177734,1657200
2015-06-23,85.99994137054364,86.087142087117,85.2662302741726,85.55490112304688,1247100
2015-06-24,85.44364116169139,85.44364116169139,84.79112243652344,84.79112243652344,1249200
2015-06-25,84.97455357068587,85.40755637676185,84.71294455422286,84.97755432128906,1198500
2015-06-26,85.05274663522029,85.50981058773044,84.64680557142036,85.12491607666016,1631700
2015-06-29,84.08450941981314,84.73402073854649,83.06814932908044,83.07415771484375,2307300
2015-06-30,83.5101386096864,83.86797120507345,82.69223455130813,82.69824981689453,1514400
2015-07-01,83.04106219050811,84.54155468559274,82.78847604094359,84.43931579589844,1792200
2015-07-02,84.87834035994962,84.91442508154582,83.40792408780361,83.49512481689453,1520400
2015-07-06,82.69224633526993,84.54756373313569,82.69224633526993,84.1837158203125,1767600
2015-07-07,84.48442638436852,85.38953137375633,84.0814860783157,85.28729248046875,2096100
2015-07-08,84.83924912246312,85.43162214873621,84.47840881347656,84.47840881347656,2502600
2015-07-09,85.52482771344471,85.69923602097255,83.33573882355223,83.41693115234375,1963500
2015-07-10,83.74470119344163,84.1957498410141,83.20644494373612,83.6574935913086,2049900
2015-07-13,84.36412602024774,84.93846691961973,84.02734683236314,84.8211898803711,1614600
2015-07-14,84.59567629149375,85.59700484783693,84.51449083785003,85.48274230957031,1695900
2015-07-15,85.39852515909656,85.98188203146206,84.80013700535724,84.8452377319336,2905200
2015-07-16,77.00001963169196,80.19344494879273,75.25596390715778,78.55162811279297,21494100
2015-07-17,78.55464394959438,80.88806529928458,78.08855707692672,79.98897552490234,6579000
2015-07-20,79.98895022726215,81.19776395069634,79.68524814185884,80.47307586669922,3331500
2015-07-21,80.87900235982852,81.34207444767178,80.10019085635429,80.28361511230469,2945100
2015-07-22,80.28665239022993,82.5900037994081,80.28665239022993,82.29833221435547,3859500
2015-07-23,82.22315074424354,82.22315074424354,81.05342930382821,81.33308410644531,2211600
2015-07-24,81.32704386310536,81.56158409977684,79.87767494766406,80.32270812988281,2082300
2015-07-27,79.99798583984375,80.32274140626382,79.54994484000522,79.99798583984375,1695000
2015-07-28,79.83260766445005,82.37952954403353,79.83260766445005,82.34344482421875,2420400
2015-07-29,82.46070006240464,84.34908734993778,82.13594455246927,83.83489227294922,2845200
2015-07-30,83.65450560610512,83.89506815312485,82.93283172996152,83.5703125,1750500
2015-07-31,84.03336616366713,84.16266685867613,83.4379786870163,83.52217864990234,2350200
2015-08-03,83.69057067566274,83.95217971714952,83.05008242200456,83.6574935913086,1899300
2015-08-04,83.66348304337417,84.11453155177423,83.3056504925817,83.44998931884766,1190400
2015-08-05,84.19574111591628,84.19574111591628,82.36147726470105,82.59300994873047,2694900
2015-08-06,82.34643603946066,82.83958460199625,81.31804581837858,81.70594787597656,2184000
2015-08-07,81.56162187130582,81.5736524048924,80.44903840051686,80.99029541015625,2119800
2015-08-10,81.77212495916592,82.45772092623731,81.29100679344664,82.23820495605469,1521300
2015-08-11,81.43230635592612,81.77510767623957,80.87301053007577,81.49545288085938,1950300
2015-08-12,81.29951274058412,82.59572388985127,80.62729337467633,82.34552001953125,2169000
2015-08-13,82.4872134887857,84.04568218114476,81.88734230887918,83.2016372680664,1662600
2015-08-14,83.07502394564001,84.7661218109714,82.80070626813287,84.21448516845703,1703400
2015-08-17,84.21148742677825,86.36078229314016,83.94621495420274,85.81818389892578,2374200
2015-08-18,85.91164054494867,86.95464002945697,85.35698173990066,85.9327392578125,2155200
2015-08-19,85.57100262093,85.95685098424578,84.91686669578867,84.98318481445312,2163300
2015-08-20,84.24464819800272,84.35014865213792,80.95588490777921,81.06440734863281,3513600
2015-08-21,80.18722096053139,80.37411501144304,77.84198626149393,78.7824935913086,4900800
2015-08-24,75.84944334403822,80.11186699225007,75.57814062320125,76.66333770751953,4631400
2015-08-25,79.14419728567717,79.37328867814901,74.90890431993778,74.95411682128906,3766500
2015-08-26,76.4914898003785,77.19988341184461,75.08977111199229,77.03408813476562,2907000
2015-08-27,77.90827439904244,79.10199345428964,76.96173725792572,78.18560028076172,2013900
2015-08-28,77.90525566165302,78.34837679410174,77.21193064057648,77.80577850341797,1494600
2015-08-31,77.4199263651106,78.27602462124092,76.90144189326011,77.1124496459961,1839300
2015-09-01,75.90671054356756,76.40107454083706,74.63461259798945,74.91796875,1983000
2015-09-02,75.7771030584937,76.60305786132812,75.14406560932518,76.60305786132812,2019300
2015-09-03,76.86829682915425,77.91732630941225,76.72360025276866,77.13055419921875,1673700
2015-09-04,76.37997684647789,77.22100695003614,75.97604477749492,76.52467346191406,1515300
2015-09-08,77.78769305319761,78.87891978202651,77.30839089320132,78.86685943603516,1386300
2015-09-09,79.75914706124625,79.8827380224866,77.46515586273337,77.55558776855469,1787400
2015-09-10,77.26018493498405,78.04996533070785,76.84117748814424,77.0672607421875,1948800
2015-09-11,76.86830637470729,77.28128364686346,76.48245798911418,77.0672607421875,1613100
2015-09-14,77.31745819614908,77.4892836779567,75.69870126086856,75.94889831542969,2466000
2015-09-15,76.47639670548422,76.72357857085863,75.42435933507471,75.56301879882812,2890800
2015-09-16,75.56304832270723,76.86529005292697,74.98427575361252,75.55099487304688,3252000
2015-09-17,75.55099147029831,77.6761725485561,74.9993478121765,76.31665802001953,3019200
2015-09-18,74.87873350818751,75.5841117518957,74.14320440837183,74.35120391845703,2832300
2015-09-21,74.95112231669872,75.21639482231627,73.41074377082714,73.6338119506836,3433800
2015-09-22,72.89828296290625,72.92541184871654,71.06550318219446,71.51766967773438,5757000
2015-09-23,70.82736507293141,71.7377283090604,70.03758463793189,70.12198638916016,4986900
2015-09-24,69.62458957736398,69.62458957736398,67.77372631813454,68.66901397705078,6755400
2015-09-25,69.27793266174866,70.14910655163824,68.36455445173766,68.57556915283203,4135500
2015-09-28,69.37742748943735,69.37742748943735,66.21829153959379,66.486572265625,4234800
2015-09-29,66.39611648577731,67.30647951339301,65.79624530307363,65.99821472167969,4827600
2015-09-30,66.9055578032075,67.87620879742161,66.70661036484803,67.15576171875,7592400
2015-10-01,67.14971646182616,70.23348730762709,66.44735316276542,69.91094207763672,6678600
2015-10-02,69.20256535493904,71.49957174210164,68.51829240756194,71.44229888916016,4762500
2015-10-05,71.99695449334061,73.01884813947046,71.99695449334061,72.6993179321289,3445200
2015-10-06,72.57270320104806,72.98869543818435,71.02026485329081,71.3458251953125,3625200
2015-10-07,70.16417852247993,72.66616254381876,70.08580006034089,72.08135986328125,2511900
2015-10-08,72.07534479923498,73.79960923215667,71.65633731652579,73.61573028564453,2202300
2015-10-09,73.52828569300445,74.1583077319625,72.68725587848675,73.20875549316406,2047500
2015-10-12,72.95253309327465,73.60365388257404,72.75659383909637,73.48307800292969,1402200
2015-10-13,72.90730615853177,73.8508211993768,72.64806392889754,73.82369232177734,2436000
2015-10-14,73.40469590978317,73.92318044601697,73.03995320195331,73.10325622558594,2248200
2015-10-15,72.58479606397175,72.70838706594678,71.08058462660271,71.16499328613281,5329200
2015-10-16,71.28251950805388,73.39263147922578,71.02930745141546,73.30219268798828,3411300
2015-10-19,72.97060976110451,73.58555628985752,72.02407272677118,73.21176147460938,2618400
2015-10-20,73.17861175964921,73.46799799247952,71.87637716166877,72.2260513305664,2435400
2015-10-21,72.51242278673543,72.9344452405234,71.21922654397642,71.85225677490234,2697900
2015-10-22,72.57872272734517,74.58634224214296,71.94267066936807,74.43561553955078,3037800
2015-10-23,75.13798941563934,75.33995189192791,73.40468054647536,74.08594512939453,1848000
2015-10-26,74.42359042878049,74.67378746700186,73.35346217071549,74.52909088134766,2208900
2015-10-27,73.8538633647229,73.8538633647229,72.43406075384597,72.92240142822266,3067800
2015-10-28,73.04899122152345,74.55018705995788,72.7234308445018,74.38439178466797,4046100
2015-10-29,78.36646731351443,78.93317939723687,75.05962109774251,77.80577850341797,6517500
2015-10-30,78.53225257027795,81.34774305660582,77.78467671907902,80.43437194824219,5585700
2015-11-02,80.91366946260561,81.60698757611507,80.00933668880266,81.33870697021484,3035100
2015-11-03,81.26034919264937,81.55275056520887,80.57606926514332,81.38695526123047,2337000
2015-11-04,81.76977013107731,82.05614126451414,80.7991192243066,81.60095977783203,2483100
2015-11-05,81.83909939200002,82.05011404829536,80.64538042917839,80.82022094726562,3048900
2015-11-06,80.66046186480877,81.0643937890914,79.83751568322647,80.5549545288086,2045100
2015-11-09,80.64237543916201,80.69663320351155,79.45468650059446,80.35298919677734,1579500
2015-11-10,80.15657304513532,80.54037796548475,79.4947502656357,79.9541015625,1334400
2015-11-11,80.04780109992696,80.88188252263697,79.41316851724682,80.42253112792969,1549500
2015-11-12,79.90576179043543,80.15961205437183,78.97497518370167,79.20465087890625,1529700
2015-11-13,79.26807764846053,80.074961444552,78.4279512415369,79.36780548095703,2157300
2015-11-16,79.36781487904271,80.84558951854383,78.65763614701511,80.66124725341797,2131200
2015-11-17,80.79119639827996,82.55304117709909,80.69146855228279,81.51346588134766,2977500
2015-11-18,81.12362968823263,82.50167662803442,81.04807639667641,82.38381958007812,1925700
2015-11-19,82.50166774499466,83.10607326166945,82.25990138818558,82.44727325439453,1659600
2015-11-20,82.38684894567501,83.38714334260622,82.19947704409795,82.88850402832031,2301900
2015-11-23,82.88846605767668,84.4538842936911,82.88846605767668,83.23902130126953,2149800
2015-11-24,82.36870973023638,84.1728654156581,82.01815433926645,83.50499725341797,1947300
2015-11-25,83.85854994927665,83.90690598006813,83.13930327414843,83.34178161621094,1275300
2015-11-27,83.46268562154256,84.15473525701285,83.16350896457422,83.65911865234375,602700
2015-11-30,83.62889907614078,83.64098981663554,82.71020338862814,83.429443359375,2606100
2015-12-01,83.73163799980696,85.22150338164761,83.59262217100763,83.87971496582031,1953000
2015-12-02,83.94017095203677,83.94017095203677,82.22969090052442,82.56513977050781,2070900
2015-12-03,82.86735078461822,82.90965454375241,79.984324698785,80.38927459716797,3088800
2015-12-04,80.94228585493734,82.36868853289972,80.92113398126257,82.32637786865234,2109300
2015-12-07,81.91236795900537,82.77969170019668,81.02691502675194,81.77637481689453,1391400
2015-12-08,81.00577051017403,82.60140936389146,80.99670245459559,81.85496520996094,1488900
2015-12-09,81.49532920971765,82.75249629726598,80.67937725578766,80.90300750732422,1341000
2015-12-10,81.35932973928229,81.59202802690987,80.3862328396747,80.54942321777344,1493400
2015-12-11,80.5494179663494,80.5494179663494,78.9658703235818,79.14115142822266,2160000
2015-12-14,79.21970572251126,79.65790494409407,78.6364522662427,79.58235168457031,1471200
2015-12-15,80.43158493706599,80.64010871425502,79.39502525531418,79.59750366210938,1853700
2015-12-16,80.44064911135906,81.66457371486653,80.11426829483715,81.45000457763672,2366700
2015-12-17,81.74312078160281,81.8972500101398,79.50379594423073,79.54005432128906,1712400
2015-12-18,78.88127837903244,79.10188597713594,77.39141277442017,77.43372344970703,2318100
2015-12-21,78.01092171147133,78.9749506445049,76.96831680834842,78.90242004394531,2479200
2015-12-22,79.19255810382664,79.46152178938128,78.4944698959161,79.13211822509766,1143900
2015-12-23,79.71535709542218,81.08434291763959,79.55518937176114,80.7337875366211,1353300
2015-12-24,80.482923804833,81.12360138321486,80.03264073141783,80.13539123535156,340800
2015-12-28,79.55518039722341,80.30766980348645,79.55518039722341,79.8513412475586,913200
2015-12-29,80.38926877122687,80.50108736517733,79.75464326120867,80.0508041381836,1276200
2015-12-30,79.76671373406563,80.50409657654956,79.08675497989101,79.31340789794922,1587300
2015-12-31,78.99912150827402,79.63073117349562,78.44911049408753,78.45213317871094,1854300
2016-01-04,77.76010694383534,78.58512717065642,75.8864430962738,76.98646545410156,3405000
2016-01-05,77.53642801708799,78.16803747545173,77.01362133573612,77.29769134521484,2271900
2016-01-06,75.85923254315982,76.25209859020364,74.49931480350014,75.06141662597656,2370900
2016-01-07,73.62593669395518,75.27596974191474,72.69817310158786,73.0033950805664,2640900
2016-01-08,73.55645202966814,73.97047003560587,72.84022771697039,73.06385803222656,3592800
2016-01-11,73.28446583265466,73.70755185641156,72.38993773707436,73.12429809570312,2174700
2016-01-12,73.69242929980354,74.62019298505386,73.45368560816036,74.4690933227539,3054900
2016-01-13,74.89520338512408,74.89520338512408,72.65889375660403,72.87950134277344,1758000
2016-01-14,73.63498933044916,74.49626751434977,72.83716675986634,73.50806427001953,2503800
2016-01-15,72.06961993097889,73.59575129256395,71.70093523552657,73.1635971069336,2650500
2016-01-19,73.58364147303752,73.72568001302616,71.33222513149357,72.33251953125,3081300
2016-01-20,72.5289283149411,74.27264361870117,71.00582054365144,74.15176391601562,6560400
2016-01-21,74.09740048837529,75.51473565538998,72.49571608891459,74.33311462402344,4894200
2016-01-22,75.07652110359082,76.79001685586776,74.66552587456947,75.55400848388672,2887500
2016-01-25,75.06746148548075,75.45428215989654,73.7196275780826,73.78006744384766,2596800
2016-01-26,74.28474034472531,75.67185510387714,73.91302623703199,75.37569427490234,2197500
2016-01-27,75.37568672501959,77.08918206962451,74.72897064463291,76.23092651367188,4250400
2016-01-28,73.5413136172062,78.05019019349203,73.5413136172062,75.4482192993164,5981100
2016-01-29,75.68997883195333,78.4400335926977,75.68997883195333,77.26446533203125,4042500
2016-02-01,75.54794855892875,77.61804464669332,74.28473626606626,77.01665496826172,2337900
2016-02-02,76.56637814544855,77.09221459262106,74.9798076670786,75.23365783691406,1938600
2016-02-03,75.13394751379455,77.6331684989707,74.20315420387573,77.62410736083984,2373300
2016-02-04,77.56064199486872,78.75736929015189,76.72353119994139,78.65159606933594,2475600
2016-02-05,78.43700320572243,78.8208010352892,76.58449234901927,77.40044403076172,3181200
2016-02-08,76.54221122750012,77.13151027596594,72.80092969969195,74.53255462646484,2997300
2016-02-09,74.39958514221944,76.83837310951685,74.27266004295258,76.28533935546875,2452200
2016-02-10,76.7597773340425,78.06530020903783,76.14630387353999,76.36993408203125,1930200
2016-02-11,74.87402757518288,75.58118346565442,73.95532530423692,74.91028594970703,2197200
2016-02-12,75.8169233739349,77.66037391336737,75.17020710936396,77.5606460571289,1998900
2016-02-16,78.28894321625872,78.68483190128127,76.95924556761625,78.25267791748047,2975400
2016-02-17,79.10793969828433,79.65190549652488,77.84774961421522,78.316162109375,2067600
2016-02-18,78.29194572829307,78.39167354501289,76.86554328939984,76.99549102783203,2020800
2016-02-19,76.89879754499171,77.54853633558685,76.38807456547211,77.21611022949219,1742700
2016-02-22,77.87189205479143,78.49443358475631,77.6029284936581,77.90815734863281,1754400
2016-02-23,78.02601584939029,78.45514709829156,76.61472663146068,76.97434997558594,1686600
2016-02-24,76.38808095629881,78.54883699289313,76.08889743578314,78.4853744506836,1900500
2016-02-25,78.93710704474469,80.52882547696701,78.06696911552272,80.48334503173828,2421600
2016-02-26,80.91390020881131,84.10340329880833,80.64709629692598,82.77848815917969,4752900
2016-02-29,82.58744622478703,83.92448380840669,81.91437175541839,82.01139068603516,3590400
2016-03-01,82.44801548580054,86.09532792888908,82.44801548580054,85.24337768554688,3399000
2016-03-02,84.39139752846786,84.84314174519949,82.66021215350193,82.97856140136719,2721000
2016-03-03,83.73048457963141,84.07308695667929,81.96898749440753,82.46317291259766,2745000
2016-03-04,82.83002063996993,84.1640331629404,81.95988243554568,83.92451477050781,2150100
2016-03-07,83.42124426494789,84.38536908521303,82.92705187996485,83.76383972167969,1884000
2016-03-08,83.04526387792747,84.51267807839676,82.54198111780757,83.73652648925781,2430900
2016-03-09,84.01547837712305,84.58849471411934,83.03922369527034,83.43942260742188,2309100
2016-03-10,84.41567561757346,86.01345955920979,83.83659430532325,84.77040100097656,2690100
2016-03-11,85.7890828137702,87.00485557663526,85.57382441705744,86.35604095458984,3137700
2016-03-14,86.18623343182551,86.75015199263116,85.81331327704977,86.01038360595703,1876500
2016-03-15,85.38281875833853,86.3711962118424,85.20393639427157,85.72238159179688,1709400
2016-03-16,86.20142353224013,87.0745941496494,85.72239373076052,87.0169906616211,2038500
2016-03-17,86.71683023426186,87.28378841389495,86.21354746350877,87.04124450683594,2473500
2016-03-18,87.13220348831152,87.61729826969989,86.56221278309071,87.5263442993164,2737800
2016-03-21,87.11704346056815,87.40506784451122,82.02354464383426,82.8572998046875,13577700
2016-03-22,82.81183377146087,87.89320307526182,82.7572558312974,85.498046875,5370000
2016-03-23,85.41617643377938,86.52279343281836,84.89166620695076,85.79818725585938,3561900
2016-03-24,85.39492790319778,85.85880203797714,84.84616480869315,85.30094146728516,1872600
2016-03-28,85.80728194416889,86.38637013025567,85.41920611770134,86.08318328857422,1580400
2016-03-29,85.63144835748274,86.74413745702839,85.32826148263008,86.58950805664062,1975200
2016-03-30,87.05942091026974,87.12005687894556,85.67387028980428,86.23475646972656,1823700
2016-03-31,86.10135017091638,86.55612685212893,85.38583467409285,86.3075180053711,2161500
2016-04-01,85.71329671976204,87.35049597343232,85.3616038643589,87.21102905273438,1962900
2016-04-04,87.32319630395068,87.72340204308527,85.97705414280661,87.05335998535156,1368900
2016-04-05,86.05288790462915,87.75072356112155,86.0498554108748,87.08674621582031,1823100
2016-04-06,86.77447125131312,88.19034054418267,86.52888782555453,88.15699005126953,2206200
2016-04-07,87.85680741049214,88.911892869633,87.5627180563684,88.75120544433594,3823500
2016-04-08,89.25750217473521,90.12158203967128,89.13623024258331,90.03971862792969,3042000
2016-04-11,90.02759317005072,90.57635628151222,89.15441585195258,89.35148620605469,2355000
2016-04-12,89.29390151872785,90.53392737649185,89.2150775241094,90.24590301513672,2214600
2016-04-13,90.51573932971895,90.95232114112984,89.85479468767362,90.07005310058594,2871900
2016-04-14,89.94573861390352,90.1609970027892,88.75422583488272,89.28782653808594,2328000
2016-04-15,89.43035421104291,90.23075898867008,89.33940022666278,89.87300109863281,1452600
2016-04-18,89.74259039102354,90.17311404642194,88.98766642224264,89.97604370117188,1627500
2016-04-19,90.23376591919173,90.4459987619648,89.82143714320641,90.43993377685548,1716000
2016-04-20,90.58850547110494,91.44045559013767,89.70926985412859,90.96142578125,2716800
2016-04-21,91.86493863208452,93.68404632776938,88.72091564510286,90.15801239013672,5533500
2016-04-22,90.3974804000342,90.9553410278241,89.06346826900332,90.6824722290039,2178900
2016-04-25,90.3095801039278,91.0523813044901,90.09128917731871,90.72797393798828,2079900
2016-04-26,90.92505165000784,91.21914104862157,90.64612471802862,90.99175262451172,3489600
2016-04-27,91.04024123883876,91.09481916894777,89.89724128943755,90.58546447753906,2376300
2016-04-28,89.94271677101824,90.47025949111728,87.65367739001337,87.80526733398438,3502800
2016-04-29,87.73553484567321,87.8537743093405,86.55917743732316,87.10794067382812,2243400
2016-05-02,86.50763677604752,87.94473301860073,85.71935519971468,87.77494812011719,2368200
2016-05-03,87.39297285317255,87.62339382212996,86.6592619695766,87.620361328125,1727400
2016-05-04,87.31110939372999,87.75073081295568,86.89271543253895,87.620361328125,1549200
2016-05-05,87.92350144031127,88.2994541935374,87.15644734939896,87.58393859863281,1527900
2016-05-06,87.50515060124138,88.06907653808594,87.34446310978045,88.06907653808594,1201200
2016-05-09,87.55664475910262,88.681456540259,87.55664475910262,88.46923065185547,1607100
2016-05-10,88.7633352842578,89.91847227861305,88.7633352842578,89.74262237548828,2351100
2016-05-11,89.86693995476733,89.86693995476733,88.72999775303617,89.13626861572266,1866600
2016-05-12,90.0063735774174,90.2943979033084,89.13623561490296,89.79718017578125,3107700
2016-05-13,89.64258514712148,90.31869242900962,88.77547934498119,88.88462829589844,2073000
2016-05-16,89.28785200789615,90.34597011745618,89.17264501912433,90.25198364257812,1314000
2016-05-17,89.77902451585396,90.40661887413256,88.5571932305246,88.73606872558594,1951200
2016-05-18,88.7481975982604,89.31373941252964,88.16744967963773,88.5505599975586,1554300
2016-05-19,88.49277712027431,88.77554798395333,87.40729109366475,87.67182159423828,1419300
2016-05-20,88.1766013691545,88.7087038836018,87.86342508836815,88.05802154541016,1099800
2016-05-23,88.3803057744427,89.08268180371736,87.90293838296712,89.00362396240234,2098200
2016-05-24,88.4107120483264,89.38065295012662,87.35867208272948,88.7603759765625,2063100
2016-05-25,89.09482607548264,89.48097763963094,88.50191323444344,88.55664825439453,1756200
2016-05-26,88.53231417421425,89.13435064914482,87.69615936279297,87.69615936279297,1931700
2016-05-27,87.83604056689919,88.89719716695186,87.76306517269566,88.7208480834961,1394400
2016-05-31,88.8546405326034,89.392818446041,88.11273556907045,88.50801086425781,1727400
2016-06-01,88.37117877834356,88.67523828667794,87.9880683909913,88.58402252197266,1047000
2016-06-02,88.55057358035086,88.79685683413015,87.96678435130994,88.79381561279297,1603500
2016-06-03,88.46848696840868,88.82119909997492,87.62929070352087,88.48065185546875,1371600
2016-06-06,88.64181001445263,89.78810714981587,88.48066004258338,89.23168182373047,2217600
2016-06-07,89.29551412683358,89.68166573083836,89.12524052589669,89.34112548828125,1755900
2016-06-08,89.39281827247464,89.99485487886353,89.11916400424022,89.78809356689453,2028900
2016-06-09,89.1678193118222,89.59349987578078,88.4137563996865,89.09788513183594,1359900
2016-06-10,88.69045535158037,89.41714729690109,88.25869232745049,88.79991149902344,1693800
2016-06-13,88.69042991238409,89.08266389995781,88.13096357049804,88.6174545288086,1902600
2016-06-14,88.28911064340434,88.86985882491672,87.89383526306975,88.83032989501953,2088600
2016-06-15,89.17997163966547,89.38672596951132,88.3985448017799,88.45631408691406,2355300
2016-06-16,88.29212891145905,88.45023763062404,87.38299855677273,88.34077453613281,1538700
2016-06-17,88.15531618143255,88.37727666880733,87.17321027001306,87.6627426147461,2236200
2016-06-20,88.54449040063636,89.08875070708008,87.9667836190786,88.04279327392578,1625700
2016-06-21,88.36513297069439,88.47154791892977,87.34045674623025,87.41647338867188,1407600
2016-06-22,87.41645187026923,88.25868933741239,87.41341064857465,88.15226745605469,1638000
2016-06-23,89.0096961316328,89.16476361551082,87.82995284705306,87.85123443603516,3021300
2016-06-24,85.81101282150155,87.41339536787487,85.61945764413379,86.2762222290039,5037300
2016-06-27,85.5951586394906,86.2367172969735,84.75291412602114,85.23332977294922,2813400
2016-06-28,85.95393923384867,88.39855957950661,85.93873312505221,88.19483947753906,3028800
2016-06-29,88.88502750148515,89.07962388744919,87.54109316622043,88.30123138427734,1894500
2016-06-30,88.61746026647256,89.4475326906122,87.86339749243943,89.29246520996094,1875300
2016-07-01,89.45972711263785,89.74858058077388,88.92154214537136,89.33202362060547,1322400
2016-07-05,88.9063131470187,89.81240217556447,88.6600299120135,89.5934829711914,1584900
2016-07-06,89.0309699482924,91.36309228250664,88.8515796699074,91.15328979492188,3020100
2016-07-07,91.07119150457298,92.19924785851627,91.07119150457298,91.85565948486328,2211900
2016-07-08,92.48810757456324,93.63744559484346,92.34215679641888,93.19960021972656,1875600
2016-07-11,92.71310925586948,94.01143231656772,92.12932006172858,93.4033203125,1625700
2016-07-12,93.71346058065456,94.15130598069705,92.92899250176102,92.94419860839844,1747800
2016-07-13,93.0232575053222,93.77731337954184,92.99285225101713,93.3121109008789,1015200
2016-07-14,93.81685106705982,93.81685106705982,92.83170403313252,93.11752319335938,1359000
2016-07-15,93.02935640127896,93.86855972552372,92.7709081949841,93.01111602783205,1536600
2016-07-18,92.6553566084748,93.60097473740964,92.47900054637982,93.42157745361328,1225800
2016-07-19,93.65571245163548,94.0023352087914,93.13273361422804,93.95368957519533,1455600
2016-07-20,94.25772297495348,95.01178576089464,93.81683637638264,94.896240234375,2863500
2016-07-21,90.73066924500016,91.21716030265988,86.73231890755144,88.3681411743164,10390800
2016-07-22,88.64481413159416,89.81239237323979,88.64481413159416,89.26509094238281,3504600
2016-07-25,89.53874545261979,89.79415232396433,89.17691673177661,89.75462341308594,2052000
2016-07-26,89.8610573514113,89.9978775085268,88.56880975760923,89.05834197998047,1818900
2016-07-27,89.25294346499153,89.5083503852454,88.3559780227365,88.87591552734375,2060100
2016-07-28,88.87591126315014,90.68504816769187,88.43806587849625,90.57559204101562,1834500
2016-07-29,90.62424236953572,91.13506317138672,90.31714860346604,91.13506317138672,2472600
2016-08-01,90.00091379252824,91.16849909062124,90.00091379252824,90.41443634033205,1536900
2016-08-02,90.62119766311416,91.80398219849414,90.38707234118418,91.74317169189452,2208000
2016-08-03,92.03203114863446,92.09588288070756,90.97694999938032,91.67628479003906,1577100
2016-08-04,91.89216155798636,92.0320299060931,90.998237321032,91.22628021240234,1188300
2016-08-05,91.4816717358218,91.61849883947178,90.7580142643839,91.33267974853516,1417800
2016-08-08,91.46952447048024,91.68540944071974,90.19248285596376,90.47830200195312,1812000
2016-08-09,90.59991511567054,90.87052813056232,89.78504180908203,89.78504180908203,2034900
2016-08-10,90.06476098468572,90.21679419109552,89.73637872350966,90.14077758789062,1210200
2016-08-11,90.64552664953854,90.80059413595858,89.92795154296063,90.22592163085938,1596000
2016-08-12,89.78808589028726,90.02829365985195,89.30767731047445,89.94315338134766,1258800
2016-08-15,90.37187033340533,90.54822636441465,89.95227228369757,90.10125732421876,1019400
2016-08-16,90.1529747426766,90.50263871581744,88.60227862996335,88.64180755615234,1747200
2016-08-17,88.50153304814842,88.5991124299621,87.46170297880342,87.71479797363281,3317100
2016-08-18,87.68124438073546,88.37650001048426,87.66295130232788,87.99838256835938,1365900
2016-08-19,87.71784542017937,87.85506794859455,87.00124663781976,87.75138854980469,2834100
2016-08-22,87.53486132373746,88.49845479433647,87.38848880801697,87.78795623779297,3432300
2016-08-23,88.29112360172111,89.33705360089506,87.79102669575742,88.77597045898438,2165400
2016-08-24,88.36733306802718,88.5899348730867,87.28786018348677,87.45862579345703,1432800
2016-08-25,87.26041997083362,87.7208736414762,87.15064755890957,87.36714935302734,1916400
2016-08-26,87.42509089735161,88.17218265939643,86.8792578753371,87.15674591064453,1618200
2016-08-29,87.17811901077326,87.81543154317076,86.87013080066477,87.41901397705078,2464500
2016-08-30,87.25735788213642,88.00749950395036,87.17197857585658,87.4281234741211,1933200
2016-08-31,87.5196229332323,87.58060916309523,86.42490684628203,86.51333618164062,1508100
2016-09-01,86.40964521581093,87.2939593891336,86.20533648755922,86.98902130126953,3056400
2016-09-02,87.07441320246411,87.62634622164842,86.79386818932386,87.34275817871094,1274100
2016-09-06,87.63245567886342,87.63245567886342,86.62921889853016,86.94635009765625,1110900
2016-09-07,86.78169248695058,87.54707744885332,86.27854555586562,87.36106872558594,2036700
2016-09-08,86.96464758888712,87.23909262706849,86.27244195344763,86.403564453125,1805400
2016-09-09,85.70221465618222,85.85163023273392,83.67134094238281,83.67134094238281,3446100
2016-09-12,83.36638584927977,85.39725915037675,83.33284272918536,85.18380737304688,2965500
2016-09-13,85.00389228095237,85.21430103000866,83.44262265117507,83.47616577148438,3028800
2016-09-14,83.80856358977522,84.51601228624112,83.68354111093903,84.04336547851562,2094900
2016-09-15,84.23545863607148,84.77214158881786,83.85733428037945,84.38792419433594,2083500
2016-09-16,84.2202159284176,84.35133841377714,82.84800484620284,83.54631042480469,2888400
2016-09-19,83.09499176141064,83.98539891395973,82.88153302031857,83.40907287597656,2578500
2016-09-20,83.8573288860324,84.50074815731303,83.70791334648739,83.90917205810547,2382900
2016-09-21,83.86037910346829,84.91850885683748,83.29320307414383,84.88801574707031,1745400
2016-09-22,85.18382973000988,85.59549032690154,84.83619840163887,85.26615905761719,1646100
2016-09-23,85.42470804206972,86.5804172694191,85.32103564513851,86.29682922363281,2288400
2016-09-26,86.03458793767544,86.27853285300463,85.43081170926799,85.47655487060547,1622100
2016-09-27,85.33324546015521,86.22365989267239,84.92463487241825,86.10778045654297,1290000
2016-09-28,86.54689027463843,86.54689027463843,85.5741465241321,85.96751403808594,1975800
2016-09-29,85.92176167021316,86.14436350741778,84.24156936822993,84.55870056152344,2199900
2016-09-30,84.99478305653219,85.29056425946149,83.82382338879442,84.36356353759766,2174400
2016-10-03,84.13788796900228,84.2812035147385,83.8359998509895,84.11349487304688,1827900
2016-10-04,84.1744804641227,84.38183224731053,82.63760375976562,82.63760375976562,2787600
2016-10-05,82.89983445786405,83.2535587136179,82.52171013111484,82.969970703125,2238000
2016-10-06,82.85105468426364,83.76891207988255,82.48818034324502,83.5737533569336,2494200
2016-10-07,82.69247455031562,82.69247455031562,79.70715103258837,81.94843292236328,7021800
2016-10-10,82.79925158972765,83.8482318898517,82.33269768195638,82.558349609375,2233800
2016-10-11,82.22290577521203,82.34488524190591,80.99096690320101,81.54290008544922,3750600
2016-10-12,81.564248881472,82.23510453037595,81.26236069872257,82.03689575195312,1563900
2016-10-13,81.47274369882598,82.49123046669523,81.13426943227772,82.16799926757812,1851900
2016-10-14,82.66808501418944,82.70772815127037,81.83865706215406,81.84475708007812,1602300
2016-10-17,81.86916035891635,82.46378655084006,81.82037416830462,82.2076416015625,1522800
2016-10-18,82.73216098967555,82.80229727064614,81.93627577443833,82.59188842773438,1257600
2016-10-19,82.56441013121821,82.98827066742597,82.0338202138201,82.7900619506836,1886100
2016-10-20,83.11330697646758,84.53431135148159,83.02182762566866,84.1104507446289,2870700
2016-10-21,83.4426149415838,84.65931020807811,83.24135623832306,84.5098876953125,2208300
2016-10-24,84.9337892346111,85.09845489146387,84.22939041216942,84.73558044433594,2767800
2016-10-25,77.9263643386081,78.67345630705755,75.22158459715126,75.50517272949219,18016200
2016-10-26,75.48379046605874,76.8194080773788,75.31912489866724,75.99913024902344,4842600
2016-10-27,76.01743796573945,76.24613979898498,75.05384444457415,75.5020980834961,3520500
2016-10-28,75.35267884106044,75.84057559613505,73.71517295766367,74.6269302368164,5139600
2016-10-31,75.09958381154975,75.44416507035343,74.33114896934917,74.66658020019531,2891700
2016-11-01,74.96846429059228,74.96846429059228,73.02602704310938,73.37670135498047,4023900
2016-11-02,73.47426515316172,74.31893612391814,73.30654956664281,73.9408187866211,2793600
2016-11-03,74.38907821616361,74.7245094155747,73.57490028990264,73.64808654785156,2035500
2016-11-04,74.03232323992587,74.85260139817488,73.9469439030031,73.95913696289062,2447700
2016-11-07,75.15752552235962,75.83143100061295,74.73671497718036,75.61492919921875,3018000
2016-11-08,75.86801140414946,77.17618597967521,75.77958208875724,76.90174102783203,3805500
2016-11-09,76.14247011435106,78.70393376443141,75.65457327330151,78.59415435791016,4071600
2016-11-10,78.73746856643149,82.05212370500047,78.7252685294099,80.81103515625,6203100
2016-11-11,80.47558908708591,80.91469262689465,79.45405253718339,79.81997680664062,2964900
2016-11-14,80.02736488325978,80.39023229773548,79.66144047954478,80.31400299072266,3858300
2016-11-15,80.69211261013805,81.30503191360769,80.0913933447297,81.03059387207031,3159900
2016-11-16,80.84705141513592,80.99694780591867,80.07312001488594,80.14041900634766,2252400
2016-11-17,80.53197122726621,80.92964579807071,80.16794615093839,80.36372375488281,2541900
2016-11-18,80.36372549648621,80.85928888000254,79.53472684243486,79.62344360351562,2427600
2016-11-21,79.60815941944028,81.46193466694318,79.55003946321659,81.4129867553711,2621100
2016-11-22,81.36705880835383,82.57843325933749,81.27528939570729,82.22052764892578,3322800
2016-11-23,82.04616969652986,83.51450133631808,82.04616969652986,83.3309555053711,2383800
2016-11-25,83.22393440340178,84.12328489875999,83.13521762545952,84.1141128540039,1131600
2016-11-28,83.72558227933254,84.17220469729456,83.49310252943818,83.82347106933594,3076800
2016-11-29,83.92138513494382,84.88497483938279,83.37687380840998,84.52706909179688,2514300
2016-11-30,84.62494514968753,84.73813235269836,82.12265797388397,82.18689727783203,3554700
2016-12-01,82.030895418197,82.42857000038588,80.75834095612834,81.33343505859375,3781200
2016-12-02,81.33038866801296,81.33344134823484,80.03947601684352,81.08260345458984,3198300
2016-12-05,80.96634717009329,81.53226215717628,80.47078384508126,81.49250030517578,2538900
2016-12-06,81.68826020147013,82.12569649122294,81.13457705737466,81.51083374023438,1866600
2016-12-07,81.31506887209682,82.52644348144531,80.72467647152986,82.52644348144531,2368500
2016-12-08,82.18996884815463,83.20556613463648,81.86265291848935,83.0097885131836,2474700
2016-12-09,82.92718305450619,83.63993473420416,82.72528610624767,82.87517547607422,2104200
2016-12-12,82.98838393440317,82.98838393440317,81.54146243611159,82.82625579833984,2570700
2016-12-13,83.33711394010213,83.38606185182356,82.37046444960234,82.46835327148438,2308500
2016-12-14,82.48975144388709,82.66717796962861,81.23860772353736,81.5200424194336,2815500
2016-12-15,81.53533584743305,82.34292377579102,81.51698475886124,81.89630126953125,2857800
2016-12-16,81.77392971172686,83.46862903127216,81.6882796420046,83.13214111328125,3884700
2016-12-19,83.15047861314909,83.28813623970566,81.54754898768557,82.2511215209961,2683800
2016-12-20,81.97277270279389,82.10737068000688,81.10706489523562,81.42826843261719,2417400
2016-12-21,81.6576863097855,83.0923686755058,81.22330261433214,82.9638900756836,2336100
2016-12-22,83.33097234728768,83.43192082432171,82.32455425977032,82.65798950195312,1253100
2016-12-23,82.81400112892173,83.34627366248552,82.07371927306114,83.29733276367188,1430100
2016-12-27,83.24531458112766,83.56651106856222,82.7681093714475,83.32179260253906,1165200
2016-12-28,83.5971052943342,83.66134459521571,82.65798622869532,82.68551635742188,1419900
2016-12-29,82.59376321665393,83.13215517902812,82.19914829011196,82.9394302368164,1093800
2016-12-30,83.33709030103998,83.33709030103998,81.99723699398945,82.20831298828125,1761000
2017-01-03,82.81401343085318,84.00703728653798,82.68247511860774,83.9825668334961,2670600
2017-01-04,84.14775719655393,84.89721823059037,84.04068933410288,84.55154418945312,1897800
2017-01-05,83.70417932971817,84.82378465791945,83.1994439287082,84.4842300415039,2495700
2017-01-06,84.4230430667816,85.75678396536362,84.32515427616008,85.34381103515625,2331000
2017-01-09,85.34075937565908,85.49371543895384,84.80543415880513,85.2734603881836,2013000
2017-01-10,84.87578927979249,85.41418120150402,84.47200234006837,85.31017303466797,2632500
2017-01-11,84.92166609597415,86.97427101871531,84.92166609597415,86.80297088623047,2523300
2017-01-12,86.24623562959688,86.94674863053581,85.70172436950934,86.73567962646484,1948800
2017-01-13,86.80298431388715,87.28018961658624,85.89750760905038,87.212890625,1740300
2017-01-17,87.05074289660979,87.40252918161133,86.40529026036592,86.98650360107422,2218800
2017-01-18,87.09664637461972,87.90422723169887,86.62249377565614,87.78186798095703,2363100
2017-01-19,87.7512695608738,88.09693651078128,86.09633215052774,86.59801483154297,3458400
2017-01-20,86.96512667281415,87.15784463440357,86.20036718905288,86.76016998291016,2747700
2017-01-23,86.7632007274919,87.22205486439823,86.56436346806194,86.87638092041016,3195600
2017-01-24,87.00181459328047,87.45761612799215,85.81797688065188,85.8883285522461,4618500
2017-01-25,86.40532340427526,86.69898986816406,85.69562419870674,86.69898986816406,7054800
2017-01-26,92.24804759870636,94.5025567990894,91.31198808793836,93.30035400390624,9041100
2017-01-27,93.24529422517404,94.8298732043464,92.87209009060754,93.36153411865234,4503900
2017-01-30,93.19330703648872,93.83570022764292,92.4774884786246,93.24836730957033,3495600
2017-01-31,92.6151361418135,93.26670830850058,91.82590630575646,92.93633270263672,2738100
2017-02-01,92.44380670152243,93.78366689222476,92.28779798122088,93.66130065917967,2311500
2017-02-02,93.83262120479418,94.0222794410367,92.8629122539173,92.95162200927734,2213700
2017-02-03,93.83265490654618,93.83265490654618,92.68857871385428,92.9944839477539,1762800
2017-02-06,92.83842536148346,93.19633102946553,92.3061598818938,92.37345886230467,1756800
2017-02-07,92.63349570094246,92.98834176431554,92.2327614131984,92.39794921875,1430700
2017-02-08,92.44993977123708,93.44106649697768,92.3857004650257,93.41047668457033,1294800
2017-02-09,93.53281871388027,93.90296307757724,93.3309217882274,93.7561264038086,1574700
2017-02-10,93.80204636501934,94.12936230939788,93.37990128738312,93.7500457763672,1219500
2017-02-13,93.91216910657552,94.73198876654496,93.6062639493583,94.71363067626952,2231700
2017-02-14,94.34959611288129,94.82986807177704,93.85709242992124,94.79927825927734,2446800
2017-02-15,94.59127623786752,94.86047222982208,94.01006271091867,94.8023452758789,1710900
2017-02-16,94.80536869984836,95.57624720002993,94.31898449216077,95.18775177001952,1766400
2017-02-17,95.212253812351,95.49368151598688,95.00423746516798,95.24284362792967,1423200
2017-02-21,95.23977314126569,95.97394263498256,94.98893528166604,95.60073852539062,1749600
2017-02-22,95.39578427129597,95.84852610463876,95.10211786676943,95.58238983154295,1226100
2017-02-23,95.600773501653,95.8062891847415,95.05478405205407,95.14987182617188,1093200
2017-02-24,94.7112632613867,95.90140533447266,94.7112632613867,95.90140533447266,1464300
2017-02-27,96.00566881388885,96.11915772917342,94.97502939213246,95.14987182617188,1048200
2017-02-28,94.86461051011312,95.17441807771124,94.32168903582246,94.64069366455078,1836600
2017-03-01,95.6958751310296,97.13140305220702,95.37380245905489,96.73265075683594,2513100
2017-03-02,96.48110954072908,96.5301909525459,95.80015497395028,95.9995346069336,1306500
2017-03-03,95.95354089728184,96.19279791005248,95.24804899026294,95.68054962158205,1160400
2017-03-06,95.45357703815874,95.94435621701382,95.20511591034698,95.4903793334961,1224300
2017-03-07,95.2511082289944,95.68054079303056,95.20509483901792,95.26644134521484,1258800
2017-03-08,95.08853876742668,96.77252073813123,94.91369630867584,95.39527130126952,2045100
2017-03-09,95.2817908107152,95.62840071086023,95.04866985194845,95.15296173095705,1645200
2017-03-10,95.54863268534176,96.10075819813248,95.2909675600931,95.67132568359376,1196700
2017-03-13,95.54556566744436,95.8338970246445,95.14067034414828,95.6682586669922,961500
2017-03-14,95.17135469165711,95.47502621953932,94.554814574314,95.13147735595705,1288200
2017-03-15,95.24498522587226,96.05170101976287,94.97198691729449,95.88606262207033,1745400
2017-03-16,95.93515776509012,96.23269331792578,95.20205347149286,95.49652099609376,1344900
2017-03-17,95.90757005231256,96.2848533461965,95.64070771241376,96.12535095214844,2218200
2017-03-20,96.16212611005452,96.16212611005452,95.27258763333708,95.7418975830078,1149000
2017-03-21,95.58854364497292,96.0977310373048,94.35546304271992,94.45975494384766,2726100
2017-03-22,94.5885614763743,95.69894876319368,93.76957362510578,95.59772491455078,1772700
2017-03-23,95.37684383193093,96.08540351225729,94.8461875679976,95.31856536865234,1412400
2017-03-24,95.37995913292288,95.75110628245248,94.5793723003814,94.91985321044922,1028100
2017-03-27,94.13152135311148,95.11001151208376,93.91066549565738,94.92597198486328,1895400
2017-03-28,94.8462355574138,95.69282877855026,94.7910250927577,95.37689208984376,981300
2017-03-29,95.30631981516032,95.75415352812443,94.66830350593224,95.13147735595705,1762800
2017-03-30,95.1161524195035,95.60386351011066,94.8738273777088,95.15296173095705,1152000
2017-03-31,95.06707301779988,95.4811725149591,94.91370673403264,95.1468276977539,840300
2017-04-03,95.05786168145178,95.63145641107182,93.8769239221262,94.66217041015624,1557600
2017-04-04,94.8001981128706,95.11920976943723,93.9812103317767,94.59162139892578,1551600
2017-04-05,94.59160891436628,95.77254653748928,94.25112813207404,94.86766815185548,1555500
2017-04-06,94.89835176823657,95.60385060465435,94.70817620194688,95.23269653320312,1214700
2017-04-07,95.35234855711924,96.12532309363932,95.23885258657076,96.03023529052734,1367400
2017-04-10,95.99035066919508,96.2388117661342,95.44742912219034,95.656005859375,759000
2017-04-11,95.26642262160556,95.87376555077208,94.93514593672496,95.8246841430664,1033800
2017-04-12,95.80937529254572,96.2234677431828,95.5578461780875,95.9964828491211,1494600
2017-04-13,95.69283073328336,95.9934343082411,94.56711011710225,94.58244323730467,1307100
2017-04-17,94.9750667301232,95.50879130232214,94.7910271634764,95.34928894042967,1026900
2017-04-18,95.02718521392708,95.56397061867568,94.98117182693392,95.41674041748048,1295100
2017-04-19,95.7173696902692,95.83392667176624,95.14069977681382,95.56092834472656,1936500
2017-04-20,98.49946905282542,99.84604542715311,97.2939938764583,99.38900756835938,4863000
2017-04-21,99.21109579249226,99.74175227134184,98.79700330806403,99.56690979003906,2306700
2017-04-24,100.89506356962268,101.11284435254774,99.80614561368328,100.5269775390625,2008200
2017-04-25,101.22329317407852,101.66192987832784,100.61595004511796,101.58524322509766,1603500
2017-04-26,101.47786303088412,101.82754792153771,100.60980089990164,101.51160430908205,1839000
2017-04-27,101.60364847362354,103.18027782556548,101.223297261214,102.93182373046876,1769700
2017-04-28,103.51461831863966,103.67718868753208,102.15577688105292,102.65882110595705,2145900
2017-05-01,102.22940244836776,103.08213174974031,102.00548553466795,102.00548553466795,1334400
2017-05-02,102.17415323560444,102.86737991119072,101.9962427709947,102.66493225097656,1320900
2017-05-03,103.075981161667,103.47167246831584,101.88890724172046,102.50544738769533,1116300
2017-05-04,102.7232208636226,103.95017203349995,102.41648833664638,103.86428833007812,2321700
2017-05-05,104.13112865125504,104.1556658441231,103.12809454313796,103.75077056884766,1387200
2017-05-08,103.83057787620488,104.09437214011656,103.4011451902868,103.60052490234376,1068000
2017-05-09,103.38268509999268,104.17406749427992,103.2538560609837,103.79371643066406,1083000
2017-05-10,103.80295539997648,103.97779788950436,103.25696577710087,103.58517456054688,940500
2017-05-11,103.14958191630204,103.30602322250768,101.89809359060077,102.64653778076172,1186500
2017-05-12,102.6312069247023,102.99622497109222,102.31833832531548,102.46556854248048,771000
2017-05-15,102.37664479084728,102.91036939285956,102.26621683229511,102.42878723144533,1220400
2017-05-16,102.45943572155882,103.34897416961952,102.33060664472627,103.3336410522461,1746900
2017-05-17,103.33363021513942,103.33363021513942,100.99037952015242,101.00882720947266,2122500
2017-05-18,100.86430718063704,102.30961792730994,100.52604086678092,101.85449981689452,2106300
2017-05-19,102.03593618453272,102.6232850731761,101.56543910057552,102.20814514160156,1551900
2017-05-22,102.68478980177711,102.68478980177711,101.36555808537534,101.92523193359376,1419000
2017-05-23,102.02671032651334,102.57716383958925,101.79299967527132,102.06668853759766,1362900
2017-05-24,102.06666078531129,102.8600450607574,101.6730444351751,102.33419799804688,1086300
2017-05-25,102.65402072040824,102.87851100824572,102.00517023710756,102.73705291748048,1581900
2017-05-26,102.56178725310812,103.14606037542404,102.41726038598487,103.00153350830078,1214400
2017-05-30,103.00151484241093,103.31209903983049,102.7493495005352,103.12759399414062,1363500
2017-05-31,103.21369717970384,103.32440443256868,101.76838650853712,102.02362060546876,3105600
2017-06-01,102.25116844964876,104.32380577387352,102.01130629709844,104.22847747802734,2511300
2017-06-02,104.50218642429344,106.66400807072968,104.13932083274406,106.21503448486328,2207100
2017-06-05,106.17812694849027,106.20273325334792,104.84044769694158,105.24944305419922,1261500
2017-06-06,105.1971803755579,105.55389443675456,104.55448131535684,104.65288543701172,1837800
2017-06-07,104.91427038968764,105.06494884050056,103.97635193303704,104.63442993164062,942300
2017-06-08,104.6344027496204,107.0022526140188,104.6344027496204,106.39030456542967,2656800
2017-06-09,106.49178519099672,109.05336747614864,106.49178519099672,108.52444458007812,3853800
2017-06-12,108.40144913779692,108.86887038778102,106.47948981737224,106.9961166381836,3493200
2017-06-13,107.37434384678023,108.90883114530988,107.20213492297134,108.62899780273438,1824300
2017-06-14,109.03799133794531,109.05643902593071,106.93152719908228,108.456787109375,2029200
2017-06-15,107.38358204301636,108.14929139484224,107.16831910693544,108.09085845947266,1342200
2017-06-16,108.15850344095558,108.2107847961349,107.18368984227745,107.79871368408205,2610300
2017-06-19,108.4321758078476,109.78215789794922,108.34607487611478,109.78215789794922,2385000
2017-06-20,109.78218788298432,110.88308780233976,109.78218788298432,110.07740020751952,2122200
2017-06-21,109.88057807772692,110.60323337560764,109.13024772767795,109.29015350341795,1590900
2017-06-22,109.13025683236268,109.37933936107356,108.57673462756996,109.09027862548828,1056300
2017-06-23,109.09029466982209,109.8529283470315,108.88425906736576,109.81295013427734,1793100
2017-06-26,110.08968077751908,110.58170121748188,109.84059125072864,110.39104461669922,1820700
2017-06-27,110.50175868736348,111.18136706423086,109.8375292504327,110.1388931274414,1411500
2017-06-28,110.73237791430462,111.49501134411815,110.69855128962708,111.0214385986328,1529700
2017-06-29,110.97226861740046,111.3535819111758,108.37070771247718,108.44143676757812,2106900
2017-06-30,108.77045510273844,109.08411507025708,107.80486185967428,107.92478942871094,2954700
2017-07-03,108.79505743817144,109.43468758073034,108.0631747754092,108.6228485107422,920400
2017-07-05,108.70588629185016,108.86271628809644,107.58653876366463,107.96170043945312,2367300
2017-07-06,107.44507792754786,107.89712021513051,106.67014125327552,107.57730865478516,2074200
2017-07-07,107.5312049802762,108.65978011767616,107.01766088629066,108.2538604736328,1700100
2017-07-10,108.17085493233714,108.67517879027312,107.8664151440357,108.22312927246094,1211700
2017-07-11,108.24462932129532,108.81967505443272,107.69110002989304,108.63516998291016,1650000
2017-07-12,109.1671747313152,109.81294955540972,108.4783459061418,109.46238708496094,1802400
2017-07-13,109.68992066907444,110.02818694516549,109.14561883950836,109.21327209472656,1138500
2017-07-14,109.27784435372476,109.8559727833452,109.14868942508504,109.6191864013672,1357500
2017-07-17,109.98205999833068,111.09525591185948,109.78217601534948,110.52021026611328,1483200
2017-07-18,110.32341171268796,110.56941845883136,109.66533381297076,110.14197540283205,1838400
2017-07-19,110.54790802557308,110.96612376641966,110.0620319754524,110.61863708496094,1861800
2017-07-20,108.27230487650768,109.96669827688189,103.87178781242662,107.86946105957033,9246300
2017-07-21,107.63265323935347,108.6843474274465,106.79622196467773,108.29688262939452,2723400
2017-07-24,108.1646760953017,108.64746930693744,107.64190467213012,108.13700103759766,1761900
2017-07-25,108.57981601867098,108.83812592500928,107.60807104322733,108.3122787475586,1503600
2017-07-26,108.48757499793858,108.86889538454857,107.63884029244082,107.81412506103516,1252800
2017-07-27,107.82333636279884,108.01092427082554,105.61232302466406,106.27040100097656,2633700
2017-07-28,106.27039459054718,106.31651733882676,104.85890335558057,105.28634643554688,2364300
2017-07-31,105.3078709878572,105.4247227845238,103.67804814194008,103.71495056152344,2665500
2017-08-01,103.67803173307374,104.59441938603948,102.80777385689056,103.65958404541016,3249900
2017-08-02,103.7549299075704,104.38840854693716,103.12760284460452,103.65345001220705,2301900
2017-08-03,104.05013976406796,104.05013976406796,101.99594967669547,102.7186050415039,2553600
2017-08-04,103.13684864379458,103.63808959538504,102.62637328753536,103.03844451904295,1574700
2017-08-07,103.27522830209872,103.93637505944004,102.62944641127298,102.82933044433594,1357500
2017-08-08,102.75550796843794,103.24445270688533,101.93444849474012,102.24811553955078,1654200
2017-08-09,101.76838413561234,103.89022734967293,101.64845655995082,103.22599792480467,2286600
2017-08-10,102.90311915419558,103.18910410991394,101.786847348179,102.10665893554688,2422500
2017-08-11,101.93445359202067,102.77396783655536,101.66691631755631,102.05745697021484,1527000
2017-08-14,102.79551154961828,103.89026013091214,102.39881924228504,103.78878021240234,1887300
2017-08-15,103.75492699182904,103.75492699182904,102.24811458314224,102.26963806152344,1785600
2017-08-16,102.48543451571996,103.13595463887188,102.12472284331923,102.79682159423828,1671300
2017-08-17,102.57175083915492,102.90163283670648,101.52968953327832,101.60368347167967,1394700
2017-08-18,101.50197583927988,101.94593255437732,100.83912796464462,101.42182159423828,1661400
2017-08-21,101.43105541631196,102.13398387148656,100.71579933968285,101.62220764160156,2089500
2017-08-22,102.09697531829998,104.6065456973678,102.09697531829998,104.52330780029295,2601000
2017-08-23,103.9252015238677,104.25199988215527,102.7567379171972,103.51824188232422,1548000
2017-08-24,103.8419641250286,103.85121513295051,103.07429982234642,103.45350646972656,1330800
2017-08-25,103.82655793689206,104.84086643884017,103.17603775366383,104.56339263916016,1588500
2017-08-28,104.1502544954195,105.57768977839736,104.1132575248199,104.48938751220705,1443600
2017-08-29,103.95297776444676,104.12254433114116,102.70744323730467,102.70744323730467,1727700
2017-08-30,102.70433481895896,104.60654946463984,102.5440193008386,104.20575714111328,2228100
2017-08-31,104.78848045086586,105.21701886288432,104.31677771369807,104.59732818603516,2238600
2017-09-01,104.89020131500304,106.56119033396276,104.47707427225436,105.93842315673828,2123100
2017-09-05,105.81199946323026,107.69263529156588,105.60543598376448,106.3576889038086,1884000
2017-09-06,106.40706141878766,106.88184076927762,105.32184240222772,105.7349624633789,1536300
2017-09-07,105.62088520319767,105.73495276107153,104.10403718754654,104.68364715576172,1576800
2017-09-08,104.80695130431084,106.4471106052262,103.67240088260073,106.22513580322266,2180700
2017-09-11,106.85408269617648,107.14388414583736,105.96309265885198,107.14080047607422,1894200
2017-09-12,107.4429390750696,108.64223260820737,107.350450149407,108.01329803466795,1691700
2017-09-13,107.98553738140816,108.48498597982672,106.7030061064768,106.955810546875,1109100
2017-09-14,106.94966034354375,107.30728843198855,106.29297978201654,106.83867645263672,1436400
2017-09-15,106.75544334740007,106.75544334740007,105.0289549420382,105.1245346069336,2881500
2017-09-18,105.29716420938612,105.29716420938612,104.34451486174534,104.72988891601562,1946700
2017-09-19,105.192335542929,106.10491125147422,104.75146956540895,105.66712188720705,2140500
2017-09-20,105.96922333557168,107.24250330556886,105.62084639384656,106.99278259277344,2290200
2017-09-21,107.0699000878921,108.42025816549295,106.94965813329058,107.78515625,2082300
2017-09-22,107.9331379399057,108.0040411728882,106.08024763140928,107.8313980102539,1710600
2017-09-25,107.10381087655551,108.80871332520066,107.04831187710354,108.5219955444336,1562100
2017-09-26,109.44687036905988,110.9883732002464,108.20749653230276,108.56512451171876,2572500
2017-09-27,108.54974135504828,108.95669403052842,106.63210803365996,107.85606384277344,1722600
2017-09-28,107.36584668895767,110.25462376879172,107.28876907166956,110.07581329345705,3196200
2017-09-29,110.06657734852998,112.21543641098596,109.91858943211672,110.38412475585938,2349900
2017-10-02,110.3224550100674,110.902064885763,109.60103162712365,110.81265258789062,2297100
2017-10-03,115.53586004586953,116.30353164567876,113.28834425492138,115.41870880126952,6070500
2017-10-04,115.61292091988022,116.12778087770964,114.45062437102786,115.3570327758789,2115000
2017-10-05,117.17294311809437,117.46274461558336,116.03839237740732,117.12361145019533,2491500
2017-10-06,116.86153520132758,118.27663617769532,116.53782044471608,118.22422790527344,2153400
2017-10-09,118.07932301765264,118.23039460755882,117.00027148261202,117.77102661132812,1712100
2017-10-10,117.80800113460602,118.1810404207945,116.99408184157429,117.60760498046876,1315500
2017-10-11,117.21300418943451,118.3105507034621,117.03110295604716,118.09165954589844,1389300
2017-10-12,117.78951534813484,118.6928400007669,117.52129254929098,118.25505065917967,1328400
2017-10-13,118.84082690018494,119.36493781522324,118.30745792013695,118.95488739013672,2194500
2017-10-16,119.15836432272818,119.2046123079326,118.02690461268604,118.40919494628906,1422300
2017-10-17,118.56026233819276,118.6959155711958,117.59220180296468,117.98065948486328,1557000
2017-10-18,118.33215208953077,118.76993446273364,117.95293828011872,118.41539001464844,1360800
2017-10-19,118.23961817509914,119.53449108422885,118.07314237825666,119.48824310302734,1151700
2017-10-20,120.08020733951231,120.42241707347117,119.4204431176036,120.14494323730467,1587600
2017-10-23,120.26518734176004,120.33610469345386,118.7699249712204,119.18305206298828,2357100
2017-10-24,117.9128394558666,121.50146887899504,117.8850934851026,119.9013900756836,2487300
2017-10-25,120.27443019954828,121.2887529566654,118.88707511946646,121.02052307128906,2174700
2017-10-26,121.35350336406243,122.7716953126168,120.7985697334252,122.24141693115234,1793400
2017-10-27,122.2537061308042,122.70074646990528,121.13458108944678,122.48493194580078,1804800
2017-10-30,122.43561350441112,122.71308731894176,121.37814768634662,121.54771423339844,1234800
2017-10-31,121.57548153721751,122.49421766568564,121.5354008815262,121.8251953125,1335300
2017-11-01,121.05441204289842,122.145805158491,120.6782890692176,122.01631927490234,1125900
2017-11-02,122.37395120778676,122.37395120778676,120.51180996220288,120.88794708251952,1535700
2017-11-03,121.22397454425032,122.74081517858149,120.85401892139971,122.42942810058594,1021500
2017-11-06,121.7728024804019,122.62062130995194,121.27334666960562,121.4521713256836,1134600
2017-11-07,121.67411350236736,122.09957524735982,121.27024450192124,121.47372436523438,971700
2017-11-08,121.67409473529624,122.21054028193429,120.70294355798433,121.9361572265625,1121700
2017-11-09,121.72650837445931,121.72650837445931,118.6650810994266,119.3217544555664,1343700
2017-11-10,119.16453797242312,120.29292112923112,119.16453797242312,120.07095336914062,750300
2017-11-13,119.4759114851706,120.4686412919951,119.26009697597324,120.14801025390624,909600
2017-11-14,120.00313633439475,120.30218880209245,119.22313015991703,119.96922302246094,814200
2017-11-15,119.16453310584468,119.46358553744632,118.42153105928814,118.99188995361328,1002600
2017-11-16,118.98261231604774,120.14437649767102,118.76632146570584,119.89411163330078,1526100
2017-11-17,119.40589655859726,119.98059760722715,119.14635323701924,119.56965637207033,968100
2017-11-20,119.42756983681272,120.360695629549,119.34723159991668,119.78907775878906,676800
2017-11-21,120.17219002444484,120.57696453926268,119.66856272172907,120.54297637939452,1046400
2017-11-22,120.73761475927246,121.03732721684462,120.15364929274192,120.67581939697266,977400
2017-11-24,121.1207613566599,122.01989871733748,121.1022185050027,121.74799346923828,444600
2017-11-27,121.73870876390087,122.04769969955898,120.47498024937912,120.56768035888672,1518600
2017-11-28,121.16400892208482,122.8665000564809,120.93845374030715,122.83251190185548,1762200
2017-11-29,122.86342751767904,123.2743830040082,121.2938052791696,121.72638702392578,1395300
2017-11-30,121.78195128697214,124.3063244127699,121.68307024681856,123.41336822509766,2121300
2017-12-01,123.5586197533122,124.13023747257672,120.89211234191175,122.0693359375,1964400
2017-12-04,122.74298604817656,126.886431810745,122.74298604817656,125.73391723632812,2682300
2017-12-05,125.48660862160013,126.4104693889819,124.62455733328166,125.30740356445312,1683600
2017-12-06,124.49485045177023,125.1004563650916,123.39486745718855,123.9603042602539,1116900
2017-12-07,123.91084815535272,125.63496545754718,123.91084815535272,125.59171295166016,1127700
2017-12-08,125.5917099555058,127.91215450800124,125.44957639720307,126.32708740234376,1727400
2017-12-11,126.15404758953802,126.64842456277675,125.27963414177772,125.99028778076172,938700
2017-12-12,126.296227990748,126.636109633906,125.54540497179676,125.7616958618164,1066800
2017-12-13,125.88525368743224,126.23748299852818,125.24874308798884,125.27655029296876,1518600
2017-12-14,125.83272797426284,126.27147646600451,122.9746535391324,123.66368103027344,1335900
2017-12-15,124.34035985821166,125.26730454603016,123.75947772649752,124.77294158935548,2597700
2017-12-18,125.30129728476308,126.28695397452468,125.29821388099523,126.11083221435548,1209300
2017-12-19,126.6824995925797,127.896795390189,126.40441323842607,127.26028442382812,1263600
2017-12-20,127.593938032826,128.22117026417914,127.08103219226408,128.02342224121094,1122900
2017-12-21,128.45906432417144,128.45906432417144,127.03465930511112,127.15516662597656,1255500
2017-12-22,127.60937693681818,127.83183458680392,126.96668535761536,127.6371841430664,1208700
2017-12-26,127.2262430884158,127.80404182229552,127.04395452553506,127.11193084716795,548400
2017-12-27,127.49503203724942,127.51665828962736,126.49393032563458,126.74420928955078,1040100
2017-12-28,127.01614169173536,127.66190257459938,126.06447323101555,127.63101196289062,920400
2017-12-29,127.856541316361,128.44360426062178,126.4939318159467,126.69476318359376,1086600
2018-01-02,126.86474304711362,127.8503997715846,126.60829719535673,127.82567596435548,1099500
2018-01-03,128.1068411156652,128.46525140397767,127.36218504387848,128.3385772705078,1014600
2018-01-04,129.14504054350928,130.27899774221223,127.60940631933646,127.64029693603516,1669500
2018-01-05,128.6506110823349,130.38709018537767,128.2983818172554,130.28512573242188,1619100
2018-01-08,130.26352155115242,131.1904661372385,130.0935807674332,131.00816345214844,1276200
2018-01-09,131.13488497808163,132.03710599020968,130.9155106773024,131.07308959960938,1569600
2018-01-10,130.36552108545598,130.69613838781754,129.40458808416642,129.62705993652344,1050600
2018-01-11,129.9545670117934,131.44385106905372,129.91748130132427,131.42840576171875,898200
2018-01-12,132.1143416419185,134.06709794864287,131.097780232719,133.7395782470703,3062100
2018-01-16,134.1906666772363,134.45330756257732,130.52615519150254,130.96798706054688,2764500
2018-01-17,131.75283560592848,133.14941946244414,130.5508880715671,131.91659545898438,2194500
2018-01-18,131.93201644081265,133.9342200169771,131.63230399941813,133.0968780517578,1922100
2018-01-19,133.313212441699,133.91262337630104,132.55619429493362,133.10928344726562,1959600
2018-01-22,132.86205283157844,133.10306747653,130.73317499881782,131.99072265625,1710900
2018-01-23,131.9351050315583,132.6179656982422,130.9618245535896,132.6179656982422,2137800
2018-01-24,132.9671155088217,134.08562714129235,131.8887729840422,132.6704864501953,2255100
2018-01-25,129.47871525499937,133.1432412219651,128.53940873335716,131.21209716796875,4416900
2018-01-26,131.22450542166828,131.5551227639197,129.2532057065193,130.9093475341797,2871900
2018-01-29,130.94643163899738,132.03095563376257,129.6023641656932,130.0164031982422,2216400
2018-01-30,129.66102570755228,130.44273924384797,128.41274228593804,130.19247436523438,1974900
2018-01-31,130.37479880427517,130.49530617132652,128.69394733882356,128.87933349609375,2184600
2018-02-01,128.1593754782252,128.77116240510156,126.18499278738511,127.340576171875,2628900
2018-02-02,127.26950479037107,127.85038690530764,124.35271816926478,124.55973052978516,1980600
2018-02-05,123.59263840898385,125.66899990532148,121.49774819989766,121.5008316040039,3576900
2018-02-06,119.88480717647234,125.45883560668572,118.61489784464897,125.1374969482422,3170400
2018-02-07,125.35691242026736,126.99142759572528,124.40525803084576,124.66788482666016,2379000
2018-02-08,124.75129231197936,125.09735484346268,119.69018259723882,119.77668762207033,2378400
2018-02-09,120.92607129151448,124.36504113056998,117.87333298830924,123.24034881591795,3061800
2018-02-12,124.1518613620256,125.6257139889698,122.23309344249716,124.73275756835938,1611900
2018-02-13,124.24458405638826,125.84201355397848,123.73476161756554,125.3723602294922,1312200
2018-02-14,124.51957196244106,126.1108346421332,124.02829238201348,125.34146881103516,2192400
2018-02-15,126.2189827878562,126.37964510356288,123.62353463269366,123.92942810058594,2195700
2018-02-16,123.68224869189848,125.0603182522537,122.79238952674376,124.30331420898438,2297400
2018-02-20,124.00666114257122,124.30329023645396,121.99519283586017,122.56371307373048,1653900
2018-02-21,123.00246249694908,125.27965489463976,122.56369985490709,122.7058334350586,1595100
2018-02-22,123.41339474071457,124.1209650421758,122.35976194043565,123.24655151367188,1615200
2018-02-23,123.67696175753012,124.03925066352195,122.22779195895087,123.30228424072266,1811700
2018-02-26,124.03928107056426,125.40792523435188,123.62434755419494,125.16020965576172,1518300
2018-02-27,125.20666214617438,125.55965259969676,123.6243498012078,123.67699432373048,1485300
2018-02-28,124.22507256479555,126.82612876455758,123.89993522434432,124.34893035888672,2775000
2018-03-01,124.34889209104276,124.53467872500444,121.82524424557566,122.77896881103516,2257800
2018-03-02,122.3547883911092,122.58393523184948,120.68267982572956,120.83750915527344,2024700
2018-03-05,120.10670988313332,122.3083107317036,119.95807489409064,121.72308349609376,2588100
2018-03-06,121.71689893676783,125.59369835154388,121.06044421964552,124.17860412597656,1613400
2018-03-07,122.77277451551222,126.74247371071576,122.45384575496676,126.27490997314452,1932600
2018-03-08,126.4173282373934,126.64956503235275,124.34577999524646,125.20660400390624,1563900
2018-03-09,126.21609333767896,130.5016461557219,125.28714582996162,130.41184997558594,2475000
2018-03-12,130.3622908363004,130.4335182694424,128.22572298508368,128.58181762695312,1304700
2018-03-13,129.2630477078495,129.67798121018112,127.0366692927836,128.12355041503906,1264500
2018-03-14,128.66234570750555,128.66234570750555,126.20992436191052,126.65272521972656,1375200
2018-03-15,127.06763169521214,127.38657468243736,125.9343146159444,127.03976440429688,1085700
2018-03-16,126.89417753484244,127.30290234574598,126.13553836007678,126.65574645996094,2133000
2018-03-19,126.51645641743868,126.76727621937692,124.66166559839246,125.51010131835938,1116900
2018-03-20,125.88477484803803,126.78275081644767,125.2561874177671,125.68968963623048,1030800
2018-03-21,125.5070227044349,126.92520717990932,125.3088332277072,125.47914123535156,1165500
2018-03-22,124.60591623226568,124.77311996397914,121.63637739005009,121.72308349609376,1689600
2018-03-23,122.15351571666928,122.627273875779,120.03550221074074,120.27393341064452,1775400
2018-03-26,121.54346784781372,122.73251932160726,120.42253955766289,122.28971862792967,1351500
2018-03-27,122.6334531679434,123.40757132536964,120.36681910063866,120.98612213134766,1401300
2018-03-28,121.367005394904,121.67046975549816,119.11895377188785,119.29236602783205,1791900
2018-03-29,120.13460487991628,122.45077965735786,119.87759074269376,121.41964721679688,1682700
2018-04-02,121.13474811975864,121.98939229193452,117.09073785340227,118.2488250732422,1836600
2018-04-03,118.82787443097754,122.35478088240411,118.39127502593485,121.69832611083984,2206200
2018-04-04,120.0138058823167,122.9678659590946,119.50907628747058,122.76349639892578,1799400
2018-04-05,123.33636078565657,124.52230818470986,122.03582580997274,122.8749771118164,1773900
2018-04-06,121.83146373531662,122.83472877563426,119.15300022850666,119.4347915649414,2106300
2018-04-09,120.4039707701783,122.46933950304286,119.7041701103596,120.4906768798828,1454700
2018-04-10,121.58372947029704,122.0482031670763,119.93330848383188,120.19650268554688,2121900
2018-04-11,119.35117240469351,120.87464575779518,119.25828615823724,120.33895874023438,1772100
2018-04-12,120.84990112303736,121.51564032677936,119.49363131164549,119.72586822509766,1501500
2018-04-13,120.17174198249988,121.0201918692764,119.0167518873696,119.34808349609376,1736700
2018-04-16,120.0602703616499,120.60834598607984,119.5679293194177,120.11600494384766,2132700
2018-04-17,120.87157380119312,123.7822745523758,120.52476346508143,123.37044525146484,2817900
2018-04-18,123.24040499632432,125.16331944885408,122.99577944533426,124.13218688964844,1866300
2018-04-19,124.0795165915034,125.22211797590109,122.36095815451569,122.67990112304688,1991400
2018-04-20,123.11030109631976,123.11030109631976,120.82818861844258,121.50321197509766,1930500
2018-04-23,121.36701745766202,121.38251031482936,119.85593233567998,120.05410766601562,2231100
2018-04-24,118.16520450082032,120.07264667313326,113.4430599062748,114.2853012084961,7386300
2018-04-25,113.93541428997705,116.7005767664153,113.13342170578328,115.41243743896484,3668400
2018-04-26,115.61062617819996,115.90788913452327,113.29754857783055,114.96346282958984,3774000
2018-04-27,114.96345338231582,116.6789077755053,114.35034459867124,116.16179656982422,2651700
2018-04-30,116.12155281439038,117.57690318036414,113.81466238203237,113.84562683105467,2572500
2018-05-01,112.74016667950588,115.83356356532012,112.20447257999326,115.7530517578125,3220200
2018-05-02,115.8862113201073,115.90788430684108,114.7993443457543,114.92010498046876,2925000
2018-05-03,114.83648916664912,115.41243206404764,113.23250407296146,114.64759826660156,2064900
2018-05-04,114.32246460023428,118.02896292070758,113.94469698621327,116.90184020996094,1836900
2018-05-07,116.9699473083443,117.68214355881854,116.254660992637,117.2486343383789,1585800
2018-05-08,116.72226182871114,118.56157402069664,116.59530689119126,117.02881622314452,1476600
2018-05-09,117.62022521356866,118.40363478065645,116.2237069604334,117.91748809814452,1536900
2018-05-10,118.0908887350544,118.59561122799008,117.1526499120213,117.8060073852539,1753800
2018-05-11,117.49328690642912,119.28305168521484,117.49328690642912,118.00420379638672,1656300
2018-05-14,118.32622230956189,119.20871952106084,118.14043566102724,119.0848617553711,1833600
2018-05-15,118.76286495521184,119.1003909355521,117.27655005165371,117.55833435058594,2072700
2018-05-16,117.55830648854632,118.51821841254603,116.76250824144012,118.01348876953124,2276700
2018-05-17,117.5727877209184,118.72728571759772,117.38347672959068,118.0041732788086,1168500
2018-05-18,117.97313204540194,120.66075697072198,117.66898855168184,120.28213500976562,2303100
2018-05-21,120.72597057170826,122.3739163289955,120.39388956965142,121.281494140625,1965900
2018-05-22,121.37148731823862,121.8183866361663,116.38727492975688,116.6821060180664,3249000
2018-05-23,116.69139589121838,119.3293685913086,116.63242400230904,119.3293685913086,3694800
2018-05-24,118.89178025883128,120.28214453739628,117.4083054580094,119.94385528564452,3125700
2018-05-25,119.81042271365642,121.99839232186386,119.71110386727644,121.73458862304688,2874000
2018-05-29,120.7600757967188,121.46766740711924,119.73281990568267,120.4062728881836,3083700
2018-05-30,120.55216292733424,121.03631215381807,118.32075623609468,119.5621566772461,2177700
2018-05-31,119.6614591800618,120.09905312961536,117.613155237049,117.7000503540039,4695900
2018-06-01,118.4541719284124,120.62661318494736,118.2958883218828,119.79488372802734,2011800
2018-06-04,120.12077714740327,120.46216351140922,118.86386302023394,120.05870819091795,1275000
2018-06-05,120.08665237505468,121.54529433087042,119.6335446783984,121.16976928710938,1653000
2018-06-06,121.19459909062948,122.81151756786642,119.57147229653738,122.76497650146484,1890300
2018-06-07,122.70287616388448,123.59668897918976,122.12563063719792,122.61287689208984,1420800
2018-06-08,122.91082897906388,123.58118509203108,122.16908432992788,123.53462982177734,1461000
2018-06-11,123.3887687480199,124.0715272808897,122.69669063718212,123.68048858642578,1243800
2018-06-12,124.13976795535162,125.11116319203606,123.6432164414784,124.89702606201172,2345100
2018-06-13,124.76050334474267,124.99947379402084,122.59426982081798,122.94496154785156,2662800
2018-06-14,123.39805643292912,124.8349760348934,122.6780481047322,124.51221466064452,1346100
2018-06-15,123.6525207087502,125.23529995512877,123.47561926117405,124.79460906982422,2874300
2018-06-18,124.13975679462844,124.13975679462844,123.31112445468118,123.62458038330078,1652700
2018-06-19,122.833220566649,123.74254705511365,122.34287726436396,123.39806365966795,1642800
2018-06-20,123.40738897274616,124.13671703814704,122.42359094791132,123.4880828857422,1168500
2018-06-21,122.79907471315391,123.8232336754472,122.51666028658394,122.70597839355467,1761900
2018-06-22,123.21186030112509,123.79841120641956,122.51667096792866,122.93875122070312,1559400
2018-06-25,122.81458378476871,123.26458004166126,121.18213801079077,122.57250213623048,2217900
2018-06-26,123.13113153655844,124.93736742157952,122.85181421914928,124.38494110107422,1832100
2018-06-27,124.45016354918587,126.21915014890462,123.36393548233696,123.68048858642578,1968900
2018-06-28,123.77048492624436,126.37121538451628,123.52532036347723,125.65120697021484,2249700
2018-06-29,125.8777222742752,128.15257936215673,125.8777222742752,126.48912048339844,2359500
2018-07-02,125.92428360200896,126.5760145759904,125.21978905664076,126.23773956298828,1366800
2018-07-03,126.31539113357547,128.1309334830326,124.19569802579817,126.29055786132812,1140300
2018-07-05,126.3742775272436,127.28670077136104,125.38736872347012,127.19979858398438,1324200
2018-07-06,127.09124041388505,128.60264597388593,126.52330015734846,128.3543701171875,1236900
2018-07-09,128.7950757576134,129.8750957458092,128.49714753719755,128.84783935546875,1350300
2018-07-10,128.745351203697,130.10157664263102,128.08120363974905,129.99916076660156,1502400
2018-07-11,129.173661485207,129.72297663736728,128.55916612516094,128.88192749023438,1579200
2018-07-12,129.49952763912938,129.5584995351829,127.66226397128426,128.509521484375,1948500
2018-07-13,128.6554115315887,131.2126841493425,128.518856966983,129.84715270996094,1618800
2018-07-16,129.84714259906002,130.2692228943704,128.9533296815423,129.36920166015625,1567800
2018-07-17,129.31021543484502,131.89852886595247,128.9812457558795,131.6999053955078,1525200
2018-07-18,131.69991422152566,134.02132707583672,131.69991422152566,132.3733673095703,1725300
2018-07-19,131.8985681448785,133.20514188017893,131.3895855832044,133.164794921875,1721400
2018-07-20,132.10024911559057,132.69302247136216,131.06678481923095,132.24610900878906,1792800
2018-07-23,132.1840475720777,132.51612853021706,129.518151363487,130.8340301513672,2668800
2018-07-24,131.58818404241887,135.0020332981598,129.72608703140975,133.3820037841797,4554000
2018-07-25,133.7730742362323,136.06036329951036,132.522375296631,135.7127685546875,2673600
2018-07-26,136.54758753309383,139.5610787714471,134.443408659566,139.3562469482422,3939300
2018-07-27,139.34694262128278,139.9148828250305,137.4196652357756,137.72381591796875,2482800
2018-07-30,137.62135505326947,138.02790730836344,136.137880439258,136.64064025878906,1597200
2018-07-31,136.55375020332602,137.9379059713832,136.14408669385566,136.78030395507812,2122500
2018-08-01,136.18443977328533,136.89203137184327,134.8313113094901,136.01063537597656,1675500
2018-08-02,135.89582913272753,136.85480783702863,135.16340421049938,136.0478973388672,1701300
2018-08-03,136.92929722244423,138.2234539511143,136.4544534384927,137.44757080078125,1577100
2018-08-06,137.217900233939,138.34757195907684,136.98823521754528,137.9285888671875,1311000
2018-08-07,137.79515928493663,138.39412672996087,136.69652902335326,137.82308959960938,1051500
2018-08-08,137.92247472968214,138.93110621695135,137.50349139485755,137.68971252441406,984900
2018-08-09,137.96891490676552,138.22030188248192,137.13407431671197,137.81063842773438,1293600
2018-08-10,137.61822868456747,138.07754445898232,136.45752972426718,137.48167419433594,1521900
2018-08-13,137.91929646027916,138.68897125692027,134.4433787619092,135.04856872558594,2430000
2018-08-14,135.00202056380024,136.68411887236823,134.65442593435367,135.4178924560547,1872000
2018-08-15,135.20069361619525,136.47001755234982,134.46826840294298,136.1255340576172,1744500
2018-08-16,137.23869314236757,137.79532211808518,136.06016964639304,137.55276489257812,1742700
2018-08-17,137.75492578108043,138.36440788062723,137.16720835748492,137.87619018554688,1217700
2018-08-20,138.04725638345244,138.33644623130343,137.01487880394663,138.08457946777344,1272300
2018-08-21,138.3768423816908,139.62068869951656,138.1000936220931,138.3146514892578,1893600
2018-08-22,138.37683810021178,138.6536010858291,136.4768772142749,136.5359649658203,1323300
2018-08-23,136.6136558319933,137.12052067817058,135.35116265806738,136.7660369873047,1540500
2018-08-24,136.8157870670792,139.5926542737157,136.6882879535414,139.1199951171875,1879500
2018-08-27,139.48073358989035,142.2389399427018,139.07648571504265,141.4988555908203,2661000
2018-08-28,141.60458346203205,142.6991515414666,140.4571481500464,140.746337890625,2238600
2018-08-29,140.44158382753756,142.24826519714725,140.12440891477505,141.9310760498047,1209900
2018-08-30,141.7756228747989,142.62142748789736,141.23765532666062,141.8657989501953,1422000
2018-08-31,141.41177928226782,142.7302429780783,140.85516451830514,141.66676330566406,1313100
2018-09-04,141.24078121973477,143.02568400239736,141.0075618182487,142.839111328125,1287900
2018-09-05,142.41615945401762,143.66000538113235,142.41615945401762,143.55738830566406,1689000
2018-09-06,143.66316043537591,144.58049393534355,142.96660532570834,143.78443908691406,1284600
2018-09-07,143.06301050500852,144.82925179217855,142.89198199084962,143.82485961914062,1641900
2018-09-10,144.59599740795642,145.5941830613708,144.1730880507757,145.2210235595703,995400
2018-09-11,145.22104637882947,146.42446638868824,144.08915514223773,145.97357177734375,1944900
2018-09-12,146.12904374828835,146.3840420489242,144.59602197852269,145.57554626464844,1412400
2018-09-13,145.85231112962867,146.6577038640761,145.40141646267293,146.11041259765625,1080000
2018-09-14,146.10721330740307,146.12277169844594,145.12458632471294,145.52261352539062,1174800
2018-09-17,144.26639910297166,146.13837464808998,144.1015911213021,145.9860076904297,1796400
2018-09-18,146.12287218472696,147.59060027588023,145.76837407220555,147.0775146484375,994500
2018-09-19,146.9281835048004,148.7068652975136,146.66075847307133,147.718017578125,1989300
2018-09-20,148.069443026462,149.09251098329204,147.56257799130503,148.6322784423828,1494900
2018-09-21,149.14845378957594,149.14845378957594,145.4013855298598,146.13836669921875,5647500
2018-09-24,145.289447936442,146.06684109660176,143.89013170740594,145.0935516357422,2667600
2018-09-25,145.6345834225681,145.6345834225681,142.83906881044356,143.53872680664062,2160000
2018-09-26,143.40192811681487,143.84038167348194,142.13321416797453,142.45350646972656,1619700
2018-09-27,142.9199176243778,143.05674038826248,141.1536627150622,141.64808654785156,1935300
2018-09-28,141.61390291717035,142.41929546674783,141.05418498783246,141.5517120361328,2406900
2018-10-01,142.68364441180486,143.80931534212866,142.08038272709163,142.10836791992188,1976100
2018-10-02,142.4690260708554,143.034964435272,141.0541659252356,141.17543029785156,1820100
2018-10-03,141.52684319092657,141.70097480964398,136.9837203623912,137.50924682617188,4476600
2018-10-04,137.10187681100405,137.66160895123386,135.86116238125203,136.59812927246094,2236800
2018-10-05,136.82208664169576,137.74562658436432,136.1037667260533,137.42845153808594,1848900
2018-10-08,137.50613279312114,138.1093943136391,136.47685874815625,137.6180877685547,1512300
2018-10-09,132.9132676521815,135.29832843100343,131.1936592430383,132.07366943359375,3801000
2018-10-10,131.2683046348875,131.98350693436274,128.80550856284498,128.98275756835938,3026400
2018-10-11,128.382591758027,130.2483466819202,125.7487673442089,126.62879180908205,2781600
2018-10-12,128.7651195965886,129.28752887894623,125.36322451288032,126.55108642578124,2586300
2018-10-15,126.46397206343346,126.597677464805,124.80965775100944,125.09886169433594,1985100
2018-10-16,125.6959254618969,129.12890799282602,125.01181146675462,129.0262908935547,2589900
2018-10-17,128.54430822176323,128.6593663456516,126.66611210465636,127.70160675048828,2503500
2018-10-18,127.65805789289158,128.47275981747055,125.42848146718782,126.50440216064452,2580600
2018-10-19,126.72209966824254,127.16677382631168,124.74750669602724,125.43473815917967,2690100
2018-10-22,126.24323794747168,126.45781009197025,124.8563622649392,125.55291748046876,1754400
2018-10-23,123.6249255115872,125.91979610159947,120.65526463562958,124.9900360107422,2438700
2018-10-24,124.90293592726748,125.54040300469832,120.12660890519538,120.62103271484376,2993100
2018-10-25,114.43299865722656,117.15700702566158,110.47759909273891,114.43299865722656,7341300
2018-10-26,113.76441800896096,117.51458986541584,111.3762536822215,115.19172668457033,6425100
2018-10-29,116.85537034861233,117.68563091373568,112.69472963606968,114.03496551513672,3220800
2018-10-30,114.37700603304536,119.81879408118384,113.9012364925563,119.65708923339844,3907800
2018-10-31,121.19944018476082,124.49871705375212,120.50289944970564,122.35309600830078,4759200
2018-11-01,122.10743737771614,124.65730631591082,121.74983623740997,123.71820831298828,3300000
2018-11-02,124.54847241142195,127.29425196754688,123.52231568148343,125.12374877929688,3701400
2018-11-05,124.4054568227069,126.40491749900544,124.20954625930749,125.66483306884766,2103300
2018-11-06,125.2263413837332,126.34890871313142,125.2263413837332,125.960205078125,1752300
2018-11-07,127.2786374348783,129.36828727982933,126.26492217607088,128.97958374023438,2089200
2018-11-08,128.3172820363476,129.7103775471633,127.3222138143364,129.1537628173828,2431200
2018-11-09,127.2600051663846,129.80363861220255,126.71893467208156,128.99826049804688,2014500
2018-11-12,127.60210095487427,129.14134313930373,126.99572203784072,127.1978530883789,1938600
2018-11-13,127.41548017661523,130.12393589136005,127.22580443492318,129.59530639648438,2666400
2018-11-14,130.33229770409318,132.59296226685157,128.59402793268742,129.01693725585938,3978900
2018-11-15,127.93883710340997,132.22652681088385,126.5272709746976,131.18264770507812,2204400
2018-11-16,130.06084565502331,133.09587126063218,129.53422756751468,132.10809326171875,2403000
2018-11-19,132.0956000087102,132.39473340092147,128.0416157860418,129.3970947265625,2545800
2018-11-20,127.0912890012496,128.49038841042938,125.3774510646339,127.77057647705078,4481700
2018-11-21,128.371960742844,130.59682584815909,127.17227438287502,127.90144348144533,2163000
2018-11-23,127.57422600752456,130.53135492020385,127.42154257443184,129.34725952148438,879900
2018-11-26,130.874146907064,130.88348992532048,127.53373972943967,128.2379608154297,1795800
2018-11-27,127.33429362388584,128.42179225816577,125.18733967005566,125.71394348144533,2560800
2018-11-28,125.9756571054706,129.8208709552381,124.5609820873738,129.77723693847656,2668800
2018-11-29,129.65263775474256,131.60328860235973,129.1945874153056,130.79934692382812,1713000
2018-11-30,130.82427167804164,132.20779414703333,130.40048385259297,132.14236450195312,1809300
2018-12-03,133.22990296184412,135.23664090417142,129.95492501219357,130.35690307617188,2961300
2018-12-04,130.62172856545175,131.56277723170254,126.6082536419882,126.6986312866211,3169800
2018-12-06,124.66076293092932,126.1907502038879,122.79113192020566,124.96302032470705,3864600
2018-12-07,124.53296016706716,126.8419548879898,120.90276298601664,121.37017059326172,2209800
2018-12-10,121.17384484677687,123.20862520478684,119.79030831649423,122.60411071777344,2130300
2018-12-11,124.25249478516486,124.81337520988772,120.89962204251692,121.7908172607422,1608300
2018-12-12,123.0123332705346,123.6978682461966,121.90613429222492,122.00896453857422,1359300
2018-12-13,122.33614462930944,123.1276193648648,119.65322257912638,120.24527740478516,2412900
2018-12-14,119.82149170736773,121.10218392197515,119.54727773679822,120.27955627441406,3093900
2018-12-17,122.23331515208908,123.08400036795058,116.15078320210957,117.30371856689452,3198600
2018-12-18,118.61559223809478,121.01495761050504,118.26971515297056,119.62831115722656,2797500
2018-12-19,120.90274636796876,123.07463379815296,117.7274974971736,118.48469543457033,2316300
2018-12-20,117.76803220482104,119.96795627264947,117.05757059448328,118.21985626220705,3437100
2018-12-21,118.1513013388209,120.87785062951616,117.25387953597048,117.33489990234376,3852000
2018-12-24,116.59950768952363,117.27568538590582,113.798171561929,113.81063842773438,1065600
2018-12-26,114.61767700909996,120.5381677341773,113.84177878452434,120.50389099121094,1957800
2018-12-27,119.04559303444326,121.89054870605467,117.23828276580088,121.89054870605467,1804200
2018-12-28,122.43277968423855,123.56389838209785,120.81555296216244,121.39513397216795,1665300
2018-12-31,121.75654945529467,122.71628395811966,121.21123117217712,122.60411071777344,1544400
2019-01-02,121.33282955678742,123.13701674750018,120.45410064485652,122.2209014892578,1522500
2019-01-03,121.80018470639924,121.80018470639924,117.66206998061772,118.5314483642578,2587200
2019-01-04,120.77500972479832,123.63241806643124,117.99237404567624,121.67242431640624,3172500
2019-01-07,121.80954133034732,125.4490959851724,121.80954133034732,123.3893814086914,2589900
2019-01-08,123.7601597793085,125.25897909882929,122.42960031639691,124.26495361328124,1773900
2019-01-09,124.51738734925246,125.52387993765645,122.84095049419172,124.06244659423828,2947800
2019-01-10,123.58567052388292,124.853895713716,122.03698370225932,124.50178527832033,1305000
2019-01-11,123.25542597578225,124.2930717226838,122.54184750118606,123.37383270263672,1699500
2019-01-14,123.41743505512189,124.66074117193772,121.72231198328907,123.9565200805664,1699200
2019-01-15,117.78669765948162,119.4942942165612,115.60546014028174,118.8586196899414,7717500
2019-01-16,118.5844493504289,120.96510763563,118.5844493504289,120.5724868774414,3243900
2019-01-17,119.96173123234894,123.49534636375846,119.35099024620696,122.93756103515624,2452200
2019-01-18,123.8318732764525,125.36186037630588,123.3426556897838,124.18399810791016,4287600
2019-01-22,123.06842843514184,124.3242013614178,121.64128601721715,122.7630615234375,2798700
2019-01-23,122.99051828694512,123.65111950367852,120.88718409678614,122.5823211669922,2224200
2019-01-24,122.31121560313244,123.03726072341024,121.03986637866808,121.60699462890624,1858800
2019-01-25,123.09957473573434,124.25251721310194,122.2956331441211,122.40780639648438,2723700
2019-01-28,121.6880092297311,123.70719909667967,121.2174778102956,123.70719909667967,2150400
2019-01-29,123.54832591467644,125.6641275977796,123.1650481473672,125.57687377929688,2018100
2019-01-30,125.10632568103762,127.65836730043846,124.77602505593576,126.27172088623048,3128400
2019-01-31,124.64203072544304,133.2703859017443,123.70721545934184,131.3477783203125,5006700
2019-02-01,131.80896923481723,133.519683100414,129.1353966641691,129.94557189941406,2394600
2019-02-04,130.652909602859,130.79625004593842,128.65863879512372,130.55007934570312,2223000
2019-02-05,130.53450013461844,131.46308201408658,129.79287846489527,131.4443817138672,1850400
2019-02-06,130.8990519316842,131.75284670741868,130.8990519316842,131.20130920410156,1495800
2019-02-07,130.55010359399228,131.2636820930848,129.4189705551817,130.2852325439453,1401600
2019-02-08,130.20108088642797,131.3976433940271,129.3192425898732,131.18887329101562,1531500
2019-02-11,131.78090163190086,132.1049688134547,130.67781226392236,132.03018188476562,1267500
2019-02-12,132.74376814738054,136.4767957888431,132.34180442865534,136.2462158203125,2229000
2019-02-13,136.19009977752486,136.82578150687004,134.90940756642806,135.2334747314453,1233000
2019-02-14,134.83777517357234,136.00006096150543,134.13353979151665,134.54486083984375,1430700
2019-02-15,135.6853128403218,136.9566621002241,135.35501222590565,136.8507080078125,1247400
2019-02-19,135.54823566139447,137.43344295130225,134.92502062777442,136.34283447265625,1780800
2019-02-20,136.40514307623957,138.13454289624053,136.286722102265,136.8787841796875,1489500
2019-02-21,137.1529882061088,137.31191937126144,135.7476555680574,137.0127716064453,1673100
2019-02-22,137.2376727686327,138.00308554499287,136.5785013792831,137.4219970703125,1050900
2019-02-25,137.77186606583962,138.3185750531035,136.37228018976242,136.7346649169922,1614300
2019-02-26,136.0692474083824,136.90337584113317,135.6225016798056,135.6849822998047,1759800
2019-02-27,135.7443788749927,138.0718218726812,134.65719579704228,137.55946350097656,2252400
2019-02-28,137.16271141021917,137.6219419282136,134.6571936364081,135.33511352539062,1564500
2019-03-01,136.2567523320946,136.79722639126635,135.52571872913268,136.40357971191406,1162200
2019-03-04,136.84404084345974,137.6813013441814,135.29762730564266,136.75657653808594,1647000
2019-03-05,136.6097183239196,136.86277272154044,134.6071921193392,134.78213500976562,1641900
2019-03-06,134.57283518357306,134.57283518357306,131.29255210855797,131.9173583984375,3070500
2019-03-07,131.8392623849594,131.93610807581538,128.97136001575444,129.3524932861328,2679300
2019-03-08,128.77454329236372,130.44280049794708,128.1966010147801,130.26473999023438,2157900
2019-03-11,131.08947868200482,133.87616620414562,130.36782670576395,133.70745849609375,1677300
2019-03-12,134.06984904421518,134.19792788943687,131.9392297102096,132.0548095703125,1467300
2019-03-13,132.6390331133684,133.45129564276078,132.3359970381928,132.83897399902344,2411100
2019-03-14,132.74210799848117,134.076095764814,132.42970488146207,133.9667510986328,2280300
2019-03-15,133.91367878551875,135.3320136849122,133.91367878551875,134.65721130371094,2403900
2019-03-18,134.3291447671426,134.94771585069176,133.6949571019308,134.7571563720703,1437600
2019-03-19,135.19140192723336,136.2942014393869,133.98237533859205,134.4197540283203,1205100
2019-03-20,134.7852998992509,135.43510428092057,133.42007859787944,134.104248046875,1253100
2019-03-21,133.90112783324972,135.97551582576637,133.90112783324972,135.46942138671875,1293000
2019-03-22,134.11357707238827,134.2666538831463,131.31440512947827,131.43624877929688,3214800
2019-03-25,131.4456636592701,132.4609848742219,130.87083886054637,131.9580078125,1305300
2019-03-26,133.06080766700163,133.2326330173554,130.68338263838223,131.33631896972656,1636800
2019-03-27,131.62369127189413,133.80429218884893,130.97388707157543,133.3013153076172,1866000
2019-03-28,134.01366525016016,135.10708371901364,133.37947738989993,134.71658325195312,951600
2019-03-29,134.7258833134729,134.8945766855396,133.7667937070257,134.55718994140625,2536200
2019-04-01,134.90397249045634,136.04425457414567,134.12919275197214,135.37570190429688,1785900
2019-04-02,135.8974585042037,136.60662588678102,134.7009307144625,136.57537841796875,1263600
2019-04-03,137.14712333924265,137.95938614141983,136.9596813774106,137.67196655273438,1734900
2019-04-04,138.0436577691387,139.5932028854671,137.61566051718003,138.8278045654297,1194600
2019-04-05,138.62477867476528,140.52420998842862,138.62477867476528,140.343017578125,1268700
2019-04-08,140.11499437267418,140.11499437267418,138.6685437414574,139.4683074951172,1209000
2019-04-09,138.69351170313865,139.35581502448449,137.9093647063336,138.62789916992188,1164600
2019-04-10,138.67786374597537,138.86531993157377,136.75968414769082,138.61851501464844,1372800
2019-04-11,139.08717050106517,139.20901419974015,138.31552234459735,138.47796630859375,1077900
2019-04-12,139.09025071087746,139.215211972948,136.72220762293102,137.93746948242188,1827300
2019-04-15,138.30299976056537,138.7559951057298,137.64069642601382,138.6372833251953,1232700
2019-04-16,138.6997504938376,140.77413890845705,138.49980961412606,140.7303924560547,1345800
2019-04-17,140.5835574471111,140.8959605855828,138.06867285494172,138.36859130859375,1665300
2019-04-18,139.09336609157737,141.723830377703,138.77158158437047,141.3426971435547,2285400
2019-04-22,140.47109345186797,142.29242732326767,140.36174877952132,141.17401123046875,2366700
2019-04-23,140.58355822682685,145.30092429885772,138.92780013239508,143.8450927734375,3760500
2019-04-24,143.66077868917984,143.97004992366763,142.42051895172546,143.05157470703125,1734900
2019-04-25,142.4861476312503,142.8610314689382,140.81789024200614,140.98971557617188,1479600
2019-04-26,140.92413622969522,143.1641012945587,140.67421361237453,142.66737365722656,1015200
2019-04-29,142.43928954146486,142.43928954146486,140.39926582567452,141.0615692138672,1792500
2019-04-30,141.20837337217975,142.45175069313726,141.03654807645717,142.0924835205078,1721100
2019-05-01,142.45796722043966,142.45796722043966,139.52133559241835,139.80250549316406,2129700
2019-05-02,139.33389348017693,141.7113171980025,138.74655571503135,141.4176483154297,1487700
2019-05-03,141.86757632481238,142.8329157920115,140.90223685761322,142.42991638183594,1099200
2019-05-06,140.3773712823861,142.4048955984384,140.2711585023999,141.33334350585938,1357500
2019-05-07,139.9212456414433,140.79285677978905,138.34358486223545,139.64007568359375,1632300
2019-05-08,139.34334601279372,139.7463597870627,138.55919884730218,138.8684844970703,1317000
2019-05-09,137.49391209613353,138.91536491267414,136.5316899613583,138.07186889648438,1125900
2019-05-10,137.55320578871138,138.54042551132991,136.3660594853447,137.4344940185547,1503000
2019-05-13,135.0164331322183,135.85056158645008,133.44502190229227,134.61343383789062,1632900
2019-05-14,134.5259883619468,136.48791468554109,133.85431793909763,135.713134765625,1262100
2019-05-15,134.7353260807453,135.71941420658086,134.2417303697137,134.62286376953125,1039500
2019-05-16,134.86714983257798,136.30487130699788,134.81077084746357,135.71600341796875,1781400
2019-05-17,135.06758769497736,137.33536449809,134.87965300505326,136.4677276611328,1376100
2019-05-20,135.2805866415818,136.0291996118836,132.799811444172,132.9689483642578,1578900
2019-05-21,133.36365961223947,136.10128093164272,133.26968507666916,135.29000854492188,1300800
2019-05-22,135.55625448695014,136.4176398985618,134.88906972477452,135.13966369628906,1023000
2019-05-23,134.55705820935242,135.4685567530259,133.1694497216381,134.86715698242188,1966800
2019-05-24,135.54372803313038,135.7285369721601,134.57585054050995,134.9141387939453,1095900
2019-05-28,134.92040948970654,136.00731091732982,133.75833129882812,133.75833129882812,1521600
2019-05-29,133.7457939338716,134.1091315463717,132.8374212256195,133.57351684570312,1309500
2019-05-30,132.81540918381904,134.5037235232127,132.68699365540974,132.98768615722656,1253100
2019-05-31,131.74111920506112,132.49287241721612,130.80455706747426,131.384033203125,1446000
2019-06-03,131.27126168255586,133.81154175802257,130.7700881467119,133.68939208984375,1567500
2019-06-04,135.13652757786497,136.37692260742188,133.8616914693212,136.37692260742188,2294400
2019-06-05,137.2382516924759,140.92182576580052,135.76921537845456,140.88111877441406,2216700
2019-06-06,140.95320726452562,146.14028930664062,140.37373105619344,146.14028930664062,2589000
2019-06-07,146.13715044923552,150.03372435542832,145.58586373046833,148.46444702148438,2902200
2019-06-10,149.31951107382392,149.42287729515886,147.65939994798734,147.7032470703125,1480200
2019-06-11,148.74317719356398,149.52625992786594,145.92098796989015,147.49026489257812,1880100
2019-06-12,148.3735679271563,148.64921120352537,146.7666955253227,148.42994689941406,1341600
2019-06-13,149.18171755975672,150.0806841063151,148.7369373142189,150.0399627685547,1673100
2019-06-14,149.75802263917288,149.75802263917288,147.78468709231936,148.36102294921875,1434300
2019-06-17,148.3610642872906,148.555264934655,146.12774250409925,146.51614379882812,1250100
2019-06-18,147.5873812719309,147.7440007035447,144.85915192912614,145.57958984375,2081400
2019-06-19,145.5858110466972,146.20914851164355,144.28905174799954,145.65159606933594,1707300
2019-06-20,147.06742142663708,147.975779700102,144.8967446843077,147.73773193359375,1603200
2019-06-21,147.2177945837037,147.7220940122981,145.57334054865674,145.86776733398438,2250000
2019-06-24,146.3282468619072,147.34311183305434,145.29458411208032,145.95237731933594,1151400
2019-06-25,145.31336425284405,146.35329280267257,144.1700837790815,145.12855529785156,1453800
2019-06-26,144.57409913773566,145.00009590984342,142.26872677109037,142.29066467285156,1312200
2019-06-27,142.848269748796,143.42774607372877,141.2633344657481,142.44107055664062,1122000
2019-06-28,142.52562445180024,143.5498809814453,141.717492158112,143.5498809814453,1647300
2019-07-01,144.56155607915383,145.2318664647065,143.32117573897534,144.49264526367188,1261500
2019-07-02,144.60859924001153,145.67671729292562,144.08550199857393,145.14735412597656,1002000
2019-07-03,145.94921613866887,147.30236923838456,145.20060295535012,147.26791381835938,642300
2019-07-05,145.90842657239085,146.38453630481072,144.21698598859604,146.0086669921875,683100
2019-07-08,145.7017281878475,146.28120426739062,144.74638270787025,144.95938110351562,946800
2019-07-09,144.70884066474048,145.10350794355185,143.7315570175389,144.7558135986328,852600
2019-07-10,145.87094031983992,146.32511245024378,142.5319040972225,143.3149871826172,1485600
2019-07-11,143.4057505743517,145.74557827406556,143.15829678606443,145.71424865722656,1232100
2019-07-12,146.1214694416205,147.53100130118597,146.03376083988545,147.13319396972656,1272900
2019-07-15,147.31171615464353,148.4675424399176,146.84813819124946,148.42994689941406,1000800
2019-07-16,148.4706986305568,148.51454576495738,146.25616025031843,146.44723510742188,1507800
2019-07-17,146.27809147941096,146.53493702639204,143.02363916349873,143.09881591796875,1735200
2019-07-18,142.74794610921404,144.01338996849012,140.21079246843078,143.36187744140625,1743000
2019-07-19,143.6563323105692,144.42061724943744,142.67279740452778,143.02047729492188,1464600
2019-07-22,143.21157898248566,144.61484499275298,142.13719515392927,142.3909149169922,1603200
2019-07-23,146.90458995761546,154.19031394436757,145.97116764488098,153.55445861816406,6339300
2019-07-24,155.0484852409971,157.0656824601655,153.04694566138494,156.9685821533203,2743200
2019-07-25,156.79943512625746,159.9129396298351,156.35465491367415,159.5276641845703,2669400
2019-07-26,159.6278836686867,160.78996143711288,158.08679642844444,160.4673309326172,1778700
2019-07-29,159.78142554200744,160.46739381069187,158.54729634625616,159.7908172607422,1946700
2019-07-30,158.519056093009,161.76097599264736,157.97403547237312,161.3193359375,1707000
2019-07-31,160.70231402579782,162.800954492203,158.96702553159326,160.69918823242188,1909800
2019-08-01,161.17841520013584,163.90037886531024,160.10090553120833,160.67098999023438,1615500
2019-08-02,159.53396846075518,160.88085560818166,158.39068803599284,159.89418029785156,1261200
2019-08-05,157.31319452338758,158.53791776337823,154.58496452815558,155.1613006591797,1532700
2019-08-06,156.1980515062995,157.16906903896526,154.40325849355057,156.2606964111328,1704600
2019-08-07,154.9984317942804,161.22230289571968,154.0618694373083,160.6835479736328,2234400
2019-08-08,161.814249747421,163.95987709379915,161.770402617121,163.916015625,1599900
2019-08-09,163.06401700722787,164.13213469528165,161.45715895574068,162.8040313720703,992100
2019-08-12,162.2903610926137,163.66857764033253,161.09695346170244,161.541748046875,969300
2019-08-13,161.45087626898288,165.0718053226285,161.2410037040873,164.7115936279297,1571400
2019-08-14,161.95205320795634,164.24176787474553,161.3381217602269,161.39450073242188,1548900
2019-08-15,163.19640962247067,163.74577524899962,161.71471750237126,163.3000030517578,1291500
2019-08-16,164.77538940462554,167.0104866231688,164.0219984417559,166.40463256835938,1806600
2019-08-19,166.7719538823139,168.4922170928152,165.03913127888646,165.88670349121094,1446900
2019-08-20,164.9417951632989,165.14584936340853,163.07712776467747,164.49290466308594,1209300
2019-08-21,166.13787265574808,167.6666557760823,164.7315220900046,165.6418914794922,1467000
2019-08-22,166.8033418350434,166.89437588083192,164.05657092481584,164.33595275878906,1248000
2019-08-23,163.9655158561041,164.2009541536519,160.17651697502367,160.9142303466797,1839000
2019-08-26,162.11026526204776,162.5277716390067,159.88458006589914,161.1842041015625,1047000
2019-08-27,162.5371953827662,163.23409798418496,160.88599447717158,161.79006958007812,980700
2019-08-28,160.8640027158279,164.13502000811695,160.84201659611853,164.08164978027344,899400
2019-08-29,165.8239005173408,166.32302854970396,164.1664201051549,164.7063446044922,1246200
2019-08-30,165.7140414890688,166.31676299657113,164.54626228140177,165.35617065429688,1274100
2019-09-03,164.9700957478646,165.95892536597117,163.2309787958544,165.49119567871094,933300
2019-09-04,167.12979735980022,168.04329912891953,166.33872810716505,167.84239196777344,1065600
2019-09-05,169.40260672940593,169.40260672940593,166.83788929003524,167.79534912109375,1296300
2019-09-06,169.17661046751255,169.20172926081253,167.66979900993186,167.86444091796875,984000
2019-09-09,167.67913284473065,167.76388717013393,163.22464495728886,164.18836975097656,1382400
2019-09-10,162.8762449011406,164.02833221286474,161.31921053187355,163.78033447265625,1447200
2019-09-11,163.55741935161808,166.58043899876526,163.08339573085257,165.56021118164062,1540500
2019-09-12,167.4468718062545,172.33457371870836,166.66208218180034,169.18597412109375,1878600
2019-09-13,168.2818860822446,170.59859096864415,168.25048760207005,169.99273681640625,1188300
2019-09-16,168.26306166123038,168.26306166123038,165.55080753827963,165.58848571777344,1257900
2019-09-17,166.0091147684335,169.20165743557257,165.65124396591816,168.737060546875,1038000
2019-09-18,169.23622300632096,170.76499151507082,167.88637556521576,170.40713500976562,969300
2019-09-19,169.5595864420866,172.88397540093274,168.73713276886429,172.58575439453125,1564200
2019-09-20,173.33602846341498,173.93560314384652,171.22964231139167,172.8243408203125,2411400
2019-09-23,172.0583023989632,172.8587983466511,169.87657516567214,170.03353881835938,1451700
2019-09-24,171.81347525397544,173.31400659333104,169.17656312611712,170.30038452148438,1599900
2019-09-25,171.3865690936179,171.55922485137876,168.97254988877,170.94081115722656,1399200
2019-09-26,171.16365854128875,172.8242861731338,169.92996404440257,172.13681030273438,849300
2019-09-27,173.1758962796337,173.1758962796337,170.09949135861004,170.8591766357422,1079700
2019-09-30,171.3739784407922,172.81800684504375,171.25156028581188,172.61395263671875,1012200
2019-10-01,173.00003153010687,173.6310043459927,170.61111778050403,171.0411834716797,1458000
2019-10-02,170.63312322606845,171.22643236012468,167.88635254843064,169.8326416015625,1507800
2019-10-03,169.83574213441722,171.11339419889853,168.5329856603955,170.51695251464844,1047300
2019-10-04,171.32374687657253,173.4175728720145,171.32374687657253,172.29061889648438,1071600
2019-10-07,171.9076576999343,173.74722097227675,171.66280699143803,172.42877197265625,915000
2019-10-08,171.1887990716134,172.96871242107437,170.02415234713746,171.38027954101562,1085700
2019-10-09,171.08523418562962,174.8773528338107,171.08523418562962,174.4315948486328,1212000
2019-10-10,174.65440008889627,175.43292427216826,173.477208640613,175.38583374023438,1318500
2019-10-11,176.86122500419248,177.18769728603957,172.27487789619502,172.65786743164062,2163600
2019-10-14,173.01571770720125,174.5099688871224,172.4004513343025,172.76458740234375,859200
2019-10-15,174.5257284284802,175.65582951431452,173.49920641041663,175.44549560546875,1248300
2019-10-16,175.235198206189,177.4106463045237,174.51632374739907,177.12498474121094,1210500
2019-10-17,177.10924730477257,177.99135055801128,175.51768213550147,175.96343994140625,1245900
2019-10-18,175.0750752538046,176.4688660783638,174.855328990784,176.0639190673828,1362600
2019-10-21,176.28049035036886,176.66033288565254,172.47579967216652,172.783447265625,2399100
2019-10-22,175.0091706305667,181.5575009920346,171.45249092274557,177.9568634033203,3324000
2019-10-23,178.9331217068325,178.9331217068325,175.28539410886887,177.00880432128906,1838400
2019-10-24,177.94428176671656,180.50271920901125,177.7590666454307,180.2044982910156,1363500
2019-10-25,180.73819842989369,182.07233964965496,179.90631808250797,180.48077392578125,1298700
2019-10-28,180.51216855737505,182.45532547239307,180.51216855737505,181.5198516845703,1586400
2019-10-29,180.61259904029737,183.1113722736363,180.61259904029737,182.5777130126953,1845300
2019-10-30,182.8100126736524,184.31367666294923,181.37541097597304,184.02801513671875,1610400
2019-10-31,184.42666104003095,184.8975376336396,179.42910094800772,179.66139221191406,2370900
2019-11-01,180.77268559551675,182.20100756630052,179.87800848676994,181.95928955078125,1533300
2019-11-04,183.41588296249745,183.49437199077605,179.2093912413495,179.24705505371094,1831200
2019-11-05,178.46538245452925,180.18566004928545,175.40155157586145,177.3352813720703,2490600
2019-11-06,177.45455375623686,180.7569697484641,177.23167484146944,180.5780487060547,1567500
2019-11-07,181.4978531952867,181.5010002289674,178.01336840992167,178.76364135742188,1793400
2019-11-08,179.36634834355763,182.5306401563595,179.0743927359051,182.49610900878903,1129500
2019-11-11,181.58571703079693,183.01403892590713,181.3408663650681,181.8870849609375,976200
2019-11-12,181.90902738574795,184.9916966266033,181.71125291722555,184.34503173828125,1352400
2019-11-13,184.16302581471936,186.18152469099485,183.64192587060208,185.12989807128903,1080000
2019-11-14,184.6234944021275,187.13964820546937,184.2020333849429,186.6521453857422,857700
2019-11-15,187.13962680491684,187.76867238261835,185.90985573033916,186.4382476806641,1131900
2019-11-18,182.7394858016099,186.10171425931816,182.59166563702385,184.3341064453125,1452900
2019-11-19,184.8782530021132,185.13931034062895,183.41888316168524,183.7428436279297,2064000
2019-11-20,183.73967026364664,183.73967026364664,180.10381517152467,181.1700439453125,1882200
2019-11-21,180.2233357516626,181.36505118849263,178.2135600982175,178.82373046875,2166600
2019-11-22,179.24829106848065,181.163718818767,178.72303786874863,180.7957305908203,1986300
2019-11-25,181.7110707089819,183.1138294152331,181.26759566361656,182.4250335693359,1281000
2019-11-26,182.76467131474968,184.75558611449924,182.220542743023,184.6800994873047,2161800
2019-11-27,184.085630336782,184.62031402072935,183.12319394663655,183.9503936767578,918000
2019-11-29,183.8088509597886,184.485077453049,182.67028872407425,183.40626525878903,709500
2019-12-02,182.6010743006168,182.6010743006168,180.22015778325255,180.7957305908203,1001400
2019-12-03,179.81765423331018,181.89663965536292,179.27667860866018,181.76454162597656,1374600
2019-12-04,182.20799643205476,183.3654198002345,179.52513254537763,179.6886749267578,1279800
2019-12-05,180.6668211583653,181.03480948786867,178.50607212566155,180.0629425048828,1192200
2019-12-06,181.7676148696916,182.64513420426556,180.30195356695825,181.96261596679688,1000800
2019-12-09,181.7456338654238,182.1828170746924,180.6668214870113,181.34304809570312,765900
2019-12-10,180.748564570173,181.08510847008463,179.3898342633295,179.54396057128906,1243200
2019-12-11,180.39315614060172,181.0725212801883,179.33008057132994,181.0033264160156,813900
2019-12-12,180.9278774228892,182.58854011075243,180.8272237824355,181.4185333251953,1304100
2019-12-13,180.84925509248797,182.170235161676,179.90569378660993,179.97802734375,1213500
2019-12-16,180.6259289027068,182.70177523659527,179.67293719313258,182.26773071289065,1358400
2019-12-17,182.4596222856937,182.62945643233496,181.22669779319827,181.8368682861328,1136100
2019-12-18,182.33693829562793,182.33693829562793,179.35214231035243,180.09754943847656,1004100
2019-12-19,180.52528000173777,182.3180405786057,179.81131732769623,181.74562072753903,1141200
2019-12-20,182.8213113619284,183.2427724308714,181.21096812279555,182.7301025390625,2224500
2019-12-23,183.0225287244839,183.73962990292625,182.25195486596175,183.44712829589844,697200
2019-12-24,182.53821344219847,183.66419231523872,182.17337820394513,182.7803955078125,294300
2019-12-26,183.0571773470324,183.1074969671573,181.56005706689905,182.92507934570312,453300
2019-12-27,183.59496852259193,184.01329078691217,182.69858835207705,182.9533538818359,525300
2019-12-30,181.87143127992223,182.67660278023277,181.53488733063827,182.02554321289065,696000
2019-12-31,181.8242662745948,183.62647187887455,181.42797224182596,183.53526306152344,867300
2020-01-02,184.0101378385683,184.0321517687898,178.88031619297982,179.8584747314453,1945800
2020-01-03,177.81099950879943,179.7578723147747,177.48074726860585,177.53106689453125,1635600
2020-01-06,176.83279152232,177.93046454487444,176.42076100606263,177.20391845703125,1926600
2020-01-07,177.9241818789891,178.0625716170734,175.93955900586235,176.24464416503906,1803600
2020-01-08,176.7730161092413,179.38039250871964,176.44591705558113,179.05014038085938,1886400
2020-01-09,179.78302197710417,180.26423304863607,176.9995190698147,177.90219116210938,2245200
2020-01-10,178.60043255719444,179.65092484040204,178.1003318286441,178.36138916015625,1002000
2020-01-13,178.4809156205134,180.92788914053887,178.12237209733286,180.8052215576172,1306500
2020-01-14,180.7674426808855,182.0978673271644,180.08178576542826,180.6825256347656,1810200
2020-01-15,181.20467393066951,184.87197404312403,180.5221699084221,183.8560791015625,1460400
2020-01-16,185.51043111733065,185.51043111733065,182.9848182687045,183.98814392089844,1494900
2020-01-17,184.41590326284904,187.1616699335461,183.62645395191797,186.9729461669922,2143500
2020-01-21,186.96664789008224,188.1618359802716,185.6771267151119,186.5294647216797,1596000
2020-01-22,187.47934397292556,187.64603942603148,185.8469868830319,186.4886016845703,1093800
2020-01-23,186.87547844340423,187.6523443867255,185.39409451934728,187.62403869628903,1297200
2020-01-24,188.3977051146724,188.6964985042476,186.17403901147188,187.08929443359375,1400400
2020-01-27,184.90342453766425,185.55133108840724,183.2238865102787,183.76486206054688,1233300
2020-01-28,183.83718335017872,186.4980330527195,183.83718335017872,185.8972930908203,1189500
2020-01-29,186.510616257723,188.08320877954503,185.64881896972656,185.64881896972656,1906500
2020-01-30,176.88629162866852,179.51883581716032,174.71611207527525,178.93067932128906,3222900
2020-01-31,176.24779863976178,177.38951408129373,173.363656608171,175.18472290039062,2703600
2020-02-03,175.91759087305334,181.81798833949307,175.458393676262,180.8209686279297,2517900
2020-02-04,182.05703136456805,185.5639278642723,181.2895958554898,184.61407470703125,1922400
2020-02-05,184.61091900652627,184.77446138019772,179.5691519535605,183.1892852783203,2439900
2020-02-06,183.6987896928795,184.17686207181495,182.20168382994177,183.01942443847656,1985400
2020-02-07,182.83697919211076,182.83697919211076,179.78928083481674,180.07864379882812,1704600
2020-02-10,179.62574034701242,180.7737474813248,178.91806944972984,179.9937286376953,1518600
2020-02-11,180.29882491295993,182.7835342967704,180.1164072937218,181.49085998535156,1223700
2020-02-12,181.52542840320012,183.0477154303391,181.0536478513777,182.46585083007812,1109400
2020-02-13,181.55058696516124,183.23012449973828,181.19518222943825,182.3463134765625,838500
2020-02-14,182.53819645920225,184.13595581054688,182.16077775179195,184.13595581054688,916200
2020-02-18,183.4031657569975,183.6421947690727,181.2266800471192,182.9817047119141,1239300
2020-02-19,183.9944512718921,186.31875705411088,183.9755760147919,185.2682647705078,1479000
2020-02-20,184.2366078857234,185.9696182843982,182.42181911518503,183.70506286621097,1021800
2020-02-21,182.5193409086095,183.42516606082455,180.02833973702104,180.32713317871097,1149600
2020-02-24,176.55920418731776,179.89626652356077,175.1910430397325,178.36456298828125,1697400
2020-02-25,179.21060391982718,179.52827265224195,173.06488591255894,173.28819274902344,2530500
2020-02-26,174.60916475622514,177.74493394372067,172.62454153709027,173.1781005859375,2172300
2020-02-27,170.5833023594504,172.46728628142088,165.09176868437757,165.2364501953125,2345100
2020-02-28,160.23223654965832,162.94403076171875,156.92763520237085,162.94403076171875,4074900
2020-03-02,164.6057967770589,169.74559020996094,161.7678745540241,169.74559020996094,2520900
2020-03-03,170.43932760349793,174.18853841521795,167.31444878110315,170.45823669433594,2212800
2020-03-04,174.45969266329033,181.2675417580485,171.9465449442882,181.24232482910156,2210100
2020-03-05,176.90981003788164,178.48642425051963,173.1952846661585,174.97686767578125,1775700
2020-03-06,171.14562699952165,171.700601533223,166.96127663926677,170.5906524658203,1971900
2020-03-09,158.0880621537932,169.75192615355763,157.82002938562698,166.22659301757812,3484500
2020-03-10,170.9911770444183,172.3123886984471,162.52470922949396,172.17364501953125,2829300
2020-03-11,168.0680452091549,168.58831934015058,160.04302892447788,164.01296997070312,3127800
2020-03-12,153.45905717287926,160.61377976884984,148.52107151175252,152.1883087158203,3269100
2020-03-13,158.47271873825815,159.3840068526704,145.9543253448635,157.45106506347656,4273800
2020-03-16,141.58080256949452,142.10423794234785,127.84525387231258,128.04391479492188,4736700
2020-03-17,130.8912737830554,136.91081582882188,119.09813052304366,132.55618286132812,5943600
2020-03-18,122.59508696256236,129.34303356109274,102.61611875798503,127.03170776367188,5138100
2020-03-19,125.7641039460955,141.56817598606392,122.37751501832814,140.35733032226562,3081600
2020-03-20,142.9114815171681,144.11287283896556,128.0155339985682,130.134521484375,3788400
2020-03-23,129.541724426312,133.32246053087067,123.21946182037291,125.08934020996094,2876700
2020-03-24,131.9823478054074,145.17868734616445,131.31700749628104,143.16375732421875,3735300
2020-03-25,142.6119087421781,149.7256382814839,141.02897253037642,142.4195556640625,2766900
2020-03-26,146.6354533686029,149.23373567629858,143.15742199649029,146.9854736328125,2562900
2020-03-27,142.2114510116336,148.6724565792751,141.89613108735753,144.94216918945312,1990500
2020-03-30,148.72290914779992,153.3991853134751,145.9606661155021,151.93292236328125,2259600
2020-03-31,150.2490500883968,151.90765126867916,144.27679540245333,144.8979949951172,3840600
2020-04-01,138.71451482158855,140.168162091457,132.8778410774648,134.0067138671875,3430500
2020-04-02,132.4994707199245,138.7334381151525,129.9169648303935,137.7685546875,3257700
2020-04-03,137.1662315497627,139.55954464204996,131.25074727986308,132.44581604003906,2051400
2020-04-06,139.62264628824636,145.9890490563892,138.14692874288636,144.61424255371094,2193300
2020-04-07,149.89280215259657,152.9230640545673,145.68951236208255,146.10574340820312,2435700
2020-04-08,148.28141391514907,155.1302703826439,145.6957479838783,153.97618103027344,1770900
2020-04-09,157.11053051018123,163.39179809859945,153.76809631308518,155.1870574951172,3194100
2020-04-13,152.0842688916101,155.26905047033208,149.11074948525263,154.25685119628906,2571900
2020-04-14,157.662355611807,161.02055213631863,154.512260110686,159.046630859375,2263200
2020-04-15,154.74873372235567,157.6560274818936,153.19733696750555,155.35415649414062,1869900
2020-04-16,157.56457497974532,158.28981780273713,150.12605825221522,152.94190979003906,2226000
2020-04-17,156.88664145370288,163.35710051722273,156.88664145370288,162.94403076171875,1824300
2020-04-20,159.81287597007045,162.3638565967479,155.4330110157393,156.3600616455078,1747200
2020-04-21,154.00142002789636,155.42038112997304,151.23603077802704,152.90093994140625,984600
2020-04-22,155.98165623630123,159.35248258971666,155.98165623630123,157.7537841796875,1117200
2020-04-23,157.8011081501095,160.39622924343175,156.91503683552793,157.25244140625,915300
2020-04-24,158.16368925473532,159.78760440872352,155.9564071598795,159.57318115234375,807300
2020-04-27,158.91100510824484,162.34173396774986,156.8077951188022,161.27593994140625,1401000
2020-04-28,163.65356818666083,163.93105554522336,159.2579397857612,160.41517639160156,1564500
2020-04-29,169.0140134709754,176.46513151377144,165.22380991464524,169.91583251953125,2886600
2020-04-30,166.45048162233346,171.41684665501495,165.1135077024026,169.1307373046875,2059200
2020-05-01,165.74730154407325,167.0432816487041,163.99094999846076,165.9995574951172,1241100
2020-05-04,165.29636220345822,167.08110601391155,163.01026769731578,166.75631713867188,1184400
2020-05-05,168.3707451620937,170.19332122973918,166.97385447935733,167.9702911376953,1121700
2020-05-06,168.69871989950593,169.20324618610616,165.05356691670818,165.23646545410156,1025700
2020-05-07,167.04642811290347,168.16267070231214,165.9270243854526,166.66802978515625,1172700
2020-05-08,169.97895604711684,174.55748243827824,168.60414955229135,173.3277130126953,1477200
2020-05-11,171.28756202046733,177.77063802147595,171.15827290851777,176.21607971191406,2395800
2020-05-12,175.6642732854767,177.767484034815,174.51963806152344,174.51963806152344,1867800
2020-05-13,173.56730572433602,174.91058707410954,170.18071706740656,172.89881896972656,1466700
2020-05-14,170.3762589538952,172.04747611210922,166.55136858032296,172.02540588378906,1631100
2020-05-15,170.4298576642785,179.22427368164062,170.0546204714101,179.22427368164062,2658900
2020-05-18,182.88832650388693,184.81812180724816,180.3341992465391,180.4445648193359,1856700
2020-05-19,180.01888513116845,181.5166727363361,177.37330130581367,177.7611541748047,1665000
2020-05-20,179.98729076840192,181.5040014335884,177.94083704664357,178.041748046875,1890000
2020-05-21,178.8414578520313,180.55774177183568,177.95012456425837,180.1626434326172,1605300
2020-05-22,180.69681093517775,182.4794629973155,179.51153041596768,182.4699859619141,837600
2020-05-26,184.90377683885183,185.18507842367669,183.12427881313303,184.31271362304688,1377900
2020-05-27,184.9037864577946,185.06182870503696,180.9686603796577,184.22738647460935,1355100
2020-05-28,186.48411998137615,188.3552772267214,185.17871998609655,186.48727416992188,1647900
2020-05-29,185.93733641909185,188.4754169133465,184.97331204775475,187.70103454589844,1315500
2020-06-01,187.56508785510584,188.04235418234572,183.336001210612,184.1009063720703,1040700
2020-06-02,183.43402798020824,189.38572253731272,183.06738965918316,188.7314453125,1582200
2020-06-03,189.4268350508895,190.7069295975936,187.4608489668067,187.79904174804688,1545900
2020-06-04,186.66436031261543,187.43242000248105,180.7411101438909,181.79364013671875,1907700
2020-06-05,184.28425404485435,186.7844117580545,179.00580571266968,184.99542236328125,2654400
2020-06-08,184.40755063951127,184.67305235370137,180.32070517955844,181.7430419921875,2092500
2020-06-09,180.3870468468862,185.1819058187428,180.24165031644753,183.88284301757812,1523700
2020-06-10,184.28424712808905,185.1502889833556,182.4889494228744,183.62681579589844,1123200
2020-06-11,181.4807014079114,182.1160101389317,171.92576458343115,172.6780242919922,2883300
2020-06-12,177.06509820261013,177.40961373742735,170.4180362220424,173.0888671875,2205600
2020-06-15,169.41606568611004,180.79475634110057,169.4065741838954,180.1657562255859,2628300
2020-06-16,185.35891690485107,185.9594571450726,178.92363325469017,182.17288208007812,1303800
2020-06-17,183.40871743777208,185.85196929617027,182.2360682445302,183.9555206298828,1228800
2020-06-18,182.6912515449811,184.9164161649786,182.54900919413356,183.8607177734375,834900
2020-06-19,187.0119879658582,187.04675638983355,182.9567569922049,184.79946899414065,2114100
2020-06-22,187.8907015869421,187.8907015869421,181.46490851605083,184.1041259765625,1333200
2020-06-23,186.38298682386431,186.38298682386431,181.47119134854103,182.16339111328125,1479600
2020-06-24,181.73353021101624,181.80306705548685,178.92994817202657,179.10379028320312,1248300
2020-06-25,179.41357832189917,181.5217922267214,176.22122032143133,181.17727661132812,985500
2020-06-26,181.050851451612,181.389058720536,175.6933878741729,176.2212371826172,1648500
2020-06-29,177.34642778775287,180.0994417191962,174.79254736836043,178.8983612060547,1030800
2020-06-30,179.40410271201307,183.2855067559331,178.17773060886475,182.6438751220703,1443300
2020-07-01,182.61855324993695,183.93658472811688,180.6336133253687,182.55218505859375,1906800
2020-07-02,184.2242233823426,185.40001250247764,183.38345834515607,184.26214599609375,1351500
2020-07-06,186.4841321500056,187.34700533612911,184.5118237111769,187.16685485839844,1644600
2020-07-07,185.05862376232056,186.98351805565673,184.61928000176223,186.08587646484375,1329900
2020-07-08,186.48415386180835,188.2668060579335,181.8694594310004,185.25778198242188,1419000
2020-07-09,185.56754924281432,185.76983696229303,180.7948265264043,183.22543334960935,1049400
2020-07-10,184.0377476390745,185.41582455005923,180.99394042776925,184.5245056152344,820800
2020-07-13,186.0859010046096,186.6864412493155,181.93267313002883,182.07174682617188,1142100
2020-07-14,181.82204524939695,185.57702058142652,181.82204524939695,185.44110107421875,1150500
2020-07-15,186.4841314835353,189.02536585777213,185.51061572573985,188.83572387695312,1210200
2020-07-16,188.01080800119647,190.75433055505968,187.5303728798675,189.25613403320312,1049700
2020-07-17,189.64488705747064,193.7949460563268,189.31300271761745,192.8340759277344,1822200
2020-07-20,192.39790975205625,193.66852708202612,191.70570993330512,192.1987762451172,970800
2020-07-21,194.38602128205625,194.39234412910068,192.17350228550487,193.8802947998047,1511100
2020-07-22,193.2165730669519,197.83759115865547,193.2165730669519,197.83126831054688,1146900
2020-07-23,196.8672323445496,198.6340848662115,193.71279688440825,195.4923095703125,1140600
2020-07-24,195.18250538715452,196.54795082670807,194.0414848216411,195.9727020263672,1344600
2020-07-27,197.9323768353964,199.72135180879263,197.08213480718103,197.71112060546875,2471700
2020-07-28,205.44865693271828,208.5683093300395,196.46264645636697,200.2492218017578,3127500
2020-07-29,200.71699921426617,205.758391795848,200.55580278697195,204.6995391845703,2015400
2020-07-30,202.70827643379695,205.5086899789336,202.0571534088357,204.6995391845703,1373100
2020-07-31,204.2096118074408,205.29058706821831,202.366899927502,204.7911834716797,1772100
2020-08-03,205.0345387587625,206.28620179454407,202.56916423090448,202.6481781005859,1411500
2020-08-04,202.566032133483,207.92983198689947,202.566032133483,205.73626708984375,1848600
2020-08-05,206.42848863663912,208.26172379334716,205.6793975830078,205.6793975830078,1410600
2020-08-06,205.537143583146,208.26171200787812,205.24951914159445,206.8931121826172,1289100
2020-08-07,206.731881382128,207.83813350227268,206.2704148891528,207.5726318359375,1127700
2020-08-10,207.3450845070703,208.35335429782697,205.2115794950764,205.84371948242188,1049100
2020-08-11,207.02898021146933,208.99813442561316,205.4675699954209,206.20718383789065,1179300
2020-08-12,207.41460606647732,213.58438738206289,206.8772798824552,212.36749267578125,1722300
2020-08-13,211.03049846761567,213.2082633045591,210.287730400185,211.5267333984375,834600
2020-08-14,211.8270354810896,213.02496186142264,209.65560763147204,210.6828460693359,678900
2020-08-17,212.00404487000415,213.08817445860748,210.4015430787704,212.0862274169922,1032900
2020-08-18,213.3504956567178,213.67605714643489,211.34974154092012,211.7637939453125,887400
2020-08-19,212.52554777912624,212.65829862160865,209.826271002813,210.21820068359375,949800
2020-08-20,210.0851830689133,212.3243360811637,210.0851830689133,211.4217071533203,957900
2020-08-21,211.52306214579664,214.712353919324,210.45573631424983,214.0409240722656,1068600
2020-08-24,215.3648141205161,215.87154711600235,211.6180896195859,212.6442413330078,786300
2020-08-25,213.6861948407497,214.92455314552177,211.04481032793683,212.28948974609375,810000
2020-08-26,212.17547688015523,215.01639689413673,211.28551921143745,214.3227996826172,917100
2020-08-27,215.44393834499832,215.44393834499832,212.53334134861416,212.76771545410156,800400
2020-08-28,213.4549732181881,214.2182620767355,212.09628193518333,214.06939697265625,1015200
2020-08-31,214.21190060004315,214.21190060004315,212.08992071471928,212.5301513671875,1129800
2020-09-01,212.03932019245016,217.2777404785156,211.5452439418895,217.2777404785156,1512600
2020-09-02,216.80582759424465,221.6388697848564,216.47327323328872,221.43299865722656,1393500
2020-09-03,220.74889352205935,220.74889352205935,212.59038036239536,214.9973907470703,1576800
2020-09-04,215.60547262949885,216.7994816187727,209.37256506083253,215.24441528320312,1858500
2020-09-08,212.4605329652784,213.24281427998267,209.568942401226,211.97596740722656,1951800
2020-09-09,217.51843069755932,220.91041847372924,216.03937713375095,219.93495178222656,1585200
2020-09-10,220.72039976412475,224.6571487474495,219.4820559065038,222.54150390625,2507400
2020-09-11,223.38078466858093,225.8068019177463,221.822557711142,224.4671173095703,1420800
2020-09-14,226.1329993580719,228.35315976959876,225.18286070530692,227.27316284179688,1336200
2020-09-15,228.2739955145007,229.905074769514,226.08551293056144,226.8456268310547,1062000
2020-09-16,227.63107136438336,228.5685534015636,225.82265295834412,226.4877471923828,1212300
2020-09-17,224.86618832324328,226.00635198782737,222.57635032734095,225.67379760742188,1413300
2020-09-18,224.3024298726068,225.96201218491103,219.1748468037982,220.2706756591797,2295900
2020-09-21,217.86365497859617,218.47491828639093,213.52152819568187,216.26109313964844,1043700
2020-09-22,216.7202977122805,221.27463055172203,216.44474938306504,220.5335235595703,1332900
2020-09-23,219.15900858356488,219.6150711262756,214.04409688844356,214.5159912109375,1137600
2020-09-24,215.78602284916383,218.83279971292657,215.13992092801348,217.2333984375,902400
2020-09-25,216.88813758478184,221.13841875083656,215.92532778467785,220.89138793945312,856500
2020-09-28,223.51067405495985,225.5534668359319,222.2976580126157,223.93505859375,1284600
2020-09-29,225.0150245402899,226.5574197186634,223.48214002804113,223.4947967529297,871200
2020-09-30,224.86617649207832,226.449731415918,219.13684096836784,220.66656494140625,2412900
2020-10-01,223.27625440634267,224.71729420628796,218.11067271692755,218.78526306152344,1557000
2020-10-02,217.48996827767212,220.71727425262972,215.60869727348316,218.2089080810547,1234500
2020-10-05,219.64677722913248,222.1583038384428,217.50578970348843,218.40525817871097,1940100
2020-10-06,219.12735469763555,220.61274405350832,215.6720248848995,216.11859130859375,1562400
2020-10-07,217.8161664853996,219.6911016996386,217.0465418538704,219.10202026367188,1350900
2020-10-08,219.99512127103617,221.05295092526976,217.09720966247812,217.98716735839844,1477200
2020-10-09,218.9594746304308,221.36332453655552,218.53191508746175,221.1923065185547,1356600
2020-10-12,222.33244169847936,224.4670930814995,221.44248411180544,222.45278930664065,943200
2020-10-13,222.52567155095764,223.7101699558039,220.16298135692588,220.805908203125,1303800
2020-10-14,221.3158218891168,221.3158218891168,218.71561143430668,219.7956085205078,1297500
2020-10-15,218.00617417422055,219.41871108561688,216.31175329312,217.8984832763672,1275300
2020-10-16,219.05129096538508,222.25642859233488,218.74091852925372,220.216796875,1140600
2020-10-19,220.5462105186344,221.40767973712417,215.21277078871324,215.9443817138672,1038600
2020-10-20,217.7401631760789,218.11071675654097,213.3378549986344,213.7590789794922,1578900
2020-10-21,213.7812350512221,216.790012821636,213.1858180086929,213.4866943359375,1533000
2020-10-22,214.17392072406292,215.5642901119061,211.8714263357842,214.73133850097656,859800
2020-10-23,215.72587073162012,216.96422928882595,213.37586587006487,216.41314697265625,1108800
2020-10-26,214.44953120436327,215.314146622478,210.36709141462433,212.31805419921875,1461300
2020-10-27,214.46532802478745,216.09639284237977,211.4882284271472,213.29666137695312,1791600
2020-10-28,213.53416749610383,217.2650449114272,210.90861496145985,214.94036865234375,2416800
2020-10-29,214.70601651123337,220.1249795781386,213.64504079810405,219.19384765625,1851900
2020-10-30,217.34425892758287,220.11866259140504,215.776535645981,217.8921661376953,2064900
2020-11-02,220.70454581171796,226.58906708432377,220.1154644727496,224.6444549560547,1852800
2020-11-03,224.84085364321845,227.63742469867125,223.3649749903105,224.8946990966797,1396800
2020-11-04,225.06570727851636,230.9850824081786,225.06570727851636,229.2969970703125,1410600
2020-11-05,231.2004386260367,234.59877674411135,230.72536922166955,231.1434326171875,1110600
2020-11-06,232.11255406012845,233.48075612172408,229.8258913449052,233.1323699951172,1279500
2020-11-09,236.10948561426787,240.0684020098724,218.74411052197476,218.77261352539065,3004500
2020-11-10,219.3458674073693,229.3318202484294,219.3458674073693,228.79656982421875,2378400
2020-11-11,230.03182063366808,231.33984205097704,228.20438041898456,230.40237426757812,1159500
2020-11-12,229.95806176973352,231.10032921842884,226.05213252958055,227.6005401611328,1688700
2020-11-13,229.4504387510073,231.16702854472368,228.5207693682092,230.44676208496097,979200
2020-11-16,231.0305682802513,232.9978110807428,229.2410063974908,232.16648864746097,1522200
2020-11-17,230.0405679081814,233.0453691535767,228.2478399395329,231.9697265625,1476600
2020-11-18,232.70268037028703,234.2320606119657,229.5963369088991,229.5995178222656,1462800
2020-11-19,229.59954492076352,233.3499874697213,227.17538363027433,231.22410583496097,1563600
2020-11-20,231.62707742171875,232.4774417404527,229.60590438839273,229.79627990722656,968700
2020-11-23,230.80527178926155,233.7085455129181,230.49431205166363,232.93751525878903,1046700
2020-11-24,234.6382454757241,236.8212384687053,232.66782177947445,233.3055877685547,1643700
2020-11-25,234.4129562319376,235.4283068928963,230.9036527794867,232.02371215820312,1005300
2020-11-27,232.2553267093554,235.2760038582059,231.75082505483076,233.4705810546875,418200
2020-11-30,232.86137121720955,237.53198404334452,232.4298417593289,237.22103881835935,2643000
2020-12-01,237.97300225254273,239.55949377579947,234.77464452127975,235.83441162109375,1743300
2020-12-02,235.9074572012796,236.80858554092745,226.5440073709408,227.0738983154297,1773600
2020-12-03,227.0770324749745,228.41603744885472,224.24674535289455,224.6623992919922,1362900
2020-12-04,226.0997503395972,226.55030715254856,223.0949343745384,223.98336791992188,2087100
2020-12-07,224.5005397299299,226.30279583515053,224.17371904180777,225.3064727783203,1911900
2020-12-08,225.73487542584348,228.83170589823703,225.53498620361256,228.2193145751953,1317600
2020-12-09,229.0411127412831,231.2621895311183,226.27745046676608,228.6571807861328,1691400
2020-12-10,227.35311210941103,230.01523227929695,226.1727605440321,228.3970184326172,1383300
2020-12-11,227.99720052831643,229.26321876799992,226.33773665141825,228.0130615234375,1086900
2020-12-14,229.73916834977277,231.62707706453168,228.07017623037808,228.08921813964844,1545300
2020-12-15,229.67570594397392,230.4562499141526,227.5688516201806,229.1965789794922,957600
2020-12-16,230.60217275634585,231.29704981463289,228.39061006641683,229.244140625,1149600
2020-12-17,230.7037387117863,231.4081441019699,229.58686029707673,230.4372100830078,1515900
2020-12-18,230.59583100202175,231.4525279698507,228.0098645808204,231.0654296875,2662800
2020-12-21,228.4287134472966,231.5255436679665,225.76659359182565,231.3637237548828,1051200
2020-12-22,231.62704677377968,234.79684885323553,230.3483486004025,233.8703460693359,1004700
2020-12-23,234.01315822946776,234.9904395741524,229.86290795323345,229.8660888671875,800700
2020-12-24,230.7671616260085,233.28017035214316,230.3991052548043,232.864501953125,326100
2020-12-28,234.19720138613948,234.19720138613948,231.25902456842985,231.41766357421875,513300
2020-12-29,232.8899433442614,233.08031887458097,230.35790666931828,231.81430053710935,586800
2020-12-30,232.2743513743118,233.49911932088347,230.6434432130652,230.71641540527344,642000
2020-12-31,231.1321032748004,233.48009704938605,229.63762568082143,233.1850128173828,920400
2021-01-04,233.21043784807893,233.82281470456084,226.76612316609712,229.55516052246097,1224900
2021-01-05,228.60960297532569,231.01788910408217,227.72116927788625,228.4097137451172,1171800
2021-01-06,226.86759050832293,230.3610324364089,226.40752002236093,229.19973754882812,1648800
2021-01-07,229.94860358152744,234.80642595557492,229.72014422675787,233.2548370361328,1507200
2021-01-08,232.7407931965013,233.0485720405457,228.83169685799,231.23681640625,1203600
2021-01-11,230.26585552325304,234.35899412808973,228.17486236596025,233.1945037841797,781800
2021-01-12,232.908963247547,235.0697624852965,231.50334785277553,234.53353881835935,926700
2021-01-13,235.19665942585857,235.19665942585857,230.62758913608863,231.03689575195312,1207800
2021-01-14,230.487981753842,231.0273862986335,227.34038767560213,228.06700134277344,1224300
2021-01-15,227.7877754637555,231.17334252306216,225.94426891134523,230.2151031494141,2126400
2021-01-19,231.46524615541335,234.0480464510343,230.1770196589972,230.234130859375,1353300
2021-01-20,230.8687365593921,233.8481634726292,229.43773202395104,233.6006622314453,1271700
2021-01-21,233.84820358434632,237.32895183051605,232.85188019519657,233.64195251464844,909600
2021-01-22,232.4869311258006,233.9972695618049,230.9670789985016,232.3155975341797,924900
2021-01-25,233.2357750552488,235.2347542944827,232.19186883910513,232.985107421875,1200600
2021-01-26,233.94971109162768,233.94971109162768,228.79045722877007,229.6090850830078,1313400
2021-01-27,227.92738674466585,229.32348833504383,223.86280354103516,227.6735382080078,1682100
2021-01-28,226.8231641911934,229.52971480678525,219.4935989452503,225.9315643310547,2002800
2021-01-29,223.98973622470749,223.98973622470749,217.61840912091188,219.50633239746097,2347800
2021-02-01,220.40109644778863,222.00344916142492,216.26672171795704,221.5052947998047,1426500
2021-02-02,221.9875972319431,226.89618337422735,221.9875972319431,225.45248413085935,1223100
2021-02-03,228.58417723073157,230.817948320466,222.32707344867217,222.53330993652344,1769400
2021-02-04,223.1742929322342,229.25688319943893,223.04737591532816,225.38267517089844,1771500
2021-02-05,226.42659426601008,230.380122023,226.21717681883,227.3689727783203,1947300
2021-02-08,229.39330290033485,231.44304603185972,228.88880124621969,229.7264709472656,1424700
2021-02-09,229.77092971366343,230.11679243009633,226.1473888385003,226.2362365722656,1220400
2021-02-10,227.05484722887033,227.6830995721297,224.64656110443195,226.0172882080078,1541400
2021-02-11,226.6423291591028,228.9300452551465,226.23618892560185,228.22882080078125,1203000
2021-02-12,227.6005480996685,230.7703501845434,227.5878534951267,228.78724670410156,1308600
2021-02-16,229.088720951962,229.2124570575376,224.2784816632997,224.4625244140625,1562700
2021-02-17,223.06003090172865,229.67569223024975,221.7718044429269,228.89830017089844,1719600
2021-02-18,227.92741103750055,231.8174801413532,226.8803238395768,230.5990447998047,1444200
2021-02-19,231.3573694417819,231.4430362417504,226.25204647560452,227.47364807128903,1486200
2021-02-22,226.4138545561518,226.8675777141626,222.6570506283607,224.84640502929688,1414200
2021-02-23,223.90088786710945,223.90088786710945,219.26835873930585,221.02618408203125,2318400
2021-02-24,221.1911458595709,221.4862300642439,215.82247540358335,216.40631103515625,2742000
2021-02-25,215.3243318914944,217.120240944285,212.76373988425948,213.59506225585935,2021100
2021-02-26,214.92143652624029,219.7371316503889,214.8769107954083,216.40049743652344,2456100
2021-03-01,217.8827300632468,223.82759940162208,217.8827300632468,220.6945343017578,1862400
2021-03-02,219.85802031129225,221.62652777544136,217.69191171653617,219.3713531494141,1482600
2021-03-03,219.76571282467103,220.7231177661675,214.01170242849076,214.132568359375,1626900
2021-03-04,213.46781681390416,215.06456943265448,208.0827808379115,209.7908477783203,2100900
2021-03-05,211.0408792912151,215.30629249383216,209.04654024455647,214.92141723632812,2087100
2021-03-08,215.7516536031147,223.5159053032069,215.3413266661772,218.8719787597656,1971600
2021-03-09,220.5704802965603,226.67120427026572,220.2651339611651,224.5750732421875,2317800
2021-03-10,225.8633369450396,228.90097375428743,224.1711695566866,224.59420776367188,1690800
2021-03-11,224.40332398680957,226.48672926696256,223.70355071765056,223.92620849609375,1447200
2021-03-12,223.2582552253517,226.0382598552881,222.67936242186448,225.23988342285156,1228200
2021-03-15,225.23989210236837,228.05169677734375,224.06936609103852,228.05169677734375,818100
2021-03-16,228.223420212614,229.26989137815343,226.21635517466245,228.0771026611328,1269600
2021-03-17,228.30615070609065,228.5892342145913,225.3830171764593,226.5853576660156,1074600
2021-03-18,225.4656954448618,227.83854710408187,222.27220455804024,225.8760223388672,1385100
2021-03-19,225.3607695312098,227.1133771874646,224.49877858795293,224.6419219970703,2829900
2021-03-22,224.68322406365783,229.619770456818,224.35241157880333,229.09176635742188,1058400
2021-03-23,229.66753153278125,234.80447387306012,229.50212525678063,230.90484619140625,1797600
2021-03-24,229.55301781257205,233.02959257342195,229.55301781257205,230.33547973632812,1266600
2021-03-25,230.06827467933576,235.76820909796496,229.05996631571452,235.12570190429688,1431000
2021-03-26,235.1702247876801,241.73851283344317,234.4768144105107,241.4268035888672,1691400
2021-03-29,241.42041663146077,244.2831093187903,239.0093877989131,240.56478881835935,1092600
2021-03-30,239.65193443675153,239.78870036292005,236.0672053060259,237.3554229736328,1084500
2021-03-31,237.36175938430344,238.45593035277636,234.73126154226995,234.7439727783203,1321500
2021-04-01,235.06526731708468,239.3020553997885,233.47170325181725,238.31919860839844,1474800
2021-04-05,240.1703941514075,244.7602427679957,238.75813639870552,244.1876983642578,1371100
2021-04-06,243.39570833052073,247.69927034139653,242.6895721482757,247.09812927246097,1908800
2021-04-07,247.0694792556746,247.8042265705769,238.90125046094315,240.1799163818359,1742700
2021-04-08,240.1990073160848,243.30025779277145,239.61692587496725,241.87844848632812,1235900
2021-04-09,242.56554344779485,243.70108078992428,241.1819112606567,243.60565185546875,1554200
2021-04-12,244.0254690260942,247.3175627870872,243.36704736181397,245.8098907470703,1016500
2021-04-13,245.8098767507315,246.52554989978012,244.53121088559573,245.62857055664065,694000
2021-04-14,245.2373649540349,245.7526578435653,243.11897098687547,243.37661743164065,890600
2021-04-15,244.1590796804549,246.49695726317287,244.1304539154788,245.3709716796875,1181200
2021-04-16,246.94545111487585,256.99350248058835,246.7450416358807,254.7033538818359,2133400
2021-04-19,253.61554123052807,255.6194323697285,250.74329629364675,253.44378662109375,1157300
2021-04-20,254.0735241058236,257.4133321947407,253.01431268337151,255.00865173339844,1056900
2021-04-21,256.34464722361685,259.15005976294884,256.0583604316867,258.5584411621094,1168400
2021-04-22,258.51069003419065,259.7702817791289,255.73387469136495,257.38470458984375,1053700
2021-04-23,258.6729234552171,261.87915471823516,256.80263887226744,261.3829650878906,1108900
2021-04-26,261.6978500019304,262.4135232471499,256.6881372853939,257.20343017578125,1230400
2021-04-27,253.3292542083041,257.99542861578084,250.84824780524735,257.15570068359375,1538800
2021-04-28,258.0908615175209,259.06416666074887,255.8293386912312,256.64996337890625,1290000
2021-04-29,258.40574294186473,261.6310483785771,257.70917294975453,260.9249267578125,1686000
2021-04-30,260.13280410261035,262.0603686572558,259.08317368190023,261.33514404296875,1279200
2021-05-03,262.4135224571751,266.6693845221058,261.9936584915781,265.1903381347656,1094300
2021-05-04,263.8544100567672,270.6199040170923,263.40592034415357,270.52447509765625,1644400
2021-05-05,271.8032040141525,272.2039939202574,267.6141443045624,270.3146057128906,1059200
2021-05-06,270.9157001868499,273.2440259286153,270.60078768001534,272.3279724121094,1065400
2021-05-07,271.70771584528666,274.5990345064242,270.05691491200673,274.0837707519531,887800
2021-05-10,275.4960637944935,279.637423440363,274.8758193787413,275.4388122558594,1497500
2021-05-11,274.20783656871987,274.8090068246704,270.22870916542615,272.7574157714844,1244300
2021-05-12,271.4787641427613,273.71166155544717,266.9461661474076,267.03204345703125,1869900
2021-05-13,268.17714839588325,273.88343241528514,267.3564944094439,272.72882080078125,1059300
2021-05-14,274.1982815313755,276.0494919865743,272.5188256658379,272.9959411621094,980400
2021-05-17,273.32035992197507,274.4177196738603,269.92330012056806,271.2210693359375,1268700
2021-05-18,271.2210465863135,273.35851438431996,269.894651718962,270.2095642089844,1034700
2021-05-19,267.7668407876409,269.26499097175787,264.5224600746086,268.3966369628906,1035600
2021-05-20,268.0714439385427,272.9284212974839,267.71769144696924,270.1844177246094,1029100
2021-05-21,271.4847234512581,274.73545901400223,270.4234368222565,270.7007141113281,1438400
2021-05-24,271.3795930994742,273.14838506001934,270.28965357874443,272.4599914550781,923300
2021-05-25,272.96665832461815,274.0948497696463,272.0774919744452,273.0527038574219,835200
2021-05-26,273.4925615020158,274.48691428325253,272.60339495794443,273.1005859375,960900
2021-05-27,273.59780786739816,275.71078246125165,273.04325306492393,273.22491455078125,2675800
2021-05-28,274.02793695876267,274.28610275503195,270.9397511679468,271.0831604003906,1444600
2021-06-01,273.3491579575257,275.96889346407386,270.2514013249121,270.4234924316406,1201600
2021-06-02,272.488656540391,273.0336408561613,269.13273427555305,270.0123596191406,1304100
2021-06-03,268.4443760340158,270.57649104344694,265.9202854243398,270.1653747558594,1008100
2021-06-04,271.1882950963957,271.84797744029646,269.07529248767327,270.7676086425781,1049100
2021-06-07,270.5955483618223,271.7237691076415,268.12882195242145,268.4825744628906,849500
2021-06-08,269.5629518071117,269.801976909503,266.50341882535463,268.6642150878906,926100
2021-06-09,267.23955598624576,268.1478336006947,263.9887922103139,264.8014831542969,1879800
2021-06-10,269.57249376213986,270.06008507872394,264.2852602211034,265.6620178222656,1206800
2021-06-11,265.6621367506213,266.56087377754085,262.9754960141528,264.59130859375,1151900
2021-06-14,263.93151442619614,265.0310532729729,259.58126910135456,261.7420654296875,1150000
2021-06-15,262.851225353058,262.851225353058,259.2180250747747,259.6960754394531,1325600
2021-06-16,260.2983666310393,260.7955283975219,255.76645950209576,256.6938781738281,1251600
2021-06-17,257.80298497984677,258.1567375405091,254.0550577141231,257.4109802246094,1302400
2021-06-18,255.14493043171495,258.17578143929995,254.4278551550612,256.38787841796875,2048600
2021-06-21,258.14713606894935,262.4495883367652,257.3440151469684,261.1110534667969,1041800
2021-06-22,261.4265793796579,263.0902142603131,260.0497921849862,261.45526123046875,672600
2021-06-23,261.49353032280237,262.5069946874467,259.313621986678,259.45703125,591300
2021-06-24,261.1970590623738,261.1970590623738,257.3535461283331,258.22357177734375,892900
2021-06-25,257.9559415902509,262.0289396628776,257.94640042478477,261.9620056152344,1840600
2021-06-28,261.72292707264006,261.72292707264006,258.3765755075292,260.5278015136719,936400
2021-06-29,261.2544220449731,263.48212303421303,260.21227615920276,260.8050537109375,647700
2021-06-30,260.70947794753613,261.34050778035777,259.22753384021615,260.4895935058594,971900
2021-07-01,261.66552501832535,263.434316421857,258.9119514656937,263.2526550292969,790300
2021-07-02,263.529944097908,263.8454443750973,261.93324367539515,263.137939453125,549200
2021-07-06,262.92765057718947,263.13799386476614,257.77425462049746,261.4934997558594,686100
2021-07-07,261.00583497998224,265.47083661988506,260.68076435015774,265.2318115234375,674400
2021-07-08,262.64083855683566,263.0615251423568,259.24666402264796,261.10150146484375,1166500
2021-07-09,263.62560577744426,264.57213595135346,261.4456977681062,264.0940856933594,698300
2021-07-12,264.457389487651,266.8954339564625,263.0519206633831,265.7672424316406,731600
2021-07-13,264.6008309386463,266.3696228166293,264.3426942905456,265.84375,1217900
2021-07-14,266.5511887316478,267.34473907666694,263.07096992249603,264.7728271484375,681200
2021-07-15,264.32349925907135,267.68899122433993,264.32349925907135,266.8667297363281,824000
2021-07-16,267.8993855750705,271.40825825126234,267.6603604377544,270.0123596191406,1032800
2021-07-19,268.60686042473714,271.70461651891884,266.1401049455503,270.5094909667969,2059700
2021-07-20,264.34265853230494,270.4234432879945,263.768992436253,268.8936767578125,1661000
2021-07-21,269.8402577361686,270.40435353634035,266.75204258146044,269.4577941894531,1203500
2021-07-22,269.457770428934,271.3891119647785,268.78851763694,269.1900634765625,716300
2021-07-23,269.9645083545616,273.86541452002433,269.63943770375136,273.4160461425781,1092900
2021-07-26,273.21533885844315,274.1522988482744,270.93024423451357,272.9476318359375,1344200
2021-07-27,270.56695763669893,275.9976323876338,267.1632411030327,275.0893249511719,1709200
2021-07-28,275.13705975760814,276.6381447055696,273.5690699426857,274.91717529296875,1103100
2021-07-29,276.4182379350943,277.0301563410207,274.5156070265662,276.68597412109375,964400
2021-07-30,276.81972524845355,278.87533510656823,276.17912519401983,278.2538757324219,1219300
2021-08-02,279.55424257645427,280.3191113145426,277.8619259971789,278.7702331542969,879600
2021-08-03,278.6363285197073,283.09175982029785,278.2347826971497,282.9866027832031,863000
2021-08-04,282.3173702931866,284.64068763568986,281.628976727496,283.2256774902344,920900
2021-08-05,284.2391431586317,285.8644966010852,281.6289781303297,282.6806945800781,956700
2021-08-06,282.5754984230316,285.1760930175062,282.5754984230316,283.9140625,709500
2021-08-09,284.0957146891071,284.77453786979595,282.71892764401866,284.3538513183594,862000
2021-08-10,284.640713265229,285.0136065200793,282.8050163766804,283.0727233886719,622900
2021-08-11,284.2773886755915,289.72717396066906,284.03836351708594,289.0578918457031,1151500
2021-08-12,288.32170878042473,290.97966741201884,286.3999371429988,290.3773193359375,1325300
2021-08-13,290.3772914648651,293.8383708064067,290.3772914648651,292.24169921875,911100
2021-08-16,291.9357052945718,295.2629453348917,290.28164102680984,294.2494812011719,853700
2021-08-17,292.59540661714925,293.00652278979396,289.2203733449004,291.5341491699219,869900
2021-08-18,291.5342192474132,292.1939018436936,287.6715645018079,287.8914489746094,850300
2021-08-19,286.12897341745537,290.7745520924568,285.381851533835,289.8837585449219,707500
2021-08-20,290.7650470018609,295.55429870400155,290.4010591954946,294.1175231933594,860200
2021-08-23,294.5005678956222,296.91436872723256,291.741955077361,291.8760681152344,686800
2021-08-24,292.17303906369415,292.18262691949417,289.84547014317224,290.3339538574219,555900
2021-08-25,288.2744663041447,290.80320379557645,286.94307028849016,289.9698791503906,920900
2021-08-26,290.60217464573344,290.60217464573344,286.7803326225449,289.52935791015625,673000
2021-08-27,290.65966496376404,292.01020806909025,289.76884203110274,290.1040954589844,682200
2021-08-30,291.7419515762843,294.53888654769634,291.05229837999525,292.4411926269531,615100
2021-08-31,292.14438109073984,292.44131238547754,289.855104532492,290.8704528808594,963100
2021-09-01,289.8646555130453,293.8397284447591,289.2899394820245,293.0159912109375,681900
2021-09-02,293.7150945699242,295.7744659189462,292.6806003534917,295.6882629394531,824600
2021-09-03,294.0696125778332,297.34544404072335,292.88185839876354,294.4718933105469,786800
2021-09-07,289.6059801933079,292.2017457491872,287.45081749352,290.0753173828125,938600
2021-09-08,286.09065208147905,286.7611588234287,281.70371161973134,284.1845397949219,1688300
2021-09-09,281.78995969806266,286.70373602350566,280.9853690177663,284.76885986328125,1708800
2021-09-10,284.73048013106865,291.2629944513386,283.5331677161075,287.968017578125,1200200
2021-09-13,290.7745129453506,292.00055969779925,288.02548829791743,289.3377380371094,1190200
2021-09-14,289.32822432319847,289.75926859862875,285.31482971259044,286.2630920410156,1067200
2021-09-15,287.7765321002492,287.94893813013493,284.2516501877709,286.7899475097656,606500
2021-09-16,286.3110579903666,286.6367236088527,283.83978766292245,285.45855712890625,643400
2021-09-17,283.9163902124605,284.5198405344282,280.6692639014035,281.3589172363281,1862100
2021-09-20,276.8377754926308,280.9756941944823,275.994892110781,279.47186279296875,1101600
2021-09-21,281.1098855689236,281.36849459814874,277.4508908109003,278.1213684082031,802700
2021-09-22,279.55803100027225,281.89518687086456,278.2362228191642,279.68255615234375,812600
2021-09-23,280.9757953713994,283.169280679743,280.00835724236066,281.8474426269531,854100
2021-09-24,280.6213076814174,281.45463248069507,278.80139857947324,279.5006103515625,746700
2021-09-27,277.7479080819853,279.0793050643907,275.3341353675995,275.48736572265625,783700
2021-09-28,273.6864936489827,274.3857054476831,266.95280925363073,267.8340148925781,1619700
2021-09-29,261.93369410139303,273.42789591311606,260.5448289212366,270.36279296875,2580900
2021-09-30,271.3589252947468,272.22101378137785,267.01986545251754,267.9394226074219,1670800
2021-10-01,268.94515341484725,277.4891892799881,268.4279061693499,273.0256042480469,1797800
2021-10-04,272.9681139931276,276.81866061756347,271.7516257384606,273.2650451660156,1483500
2021-10-05,274.06966750772546,280.54474386182056,273.02561435422035,279.06005859375,1571300
2021-10-06,277.50839188565897,281.61757788407436,275.82256599271494,281.473876953125,1409100
2021-10-07,283.8206247434464,287.1539543657734,280.63099605351056,281.3685302734375,1426300
2021-10-08,281.3684938487067,282.4316935306242,275.89917743813885,277.7669677734375,1171400
2021-10-11,276.81864562676844,280.15197409736226,276.1194046145608,276.1385803222656,855200
2021-10-12,277.0102802631014,280.96617690246256,276.1290452468315,279.5581359863281,1237700
2021-10-13,281.1290918068187,281.1290918068187,274.5103420490313,277.7191467285156,838100
2021-10-14,276.57921312437566,280.0370379137287,273.0160096250033,279.9029541015625,1079300
2021-10-15,281.6462631234353,284.71136603020585,279.5964497944789,283.897216796875,1058700
2021-10-18,282.383824685796,284.8550946549903,281.85701875046425,284.8167724609375,757200
2021-10-19,286.26309029055193,286.26309029055193,283.55238714739096,285.7075500488281,656900
2021-10-20,286.70375884172756,289.20373409398087,284.8167925812778,289.1558532714844,847100
2021-10-21,289.165371524272,294.00250268294053,287.9010024169765,293.8492431640625,970600
2021-10-22,293.8492434057228,295.4488658849255,293.3319961829921,293.69598388671875,653600
2021-10-25,295.0177801447545,297.65186746747554,293.81087987197725,296.665283203125,1052900
2021-10-26,296.6557364738247,305.41050012925245,289.2898671099628,302.69976806640625,1931600
2021-10-27,304.2132611942823,308.11171893165925,302.97762612225006,304.0025329589844,1365400
2021-10-28,303.3319930934938,310.17105752483803,301.24388668144474,307.8722229003906,1152000
2021-10-29,307.7667995394563,309.8644935032188,301.33963384041857,303.264892578125,1524700
2021-11-01,303.27450508573895,304.6250772839257,296.9814226828899,297.0197448730469,1284000
2021-11-02,298.20747476374015,300.9469413969123,297.8147819251939,299.60595703125,994800
2021-11-03,300.97562434893615,301.6556896555506,297.19210520445586,301.0139465332031,1281600
2021-11-04,299.8070598206418,305.4679570138247,299.7591790115783,305.16143798828125,1040900
2021-11-05,305.4775972868212,308.743840730775,303.93544327142206,305.58294677734375,1098500
2021-11-08,306.818570942698,308.8875308006085,305.9565116430521,307.2783203125,765200
2021-11-09,307.1059381264328,310.9565147848844,305.89903747452774,310.391357421875,781000
2021-11-10,309.6825104322329,311.95261046979743,309.6825104322329,310.9277038574219,973200
2021-11-11,310.29560444404035,312.3645352889538,309.38563500152776,312.2591857910156,620600
2021-11-12,313.2648647568832,317.5273094113211,312.25913384039416,317.4315185546875,1212700
2021-11-15,316.35872233874613,318.96407571806617,314.04071229008963,318.8204040527344,852200
2021-11-16,319.3280627753889,325.73608211754413,318.84913773774656,324.3663635253906,1334500
2021-11-17,323.7820653578965,326.1000754417804,318.92575837702697,319.1173400878906,1131600
2021-11-18,319.8561316428111,321.88052345542445,316.9778294624937,317.3232116699219,1126100
2021-11-19,318.4553722932968,321.1897359939784,315.960837832692,318.77197265625,1355800
2021-11-22,319.19411344352716,321.89972446625933,316.39255316077407,316.4309387207031,971800
2021-11-23,315.6538023921294,317.8125290042336,312.8618457935888,314.2050476074219,1024700
2021-11-24,313.73491935058456,315.23163405465954,313.0057401379729,314.7135314941406,907200
2021-11-26,310.7798406517363,315.3947153517477,309.8971485838918,310.1849670410156,1030600
2021-11-29,312.14232137486124,321.6599215908116,310.48248965618245,320.71966552734375,1629500
2021-11-30,319.43393636270616,323.8377346066881,316.03753203769264,317.8028869628906,2644800
2021-12-01,319.87534590076416,325.8910168758088,317.40959306077696,317.5247497558594,1813400
2021-12-02,318.2730821711168,329.0091520127914,317.3424299298409,325.8909912109375,1482400
2021-12-03,326.3610700993616,332.9619806463696,323.2237314874559,328.51019287109375,1794700
2021-12-06,331.2926026013691,331.37897744152735,326.05410030400265,327.2917785644531,1123600
2021-12-07,330.640154592078,331.791487153354,327.2533535978418,327.90576171875,1261500
2021-12-08,328.60610369395386,330.12199634038006,325.324826943388,328.33746337890625,841200
2021-12-09,329.9397701629607,333.2210180249894,329.20098724883235,329.9205627441406,668300
2021-12-10,332.35752707359694,333.9981509739422,329.8438147417132,332.4054870605469,659700
2021-12-13,332.7029260212362,334.410717413077,329.268165097728,331.96417236328125,1007900
2021-12-14,332.3000477067421,332.3000477067421,326.2651982691225,328.8556823730469,918800
2021-12-15,325.04664580480056,331.6763381104098,324.38463401720537,331.6187744140625,1413500
2021-12-16,333.3649636685784,335.5332941006754,331.52286659602584,334.1229248046875,944500
2021-12-17,332.5974111849709,332.5974111849709,324.941116927652,326.6297302246094,2325600
2021-12-20,323.91451519017363,324.28870852344886,315.6538020834754,322.0724182128906,1153600
2021-12-21,323.11825513816024,325.5360188296394,319.0502634186403,320.921142578125,1045100
2021-12-22,320.4509624452336,325.44960548748276,320.1343621018907,324.9794921875,454100
2021-12-23,324.7875648027141,328.2511365299068,324.05841492298936,324.65325927734375,785600
2021-12-27,325.49768072672026,332.4727573486119,325.49768072672026,331.5325012207031,842000
2021-12-28,333.59522892228415,335.48531516078083,332.04092117561714,334.2668151855469,601200
2021-12-29,333.6623855913502,338.0757882963589,333.64320745005546,337.10675048828125,484700
2021-12-30,337.76872361339855,339.78354084322314,335.5812152929151,336.14727783203125,410700
2021-12-31,335.3893674231817,338.93925583552505,335.07273779054026,337.8742980957031,852100
2022-01-03,334.34359948420877,336.17612209464545,321.7557997316866,325.36328125,1484100
2022-01-04,320.75796410196534,323.981648108811,318.9158380411961,322.1011657714844,1707700
2022-01-05,322.87834906590206,328.6733390947324,320.44137830973625,322.7056579589844,1182500
2022-01-06,322.23549512256454,323.7801991164168,319.34761863948853,320.02880859375,947100
2022-01-07,319.4915716930345,319.66426281278996,309.5998079568589,310.1083068847656,1325500
2022-01-10,309.22553314447106,310.3384799780146,304.20771260448635,310.1849670410156,1603700
2022-01-11,310.300127971441,311.49942035861716,305.16715069840706,311.3363037109375,1063600
2022-01-12,312.1518845958284,312.78511460382794,306.3472908289679,308.5444030761719,1191400
2022-01-13,309.1680329557198,311.33636337675415,303.7952254551824,304.5148010253906,1064300
2022-01-14,297.6547822436251,300.734586335117,291.667923705459,295.9469909667969,2622700
2022-01-18,288.5113913448945,294.49827944414125,285.7002567383269,293.7978820800781,2738200
2022-01-19,294.22006286506183,296.6570336628192,291.2554150272932,291.46649169921875,1859800
2022-01-20,292.93447501640645,295.093202099388,284.71211638878816,285.585205078125,1501300
2022-01-21,285.5851514563281,289.60518258953243,280.88393032535254,280.97027587890625,2124900
2022-01-24,275.5974363832886,287.4848385551276,273.34276046470205,286.4102478027344,2987300
2022-01-25,282.5628870392671,286.8227758943303,278.7347258711095,282.3230285644531,2908000
2022-01-26,283.03299380203885,287.82055948026965,279.88605185569503,280.874267578125,3524100
2022-01-27,278.5044523559796,282.97541753907984,268.45917893583123,271.6828918457031,3374500
2022-01-28,270.9249489204143,276.1730535159525,262.67381153808736,276.0291442871094,2316800
2022-01-31,275.3575033339156,277.18042171609545,271.7116665695559,274.88739013671875,2498700
2022-02-01,277.0174425346887,282.36146868798727,273.141320232371,281.2005615234375,2221000
2022-02-02,281.78580130645946,283.752629460702,278.3990001716545,282.3806457519531,1190100
2022-02-03,279.6846707439393,282.15039436544635,275.7413809885132,276.1539306640625,998800
2022-02-04,274.4173120107306,274.4940831300694,269.22677037046327,270.3013610839844,1459700
2022-02-07,270.7042925026423,271.2127913425518,267.8931579589844,267.8931579589844,1474900
2022-02-08,268.7375313777143,269.60101632139845,266.7035355122689,268.3249816894531,1125900
2022-02-09,271.5198344031131,276.79672164416303,271.48144884307106,274.99298095703125,1086400
2022-02-10,271.6925629274095,273.8417153917417,267.2120217221548,268.57440185546875,1215200
2022-02-11,267.62451421701337,268.57434447884486,261.1579386218514,262.02142333984375,1265100
2022-02-14,262.4435866685037,263.50854436285766,258.26043916947543,259.5077209472656,1074700
2022-02-15,263.59485581131787,263.8922779728666,259.2774033351093,260.553466796875,1166900
2022-02-16,260.83168225654964,261.9734109235324,256.0537202420624,261.5704650878906,924000
2022-02-17,260.24649251136185,261.98306584252555,255.65079509969232,256.3799743652344,946100
2022-02-18,256.8308755034526,260.47671278863186,255.5548119579196,257.1954650878906,1317400
2022-02-22,255.07509561272923,255.9002240342155,248.61812387526305,250.96871948242188,2088600
2022-02-23,252.23526297700644,253.38659580942684,248.6373844752055,248.8772430419922,2101400
2022-02-24,243.23570638410865,249.04985931297992,241.2304782423364,248.4358367919922,2010200
2022-02-25,249.59946364907225,257.1389226749005,249.22443057462723,257.02349853515625,1423800
2022-02-28,254.5808560092,256.5714745468957,250.83034978555887,253.0421905517578,2315000
2022-03-01,251.4939140685183,253.3595412778642,244.21413808970007,245.7335662841797,2311200
2022-03-02,246.23365958586749,251.1669926700684,245.78169173242765,250.24380493164065,1449300
2022-03-03,252.7440988575263,253.8115299495574,246.3971216541149,248.14735412597656,997900
2022-03-04,245.666272288449,248.8301349879578,243.80064496720425,248.58009338378903,1643700
2022-03-07,247.5799829624543,248.5897166877141,233.58777820570415,233.6358642578125,2197700
2022-03-08,233.1550374658804,238.5692012765958,227.14464768446564,230.65472412109375,2049100
2022-03-09,232.7030586877115,235.16491203359135,228.88525786382948,232.44342041015625,1887100
2022-03-10,229.24106783655577,230.26042754483177,226.8080633482963,228.44288635253903,1672300
2022-03-11,228.8852348642146,229.96230660015968,224.3750510795893,224.6346893310547,1269900
2022-03-14,225.8560426011149,230.48163661747256,224.4616349895054,228.5198516845703,1340700
2022-03-15,230.53931999256815,235.10721633212043,230.09696351175205,233.1454315185547,1757500
2022-03-16,235.5880206667931,240.0309103676603,230.47198498014245,235.0110321044922,1651100
2022-03-17,233.21271742735073,238.04026624758924,232.23183245348315,238.03065490722656,1409000
2022-03-18,238.6172862167277,242.94476683916355,235.49188354496857,241.88693237304688,2068300
2022-03-21,241.56957691782844,242.22351493952655,234.7802431439837,236.39584350585935,1135900
2022-03-22,241.84848774392796,242.48317379023248,239.0211978759937,240.57908630371097,1400300
2022-03-23,238.89613726024356,240.18476116904512,237.33824909210443,238.1460418701172,1276500
2022-03-24,238.93462126315833,240.4251860875488,237.14592880008763,240.34825134277344,1369800
2022-03-25,239.73278863674463,241.17528208870752,235.08797263437012,235.80921936035156,1143300
2022-03-28,236.12657159782216,241.01181819257857,234.75140145375215,240.97335815429688,1282100
2022-03-29,249.11858821546812,254.29233569338615,246.4932691176949,249.4071044921875,1904000
2022-03-30,247.14721864070307,248.21464973942133,242.52162518438004,243.3101806640625,1157500
2022-03-31,243.73330877757377,245.70471944171,240.05014038085935,240.05014038085935,1816700
2022-04-01,241.72345158552957,245.57971236957525,240.06939115113215,245.4258575439453,1378300
2022-04-04,244.08917529572125,249.1474999339692,242.64668159003045,249.1090545654297,1587500
2022-04-05,248.3781453230098,252.25364333751568,246.90680313257965,248.0800323486328,1603300
2022-04-06,246.09898424589323,253.54224049807095,244.5507074721336,252.5613555908203,1671300
2022-04-07,251.2439277464429,254.0808142148434,248.42623461327577,253.7153778076172,1559400
2022-04-08,254.840507883476,256.54263957854135,252.3401800498154,253.64805603027344,1131300
2022-04-11,252.0324371061936,254.32119802527455,250.7342165079417,251.09002685546875,995900
2022-04-12,252.90761790488693,255.032913214126,246.0317367248359,247.0991973876953,857600
2022-04-13,245.9355650350797,249.762977551952,244.4834453160653,248.4935760498047,1282300
2022-04-14,249.87834591289143,251.2439193869418,243.0601632527564,243.20440673828125,1246800
2022-04-18,240.18478623260935,242.8966811366723,235.97271506555012,236.732421875,1389300
2022-04-19,237.1940153558324,244.11799609070928,237.1940153558324,242.5793304443359,1275500
2022-04-20,245.25274274576157,248.75320771238148,241.39648208660657,243.3871154785156,1705500
2022-04-21,246.56059567467415,248.5223655129996,241.69457241676332,241.96383666992188,1408400
2022-04-22,241.52150228535191,241.52150228535191,235.26108543736885,235.5303497314453,1426500
2022-04-25,235.73227130249973,238.82882491174084,231.4720999179171,238.511474609375,1738500
2022-04-26,258.4756368422022,265.36114363125415,256.1099553894695,260.9663391113281,5011900
2022-04-27,262.28373837440205,273.1024380970808,262.00487746737923,268.669189453125,3950200
2022-04-28,272.15041908377617,273.78525666183657,265.6688248544274,270.52520751953125,2367100
2022-04-29,269.29430579591525,274.0737688333341,263.3993109145147,264.4186706542969,3099500
2022-05-02,263.30315109604675,267.53448909741365,255.71565008664595,258.4756164550781,2870700
2022-05-03,258.19676206714144,260.6874644863465,255.72531168091655,259.04302978515625,2007000
2022-05-04,260.0719910217506,272.2947123416403,259.850798096772,271.698486328125,2059100
2022-05-05,269.3712246369625,271.3426500474031,263.1204194114983,266.3323974609375,2130000
2022-05-06,265.1976500456407,265.1976500456407,257.8601900167022,262.8992919921875,1758600
2022-05-09,259.639239483211,270.0732830959372,259.1872569508452,266.3516540527344,2280300
2022-05-10,267.9864537397542,269.26545172248973,255.01360898432412,256.1579895019531,2208700
2022-05-11,255.1866675017257,261.0624388090046,253.66725413749987,254.5231475830078,1376500
2022-05-12,252.3594283725095,264.5628957031076,250.9938550222779,264.0147705078125,2637500
2022-05-13,265.0918247768778,267.25556488361843,260.12001792977713,262.85113525390625,1501600
2022-05-16,260.24509226069904,264.17828823108306,255.14829292196413,260.9663391113281,1278700
2022-05-17,264.7456138633537,265.8515489630958,256.4368670274687,258.93719482421875,1603800
2022-05-18,256.1868407324631,257.7062836597315,248.16658036280737,249.7052459716797,1526900
2022-05-19,248.43289880743015,253.81141930696265,245.94607655509228,250.00404357910156,1690300
2022-05-20,251.10285436393607,252.83784363763553,241.14585970096064,248.6352996826172,2576100
2022-05-23,251.199247045418,252.34627798845807,248.0762542475343,249.9076385498047,1290300
2022-05-24,250.02336423363028,250.6305900375623,245.02075961296416,248.34617614746097,1450700
2022-05-25,247.92201702950553,255.87410562809575,246.52438015676523,255.54638671875,1420800
2022-05-26,260.51042381431944,264.3659820990558,256.780175880329,262.1490478515625,1363900
2022-05-27,264.2021286630536,266.3997956365155,262.66954782510015,266.3708801269531,1180100
2022-05-31,262.86234066639327,262.86234066639327,255.43075963195372,258.3609924316406,4118300
2022-06-01,260.3658242496567,260.3658242496567,253.91740121035792,255.68133544921875,1202100
2022-06-02,256.92473791805196,260.028463326464,255.49820026481163,259.7585754394531,2271600
2022-06-03,257.1657170667976,263.55630941258096,256.7898154429379,259.1706237792969,1395800
2022-06-06,259.2766998471344,265.92756279331314,258.49595148659716,265.0986022949219,1220000
2022-06-07,262.3032735184267,268.2601040041917,261.6478356702453,267.2191162109375,1293200
2022-06-08,265.0888703448185,265.81178744430514,257.29100809489114,258.39947509765625,1154600
2022-06-09,257.6476546389701,263.9611485881797,252.4137416516436,252.52940368652344,1593100
2022-06-10,248.8088134453834,248.97265819563307,238.29277495893712,238.4855499267578,1513800
2022-06-13,232.73111165120417,236.3938946112021,228.08517201270465,229.270751953125,1635600
2022-06-14,228.3647469022318,230.5624142506852,218.74513177468305,221.1934051513672,1539000
2022-06-15,223.35249908211293,225.0778549930909,216.29682015689824,220.72108459472656,1580200
2022-06-16,215.2269022100682,215.73777722898993,208.3158155462943,211.0436248779297,1553000
2022-06-17,210.66773054431073,218.1089602072495,206.4844527748785,214.74497985839844,2627900
2022-06-21,213.69431866784095,216.06549352519065,209.38573103387012,212.2002868652344,2509400
2022-06-22,207.36156973262965,215.47751821879947,207.24589298191208,213.21237182617188,2370500
2022-06-23,214.041310084455,217.1835994152399,212.5280111463241,216.7691192626953,2481900
2022-06-24,218.8029442039696,223.29467337256347,217.83905458192567,222.89947509765625,2744300
2022-06-27,222.0416433545132,222.86095552496772,218.01257655225697,218.9571990966797,1633400
2022-06-28,220.8174660420648,223.01513316446835,214.76424050031625,215.2461853027344,1143300
2022-06-29,214.29193993216913,218.14749827820063,213.10634515115717,217.27035522460935,1266800
2022-06-30,215.91125519501415,217.45348432952193,210.7158912051956,215.8245086669922,1548400
2022-07-01,216.87514712766895,226.9863537263357,216.27754031763132,226.73573303222656,2295800
2022-07-05,224.58625971942297,233.8974360771443,222.6295651568595,233.4829559326172,2331100
2022-07-06,234.07094373264172,238.1192770557133,231.69013527658203,233.9745635986328,1817700
2022-07-07,232.0949789645819,236.8855116317859,230.57204628266376,230.84193420410156,1528300
2022-07-08,229.88764971034297,231.00576507947383,227.6321517713556,229.6852264404297,923500
2022-07-11,227.7092828918106,234.8709755126758,227.48757769567044,233.2227325439453,1214200
2022-07-12,236.2300637283922,243.07367102882364,234.81314484699405,237.6566162109375,1691000
2022-07-13,231.33350464178423,237.66626639109137,229.2804150815962,236.84695434570312,1308500
2022-07-14,233.5215509101772,236.3071914257121,231.8925750394568,235.6131896972656,1098300
2022-07-15,239.64221339955176,240.06632715158565,235.0059070524113,236.70236206054688,1109600
2022-07-18,237.2228655390267,238.16747321090628,233.32875810040952,234.4661407470703,1269600
2022-07-19,237.31931232537613,239.0543021859542,234.2734170506605,238.54344177246097,1034900
2022-07-20,239.28558592943105,241.47361937312945,237.29032745831768,240.5193634033203,1062800
2022-07-21,241.41579904418631,247.80637717974807,240.7025154354648,247.32443237304688,1087000
2022-07-22,249.3100431581513,253.73429296328857,247.5846725100989,249.6570587158203,1496900
2022-07-25,248.50037941102588,250.45707415380653,246.5340510668943,249.6570587158203,1194600
2022-07-26,247.71963022952872,247.9895181442063,243.4206760895272,245.10748291015625,1366300
2022-07-27,218.0221647822224,224.85613769526208,212.7689700349432,223.59344482421875,7253600
2022-07-28,222.4946340858056,236.7409209380457,222.186182359678,234.2637176513672,2498400
2022-07-29,234.22518135342443,237.15539937300323,232.76006498974073,233.20346069335935,1974000
2022-08-01,231.69978757710305,234.9384572329129,230.2057557502411,234.3119201660156,2162200
2022-08-02,235.2757731710548,236.50955049489153,230.8033266952002,234.8131103515625,1980000
2022-08-03,234.02272254620945,234.44683627458505,229.23220531738428,230.67803955078125,1887400
2022-08-04,230.9190393515772,235.921614038796,230.9190393515772,234.3119201660156,1016700
2022-08-05,231.34312547748448,232.12388836711,227.21767938230468,228.51893615722656,1955100
2022-08-08,231.1407304689797,234.13842773206304,230.0997279295263,231.80581665039065,1518600
2022-08-09,230.82269377697088,231.52632921947855,223.79592883180695,223.9694366455078,2056700
2022-08-10,229.29006754147557,238.29279306356003,228.60569943976097,234.93846130371097,2464800
2022-08-11,237.3481950936481,238.4084648946193,233.36732609268992,235.179443359375,1624800
2022-08-12,236.25896424539465,242.72666948936808,235.8252168966918,242.5242462158203,1479100
2022-08-15,243.044728705028,248.94372766968223,242.26398057238688,248.0473175048828,1333600
2022-08-16,246.12918358933615,249.57027607852808,245.90747842024143,247.0159454345703,1369200
2022-08-17,243.24720450366817,244.96292698756704,241.0206216570236,242.38934326171875,1419500
2022-08-18,242.33130740808707,243.4424402370867,239.0752357576094,240.5535125732422,1262600
2022-08-19,239.60669430623497,240.45693584890012,235.88683779956767,236.3119659423828,939900
2022-08-22,233.32637359878777,236.2635991281404,232.3021947879791,233.2780609130859,1065400
2022-08-23,231.26843618635567,232.70807204629236,228.93990269405035,230.03170776367188,1241300
2022-08-24,230.20559131418233,234.4858423828317,229.10412971910833,231.4326629638672,1464200
2022-08-25,233.16214887821664,236.36025148106663,231.9447339285894,236.2636260986328,825300
2022-08-26,236.7177314964522,236.7177314964522,227.56786534856045,227.73211669921875,1184000
2022-08-29,225.92535042118072,228.3794789279735,223.80938127640252,226.09925842285156,1255700
2022-08-30,227.96402695604223,230.11863745398364,226.48574993918513,227.05580139160156,1343600
2022-08-31,229.87710758383076,229.9447483089692,224.2152044184207,224.2538604736328,1742500
2022-09-01,223.2779568201,225.5195358731449,222.30210536196887,224.47604370117188,1575000
2022-09-02,227.29734555914663,228.27319708064772,223.0460939836,223.9736328125,1199100
2022-09-06,224.6403098673946,224.8818585876821,220.1668228499213,220.6595916748047,1303000
2022-09-07,221.83834577158316,230.6403815366317,220.52432017215563,230.5823974609375,1434500
2022-09-08,228.7466320300983,232.9785702147604,227.5292318196859,232.6403961181641,1179700
2022-09-09,233.04620186974353,234.16699146771185,231.41333016533457,232.22494506835935,1318300
2022-09-12,233.75154240607753,236.54386002729015,232.85298815909937,234.7563934326172,1477800
2022-09-13,228.1476068756583,228.73698635546424,222.4760327769792,223.0557556152344,1084200
2022-09-14,222.28282166219495,222.62099581291244,216.3020721908697,218.21514892578125,1360900
2022-09-15,218.35039094445256,222.08956049288895,215.97354500152375,216.3020477294922,1100000
2022-09-16,212.27302150789367,215.62571906814105,212.27302150789367,214.0701446533203,2410700
2022-09-19,213.39379631993756,215.9542067891611,213.11360629881935,215.63536071777344,1159800
2022-09-20,212.56288035841803,213.0653058400225,209.73193634663107,211.43243408203125,1188000
2022-09-21,212.64984834996352,213.674012663821,206.43722174199596,206.6111297607422,1197100
2022-09-22,204.56277910776956,205.31640992712377,200.6593435759189,201.016845703125,2213900
2022-09-23,199.49025576902972,205.74153775049453,199.4226150515815,204.0796813964844,1610600
2022-09-26,203.9154406925875,205.14251236828335,199.8477535949169,201.9347381591797,1783300
2022-09-27,204.26327449566153,205.51933085821105,199.07479767587117,201.50961303710935,1538200
2022-09-28,204.5241167422126,206.94927522714823,201.1424348007636,205.8671417236328,1579500
2022-09-29,204.09899015747968,204.49511881170213,199.3453136201493,200.8139190673828,1100800
2022-09-30,201.36467642117387,203.62556887895633,197.6544916582031,197.82839965820312,1512200
2022-10-03,199.84775551660303,208.7560739387704,199.66417612127333,207.13287353515625,1606400
2022-10-04,209.91550839572636,213.9155548774025,209.35511355859745,212.0894470214844,1704400
2022-10-05,209.2681586764417,212.28269691676476,209.2681586764417,210.02178955078125,1363200
2022-10-06,209.95414447049723,213.03630840992767,208.55316488247345,209.4420623779297,1178100
2022-10-07,206.4855145377705,207.5386634199142,197.1520684475366,198.6496734619141,1198900
2022-10-10,198.2148752440413,200.46611110073812,193.47086955177255,198.84291076660156,1621700
2022-10-11,197.28733714205745,201.4999474563202,195.5288553639048,197.5965118408203,1228300
2022-10-12,199.084470294473,199.38398836693676,194.28248026422764,194.69793701171875,1399100
2022-10-13,191.43221425324603,200.0893129342372,188.6399113777772,198.7269744873047,1797200
2022-10-14,199.74144356946312,202.1666019128133,194.64960767268616,194.88148498535156,1181000
2022-10-17,198.66899226055585,203.05552539883303,198.66899226055585,202.05067443847656,1304500
2022-10-18,207.760893785873,211.44209409554648,204.17631886599816,205.44203186035156,1270700
2022-10-19,202.92024286725496,204.15697107352503,198.3791301027043,200.23422241210935,1046500
2022-10-20,199.35496512743575,201.74146734644503,193.03604318765125,194.4177093505859,1704800
2022-10-21,192.76558387031923,200.9009450447598,192.28248630834793,200.794677734375,2082600
2022-10-24,202.01207357427663,207.6836341018689,200.48548354487525,205.3454437255859,2003700
2022-10-25,217.29720078810504,220.8431486153357,211.7319241457837,212.7560882568359,2812500
2022-10-26,212.03148051681552,214.9397367749647,208.0990747053528,213.41314697265625,2100300
2022-10-27,214.6885011618917,216.9300803786419,213.81893165988993,214.350341796875,1755000
2022-10-28,214.33102358599376,219.9156291148527,214.11845952146575,218.582275390625,1469300
2022-10-31,217.58708766690265,220.5919543836825,216.61123612924695,217.42283630371097,1666000
2022-11-01,219.36490026395884,219.896310447898,213.94454587371015,217.18130493164065,2148900
2022-11-02,217.39384043704376,217.79964050337065,208.14734868049908,208.4372100830078,1777100
2022-11-03,205.21978810811055,212.51456245378424,204.70770599742144,209.84786987304688,1767600
2022-11-04,213.07500629894307,213.59675991408665,205.8092149481424,208.9203643798828,1774000
2022-11-07,210.23432052289127,214.5338843837677,208.4178843454537,213.88653564453125,1343100
2022-11-08,215.97355946328395,220.5629855495047,214.2537336040953,217.79966735839844,1273800
2022-11-09,216.6691929069725,218.35037723632615,213.95418776498337,214.49525451660156,988200
2022-11-10,226.2055721308755,236.5825118965452,223.9060380210346,230.9206085205078,2699300
2022-11-11,229.4905956234867,234.18630299439383,228.14758542599284,229.22006225585935,1913100
2022-11-14,228.73696713709245,229.58720855400855,225.27798791017707,226.16688537597656,2775900
2022-11-15,230.92061681304335,235.3264638795557,229.8288116894417,232.4568634033203,1799200
2022-11-16,231.8771156782985,234.94960833491157,231.02685946204457,232.6693878173828,1539900
2022-11-17,230.65468682179164,231.1874095343513,224.39747103671252,229.6667022705078,1521100
2022-11-18,232.46596188315735,237.2024552653352,230.14130817624093,232.50469970703125,1394800
2022-11-21,232.9503014417662,236.31137350150044,231.245556115765,231.7492218017578,1583000
2022-11-22,232.5047355500215,235.93361729307657,228.22348853224975,235.8076934814453,2046800
2022-11-23,235.94328649313377,242.2101832236126,234.0545033101756,242.15206909179688,1380500
2022-11-25,240.2148451161388,242.02613780744176,239.18812273968285,241.6871337890625,403900
2022-11-28,239.60468048927547,241.95840683540445,237.41563059475848,237.85150146484375,817000
2022-11-29,237.30905985598864,239.19784329480257,232.08826113034857,233.9867401123047,1239100
2022-11-30,230.0541465268275,241.7549362854068,229.20178129340852,241.35780334472656,2873600
2022-12-01,245.35814836897592,245.35814836897592,241.07690176608244,243.7115173339844,1061000
2022-12-02,240.58291344485536,251.53787000419865,238.9362676536518,249.6587677001953,1769300
2022-12-05,245.78436015014856,248.44803301877084,244.98041347440775,245.62937927246097,1431600
2022-12-06,246.42363866487895,247.52785152455095,241.55154014739895,245.5034637451172,1150600
2022-12-07,245.4065958395297,247.4406791512778,242.14239064647433,243.2369079589844,1285700
2022-12-08,243.62435668383625,246.58829563105,242.03583970913004,246.46237182617188,1153900
2022-12-09,246.21052478881376,247.20819006890665,244.04083706425865,244.941650390625,972700
2022-12-12,246.68518374513783,246.68518374513783,241.21255211879927,245.91030883789065,1402700
2022-12-13,253.6591485042813,257.3011252025138,247.02417568058505,250.7339324951172,1312700
2022-12-14,246.0265234675372,250.80175558857215,240.83478206616448,240.87351989746097,1742900
2022-12-15,238.28730386224385,238.28730386224385,233.6573577339705,236.52444458007812,1324600
2022-12-16,234.4128997345433,235.8948693167341,231.02277053453733,232.92124938964844,2295300
2022-12-19,232.14637218998763,234.02547484051928,229.70547489694096,230.6353454589844,1026100
2022-12-20,229.64734444552784,232.94062162153423,228.99837864073535,231.090576171875,952800
2022-12-21,231.96230196791493,234.7034651173068,231.032446314991,234.6066131591797,1046500
2022-12-22,231.67171440757335,233.94794970961104,230.25755463762616,233.7251739501953,934200
2022-12-23,233.13432954157716,236.5631963535469,231.34239830963523,235.0521697998047,605000
2022-12-27,234.23852412726737,235.0715277752516,231.5748515619419,231.9041748046875,653300
2022-12-28,232.46599782349577,234.66474285791756,229.74421079707875,230.0251007080078,861100
2022-12-29,231.79764054885047,234.50006587341585,231.4973743527408,233.7445526123047,605200
2022-12-30,232.09792839861393,233.2990080748969,227.7295100551705,229.87982177734375,877700
2023-01-03,233.0277811859319,233.5217660867569,229.4729905809076,231.8557586669922,1006100
2023-01-04,234.80034443718105,237.40590316098456,233.12464141612853,236.5147705078125,790100
2023-01-05,232.2722891895356,233.57022085319895,219.38979496207375,220.60055541992188,1601800
2023-01-06,222.2568544217093,229.76356832116528,220.94922737892077,228.3978271484375,1400000
2023-01-09,229.65705168589244,233.69614683714877,226.72216949124007,228.60125732421875,1047400
2023-01-10,226.596209323217,228.46561609328464,225.31763937867848,226.75119018554688,865800
2023-01-11,229.71514996511183,236.30168941812724,229.3083362491625,236.1079559326172,1459100
2023-01-12,236.49540624200912,238.82975579380567,231.06151308398364,236.08859252929688,1077600
2023-01-13,233.4636364655691,238.71349120799624,233.4636364655691,238.1613922119141,827100
2023-01-17,238.75224376965747,240.6507075906672,237.1152935247392,240.0211181640625,1379100
2023-01-18,241.66776103463673,242.07457473053915,236.42758679731745,236.60194396972656,1382100
2023-01-19,234.21917852201443,236.05954322167753,226.52842599703527,226.98367309570312,1435400
2023-01-20,228.61091945918284,238.5778916809782,227.29361167014216,237.6092834472656,1648400
2023-01-23,236.61161532338016,239.9436299723277,234.57753214495867,238.3163604736328,1110900
2023-01-24,238.79100227330173,241.9002414097307,235.75925357420633,241.53216552734375,1133300
2023-01-25,237.82237806358856,241.54183012799191,237.0184314573085,239.3334045410156,1608800
2023-01-26,213.86869888475056,223.05110071291773,212.19301079502608,217.99496459960935,7703000
2023-01-27,218.03372269572276,223.409486652212,218.03372269572276,221.36572265625,2871700
2023-01-30,223.23514551104137,225.55011864721345,222.56680345092747,223.6322784423828,2315700
2023-01-31,224.56215061544475,229.6376635613072,224.07784645274072,229.1630401611328,2244400
2023-02-01,228.73684729128163,236.79567555284993,227.6423299474265,235.5849151611328,1818100
2023-02-02,236.2919500060511,239.9726638505334,234.77124292970257,237.64801025390625,1678000
2023-02-03,234.1901112269142,235.36213376118735,232.55316085167672,234.1416778564453,1691900
2023-02-06,233.31836180566648,236.53413353520753,231.9138680084028,235.40086364746097,1342400
2023-02-07,233.46363247831073,234.7809402170712,227.11924583369384,230.95494079589844,2156600
2023-02-08,224.99799324200768,230.16067674377317,224.1262517701759,228.11691284179688,1268400
2023-02-09,229.1824163025444,231.26491828877053,223.58386136806183,224.2425079345703,1228200
2023-02-10,222.9445701107847,224.96895790585313,221.7144334343494,223.25453186035156,1451800
2023-02-13,224.29095574223751,228.30099387346343,223.63230913333825,225.76324462890625,1575700
2023-02-14,224.6687164306641,226.5962524760252,222.79930930458804,224.6687164306641,1246200
2023-02-15,224.3878126617595,226.7996379807968,222.07283930930996,225.3467254638672,1906700
2023-02-16,220.84269977841063,223.45793931982857,219.76754393829785,220.00001525878903,1712400
2023-02-17,219.05073322710712,221.04607848593335,217.2103836034744,220.8232879638672,1594900
2023-02-21,219.3413540734547,220.20341489871788,214.65329328842353,216.21275329589844,2326000
2023-02-22,217.7237677569381,217.83999602087783,215.05041422779783,215.64126586914065,2339200
2023-02-23,216.00934309239216,217.14261308978428,212.52236189575268,216.048095703125,1718500
2023-02-24,212.7021341253621,215.2370779604775,210.42942994766864,214.72232055664065,1423100
2023-02-27,217.36411389925652,218.20909028516127,214.51836515157495,215.55760192871097,1173900
2023-02-28,214.9068569181063,217.31553444639653,214.18813204999364,214.98455810546875,1675400
2023-03-01,212.70211541959856,214.5668993106325,211.3715178874511,212.7118225097656,1515300
2023-03-02,210.5168361103779,218.7044042143647,210.0312148044717,217.57777404785156,1350100
2023-03-03,219.82136703441464,222.23976674723357,217.76233720630415,221.7735595703125,1297500
2023-03-06,222.39514597820707,223.92000410804977,218.0148468017578,218.0148468017578,1861500
2023-03-07,217.60692633332076,218.59759802068425,213.06150286540793,214.1590118408203,1310100
2023-03-08,214.0909904858333,215.9752034242989,212.20679236735296,213.70249938964844,1035000
2023-03-09,215.44104134459505,216.7230738743619,210.50712714218855,210.94418334960935,1502500
2023-03-10,212.43989752422377,213.6053857228863,207.2728944094915,207.94305419921875,1678600
2023-03-13,205.8063188184599,211.62406783100909,205.796611726815,207.4574432373047,1727300
2023-03-14,209.77869635629196,212.43989161893273,207.8653472318461,210.74993896484375,1472000
2023-03-15,208.7783441900762,212.44964053141183,207.59342687144533,210.32261657714844,1425700
2023-03-16,209.72043037980143,214.78061139853787,208.75890958571395,214.01333618164065,1390400
2023-03-17,213.32372496414072,213.80934626617343,209.94380485158896,211.07044982910156,1756500
2023-03-20,211.2064345304122,213.9938962112097,210.90533685821217,213.236328125,1035100
2023-03-21,214.64463925507255,216.2569057130615,211.33269805185108,214.4503936767578,1110000
2023-03-22,212.682729810444,212.70215881472691,205.0876193345037,205.2624359130859,2572700
2023-03-23,205.73833521951013,207.14663411780617,199.52237328015397,203.04798889160156,1873400
2023-03-24,202.61091615770323,206.62215277432836,199.8914339569402,205.20413208007812,2237100
2023-03-27,207.6516873723147,208.57436495175932,205.02933510758223,207.77793884277344,1021700
2023-03-28,208.20530285351427,208.20530285351427,204.85451834162492,205.6315155029297,958900
2023-03-29,208.0693248889013,209.20567709908997,205.81604947262628,209.12799072265625,1005200
2023-03-30,210.3711783481598,211.0413233738387,208.96286455306875,210.7790985107422,1063800
2023-03-31,211.6532101290913,218.80155708587355,210.8276627154609,218.3062286376953,1484500
2023-04-03,220.4526401903418,221.95806917745512,218.71412246508532,220.12242126464844,1864700
2023-04-04,219.65621687417013,221.7055392307636,216.4802496119646,216.8201904296875,1747600
2023-04-05,216.00437026226828,218.21880242969897,214.12017187558513,216.42201232910156,1361200
2023-04-06,213.8870431298294,217.58747500532823,213.8870431298294,217.53890991210935,1366200
2023-04-10,215.74211814447827,218.1022304905127,215.5187216816136,217.9274139404297,1085200
2023-04-11,218.84038155138535,220.63717140211523,218.17022181128092,219.77276611328125,1096000
2023-04-12,221.89012393061495,222.38545239511728,219.02494597833203,219.2871856689453,1206000
2023-04-13,220.02529955830897,221.57929369909849,218.86953327383137,220.9091339111328,1318900
2023-04-14,220.70516031621392,222.0066217641463,218.43244150745417,219.1608734130859,1012100
2023-04-17,220.1613042559893,224.30851503849647,219.66597577788676,224.06570434570312,1269200
2023-04-18,225.38657510381375,226.13443612084,222.14262809279833,223.4538116455078,887000
2023-04-19,223.3857861428323,227.22219124520132,222.4436796852398,226.87254333496097,1140200
2023-04-20,226.3286841278119,228.3877138997035,224.5318792132924,227.0474090576172,1213800
2023-04-21,227.05711596257223,227.87295626925572,224.82325480094968,226.921142578125,1132600
2023-04-24,227.77581278157095,230.2621914017508,226.6006027453215,229.75714111328125,2008400
2023-04-25,231.23346751228107,232.27268951159667,225.72652309313628,228.03807067871097,2550100
2023-04-26,228.7762165710513,229.19384381046544,221.9969468043784,222.31744384765625,1538200
2023-04-27,222.91963643304695,226.008181213237,220.88972785601672,225.99847412109375,1664400
2023-04-28,226.53260767440017,231.7676041944816,226.2509390481707,230.7089385986328,1911100
2023-05-01,230.34959876882343,231.14602479057825,225.23114627043188,225.27000427246097,1666200
2023-05-02,224.4153353489384,226.0955810662849,222.65738843738103,225.21176147460935,1230700
2023-05-03,226.7074306937833,228.24199567715985,224.47356989975452,224.8620758056641,1486700
2023-05-04,223.26924097468375,225.3962645193141,219.6270814311346,220.80227661132812,1363400
2023-05-05,222.58939372575844,225.0175004632503,222.08435819475108,224.20166015625,1008000
2023-05-08,224.2113761280473,226.34810703643507,224.00740864670715,224.2890625,1085700
2023-05-09,222.51170592936543,224.7844102643328,221.8415461029037,222.7545166015625,875400
2023-05-10,225.20200680187375,227.2319150078647,221.53071112441427,223.3857879638672,958600
2023-05-11,223.38583710151676,223.84232238901896,222.0843753465052,223.56065368652344,1503700
2023-05-12,224.80384652806208,225.78479634022383,219.4037245552059,220.8897247314453,2209600
2023-05-15,221.6181226073893,223.1818237385829,218.9180694471895,220.0835723876953,1233600
2023-05-16,218.5393045551395,218.85010931845943,215.3827659251071,215.8295440673828,1477300
2023-05-17,215.8295577201386,222.6476857419,215.46048074534613,221.083984375,1792200
2023-05-18,221.05961824654253,226.90260375085643,219.9981461128675,226.7760009765625,1224100
2023-05-19,228.25620529930097,228.67496027881884,224.3608820194054,226.67860412597656,1046900
2023-05-22,227.0584437017603,228.0127939386554,224.5849045949634,224.60438537597656,1332300
2023-05-23,223.27021265263247,225.1983936571288,220.1734226907637,221.1083068847656,1445900
2023-05-24,224.56540913718624,224.70174486738236,220.30002508472384,222.79302978515625,1200700
2023-05-25,223.0072876533415,223.3968140897296,217.43697342800175,220.5824432373047,1947800
2023-05-26,221.04988519493924,224.34142358988836,221.01092363695088,223.14361572265625,1118000
2023-05-30,222.8320203802581,224.76993459347833,220.06632899954417,222.4619598388672,1229700
2023-05-31,222.56908317398933,222.7638464066014,218.52767551474855,221.81922912597656,1976200
2023-06-01,221.81921022891353,229.045034017464,221.2543865008191,228.74314880371097,1722500
2023-06-02,230.83688233142783,236.48510482510807,230.73950815191333,234.5277099609375,1693700
2023-06-05,234.26476337909415,236.84542422883231,233.35910775743116,233.45648193359375,1253000
2023-06-06,233.21304811209492,236.48512092810623,232.0152401201882,234.0115966796875,944000
2023-06-07,233.51493168039912,236.26114226503927,233.17409974210565,234.4595489501953,1345500
2023-06-08,234.81011942798563,239.33844236760876,233.95315827629057,236.88438415527344,1623700
2023-06-09,235.6671047537188,235.6671047537188,232.7748254611646,234.4595489501953,1021900
2023-06-12,235.34569824393964,238.55934300045652,233.7680970319773,238.50091552734375,1026600
2023-06-13,238.5788426462413,241.0426336872105,238.24772883995013,240.7212677001953,805900
2023-06-14,243.23376695994523,243.25323288063248,238.2964367806215,239.41635131835935,1168900
2023-06-15,239.9616692581784,244.4412823634424,238.4035339157945,242.94158935546875,1045000
2023-06-16,244.15891291190235,244.15891291190235,241.0913511629387,241.40296936035156,2244800
2023-06-20,238.9099522524329,242.6397266288018,238.57885329084976,241.87039184570312,1210400
2023-06-21,241.49059287217483,242.93187336537397,239.33843481134625,240.8089141845703,970500
2023-06-22,242.36703397882417,242.64943839563088,239.03653415498104,239.83506774902344,820500
2023-06-23,237.2739089320016,241.55877409826903,236.095581784402,240.5751953125,1608500
2023-06-26,243.51615591645708,245.3761765280075,241.53928035028963,245.12298583984375,1109500
2023-06-27,245.38592114885455,251.9203334288582,244.8697919287947,249.97267150878903,1795300
2023-06-28,250.83936434214976,253.7706050271135,247.88867259639125,249.3201904296875,1837500
2023-06-29,248.6677278070684,255.50401006880725,248.44373599984797,254.45228576660156,1410700
2023-06-30,255.63060517146084,259.5356764976711,254.8710182762812,258.5715637207031,1769000
2023-07-03,256.05909541170325,257.6172307723002,255.250799134118,257.21795654296875,753100
2023-07-05,255.73772444697377,256.2343877278161,251.20941659840796,252.00796508789065,2068700
2023-07-06,248.58007335812243,250.96595612168613,246.19419059455876,250.6348571777344,1300800
2023-07-07,249.88501380408175,251.67685908606424,248.48269493662409,248.7358856201172,1018900
2023-07-10,248.7066668522617,252.98178380395225,248.5313844271144,250.20635986328125,1047300
2023-07-11,251.44312689184468,254.70543632839136,250.97567740447593,254.53990173339844,770500
2023-07-12,258.0651871072765,258.49367507848086,254.4230690709996,256.322021484375,917900
2023-07-13,256.5070728740735,259.4772751792344,255.22160885450808,259.3311767578125,1154100
2023-07-14,259.3701253117477,260.68480300587913,257.3835019010371,260.05181884765625,1137100
2023-07-17,260.1491900055902,261.23987581291857,258.629986523715,260.82110595703125,945600
2023-07-18,261.1522945893439,264.0835059401073,258.87350370256553,260.6848449707031,1623600
2023-07-19,261.16193351707693,263.2264500320013,259.92517911550243,260.99639892578125,1385800
2023-07-20,260.0907552876301,261.6391726403267,258.5910770324426,259.3603820800781,1256000
2023-07-21,258.493689178577,262.68115036680797,254.86128904421733,261.6976013183594,2298600
2023-07-24,261.40543881272254,261.76575151475276,258.67872399819987,261.00616455078125,2275500
2023-07-25,267.91061057558426,275.57468489248396,267.68664848375204,268.7383728027344,4040500
2023-07-26,272.146723141708,274.0846664723729,270.0724589648752,273.5490417480469,2289000
2023-07-27,274.30872609385005,276.37324318786403,268.4170600631611,269.80963134765625,1889700
2023-07-28,272.54600154610847,274.7273728704107,271.3871406003341,272.7894592285156,1202000
2023-07-31,274.1139404313575,274.6105739959595,265.53449232946696,269.2642517089844,1780000
2023-08-01,268.98182611833187,274.2405070648553,268.07617050866145,272.867431640625,2013400
2023-08-02,270.1504674361131,272.1663047846285,268.4462631472547,270.41339111328125,1239800
2023-08-03,269.7803486648862,270.647072352683,265.54417868881166,266.0798034667969,1580600
2023-08-04,268.8357921783592,269.75119572548635,265.3689560837366,266.4012145996094,1218400
2023-08-07,267.80343307170006,269.33235434942185,265.5928481593496,267.1412353515625,1096700
2023-08-08,264.8819453750896,265.83631014180855,262.2720862811487,265.6707458496094,964300
2023-08-09,265.44679206570885,267.1802097380293,264.2782129120868,264.4048156738281,1339800
2023-08-10,265.1352076629518,268.855219076924,264.91121585939106,265.719482421875,1112400
2023-08-11,266.1577325831381,267.2581663034698,264.39510095429307,266.5570068359375,1240600
2023-08-14,266.1966443989176,269.47844930766286,265.34941639208506,269.39080810546875,1359200
2023-08-15,268.08588487734295,270.68599642828514,267.8424271813169,268.0566711425781,1026800
2023-08-16,268.75786271824745,269.47848807481665,265.51498917576475,265.92401123046875,1662000
2023-08-17,266.3778197582037,267.44164878331435,261.14651044739,261.595458984375,1189100
2023-08-18,259.9265100191185,264.4746417976439,258.7260276889561,263.66455078125,1440600
2023-08-21,263.8500510454746,265.58731809859444,261.36127980017494,263.88909912109375,964300
2023-08-22,265.60681398461435,266.5925469008518,261.9370698799525,263.9183349609375,1016000
2023-08-23,264.86502217648473,267.0512372712889,264.09397925878454,265.5189208984375,1784700
2023-08-24,264.9138297882519,266.8365376029604,262.4152895539539,262.76666259765625,929200
2023-08-25,263.17660611908093,263.5669975098759,257.98431424514143,258.2771301269531,1478100
2023-08-28,258.2185695086961,262.1420520797154,258.0233589233912,259.965576171875,1731300
2023-08-29,259.8972572950111,264.06473785275773,258.2673354219162,263.9671325683594,1461800
2023-08-30,264.4063886228408,265.5092659848864,263.2254448903209,263.6353454589844,944100
2023-08-31,264.2404456695108,266.48524837819383,263.37182702483443,265.1969299316406,1490100
2023-09-01,266.6511085178162,268.5738164191058,265.9288830412238,268.22247314453125,1575700
2023-09-05,267.15866873247114,267.59784786622816,261.2831697401719,263.1180419921875,1463900
2023-09-06,263.73295169796035,263.73295169796035,260.9025766451484,262.6105651855469,1083600
2023-09-07,262.08346261219555,265.626322826367,261.2929104734077,264.65032958984375,1038400
2023-09-08,264.05505362151405,267.24657172030015,263.91843000721724,264.9334716796875,1088400
2023-09-11,265.45064390797563,268.0467894200809,265.23592421043463,267.0805358886719,1035800
2023-09-12,265.52873106110894,265.7044027042369,261.185549023533,262.2786865234375,1358100
2023-09-13,261.6052667075955,262.7667011805936,259.0871871769958,262.0151672363281,910000
2023-09-14,262.9911673092649,263.61581736799417,260.1120047149932,261.6345520019531,1035500
2023-09-15,261.4685881045223,261.4685881045223,254.48047279654543,255.34912109375,2620100
2023-09-18,254.90997135723393,255.2613445001404,252.96775385255924,253.7095184326172,1471400
2023-09-19,252.8018179178727,255.3198977504576,251.31831856581633,255.14422607421875,1264400
2023-09-20,256.7643022852959,257.9647847576524,253.33858608239095,253.57281494140625,864500
2023-09-21,251.76722097657088,251.93315294139975,248.13653963556123,248.2731781005859,1207700
2023-09-22,249.06374935771603,249.82502299150863,247.5997593092722,248.5562286376953,1091800
2023-09-25,247.62902083754375,250.8693257363074,246.29191478445708,250.05923461914065,978300
2023-09-26,248.85877433117145,250.74244919623743,246.6920679539848,247.77542114257812,1030900
2023-09-27,248.7416408224024,249.21988287721572,242.9637625571488,244.6034240722656,1243200
2023-09-28,245.32567605784303,250.69362430604903,244.69128637093465,250.05923461914065,1371500
2023-09-29,252.0404996152045,252.7529854449621,247.9511002083594,248.92709350585935,1450900
2023-10-02,248.0584916537373,248.99543699885828,244.66202382335973,246.5847320556641,1217700
2023-10-03,245.4623398899039,248.4879253843052,242.56363830298676,242.79788208007812,1787600
2023-10-04,247.1312443941775,250.6838590417273,245.4622894717208,250.30320739746097,1872100
2023-10-05,250.25443733431888,251.58177388155704,246.36021883507328,247.62901306152344,1220800
2023-10-06,246.1259878114512,251.20116497958065,245.16951852960116,248.73190307617188,1196800
2023-10-09,245.81370664654625,246.95561717613072,241.9878141760429,245.7746734619141,1140100
2023-10-10,245.16951909657956,250.2837294565708,244.9743234110023,247.1215057373047,1277300
2023-10-11,248.35125956418645,251.3768298330382,245.179281366091,249.4053192138672,1470700
2023-10-12,249.2296592649234,249.2296592649234,241.4119579926761,243.09066772460935,931900
2023-10-13,243.08091152560144,245.4428137441989,239.7625399539304,241.0118103027344,939600
2023-10-16,244.0178564951401,246.6432809351914,242.9637819118216,246.3114318847656,1132900
2023-10-17,244.03734230207505,248.44883590095353,243.43223126103624,246.77012634277344,934100
2023-10-18,241.90972483727353,242.04636331764084,236.07328847233055,236.4734344482422,1540600
2023-10-19,235.21439106483533,237.47870272471943,231.3884990221642,233.1550445556641,2148400
2023-10-20,233.47712056693425,234.86302927859663,231.92529477984135,231.9936065673828,1663600
2023-10-23,230.6662687958304,234.96064854636313,230.6662687958304,232.9110565185547,3265800
2023-10-24,239.11835458067907,241.8218601472599,226.5280471740336,229.33889770507812,3721400
2023-10-25,229.5535888672841,235.42907187608657,228.76303678836612,232.88172912597656,2266700
2023-10-26,234.1993725044788,235.46815195463023,231.76914368419415,232.00338745117188,1536400
2023-10-27,231.62274825348376,234.1407979833106,229.37796057693637,230.36370849609375,1426800
2023-10-30,232.14978251790336,233.35025018759745,226.48901801940133,229.7683563232422,1920000
2023-10-31,230.24659113613893,233.4966507274041,230.17826445432928,232.4913787841797,1249000
2023-11-01,231.99358693148005,233.4673462344942,230.2465656089529,233.1745452880859,1327600
2023-11-02,235.69262326049963,241.03130770962545,234.23838790761528,239.43067932128903,1495500
2023-11-03,241.10940057972192,246.54569091191743,241.10940057972192,244.88650512695312,1444600
2023-11-06,244.3789682634576,245.94056354180543,243.93000478087785,244.486328125,1048200
2023-11-07,244.9743130502276,246.77013710954904,243.50056856010107,245.9405517578125,1017200
2023-11-08,246.5651948971734,250.54723450024895,246.1747886373295,249.9421234130859,1173800
2023-11-09,250.23493168832644,250.41060333057143,246.14550256442337,246.3406982421875,1116300
2023-11-10,247.16055266586432,250.2251710819184,245.64776004780947,249.61029052734375,1518300
2023-11-13,248.79043914473985,249.49315546544148,246.6822901826349,247.794921875,1079300
2023-11-14,252.8310456173957,262.24940453579376,252.31377037377487,259.946044921875,1664000
2023-11-15,259.94597427045386,262.65923364227655,258.3453612249258,258.4331970214844,1201300
2023-11-16,258.78051290184453,263.984664569567,258.78051290184453,263.4368591308594,1327700
2023-11-17,264.4933976575818,265.49117987123475,262.44890389873234,264.39556884765625,1104400
2023-11-20,264.3955695770001,268.44544946442966,263.4173411813692,267.0954895019531,1987900
2023-11-21,267.3008696572345,268.6508294204807,265.0509566205957,267.5845642089844,1838300
2023-11-22,270.7638331532037,271.75182348581706,267.61393667442934,268.67041015625,764700
2023-11-24,269.1204423156132,270.78344279345316,268.8661231925256,269.82476806640625,364900
2023-11-27,268.8954377830094,270.48995491327196,268.05414580278153,269.3845520019531,1378500
2023-11-28,268.6117775872317,269.19872069578616,266.81184061332016,267.4966125488281,1249600
2023-11-29,268.6215269282769,270.088869540937,267.2617751110275,267.76068115234375,1037400
2023-11-30,267.45740642471725,273.04308172857276,266.4106949658905,272.73004150390625,1648000
2023-12-01,272.12358540712376,276.437576491272,270.1182290085647,276.1832275390625,1537100
2023-12-04,274.99952877055017,279.3330728778948,273.913709711345,275.3321228027344,1608800
2023-12-05,274.7256765131717,277.0930025164999,272.3877260226151,276.8386535644531,1786800
2023-12-06,279.86127678498644,283.0992094452014,279.7243403730412,280.4677734375,3189700
2023-12-07,281.2601766851008,286.464358158218,280.23304896024007,285.2317810058594,1923800
2023-12-08,284.5861889318825,286.07308519426925,281.99386006564646,283.5101318359375,1265600
2023-12-11,286.6209605518216,286.96334650946204,283.73517443435094,285.2807922363281,1360800
2023-12-12,286.2785373734987,288.9295279979129,284.55687567711476,288.40130615234375,1890000
2023-12-13,289.2229829745905,297.4694403849401,288.4697579301697,296.7846984863281,1864600
2023-12-14,299.59221882101593,303.4366490049916,298.3596415684108,300.0910949707031,2130800
2023-12-15,298.9367999866515,305.08007287352746,298.9367999866515,303.0257873535156,2849100
2023-12-18,302.2530153525342,302.27256917298024,299.8661357190319,301.6562805175781,1255400
2023-12-19,302.2725826458575,303.7007877842632,300.2574344831381,300.52154541015625,1789300
2023-12-20,300.31608782313384,301.0106215566092,296.8335974665971,297.5868225097656,1567000
2023-12-21,300.48244527397276,301.14763345333654,298.50640470452447,300.2476501464844,921800
2023-12-22,301.01067310953067,304.54209339772996,299.50422276518975,304.4931640625,1347900
2023-12-26,304.66923111899456,307.19304712304404,303.6127277847152,305.8626708984375,548500
2023-12-27,305.14855438869,306.5865512596794,305.02137992647545,306.4495849609375,694100
2023-12-28,306.322478152814,307.1637403094934,305.17793770480375,306.02899169921875,664200
2023-12-29,306.0876338327054,307.30065724361145,304.7279119983212,305.1094055175781,682000
2024-01-02,297.96835804845654,299.7585027735469,294.3391392694269,298.2716064453125,1968500
2024-01-03,294.4467548605546,294.6717581446297,289.7316867043409,290.308837890625,2153200
2024-01-04,288.8023750934182,291.46315747855465,286.78722702083263,289.3305969238281,1711200
2024-01-05,288.5382102941988,292.7543718684997,288.5382102941988,290.22076416015625,1343000
2024-01-08,290.4164651552697,293.81091904918844,288.15675983847376,292.9500732421875,1334500
2024-01-09,290.99360786583446,292.2163933848435,288.65562762397127,291.0327453613281,1730400
2024-01-10,290.99363599832066,292.30445861904576,290.0447531497077,291.90338134765625,1824100
2024-01-11,292.49025919623915,292.83264506894,289.86861453943885,290.9446716308594,1341200
2024-01-12,292.36315352892314,295.99237298585354,289.9371659009259,295.9239196777344,1515300
2024-01-16,295.4249645149746,296.2466727544251,292.1870310338746,293.5467529296875,1177800
2024-01-17,291.27730828082423,296.18800427607425,291.0229593347801,294.3293762207031,1562600
2024-01-18,295.3173849906464,300.1204601473582,294.0554620000978,299.6998291015625,1215500
2024-01-19,300.7270324295659,300.96179772734513,296.33476596250506,297.4010314941406,1673700
2024-01-22,298.3792117235967,301.7345577779248,298.31075842493954,300.7856750488281,1169100
2024-01-23,301.97914242704417,302.43891100480636,298.39882262316155,298.8096618652344,1409500
2024-01-24,299.8171739713086,301.12799627532917,294.30974401537856,294.5054016113281,1847000
2024-01-25,288.577377388193,299.3183359445595,285.6426921944148,297.29339599609375,3830800
2024-01-26,297.6553164480058,299.5922192975865,294.0945808338239,295.2782287597656,1721500
2024-01-29,295.2782196695566,301.68560312245563,295.1999446874315,301.3823547363281,1564200
2024-01-30,300.8443665919747,303.2508000658703,299.9933126715214,300.9324035644531,1367700
2024-01-31,300.8052725787764,302.0085044162311,297.38147272828627,297.7532043457031,1910600
2024-02-01,298.2520804203976,302.79104481299066,295.78692567021,302.350830078125,1503100
2024-02-02,299.650915980016,304.78661482854073,297.8216337380947,303.2409973144531,1526400
2024-02-05,300.4138783145622,301.3334151867068,296.27596238991157,297.8606872558594,2267500
2024-02-06,297.8705545916524,301.3530453868027,297.27384958356475,301.1769714355469,1517400
2024-02-07,303.3583876606552,306.16592817928836,302.75189084342355,303.11383056640625,1828500
2024-02-08,304.3365467142957,305.61805306116014,300.77581175675726,305.3539123535156,1260000
2024-02-09,305.42247175534294,306.17569687500423,302.6540985231463,304.9529113769531,912500
2024-02-12,305.1681017466292,306.43981648868635,303.46599400388567,303.6616516113281,991600
2024-02-13,298.99551145883794,301.5389113287559,295.405429864925,300.52154541015625,975000
2024-02-14,302.2432441236845,305.0605468243811,300.7367639581137,304.2583923339844,945700
2024-02-15,306.18549913635576,307.53545914867067,304.7866396437187,305.7061767578125,977400
2024-02-16,305.04095826123995,306.0779078621865,302.06716532763716,302.350830078125,1699200
2024-02-20,301.27474990744537,305.21700859648047,299.7095787226556,304.48333740234375,998200
2024-02-21,304.9822332177299,307.9169181838736,303.87686029046955,307.4473876953125,1097000
2024-02-22,308.1419485257864,314.2363222548791,307.70173380091336,313.63958740234375,1020700
2024-02-23,314.4680317398734,316.5366925052852,313.5366257574137,315.72296142578125,1387800
2024-02-26,315.72293267115793,318.1445580851188,315.22291161875773,316.19354248046875,1532200
2024-02-27,318.63475416876616,321.66423177955437,317.0464872582442,321.3014831542969,1434000
2024-02-28,320.9485447085034,324.25256740983264,319.41910015637893,323.2231140136719,1340300
2024-02-29,324.380001217559,326.3114194206133,323.27215771215276,325.527099609375,1852500
2024-03-01,323.8309615293754,329.36051476625914,322.5074256280985,328.6644287109375,1596200
2024-03-04,327.7624373323831,330.8801489106332,327.5957835878211,330.497802734375,1146100
2024-03-05,329.0860471239022,332.85083650011507,325.7428289459889,326.7526550292969,1277800
2024-03-06,329.69387103586274,330.8311557366029,327.6644053219587,329.8997497558594,1097600
2024-03-07,337.26268218040326,339.36078415783754,333.3410230852823,337.9097595214844,1581400
2024-03-08,339.2823087246468,340.8999869958431,333.4096342453819,334.0174865722656,1297500
2024-03-11,333.62537172222784,333.96852289757317,329.3507474942737,333.7234191894531,992700
2024-03-12,333.9488493370196,336.56656974300904,332.50763853549597,335.9881286621094,1305100
2024-03-13,335.0175583953206,335.3018870865004,327.0565944013845,330.2135314941406,1835200
2024-03-14,329.93895745422066,332.09588175995094,325.88005615874187,328.3605041503906,1417100
2024-03-15,324.93890097824254,331.33122523271504,324.3408622547422,328.10565185546875,1623800
2024-03-18,331.1840611817572,331.7134934773252,328.1447996624693,328.70361328125,1083200
2024-03-19,329.7624998354433,330.76251208711426,328.27225029975745,329.98797607421875,855800
2024-03-20,331.1645072818212,336.1352174585868,329.5468288588182,334.3704528808594,1222700
2024-03-21,336.3019056374146,340.81182012666727,333.3508771566607,340.4294738769531,1332200
2024-03-22,340.203902675564,340.203902675564,335.9489064457425,336.15478515625,889300
2024-03-25,334.59591908486595,335.81162370749536,333.4684481926001,335.30181884765625,1168800
2024-03-26,335.527324994062,337.7234442916846,335.0959401434745,335.30181884765625,1127200
2024-03-27,338.24310154437995,340.24315608760145,337.33132297316314,340.0960998535156,958500
2024-03-28,339.79212425459394,341.5470750003897,337.8803334813587,340.5274353027344,995100
2024-04-01,339.6548810989436,339.6842923440175,331.19389720072667,331.53704833984375,992200
2024-04-02,328.27223699770445,328.43892065950354,325.1055167024581,327.4192810058594,1608100
2024-04-03,326.96829240237486,328.9291217421192,325.66435405619256,327.7428283691406,1095100
2024-04-04,331.0272839328193,333.3410486145985,322.22314781883915,323.3996276855469,1316700
2024-04-05,324.5858942040281,326.00747753335,322.91917728564346,325.3506164550781,870300
2024-04-08,325.96833701005073,327.00757434761124,324.4584897777908,325.7918395996094,1097700
2024-04-09,330.0565572339811,330.2820633550262,320.90930250975214,327.9976806640625,789900
2024-04-10,320.9877733966276,322.58585417767074,314.72293889313994,314.8699951171875,1563100
2024-04-11,316.1739707811387,316.1739707811387,313.03666125892363,313.6543273925781,1323300
2024-04-12,311.37970422386235,312.99738244043965,308.8796288710781,312.0169677734375,1280100
2024-04-15,315.7425382953643,315.7425382953643,307.2815846708148,307.82080078125,1745200
2024-04-16,304.4972267193628,305.80119520688976,300.9187185505388,302.34033203125,1440700
2024-04-17,304.70308473261326,305.30112332186195,301.8108494780447,304.0854187011719,1523900
2024-04-18,305.3795861134127,307.1050956658069,301.6343947223949,303.3207092285156,1127500
2024-04-19,304.7521415502458,305.05606775334,299.3892712442004,299.96771240234375,1563300
2024-04-22,300.1343913321728,305.8796077717698,298.948097786638,303.2030944824219,1638000
2024-04-23,291.9968940366175,298.7029568475202,288.78113504934646,296.43817138671875,4426500
2024-04-24,295.89896265331913,298.2323544615124,294.4773493490352,297.7813720703125,2287900
2024-04-25,297.33036290673243,301.5167529315897,293.94795005710347,298.8402099609375,2004800
2024-04-26,300.1931722093418,303.8403160029384,299.90884357557275,300.4480895996094,1820300
2024-04-29,301.48732528967366,303.70304210234957,298.93824115910115,300.0951232910156,1645300
2024-04-30,299.34022441060955,299.34022441060955,293.25182756042943,293.7420349121094,1779400
2024-05-01,295.2911315299103,301.71283640462343,292.5263546550431,297.3990173339844,1954600
2024-05-02,298.6833515110277,300.2520211155265,294.7519086576158,298.4970703125,1521000
2024-05-03,309.2718704855942,309.38951547816237,304.86000374497166,305.203125,2027800
2024-05-06,307.49729532750365,309.3110386718768,305.5560633590729,308.8208312988281,1533900
2024-05-07,309.1541705324019,313.5660369156739,308.41885946852324,312.5072021484375,1820400
2024-05-08,311.7816574183471,313.68366414141553,311.25222515525604,312.75225830078125,933600
2024-05-09,312.7620896588835,314.5856465614302,311.1345977360308,314.17388916015625,1287500
2024-05-10,315.693523265303,315.95822445464773,313.4483652968122,314.5758361816406,1075700
2024-05-13,315.2033334273713,316.6641417901994,309.4581175124473,309.68359375,1153700
2024-05-14,309.33065799105356,309.9188828873555,305.82075653707676,307.89923095703125,2196100
2024-05-15,310.1542000843422,313.57583785440926,309.418889050439,310.1737976074219,1509100
2024-05-16,310.4735457488343,310.8567880392165,307.70253605847716,308.5672302246094,1139600
2024-05-17,310.4047294215297,310.4047294215297,305.8354505487645,306.9753112792969,968600
2024-05-20,306.33661613608734,306.97532321149436,303.51645705821625,304.0470886230469,1424400
2024-05-21,304.6268475225599,305.9730533885758,303.3101195226737,304.57769775390625,1529700
2024-05-22,303.7326439919258,305.2655529978672,300.76506554151763,301.8852844238281,1876300
2024-05-23,302.1997359041399,302.4159169178221,297.6009788846874,297.8269958496094,1569900
2024-05-24,298.5050091173454,302.0523388436665,298.18075259894863,299.5466003417969,1011200
2024-05-28,298.99637050100125,300.1362314387231,295.81264063238285,296.49066162109375,1735100
2024-05-29,294.142126836915,295.075642620024,290.64394661967134,292.2652893066406,1711700
2024-05-30,292.80574984231686,297.3062074338212,291.20404910951015,296.8050537109375,1149100
2024-05-31,296.8640017796394,299.33042652446306,295.59642355325457,298.524658203125,6144800
2024-06-03,299.68418712558366,300.35237207197997,293.03172556429814,296.785400390625,1971300
2024-06-04,296.77556105630845,301.61997683159547,294.82996197058964,300.52923583984375,3117700
2024-06-05,300.85355019392637,303.03500239169693,296.71663279078876,302.8777770996094,1607500
2024-06-06,302.57317094192587,303.1627283191941,297.7484264868872,298.7801818847656,1727100
2024-06-07,288.5902696177938,290.0937009793032,277.1916899550437,286.8804931640625,3302700
2024-06-10,285.7995582186066,289.77922023590514,285.1411791997701,288.0202941894531,2137400
2024-06-11,288.08909834718105,291.8526094926622,286.70357855104504,290.8601379394531,1082400
2024-06-12,298.29866579916734,300.971435557483,293.2086211084719,294.0929870605469,1639800
2024-06-13,293.7391935999856,295.488283416499,290.8600790684059,295.2328186035156,1333100
2024-06-14,293.1791527952768,294.741569839435,289.28792408875864,291.83294677734375,927900
2024-06-17,291.056606326117,297.89574005160074,290.79127558618285,297.59112548828125,1535400
2024-06-18,297.23743638491857,297.23743638491857,293.55255284354985,294.9773864746094,1973200
2024-06-20,294.0340658296816,298.50504588222435,292.8745330135275,296.11724853515625,1786400
2024-06-21,297.4044617681853,301.5708266604703,294.466391241565,296.0287780761719,2312700
2024-06-24,296.7559493287351,299.2813300018488,295.31147380633723,295.33111572265625,1602300
2024-06-25,295.0264697204924,296.6380063170687,287.19486367102337,289.5630187988281,2654500
2024-06-26,288.71797925113407,292.25547316437826,287.95152473556925,291.7051696777344,1617500
2024-06-27,291.8623848343268,292.75658673606813,290.4375813547522,291.8427429199219,1133200
2024-06-28,291.842763142152,294.4270994791128,290.73238015439404,293.2479248046875,2175800
2024-07-01,293.39530967281405,293.92594126698816,289.563037020795,290.6537780761719,1818500
2024-07-02,290.3786209265902,291.2728228138665,287.2538173027311,289.5335388183594,2354000
2024-07-03,289.5335489686599,292.52076933566764,288.4624798540846,292.0589294433594,1007000
2024-07-05,291.60696002423634,291.60696002423634,289.20932668087534,290.56536865234375,1097900
2024-07-08,291.2728350576972,295.2426609813509,291.253163155128,295.03631591796875,1660500
2024-07-09,294.8692713264303,294.8692713264303,292.68781914173127,293.7196044921875,1229200
2024-07-10,294.79063523973343,300.58817840191733,293.6311326048275,300.0673828125,1241800
2024-07-11,303.09392928977223,309.3336406694693,301.3055254985499,308.51806640625,1603100
2024-07-12,308.9995360684229,314.5121365518093,307.5943745680583,312.8416442871094,1494700
2024-07-15,311.98672288435046,315.268721347041,311.259582323125,312.93988037109375,1961900
2024-07-16,314.6693642548456,320.85995565981983,314.3352717968543,320.7322082519531,2239900
2024-07-17,318.934016667416,321.92120704533943,316.75256462210075,320.14263916015625,1824100
2024-07-18,319.2877675814293,324.1125118138149,318.8259276654429,319.8085632324219,2013900
2024-07-19,319.1599870984661,319.4154819154648,315.32771478175823,316.26123046875,1537700
2024-07-22,316.74269700875635,317.7154964764326,312.48789884379806,316.7525329589844,2350500
2024-07-23,333.11344885307057,339.5496996603311,325.979505219636,338.5179443359375,4163100
2024-07-24,338.18384842928555,338.6162104625541,325.93038214075193,326.254638671875,1919900
2024-07-25,329.5759416732886,342.1045443351936,329.5759416732886,336.7884826660156,2536100
2024-07-26,338.23299190118587,345.8778956792117,337.04401122024785,343.156005859375,1928900
2024-07-29,343.4114326784295,347.6367529315553,342.73341184889426,346.4281005859375,1322900
2024-07-30,346.8015684524949,350.4962878336084,343.54904707795487,345.7304992675781,1358200
2024-07-31,348.3344232215186,349.5234336803242,342.01608461749765,344.70849609375,1785300
2024-08-01,345.2785035244709,347.44028386188353,340.83697139980757,344.2958679199219,1351600
2024-08-02,342.3698504587583,343.27385826323575,336.62142718324264,341.22015380859375,1446500
2024-08-05,335.15730886159736,339.08785092863343,330.28344509501636,333.2018737792969,2539100
2024-08-06,333.73250734943366,340.49304454316484,332.0030592335518,338.14453125,2579200
2024-08-07,340.64042488861514,341.4953129727295,332.97585002167017,333.81109619140625,1909700
2024-08-08,335.66832209699487,338.59655695049196,334.13541298220434,336.759033203125,1774100
2024-08-09,335.8157167109956,340.66010302788646,335.8157167109956,339.63818359375,1763100
2024-08-12,339.3925060907404,339.89362982827834,336.11047697347783,337.2798156738281,1790000
2024-08-13,337.2797841209206,344.4137271232898,337.0537971582737,343.01837158203125,2487700
2024-08-14,343.3329080711537,346.2415013507484,342.2814806736184,346.03515625,1230800
2024-08-15,348.88473467787753,351.42978710245524,347.69575407716957,350.28009033203125,1277800
2024-08-16,350.43269418411165,351.0628292207909,346.31702988703694,348.9459228515625,1023700
2024-08-19,349.35946821278026,351.01360646794353,348.1188494974454,350.52130126953125,1457500
2024-08-20,350.0093503711326,352.98286325550094,348.9262728145985,349.8714904785156,1739800
2024-08-21,349.8714379906876,353.356967041387,348.97543896687876,352.4609680175781,1238400
2024-08-22,353.5538632428791,354.7649447631798,351.19080446602743,352.4018859863281,1077700
2024-08-23,353.83942456391577,355.14897318546116,351.7717367732131,353.20928955078125,1358600
2024-08-26,354.3416280629275,357.5416121564575,353.80007426449663,355.13916015625,1359200
2024-08-27,355.13915902662234,357.32499551009033,353.53423912484226,354.4400939941406,1380200
2024-08-28,355.23763729723936,357.3348625088064,353.9871627083722,356.1336364746094,1156500
2024-08-29,357.25605591389547,357.5612827528435,353.82960069379664,355.06036376953125,847500
2024-08-30,357.1477792648688,364.5717208374155,355.59207784026427,363.6855773925781,1882200
2024-09-03,362.6910781658597,365.4775424680657,356.8425199429245,358.15203857421875,1446200
2024-09-04,357.9551199485257,360.0129822477014,355.8972876972765,357.11822509765625,990300
2024-09-05,357.53170655237574,357.84678907681854,352.50036207184894,354.5384826660156,874300
2024-09-06,355.01111303851116,358.70340193053687,352.40190156439775,355.2769470214844,1171200
2024-09-09,357.26588424956174,359.107100862064,355.2966634793262,358.2997131347656,1169700
2024-09-10,359.98342109627106,366.6098604057562,358.5656096573308,366.1274108886719,1480900
2024-09-11,364.1384763436006,366.3046313934674,354.68623988435945,365.8812561035156,1743800
2024-09-12,365.4381739474237,368.5003281677017,362.1692599395929,368.21478271484375,902600
2024-09-13,369.2289340300836,373.02951610136137,368.7957030103208,369.6227722167969,1006400
2024-09-16,371.2178266678261,374.279980838657,370.124923474767,373.2264404296875,1154300
2024-09-17,374.4079991253635,376.9384252792101,371.29662633313006,372.1827697753906,830400
2024-09-18,372.7636702753292,373.7975292866128,368.6283243739747,369.5341491699219,1172500
2024-09-19,374.1519142939434,375.1266688763742,370.49901849149165,373.90576171875,1069300
2024-09-20,372.8523044725327,373.6793737035157,369.9280100264474,372.69476318359375,2543500
2024-09-23,373.3051666344901,376.5149758062958,371.6903913062102,375.9931335449219,1213700
2024-09-24,374.3980900759644,377.8048335143876,373.8959291761088,375.68792724609375,1079200
2024-09-25,377.529216514101,377.529216514101,373.1969360975005,375.3138427734375,759400
2024-09-26,374.4670248286013,379.3014653729827,374.1027237977166,378.0214538574219,981700
2024-09-27,377.5882493247079,379.3211733204309,374.7525664400434,376.8399658203125,1325900
2024-09-30,376.5445481199668,377.58823274029766,370.81410837955985,375.7962646484375,1706700
2024-10-01,377.1648671330738,377.91318067168066,371.9070510674233,374.7230224609375,1255500
2024-10-02,371.6412364885611,374.683679256132,370.5089104018957,372.3403015136719,794300
2024-10-03,371.463932069318,371.463932069318,366.59012891619,367.3581237792969,713800
2024-10-04,368.75629277981,368.75629277981,362.5827961113388,365.5858459472656,883700
2024-10-07,360.3674202572893,363.35078868209246,358.2505138254724,362.1200256347656,805300
2024-10-08,364.3058341944156,369.5636499254166,363.3999794396566,367.6535034179687,1013400
2024-10-09,369.5440240886193,373.3347805644122,368.3723351770483,373.12799072265625,834000
2024-10-10,370.5285815376304,372.8817846962969,368.5987235785099,370.6565856933594,975500
2024-10-11,371.50336289220553,373.2362868827798,370.03630295123247,373.1575012207031,945400
2024-10-14,373.068894722889,379.0848802171045,371.5427605395382,378.2479553222656,849500
2024-10-15,380.6996500815283,386.52855755855734,378.6418177084088,382.5704040527344,1037100
2024-10-16,382.2553092592335,385.17960337095315,382.2553092592335,383.3974609375,777200
2024-10-17,384.3722357463976,386.2626710006139,381.5464085370717,383.09222412109375,1080700
2024-10-18,384.9827175230123,384.9827175230123,381.3002837533468,382.3833312988281,1280300
2024-10-21,380.5027733303816,382.0485891154025,375.0677036599652,375.8750915527344,1351000
2024-10-22,373.0590497211453,383.01344646461234,355.44435520237806,355.8185119628906,4720200
2024-10-23,352.60866465807004,360.4461548734552,352.26404501530914,357.13787841796875,1847800
2024-10-24,354.59763190817057,357.561289013844,354.4203791857368,356.0252990722656,1386200
2024-10-25,356.0548079776534,359.42218876614754,353.1108324975076,353.5145263671875,1122000
2024-10-28,357.6006572300799,360.4658771290779,355.0209827634156,357.6794128417969,1002200
2024-10-29,353.3471309586775,358.1520345389923,353.3471309586775,356.0548095703125,1044300
2024-10-30,356.74405397931554,360.13111622219037,356.06467038683667,356.3206787109375,1334000
2024-10-31,354.22341133910993,356.5864700508316,353.1009411734871,353.2486267089844,949900
2024-11-01,355.7791000877739,358.3883115044023,352.08681127709497,352.4609680175781,1093800
2024-11-04,376.318132752548,377.79504845401334,363.48865956106914,368.6381530761719,5565700
2024-11-05,368.07692759759567,373.88615354811776,368.0080276994694,372.3895263671875,2582500
2024-11-06,374.0239469721072,377.52915758413656,369.504588852349,374.8707275390625,4691300
2024-11-07,378.5826982657115,383.2005234390284,376.2885692580361,378.09039306640625,16521800
2024-11-08,379.05530541206525,383.7420302708465,375.45162790580787,380.71929931640625,2209500
2024-11-11,380.8079426615339,385.4848422425905,380.8079426615339,383.2596130371094,1172600
2024-11-12,385.9574390016368,385.9574390016368,377.4307089359684,377.7655029296875,1146300
2024-11-13,379.1242555459686,383.61407695747533,377.61780270458047,381.3298034667969,1172700
2024-11-14,380.36484412171774,382.80668874959787,379.40977082451514,382.4817504882813,1276600
2024-11-15,380.4645833216513,383.37452244211426,373.63850102443325,373.84564208984375,1722800
2024-11-18,373.8653584680454,377.6729486898332,367.9862373528472,370.2550354003906,1511900
2024-11-19,367.3450705420944,370.03802460973645,362.383348504792,368.4301452636719,1671700
2024-11-20,368.9233149581375,368.9233149581375,362.36358823957494,366.6150817871094,1440800
2024-11-21,368.0257021818155,378.2155004352023,364.4745622769405,378.1168518066406,2588500
2024-11-22,379.7740418085332,383.17722383490474,377.7617241710555,383.02923583984375,1619900
2024-11-25,386.6789961624551,394.8761939024283,384.4200721692055,394.2843322753906,3291900
2024-11-26,394.3336747529259,394.5999989406969,389.7862351543194,390.7628173828125,1889300
2024-11-27,392.33121088621834,394.9846991470277,388.5531825728735,388.61236572265625,2249100
2024-11-29,392.1240425699454,393.3570750381456,388.2967350754507,392.0056762695313,1373200
2024-12-02,390.67400961289434,393.09076538116307,387.3300410893573,390.21038818359375,1538700
2024-12-03,390.368200503136,392.5975328099469,385.0710979046202,389.9539184570313,1016900
2024-12-04,389.4508444667699,389.5297754041933,385.4656750201951,386.748046875,1213900
2024-12-05,385.1204517403929,386.2153701495848,379.2610788985935,380.0107421875,1388300
2024-12-06,382.4965690662021,384.39049019603806,379.24134508783783,379.7345581054687,1910000
2024-12-09,380.1686452086204,380.6618583005111,370.37344042847394,371.3401489257813,2337500
2024-12-10,370.2648494987524,370.7284709236224,365.5793259913071,366.555908203125,1808600
2024-12-11,368.86414842725463,369.54478478950614,365.4807144025356,366.8912963867187,1302400
2024-12-12,365.67798183738614,365.92458834265057,361.35743104861984,361.8703918457031,1219300
2024-12-13,362.19595254758894,362.2452919179106,357.53017604673494,359.5523376464844,1118800
2024-12-16,361.22920488094223,363.27108377515174,359.0195902218161,360.0750732421875,1486600
2024-12-17,358.5362715110159,363.57689409134446,357.6189025248896,357.8655090332031,1292400
2024-12-18,356.67194637147713,359.6115070722174,343.62154795485293,343.9273376464844,2306800
2024-12-19,344.252836563796,345.1603618253705,337.5352772006636,337.7325744628906,2055800
2024-12-20,335.1283770199736,344.6079470262584,334.6943471491551,340.7806091308594,3294800
2024-12-23,339.6758100474401,341.1159836248349,336.1345442059237,340.1591491699219,1083300
2024-12-24,339.13326514524357,341.81634521484375,337.38730186778344,341.81634521484375,445900
2024-12-26,338.19617149869856,341.93473459340925,338.19617149869856,340.820068359375,750500
2024-12-27,339.41934733102755,341.7374546470448,336.74614107468517,338.6302185058594,881700
2024-12-30,337.9199796927646,337.92982348301257,332.52422798683665,334.1518249511719,1217400
2024-12-31,334.28006059979094,336.44033603144453,332.98784489817785,335.3157958984375,1053100
2025-01-02,335.58214289850105,337.3774153702326,326.5070115041815,328.6376953125,2263600
2025-01-03,330.0877549019317,333.60930313562193,328.5193410902043,331.9718322753906,1636100
2025-01-06,333.09635245152646,337.11111383376186,332.44530762440706,333.2344665527344,1841100
2025-01-07,331.4588451058663,338.1172204335721,326.9706189633381,329.86083984375,1625900
2025-01-08,330.6204270690234,333.0272788969731,327.6907405438411,332.958251953125,1413700
2025-01-10,325.53047838882975,328.82513786434885,323.54775234656563,325.6784362792969,1685200
2025-01-13,325.2444048111855,331.8534715175905,322.9953545770559,331.5575256347656,1442700
2025-01-14,331.9718153599711,338.3539928012347,331.8337012700008,337.0025939941406,1501400
2025-01-15,347.37978296537057,349.22439476455196,339.55743202834316,342.22076416015625,1741200
2025-01-16,341.7374343046622,350.43771906475314,339.8434830923295,349.3625183105469,1469700
2025-01-17,355.212001528639,361.97886930393474,348.2478365159495,349.1750793457031,2392500
2025-01-21,354.1368230379759,356.9086778082496,352.0653223287202,356.61273193359375,1808200
2025-01-22,356.92838588792864,357.92468579679485,351.739775412579,352.884033203125,1181500
2025-01-23,353.7323736527472,356.73111715586197,351.15778610966737,356.2082824707031,800000
2025-01-24,358.08254682803454,361.3081493255285,353.8211788674905,355.2613525390625,1335400
2025-01-27,355.13305389698667,359.74955014631945,352.31189017553993,359.22674560546875,1270500
2025-01-28,358.54610930278926,360.3117900501295,354.5017569530021,359.22674560546875,1338800
2025-01-29,357.67806705666874,360.45979555041913,354.1269275011717,355.5177917480469,1616300
2025-01-30,357.41175001609247,364.977651331044,350.73365626001964,360.5880432128906,3418600
2025-01-31,360.76562305265014,361.70270977178455,351.71020871009057,353.2983703613281,1870800
2025-02-03,347.646129455955,357.82605363034924,344.7559083220043,352.7854309082031,1641800
2025-02-04,351.32550197216233,353.40684646668586,348.3366322754925,352.736083984375,1783200
2025-02-05,355.41912238834516,360.45977451542115,351.83839146648165,359.53253173828125,1619500
2025-02-06,362.7286079833608,363.18235556203706,357.8753783086703,360.2625427246094,970300
2025-02-07,358.9998794526531,359.6607680122177,352.46974417457227,355.6756286621094,951100
2025-02-10,358.0430709482186,358.0430709482186,351.10849689736966,354.2847900390625,1263200
2025-02-11,355.212002037682,359.7594113638073,354.2157021630796,356.4647521972656,1111200
2025-02-12,348.20837350837286,352.86430537244814,343.7299910972076,350.6744384765625,1095000
2025-02-13,354.1269654780307,356.96787742709,349.7373573465093,356.2280578613281,1907300
2025-02-14,357.26372315803985,361.47578099265786,351.4832818672783,352.01593017578125,1872000
2025-02-18,352.8446051500787,352.85444894017274,346.0283976283093,348.1985168457031,1498600
2025-02-19,343.0296523780336,347.4291040486143,342.6745534563724,347.0740051269531,2042700
2025-02-20,346.10732808638096,346.4821748287081,343.7103198383453,345.26885986328125,2041800
2025-02-21,347.942062232708,348.3662181981671,337.67336371194403,339.892822265625,2871800
2025-02-24,342.05305581758273,342.63504348805566,338.36380246944896,339.2022705078125,2442500
2025-02-25,341.39217709820497,350.7435065899067,340.4156249730483,348.23797607421875,2063300
2025-02-26,351.6017176966324,359.9863394561182,350.18126171969976,354.7089538574219,2438200
2025-02-27,353.7817190272153,357.2835497866098,350.3785670030181,350.6843566894531,2468400
2025-02-28,354.33407788644257,357.94440068793597,352.24285956612385,357.3525390625,2799200
2025-03-03,360.1106844288113,360.1106844288113,350.66974022771296,352.65679931640625,2607300
2025-03-04,351.50012932366076,356.42327736547367,349.0978828795795,351.22332763671875,2564400
2025-03-05,352.4887122516689,359.0232534162133,351.22332879730675,358.1829528808594,2000200
2025-03-06,354.10010202620356,360.82244590753805,352.8940310756506,355.968505859375,2094000
2025-03-07,357.84688104745493,360.9411170007212,351.40130785884475,359.4681396484375,2024500
2025-03-10,351.83625509797355,360.07115835184993,350.8378079992,353.6947937011719,2445600
2025-03-11,353.9123149090502,355.64233320818664,347.11086671167106,348.9891662597656,2002600
2025-03-12,353.1115493083882,353.1708618051685,344.6987082086088,345.8355712890625,1418800
2025-03-13,346.6066584543327,350.57088121837876,337.63034877659356,338.19384765625,1959500
2025-03-14,340.02273832368695,341.357299681761,335.3170790781188,337.87750244140625,1860100
2025-03-17,335.7223967429988,340.2995354598803,333.76499385147787,338.3421325683594,1760100
2025-03-18,335.3467526740927,337.6007181949543,331.0662063298134,331.6988830566406,1645300
2025-03-19,330.7992630481424,333.08288477181793,326.38030084860304,331.0958557128906,2112100
2025-03-20,328.93086805127905,338.0752506708539,328.93086805127905,332.19317626953125,2158600
2025-03-21,329.1285323581147,332.43039195909677,324.1164153774435,330.5916442871094,3478300
2025-03-24,335.84102494326316,339.42958186076066,332.27222880174315,338.796875,1847700
2025-03-25,337.956576595533,339.79535452358357,335.1193515144721,337.26458740234375,1180500
2025-03-26,338.0950147329136,341.83185316267026,336.167267932137,340.4873962402344,1499200
2025-03-27,342.04931778445115,343.3740138341886,338.97484273294367,341.70330810546875,2058100
2025-03-28,343.2653004172353,344.1352271380957,335.23799013090405,335.8706970214844,1305200
2025-03-31,335.22809412622723,347.14049273835843,334.7041469794416,345.202880859375,1964500
2025-04-01,345.2424426426906,347.822626732512,341.61433405962816,346.567138671875,1258000
2025-04-02,343.8485423718305,349.89865839751985,342.10862868162627,349.6218566894531,1583100
2025-04-03,341.1793686402862,343.2553965919409,335.3170854176709,336.7604064941406,2143700
2025-04-04,335.7421389707845,344.76789544048665,327.20080808781506,328.2684631347656,4338800
2025-04-07,321.1309042949145,332.845604512938,313.14317672474345,319.12408447265625,3240400
2025-04-08,323.7209962195931,328.19927068357043,305.31360745079814,309.9302978515625,3115400
2025-04-09,308.6649195359542,335.2379741195409,306.1835694572296,332.41064453125,3253100
2025-04-10,329.14830230719423,330.58172772831495,314.69521193043664,326.14300537109375,2470900
2025-04-11,316.7613942888857,333.9033991162252,316.7613942888857,332.9246826171875,2032700
2025-04-14,335.1490263767003,338.81668696388107,332.1635198862271,337.1261901855469,1632000
2025-04-15,335.4257983675362,338.0159080695763,332.47984386175517,333.033447265625,1247900
2025-04-16,330.739953385358,333.8342195157732,325.53013770672794,327.4974060058594,1386000
2025-04-17,334.27908460039015,334.27908460039015,326.83503423270287,329.57342529296875,2238300
2025-04-21,328.08067009907944,328.08067009907944,315.762948080952,318.61993408203125,1511200
2025-04-22,322.4655103860589,328.8517405772357,321.4571677777015,328.16961669921875,1331500
2025-04-23,333.58703599253914,336.45391710125614,326.419818136186,327.46771240234375,1338600
2025-04-24,328.5056974678631,331.5109943804228,325.04566140594835,330.62127685546875,1081400
2025-04-25,330.34450234684243,330.67072107081174,324.9369586214211,327.83349609375,1552900
2025-04-28,328.8121523090476,331.78779294851995,325.12476179157994,328.4068603515625,1799800
2025-04-29,341.3572952937027,348.47509656784416,335.5444594504644,344.1549987792969,2461600
2025-04-30,342.5336856377503,350.70927613148746,342.05918569942924,348.8902893066406,2307200
2025-05-01,349.35493584948864,352.923701656772,347.69409550139443,349.6020812988281,1447100
2025-05-02,353.07201047081793,357.32293063296737,353.07201047081793,355.5335998535156,1398600
2025-05-05,354.6438625007913,361.3958937981833,354.0902590482156,355.7115478515625,1583500
2025-05-06,352.31078393517436,354.52519749560764,348.2674880253265,348.4948425292969,1159000
2025-05-07,348.4948515977799,349.9480680769102,345.9640845573946,347.5655822753906,1025900
2025-05-08,349.17699278916075,353.02259073289827,346.80440234223016,349.53289794921875,1259400
2025-05-09,348.4553227653593,349.7404670341715,346.22111824939236,347.8423767089844,1470700
2025-05-12,354.9008426919008,359.2802525352259,351.99440997888877,353.07196044921875,1390600
2025-05-13,354.20884474976486,354.68337487180526,351.27275561459436,351.97467041015625,1390500
2025-05-14,352.49860845556,352.49860845556,346.8043678145431,347.35797119140625,1159700
2025-05-15,348.6629202037617,358.0346866025159,348.24770257007503,357.3229064941406,1650600
2025-05-16,357.1841905489658,360.18615353112506,355.7674292265568,360.14654541015625,892900
2025-05-19,355.87643242600626,358.957641931014,354.7469660222983,358.6505126953125,1662500
2025-05-20,359.5718924164404,359.5718924164404,354.2218633100538,355.77734375,1949600
2025-05-21,352.59706941746623,354.55872971151723,348.94120947919737,350.66510009765625,1449800
2025-05-22,349.8229529685749,351.82425158664887,348.138700736099,349.6743469238281,1349600
2025-05-23,347.55412197236745,350.30839810818367,344.8692054002547,349.2483215332031,1018300
2025-05-27,354.11288661171926,356.748247624345,350.8632369217627,355.99530029296875,1260200
2025-05-28,355.4801027703166,355.886312772829,351.3487036513508,351.4477844238281,792200
2025-05-29,353.32025820630497,354.29120133758033,349.6346774485724,352.45831298828125,726400
2025-05-30,351.626082312052,355.7971194387645,349.1987396474725,355.489990234375,2509200
2025-06-02,352.5078691064743,352.5078691064743,347.9405386718343,352.1512145996094,1990600
2025-06-03,353.6868428336311,354.62806479320955,348.3863693582125,354.4497375488281,1792800
2025-06-04,355.4206881563101,360.53294801693454,352.5772481515044,358.8684997558594,1557000
2025-06-05,360.0177749465069,360.0177749465069,352.86457790852774,354.56866455078125,1438700
2025-06-06,357.78858495673114,359.9979321325609,353.93456336421065,354.17236328125,1495300
2025-06-09,354.7172469670823,356.4609718527797,351.61620314726207,354.63800048828125,849200
2025-06-10,357.0851437148875,357.6399597662734,353.4688919977234,357.39227294921875,769400
2025-06-11,358.1254008544052,359.314309619232,353.20138593366374,353.8255615234375,1115300
2025-06-12,354.3506879347709,354.3506879347709,351.0118743244004,352.9042053222656,888500
2025-06-13,347.0488893971516,347.0488893971516,332.0192391536165,332.772216796875,2797900
2025-06-16,334.36726310166665,337.0918179036951,331.2067771124973,332.6532897949219,1706400
2025-06-17,330.84023260380525,332.0588626452737,326.094574892633,327.9670715332031,1593300
2025-06-18,328.571455484491,330.86007937324996,326.8475345889727,328.40301513671875,1451800
2025-06-20,330.90958872370453,334.0601577910314,327.16456524635953,330.4142150878906,2707400
2025-06-23,330.33496248036323,341.3718711592025,328.64076290796584,340.58917236328125,1600800
2025-06-24,344.641329194533,346.21664395334307,337.61693471177733,342.4914245605469,1585100
2025-06-25,341.48085447033793,342.9768621987957,338.3798108627157,340.4405517578125,1614600
2025-06-26,341.83752152144325,341.83752152144325,336.23980562132255,338.7067565917969,1724300
2025-06-27,339.6480178964677,345.5528637081146,339.3706098445168,342.52117919921875,1366900
2025-06-30,342.0158719773291,342.5409668446129,337.84483424908586,340.1829833984375,1809800
2025-07-01,339.1526312889793,356.05477822163186,338.4392920061209,352.01251220703125,2310200
2025-07-02,351.29914535466725,353.0032318280273,348.1684106627608,349.2483215332031,1340800
2025-07-03,350.3480595237665,352.4583561353091,348.53500524685734,350.72454833984375,1088700
2025-07-07,349.69417484987713,349.69417484987713,340.7972830315102,343.0859069824219,2209200
2025-07-08,342.64003027627524,344.90884997750595,340.91613971156397,342.7985534667969,1319800
2025-07-09,344.2054186979157,349.4365629046682,342.4814979440134,348.28729248046875,2120100
2025-07-10,346.95037178743775,352.1595588176633,346.9207191161266,347.7707824707031,1216400
2025-07-11,343.19417888856526,344.2221581299472,340.6538231213917,341.9388122558594,1038500
2025-07-14,340.30792763046327,342.73953735811097,339.2502653313306,340.525390625,999800
2025-07-15,342.0080720144663,342.7593132706905,334.9010232492505,335.13824462890625,1322100
2025-07-16,334.9899576737377,336.88781907377717,331.4710333510769,335.9388732910156,1273300
2025-07-17,335.68189736519764,337.32274886376973,333.58636152729326,335.9784240722656,1331500
2025-07-18,335.96853784489184,336.42322215429584,332.093751523174,336.1464538574219,2202500
2025-07-21,339.4677043397423,342.14645971168903,336.1761371462026,337.3622741699219,2350600
2025-07-22,327.60612327019805,337.24363276683886,324.31455637646513,336.1464538574219,3896900
2025-07-23,339.5665266664994,341.5829986439995,337.18432838482386,338.98333740234375,2234100
2025-07-24,336.15628509852957,343.09531056347754,334.89105441290184,336.2847900390625,2132400
2025-07-25,337.9356097407678,337.9356097407678,334.26842181927873,336.1761474609375,1868400
2025-07-28,334.12997521070827,336.6703310567384,330.4627878090169,332.28155517578125,1919500
2025-07-29,332.43971975483885,333.853213909321,329.8697111868372,333.08221435546875,1518200
2025-07-30,331.3227671551506,333.0822293013777,327.0130547171832,328.1498107910156,1539700
2025-07-31,325.67865843504626,330.1860453411719,325.67865843504626,327.0625,1752600
2025-08-01,325.96529298898554,341.01958888847713,323.76104074932624,339.44793701171875,4073900
2025-08-04,339.51712396779675,344.0245107352193,338.6077251585352,343.8367004394531,2145700
2025-08-05,344.4298132499215,348.05745418575964,343.5896139867881,348.0278015136719,1565400
2025-08-06,347.89929190211956,349.06570070813353,343.46110443447986,346.6835021972656,2134200
2025-08-07,350.8745290418639,350.8745290418639,343.91574471035545,345.8926696777344,1410300
2025-08-08,345.9025967349206,348.7691321761705,344.8053875879983,348.09698486328125,1628300
2025-08-11,349.0854442351602,352.86137848572247,346.4561301836658,350.4890441894531,2626000
2025-08-12,351.4280347708693,357.0128412803799,349.9650995638533,353.95849609375,2567500
2025-08-13,355.90583988907565,365.79046584870224,355.61917728991085,364.57464599609375,2880900
2025-08-14,363.8134957942076,367.4708190144714,359.5828776117928,361.3522338867187,2615100
2025-08-15,362.4220717660236,364.16554306959705,358.94507509553364,360.9757995605469,1785100
2025-08-18,360.6885186121145,361.3027179933515,354.8935140450974,355.47796630859375,2097300
2025-08-19,355.0619251236954,365.433542637392,355.0619251236954,364.47265625,2089400
2025-08-20,363.9872603700924,366.5232022700363,361.7286861707419,363.68017578125,1798300
2025-08-21,360.7183159264459,362.8679082520694,357.4889393535489,360.44091796875,1450100
2025-08-22,362.491466441779,376.0825452317654,359.9258074649467,369.4256896972656,2298600
2025-08-25,366.7510509720473,368.37562457689313,361.6395345904969,363.5513916015625,1411000
2025-08-26,363.947618423563,364.5221852226933,361.540459844822,363.0164489746094,1828400
2025-08-27,363.6009146486244,364.88871702567127,362.1447266465593,363.9476318359375,812400
2025-08-28,364.6905335502676,364.8688348569472,360.6587715857674,362.7390441894531,1136900
2025-08-29,362.3626781295111,363.9773663591739,361.193773480965,362.3923950195313,1328500
2025-09-02,358.0733536240841,359.74747551465214,355.86429752040624,357.5285339355469,1472500
2025-09-03,356.9143554974231,360.7480156472663,356.2803851079334,359.61871337890625,2528600
2025-09-04,362.0654667880429,363.51173898418347,358.35070481689326,362.34283447265625,1922900
2025-09-05,365.3840427991837,373.04138716056053,363.0561189371888,368.9303894042969,3067000
2025-09-08,368.88081543023674,372.0606431598323,367.1373441670221,371.70404052734375,1544600
2025-09-09,367.49402005914015,368.5044245336396,355.19071387395917,357.9842224121094,2210000
2025-09-10,355.56711458057094,358.8360930441473,351.25798461981265,354.09112548828125,1777800
2025-09-11,355.31948968622453,366.04770980937866,354.37840448646864,365.2156066894531,2079000
2025-09-12,362.40230071806144,364.0269046098025,356.6072654776536,356.71624755859375,1848800
2025-09-15,356.67661806131935,356.716250657534,351.17878189595757,353.724609375,2016300
2025-09-16,353.199569634559,354.04158842638907,349.06877109389023,349.8810729980469,2266100
2025-09-17,351.0698198927072,355.8346195700828,345.2252661955312,346.919189453125,2165900
2025-09-18,346.81020277262047,349.74237991870524,344.71012872620247,346.2752685546875,1608000
2025-09-19,347.3451418548049,347.3451418548049,342.73881250773866,343.54119873046875,2559000
2025-09-22,342.36240641471227,345.502632309465,340.7180314706046,343.1549072265625,1224200
2025-09-23,342.3426205286499,345.6215153177355,340.7972816650066,341.2133483886719,1350600
2025-09-24,339.5788045292905,343.55113349910397,339.2321175534471,339.7373046875,1128200
2025-09-25,337.9145792468926,339.7868339192633,335.8045894659589,336.9041748046875,1582400
2025-09-26,338.1027755888501,339.9948313275138,336.8050878160238,338.6971435546875,1039400
2025-09-29,339.3212587846698,340.1830788084229,337.38957028046826,339.69769287109375,1642100
2025-09-30,339.54906076596745,343.5114737151644,338.34052360722995,343.00628662109375,1332900
2025-10-01,341.4213189476522,342.79824174180254,337.1221044807387,338.0136413574219,1413900
2025-10-02,336.8348272298852,341.4708432580095,335.98292293216525,340.66845703125,1564100
2025-10-03,340.56937148694726,346.3941231983567,339.41038266056506,343.34307861328125,1188100
2025-10-06,342.9864868989695,342.9864868989695,333.62530358004926,333.7441711425781,2032100
2025-10-07,333.6748128321619,334.2889820428659,331.58465437439077,333.83331298828125,1499800
2025-10-08,333.8828161766232,335.794703440897,332.36719440038917,334.39794921875,1549000
2025-10-09,334.32861763394345,334.32861763394345,327.68167787835284,330.0888366699219,2228600
2025-10-10,332.83278942655846,334.68521274022146,328.60292426524876,329.68267822265625,2419300
2025-10-13,328.74158872045683,330.8416930598294,326.3542614279918,329.0387878417969,1697700
2025-10-14,326.68116525825866,333.8729551145257,326.1561467021089,332.11956787109375,3393500
2025-10-15,331.83228134295246,333.72433714265514,328.59298942850154,329.6034240722656,2245800
2025-10-16,331.35677918654346,331.35677918654346,326.4929137178717,328.3453369140625,1913700
2025-10-17,329.1378468896941,330.2076851025926,325.18531934877996,327.6321105957031,2203400
2025-10-20,329.0585803622292,330.61383472027825,325.8886681004021,328.1274108886719,3061200
2025-10-21,328.1274400164098,337.7065875967539,327.5132707837593,335.2597961425781,2268400
2025-10-22,334.60594416283044,335.8739150362443,330.00956108325926,330.6732482910156,1797300
2025-10-23,330.564317831451,332.1690902654152,326.84955563030707,328.63262939453125,2346400
2025-10-24,331.3567823307243,334.50689336475165,329.1774431199315,330.8614807128906,2375300
2025-10-27,332.54553218377623,334.1601901314158,330.0393071021795,332.92193603515625,3088700
2025-10-28,353.0807294481278,365.1561861785642,342.7190273218434,351.1193542480469,5420800
2025-10-29,348.5834127325568,350.1287514753237,341.7482257193792,342.4812927246094,2037200
2025-10-30,343.8284731731972,350.59431019680795,341.8670678850061,344.630859375,1609900
2025-10-31,341.93640452718273,343.9374423342583,340.2028489312052,341.69866943359375,1558200
2025-11-03,337.766020007509,342.85770542431015,336.00274728219915,342.39215087890625,2386600
2025-11-04,338.87545920012656,343.24402312210526,333.625274113383,339.7571105957031,2221000
2025-11-05,338.98443942895716,340.86657953106953,331.1091316109568,332.6148376464844,2543600
2025-11-06,332.2483287263427,333.81349881284444,329.7024710822615,330.5246887207031,1989900
2025-11-07,331.0893227321677,338.1324970651296,329.375568290751,336.9635925292969,1631900
2025-11-10,335.6757874783637,340.2722008595703,332.8327611174274,339.33111572265625,1617100
2025-11-11,340.2524003623271,343.27372805081,338.5485616373607,341.83734130859375,2216600
2025-11-12,342.33267826082556,345.1063856648231,341.0548217582591,341.48077392578125,1516300
2025-11-13,338.80611697893244,342.69921077622513,335.32912008428644,335.656005859375,2322900
2025-11-14,334.7822583361216,335.5269470206208,329.18218488398645,329.82757568359375,2317500
2025-11-17,329.0530965243782,330.85027610291155,324.40624646390944,324.49560546875,1991300
2025-11-18,320.63318367874973,324.7339107138459,315.96645565135645,321.5367126464844,2255300
2025-11-19,325.69706461206874,327.8219244150299,322.3211482994267,327.4446105957031,2050200
2025-11-20,328.6956749568113,332.07159103887693,325.1509494349848,325.6871337890625,2881900
2025-11-21,327.1566359792913,340.16387157113974,327.1268496428042,334.67303466796875,2392500
2025-11-24,335.08010832243735,336.49997408522466,331.22758083341137,335.6063537597656,2306500
2025-11-25,336.4106470681548,341.7029185802095,334.7425515951704,340.22344970703125,1452400
2025-11-26,338.8432703305611,342.3979041088321,337.56239738439933,340.95819091796875,1174300
2025-11-28,340.02489448197736,342.24902184636346,339.82629869524453,341.256103515625,566800
2025-12-01,337.47304100641253,342.3581815575976,336.70847460323483,339.0716247558594,1662600
2025-12-02,340.87876716106325,340.87876716106325,333.47160538796317,335.0999755859375,1389400
2025-12-03,336.65883693093,339.65743893708753,334.9212301095081,336.8375549316406,1282000
2025-12-04,336.8475228501928,338.2475412460402,332.4687496465323,332.9949951171875,1368400
2025-12-05,332.99498145545556,333.6304636664184,330.0857383181991,330.7509765625,2011700
2025-12-08,329.12261609446415,330.73113882371706,324.326834242378,324.8133544921875,1376300
2025-12-09,324.21759734144985,325.2303630553618,318.67712679840395,318.86578369140625,1685000
2025-12-10,319.908348815991,324.7438560784012,317.8430617875955,323.9594421386719,2160500
2025-12-11,326.3325046412257,329.9268637363935,324.6445315527463,326.96795654296875,1899700
2025-12-12,327.71265897385007,329.0729824407093,324.51546097062646,326.3623046875,1633000
2025-12-15,328.8743961835571,328.99354152974564,324.46583656581225,326.1240234375,1623600
2025-12-16,325.67717992144935,328.0601776166802,322.8076316878067,325.548095703125,1485100
2025-12-17,323.016183540461,327.1467272395754,321.58637878686517,325.6275634765625,1569000
2025-12-18,329.1623182665639,332.92545638279086,322.8771291664428,323.05584716796875,2348000
2025-12-19,322.83745727501906,325.1310960291855,317.227444870517,318.5877380371094,4367200
2025-12-22,319.15369432691074,323.8204220543654,318.41894454484907,321.546630859375,1301600
2025-12-23,322.69844196009404,322.69844196009404,318.9948458561491,321.7551574707031,1454400
2025-12-24,320.2161363930765,323.19489115022145,320.1764111785724,323.04595947265625,708600
2025-12-26,323.07577278298436,324.1084163360894,320.9806993387741,323.1353454589844,884900
2025-12-29,323.00623897636433,324.4856774975561,321.61615946301697,322.92681884765625,1217400
2025-12-30,320.940976529374,324.7537789693181,318.74660538205603,323.8502197265625,913000
2025-12-31,323.9594176499869,324.6544725265426,321.63599264477017,321.73529052734375,830200
2026-01-02,320.9608194841111,327.6332312357927,320.3352761477878,325.518310546875,1642700
2026-01-05,323.77078766280664,330.83045257032023,320.5934672666922,329.84747314453125,1661800
2026-01-06,328.9438809792755,339.3198580520189,326.67008980292565,337.6815490722656,1778600
2026-01-07,339.58798909689534,341.46458888081224,328.9835988855489,329.06304931640625,1506200
2026-01-08,325.42894595830234,340.2532076810931,323.1750325119067,338.6148986816406,1930800
2026-01-09,341.0673985138057,351.4930395164111,340.3127709923885,350.77813720703125,2432600
2026-01-12,350.0930347158091,355.97112396394454,346.76675258847285,355.09735107421875,1728300
2026-01-13,354.47185137178656,356.45768807414953,351.2051415119898,353.468994140625,1862700
2026-01-14,353.5087021659579,356.27895271543105,350.4405882462024,351.8406066894531,1921700
2026-01-15,353.26044375347107,355.87182352513855,351.39375264818204,353.60797119140625,1711100
2026-01-16,353.37960397855267,355.56403627920287,351.5030042169829,355.2959289550781,1355500
2026-01-20,350.8278144984632,353.43919451211144,344.403631795823,344.5029296875,2072200
2026-01-21,348.1966078741863,355.18676170658193,345.6746170230751,353.7867431640625,1879400
2026-01-22,355.88178404147794,359.7541592817952,347.66042187685775,348.1469421386719,1772400
2026-01-23,344.28445613425566,346.10151345743134,341.15676978130773,346.0518493652344,2142100
2026-01-26,346.1611138875369,347.10436809741014,343.53979501485486,345.86322021484375,1475600
2026-01-27,345.515688708212,346.47882058141664,342.88443121752135,343.6291198730469,1456500
2026-01-28,343.73835186661654,348.0873384028194,342.9837243430136,347.12420654296875,2525500
2026-01-29,347.02492783941165,353.15124676509896,339.57804097590497,352.0689392089844,2645600
2026-01-30,349.5667940047828,355.4647307889169,348.56393688346424,352.1285400390625,2222200
2026-02-02,355.8519873722717,359.8534467213202,353.51862341654504,353.8363342285156,1909800
2026-02-03,352.6348858935359,366.8236951832946,352.16821313644505,357.0931091308594,2555100
2026-02-04,362.42511012999734,367.3797626377525,359.57543952209505,366.2974853515625,2460800
2026-02-05,366.59534050797595,366.60527938699505,357.73852664065157,358.48321533203125,2086500
2026-02-06,360.65771277427297,364.8577376477591,358.54279201883435,359.41656494140625,2355500
2026-02-09,359.6548483943999,360.1711549739611,355.13708249422405,358.04632568359375,1761500
2026-02-10,361.0349835082502,363.36834741190296,357.27184522898733,362.067626953125,1655600
2026-02-11,361.3229494836043,364.6392928425282,360.26051967090757,364.3712158203125,1451500
2026-02-12,367.3797408004369,372.21524767571185,364.7683610378652,369.9613342285156,2305600
2026-02-13,371.79821033517754,375.09467553700216,364.61940126109954,366.277587890625,2162200
2026-02-17,367.5783555719786,369.81242167885495,362.1371525453715,365.3343505859375,1336000
2026-02-18,365.3939270555143,366.28754744726007,362.16694264537733,363.1697998046875,1188700
2026-02-19,361.1045052366056,362.99104386880975,354.28316164407676,355.0774841308594,1627800
2026-02-20,355.7228994520457,361.85912692175265,354.600896989164,358.07611083984375,1652900
2026-02-23,356.39809692983846,363.23928825823026,355.19667427157236,361.6903381347656,1664400
2026-02-24,364.6094819399101,366.2080959907867,360.6477480379099,362.1470642089844,1759700
2026-02-25,365.9102405751107,365.9201794545667,351.9299642602731,354.7200622558594,1532300
2026-02-26,357.1923634807751,359.21792497925316,352.0788410986837,357.9469909667969,1222800
2026-02-27,353.9753484221363,360.48888957627815,351.0462275277928,360.022216796875,1936000
2026-03-02,353.7729023951889,355.723316860846,343.9710257893843,354.3600158691406,1690900
2026-03-03,342.279319656911,349.1754810790439,336.23900222661615,347.1255187988281,1711100
2026-03-04,347.49374479543417,347.5434883371454,342.2096930428919,345.9712219238281,1277700
2026-03-05,341.12497471127114,341.7519012205194,331.0345372743214,333.8109130859375,1802200
2026-03-06,329.25328033219455,330.05932003710524,323.5015240941424,328.26812744140625,1827100
2026-03-09,322.93431964998547,331.8505611689841,319.7997172516724,331.77093505859375,2189600
2026-03-10,330.8255785259606,335.58222103896946,327.6511632321502,328.7159118652344,1418600
2026-03-11,327.6909380013739,328.5467515977958,320.1678806582282,321.1629943847656,1530800
2026-03-12,320.2872904338809,323.3025141883073,315.8889047553639,316.14764404296875,1549500
2026-03-13,319.9290650968822,327.7606053151056,317.36168502836756,318.21746826171875,1451100
2026-03-16,323.11347590252416,325.92963470679047,319.97884301265356,321.1331787109375,1192600
2026-03-17,323.4119726344786,323.4119726344786,318.57573432825245,319.13299560546875,1497900
2026-03-18,314.8042519105246,316.76462728141473,308.7440126050126,310.59490966796875,2092300
2026-03-19,305.47009205069486,308.95299043791783,301.93745011961136,308.8634338378906,2391600
2026-03-20,307.2811830373144,310.5153027213585,300.10639104218893,302.046875,2708500
2026-03-23,304.9924144022438,316.98355373868515,304.77348815469367,312.4159851074219,1962800
2026-03-24,309.5699430458483,315.1624776462088,307.430454486529,312.1672058105469,1913900
2026-03-25,316.57555017994923,320.49630088392007,311.79898583766106,320.37689208984375,1860100
2026-03-26,315.96853705324986,325.0240791141929,315.769532505378,317.9886169433594,2058000
2026-03-27,316.86415589915987,319.3817926488039,313.30163141752786,313.82904052734375,1291800
2026-03-30,316.9437472823753,320.5858674573711,313.46084896059097,314.3564453125,1942800
2026-03-31,318.12792035656264,321.71033596617264,312.14727694119233,318.98370361328125,1769100
2026-04-01,321.84962344326607,329.4821590442414,321.38191877973225,324.1085510253906,1835900
2026-04-02,317.4512721946076,322.5761023384472,310.93325839589096,316.4461975097656,1768100
2026-04-06,314.98335530972827,316.58550424512003,312.187088090724,314.84405517578125,1155200
2026-04-07,313.6499041610453,314.455943866162,309.0922661961403,312.4259033203125,1329600
2026-04-08,330.16883014303863,336.4678874008256,327.8999717979987,334.0298767089844,1949800
2026-04-09,330.42752720490904,337.66202401187803,328.3875560495622,334.0895690917969,1506800
2026-04-10,334.07960329768065,335.60212618393973,330.1787438728704,334.4676818847656,1427000
2026-04-13,332.54711987927703,334.8458303104063,325.51165807808127,332.74615478515625,1499200
2026-04-14,333.3432326100066,334.6368684063212,331.6515269977831,331.969970703125,1176500
2026-04-15,332.1689712313741,332.9153065744959,324.6658351138158,327.23321533203125,1649000
2026-04-16,332.9749956818751,337.2440421516621,329.4821670870143,331.7112121582031,1396300
2026-04-17,336.98533250812727,348.87692351596206,335.42299664317846,343.8615417480469,2683300
2026-04-20,342.08032886187914,343.2943689099771,338.39839566250214,342.2494812011719,1314400
2026-04-21,342.2594346425282,343.7222531083953,330.4872216628207,332.9750061035156,1490000
2026-04-22,338.00036317525655,340.80659143135415,331.6614930115035,333.51239013671875,1309500
2026-04-23,334.37813061501174,336.3982104292053,329.8901879943927,336.0101318359375,1190200
2026-04-24,335.09462611983,336.92563194862447,332.1490976446794,336.0499572753906,1692900
2026-04-27,339.04519290603287,341.7519034860175,334.0099198251621,334.4577331542969,1836900
2026-04-28,340.3587780030413,342.3688969830334,319.5111313656623,322.685546875,2439800
2026-04-29,318.43642468984837,319.8793518866098,311.86866735692746,316.29693603515625,2095400
2026-04-30,319.1130951294043,322.1482105264039,317.66023744344477,320.0385437011719,2165700
2026-05-01,321.60087985372604,323.3224377099325,315.8590839950795,316.4461975097656,1378300
2026-05-04,313.51058631031196,317.36170217383204,308.7539436252638,308.9728698730469,1942100
2026-05-05,310.77400569806434,311.79897162511526,305.5496586161284,310.9332275390625,1480800
2026-05-06,321.4217490005383,325.4619084934829,319.48126499386217,322.0486755371094,2628300
2026-05-07,325.16339944219226,327.38248381065137,316.7148625143719,318.6453857421875,1828200
2026-05-08,321.6108429295254,322.3969913627521,314.2867893085346,315.27197265625,1249700
2026-05-11,315.47095703765854,316.0978835729146,310.19686619393053,311.1720886230469,1787000
2026-05-12,310.99296558915,312.02789248340747,308.19669813501565,310.05755615234375,1721700
2026-05-13,308.35588993798535,309.0524817037836,301.3900937538482,304.8431396484375,3838000
2026-05-14,307.82847232657207,309.45051253767025,305.43024463409404,307.66925048828125,2588400
2026-05-15,306.7438386475375,306.7438386475375,298.58389307951984,298.6336669921875,3849800
2026-05-18,300.0268231249424,306.6542849516195,299.4496704591647,301.3005676269531,1897200
2026-05-19,297.4395146355029,299.7581468417504,292.8819067033877,297.5887756347656,2147000
2026-05-20,297.5589222038082,306.5746509435382,293.55857559780037,306.196533203125,2727300
2026-05-21,301.98717821639775,310.4655366383964,297.4693531791803,307.8284912109375,2113900
2026-05-22,309.84384661812237,311.8691642229397,306.79090540982054,308.36724853515625,1274400
2026-05-26,311.28052757906624,313.7248900546427,308.11782420657306,310.5322570800781,2104100
2026-05-27,311.2805054436322,314.83229339048205,308.37721246034937,309.25518798828125,2683300
2026-05-28,307.2897303563978,308.0380008036942,302.5008116725816,304.43634033203125,1974600
2026-05-29,304.71568616604713,308.43706494920286,302.830030069058,303.1393127441406,2569600
2026-06-01,299.2583121874095,302.98967781363905,291.71574836859503,294.1800231933594,2396300
2026-06-02,291.3166601412736,294.8884216972942,289.19156705829676,292.3243408203125,2048100
2026-06-03,299.81702364600386,301.3335075142422,294.9782018185542,295.8062744140625,2042600
2026-06-04,300.32582782089065,302.30127284203985,296.04574261253947,299.3979797363281,1876600
2026-06-05,300.6450877941164,307.289733078637,300.6450877941164,304.595947265625,2470200
2026-06-08,301.3035848655627,303.7279739530129,298.33044581549836,298.8592224121094,2442000
2026-06-09,302.2613386586069,309.98351023147495,301.71261918660605,309.8338317871094,2589100
2026-06-10,309.27513320931894,309.8737556598403,302.9996602793072,303.20916748046875,1821600
2026-06-11,304.6159147682592,316.4186204375941,303.46857285042836,316.15924072265625,2959200
2026-06-12,320.7386515370046,322.8238281707731,316.17918302701224,316.5682678222656,1954100
2026-06-15,323.8913730242972,326.57514169264516,318.6534798760388,319.5014953613281,2678800
2026-06-16,323.23289886804804,325.2482296984378,318.96276995369897,321.6964416503906,2416800
2026-06-17,322.0356577741292,323.3426344364369,311.45013938827486,313.07635498046875,2035600
2026-06-18,315.03186291701803,321.7563106428517,314.1039843697077,320.0502624511719,4269200
2026-06-22,315.25135854851106,321.54680520216203,314.98196168446424,316.1692199707031,3160000
2026-06-23,321.2574465396572,329.11927960603106,319.49153923861536,322.1553649902344,3080600
2026-06-24,326.56518655423986,336.9312107203973,325.3679416517358,332.3617858886719,2847700
2026-06-25,334.62655860475826,343.20673301969146,334.62655860475826,338.2980651855469,2606700
2026-06-26,338.94659251779365,344.97264233690396,336.28273614937956,343.2765808105469,8235100
2026-06-29,342.19903533498484,343.76542213084844,339.5152361959226,343.5060119628906,3913300
2026-06-30,342.00948662982313,345.1921328847353,339.26582816505083,343.5260009765625,2455900
2026-07-01,343.2466394814803,351.16833198176283,341.3709699598935,345.2519836425781,2485600
2026-07-02,347.93577920700045,351.66717529296875,341.3310501138523,351.66717529296875,2078700
2026-07-06,352.31566589663817,352.7945395016187,343.56587055680507,348.32489013671875,1688000
2026-07-07,352.48525268900875,352.85442501812923,339.0163846569779,341.4707336425781,2459800
2026-07-08,332.132322334234,334.2274857973298,327.1039361122451,329.8077087402344,2232200
2026-07-09,332.9105016311702,333.1798984771657,328.74014833144133,331.2643127441406,1314400
2026-07-10,333.2098313624043,336.4224070508971,331.3740781757231,333.21978759765625,1125200
2026-07-13,331.4239711504582,334.57668783322777,326.77471347286036,328.2113952636719,2081800
2026-07-14,332.3518033297888,334.12769734064227,326.62504980717665,327.7424621582031,1486200
2026-07-15,329.2290282428246,334.7363185241573,327.842249436744,331.52374267578125,2504200
2026-07-16,330.5260500965935,338.4477428039649,330.2167673958214,337.3602600097656,1629200
2026-07-17,335.634227827248,342.8974386184669,329.6081477999698,330.55596923828125,1665700
2026-07-20,330.9051570363862,332.57128883836094,322.47463120310556,322.853759765625,1481900
2026-07-21,323.6020486139612,323.6020486139612,316.76783875916516,317.7256164550781,1285500
2026-07-22,320.30962698660613,322.04563514483243,317.58594201892464,319.1722717285156,2765700
2026-07-23,307.688803421383,315.0617762146556,300.405649875786,309.8238830566406,2446300
2026-07-24,312.53763252658996,319.4017721256865,312.2882090263158,316.77783203125,2021300
2026-07-27,324.2505349924557,329.00952419119795,319.262065223341,326.5152893066406,3207800
2026-07-28,346.6886695168545,356.44611537129185,342.3187650362235,353.4530334472656,3746300
2026-07-29,351.18827574088635,351.18827574088635,337.52984292189205,343.0870056152344,3370300
2026-07-30,345.0923661762051,345.77079073756846,339.33565274535965,344.0447692871094,1763700
2026-07-31,342.3886089119063,342.3886089119063,336.70177155796137,340.0639953613281,1674700
2026-08-03,347.8160752695267,353.5128994492764,346.51908525638447,353.4031677246094,2083100
2026-08-04,358.2519274340563,363.64945531601177,356.11687822990257,360.7362060546875,2572200
2026-08-05,362.4821653611114,368.907316695562,361.55431731506,368.8274841308594,1984000
2026-08-06,369.0370206112745,370.6732228160768,361.2949060085257,362.5819396972656,1876700
2026-08-07,364.56736553280047,371.3017999836479,363.0209215757647,368.8774108886719,1573300
2026-08-10,367.4706445905365,367.4706445905365,360.3171655407463,361.8735656738281,1621400
2026-08-11,360.5266793114299,367.0815360185108,360.11765157621755,363.57965087890625,1132800
2026-08-12,366.6026661405664,366.6026661405664,358.57121131110216,359.369384765625,1766300
2026-08-13,362.611890485023,363.1107374767773,357.5435879983659,360.71624755859375,1723100
2026-08-14,359.8881709850223,360.746173186731,356.04704310138254,358.27191162109375,1123200
2026-08-17,354.27115218009186,355.86746863967545,347.9357893091468,349.1629638671875,2192200
2026-08-18,348.95345202119955,351.377841056322,344.35406699577277,344.4737854003906,1217700
2026-08-19,350.4499836807356,356.05701876115455,349.80145826091257,352.77459716796875,1538300
2026-08-20,346.07009958546007,349.1529702731113,339.71479392167896,346.1100158691406,1828500
2026-08-21,347.3800048828125,350.0199890136719,345.7099914550781,346.5899963378906,1686400
2026-08-24,346.6400146484375,350.3900146484375,345.1400146484375,346.7300109863281,1670000
2026-08-25,350.5,352.5299987792969,346.19000244140625,350.45001220703125,1271500
2026-08-26,352.0,355.510009765625,347.5400085449219,348.6600036621094,1655300
2026-08-27,346.0,347.4800109863281,343.0400085449219,345.2099914550781,1264000
2026-08-28,348.17999267578125,348.7799987792969,343.0,344.8599853515625,1618500
2026-08-31,341.5,342.3900146484375,338.0400085449219,338.80999755859375,2134100
2026-09-01,337.9100036621094,337.9100036621094,328.8999938964844,329.95001220703125,1471900
2026-09-02,333.9700012207031,335.8299865722656,330.6000061035156,331.25,1401400
2026-09-03,335.2099914550781,336.07000732421875,327.7799987792969,332.260009765625,1576900
2026-09-04,330.69000244140625,333.95001220703125,330.69000244140625,333.7099914550781,977700
2026-09-08,330.239990234375,332.3399963378906,325.57000732421875,326.0899963378906,1208100
2026-09-09,322.8699951171875,326.4800109863281,319.6099853515625,320.6400146484375,1259200
2026-09-10,320.0,320.0,315.4200134277344,317.44000244140625,1772900
2026-09-11,321.55999755859375,324.9100036621094,317.54998779296875,323.30999755859375,2172200
