Date,Open,High,Low,Close,Volume
2015-01-02,61.58399175267408,62.59332689490411,61.44602878518435,62.208473205566406,5500800
2015-01-05,61.28627269193553,61.28627269193553,59.97195433270121,60.52382278442383,10039400
2015-01-06,60.22611785461952,60.53109565154562,58.570517768432765,59.34022521972656,9758400
2015-01-07,59.942919313776834,60.02279523705979,58.47611194077538,59.33295822143555,7951600
2015-01-08,59.89935663818082,60.48027152907478,59.49998249820433,60.05184555053711,7911600
2015-01-09,60.47300198011581,60.53835752972715,58.51242413200533,58.97715377807617,7652400
2015-01-12,57.45950923805749,57.45950923805749,55.71677606160248,56.6752815246582,13257100
2015-01-13,56.63898083136664,57.36512161125596,55.934623388471685,56.47922897338867,11931600
2015-01-14,55.17944104653119,57.04562278934932,54.89624656127974,56.92218017578125,12226700
2015-01-15,57.176322502237774,57.481305835108024,55.498939101516214,55.6441650390625,10918900
2015-01-16,56.2613961561939,59.195000349425285,56.25413319640442,59.057037353515625,17587500
2015-01-20,58.3671855774939,58.773828123507194,57.292500478776795,58.43980407714844,10948600
2015-01-21,58.39623334003257,60.00826656872018,57.80079819196014,59.69602584838867,9178800
2015-01-22,60.22610206358311,60.35680759085449,58.60680611683298,59.64518737792969,9040000
2015-01-23,59.492684644070195,60.414880536948814,59.25305697662513,59.543514251708984,8032800
2015-01-26,59.58710450033936,61.0684322038592,59.21677672946984,60.76345443725586,7060500
2015-01-27,60.06634507377812,61.7219445832564,60.06634507377812,61.39518356323242,7332800
2015-01-28,61.14103564053079,61.17008192901717,58.47610099705213,58.6358528137207,10041700
2015-01-29,58.933570470502445,59.58709254206744,57.74269485606466,59.47091293334961,9037300
2015-01-30,59.0643090367957,60.86514123843156,58.65040886908332,59.826759338378906,9947200
2015-02-02,60.98857476491577,61.54044341934971,59.906626337420064,61.460567474365234,9426800
2015-02-03,62.44086048668842,63.95849799546737,62.35372711586013,63.23235702514648,15913300
2015-02-04,62.26654997663808,62.35368883398366,60.734393026723296,61.39518356323242,12071700
2015-02-05,62.18668851138535,62.76760328184755,61.656608907851385,62.39000701904297,7749700
2015-02-06,63.04353141488326,63.47921469966897,62.302870384748914,62.56428146362305,8577800
2015-02-09,62.9294727180645,63.44804126631332,62.46933026913107,62.6811408996582,7614600
2015-02-10,62.651922834891565,62.885643940890866,61.37375931750618,62.24291229248047,7217600
2015-02-11,61.278820352033314,62.32326290519811,60.98666753678799,61.88503646850586,6630800
2015-02-12,62.929469216202826,63.83513778722864,62.43281117937887,62.783390045166016,6561100
2015-02-13,63.8132395204661,64.66047658526428,63.513781341778135,64.55091857910156,7562900
2015-02-17,64.587449915152,65.00376594606982,63.74751249913116,64.92342376708984,7958300
2015-02-18,64.36103620902175,64.51441521785445,63.798640937615765,64.08348846435547,7182100
2015-02-19,62.25753629791301,63.966626931201695,62.169894339312634,63.52840042114258,6764800
2015-02-20,63.301964382684744,63.718280306789985,62.26482724857711,62.7249641418457,8123200
2015-02-23,61.92887328829835,62.951405617151075,61.63672039829002,62.47665786743164,6033800
2015-02-24,63.243535502920075,63.345793722737405,61.73895605676247,62.308650970458984,8430700
2015-02-25,62.3670909090718,62.549685742643824,61.75357494299881,62.23562240600586,5597000
2015-02-26,61.70242618198864,61.80467880582921,60.81866260510222,61.27149963378906,8485400
2015-02-27,61.32996086807906,61.906961279305605,61.32996086807906,61.46873474121094,7836000
2015-03-02,61.12543464759312,61.97997694090637,60.738334578264094,61.8046875,7725600
2015-03-03,61.97997356544922,62.44741576397632,61.32993658398651,62.01649475097656,6774800
2015-03-04,62.12606995860551,62.29405967238052,61.176580082357,62.18450164794922,8229900
2015-03-05,61.600179233532195,62.14066385520659,61.293421305998784,61.95076370239258,5798200
2015-03-06,61.36646259845178,61.70244195966849,60.5484413985544,60.70182037353515,9674500
2015-03-09,60.52654781900466,60.90634268613562,59.9276368850673,60.154052734375,6296400
2015-03-10,59.39444753503407,60.21977418081292,59.33601585063766,59.38714218139648,8140600
2015-03-11,59.482101780890446,59.83268078216703,59.26298572582801,59.357933044433594,6157000
2015-03-12,59.49670385432126,59.628172366119614,58.99274029703549,59.11690902709961,7630200
2015-03-13,58.60562259196537,59.08767551520408,58.18930669114595,58.737091064453125,8836700
2015-03-16,58.36459437725941,59.452857635381704,58.1892993877101,59.35060501098633,8265500
2015-03-17,58.68596546921842,59.22644449728536,58.42302852100187,58.77361297607422,7954600
2015-03-18,58.47416865295853,60.37315941028931,57.98481582854196,59.92762756347656,11542100
2015-03-19,58.96352446882032,59.81806692880346,58.875876945096934,59.16802978515625,8425600
2015-03-20,59.60625281405419,60.752948047822024,59.55512648792511,60.16134262084961,14383800
2015-03-23,60.248966941879715,61.03777766198476,59.891082763671875,59.891082763671875,8932100
2015-03-24,59.818072559160925,60.263604428407746,59.642783067567045,59.781551361083984,6446100
2015-03-25,60.36585916898685,61.43951779002654,60.124832627048825,60.83330154418945,8243100
2015-03-26,61.351846632662834,61.79007299414032,60.44617807596262,60.73833084106445,8150500
2015-03-27,60.62875952666099,60.96473318233211,60.124796256979664,60.847869873046875,5729100
2015-03-30,61.264202581289545,61.88502933172189,60.920929053241544,61.70243453979492,6537900
2015-03-31,61.14733820004569,61.54174357664188,60.877095931169535,60.942832946777344,7304700
2015-04-01,61.351856854161966,61.93616248171361,61.059704040386144,61.55636215209961,7808400
2015-04-02,61.41760269526513,62.39631401476741,61.271529040343715,61.63671875,6039400
2015-04-06,62.05300467855445,63.57219447074723,61.943446704361214,62.74686813354492,8092500
2015-04-07,62.91484887521179,63.53566993305262,62.264811987639085,63.009796142578125,7175700
2015-04-08,63.22162399541213,63.6014243133047,62.27213434538327,62.90026092529297,8739200
2015-04-09,63.09015085959578,64.9526199767902,63.00250892527661,64.60203552246094,9207300
2015-04-10,64.8430647123121,65.27399133944914,64.41944343745905,65.08409118652344,7315700
2015-04-13,64.98914039696147,65.22286150630435,64.09807692623211,64.28797149658203,7936900
2015-04-14,64.7043043357048,65.25208885153982,64.52901485089622,64.8576889038086,12053100
2015-04-15,65.33973628637993,67.19490051269531,64.93072563162929,67.19490051269531,13207800
2015-04-16,66.64708273422092,68.11514606210379,65.90209861740914,67.1145248413086,17143200
2015-04-17,68.73598731034686,69.30568219769275,66.85891297961307,67.82301330566406,20002600
2015-04-20,67.61849674685634,68.50956011844512,67.34825448047854,67.53815460205078,8938000
2015-04-21,67.53084987466474,67.69153416575988,66.17964967499687,66.67630767822266,6850200
2015-04-22,67.09995688533262,67.53087805275838,66.5448669860268,67.311767578125,5910200
2015-04-23,67.42859754445251,68.61181367943168,67.42859754445251,67.96177673339844,6192500
2015-04-24,67.56739964025968,67.6988681547374,66.5813885678531,66.9100570678711,7604000
2015-04-27,67.32636270812156,67.62581531732165,66.7931833782849,67.43592071533203,7422500
2015-04-28,67.26061183238454,67.77918592163292,66.81508568682915,67.67693328857422,4480500
2015-04-29,67.61850323921009,68.94779307314647,67.12184519288492,68.86014556884766,8134100
2015-04-30,68.82364652110765,69.480983458348,68.23934082983617,69.10118865966797,8166600
2015-05-01,69.00622606889586,69.30567862939151,67.78648862645271,67.92526245117188,6926700
2015-05-04,68.78711259235104,68.78711259235104,67.47242781653206,67.91065979003906,4993700
2015-05-05,68.40730668098077,68.95509098596358,67.21678522518073,67.22409057617188,7349800
2015-05-06,67.71344316009508,68.3415696083936,66.86620633340065,67.39207458496094,6665500
2015-05-07,66.91002062313862,66.96114693023497,65.42004679473835,65.902099609375,8670100
2015-05-08,66.69825054010724,67.6039194895519,65.82909721941628,67.50897216796875,6078900
2015-05-11,68.21008657852946,68.2246972773775,66.95383395034558,67.02687072753906,7335800
2015-05-12,66.74203850507304,67.88143366215631,66.56674908565644,67.53815460205078,5088100
2015-05-13,68.01293761902247,68.0494532487705,67.02692088582303,67.5674057006836,5913600
2015-05-14,67.77920382193392,68.10787229037292,67.12186131270389,67.31906127929688,5266400
2015-05-15,67.08532377734464,67.69884516064064,66.58866573271482,67.29713439941406,4640500
2015-05-18,67.16564524449619,67.9252399948408,66.93922956099838,67.74264526367188,4023600
2015-05-19,67.0049749753093,67.0049749753093,65.69029597989203,66.14312744140625,6213000
2015-05-20,66.24540019282666,66.59598470819452,65.60266841572938,66.28192138671875,4476300
2015-05-21,66.72742900073106,67.68422375224392,66.30380782359185,67.21678161621094,5117000
2015-05-22,66.80047736820381,67.4505143754316,66.29651396417412,67.20948791503906,4104200
2015-05-26,66.55213712755327,66.96845293867221,65.91670538538239,66.27458953857422,6106700
2015-05-27,65.79985274824539,66.9684638070444,65.79985274824539,66.4645004272461,5406800
2015-05-28,66.21616765547944,66.3476305356345,65.52960956213656,66.2088623046875,4400300
2015-05-29,66.47911121538964,66.93925366996444,66.28921663867243,66.29651641845703,6089700
2015-06-01,66.2377573926803,66.86936300576399,65.86319927254576,66.57559204101562,5003300
2015-06-02,66.87670336747695,68.01506375722317,66.64903353081375,67.1998519897461,5290600
2015-06-03,67.03827532798422,67.91224237854097,66.8913926520386,67.09703063964844,3967200
2015-06-04,66.7151475871666,67.08235999511855,66.09823343135133,66.14964294433594,6451800
2015-06-05,65.87058549291322,67.36146746974826,65.76042061315498,66.22310638427734,7120000
2015-06-08,65.97339388295656,66.59030814467641,65.46663887995979,65.63555908203125,7115200
2015-06-09,66.21575207590702,66.56092707430194,65.94401284409756,65.99542236328125,5077800
2015-06-10,66.8179547102161,67.44221451953658,66.63434855434448,67.29532623291016,6045600
2015-06-11,67.29535642555318,67.3320799144899,66.50218173476664,66.5903091430664,5134600
2015-06-12,66.27450009115893,66.53889349816654,65.96604298405578,66.20840454101562,3997800
2015-06-15,65.66492517522,65.95135040383789,65.14347862751394,65.67961120605469,5330500
2015-06-16,65.80444330565443,65.93663995831801,65.4372310041684,65.87054443359375,3731700
2015-06-17,66.12025883472857,66.5535723475505,65.51068495217005,65.85586547851562,4656400
2015-06-18,66.16433888198007,66.50217927871115,65.0700473113364,65.09207916259766,7862800
2015-06-19,64.31357267397632,64.46045537707296,63.32944623615375,63.61587142944336,13888600
2015-06-22,63.82886111037067,64.07121703232971,63.01364914621049,63.8729248046875,7415400
2015-06-23,63.65993880750267,64.6954748117185,63.5203963092261,64.62937927246094,5931000
2015-06-24,64.08589457551547,64.71750020353075,63.91697444574685,64.26950073242188,6565600
2015-06-25,64.15933504039225,64.42372835097969,63.65258026123047,63.65258026123047,5865800
2015-06-26,63.44694226482138,64.12995738330308,63.21192661132312,63.65258026123047,25487300
2015-06-29,62.86675071687769,63.608521203487115,62.83003284525708,62.91082000732422,7008400
2015-06-30,63.439616256423015,63.52040343783728,62.433457802254864,63.300079345703125,8043500
2015-07-01,63.468971472683165,63.66726924900138,61.63291000492527,61.91199493408203,10109000
2015-07-02,62.13232826758222,62.345312102173615,61.64761088106259,61.69902038574219,7607200
2015-07-06,60.861779848434026,61.86059793697773,60.51659932623224,61.31711959838867,7612700
2015-07-07,61.41994770404281,62.16171836559465,60.38441158738087,61.83856964111328,9442300
2015-07-08,61.6476071899148,62.029505544209094,60.64878921318765,60.89849090576172,6747000
2015-07-09,61.897313883617365,61.941377573345854,61.19961264790888,61.36118698120117,7410500
2015-07-10,61.89731580105526,62.095613617408034,61.1335134038773,61.66230010986328,6512200
2015-07-13,61.70635765992484,62.04419793540642,61.30242745759639,61.90465545654297,5613700
2015-07-14,61.98543877228161,63.24130419449652,61.82386446008755,62.63907623291016,6151600
2015-07-15,62.24983678473798,62.4114111091369,61.33914615689234,61.4199333190918,8792900
2015-07-16,62.1176365935023,62.24983325112312,61.44930749019277,61.61088180541992,6623500
2015-07-17,61.84591880181914,62.38939164701299,61.082116250164894,61.47870635986328,9097800
2015-07-20,61.867951554533406,62.0809354463615,61.28775521539148,61.33916473388672,7110800
2015-07-21,61.236320055503775,62.639073706413974,61.045373697171705,61.91199493408203,7809200
2015-07-22,61.676994986085305,63.057711544050775,61.36119210913588,62.61705780029297,10589000
2015-07-23,62.595022253769855,63.608526364829025,62.36734677709944,63.17521286010742,6419300
2015-07-24,62.97693711842099,63.021000820751226,60.70756679693424,60.883827209472656,8745800
2015-07-27,60.22282637146435,60.59003872738791,59.672007837579,60.04656600952149,7186200
2015-07-28,60.61941214366605,61.00131050167097,59.59856231393589,60.59003448486328,8330600
2015-07-29,60.22281970200889,61.88996114785711,60.16406438679625,61.61088180541992,8491100
2015-07-30,61.73575484937173,62.000148259695074,61.0160215904383,61.33916473388672,4653500
2015-07-31,61.03068836309045,61.33180516440682,60.685507875031384,60.825050354003906,5568600
2015-08-03,60.252215656226554,61.06742769190545,59.97313622904215,60.281593322753906,6808800
2015-08-04,60.47251774275892,60.9572406592309,60.12734289391923,60.42110824584961,4707300
2015-08-05,60.913183128478174,61.65494800118984,60.31829534334935,60.59003448486328,5812500
2015-08-06,60.31829697461953,61.83121562619251,60.039217613268995,61.39055633544922,8265700
2015-08-07,61.11883755808832,61.581523201309814,60.186114850950126,60.40644454956055,6275900
2015-08-10,60.36971967975933,62.04421302368759,60.340347616954624,62.014835357666016,6776600
2015-08-11,60.93523879100092,62.02218457550635,60.6341218729794,61.95608901977539,6088400
2015-08-12,61.68434588584217,62.45549427342604,60.861793582517855,62.301265716552734,6682100
2015-08-13,61.978084877120345,62.19841447469967,61.28038382347651,61.757755279541016,5908500
2015-08-14,61.70637989152314,62.514251793671455,61.33916742808028,61.58887481689453,4201500
2015-08-17,61.001329405657096,61.58152573957654,61.001329405657096,61.32447814941406,4845400
2015-08-18,61.36119582219041,61.53011039263093,60.678180516909855,61.06742477416992,5106500
2015-08-19,60.49456572019183,60.9131875831183,59.0477481368377,59.24604034423828,9410300
2015-08-20,59.09917297229779,60.09799129085547,58.342716217041016,58.342716217041016,8483800
2015-08-21,57.872665835193715,58.68053184593765,56.917911529541016,56.917911529541016,11130500
2015-08-24,54.28868244890526,56.03661714195743,53.627698976877845,54.2519645690918,17350900
2015-08-25,56.256929188327376,56.26427500400438,53.24578913055302,53.260475158691406,12085200
2015-08-26,53.26047462158225,53.26047462158225,49.9482233930409,51.47582244873047,58004300
2015-08-27,53.09892648113957,54.34010084474612,52.07073042362474,54.237281799316406,28622100
2015-08-28,54.42086839865082,56.4478821115897,53.81864037708686,55.8603401184082,15702900
2015-08-31,55.542457825932715,57.44981371746597,55.15803226127147,57.19845962524414,17008400
2015-09-01,55.66812921543641,56.607018118014494,55.32805335687469,55.756839752197266,14970000
2015-09-02,56.67354086038128,56.85096752473024,54.60354242857293,55.74943542480469,12993100
2015-09-03,56.30391462175163,57.30933643115317,55.46112503690387,56.37784194946289,11091000
2015-09-04,55.54246271660474,55.73467833600783,55.01757120695741,55.44635772705078,9072100
2015-09-08,55.66813905073591,56.08213666954666,55.25413579163063,55.84556579589844,7189500
2015-09-09,55.93428118351748,57.10234668267691,54.88449265903789,55.00278091430664,10927200
2015-09-10,55.113659534175376,55.328047067171504,53.886444605753944,54.7588005065918,8261000
2015-09-11,54.31523535571746,54.50005648833373,53.42809053498333,54.48526763916016,8359800
2015-09-14,54.26349051415014,54.26349051415014,53.48723943166481,53.8494873046875,5997600
2015-09-15,54.17477712041686,54.573991499931566,53.74599067868321,54.403953552246094,8408800
2015-09-16,54.86971046054733,56.55527864719301,54.699672500532046,56.303924560546875,7685200
2015-09-17,56.3039334239314,56.79185846199864,55.50550448131726,55.66814804077149,8500100
2015-09-18,54.69228790185606,54.78099846144298,53.37635631826855,53.627716064453125,12646500
2015-09-21,54.15999030637327,54.32263381761033,53.43548893094282,53.87166976928711,5935900
2015-09-22,52.87363970208334,54.05649974415831,52.85885648969001,53.6498908996582,5894900
2015-09-23,54.12301274247826,54.248689742602366,53.15455193872143,53.18412399291992,5726700
2015-09-24,52.77752940721757,54.278276307160695,52.57053061278322,53.73860168457031,7655300
2015-09-25,54.152600733907974,54.19695600811325,53.39853287094686,53.89385223388672,5655600
2015-09-28,52.96973207560688,53.02148176159779,51.24719795002053,51.28416442871094,9189100
2015-09-29,51.4615894018504,51.66858813891193,50.293518653811695,51.08455276489258,11467000
2015-09-30,51.217636965366765,51.6020681217845,50.08653241259216,50.98846054077149,11785800
2015-10-01,51.83123527180185,52.48180358278988,49.835169434700354,50.012596130371094,12055400
2015-10-02,49.480317847440936,52.08259712320215,49.21417494374681,51.98649215698242,12738800
2015-10-05,52.674039816996114,53.76818375738079,52.52618511924192,53.29503631591797,8800800
2015-10-06,53.45026699940042,55.01015761118162,53.13976324953903,54.66269302368164,11672500
2015-10-07,55.76424132410285,56.85099066105585,55.113672863203874,55.70509719848633,12631100
2015-10-08,55.65334400372755,56.87316472656831,55.01017000899424,56.65877151489258,8446600
2015-10-09,57.035833254604114,57.19847684101576,56.08215502179651,56.45179748535156,6842500
2015-10-12,56.66616885704451,56.66616885704451,54.90666780179001,55.40199279785156,7575700
2015-10-13,54.84751908449129,56.24476634398949,54.707053224022296,55.18019485473633,6666300
2015-10-14,55.15062218664215,55.697691133538086,54.53701470225865,55.453731536865234,7187800
2015-10-15,55.71249455387017,56.38524068717773,54.61835073360664,56.303924560546875,11034700
2015-10-16,56.000810168771295,56.037776656023425,53.590740719519395,55.08409881591797,17828700
2015-10-19,54.22653414610837,55.75685332087185,54.12303473450464,54.810569763183594,7586000
2015-10-20,54.62574715922591,56.25217127667668,54.59617509378021,55.85296249389648,8901400
2015-10-21,55.66812308260972,56.91012122307545,55.52765722782178,55.91208267211914,7928600
2015-10-22,56.459178509724985,58.048636213415634,56.36306788222897,57.85642623901367,9091200
2015-10-23,57.545913996807016,58.58091362673903,57.220632588761234,57.922950744628906,8867400
2015-10-26,57.70855848240221,57.7750970344413,56.902740914145824,57.03581237792969,7887200
2015-10-27,55.786414620027024,57.23541174311027,55.70509286370605,56.88794708251953,9291600
2015-10-28,57.55328962091708,58.92835906113333,57.072753631113784,58.49957275390625,11293200
2015-10-29,58.20388465524111,59.105807216411755,57.93774172234012,58.174312591552734,6612800
2015-10-30,58.13735091908042,58.32217210222609,56.6735703071318,57.78249740600586,9474800
2015-11-02,57.40544513038736,58.94315831309632,57.25758483957301,58.72137069702149,8480100
2015-11-03,59.046664386452115,60.93923120095483,58.91359292978902,60.2664794921875,10257000
2015-11-04,60.21471294496997,60.40692847087288,58.99489818057048,59.37192916870117,8788400
2015-11-05,58.95056192312836,59.67506342959299,58.115172221031976,58.255638122558594,6730900
2015-11-06,57.7011682213162,58.45523606994555,56.92491709571157,58.44784164428711,7444300
2015-11-09,58.27041376817191,58.61787844348217,57.16888125901555,57.5976676940918,5860000
2015-11-10,57.220639188385334,58.30738864314104,57.13192299034379,58.233455657958984,5949900
2015-11-11,58.019044161732666,58.10036025942193,56.747474048154274,57.390647888183594,5575200
2015-11-12,56.444363620253654,57.50893497639242,56.119082314994266,56.62918472290039,8141900
2015-11-13,56.370449104703475,56.95448459849237,55.971234755520165,56.28912734985352,7311400
2015-11-16,56.385227414042525,58.033834362371394,56.01558515695736,57.90815734863281,6662500
2015-11-17,57.69376097525046,57.91554293307272,56.67355043256507,56.732688903808594,5579200
2015-11-18,56.924918747679854,58.16691720051374,56.74749200878768,58.0708122253418,6955100
2015-11-19,57.464607935200085,58.18170942776335,57.39067494560193,57.60506820678711,6674600
2015-11-20,57.60505908171413,57.76030818274625,56.35567184760964,57.03581237792969,8480500
2015-11-23,56.695731226672294,57.23540576373852,56.41479950135097,57.08755111694336,5859600
2015-11-24,57.30193347751869,58.38868241106346,56.9618633419013,57.7972526550293,6960500
2015-11-25,57.24282222090173,58.03385673034041,56.525715063315225,57.316749572753906,4055400
2015-11-27,56.769669882950126,57.29456131623776,56.51092137925825,57.16888427734375,3147300
2015-11-30,57.36234806796748,57.94274761701519,57.161444680336295,57.40699768066406,7979400
2015-12-01,57.15400281087011,58.20318072818563,56.92333490436856,58.16597366333008,8172200
2015-12-02,57.58556170673907,58.188277364583456,56.26851490852376,56.409889221191406,9595000
2015-12-03,56.893568939307386,57.01262700221299,55.16726676618247,55.665809631347656,8292700
2015-12-04,54.936601613450705,55.85183639056319,54.4380587233487,55.59140396118164,8605300
2015-12-07,54.058558145524266,54.5273364310042,53.62698124187601,54.17017364501953,10563000
2015-12-08,52.99449302432766,54.31153982503452,51.863464458851254,53.20283889770508,8305200
2015-12-09,53.64932235884944,55.10031301628218,53.14333683390403,53.664207458496094,9310300
2015-12-10,53.41862942198324,54.49012901528655,53.12843256163018,53.18796157836914,7200900
2015-12-11,53.18796421584647,53.18796421584647,51.87835416764605,51.952762603759766,9436100
2015-12-14,51.62536831044728,52.48107967800791,51.42446492773345,52.10158920288086,11322500
2015-12-15,52.83078821929667,53.67161421343346,52.50338433481911,53.45582580566406,10511800
2015-12-16,53.20284893392015,53.798127836148765,52.65965650986151,52.994503021240234,7865600
2015-12-17,52.9126501937132,53.180525122718365,51.4467806313794,51.491424560546875,8278600
2015-12-18,51.37238065819106,51.46911107966482,50.099977374185166,50.10741424560547,15152600
2015-12-21,50.181809881050405,50.85149139013285,49.966021472368666,50.56129455566406,7861300
2015-12-22,50.911043362856475,51.9155717565296,50.725019375991025,51.70722579956055,7950900
2015-12-23,52.540605930563125,52.8605673579668,52.07182761101843,52.8382453918457,7757700
2015-12-24,52.756388938839606,52.98705680088885,52.36201910617479,52.48107147216797,2968800
2015-12-28,51.72952846010657,52.42153766001347,51.3649231715103,52.39921569824219,6616900
2015-12-29,53.336773204286885,53.463268094682775,52.012283935438354,52.466182708740234,6987000
2015-12-30,51.647685933959494,52.481069495523045,51.625358293989265,51.818824768066406,5744600
2015-12-31,51.61791860209828,52.36945114034648,51.3426011608493,51.900672912597656,5271100
2016-01-04,51.67746592599432,52.10160042709528,50.568764454169376,51.4765625,9160200
2016-01-05,51.59559877979797,51.96764667066008,50.66547905264268,51.714656829833984,6783600
2016-01-06,50.53898044124421,51.64024461564818,50.204139634722665,50.37527847290039,11923000
2016-01-07,49.28146205033336,50.41992759400272,48.961500663543944,49.2516975402832,12041000
2016-01-08,49.37820401315297,49.71304489487732,48.284382139918385,48.42576217651367,9657900
2016-01-11,48.507605770226824,48.71595168054468,47.4658705416373,48.23973083496094,8693100
2016-01-12,49.07311912331189,49.19217718448241,47.01941582262736,48.17276382446289,10189000
2016-01-13,48.81269078875748,49.37076272386599,47.2575302160484,47.58493423461914,12729900
2016-01-14,47.890002382740704,48.62665557735247,45.94791204303696,48.12811279296875,13814700
2016-01-15,46.178593933110015,47.495644055439925,45.91815865735512,46.88548278808594,14702300
2016-01-19,46.997087517501406,47.84535905794319,46.171140779768635,46.74409484863281,11463500
2016-01-20,45.68749055923668,46.33485321394733,44.34811563431716,45.43449783325195,16075400
2016-01-21,45.546109034666415,47.227767346297455,44.92106836956028,45.72469329833984,12999400
2016-01-22,48.00905223179499,49.29634029511716,46.8557072990147,48.515037536621094,19387700
2016-01-25,47.54772414980648,49.20705465334853,47.04917847316579,47.10126495361328,13865300
2016-01-26,47.91233017515462,48.939180379740854,47.19055630969155,48.61178207397461,13829900
2016-01-27,48.619217063278995,49.95114923244296,48.05370834020414,48.775482177734375,12629000
2016-01-28,50.76966135770788,51.78906901913598,50.03300239306924,51.72210311889648,16450700
2016-01-29,52.0718429492557,53.94696245676861,51.766760850401184,53.77581787109375,18255300
2016-02-01,52.92010200950237,53.32935134488184,52.11647708173744,53.173091888427734,12047100
2016-02-02,51.58070966573169,52.07181551431012,50.873821076777034,51.223541259765625,13600800
2016-02-03,52.109021094452615,52.72662188949431,50.33063282111542,52.70429992675781,12837100
2016-02-04,53.22517100451968,54.22226231617409,52.31737323147623,52.48851776123047,10892700
2016-02-05,51.89323840186253,52.13879137313482,50.66547922250137,51.201229095458984,16470500
2016-02-08,50.62084765409973,52.28018415601099,50.10741962096543,51.92301559448242,12547500
2016-02-09,51.27564622497528,51.87091948108823,49.85442046874188,50.44969940185547,11138200
2016-02-10,50.42737236310262,51.30540567762488,50.144617988833005,50.397613525390625,8324500
2016-02-11,49.33355262380508,51.67744979580916,49.18473006118559,51.21611404418945,12122900
2016-02-12,51.628363286792926,53.0749771205978,51.54591334922825,52.7002067565918,10756300
2016-02-16,53.47971982195307,54.14681048793776,52.76016154353838,53.779537200927734,9571800
2016-02-17,54.37918565765931,55.23366168593853,54.09435650253804,54.66400909423828,10132100
2016-02-18,55.26363976332844,55.26363976332844,54.20678460396328,54.476619720458984,8123700
2016-02-19,53.94443095775575,54.634006848601445,53.80201643214232,54.6190185546875,8339000
2016-02-22,55.33107853908609,55.93820450381515,55.151190423340466,55.74332809448242,7649900
2016-02-23,55.37605167944292,56.043142286211506,53.86198234190553,54.02688217163086,8201900
2016-02-24,53.13493520297916,54.20677854068486,52.7676618927075,54.12432861328125,7857700
2016-02-25,53.91445761427516,54.22926330566407,52.95504652516163,54.22926330566406,6358300
2016-02-26,54.806424149577786,55.17369753231019,54.11684228264821,54.31922149658203,6000700
2016-02-29,54.22926190008827,55.00878481942374,53.734568071947905,53.75705337524414,7726100
2016-03-01,54.311712859655906,55.51097671282057,54.17679531876606,55.47350311279297,8321000
2016-03-02,55.06876054424443,55.79581599630658,54.319219784352256,55.77333068847656,8584000
2016-03-03,55.495989000662824,56.19306201617415,55.30110683542815,56.10311508178711,7811500
2016-03-04,56.29799759923873,56.97258531500901,55.3235924855104,56.08812713623047,11415900
2016-03-07,55.69837455865422,57.085029602050774,54.90386314714112,57.08502960205078,9614000
2016-03-08,56.41042788602041,56.7552158802502,54.47661174058546,54.491600036621094,8727100
2016-03-09,55.27862778234318,55.413545339909554,54.41665481558811,54.52908706665039,6966600
2016-03-10,54.56656741995796,54.97881139024622,54.056879494923315,54.85139083862305,7058400
2016-03-11,55.39107468089942,56.32050381294296,54.94884256805604,56.21556854248047,8054500
2016-03-14,55.44352410202975,55.74334151280341,54.72396574729784,55.046268463134766,5949500
2016-03-15,54.326710915461796,54.903854721978234,53.921958262685706,54.88886642456055,6815400
2016-03-16,55.226166824557794,55.35358738915005,54.08686731539565,54.978816986083984,7173100
2016-03-17,55.54846674193656,56.21555756758856,55.12122873316457,55.87076950073242,7072100
2016-03-18,56.22304370513621,56.22304370513621,54.918838904399536,55.106224060058594,9549100
2016-03-21,54.244255001477605,56.24552702072715,54.10184045827751,56.133094787597656,7508500
2016-03-22,55.50349436781308,56.387952674270736,55.12122698726949,55.1736946105957,6230700
2016-03-23,54.74643845850433,55.10621469383671,54.43912411055693,54.68647384643555,5923600
2016-03-24,53.89947006380365,54.461625542724214,53.59215565709394,54.40166091918945,8185200
2016-03-28,54.63400710924097,54.738942322759826,53.9519282213684,54.566551208496094,8008800
2016-03-29,53.65212617450384,54.78392854571336,53.47223228413758,54.71647262573242,10450200
2016-03-30,55.21866640880599,55.93073356182885,54.91884896114069,55.77333068847656,8328700
2016-03-31,55.68338582944046,56.238044411395435,55.07625962106464,55.27863311767578,8608700
2016-04-01,54.24426996635624,54.86638448669168,53.787049619088606,54.056884765625,21467800
2016-04-04,54.29672273840242,54.656499022988925,53.891970129336904,54.44662857055664,9265300
2016-04-05,53.97442537980605,54.828901288211085,53.93694605879786,54.46162796020508,9575200
2016-04-06,54.71645079249341,55.78079681902118,53.89195747220486,54.83638000488281,10080700
2016-04-07,54.34919661162498,54.67149933456726,53.73457347933292,53.97442626953125,7505800
2016-04-08,55.046256582291605,55.668370856087435,54.73894222997853,55.35356521606445,6129600
2016-04-11,55.73584250959637,56.148092149469335,55.36856919678126,55.37606048583984,7465100
2016-04-12,55.59344378361304,57.08503420082325,55.36108794874456,56.89015197753906,8227600
2016-04-13,56.950097635584136,58.126876155690866,56.74022146278834,57.99195861816406,8647500
2016-04-14,58.059415332892456,58.20932688696861,57.39232464324155,57.83455657958984,5349700
2016-04-15,57.83454545295,57.83454545295,56.92759645126286,57.15995788574219,6869900
2016-04-18,56.02066366036623,58.08939734774851,55.79580490820925,58.05191802978515,5947500
2016-04-19,58.45666591440991,59.708402979452586,58.35173069485528,59.69340896606445,10334200
2016-04-20,59.32615559765221,61.387392802305975,59.32615559765221,60.78775787353515,12106100
2016-04-21,60.622854475340255,61.432359866790584,60.08318993291554,60.16563415527344,8294100
2016-04-22,58.25429407060836,60.7277745228295,58.25429407060836,59.9107780456543,9933400
2016-04-25,59.63346636976645,59.813360285607985,58.434202190202996,59.04132843017578,6684400
2016-04-26,59.3111417041699,59.47604154025134,58.7789685995238,59.36360931396485,5452600
2016-04-27,59.798337102808965,60.84769489260476,59.66341959099894,60.412960052490234,7311700
2016-04-28,59.95575413586841,60.952644558578214,59.53601320779744,59.7983512878418,6661100
2016-04-29,59.95576717904696,60.91517849109236,59.251202713443774,60.21810531616211,8606600
2016-05-02,59.925774671274255,60.50292419333471,58.6815401245728,59.51353073120117,7388100
2016-05-03,58.711525192548855,58.7864781198479,57.332367312370906,57.88703155517578,8861400
2016-05-04,57.87203131522014,58.23181333352427,56.36545304879218,56.76271438598633,7859000
2016-05-05,57.53475298260302,57.647185245477885,56.16309195632294,56.515377044677734,7306900
2016-05-06,56.23803839317157,56.97259080299882,55.91573566006498,56.30550003051758,8083800
2016-05-09,55.083737534102525,55.68337230632278,54.22926170074032,54.5440673828125,10161700
2016-05-10,54.96381565864997,55.8707591328819,54.78392179046591,55.660888671875,7380900
2016-05-11,55.47351234973867,56.10312383303438,55.06875965967339,55.32360076904297,5815800
2016-05-12,55.64590240744824,56.09562570346485,55.1661967958916,55.533470153808594,5058100
2016-05-13,55.13621698400796,55.69088126887219,54.28174096721329,54.28923797607422,6090400
2016-05-16,54.94133485189947,55.803302070369774,54.73145865517231,55.46601104736328,5407100
2016-05-17,55.64590850216253,56.39544931713228,55.54097324555017,56.125614166259766,7226300
2016-05-18,55.84078940618347,55.99069527824617,54.45414007470485,54.84389877319336,6077900
2016-05-19,54.39414927881285,55.73582734713108,53.96691145850792,55.61589813232422,8874800
2016-05-20,55.96819087577593,56.32047584533818,55.60091761153764,56.1855583190918,7389400
2016-05-23,56.60529159795958,56.710232520774305,55.750815952554866,56.22303009033203,6250900
2016-05-24,56.59032420385475,57.00257388613401,56.29800378134467,56.68027114868164,6500600
2016-05-25,56.96507302322211,58.464153892254274,56.9051084160113,58.396697998046875,7489300
2016-05-26,58.748984435788024,59.19121632027023,58.224308354409544,58.37421417236328,7932200
2016-05-27,58.12527505033887,58.276149510629246,57.619833521833485,58.215797424316406,5050300
2016-05-31,58.14037479700311,58.54019739713664,57.18984934305811,57.55950164794922,5780000
2016-06-01,57.5595080489841,57.58967834758167,56.51091463015711,57.227577209472656,5542200
2016-06-02,56.93335338264029,57.114403905603865,56.28458277357079,56.91826248168945,4827300
2016-06-03,57.106849450178466,57.40860411119683,56.47316984198219,57.05404281616211,4342200
2016-06-06,57.75564705134777,59.80757280228494,57.4991592102277,59.66423797607422,8019200
2016-06-07,59.93580814049139,60.629845813688014,59.80756423829491,60.4261589050293,8546400
2016-06-08,60.90140751458768,61.41438873561469,60.35825025050123,60.96175384521485,6979900
2016-06-09,59.95087968382516,60.44123029001235,59.83017551685968,60.320526123046875,5030200
2016-06-10,59.36246442731482,59.965968027882326,59.03807915564401,59.24176025390625,5585100
2016-06-13,58.84947852387323,59.55105564844582,58.51754782887377,58.57035446166992,5115400
2016-06-14,58.22335896630503,58.75897093051264,57.80090575633695,58.43458557128906,5361900
2016-06-15,58.2233552885481,58.75896721892306,57.88388480276591,57.97440719604492,5384800
2016-06-16,57.44632782082049,57.69527585743735,56.51843320956294,57.589656829833984,6033100
2016-06-17,57.997009402632926,58.683501244897414,57.49911921685562,58.46472930908203,6583900
2016-06-20,59.50580213645156,59.68685842302823,58.47983953448751,58.53264617919922,5257200
2016-06-21,58.46474958687876,59.57369479024411,58.22334698009456,59.23421859741211,5634800
2016-06-22,59.60385274086222,59.70192054164625,58.99279808146678,59.04560470581055,5274000
2016-06-23,59.588779374790846,60.04140853881836,59.36246767052313,60.04140853881836,4734400
2016-06-24,57.80844122209758,58.6684384825931,57.50669224019894,57.831077575683594,9561500
2016-06-27,56.88809294640955,57.10685921367134,56.22423142757122,56.63159942626953,7036800
2016-06-28,57.30298259884584,57.8838612449448,56.97105194393216,57.80841827392578,5555300
2016-06-29,58.48738567238437,59.513348286400955,58.38931783262274,58.71370315551758,5854500
2016-06-30,58.81176148718769,59.70193461850868,58.72877880715416,59.65667343139648,4941300
2016-07-01,59.701945484261856,60.282824350216515,59.60387764250649,59.98860931396485,4050100
2016-07-05,59.392631858913326,59.56613688866572,57.99701739482262,58.56280517578125,5656900
2016-07-06,58.41193966517923,58.92492089521516,57.95931052232208,58.88719940185547,4562800
2016-07-07,59.0682583933898,59.762290161546765,58.09510252574941,58.615623474121094,4922500
2016-07-08,59.08333719686434,59.57368780311591,58.932462743629145,59.400177001953125,4217400
2016-07-11,59.596327710769856,59.75474763807611,58.81176776923481,58.85702896118164,4702800
2016-07-12,59.70193636836671,60.47141110477782,59.36246594409187,60.086673736572266,6356300
2016-07-13,60.08667715010376,60.448778189169005,59.07579975877112,59.50579833984375,5328900
2016-07-14,60.17718096224242,60.29788510834462,59.581222946206786,59.67174530029297,3817600
2016-07-15,60.214924370496625,60.320537659043694,59.618960381985275,59.8603630065918,4723400
2016-07-18,59.45298094816605,60.13192746801103,59.20403868713222,60.12438201904297,4333600
2016-07-19,60.041420613710265,60.57703832582672,59.98107426706458,60.2073860168457,5780700
2016-07-20,59.92071689352761,60.97685556607436,59.49826372670601,60.8033447265625,5937900
2016-07-21,60.735458892313865,61.37668415642648,60.09423362820126,60.36580657958984,6140700
2016-07-22,60.36578113568768,61.565254211425774,59.49824448516512,61.56525421142578,10027500
2016-07-25,61.33143455726663,61.48230908718467,60.426170111275255,60.88634490966797,11223400
2016-07-26,60.27527826803549,60.81089017753938,59.55861006804285,60.8033447265625,11685500
2016-07-27,60.86368311902868,61.0824551041566,60.09421420193345,60.26017379760742,8415100
2016-07-28,60.17720387440203,60.73545212943918,59.294576053062904,59.63405227661133,5567300
2016-07-29,59.015465653360735,60.81844303849272,58.924937497086624,60.74300003051758,6200600
2016-08-01,60.19228913370148,60.26018091875136,58.90229341832465,59.18895721435547,8197800
2016-08-02,59.45298790851024,59.53597059040029,58.77404706467077,59.51333999633789,6648300
2016-08-03,59.37755287775966,60.0791300971628,59.04562213789389,60.06404495239258,5416300
2016-08-04,60.04896771804832,60.66002269690958,59.679321154386955,60.64493179321289,8183100
2016-08-05,60.81843929098417,61.4219430291446,60.365804292997495,61.255977630615234,6838600
2016-08-08,61.58790838632902,62.6063256201292,61.535101737331765,62.23667907714844,6213900
2016-08-09,62.63650548779367,62.64405093967974,61.467213687164126,61.73124694824219,4143800
2016-08-10,61.88209733015463,62.11595444801979,60.833504390997,60.99192428588867,3863100
2016-08-11,61.210705896053874,62.16877662064222,61.08246202126397,61.48228454589844,4385400
2016-08-12,61.708612628601905,61.9273789206709,61.0522964859157,61.255977630615234,3902400
2016-08-15,61.67088784566973,61.95755167438168,61.17299167657275,61.8896598815918,4016000
2016-08-16,61.806678752002135,62.146149235534274,61.44457191480733,61.79913330078125,3584400
2016-08-17,61.557723928803235,62.04807460566072,61.27106012418288,62.01789855957031,3905500
2016-08-18,62.22161283139064,63.34564370464197,62.13108465325493,63.26266098022461,5467000
2016-08-19,62.99858603828614,63.119284440572464,62.402622209115286,62.84770584106445,5185600
2016-08-22,62.3498537843046,62.39511499345974,61.565293544479694,61.89722442626953,5091600
2016-08-23,61.98770002629865,62.16121078950114,61.512440422641696,61.670860290527344,4473700
2016-08-24,61.467185498857305,61.72367319042632,61.18806146201092,61.354026794433594,4462500
2016-08-25,61.39931284102688,61.65580639196782,61.127734142615594,61.36159133911133,3767100
2016-08-26,61.316330749359615,61.88211875074592,60.705281549620224,61.029666900634766,4535400
2016-08-29,60.810886075749025,61.48228728008604,60.810886075749025,61.21070861816406,3359000
2016-08-30,61.61053350036089,61.78404433475859,60.72036024258662,60.833518981933594,7873600
2016-08-31,60.46385589978787,60.60718489188371,59.31718943007526,59.5963134765625,8306100
2016-09-01,59.17388115799162,59.69440218979694,59.02300090888696,59.566158294677734,6705200
2016-09-02,60.16591112110233,60.50754489261914,59.6041111753438,59.63447952270508,4912100
2016-09-06,59.71800183833436,59.93816226025316,59.40673056567148,59.80910110473633,5560900
2016-09-07,59.84706149259035,60.014084533032275,59.58134565196499,59.68003845214844,3970700
2016-09-08,59.96851472473314,60.55309522606217,59.39153354981895,60.26459884643555,4845300
2016-09-09,59.793910415717974,60.14313773037313,58.88287734985351,58.88287734985352,7626600
2016-09-12,59.0726837232904,60.18110252369455,58.53365849932357,59.82428741455078,6343100
2016-09-13,59.20173642047226,59.29283566378675,58.36662140895883,58.518463134765625,7482000
2016-09-14,58.38182074748583,59.14101215956713,57.827608468111336,57.97945022583008,5190400
2016-09-15,57.820003419997654,58.57160107121235,57.76685447657439,58.305885314941406,5177400
2016-09-16,57.77446104572824,58.53365240189331,57.64539990530106,57.94907760620117,7243200
2016-09-19,58.336261052179104,58.761412150487395,57.64539992970501,57.668174743652344,5925000
2016-09-20,57.75929354591554,57.85039282339847,57.22026824951172,57.22026824951172,6821800
2016-09-21,57.698550016382875,58.237575249106975,57.5922636770948,58.12369537353515,7152500
2016-09-22,58.60957446028967,58.94362053375776,58.389414048781106,58.46533203125,5639400
2016-09-23,58.22238266882263,58.50327974292229,57.37208632737378,57.63780212402344,6847400
2016-09-26,57.79724006390119,58.16165448992331,57.30377028023466,57.37968826293945,5499300
2016-09-27,57.038038640167365,57.28857315206856,56.43068909297118,57.18988037109375,6457200
2016-09-28,57.387288866436144,59.29286135784565,56.99251179260434,59.22453689575195,9420800
2016-09-29,59.300424432668194,59.95332932074527,58.738624572753906,58.738624572753906,9859500
2016-09-30,59.095445420496226,59.968516535647126,58.92083467276786,59.70280075073242,6485700
2016-10-03,59.83945556912355,60.021659851809744,59.48263474607621,59.90019226074219,4854700
2016-10-04,59.96093815283293,60.05203741206954,59.475050337498395,59.62689208984375,5211100
2016-10-05,60.287393543068184,61.45654323470926,60.02167191188797,60.84919357299805,7249400
2016-10-06,61.06177179737696,61.942430914208245,60.94029837868497,61.81336975097656,6469500
2016-10-07,62.094242165638974,62.329589558457286,61.4792992142525,61.729827880859375,5305300
2016-10-10,62.04870544865123,62.587730558791755,62.04870544865123,62.50421905517578,4565100
2016-10-11,62.31442138430788,62.42830123425168,61.61596679983491,62.01833724975586,5063000
2016-10-12,62.07149327331693,62.09426808959239,61.51728097787323,61.82855224609375,4059400
2016-10-13,61.50968045023791,62.192953821692385,61.20600854485398,61.89686965942383,4656600
2016-10-14,62.23091756585449,62.52700173697215,61.72984848108892,61.73744201660156,4681500
2016-10-17,61.737423661620056,62.07146961881617,61.25913532559099,61.47930145263672,3710900
2016-10-18,61.93483277665721,62.10185580324559,61.24396585616353,61.790584564208984,3956800
2016-10-19,62.253694002037925,63.99983651652432,62.253694002037925,63.34693145751953,9926100
2016-10-20,62.823101890433286,63.28620920762172,62.16260314489274,63.00530624389648,7773200
2016-10-21,62.13979520917049,62.57253393813779,60.49235178416944,61.09211349487305,10221800
2016-10-24,61.16045136542425,61.29710603578292,60.3633039484738,60.97065353393555,5617400
2016-10-25,61.00102509830464,61.87409632761925,60.67457257924511,60.9023323059082,5436600
2016-10-26,60.34812916739582,61.22879406508021,60.21906800582283,60.7504997253418,4238200
2016-10-27,61.03898071347732,61.175635377003765,60.37848220773787,60.43162536621094,3919600
2016-10-28,60.55308446181472,60.87953687029689,59.69519480185286,60.127933502197266,5001000
2016-10-31,59.88501795282792,60.05204099428574,59.23970639533528,59.39154815673828,6225100
2016-11-01,59.718004747404635,59.83187883595429,58.99676936428585,59.74836730957031,6825500
2016-11-02,59.2776738675619,59.38396021447048,58.39700894498056,59.03473281860352,6395900
2016-11-03,59.16378018977473,59.71799240558744,59.065087402704584,59.5661506652832,4935800
2016-11-04,59.611705547895205,59.92297679883942,58.958806279609334,59.095455169677734,5178300
2016-11-07,59.90016389174459,60.58343686842868,59.75591576550934,60.54547500610352,4756400
2016-11-08,60.22665854504861,61.10731760673262,60.07481678119202,60.61384201049805,4012600
2016-11-09,60.17350795170446,61.061760440033986,59.86223671833051,60.68975830078125,6737600
2016-11-10,60.34052368741278,61.27432569041071,60.34052368741278,60.644195556640625,6798600
2016-11-11,60.127975969328105,60.30259259624042,59.27009149562888,59.718017578125,4955700
2016-11-14,59.5205882622076,59.915365117913005,58.82213378325323,59.75593566894531,6060900
2016-11-15,60.31017554347829,61.91965784130677,60.27980718794943,61.61598587036133,5833900
2016-11-16,61.509673313270845,62.177765328805535,61.319875498342974,61.52486038208008,4501300
2016-11-17,61.88170011889345,62.155009519317225,60.63662653570575,60.81123733520508,4733600
2016-11-18,60.81123521832814,61.13009424366573,60.52274454666622,60.73531723022461,3951100
2016-11-21,61.57800234163696,62.18535765446841,61.517265651919914,62.03351593017578,5202100
2016-11-22,62.238498807061994,62.253680082917946,60.94787025687062,61.87408447265625,4646400
2016-11-23,61.54763368269586,62.19294507918024,61.50208406172528,61.79816818237305,3122000
2016-11-25,61.51726548487433,61.79057479568938,61.30469286361141,61.714656829833984,1819700
2016-11-28,61.80577595059907,62.27647092148249,61.36544353924226,61.54005432128906,5909400
2016-11-29,60.439216923487166,60.955467214122294,59.77871843935747,60.674564361572266,6326400
2016-11-30,62.61052320348938,64.05298819514556,62.29166416731936,63.8100471496582,13534300
2016-12-01,64.52366669403222,65.60172273755086,64.05297179699907,64.23517608642578,7991700
2016-12-02,64.22757009598998,64.86529367356452,63.96944788537399,64.5388412475586,5090300
2016-12-05,64.85195570535477,65.05051490678775,64.32501842379142,64.47775268554688,5976100
2016-12-06,63.96610876369696,64.3708599420218,63.50789999250734,64.11884307861328,4878600
2016-12-07,64.18757030658305,64.76033266210959,63.81336137260227,64.41667175292969,5138900
2016-12-08,64.48539122460282,64.72976953957044,63.99663459466756,64.50830078125,4848400
2016-12-09,64.81379830269123,64.89780392472223,64.10357266052779,64.74506378173828,4829000
2016-12-12,65.74545791650594,66.30294899588542,64.66102959928902,64.92068481445312,8233600
2016-12-13,65.47054009537442,66.23422302470769,64.95123547037025,65.77600860595703,6273400
2016-12-14,65.31779146188391,66.02801672623484,64.76793889252352,65.03523254394531,5858700
2016-12-15,64.53120510081573,65.4476222509621,64.3784708512707,65.12687683105469,6171000
2016-12-16,65.2948989868164,65.33308546884633,64.89778637532513,65.2948989868164,9524800
2016-12-19,65.21852236244646,65.44762374198335,64.89013847464913,65.00469207763672,3155900
2016-12-20,65.3788935865983,65.58508540612787,64.93595610590434,65.12687683105469,5185600
2016-12-21,65.34836648064636,65.87530971512535,64.95888644531668,65.79894256591797,4825200
2016-12-22,65.51636403925067,66.44041975273095,65.36362394625468,65.96693420410156,3991700
2016-12-23,65.69964861349023,65.88293090503248,65.0887056995364,65.30253601074219,2894200
2016-12-27,65.5240108486374,65.63855864992993,65.08871172440716,65.24908447265625,2634200
2016-12-28,65.1268959901657,65.27963611108216,64.46249540010874,64.63050079345703,4222700
2016-12-29,64.34792607357349,64.79849621090726,63.988994160002015,64.3021011352539,3535400
2016-12-30,64.37849219025152,64.53122649042204,63.88973543797773,64.11119842529297,4149700
2017-01-03,64.80613405284986,64.99705478578272,63.92789751607096,64.76031494140625,6667100
2017-01-04,64.9130634827601,65.45527778444334,64.56176995602615,65.24144744873047,4655400
2017-01-05,65.35600411272844,65.57747292112268,65.05816815609755,65.14217376708984,4543000
2017-01-06,65.27965165384565,66.3106229531314,64.79088897698091,66.0433349609375,5689900
2017-01-09,65.66910985142759,65.98222272729025,65.24144916872721,65.5010986328125,4336500
2017-01-10,65.440030521586,65.45530162551076,64.59234150593852,64.60761260986328,4306200
2017-01-11,64.90541930968985,65.53163916336833,64.62286031654708,65.4170913696289,4149600
2017-01-12,65.44000357845908,65.44763621405804,64.64577249321378,65.16507720947266,4286500
2017-01-13,64.87485803630317,65.47816820798701,64.74503334562687,64.77558135986328,5117000
2017-01-17,64.7679732741114,66.08150937010025,64.76034063680126,66.00514221191406,5795300
2017-01-18,65.51638788534889,66.8528335966883,65.51638788534889,66.80701446533203,8744900
2017-01-19,66.47862235154292,67.08192692923319,66.3717071737416,66.59317016601562,7261400
2017-01-20,66.53207317429676,67.03610098603889,65.34836204931082,66.05094909667969,10368600
2017-01-23,65.56218854707934,65.62328458930351,64.0730089331109,64.3555679321289,6870200
2017-01-24,64.44721402558478,64.83669402398354,63.99664380947679,64.59231567382812,6027400
2017-01-25,64.97415208240787,65.43999918600863,64.64576815407355,65.30253601074219,5939500
2017-01-26,65.62329606328956,65.71494014264943,64.47777129027259,64.82142639160156,5623600
2017-01-27,64.80613053022724,65.05814728234515,64.38610261003073,64.53120422363281,4758200
2017-01-30,64.27920409115029,64.50831134802823,63.53843056387646,63.85154342651367,5550700
2017-01-31,64.07301150056111,64.34029941295313,63.46970116891082,63.92790985107422,4567900
2017-02-01,64.19521491785885,64.48541829438143,63.15660518664774,63.51553726196289,5193600
2017-02-02,63.843923193764894,63.85156165822574,62.293647015362986,62.95805358886719,8857700
2017-02-03,63.11078329187479,63.546082511165345,62.91986247944138,63.003868103027344,5084000
2017-02-06,63.042033188202005,63.36277864582523,62.20961569891641,62.3852653503418,5958000
2017-02-07,62.01871175132714,62.4234629136511,61.46885891706047,61.91179656982422,5841700
2017-02-08,61.56047889177374,62.00341637108753,60.72806150296416,61.94995880126953,5366400
2017-02-09,61.94996715787816,62.43872381255484,61.94996715787816,62.01869583129883,6119000
2017-02-10,62.606742285587686,63.16422767851495,62.507459754960394,62.74420547485352,6199900
2017-02-13,62.81334538647751,63.10531968280602,62.6135704141929,62.867130279541016,4135800
2017-02-14,63.036188709649515,63.38963323392421,62.6520091142924,63.3588981628418,4672300
2017-02-15,63.005421303098714,63.289716168119504,62.713447070835066,62.813331604003906,4947600
2017-02-16,63.10531879300534,63.13605385462449,62.23707528519012,62.33695983886719,5097900
2017-02-17,62.198666749163294,62.32929225126339,61.8836425667212,61.968162536621094,4345600
2017-02-21,62.60589669509828,62.65968159301557,61.929736993150335,61.991207122802734,4746100
2017-02-22,61.76067772615416,61.883617946957926,61.20746431887433,61.23819351196289,5905400
2017-02-23,61.82984161376953,62.01424610835645,61.37650681452323,61.82984161376953,5754100
2017-02-24,61.20750521471913,61.77608946055564,61.069200304962536,61.58399963378906,5464100
2017-02-27,61.64545048155741,62.86713858341666,61.591665581389655,62.28318405151367,8033000
2017-02-28,62.129498802103946,62.129498802103946,61.46870970381886,61.74531936645508,7842000
2017-03-01,62.16794656485701,63.535625022257214,61.92975122325045,63.21290969848633,6692400
2017-03-02,62.72882372206531,63.12837365574719,62.098769622440976,62.19865417480469,5104500
2017-03-03,62.40611503189791,62.68272472364249,61.96815066365459,62.00656509399414,3357000
2017-03-06,61.729958157371726,62.152557944763345,61.49176874744945,62.02193832397461,5524600
2017-03-07,61.99888771512797,62.060351978066755,61.26894316988488,61.4302978515625,5807400
2017-03-08,61.11528918004932,61.40726355474071,59.86286584136818,60.00885009765625,10152900
2017-03-09,59.56320735815448,60.65428196443624,59.37880277683027,60.469871520996094,9411800
2017-03-10,60.97697644815718,61.007711514503654,60.277766878532475,60.46217727661133,5633400
2017-03-13,60.56975588387427,60.80026012181361,59.9934864958529,60.385345458984375,6708900
2017-03-14,59.947355035556846,60.354590151168296,59.39414158645914,60.22396469116211,6541800
2017-03-15,60.70036358699621,61.92205163524878,60.63121408786381,61.66081237792969,7968100
2017-03-16,61.683847288359466,61.83752257500007,60.9001238438871,61.19978332519531,6196400
2017-03-17,61.19981677941128,61.66851640117733,61.07687648289481,61.12298202514648,8645700
2017-03-20,60.75415197609677,60.75415197609677,60.0549482644162,60.63889694213867,7318900
2017-03-21,61.107596083543825,61.19980128258325,60.3699720775719,60.46217727661133,6210500
2017-03-22,60.20091486354714,60.4083750363075,59.73990072490931,60.22396469116211,5341500
2017-03-23,60.01653142729857,60.27777071469751,59.593931565782775,59.67845153808594,5804100
2017-03-24,59.74759741155877,59.88590226588168,58.98691778172581,59.13290786743164,9805900
2017-03-27,58.556635785895466,59.3019449169142,58.502850893044304,59.17900466918945,6435100
2017-03-28,59.4709966023853,60.38533996190504,59.11755211336126,60.17020034790039,7274600
2017-03-29,60.093355800598054,60.6696250421022,59.60929174809557,60.446800231933594,4403000
2017-03-30,60.49290015813394,60.60046993762204,59.59391576939294,59.80905532836914,5585100
2017-03-31,59.58625607076991,60.216310356662575,59.41721611516928,60.00885009765625,5858500
2017-04-03,60.16252009030768,60.18556992545187,59.26353548488093,59.70149993896485,6994700
2017-04-04,59.709177583626754,60.22397671014294,59.33268331251488,60.09335708618164,4687800
2017-04-05,60.4391349463489,61.06918922939134,60.13179010683949,60.16252517700195,5290600
2017-04-06,60.46983140190102,60.64655649408612,60.208592240188835,60.40836715698242,5128500
2017-04-07,60.49290307334617,60.600472858018165,60.047253472783005,60.1855583190918,4265200
2017-04-10,60.44680018482613,60.66193976354846,60.23934583737642,60.477535247802734,3339900
2017-04-11,60.47752413326641,61.2458829801311,59.99346017010225,61.19978332519531,6722200
2017-04-12,61.26128027951271,62.15257388406876,60.8924652921036,61.13833999633789,6024200
2017-04-13,60.95393967734604,61.00772458945073,59.90128541230769,60.04727554321289,5030200
2017-04-17,59.793718884823434,60.25473328001246,59.77066904438139,60.11642837524414,5559300
2017-04-18,59.755279345544544,60.38533351736571,59.67844461475937,59.87821960449219,4078800
2017-04-19,60.15483485041957,60.30082495580099,58.51823207212284,58.76410675048828,8138400
2017-04-20,58.771777059505055,59.42488102364606,58.49516735622659,58.787147521972656,8053900
2017-04-21,56.83550268024144,57.74985154913275,56.205448684244814,57.50397109985352,14539700
2017-04-24,57.62693392542652,57.70376866490412,56.81247513515725,56.93540954589844,8461800
2017-04-25,57.02760954431589,57.11212950865961,56.68184445506037,56.92771911621094,9066400
2017-04-26,56.66648260619539,57.55778195998581,56.6511180038021,56.943092346191406,6064800
2017-04-27,56.74332577532456,56.80479591826233,55.39869717466703,55.967281341552734,10844900
2017-04-28,56.39755563551905,56.4436553028003,55.68298148208789,55.77518081665039,7214400
2017-05-01,55.859710966156854,56.15937058234981,55.429431694108594,55.552371978759766,6909400
2017-05-02,55.58308523207154,55.629190756638344,54.530437191968325,54.89924621582031,9142000
2017-05-03,54.868528347702146,55.28343711969915,54.53044845425205,54.96072769165039,7843600
2017-05-04,54.67644046529542,54.745589975659925,53.95418098131864,54.50740051269531,12175200
2017-05-05,54.58422727558388,55.47552071973477,54.47665747822281,55.29880142211914,11115400
2017-05-08,55.544663945766594,56.059462986671754,55.34488899626869,55.49087905883789,8160500
2017-05-09,55.58307169712585,55.782846622631816,55.23731258869565,55.53697204589844,6631900
2017-05-10,55.967266656574914,56.243876365101144,55.59077238856963,55.836647033691406,7021200
2017-05-11,56.12095090640121,56.15168597469779,55.0529321970832,55.15281677246094,7380200
2017-05-12,55.12208242740643,55.175867332102435,54.38445836495493,54.56886291503906,7308500
2017-05-15,55.69066857461035,55.85202327759988,55.275753968873886,55.32185363769531,8573000
2017-05-16,55.55234632309153,55.63686626422662,54.46895754787594,54.837772369384766,7029200
2017-05-17,54.83778323808205,55.04523758609515,54.399818848175386,54.54580307006836,6347700
2017-05-18,54.29225811751534,55.26038638593307,54.29225811751534,54.88389205932617,6073400
2017-05-19,55.14512915931235,55.560043770232554,54.983774454306925,55.129764556884766,7681800
2017-05-22,55.521630182311,55.61382952251593,54.83779105258909,55.237335205078125,6209800
2017-05-23,55.45247660659229,55.56004641504987,54.95304200325931,55.39100646972656,4969900
2017-05-24,55.42174260043472,55.536997643738346,54.60728378875511,54.830108642578125,5257900
2017-05-25,54.760945827864575,55.083661077669696,52.970673732085494,53.31643295288086,14649400
2017-05-26,53.40094957611086,54.05405354238872,53.016770082757546,53.854278564453125,8960700
2017-05-30,53.56794842882497,53.7768933290948,53.126837280048264,53.19648361206055,7263500
2017-05-31,52.86371362049608,54.117400698822664,52.80180773967335,53.854278564453125,8944200
2017-06-01,53.91621169664252,54.31863255460171,53.56796810023199,54.001338958740234,5874800
2017-06-02,53.304810338624094,53.4905456435526,52.64701403697142,53.366722106933594,8646500
2017-06-05,53.23517715437297,53.78463094908593,53.1113535872211,53.60663604736328,4670800
2017-06-06,53.506047204779456,54.31862333073365,53.17327866515101,54.14836883544922,6588600
2017-06-07,53.82332892778556,54.06322971615195,52.56190139202794,53.142311096191406,10227700
2017-06-08,53.14230943240575,53.482818337542135,52.801806431502015,52.863712310791016,7739800
2017-06-09,52.89467731375373,54.47339264009623,52.87146186699238,53.9239387512207,8141100
2017-06-12,54.36504101721595,54.70554992504123,53.4518628678749,53.63759231567383,7999200
2017-06-13,53.63760412925292,53.93941676248709,53.273879698372255,53.66856002807617,7882700
2017-06-14,53.4441153058888,53.46733074574481,52.11304164797946,52.76310348510742,10261300
2017-06-15,52.592858196535154,52.685725876335134,51.84993447083414,52.105316162109375,9465900
2017-06-16,52.314261536868706,53.07266616821289,51.88863128510756,53.07266616821289,10179200
2017-06-19,53.03397471329631,53.22744463762862,52.54643262950295,52.70120620727539,5037600
2017-06-20,51.88863752987619,51.88863752987619,51.10701736036168,51.656471252441406,9580000
2017-06-21,51.44752515043182,51.45525969639818,50.50339096998228,50.6659049987793,11374200
2017-06-22,50.68911846709049,51.408826797525386,50.418261762998505,50.58851623535156,8088000
2017-06-23,50.557569654850624,51.19989131734986,50.41827105219097,51.02189636230469,7402500
2017-06-26,51.16119459648912,51.385620449393,50.71234289068135,50.99094009399414,8042700
2017-06-27,50.80520202967517,51.10701463168598,50.40278129083851,50.58077621459961,6498400
2017-06-28,50.64267880244402,51.10700534390583,50.37955668960186,50.49563980102539,6243500
2017-06-29,50.76650309181288,51.30822238116464,50.53434274286191,50.596248626708984,7194800
2017-06-30,50.959980440932675,51.161190829450945,50.596256013153706,50.952239990234375,7981900
2017-07-03,51.16893220121897,52.15949735601051,50.998677708195295,51.82672882080078,5201400
2017-07-05,52.05115561249213,52.05115561249213,50.56530194891573,50.874855041503906,8872900
2017-07-06,51.19987573602129,51.46299195862017,50.31764758483664,50.402774810791016,6503800
2017-07-07,50.294441535258954,50.44148057195648,49.64438540209167,50.36409378051758,6743400
2017-07-10,50.16288468955933,50.83616219128507,50.13192879134085,50.57304000854492,5873600
2017-07-11,50.57303476033871,51.2617871875816,50.3563493995297,50.913543701171875,5534000
2017-07-12,51.478468970835486,51.540380756544934,50.56529079643611,50.75102615356445,6497600
2017-07-13,50.66589524078377,51.49394612569029,50.642679798888736,51.45524978637695,6252300
2017-07-14,51.462995695241,51.91958184557293,51.362393468277965,51.73385238647461,5340600
2017-07-17,51.65646437336565,52.26782997857709,51.579077592604186,51.71837615966797,6438500
2017-07-18,52.089844548618245,52.09758499937292,51.06058895913864,51.215362548828125,5359800
2017-07-19,51.176666081577174,52.34522616501708,51.15345063360055,52.190452575683594,6642300
2017-07-20,52.44581956961648,52.546427699539585,51.66420539969398,51.86540985107422,7458200
2017-07-21,52.469032512308274,53.36672966297361,51.23082058772819,51.486202239990234,10910300
2017-07-24,51.60229909157635,51.72611677447723,50.95997751784181,51.40108871459961,6211000
2017-07-25,51.84994845234646,52.2755847192461,51.79577710058055,51.857688903808594,6947200
2017-07-26,52.22140655000096,52.7476450002701,51.63325630458633,51.84220123291016,8350800
2017-07-27,51.81898258966873,52.469044590133954,51.3778714088733,52.45356369018555,6968600
2017-07-28,52.26783330291786,53.42865280086892,52.236877407797834,52.97980117797851,10545600
2017-07-31,52.9643285279869,53.23518524199,52.38391875330873,53.0881462097168,10621100
2017-08-01,53.01076097265767,53.40544128417969,52.6625174593483,53.40544128417969,10295700
2017-08-02,53.304832531374394,53.68403784197373,52.94884857173241,53.4983024597168,7973400
2017-08-03,53.366752059300154,53.59117791720888,52.430358178929986,52.79408264160156,9869700
2017-08-04,52.73988923411165,52.92561866137837,52.20591048845874,52.267822265625,5411600
2017-08-07,52.04340327097522,52.23687317161081,51.486209012467455,51.50168991088867,5756600
2017-08-08,51.26953532512301,51.56360751542583,50.50339599760107,50.6813850402832,8700100
2017-08-09,50.86712043816997,50.99867858349749,50.35635695033258,50.6813850402832,6274900
2017-08-10,50.72782305481471,50.90581210175271,49.67534605856072,49.837860107421875,8060500
2017-08-11,49.60567720773175,50.046788308247166,49.32708305381372,49.396732330322266,4627500
2017-08-14,49.528302160287794,49.744987537561656,49.27292043525772,49.48960876464844,4961000
2017-08-15,49.48185707006288,49.48185707006288,48.77762680183426,49.09491729736328,6850800
2017-08-16,49.24970743716763,49.489611225447455,48.93241685376115,49.30387878417969,6329600
2017-08-17,49.110405995240015,49.3735252163703,48.71572863960301,48.77763748168945,5292100
2017-08-18,48.80857862221448,49.38125073698828,48.70023596723143,49.00204849243164,9096300
2017-08-21,48.839537009630085,49.07170027534991,48.74667229376537,48.75440979003906,4498200
2017-08-22,48.87824771524549,49.24970966244803,48.83955431593386,49.02528381347656,4710200
2017-08-23,48.83181706545598,49.14137018447282,48.65382505526237,48.901466369628906,4433400
2017-08-24,48.83181542612918,48.94016108062995,48.41392256723801,48.661563873291016,5674100
2017-08-25,48.839544754565566,49.62889939276498,48.74668002397444,49.43543243408203,5712600
2017-08-28,49.4044698658523,49.59020225406073,48.754410935297024,49.102657318115234,4505600
2017-08-29,48.955621207998945,49.23421833070896,48.607377756727765,49.141353607177734,4076300
2017-08-30,49.06397671767861,49.342570944418675,48.80859498635405,49.05623626708984,4629100
2017-08-31,49.21874291218373,49.35804148069181,48.8782369403398,49.14909362792969,5833500
2017-09-01,49.29729771794145,49.858910471921504,49.11789335446455,49.41429901123047,4907400
2017-09-05,49.515706323530594,50.89634311450643,49.41430281444178,50.77933883666992,7517600
2017-09-06,50.92754182660542,51.66855895998466,50.91973995489322,51.2629508972168,6806200
2017-09-07,51.26295863214287,51.58276400758438,50.98215071897769,51.37996292114258,4236400
2017-09-08,51.26295070709421,51.29415224274286,50.342526234254635,50.592132568359375,5487000
2017-09-11,50.8495373737252,51.395549333352406,50.68573378583704,51.301944732666016,5617100
2017-09-12,51.294144944333674,51.96496298762088,50.96653184217967,51.81675720214844,5308600
2017-09-13,51.886957610395875,52.62798060704475,51.816758626558304,52.19896697998047,5728200
2017-09-14,52.588979707187626,52.99459369227811,52.39397458580137,52.8073844909668,5954100
2017-09-15,52.799594524280586,52.96339813058455,52.066373280847394,52.44858169555664,11428400
2017-09-18,52.32378542793579,53.04140298118551,52.261382349109255,52.94000244140625,6688900
2017-09-19,53.041414947589914,53.24422202398785,52.62800487149577,52.95561218261719,6817200
2017-09-20,53.150607054763874,53.16621080050077,52.62799464319944,52.744998931884766,6766000
2017-09-21,52.67478934367082,53.43141026603495,52.26918125647896,53.11159896850586,8315100
2017-09-22,52.83078369323207,53.77460765207497,52.83078369323207,53.6654052734375,6797600
2017-09-25,53.89942029575686,54.609241872280926,53.88382250280548,54.32843399047851,6914300
2017-09-26,54.03202572790507,54.25823242183102,53.46261400792342,53.6810188293457,6393400
2017-09-27,53.77462479602025,53.96962995591172,53.26761019008537,53.883827209472656,6043100
2017-09-28,54.07882627817656,54.33623448850049,53.47041120001784,53.94622421264648,6464300
2017-09-29,53.84481655262741,54.42203008194238,53.24420335944734,54.41423416137695,6559100
2017-10-02,53.61081656712809,54.07102584838867,53.46261075400398,54.07102584838867,7254800
2017-10-03,54.024244278186586,54.26604883080801,53.70443288180257,53.86823654174805,6124500
2017-10-04,53.91502739577532,54.07883101184203,53.5640145461309,53.6810188293457,6319700
2017-10-05,53.9384365983167,53.96183626887962,53.48602313047978,53.72003173828125,6293100
2017-10-06,53.603010265081366,53.603010265081366,52.93999402345927,53.30659866333008,5717400
2017-10-09,53.322208717351174,53.665419685860954,53.22860410291626,53.29880905151367,3587100
2017-10-10,53.634218147715984,53.84482109133842,53.25200376875376,53.29880905151367,3824700
2017-10-11,52.51098910434309,52.885401629005145,52.13657657968103,52.83859634399414,8060500
2017-10-12,52.43298196032163,52.58898368880824,52.09757288809938,52.48758316040039,6225800
2017-10-13,52.75279453395554,53.10380739788419,52.36278420809167,52.393985748291016,4248700
2017-10-16,52.69819241221092,52.90880131713169,52.08977726659125,52.10538101196289,4846100
2017-10-17,52.16776641229731,52.40957680251449,51.68415753403066,51.871360778808594,6621400
2017-10-18,51.84015957259902,51.98836536581855,51.231744559926696,51.41115188598633,5936500
2017-10-19,50.982150948092034,51.255156989594695,50.287933034948686,50.31133270263672,13577600
2017-10-20,49.58591183641852,49.882320512708645,47.89326847623186,49.258304595947266,19259600
2017-10-23,49.25829965099797,49.51570488902171,48.21307197952265,48.291072845458984,14054100
2017-10-24,48.774685002134035,49.016492448602506,48.29887198115477,48.70448303222656,9639500
2017-10-25,48.75128642309888,49.62490864264895,48.67328555503887,49.48450469970703,10748200
2017-10-26,49.49230037541868,49.77310822614546,49.188092862312,49.42989730834961,8668300
2017-10-27,49.22709311488543,49.81990737220513,49.047688761018385,49.5703010559082,12972700
2017-10-30,49.72631414266718,50.31132960316914,49.554708655412995,50.00712203979492,6632800
2017-10-31,49.91352297159324,50.49853548670171,49.86672066114579,49.92132186889648,8519500
2017-11-01,50.404942507775814,50.67014670362581,49.91352860699468,50.13973236083984,11329300
2017-11-02,50.186523321530096,50.186523321530096,49.21929942891591,49.3363037109375,8984100
2017-11-03,49.2505084565923,49.71072080669227,49.07890294367751,49.593719482421875,10035100
2017-11-06,49.99931984145728,52.58898802502322,49.866717766201525,52.32378387451172,14246300
2017-11-07,52.70598001281592,52.79178273587012,51.684155157822346,51.81675720214844,7147400
2017-11-08,51.988368814869744,52.7137881360478,51.5437573567983,52.30817413330078,8008300
2017-11-09,52.14436609470195,52.33937120795894,51.87136012635892,52.175567626953125,6163400
2017-11-10,51.94157319841344,51.96497881726282,50.84174715590835,51.27855682373047,6577000
2017-11-13,50.89633226012715,51.1225388954133,50.59212477327974,50.73252868652344,5506300
2017-11-14,50.420531019775254,50.420531019775254,48.93069179540127,48.96969223022461,10606800
2017-11-15,48.478283328205194,48.69668815235719,47.66706115915129,48.01026916503906,11273200
2017-11-16,48.0492742693089,48.088277685018774,47.59686380739435,47.82307052612305,7791600
2017-11-17,47.86206315360781,48.61868406662223,47.78405931046374,48.330074310302734,8088700
2017-11-20,48.13507379855023,48.43928137723484,47.75286534475667,48.14287567138672,7103500
2017-11-21,48.337883102935486,48.478287065154106,47.92447011393941,48.26768112182617,8491100
2017-11-22,48.704483635269504,48.82928680825669,48.23647248045315,48.47047805786133,7610300
2017-11-24,48.67328942721342,48.71228986434608,48.24427569212631,48.306678771972656,2967500
2017-11-27,48.15067114963338,48.29887399203397,47.62025690503637,47.862064361572266,6741600
2017-11-28,47.76845769130842,48.72788256856645,47.74505505246847,48.58747863769531,8737700
2017-11-29,48.67329957441837,49.37531651578764,48.30668884274815,48.478294372558594,8805900
2017-11-30,48.80589098086923,49.64831469643071,48.751289774365354,49.024295806884766,11308900
2017-12-01,49.32070399642773,50.80274140565598,49.156900378528306,50.49073791503906,11964000
2017-12-04,50.53752616483419,51.47354833357252,50.295721727311616,50.38932037353515,9505000
2017-12-05,50.41290551133765,51.09681893931938,49.87049420522491,49.87835693359375,8212800
2017-12-06,49.74472735983411,49.74472735983411,48.56556976692715,48.79354095458984,9299300
2017-12-07,48.785681223421705,49.147288832212496,48.707068917976216,48.79354095458984,7862500
2017-12-08,49.037230267212,49.94911193847656,48.817118830180846,49.94911193847656,11030100
2017-12-11,49.823333501354625,51.04965832581334,49.53247250531959,50.75093460083008,11702900
2017-12-12,50.63302005528189,51.09681907267789,50.389323455247606,50.45221328735352,6487800
2017-12-13,50.40504961954073,50.727349517974666,49.74471836816885,49.760440826416016,7485600
2017-12-14,49.48530015563204,49.79974029160488,49.02149818122652,49.02935791015625,8550100
2017-12-15,49.30449676923956,49.48530052348717,48.74636005101643,48.80924987792969,15834700
2017-12-18,48.966481223538175,50.34216497505071,48.93503630380298,49.99627685546875,10716600
2017-12-19,50.14563634756339,51.08110317344558,49.980555024908575,50.6172981262207,8949500
2017-12-20,50.65661113244382,51.505600024840874,50.50724925435757,51.31693649291992,9227500
2017-12-21,51.474168468164926,53.70670424170004,51.29336164262909,53.345096588134766,15943700
2017-12-22,53.187870982368786,53.71455993063207,52.79481845426085,53.01492691040039,6695900
2017-12-26,53.062091348936974,53.518033721410674,52.999201504973925,53.148563385009766,5028200
2017-12-27,53.26647637997239,53.7695830992338,53.14855943069123,53.39225006103515,7107900
2017-12-28,53.41582171302949,53.62807337936165,52.89699563505842,53.03063201904297,4386800
2017-12-29,53.03063974754125,53.23502871592478,52.51181359395828,52.97561264038086,5918800
2018-01-02,53.51015946708365,54.89370574876905,53.14068921025537,54.65000915527344,8678200
2018-01-03,55.003783829476994,56.31657812242766,54.34345231845245,56.0728874206543,9529200
2018-01-04,56.41088628517612,57.53501647193249,56.01783385620542,57.464263916015625,12252300
2018-01-05,57.346345717631536,57.92020489011989,56.79607472826242,57.85731506347656,8552700
2018-01-08,57.660799536531535,58.894984124928136,57.1576928251791,58.800655364990234,9778900
2018-01-09,58.784926265246256,59.19370419133914,58.61198221939963,58.8792610168457,9370300
2018-01-10,59.05220030174759,59.79899753314411,58.957865557753664,59.42952728271485,10017600
2018-01-11,59.48455691769181,60.703021923453136,59.28803069079511,60.56938552856445,10248700
2018-01-12,60.820944564463865,61.386935113115925,60.56939121033905,61.292606353759766,9211500
2018-01-16,61.11964996975726,61.3161761754478,60.49076371254601,60.6637077331543,11902500
2018-01-17,60.53008240358836,61.15110604665044,60.06628335228531,60.69516372680664,8009600
2018-01-18,60.19207352626225,60.89956938933345,59.50030312542962,60.034854888916016,10588500
2018-01-19,58.95786731162773,60.67157622805255,58.36828863851145,60.07413482666016,13389800
2018-01-22,60.561520161556615,62.794055123030695,60.40429558838675,62.72330856323242,13192700
2018-01-23,62.74689662881171,63.16353129111545,61.772128173845914,62.267372131347656,9332600
2018-01-24,62.07084059523704,62.298811730101335,61.056764580497656,61.45767974853515,10369000
2018-01-25,62.08657564183703,62.173041674275616,60.71089188955626,60.78950119018555,7142000
2018-01-26,61.07249142423744,61.45768114482638,60.83665755591517,61.00960159301758,6055300
2018-01-29,60.60083943864728,60.85239882891074,59.82259706691412,60.04270553588867,7877900
2018-01-30,59.27230690710462,59.578887318895354,58.11673181766077,58.59625625610352,11371000
2018-01-31,58.87139786697063,58.91856224368056,57.47213204786591,57.84160232543945,10198700
2018-02-01,58.00668603835537,59.39808918633515,58.00668603835537,59.358787536621094,8671600
2018-02-02,58.863519160961154,59.15438006590123,57.66864262776721,57.92805862426758,9066600
2018-02-05,57.26775786068564,58.47049775711877,55.491158577045915,56.088600158691406,11310300
2018-02-06,55.027774698947745,57.44231153935375,54.62403017605923,56.2390022277832,12391900
2018-02-07,56.3261000513392,57.41857878218395,55.11487218805157,55.2177848815918,7345000
2018-02-08,55.25736293073767,55.33652699571532,53.317810119714814,53.35739517211914,12186000
2018-02-09,53.97489334463961,54.12530932387429,50.16704192268466,51.607852935791016,19725600
2018-02-12,52.54198702410007,53.57905003264093,52.46281692954226,52.914058685302734,11382800
2018-02-13,52.747817939069435,52.92990072005418,51.99575027984437,52.18574523925781,7959900
2018-02-14,51.72659051671483,52.46282785467672,51.117020524559145,52.14617156982422,13030900
2018-02-15,52.446995814952665,52.446995814952665,51.31493211652346,52.41532897949219,8844500
2018-02-16,52.36782097836589,53.27030446401178,52.16990782730618,52.470733642578125,7512500
2018-02-20,52.81115108528571,53.1990592185512,51.66325708202159,51.94033432006836,6840700
2018-02-21,51.73450481303572,52.320326143390936,50.96660069684834,50.98243713378906,7855000
2018-02-22,51.33076547934201,52.22533702323742,51.21993456874408,51.42576599121094,8393800
2018-02-23,51.694913018931615,52.80322173751516,51.51283027811888,52.644893646240234,7652000
2018-02-26,53.15948091026774,53.254475370379495,52.48657731187567,52.82698822021485,6605000
2018-02-27,53.278214965538126,54.66360682232581,52.929885937371886,52.9694709777832,8736100
2018-02-28,53.34947298397822,53.57905298321222,51.94825041466167,51.964080810546875,10144600
2018-03-01,51.845331545048914,52.81906698438116,51.4811720424862,51.631587982177734,9674000
2018-03-02,51.18033584669825,52.027403788607685,50.58659646573848,51.829490661621094,6797200
2018-03-05,51.40202339350634,52.71616407586722,51.38619299292325,52.37575912475586,5274300
2018-03-06,52.914068164520295,53.13573601323022,52.320328587953426,52.74782180786133,5131400
2018-03-07,52.146168317384976,52.644907370768856,51.63159282684733,52.4311637878418,5851900
2018-03-08,52.51823761200721,52.866566735360486,52.07491402943456,52.83489990234375,6099100
2018-03-09,53.270313978096496,54.67945489894158,53.23864714349163,54.44987487792969,8309700
2018-03-12,54.41028488519195,54.79027474411055,53.713626744124696,53.903621673583984,5226700
2018-03-13,54.10153479434089,54.19653527894034,52.85072829951262,53.151554107666016,6964300
2018-03-14,53.262380978136335,53.5552945870687,52.454898059213626,52.5894775390625,5963300
2018-03-15,52.7240706122486,52.96156884719098,51.46534567061461,51.73450469970703,6310900
2018-03-16,51.75035147365299,52.75574798409573,51.71076641331188,52.32825469970703,9394300
2018-03-19,52.32031774949098,52.34407240109103,50.77659758614038,51.21992111206055,6097500
2018-03-20,51.56034967214621,52.32825392872496,51.56034967214621,51.900760650634766,5446300
2018-03-21,52.185741187100525,54.0461237048042,52.07491029939599,53.62654876708984,7240300
2018-03-22,52.842826677427624,53.016991267306835,51.607850188948525,51.86909103393555,7500000
2018-03-23,51.88491868678212,52.80323267814096,50.66577280390838,50.77660369873047,8622100
2018-03-26,51.338674171234096,51.6315878319309,50.31744452744652,51.029930114746094,7386100
2018-03-27,51.38617196000831,52.32031620786392,50.64201660071466,51.04576110839844,6318000
2018-03-28,50.942850733618805,51.16451252627685,49.612873937839666,50.04036712646485,7702900
2018-03-29,50.40453287411896,51.623678924145565,50.254119927654294,51.28326797485352,7282800
2018-04-02,50.95868180412575,51.188261790869625,49.09829631763887,50.25410842895508,7598600
2018-04-03,50.61035408110745,51.338673068469056,49.628703467799205,51.29117584228515,8844500
2018-04-04,50.26994378662839,51.449504555981,49.929532902070605,51.3070068359375,6645700
2018-04-05,51.552424307124355,52.55782054561606,51.51283925749066,52.066993713378906,6032900
2018-04-06,51.884902392601134,51.884902392601134,50.230348648280795,50.95075225830078,7515900
2018-04-09,51.28325782621909,51.52075603773288,50.75285199897943,50.87160110473633,6369700
2018-04-10,51.81366552847598,53.38114049356339,51.65533740829087,52.81114959716797,8172300
2018-04-11,52.73990562268974,53.816553789601166,52.54990462394242,53.47614288330078,8141900
2018-04-12,53.579055063921835,53.8640505195675,53.20697732794941,53.48405456542969,5845300
2018-04-13,53.507794052200225,53.9115385521286,53.28613230002928,53.79278945922851,7853500
2018-04-16,54.05404268084755,54.41820217981894,53.381139127534546,54.24403762817383,9026400
2018-04-17,54.24403672997185,54.60820226274367,53.792794962649815,54.35487365722656,6490400
2018-04-18,55.114867682662606,56.207346324202206,55.059452230696785,55.684852600097656,8640300
2018-04-19,55.708600055412475,56.14400539605291,55.17818818106685,55.63734817504883,7184700
2018-04-20,56.05691685933501,56.40524592480919,54.33111400558625,54.80611038208008,9967400
2018-04-23,54.38652780072035,54.60027737164935,53.444465372756234,54.55278015136719,6792000
2018-04-24,54.67153864294029,55.25736604441365,53.61072682483635,54.05405044555664,7474500
2018-04-25,53.81656162606713,54.83778845384278,53.737391511812014,54.70320892333984,5994000
2018-04-26,55.00402341097146,55.494844140574465,54.76652522321982,54.9961051940918,8145000
2018-04-27,54.6715338638908,55.17819111180552,54.54487257182753,54.68737030029297,4559500
2018-04-30,54.62402868768178,54.924854497420085,54.172786953159346,54.27569961547851,6249900
2018-05-01,53.91946783545759,54.16487824861101,53.104066491261776,54.1490478515625,6197600
2018-05-02,53.81654961552392,54.76653037625547,53.75321595418705,54.35487365722656,6460300
2018-05-03,54.22029150708231,54.291543390498944,52.953648400299215,53.610721588134766,6563900
2018-05-04,53.42863944094347,54.774452665146654,53.14364398357483,54.45779037475586,5620900
2018-05-07,54.8140318179952,56.08859316122973,54.687370525410536,54.790283203125,6388900
2018-05-08,54.98028085742664,55.11486641467413,53.594888550322565,55.05153274536133,6142300
2018-05-09,55.81942760287211,56.82482376690243,55.74817572677461,56.112335205078125,7774400
2018-05-10,56.539833644173726,56.65858275558512,55.60568322881118,56.30234146118164,5650400
2018-05-11,56.46858500709822,56.626913121258696,56.1044255126648,56.27067184448242,5449200
2018-05-14,56.34984219910839,57.03858225632251,56.341923980566314,56.682334899902344,5142400
2018-05-15,56.603170833974886,56.80108401870907,56.13609861712115,56.682334899902344,3571600
2018-05-16,56.68233401495801,57.956895387933706,56.68233401495801,57.87773132324219,7121700
2018-05-17,58.18648447075342,59.714374712735186,58.17065407128062,58.92272186279297,10825700
2018-05-18,58.73273319228253,59.26313920928005,58.70898457060093,58.81189727783203,5715400
2018-05-21,59.19186226680315,59.421442245669354,58.55062559330687,59.3976936340332,4641200
2018-05-22,59.37394161945765,59.57185475818918,58.099380522840256,58.36854553222656,5881200
2018-05-23,57.79064364047092,58.162721353570106,57.276068208308864,58.14688491821289,5737200
2018-05-24,57.47397867922778,57.56897916742976,56.27858153863095,56.381500244140625,8648500
2018-05-25,55.25735213103632,55.33651618054186,53.85612369148614,54.30736541748047,10719800
2018-05-29,53.53946540331208,54.12529270049588,53.17530591685824,53.887794494628906,8369200
2018-05-30,54.402363074242125,55.28109786970635,54.18861350787001,55.00402069091797,7710300
2018-05-31,54.68736582087471,54.87736076332262,54.03029268011405,54.36278533935547,8419700
2018-06-01,54.33904045898182,54.68736957725438,54.12529688902504,54.59236907958984,6512800
2018-06-04,54.75069905182483,55.011939830703525,54.37070313008177,54.679447174072266,8104200
2018-06-05,54.615649992919586,54.91069950575412,54.14517204734523,54.59172821044922,7058000
2018-06-06,54.8867839625796,55.07018837161533,54.28073904099483,54.934627532958984,6387900
2018-06-07,55.31737005505099,56.05099953676562,55.1259836898363,55.50077438354492,8330600
2018-06-08,55.740021368792945,55.89152801615077,54.99841570710652,55.365230560302734,5125200
2018-06-11,55.40511862961035,56.17064627194914,55.110069045885574,55.71611404418945,6970700
2018-06-12,55.81976956336396,56.194560418137506,54.28871448689813,54.703372955322266,9664000
2018-06-13,54.0335264141011,54.82297555866204,53.770374671290554,54.200984954833984,7161000
2018-06-14,54.35251440789582,54.679455635566285,53.95380173559801,54.488075256347656,7104000
2018-06-15,54.1611295122433,54.20897917133716,53.06068469504829,53.29193878173828,15094700
2018-06-18,52.83739424982509,53.66671716896593,52.789544601884344,53.45938491821289,6110400
2018-06-19,52.63804459763765,52.7496836504701,51.992125981824685,52.390838623046875,11577800
2018-06-20,52.58223567050758,52.68589878792733,52.05593195774579,52.271240234375,7567700
2018-06-21,52.16756360315549,52.29515457615235,51.44190971682131,51.66518783569336,6371400
2018-06-22,53.531151468076786,54.18503988850536,52.9490344792376,53.09257125854492,10995000
2018-06-25,52.86133107701623,52.917150612274774,51.75291024554441,52.17554473876953,7608700
2018-06-26,52.15160782150515,52.86929169797754,51.864534270916195,52.6460075378418,5618500
2018-06-27,53.22016618659574,53.97772391986171,52.99688806188497,53.27598571777344,6856500
2018-06-28,53.515211893570765,53.61090511891336,52.84537148391696,53.43547058105469,5827800
2018-06-29,53.44343624514255,54.10530064626397,53.435466373229055,53.451412200927734,5350900
2018-07-02,52.98890866370454,53.20421690131645,51.84062037063916,52.00010299682617,9404700
2018-07-03,52.821447056507445,52.869296708721464,52.01605193134579,52.50247573852539,5207700
2018-07-05,52.93309154018473,53.3876237377204,52.582228529863904,52.97296524047851,6492800
2018-07-06,52.59816744806372,53.62684672497165,52.41476305210632,53.451412200927734,4303400
2018-07-09,53.82620226604416,54.7193207012449,53.82620226604416,54.496036529541016,5230900
2018-07-10,54.94261168297795,55.508782991099025,54.83097261286241,55.413089752197266,6343100
2018-07-11,54.727290573044904,55.245618182010766,54.30465618052357,54.496036529541016,7497400
2018-07-12,54.743246307931365,54.79108987755946,53.42749338831051,53.802284240722656,6217000
2018-07-13,54.0255559635349,54.496033899638086,53.75443432250012,54.2887077331543,4607000
2018-07-16,53.499249823981565,53.84214287818784,53.315845448400886,53.76240158081055,4544100
2018-07-17,53.49924756486706,53.58696481343935,52.91713064310997,53.22014999389648,6614300
2018-07-18,52.94905556318616,53.78634870599033,52.54236684589621,53.4753532409668,6493200
2018-07-19,53.10853260098497,53.866090412373055,53.02879127448971,53.36370849609375,7049000
2018-07-20,54.49605046264855,54.567821914299785,52.653999683200034,52.70184326171875,7510300
2018-07-23,52.60615144414074,53.10852722569974,52.2074387681462,52.4227409362793,8542800
2018-07-24,52.638041943418784,52.957013257087155,52.14363610303922,52.24729919433594,8872000
2018-07-25,52.31109501751973,52.51842728534708,51.61733894589532,52.45463180541992,7586700
2018-07-26,52.80549766343072,53.44343417245562,52.24729637367856,53.31584930419922,6497500
2018-07-27,52.89321376919652,53.74645847037208,52.89321376919652,53.45938491821289,5888100
2018-07-30,53.83417986598546,54.46414653810868,53.67469116703996,53.88999938964844,5816900
2018-07-31,53.9298689083994,54.137201182423766,53.49128865950293,53.8421516418457,5986900
2018-08-01,53.427493745178694,53.555084710201896,52.63804442168187,53.1563720703125,4834900
2018-08-02,52.66195947117053,52.964978848536234,52.33501222801932,52.582218170166016,4985000
2018-08-03,52.50248850723769,53.148407256304864,52.34300585139609,52.542362213134766,4588300
2018-08-06,52.60615144414074,52.73373633684524,52.27123425643475,52.4227409362793,4348800
2018-08-07,52.96498523019293,53.67469323722582,52.406789972034034,53.17231750488281,5745200
2018-08-08,52.81348300120085,53.132448270441614,52.61412666598909,52.9570198059082,3549300
2018-08-09,53.08460127127821,53.16434258344269,51.928337035212856,52.151615142822266,4760800
2018-08-10,52.119722552168504,52.70981562115108,51.73695569852918,52.66197204589844,4851200
2018-08-13,52.59020459230446,52.66197604450574,51.59342280637092,51.80873107910156,4563400
2018-08-14,52.055913594320096,52.42272843872186,51.66517696848123,51.673152923583984,4851000
2018-08-15,51.29039169488978,51.32228943486624,49.29682857539955,49.6716194152832,9831900
2018-08-16,49.92679063300935,50.30158143822496,49.759332076526654,49.83110046386719,6080800
2018-08-17,49.81516028726709,50.253743601124384,49.48821603054406,50.10223388671875,5657500
2018-08-20,50.285642888175374,50.764096873999144,50.03046702347786,50.63650894165039,3670300
2018-08-21,51.24254563523512,52.00807310583161,51.146852419958726,51.641258239746094,6092600
2018-08-22,52.063903857143806,52.31907973571669,51.76088440254878,51.904415130615234,5134400
2018-08-23,51.64924169147579,51.808730425537135,51.25052898213211,51.55355453491211,4430200
2018-08-24,51.816703137403735,52.11972258732943,51.816703137403735,52.032005310058594,6418000
2018-08-27,52.119720393218245,52.287178983538595,51.52165139184307,51.71303176879883,8459200
2018-08-28,51.78479993816607,52.24730197957525,51.0591400087897,51.09103775024414,9470700
2018-08-29,51.21862672578759,51.54556791621504,50.96344784600393,51.42595291137695,7611600
2018-08-30,51.51367536897521,51.896442206268574,51.08306495847235,51.30634307861328,6300100
2018-08-31,51.09102845958467,51.14684797601141,50.21386202264834,50.36537170410156,7953200
2018-09-04,50.68689783273239,50.7511993105888,49.6258973853215,49.77057647705078,8287000
2018-09-05,49.40887028354558,49.47317175637219,48.380019122437126,49.04716491699219,10127200
2018-09-06,48.87033822387411,48.998944256060234,48.06654975615838,48.39610290527344,9684100
2018-09-07,48.05851662697968,48.3800301971289,47.62447008775784,47.986175537109375,11056200
2018-09-10,48.22730736875753,48.854261383364296,48.195155094621384,48.21123123168945,6954600
2018-09-11,48.291597245915185,48.870322673499416,47.76913368166227,48.48450469970703,9782200
2018-09-12,48.78995981818424,49.51336758775745,48.78995981818424,48.88641357421875,7931700
2018-09-13,48.797989427542255,49.28026427168317,48.57292967333534,49.04716491699219,6006300
2018-09-14,49.031090499410105,49.481213089797414,48.83817994175575,49.21596145629883,8059100
2018-09-17,49.50532500383404,49.56962647793088,48.77387772200313,49.00697708129883,6825400
2018-09-18,49.52944051630849,49.81076829698183,48.99090375827487,49.02305603027344,6779700
2018-09-19,48.89444794848729,49.601779505398255,48.63723284954505,49.21596145629883,9367100
2018-09-20,49.79469446349389,50.0519065189571,49.48121746253619,49.489253997802734,7364100
2018-09-21,49.63392602794794,49.70626709541436,49.13557815551758,49.13557815551758,21545100
2018-09-24,49.6901934806408,49.899180160007504,49.360640393524776,49.51335906982422,8715200
2018-09-25,49.99564616032557,50.54222259488308,49.89115279501638,50.260894775390625,8517500
2018-09-26,49.76253617415161,49.971519794122585,48.87033062315678,48.93463516235352,10408600
2018-09-27,49.14361575646275,49.585698704488216,48.54881413656201,49.167728424072266,6553000
2018-09-28,49.05520264112243,49.60177897134741,48.91856009167081,48.9667854309082,7206600
2018-10-01,49.1918445563864,50.132275395283834,48.93463254577126,49.50532150268555,7667000
2018-10-02,49.27223605183611,49.91526625967182,48.926606740210055,49.7464714050293,5660200
2018-10-03,49.95544681353008,50.56632460592909,49.50532423698768,50.33322525024414,7315700
2018-10-04,50.38948710459229,50.87176192126867,50.0760101601676,50.51809310913086,6920100
2018-10-05,50.437720964825346,50.92803236838368,50.188545462598015,50.638668060302734,7358200
2018-10-08,50.01171707315507,50.70297561323578,49.907223718763696,50.5904426574707,4725700
2018-10-09,50.791386589447264,51.161131574283054,50.07601542238889,50.72708511352539,6410500
2018-10-10,50.46183820969066,50.67082492500998,48.7658440795184,48.88641357421875,10393700
2018-10-11,48.48450496903709,48.69349162238265,47.142180119399214,47.51995849609375,12620400
2018-10-12,48.05046495709741,48.339829243906706,46.86085860726632,47.68876266479492,9737400
2018-10-15,47.74504177085509,48.31573091352534,47.31099521183403,47.86560821533203,7302100
2018-10-16,48.13887994817856,48.33179048591137,47.841479140957425,47.97008514404297,6310100
2018-10-17,47.62445727980282,47.84951702500148,47.166298189243214,47.61642074584961,6484100
2018-10-18,47.27883957489341,47.67269729110994,46.684037798823326,46.965362548828125,11215300
2018-10-19,46.6197236872666,49.18380738623095,46.29017059074636,46.99750518798828,11347900
2018-10-22,46.981435843195776,47.11004187344376,45.148796079400014,45.66322326660156,13371500
2018-10-23,44.70670753136488,44.81120087625168,43.79038929552021,44.28070068359375,13516700
2018-10-24,44.61828888061552,44.69866955339766,42.57666885129551,42.60881805419922,16957500
2018-10-25,43.227733140851235,43.60551461734041,42.41590831922717,42.841915130615234,9850400
2018-10-26,42.247120445013415,43.2759686410849,41.66839180161846,42.520408630371094,11131300
2018-10-29,42.76153749209584,42.76153749209584,40.83244437634063,41.35490798950195,11125100
2018-10-30,41.282563267226394,42.23907014049782,40.84851689466609,42.05419921875,12235800
2018-10-31,42.48020594108789,42.60881193285414,41.18610949040632,41.242374420166016,13260600
2018-11-01,41.47547231545993,41.94970750380105,40.8404819306985,41.52370071411133,10799400
2018-11-02,41.97382631941472,42.022051655399665,40.76814386044609,41.314720153808594,8458000
2018-11-05,41.756817894378905,42.02206653484425,41.23435408401152,41.764854431152344,8644900
2018-11-06,41.79700449589305,41.98991509654494,41.39511022189407,41.86130905151367,6433500
2018-11-07,42.279258938058874,42.55254705416625,41.55585138333376,42.05419921875,9417300
2018-11-08,41.96579229881889,42.27123275423916,41.37099059038987,41.45940780639648,10936000
2018-11-09,40.75207648211869,41.22631180718596,40.189423933803496,40.51094055175781,13347100
2018-11-12,40.944980350719064,40.953019951866736,39.66695666087906,39.747337341308594,10256900
2018-11-13,39.666951327594795,39.683027461519245,37.97899712624528,38.05133819580078,19044100
2018-11-14,38.75064027844733,39.28918013215045,38.05938172371087,38.42912673950195,17285400
2018-11-15,38.26837092069273,38.88728843274999,37.83432439542508,38.64615249633789,16015200
2018-11-16,38.80689995946581,39.18468145933764,38.36481698701255,38.75867462158203,11775800
2018-11-19,38.557735952831976,39.53031931774816,38.477355261799744,38.831024169921875,9449600
2018-11-20,38.18798596622715,38.34070772632627,37.24755499938486,37.69767761230469,12276800
2018-11-21,38.260332007024545,38.581848638832085,37.930778839216245,38.292484283447266,9262500
2018-11-23,37.13502872411448,37.464581881237905,36.81351210273125,37.271671295166016,8001400
2018-11-26,37.78609691429283,38.21210691421908,37.19933166359729,37.48065948486328,11263600
2018-11-27,37.416345896842806,37.54495190613029,36.6045210381298,37.1350212097168,11644400
2018-11-28,37.21539673297499,37.384191535804185,36.37945618628429,37.30381393432617,10630200
2018-11-29,37.40026328590521,37.49672007582451,36.82957441015471,36.89387893676758,13565000
2018-11-30,36.55629878011703,36.61256372700066,35.91326862558302,36.250858306884766,16183600
2018-12-03,37.199324560551545,37.46457619285001,36.81350651319773,37.21540069580078,12790700
2018-12-04,37.207282457335346,37.28853756538371,35.76904472715671,35.85029983520508,12979400
2018-12-06,34.77771394011027,34.923975604458974,34.02202970753643,34.3876838684082,23678300
2018-12-07,35.070235467243755,36.28095627111679,34.94834971998664,34.97272872924805,14196900
2018-12-10,33.957025083818706,34.875219490096,33.33135089654876,34.10328674316406,15376600
2018-12-11,34.39581082292248,34.533945115536575,32.93319419710595,33.51011657714844,19863000
2018-12-12,33.8107600561434,34.566444187583095,33.62387086552799,33.67262268066406,13509300
2018-12-13,33.526358047017155,33.60761623113821,32.81130462484857,33.33134460449219,15276200
2018-12-14,32.95756979361033,32.98194570162129,31.54370823499531,31.771224975585938,18278300
2018-12-17,31.6899632821949,32.42127136704161,31.535577397475024,31.7305908203125,20140600
2018-12-18,31.67372406192993,31.689975703483505,30.60926478779859,30.74740219116211,20384400
2018-12-19,30.77990076920765,31.657467581168586,30.3167399046232,30.706769943237305,25769400
2018-12-20,30.341118644837454,30.901786296476477,29.301038444805588,29.414796829223633,24543700
2018-12-21,28.82162140153293,29.80482225602055,28.62660484459904,29.00851058959961,30594300
2018-12-24,28.80537106402096,29.154773548693957,28.439716940562807,28.59410285949707,14037400
2018-12-26,28.772870956127345,29.76419933344656,28.431595803092957,29.747947692871097,19950500
2018-12-27,29.333533512195658,29.634184161093852,28.455966771337323,29.52042579650879,16779100
2018-12-28,29.67480940466514,30.194849373692083,29.52854777591597,29.73981285095215,15785500
2018-12-31,29.78856289083294,29.910448594759917,28.650973319788523,29.317277908325195,19349800
2019-01-02,28.837873431427447,30.674265160626952,28.71598769422723,30.22735595703125,15926100
2019-01-03,30.316744278903354,31.35682453194326,29.95109009629287,30.552385330200195,20007900
2019-01-04,31.121157097252873,31.876840809378447,30.901764751827898,31.76308250427246,19506600
2019-01-07,31.860610644671425,32.88444227974511,31.64934552138511,32.64067077636719,15736900
2019-01-08,33.12820566796634,33.31509485249399,32.68942074793642,33.04694747924805,13070200
2019-01-09,33.52636511771668,33.81888844287999,33.103834869906834,33.51011657714844,17909200
2019-01-10,33.25821516755276,33.99764762545687,33.11195352975345,33.84326171875,13299600
2019-01-11,33.40448880788748,33.940780639285165,33.063210497170395,33.916404724121094,13330500
2019-01-14,33.39635028651349,33.77825602822717,33.30697092752451,33.57511520385742,11804200
2019-01-15,33.997649400072646,34.29017269094045,33.664498563180544,33.900142669677734,9398400
2019-01-16,33.7213750665838,33.91639161155221,33.477606710135426,33.51823425292969,12481600
2019-01-17,33.225711730732094,33.91639237246111,32.9331884565582,33.61574172973633,13889800
2019-01-18,35.630898345575936,36.51659243873405,34.94022080215076,36.34595489501953,26638600
2019-01-22,35.66341574862158,35.9721907831528,35.200254746666815,35.72029495239258,21523500
2019-01-23,35.80154210732141,35.9071731104312,34.704579731432574,35.19211959838867,13765800
2019-01-24,35.33837686334624,36.06155765492384,35.09460541027636,35.39525604248047,10990900
2019-01-25,35.752786254882814,36.60597712511954,35.736534616441354,36.56534957885742,15921400
2019-01-28,35.97217940559676,36.19969614872001,35.56589773591487,35.94780349731445,11225300
2019-01-29,36.30532801369952,36.43533801599949,35.62277472670394,35.752784729003906,8097500
2019-01-30,35.89092053211061,36.60597712511954,35.704031339558426,36.56534957885742,7961500
2019-01-31,36.56535730193127,36.573481573026406,35.53340129055916,35.923431396484375,15458100
2019-02-01,36.077818493450714,36.5409794129206,35.91530518318257,36.20782852172851,8583700
2019-02-04,35.931542724944464,36.28094512002918,35.65527113580033,36.24031448364258,12786700
2019-02-05,36.24033403771026,36.78475324228097,36.06969643167272,36.67911911010742,10662700
2019-02-06,36.54097162710869,36.744112446739614,36.386582620392126,36.62222671508789,6945800
2019-02-07,36.31345947730725,36.45972114633306,34.858973257058345,35.31400680541992,12647300
2019-02-08,35.20024430640663,35.34650595834686,34.314550125072216,34.76145935058594,9173500
2019-02-11,34.51768799301893,35.541519468480644,34.50143635534842,35.50088882446289,9541800
2019-02-12,36.051612569674816,36.46259765936912,35.95297702610706,36.216007232666016,8981100
2019-02-13,36.30641696465878,37.09551062527499,36.22422121080379,36.51190948486328,11036100
2019-02-14,36.396836486364435,36.59411069793675,36.2653213905053,36.281761169433594,9671200
2019-02-15,36.684521580986576,37.07084534462071,36.5530065078324,36.94755172729492,8174900
2019-02-19,36.59411188102288,37.646232681911016,36.52835276318371,37.43252182006836,10039200
2019-02-20,37.27634183497976,38.09831191412434,37.27634183497976,37.72842788696289,8565600
2019-02-21,37.695556173067295,37.76953362100251,36.659871901974206,36.75851058959961,9527400
2019-02-22,37.05441641341811,37.10373261638219,36.32286033525523,36.46259689331055,5716500
2019-02-25,36.43793833644633,36.99687515498033,36.37217921922628,36.816043853759766,6033300
2019-02-26,36.824268663816795,37.11196014899289,36.380403951077334,36.421504974365234,5853200
2019-02-27,36.49546960015154,36.8078159455041,36.232439448503726,36.454368591308594,7442700
2019-02-28,36.54479342308102,36.61055254250446,35.6899436839807,36.216007232666016,8846900
2019-03-01,36.347516175012814,37.14482498168945,36.347516175012814,37.14482498168945,8811700
2019-03-04,37.34210919485142,37.53116197854634,36.63521426895092,37.185935974121094,6946300
2019-03-05,37.153051490594315,37.21058915037821,36.42149855714132,36.816043853759766,7391100
2019-03-06,36.58588725704698,36.750281901849426,35.50910844794666,35.648841857910156,9948900
2019-03-07,35.689947499726074,35.722827062953066,34.89263847266167,34.92551803588867,8086500
2019-03-08,34.300821393947196,34.3501407424069,33.60214786972523,33.93915557861328,12739200
2019-03-11,34.350140276351866,34.78578354068065,34.06244878425889,34.5885124206543,9494500
2019-03-12,34.646043758857374,35.27895802751933,34.62138252168608,35.00770950317383,8230600
2019-03-13,35.352935306809854,35.59130740645304,35.20498356229295,35.468013763427734,8822800
2019-03-14,35.468016699811386,35.75570502625537,35.385817795421964,35.418697357177734,7934400
2019-03-15,35.098127006892824,35.47623253385779,34.802217242983765,34.84331512451172,14144900
2019-03-18,35.098117331510515,35.878989407550684,34.90906462014357,35.64061737060547,13518800
2019-03-19,35.98586380656949,36.158479976949266,35.418705348373926,35.55022048950195,8834700
2019-03-20,35.53376657648225,36.65986472062081,35.410472944454156,36.40505599975586,9512500
2019-03-21,36.2571017079701,36.48725233319344,35.98585006918508,36.34751892089844,6168400
2019-03-22,35.96120151193865,36.14203598578042,34.77756537955015,34.909080505371094,7892200
2019-03-25,34.325479194945714,34.974836500497595,34.29260276516643,34.909080505371094,6390000
2019-03-26,35.27896147145123,35.93654017704466,35.1556678158282,35.38581848144531,6500500
2019-03-27,35.36938393120973,35.574876523207124,34.8433233973873,35.081695556640625,5254400
2019-03-28,34.925515522058596,35.903658940900016,34.794000414184396,35.854339599609375,7419800
2019-03-29,36.355747982939214,36.45438354637978,35.525559314142406,35.81324768066406,7984800
2019-04-01,36.15026112737538,36.9804530633456,35.93655018344783,36.79139709472656,9717800
2019-04-02,36.90646183693329,37.35854480270375,36.45437573559547,36.569454193115234,6899400
2019-04-03,36.81605019027756,36.84892975454658,35.66529052540435,35.82968521118164,7230600
2019-04-04,35.68172777506646,36.2571075666661,35.394039447050446,36.24888610839844,6670900
2019-04-05,36.5037001275341,37.43252742489955,36.380403330907896,36.98866271972656,9149600
2019-04-08,37.11195630276463,38.00790395870574,37.07085528373638,37.95036315917969,11421400
2019-04-09,37.69554749477538,37.84350235658356,37.169487157487154,37.46539688110352,7577500
2019-04-10,37.64623120983961,37.81062586244193,37.31744504020217,37.44073867797851,6148800
2019-04-11,37.44075566122215,37.73666554301853,36.914695042725754,37.24348449707031,5291400
2019-04-12,37.81062606659015,38.18051325305068,37.46540011627181,37.5229377746582,8667000
2019-04-15,37.448956952473665,38.492859301877346,37.19414510581756,38.13941192626953,11178400
2019-04-16,38.336695192076775,39.08468805724858,38.31203708587847,38.91207504272461,7654400
2019-04-17,39.29838995789642,39.42168358637351,38.73945006254608,38.969600677490234,8346300
2019-04-18,39.561426312895904,40.177903958360325,37.40786214713162,37.4489631652832,15721600
2019-04-22,37.514715367833126,37.95857998035046,37.16126796922493,37.68732833862305,7901000
2019-04-23,37.53938797544007,37.88461718600602,37.210601685285454,37.72022247314453,8539400
2019-04-24,37.58047569346108,37.65445313126582,36.36396026611328,36.36396026611328,8941800
2019-04-25,36.28998902605183,36.32286545413862,35.484455394353816,35.591312408447266,9404900
2019-04-26,35.30362406538924,35.73104898619529,34.90085724954024,35.591312408447266,8527500
2019-04-29,35.62419225722098,36.47082064691156,35.55021480619002,35.69816970825195,8927300
2019-04-30,36.05162084171378,36.0845004089697,34.8433233973873,35.081695556640625,12163700
2019-05-01,35.040585959587496,35.2542968042219,33.9802437865658,34.00490188598633,10523300
2019-05-02,33.68434405750672,34.152866899078354,33.429532124054354,33.79941940307617,9108300
2019-05-03,34.16106953238997,34.366562003537624,33.79118245721094,33.93091583251953,7184800
2019-05-06,33.56926666110331,34.10354860211282,33.45419132256411,33.89805603027344,6571600
2019-05-07,33.5035091454385,33.5035091454385,32.85415497020666,33.37199401855469,10438900
2019-05-08,33.30622338742724,33.37197935419058,32.81303952665255,33.100730895996094,9237900
2019-05-09,32.81303952665255,33.24868574067184,32.45959532611224,33.100730895996094,12928500
2019-05-10,32.7966132516038,32.97744456902745,31.769150469731095,32.51714324951172,12810800
2019-05-13,31.958200200890055,32.180132516900706,30.93073751689664,31.36638069152832,16732200
2019-05-14,31.63763555135572,32.85415111621842,31.5307785434326,32.05683898925781,12042900
2019-05-15,31.57187269977321,32.41850093382861,31.563654378088444,32.328086853027344,10558400
2019-05-16,32.541793000571246,32.8870189016008,32.443157476786624,32.76372528076172,7632500
2019-05-17,32.4678179648385,32.6733104836033,32.00751359400123,32.073272705078125,7252400
2019-05-20,31.91711041107461,32.188358997910676,31.777373820135736,32.155479431152344,5922600
2019-05-21,32.29520624400046,32.656871962135575,32.02395460372378,32.46781921386719,6716300
2019-05-22,32.188360644246664,32.27055642977849,31.243093432789554,31.514345169067383,7429900
2019-05-23,30.848536897704825,30.848536897704825,30.248499100037545,30.81566047668457,12398900
2019-05-24,30.947186752542223,31.152679352132633,30.35536706234003,30.412904739379883,7665200
2019-05-28,30.49509782652484,30.51975906847985,29.95259753703391,30.001916885375977,11869600
2019-05-29,29.59092717808352,29.81285950818724,29.147062517876073,29.738882064819336,10072100
2019-05-30,29.623801095316633,29.821072149672972,28.867587025439,28.916906356811523,11763600
2019-05-31,28.53879659047242,28.719627840463534,28.32508265561964,28.514135360717773,11445600
2019-06-03,28.76073545087075,29.30323559658285,28.629220359048645,29.171720504760746,9878700
2019-06-04,29.60524158713931,29.99708896373377,29.313442379275035,29.788660049438477,8021100
2019-06-05,29.85536473341834,29.888710949217483,28.921600722826128,29.130029678344727,9098900
2019-06-06,29.1216976091849,29.655275294056636,28.896593927059534,29.221742630004883,12356100
2019-06-07,29.521883419823578,30.13883465891733,29.355139583821956,29.680288314819336,12881200
2019-06-10,29.85536482903924,30.1971881899696,29.49686676996918,29.571901321411133,12121000
2019-06-11,30.088801140994935,30.86415703252136,29.84702281344946,30.58902931213379,12121500
2019-06-12,30.68074554354578,30.68074554354578,29.596915472188307,29.66361427307129,12258800
2019-06-13,30.163834341336084,30.814131570929792,29.94706647788951,30.672401428222656,14336200
2019-06-14,30.5723735094382,30.597387159714785,29.71364678548661,29.955425262451172,11571500
2019-06-17,29.82201548767956,30.622381917618704,29.755316694997894,30.564022064208984,7574600
2019-06-18,30.589037931489234,31.164303988807404,30.46398244365306,30.78913116455078,10127400
2019-06-19,30.93087089870748,30.95588454829311,30.27223749328637,30.43897819519043,10273200
2019-06-20,31.172646318089814,31.973013058246575,31.080937032793265,31.8896427154541,13067900
2019-06-21,31.98134990892324,32.439893125039035,31.74791042007328,32.41488265991211,16111400
2019-06-24,32.264799163808796,32.66498232979484,32.03135659837046,32.223114013671875,9348100
2019-06-25,32.16476821899414,32.298162665931216,31.76458169780843,32.16476821899414,7969100
2019-06-26,32.539932897685745,33.1402094065428,32.31482920686435,32.53159713745117,8362900
2019-06-27,32.66498063180688,32.806710770979635,32.38985293053327,32.60662078857422,6417500
2019-06-28,32.70667715828441,33.16522030622594,32.673327756157086,33.131874084472656,9742700
2019-07-01,33.69879394879383,33.873876698629616,32.73168366652256,32.781707763671875,13048500
2019-07-02,32.88176188778647,32.88176188778647,32.206453881225556,32.66499710083008,8732500
2019-07-03,32.631647924250096,32.94012199338371,32.43155783954839,32.9234504699707,4954500
2019-07-05,32.68166878382481,33.01515328527119,32.581623751428324,32.990142822265625,5885500
2019-07-08,32.87341138948256,33.431999400323846,32.74835275820936,33.256919860839844,10899100
2019-07-09,33.16522229152247,33.532059376134086,32.97346798837287,33.515384674072266,8699200
2019-07-10,33.857203791002135,34.0906432293032,33.59041495283698,33.86553955078125,7003300
2019-07-11,33.84887139499113,34.18235909735904,33.40700289267192,34.1573486328125,9695200
2019-07-12,34.27405897271554,34.51583733159065,33.93223560272345,34.02394485473633,6788100
2019-07-15,34.057307473620526,34.18236618302553,33.63211358631866,33.74049758911133,6903800
2019-07-16,33.640437127676776,33.982260538105656,33.24859279595885,33.40699768066406,9257000
2019-07-17,33.19857235560995,33.40700136496479,32.139752606442414,32.206451416015625,12523600
2019-07-18,31.839608507646673,32.33150100708008,31.64785423571483,32.33150100708008,13563000
2019-07-19,32.79837795549619,32.79837795549619,31.08926129243569,32.273136138916016,12811700
2019-07-22,32.61497322046253,33.14855102016649,32.19811516689699,32.9234504699707,10961200
2019-07-23,32.97346916649368,33.49037222738185,32.72335498737839,33.14021301269531,10610500
2019-07-24,33.04850177655325,33.92390294168135,32.99848085192397,33.6237678527832,10763300
2019-07-25,33.8405233871759,33.8405233871759,32.98179715784534,33.30694580078125,7701100
2019-07-26,33.265265663288616,33.60708905487986,33.081847147673,33.356971740722656,6731100
2019-07-29,33.34029917049541,33.348634929863465,32.22311977313004,32.689998626708984,6549500
2019-07-30,32.506586072383236,33.148544550859214,32.17309842246481,32.97346496582031,9256500
2019-07-31,33.073506357064495,33.85720129420828,32.77337132154247,33.32362365722656,10673300
2019-08-01,32.83174249750192,32.89010237289647,31.73957320870807,32.106407165527344,13280000
2019-08-02,32.106409319996054,32.28982790090115,31.005904195315253,31.19765853881836,8738200
2019-08-05,30.58903451575267,30.680743771482877,29.930401387130953,30.005435943603516,10771600
2019-08-06,30.12216142331884,30.33892619440894,28.938282992424952,29.563570022583008,11639900
2019-08-07,28.86324297240653,29.188391657842963,28.296315917665265,28.96329116821289,12162700
2019-08-08,29.130035083314468,29.371813479866756,28.64648147058395,29.355138778686523,10805500
2019-08-09,29.355135054520467,29.421833850779592,28.554768581652866,28.7882080078125,7866600
2019-08-12,28.65481769932625,28.788212130574276,28.363018374838106,28.571447372436523,8030000
2019-08-13,28.429699179941657,29.813666875321196,28.22960922756308,28.871570587158203,11075400
2019-08-14,28.154583803494305,28.18793319979768,26.845650212134913,26.96236991882324,12761500
2019-08-15,26.762279049044395,26.803967388236224,25.936902091175757,26.387107849121097,20155700
2019-08-16,26.37876782896759,27.329203347450544,26.345420023326344,27.27918243408203,13561300
2019-08-19,27.954496339399725,28.613132739794327,27.87946177251459,28.42971420288086,11073600
2019-08-20,28.18792780417556,28.488062772334835,27.962824192776445,28.262962341308594,7770100
2019-08-21,28.546435026403508,28.70483990918904,28.02952885660544,28.087888717651367,6427200
2019-08-22,28.31298981686345,28.654813191941287,28.071211454391086,28.10456085205078,6975600
2019-08-23,27.63768055280439,27.787749654007055,26.595534193362205,26.703916549682617,13952100
2019-08-26,27.104108723180108,27.212492705531503,26.128662423141055,26.33709144592285,11611200
2019-08-27,26.62054834586056,26.68724396257405,25.970249385942125,26.053621292114254,10000600
2019-08-28,26.162014933457986,26.76229005429389,25.870215521363296,26.36210823059082,11557000
2019-08-29,26.653902636383737,27.254177644472257,26.54552024513241,26.895679473876953,12614300
2019-08-30,27.0957686914871,27.61267169601998,26.78729467688873,27.03740882873535,12443800
2019-09-03,26.402327275508956,26.97813197175576,26.34305354767554,26.859582901000977,9366900
2019-09-04,27.33377692204293,28.307565223068,27.045876161798276,27.926517486572266,11018400
2019-09-05,28.25676336216488,29.467646836079737,28.180553799814408,28.84103775024414,12117900
2019-09-06,28.62087153651248,29.196676324042937,28.16361422344245,28.95958137512207,11976700
2019-09-09,29.21361004612067,30.873281030020312,29.069660474638845,30.678524017333984,13461600
2019-09-10,31.3728803817415,32.507554210738604,31.18659286635577,31.720056533813477,19638200
2019-09-11,31.872469918756703,32.880129792082805,31.398280077357157,31.601503372192383,17918600
2019-09-12,30.932559023528786,31.38135007387611,30.06038549220034,31.245866775512695,13089500
2019-09-13,31.694647832213597,32.24505043133633,31.161181045544357,31.60997200012207,8453300
2019-09-16,33.89625612253974,34.08254685328244,32.888599378436616,33.286582946777344,22533100
2019-09-17,32.95633701155941,32.998678160142816,31.762389623487888,32.321258544921875,13493400
2019-09-18,31.86400641494676,32.54988913273896,31.78779686517248,32.20271301269531,6949000
2019-09-19,32.600697076351636,32.66844033504689,31.87247319625946,31.974084854125977,6234900
2019-09-20,32.075693041396626,32.21964259078772,31.474483051689273,31.584564208984375,17917800
2019-09-23,31.169650566859076,31.753921560712858,30.991826151185368,31.60997200012207,5849400
2019-09-24,31.440619584278775,31.516829131239252,29.992638192029805,30.111188888549805,12212700
2019-09-25,29.891017972263043,30.102710738681584,29.493037767915368,29.84021377563477,11344800
2019-09-26,29.636996333517185,29.72167217382816,29.035789468850993,29.247482299804688,12359300
2019-09-27,29.01038703111315,29.577725554444843,28.883373257956443,29.069664001464844,9969900
2019-09-30,28.91724100064856,29.188207556487615,28.629338631297543,28.934173583984375,9583500
2019-10-01,29.095058850780713,29.272880026939287,27.664013460290693,27.68941879272461,12617900
2019-10-02,27.63861350613581,27.731758861889404,26.800310149617506,26.893455505371097,13468900
2019-10-03,26.749503116989885,27.35917943241899,26.63942195333166,27.13901710510254,11557200
2019-10-04,27.164424112935677,27.443856954615967,26.8341822166909,26.995067596435547,10554400
2019-10-07,27.18982646346392,27.621678397302727,26.918859910824647,26.927326202392575,15854500
2019-10-08,26.664821245186246,26.9781272569499,25.95353340531689,26.00433921813965,16807100
2019-10-09,26.199101420657744,26.3853905035136,26.01281072271399,26.16522979736328,12176900
2019-10-10,26.258381104043774,26.580153522907963,26.004348716962124,26.309186935424805,12784900
2019-10-11,26.67329821689913,27.875712014604815,26.478541188968343,27.50313377380371,12652600
2019-10-14,27.08821458290021,27.799504242557603,26.876521750947173,27.579341888427734,9294400
2019-10-15,27.49466937707693,28.37530920970526,27.40152400291032,27.78257179260254,8943600
2019-10-16,27.774100461468606,28.00272912040155,27.054346084594727,27.054346084594727,22004600
2019-10-17,27.282974230772343,27.35918378231771,26.901926473045503,27.003538131713867,15730800
2019-10-18,27.25756747423419,28.11280831151028,27.172891634782165,27.35918235778809,17218300
2019-10-21,27.282972685084136,28.620869677312307,27.282972685084136,28.44304847717285,16441100
2019-10-22,28.586998414609397,29.797881663702356,28.33296766399873,29.48457717895508,17598700
2019-10-23,29.27287223547148,30.187386435460677,28.976503687424,29.916419982910156,12862300
2019-10-24,29.975703213739028,30.07731485817678,29.02731709840024,29.730138778686523,11551700
2019-10-25,29.636999595483378,29.899499897621233,29.289823443714777,29.71320915222168,12385700
2019-10-28,29.967233206249897,30.111185994529183,29.47610757428876,29.653928756713867,12727500
2019-10-29,29.42530919715921,29.645468362680273,28.959585524966165,29.45918083190918,10309100
2019-10-30,29.34908801634985,29.425297549281627,27.943448032411332,28.02812385559082,13940300
2019-10-31,28.04506398216526,28.04506398216526,27.393049706781653,27.680952072143555,10079200
2019-11-01,27.98579200965319,29.239013199351817,27.91805198246271,29.162803649902344,11094400
2019-11-04,29.552315325850344,30.8732762927126,29.450700459033484,30.686988830566406,14206000
2019-11-05,30.847882251194456,31.389815428447445,30.839412728325577,31.093446731567383,15720300
2019-11-06,30.991828594322133,31.09344347705356,29.91643187524553,30.111188888549805,10647900
2019-11-07,30.60230451493504,31.144237457440955,30.331338043682084,30.55150032043457,8832400
2019-11-08,30.2805292184364,30.915607461718977,29.653920493962243,30.771657943725582,8382200
2019-11-11,30.27206762040734,30.90714596209421,29.89948948948089,30.83093643188477,8804100
2019-11-12,30.907151203815665,31.499891735951447,30.509167675206093,30.66158676147461,11652100
2019-11-13,30.48377637400979,30.534583830830258,29.620068989124917,29.66240692138672,9728100
2019-11-14,29.603132323296265,29.933372707738815,29.213618189347464,29.39143943786621,14068000
2019-11-15,29.586185987950543,30.246669752233053,29.57771969682074,29.941831588745117,9017400
2019-11-18,29.620053229276216,29.63698903920539,28.908765363128268,29.374488830566406,11671500
2019-11-19,29.230547957316663,29.36603124674087,28.82409808904404,29.05272674560547,10174100
2019-11-20,29.095058501494172,30.678519716699377,28.908767806702127,30.602310180664062,15805500
2019-11-21,30.83941694775557,31.262802704183915,30.517646098597453,31.008771896362305,11451700
2019-11-22,31.076510916021256,31.406751244023923,30.686996848642547,31.000301361083984,7515000
2019-11-25,30.73779355784745,31.499888921088388,30.509164948875167,31.398277282714844,8711700
2019-11-26,31.313607811829073,31.516834380966976,30.670062931549715,30.81401252746582,9578300
2019-11-27,30.830951600400702,31.279739482335692,30.593856603178757,31.13578987121582,6538200
2019-11-29,30.72086006152217,30.890214958357692,30.416021893253433,30.653120040893555,5445400
2019-12-02,30.864820018129475,31.347479486521745,30.763208348514453,30.788610458374023,8583000
2019-12-03,30.187609401438586,30.38508199454643,29.638119877100937,30.04165267944336,10351800
2019-12-04,30.4623460791064,31.217895612160873,30.29062982951924,31.071935653686523,9780100
2019-12-05,31.252242213389454,31.312342414647812,30.53103652307384,30.78002166748047,6836700
2019-12-06,30.960323186478913,31.793141601240023,30.91739166723946,31.672941207885746,8525400
2019-12-09,31.37244475973853,32.16233504466276,31.37244475973853,31.904762268066406,8713500
2019-12-10,31.964870588171586,32.1795151690284,31.518409466963433,32.0593147277832,9497000
2019-12-11,32.19667321655459,33.05525116899605,32.17950126447997,32.96939468383789,15742800
2019-12-12,32.98657012321358,34.034036488000105,32.909301235859466,33.544647216796875,13609000
2019-12-13,33.78503614632885,33.922408467493746,33.09817454050435,33.484535217285156,11981100
2019-12-16,33.5789878081192,34.20574938690062,33.5789878081192,33.82797622680664,12149000
2019-12-17,33.91383762614071,34.2744388844923,33.742121337547474,33.879493713378906,9658500
2019-12-18,33.6562597579152,34.343121533543,33.45878720212316,34.01686096191406,9204400
2019-12-19,33.99109450031903,34.197154608971665,33.896650420320505,34.00826644897461,7048600
2019-12-20,34.28301050220085,34.31735439893615,33.63907717687809,33.853721618652344,13465800
2019-12-23,33.86231070884337,35.107249300942215,33.85372637106159,35.021392822265625,9911300
2019-12-24,34.978463850703015,35.14159246685956,34.64361573035856,34.90119171142578,3860400
2019-12-26,35.08150244471126,35.09867440010653,34.28302453251708,34.40322494506836,7629700
2019-12-27,34.45474046097515,34.66938498841046,34.197167683095905,34.34312438964844,6769100
2019-12-30,34.351705769948104,34.98705495751051,34.34312143068516,34.686553955078125,8155800
2019-12-31,34.35170344576971,34.53200731024537,33.93958640951047,34.514835357666016,10649000
2020-01-02,34.78957125903135,34.96128746622625,34.411798223373964,34.48906707763672,9147400
2020-01-03,35.201694304881016,35.321894688229165,34.343116395005865,34.82392120361328,9752000
2020-01-06,34.86685667518247,35.27038942458212,34.5062521751366,35.047157287597656,15534100
2020-01-07,34.798171611457825,34.866859436035156,34.11130974176321,34.866859436035156,10971700
2020-01-08,34.5835212484544,34.72089359925919,33.750702804607,33.8365592956543,11327600
2020-01-09,33.93099524997937,34.420384336860586,33.25271799791087,34.2229118347168,12186000
2020-01-10,34.1113028647619,34.420391462614674,33.92241466047074,34.19716262817383,8089700
2020-01-13,34.19715161008926,34.205735946057096,33.45877425872214,33.682003021240234,11665600
2020-01-14,33.46736564190462,33.93958282470703,32.960804557571024,33.93958282470703,13958700
2020-01-15,33.65625602179332,33.79362836166942,32.74616222310484,32.90929412841797,13737700
2020-01-16,33.11535749423244,33.424446138366754,32.92646926165801,33.295658111572266,11771100
2020-01-17,33.493119502310016,34.31735670323073,32.780501610881025,32.94363021850586,17644600
2020-01-21,32.30828618641334,32.39414266338396,31.672937121100944,31.72445297241211,16710200
2020-01-22,31.59566223804098,31.61283418698686,31.106273156333735,31.49263381958008,12796800
2020-01-23,30.968907466498656,31.36385255111844,30.539618476638445,31.277996063232425,11844000
2020-01-24,31.097696899497663,31.097696899497663,30.35073166473467,30.711336135864254,10408600
2020-01-27,29.66386391646076,29.826995803295205,29.080030719317037,29.157302856445312,17360600
2020-01-28,29.3805349304668,29.389119267830132,28.75377349607727,29.157302856445312,10938000
2020-01-29,29.44921648379393,29.73254871641618,28.951243086598467,28.959827423095703,9003800
2020-01-30,28.453278218262987,29.260343742818577,28.33307780615018,29.22599983215332,10489600
2020-01-31,28.753772106742534,29.07144497726954,28.48761180833567,28.77094078063965,16887900
2020-02-03,28.710849667167334,28.93408180092984,28.49620514828094,28.7280216217041,9202500
2020-02-04,29.38911562393319,29.818404493593704,29.14871490499183,29.25174331665039,12373600
2020-02-05,29.852755942393333,30.61688979969161,29.818412038079593,30.110328674316406,11399900
2020-02-06,30.239117077325805,30.239117077325805,29.552252082837892,29.62952423095703,7980300
2020-02-07,29.191654412791493,29.844172305629694,29.08862596133608,29.552255630493164,8582100
2020-02-10,29.294684408714797,29.509328937772352,29.028527288821405,29.492156982421875,7197400
2020-02-11,29.753533381348426,29.927782740347205,29.50957829628187,29.87550926208496,8825600
2020-02-12,30.685778435200483,30.825179903036545,30.00619337135567,30.537662506103516,9094900
2020-02-13,30.354706620196048,30.51153372786616,29.596711148853192,30.20659065246582,11718000
2020-02-14,30.32856953177848,30.380843018011195,29.744823454625937,29.9887752532959,7904500
2020-02-18,29.535720463890083,29.61413401046512,28.64703471057088,29.31790542602539,11792800
2020-02-19,29.518292758387897,29.91907160183466,29.309188874558487,29.87550926208496,6592300
2020-02-20,30.049761046821544,30.24143600071185,29.43116387592239,29.474729537963867,7836000
2020-02-21,29.161073933180177,29.230773006512255,28.638315927020116,29.091371536254883,7246300
2020-02-24,27.78448124721833,27.87160758076609,26.843520500855053,26.94807243347168,16714900
2020-02-25,27.000347626473513,27.052622761995035,25.45821700331759,25.562768936157227,18709700
2020-02-26,25.780581903865222,25.91127056324768,24.726356506347656,24.726356506347656,19240700
2020-02-27,23.985790586656336,24.639235646275193,23.367195066082857,23.384620666503903,23765700
2020-02-28,22.4872207305292,23.66342209405371,22.17356825224018,23.602434158325195,26830600
2020-03-02,24.09033708371119,24.21231460571289,22.800872767324105,24.21231460571289,23253000
2020-03-03,24.06420225961636,24.316866798930487,22.88800091120437,23.35848045349121,22020400
2020-03-04,23.7069806287204,23.855094875364436,22.879284736600724,23.59371757507324,16155900
2020-03-05,22.766025572646154,22.8705775153354,21.99060461913927,22.504648208618164,15754600
2020-03-06,21.676949244853652,21.920902656335674,20.492036710590007,20.779552459716797,23793200
2020-03-09,15.59555507689146,15.59555507689146,11.247967483448882,15.08151149749756,86148000
2020-03-10,16.675916878249122,16.754330415942185,14.924683972765164,15.848220825195312,40409000
2020-03-11,15.090224782605596,15.804657804233372,14.85498415495837,15.142499923706056,33291900
2020-03-12,13.609081919325211,14.541330740441412,12.554857222643058,12.563570022583008,47922900
2020-03-13,13.696208133182356,14.088274987056051,12.476443572255118,14.079562187194824,29182100
2020-03-16,12.21506636450422,13.975012073653502,11.552908523582806,12.55485725402832,24971100
2020-03-17,12.668121792390982,12.685547393183176,11.422219586293975,12.197641372680664,25536500
2020-03-18,11.32638288115849,11.953690473381924,10.35928433427534,10.498685836791992,28198200
2020-03-19,10.603233635753066,12.44159182727747,10.34185548512113,12.084375381469728,25449300
2020-03-20,12.459020679861544,12.702973296428922,11.413508635102897,12.441595077514648,32875200
2020-03-23,12.345755140903808,12.572282956364033,10.97787710990644,11.178266525268556,24393500
2020-03-24,11.79686149155719,13.0079133061505,11.762011121470248,12.763959884643556,25812600
2020-03-25,13.06018886063386,13.826897857796205,11.831712237428851,12.72039794921875,24201200
2020-03-26,12.641981806160114,13.626505628515822,12.52871791535124,13.521954536437988,22180200
2020-03-27,12.668121362848984,12.807522840866293,11.971113141864093,11.98853874206543,21794500
2020-03-30,11.631322250660904,11.927549976093744,11.28281772460724,11.57033348083496,25981500
2020-03-31,12.09308854116074,12.101801340318003,11.587757822615115,11.753296852111816,25754200
2020-04-01,11.404796883664057,11.491922410722497,10.603237381694646,10.96916675567627,25393800
2020-04-02,11.413509225131843,13.060190510711,11.2828196934694,12.09309196472168,33976500
2020-04-03,12.615845947084535,12.720397891086572,12.005964038530715,12.45030689239502,24822900
2020-04-06,13.03405043957909,13.78333378680964,12.659408350514648,13.652645111083984,24572200
2020-04-07,14.750435714640808,15.42130647942247,14.157978502199704,14.349655151367188,29091500
2020-04-08,14.724295331171117,15.151212579988046,14.314803683154084,15.055375099182127,16039000
2020-04-09,16.013762030066594,16.205440341031057,13.83561232216513,14.349655151367188,25065500
2020-04-13,14.480343996548772,14.654595024324578,13.678783784850609,13.896598815917969,16740700
2020-04-14,13.940160680007835,14.332228363851716,13.460967490452903,13.53938102722168,20214400
2020-04-15,12.78138593787384,13.051476107890071,12.215067196176532,12.833661079406738,22681400
2020-04-16,12.75524784073093,12.885936520068384,12.16279072181797,12.241204261779783,18242900
2020-04-17,12.824949551538973,13.41740588441143,12.371893877855728,13.312854766845703,33939700
2020-04-20,12.258627749151389,13.713631993669791,12.206352615243167,13.251864433288574,21290600
2020-04-21,12.92949951363969,13.609082132534168,12.520007049928376,12.798810005187988,22926600
2020-04-22,13.469678656184938,13.975010183956092,13.016623090217085,13.365127563476562,20596000
2020-04-23,13.809473674969285,14.680733822768016,13.72234732783004,14.393218040466309,20619600
2020-04-24,14.680733501281065,15.159925907358003,13.922736458104598,14.036001205444336,22709600
2020-04-27,13.72234347321904,14.279949279403576,13.225725594361393,13.983720779418944,17717100
2020-04-28,14.288664430265516,14.515192241771508,13.85303440701476,14.070849418640137,18234000
2020-04-29,14.767859418117611,15.900496887877878,14.611032333609964,15.856934547424316,19406700
2020-04-30,15.90049557896537,15.90049557896537,14.52390479531311,14.654593467712402,25829800
2020-05-01,14.218964287218922,14.50648004810766,13.513244085364152,13.722346305847168,18752100
2020-05-04,13.295431629231445,14.166691880202332,13.164742093046694,14.14055347442627,23079600
2020-05-05,14.78528180731306,15.098935943448696,14.044712126454172,14.15797519683838,15936300
2020-05-06,14.14926306726743,14.42806601845746,13.77462180933041,13.783333778381348,8990700
2020-05-07,14.210253024529315,14.854985356228095,14.192829083951334,14.57618236541748,14609800
2020-05-08,14.915970770704783,15.769805105443968,14.889832374491624,15.726241111755373,16418000
2020-05-11,15.421303896883432,15.630406114175148,14.90726032286754,15.125075340270996,12661300
2020-05-12,15.247053855462951,15.525856860075328,14.724297390916252,14.88112449645996,14169600
2020-05-13,14.698159761342984,14.776571647588463,13.722347642258422,13.809473991394045,15827300
2020-05-14,13.504532944234224,14.40193153813023,13.190879574975456,14.027289390563965,13323200
2020-05-15,13.9227363869945,14.384504851104156,13.792047700713445,13.896598815917969,10347800
2020-05-18,14.846277132620706,15.761099833612256,14.811425921026206,15.639123916625977,22646700
2020-05-19,15.517141969824758,15.560705972054777,14.854984092099368,14.90726089477539,12776600
2020-05-20,15.22091314277104,15.90049660982118,15.072798861303577,15.865645408630373,14142800
2020-05-21,15.874358153105687,16.118311575193275,15.281902691115947,15.499717712402344,17533800
2020-05-22,15.30803486773496,15.438723509197189,14.88983055033733,15.316747665405272,9974700
2020-05-26,15.952769711932165,16.26642383539491,15.830793846939551,16.03118324279785,11760900
2020-05-27,16.458102183909148,16.789181940982214,15.848221132232334,16.597503662109375,13778600
2020-05-28,16.675913208971142,16.867591441954637,16.240283278439637,16.370973587036133,10372900
2020-05-29,16.161871445020775,16.318698502269562,15.499715343875964,16.09217071533203,21018100
2020-06-01,16.12702611099993,16.43196750597706,15.891785463863553,16.05732536315918,10251700
2020-06-02,16.228381933303076,16.70207604689827,16.193292736824183,16.544178009033203,16286900
2020-06-03,16.956464257388436,17.2898032233899,16.7459341199436,17.202083587646484,13986600
2020-06-04,17.219620481076504,18.079286999375977,16.982775205103184,17.833667755126953,20361300
2020-06-05,19.588092123847588,20.254771682662916,18.921412565032263,19.289840698242188,26486400
2020-06-08,20.500386518217827,20.82495309256863,19.77230270841752,20.746004104614254,21082500
2020-06-09,19.78984674620169,20.070553531189113,19.0442183028636,19.74598693847656,17914700
2020-06-10,19.281068681960573,19.35124539058898,18.368771469791277,18.386314392089844,16602500
2020-06-11,16.77225253381605,17.298577088531225,16.184521886115483,16.237154006958008,19638300
2020-06-12,17.166993827145475,17.3862962555416,16.17574758697868,16.66698455810547,14646700
2020-06-15,15.772228068803026,17.202080641285818,15.535381077315272,16.947689056396484,12742000
2020-06-16,18.052970942349504,18.13191992901129,16.816105715507263,17.149444580078125,17831200
2020-06-17,17.114360395921338,17.57928211067915,16.903830281637976,17.39506721496582,15816600
2020-06-18,16.938918076203063,17.745951030809266,16.8336538539014,17.702091217041016,15867700
2020-06-19,18.368769737928176,18.38631265857274,17.06172761724052,17.2898006439209,22249100
2020-06-22,17.08804577283503,17.544195250913546,16.982781538290663,17.38629722595215,9110100
2020-06-23,17.517875704791432,17.658229111708007,17.052955671809507,17.1669921875,18440100
2020-06-24,16.74593197454759,16.842425569276887,15.65819223386538,15.666964530944824,17967800
2020-06-25,15.47398259356687,16.30733269437395,15.351173739060831,16.158206939697266,18885600
2020-06-26,15.94767320948102,15.956445507586109,15.17572770768141,15.298538208007812,18480300
2020-06-29,15.46519963550074,16.044159328242543,15.31607398359561,15.798540115356444,14061300
2020-06-30,15.596790603966731,16.237153346461074,15.43012027607612,16.131887435913086,18613000
2020-07-01,16.22838027775604,16.47399960861637,15.52661315121911,15.544156074523926,13923300
2020-07-02,15.947669866326084,16.21960435799818,15.702050590307923,15.77222728729248,10301000
2020-07-06,16.202063994225465,16.605581362063532,16.06171056362393,16.447683334350586,11469600
2020-07-07,16.34241327890485,16.34241327890485,15.912580797589143,15.947669982910156,9742500
2020-07-08,15.965218282224274,16.324874149543906,15.737143544118805,15.85118007659912,10031300
2020-07-09,15.789773983073031,16.00030410206998,14.99151332111369,15.02660083770752,12015300
2020-07-10,14.991513801467308,15.631876476411083,14.877475604307904,15.605561256408691,9806200
2020-07-13,15.781000451101336,15.789772747849709,15.219586844361816,15.245902061462402,10945400
2020-07-14,15.149413412141335,16.17574892911845,15.017832278815016,16.131887435913086,13525000
2020-07-15,16.66698499542287,16.903832025859945,16.27223994469441,16.57926368713379,13852400
2020-07-16,16.45645259307093,16.859968213226736,16.254694782993028,16.509084701538086,9806100
2020-07-17,16.63189267464981,16.824879851216863,16.184517265494947,16.333642959594727,8818600
2020-07-20,16.316092636646463,16.62311621351751,16.13187782126628,16.175739288330078,13673700
2020-07-21,16.54417453982341,17.474016300647378,16.45645324016576,17.158220291137695,18805000
2020-07-22,16.93014329924721,17.06172606756976,16.58803211715513,16.81610679626465,12653600
2020-07-23,16.649438448549233,16.982779046365817,16.47399752566988,16.930145263671875,13233200
2020-07-24,17.105593534988785,17.245946989116568,16.579267245437023,17.088048934936523,16738200
2020-07-27,17.28102763885684,17.30734285276975,16.789789119321075,17.26348304748535,15020100
2020-07-28,17.096814392481804,17.193307981005457,16.658209605584442,16.79856300354004,14551100
2020-07-29,16.754706489072564,17.08804545648511,16.623125361755633,17.044185638427734,7444900
2020-07-30,16.71083580135733,16.8073293557538,15.965209265855504,16.175739288330078,15563300
2020-07-31,15.886270035260427,16.281013441916514,15.719599704550571,15.912585258483888,15338900
2020-08-03,15.877492947473469,16.640664307373086,15.67573515560524,16.421361923217773,9618800
2020-08-04,16.38627918020299,16.98278210639118,16.31610246377761,16.868743896484375,10141800
2020-08-05,17.245944252166037,17.500335893116127,16.991554284360834,17.1055908203125,9127500
2020-08-06,17.061727240362224,17.27225734174761,16.851195465832323,16.947689056396484,6751100
2020-08-07,16.833652549613618,17.237168159079616,16.684526851953464,17.219623565673828,7084800
2020-08-10,17.15821686796091,17.886300665516032,17.08804017686443,17.73717498779297,11555800
2020-08-11,18.298594507470312,18.658250343347703,17.710863953426458,17.807355880737305,12373700
2020-08-12,18.123153329766023,18.210874639533504,17.377524706459663,17.8599910736084,14560900
2020-08-13,17.7985848324682,17.7985848324682,17.307346217432396,17.430156707763672,8551500
2020-08-14,17.254716772905198,17.693321671379508,17.184540056075104,17.605600357055664,7290300
2020-08-17,17.50033305406414,17.75472298060006,17.42138405231119,17.55296516418457,8658100
2020-08-18,17.421381010061022,17.675770892173503,17.26348303412843,17.342432022094727,7845500
2020-08-19,17.316117133666097,17.65822833890995,17.219623543204698,17.298572540283203,8055100
2020-08-20,17.009094255448943,17.17576455426788,16.465225219726562,16.465225219726562,10240700
2020-08-21,16.272240386349697,16.403823188927085,16.11434403491754,16.29855728149414,8913900
2020-08-24,16.421360782198335,17.307342553401696,16.377500977672586,17.149444580078125,8702700
2020-08-25,17.517873734886656,17.526646030975563,16.763474675829254,16.895055770874023,11012500
2020-08-26,16.868745216881276,16.903834414413016,16.351191265303346,16.37750816345215,7982000
2020-08-27,16.447683673075968,16.552949584767415,16.175749104828352,16.403823852539062,8549000
2020-08-28,16.49153925743206,17.070497440155783,16.465224041127463,17.035409927368164,12613700
2020-08-31,17.105589002996474,17.140678193804387,16.61435204369863,16.675756454467773,13596300
2020-09-01,16.35345571026121,16.70666175151776,16.300473540908285,16.450586318969727,9446800
2020-09-02,16.362285594682767,16.591869935859478,16.212172820998735,16.574209213256836,10875100
2020-09-03,16.574210516012993,17.27179227145614,16.48590858027834,16.88326644897461,16863200
2020-09-04,17.086360191016155,17.3777554079821,16.680171949179737,17.05103874206543,15384300
2020-09-08,16.689000373275167,16.794963023602207,15.832475546323415,16.22983169555664,15677400
2020-09-09,16.31813506365658,16.54771942277838,16.221004450188413,16.43292808532715,9925300
2020-09-10,16.468248701404328,16.468248701404328,15.576402304733348,15.638213157653809,16190800
2020-09-11,15.682359157844136,15.867791647882228,15.443944512750472,15.779491424560549,8634200
2020-09-14,15.797159626916002,16.079724547663155,15.57640557205482,15.920783042907717,9913100
2020-09-15,15.95609741380907,16.291644406758653,15.867795484916064,16.070890426635742,10611400
2020-09-16,16.371117180158972,17.121679420484348,16.088550650045,16.936246871948242,14177400
2020-09-17,16.6095276685588,16.892092471111653,16.291643107796382,16.847942352294922,11677400
2020-09-18,16.591869189349904,17.07752724953711,16.353454497598747,16.53888702392578,19118700
2020-09-21,15.98259342859746,16.06206502069735,15.09074687164739,15.249690055847168,16106800
2020-09-22,15.373307874222702,15.66470307640918,15.1613842439252,15.302666664123535,8862700
2020-09-23,15.258514652029096,15.558740178869716,14.649233237650291,14.66689395904541,10684200
2020-09-24,14.428478987555748,15.081910508282109,14.066442627210318,14.675724029541016,17772300
2020-09-25,14.37550354072461,14.490294899267028,13.969315235579868,14.0576171875,16290200
2020-09-28,14.446138416712314,14.878815938328753,14.357836503598593,14.525609970092772,11912400
2020-09-29,14.437310175106784,14.481460296031546,13.660256088874956,13.77504825592041,15827200
2020-09-30,13.960481952141873,14.14591532751752,13.616105442984358,13.739727973937988,15527200
2020-10-01,13.563122447112738,13.713235201170708,13.13927526537929,13.254067420959473,17901600
2020-10-02,12.865542988629231,13.88984142488695,12.82139286184305,13.74855899810791,14625800
2020-10-05,13.925160349107172,14.243044909618929,13.801537827033012,14.190064430236816,12192000
2020-10-06,14.516781373459036,14.6227423346896,13.810368509082007,13.836858749389648,13187300
2020-10-07,13.881011269294447,14.15474659022894,13.757388730467635,14.084104537963867,10374000
2020-10-08,14.234219146053402,14.516784006206024,14.075275149052988,14.507953643798828,10855600
2020-10-09,14.640404337560769,14.658065060717815,14.172405279214532,14.331348419189451,11704100
2020-10-12,14.154746074680071,14.304858851320295,13.916331367506912,14.234217643737791,12381400
2020-10-13,14.092935194741976,14.25187749986369,13.704408530754858,13.889841079711914,14015000
2020-10-14,13.907501512575315,14.578593851161456,13.898671150778478,14.084104537963867,15875200
2020-10-15,13.907499094822525,14.516780479129404,13.730896100135569,14.499119758605955,15709600
2020-10-16,13.792710073759732,14.3578406273597,13.15693830622348,13.21875,39866400
2020-10-19,13.386519454723802,13.633763644068312,13.165765503710258,13.254067420959473,18285500
2020-10-20,13.45716254472696,13.81919894058008,13.404182060612149,13.677916526794434,20802200
2020-10-21,13.563122447112738,13.766216519942136,13.227576340519011,13.254067420959473,18537500
2020-10-22,13.298219668620185,13.616105085733851,13.165766779907308,13.510143280029297,15937500
2020-10-23,13.651425307416783,13.933990114758958,13.395350740235552,13.598443984985352,13862100
2020-10-26,13.377691639932502,13.47482393580977,13.1216170417182,13.395352363586426,17382400
2020-10-27,13.342370727084331,13.448332540235626,13.024485287630446,13.324710845947266,14749700
2020-10-28,12.803730668927866,13.024484645978346,12.494674764213356,12.52116584777832,18198000
2020-10-29,12.273921659723836,12.794901217337276,12.097318633950549,12.759580612182615,16151800
2020-10-30,12.724256905393093,13.209915739468824,12.6447853526395,13.192255020141602,17496700
2020-11-02,13.351199828137451,13.951650888078754,13.050974298166802,13.757387161254885,18490900
2020-11-03,14.057612742232754,14.172404064476112,13.739727331638989,13.916330337524414,13028200
2020-11-04,13.863347160295788,14.304855879115989,13.307047134587105,14.101761817932127,17689400
2020-11-05,14.039950074551156,14.243043292641822,13.6867441117372,13.704404830932615,15004600
2020-11-06,13.677917550315192,13.978143123130424,13.368862457559851,13.43950366973877,10324200
2020-11-09,15.02892891741286,16.5653761661273,14.949457362805308,16.11503791809082,31835600
2020-11-10,16.574208427931634,16.697830111854216,15.894285797919167,16.168020248413086,19098500
2020-11-11,16.33579663311485,16.344626995563402,15.364478658626297,15.638213157653809,16402100
2020-11-12,15.320327307680827,15.788324690561092,15.152553802989395,15.276175498962402,10762200
2020-11-13,15.399798648664728,15.991419402882457,15.382137925441688,15.894287109375,9321400
2020-11-16,16.680169069449533,17.70446733311029,16.3887739027912,17.69563865661621,23092800
2020-11-17,17.165829951766696,17.748620324072487,17.01571717803828,17.739789962768555,13972500
2020-11-18,17.81926142734557,18.163637095113437,17.589677087427255,17.633827209472656,15408300
2020-11-19,17.386588105398875,18.101830700520892,17.262964701686958,18.066509246826172,11924300
2020-11-20,17.978208386166056,18.10183010156797,17.64266132404721,17.845754623413086,10300900
2020-11-23,18.1901277735015,19.117293789546387,18.057675726097823,19.081974029541016,14791600
2020-11-24,19.814876421845103,19.867856902002433,19.35570776923069,19.62944221496582,20774100
2020-11-25,19.18793374392973,19.700082862291406,19.126122904782132,19.514650344848633,12188700
2020-11-27,19.39986228163532,19.523485675621615,19.170277903340175,19.320390701293945,6550900
2020-11-30,19.391027563453303,19.408688284944464,18.349070258761255,18.357900619506836,21516100
2020-12-01,18.984190003771246,19.17074416210931,18.540011499835067,18.717681884765625,12717300
2020-12-02,18.61108154070926,19.606040523416716,18.540013041944444,19.22404670715332,9741900
2020-12-03,19.410603002290216,19.934733827609858,19.312883178937053,19.606040954589844,12517400
2020-12-04,20.041336917715498,20.876393116822292,19.9525008634434,20.83197593688965,16201300
2020-12-07,20.698725851635395,20.75202851331518,20.174594872634536,20.28119850158691,10067500
2020-12-08,19.988039043583285,20.6987241984812,19.93473808056771,20.636539459228516,8064600
2020-12-09,20.698721700675616,21.13401821172939,20.40556389785598,20.760908126831055,15063300
2020-12-10,19.96138389756151,21.222851077074232,19.73929461732622,20.76978874206543,13977800
2020-12-11,20.547702444247847,20.60100509921384,19.970270570705488,20.378915786743164,14589200
2020-12-14,20.7076028938853,20.78755516599505,19.534971828817852,19.703760147094727,11809700
2020-12-15,19.952500999579385,20.49439940937041,19.75706303437275,20.405563354492188,12686700
2020-12-16,20.361141884824782,20.494395091866583,19.943614717585415,20.29007339477539,11062700
2020-12-17,20.42333231565898,20.538819703303215,20.130174500387582,20.370031356811523,8481200
2020-12-18,20.29895993617514,20.396678064315676,19.757061566641184,19.819246292114254,20038600
2020-12-21,19.019724425974044,19.52608767659108,18.72656666538488,19.348417282104492,10778300
2020-12-22,19.348423334509004,19.38395674675893,18.86870956108145,18.975313186645508,17182900
2020-12-23,19.09967780426583,19.81036281224327,19.05526062666976,19.472787857055664,9474500
2020-12-24,19.526088250505463,19.5349720246519,19.064142161330818,19.22404670715332,3664900
2020-12-28,19.197394604333923,19.57050459835229,19.064139703722297,19.1618595123291,6461100
2020-12-29,19.28623607154346,19.33953872924532,18.77098890794166,18.993078231811523,7140300
2020-12-30,19.028614205466813,19.526093839207725,18.913128497322496,19.437257766723633,7077100
2020-12-31,19.073030267480338,19.517208909247145,19.04638063339484,19.392839431762695,7844300
2021-01-04,19.614924918246647,19.881431373446222,19.17963013773708,19.499439239501953,8743400
2021-01-05,19.7392941492741,21.15178207363061,19.730410374946533,20.547698974609375,16256600
2021-01-06,21.285035902950828,22.235579450059035,21.062946621687615,21.684797286987305,19456300
2021-01-07,21.800283682019774,22.626454347874457,21.738097262760167,22.102323532104492,14502400
2021-01-08,22.208928541537123,22.537621429490855,21.746982421215524,22.066791534423828,11951900
2021-01-11,21.49824152834703,22.31553009126948,21.364986613830503,22.200042724609375,16877000
2021-01-12,22.65310500895739,23.745783785084804,22.35994724720597,23.22165298461914,20803200
2021-01-13,23.25719299393304,23.497049857243255,22.431020483246947,22.61757469177246,11276800
2021-01-14,22.67976014298288,23.434862414682073,22.608691634079182,23.061752319335938,10285800
2021-01-15,22.608688555126353,22.82189405280216,21.889118094262994,22.12897491455078,13449000
2021-01-19,22.38660091587366,23.008449905843776,22.30664863661358,22.58203887939453,21249400
2021-01-20,22.697527846127684,22.81301524149683,22.13786350477633,22.51985740661621,10571800
2021-01-21,22.31553128294684,22.502085462181604,21.276153399534937,21.48935890197754,21086200
2021-01-22,21.062946621687615,21.791400887532618,20.831975260251816,21.684797286987305,13559500
2021-01-25,21.64926363321822,21.64926363321822,20.61876782119587,21.089597702026367,15541000
2021-01-26,21.382757450574484,21.66703148237497,20.19235867160479,20.201242446899418,20225800
2021-01-27,19.943620347188904,20.094641142974197,18.85982344999787,19.375070571899418,17044000
2021-01-28,19.650461336547508,20.38779771951884,19.51720640558573,20.11240577697754,12418200
2021-01-29,19.899201786494196,20.2811956698275,19.54385923027959,19.73041343688965,15573600
2021-02-01,19.98803280742957,20.05910130074639,19.36618222010248,19.685991287231445,10081500
2021-02-02,20.210123216754027,20.51216475422728,19.854780729846272,19.996917724609375,11058000
2021-02-03,20.16570819050757,21.542661109430064,20.112405540985556,21.48047637939453,15843700
2021-02-04,21.62261477770173,22.164513221789967,21.08960010910426,22.040142059326172,12894700
2021-02-05,22.41325531159402,22.786365462670577,22.08456404422132,22.217817306518555,11370200
2021-02-08,22.608687953677624,23.248304429689615,22.510968134439977,23.08839988708496,11496300
2021-02-09,22.875196933746334,23.363792695345182,22.59092291285924,23.09728622436523,10799800
2021-02-10,23.310494577364405,23.74578943663235,23.070637707643183,23.6480712890625,11602000
2021-02-11,23.443745470132964,23.79020592300465,23.043985755228977,23.425979614257812,9773300
2021-02-12,23.15058427717977,23.79908621223033,23.052866153755488,23.78131866455078,9063400
2021-02-16,24.09816713112492,24.58905503989071,23.919661508470572,23.928586959838867,14337900
2021-02-17,24.23204541545112,24.23204541545112,23.518026331946363,23.982139587402344,11554300
2021-02-18,23.7411515961261,23.866104479033737,22.803999867252823,22.83077621459961,11173100
2021-02-19,22.884332895703544,23.598353681249844,22.81293098738449,23.312746047973633,10063700
2021-02-22,23.20564444972647,25.151348756734336,23.18779354543049,24.58013343811035,13964700
2021-02-23,24.77648546953307,24.901438380727903,23.553725901570285,24.758634567260746,13549000
2021-02-24,25.062095270802253,26.49013523172337,24.785413070999724,26.24915313720703,21674000
2021-02-25,26.24022737460881,26.659715097656957,25.169198693366003,25.445880889892575,20387400
2021-02-26,24.830040594498303,25.303079369080617,23.687609897176525,24.91036796569824,22478700
2021-03-01,25.66900830526802,25.97246681260859,25.320924247817914,25.6333065032959,17121600
2021-03-02,25.660085065446324,26.061721860456483,25.09779525478786,25.115644454956055,13582700
2021-03-03,25.294150312223223,25.90106738487198,25.276299409532196,25.32092666625977,20695600
2021-03-04,25.615457893032556,26.159896766767822,24.696156899402187,25.50835418701172,21586700
2021-03-05,26.48120720851997,26.51690731033972,24.91036357426933,25.94569206237793,26809000
2021-03-08,26.20452635514273,26.83821808996617,25.704711285651666,26.516908645629883,14971200
2021-03-09,26.58831185766385,26.757890326418888,25.847514716062843,26.195600509643555,20585200
2021-03-10,26.18667473156627,26.838217351447575,25.883216198567023,26.731115341186523,18685600
2021-03-11,26.84714383493927,27.14167692801529,26.177750286825077,26.24022674560547,13239500
2021-03-12,26.2580801958031,26.418734935310837,25.77611597727988,25.89214515686035,12829500
2021-03-15,26.01709676669279,26.320555325400505,25.579759832638953,25.99032211303711,7888000
2021-03-16,25.651157979837095,25.69578523330359,24.8389606926592,25.04424095153809,11347200
2021-03-17,24.838964461890516,25.365554216213773,24.606907815717904,25.26737594604492,11302800
2021-03-18,24.999615629602527,25.70470921728021,24.24989478804925,24.32129669189453,14585300
2021-03-19,24.330226659103232,24.633685232365774,23.946440716309077,24.14279556274414,22577500
2021-03-22,24.14279330753618,24.87466501738762,23.875036569012945,24.678308486938477,19700200
2021-03-23,24.080316833501456,24.803263091298252,23.63405446800726,23.803634643554688,14459000
2021-03-24,24.34807336783367,24.99069051098231,24.240969659464387,24.47302627563477,13642400
2021-03-25,23.892889338710596,24.571208391962692,23.375225022065045,24.45517921447754,14595800
2021-03-26,24.84788991393822,25.303077754235744,24.63368417186102,25.26737594604492,11722600
2021-03-29,25.19597366540308,25.45480666395264,24.53550554468626,24.722936630249023,11397400
2021-03-30,24.437325145309952,24.80326183261244,24.22311942502569,24.29452133178711,11439700
2021-03-31,24.294524440866624,24.437328272664715,24.01784222955232,24.267749786376953,11046300
2021-04-01,24.499803891437644,25.115644713655573,24.196345354827745,25.079944610595703,10463300
2021-04-05,25.240600371892157,25.25844957298081,24.410552087637186,24.58905601501465,9880900
2021-04-06,24.64260833097623,25.294150975070824,24.446251800940836,24.49087905883789,9306600
2021-04-07,24.553356806571653,24.722936990771657,24.23204734226763,24.410552978515625,7973300
2021-04-08,24.09817094002756,24.25882568533804,23.59835750089409,24.151721954345703,10548700
2021-04-09,24.19634663572628,24.3034486529314,23.580504078551296,23.883962631225582,8624800
2021-04-12,23.982143762233456,24.187424071681964,23.491254067308155,23.687610626220703,10969200
2021-04-13,23.41985029592018,23.625130589147695,23.080691624603247,23.24134635925293,13688500
2021-04-14,23.437697222190874,24.794335081907047,23.437697222190874,24.374847412109375,14755400
2021-04-15,24.285596153661903,24.419476219905896,23.71438089314903,23.794708251953125,9107100
2021-04-16,23.999987149256693,24.06246360200365,23.42877192144945,23.46447372436523,9234300
2021-04-19,23.553725806873675,23.901811590361696,23.42877289618121,23.678680419921875,7711200
2021-04-20,23.348446519084973,23.500175789449713,22.33096888390719,22.5362491607666,12657300
2021-04-21,22.089988661912997,23.01821526524141,21.884708367761657,22.964662551879883,13113300
2021-04-22,22.93788596536615,23.0003624233359,22.49162360574701,22.5362491607666,16091800
2021-04-23,22.143536019356123,23.187789924626426,21.929330308320637,22.946807861328125,12875200
2021-04-26,23.080689423797786,23.81255940976642,22.982511161461,23.535877227783203,13934000
2021-04-27,23.562651588078317,23.75008265909859,22.893258067380888,23.366296768188477,13033500
2021-04-28,23.535876334974557,24.53550301367093,23.348445268746666,24.41947555541992,10643900
2021-04-29,24.740783355440865,25.07101823392424,24.33914827347298,24.83003616333008,13827900
2021-04-30,24.526581505538296,24.82111462636888,24.062468193212528,24.14279556274414,13237300
2021-05-03,24.57120338205876,25.436951649927575,24.52657612968061,25.18704414367676,12395600
2021-05-04,25.204901065061513,25.5976124680141,24.83896601993161,25.33877944946289,15195400
2021-05-05,25.67793717536934,27.08812619631057,25.49943154644783,27.079200744628903,22805400
2021-05-06,26.981023756977297,27.462987956489652,26.436584797444656,27.42728614807129,15034800
2021-05-07,27.03457399328916,28.56079041390124,26.945321182774567,28.46261215209961,16483400
2021-05-10,28.757147917788277,29.33728695001971,28.212707287210357,28.23055648803711,16905900
2021-05-11,27.605792655832374,28.177007989688597,27.34695964370629,27.900325775146484,18232800
2021-05-12,27.980646030302697,29.13200185767375,27.891393231490813,28.65003776550293,23375400
2021-05-13,28.27518051051562,28.980275784342336,27.953871099419334,28.346582412719727,16385800
2021-05-14,28.774992743802205,29.43545899851147,28.73036379291539,29.28373146057129,11637200
2021-05-17,29.03382867785846,30.435092246082966,28.917802913150116,30.390466690063477,14531300
2021-05-18,30.452943141697723,30.640375924470675,29.46224013664289,29.515792846679688,12438600
2021-05-19,28.917800334014373,29.024902339851224,28.257330587812476,28.560789108276367,13633600
2021-05-20,28.551869377979713,28.560794830647016,27.846775640823253,28.355514526367188,12478300
2021-05-21,28.801774337074285,28.971352815326508,28.435839322637136,28.51616668701172,8573800
2021-05-24,28.676823358708543,28.676823358708543,28.16808278241542,28.29303741455078,9755900
2021-05-25,28.23055709976721,28.391211827180022,27.73966916809994,27.88247299194336,10064400
2021-05-26,27.78428878685577,28.417982109295004,27.641484993531115,28.159149169921875,9358100
2021-05-27,28.40013693013541,28.587566308244316,27.944949108841985,27.971725463867188,14893200
2021-05-28,28.23948318169031,28.24840863367417,27.748595239069324,27.962800979614254,8307800
2021-06-01,28.639357281778803,29.651951313243178,28.630397785195257,29.508575439453125,15701900
2021-06-02,29.920783989791136,31.901164535848967,29.31143560356552,31.775711059570312,28422100
2021-06-03,31.58752332872234,32.77933790647222,31.542719014762955,32.72557067871094,19992700
2021-06-04,32.80622464375776,33.03920916167679,31.874279735380547,32.635963439941406,13756400
2021-06-07,32.72556936966165,32.95855384394091,31.95492289432656,32.107261657714844,10082500
2021-06-08,31.892198316092777,32.447779344658656,31.560642281762345,32.16999053955078,12822000
2021-06-09,32.17894147460661,32.385044004271265,31.802581225223115,32.044525146484375,9229900
2021-06-10,32.40296762361394,32.46569433419534,31.130507587992035,31.309724807739254,11364300
2021-06-11,31.704017392809032,31.9549242865568,31.148432959010336,31.26492691040039,7243600
2021-06-14,31.24701272972695,31.515842103586433,30.252340969931023,30.512210845947266,10015500
2021-06-15,30.521160928745996,31.11258666989729,30.46739370924151,30.637651443481445,9834000
2021-06-16,30.332979421222102,31.058821551052095,30.046227734502793,30.50324058532715,10924400
2021-06-17,30.440520817277843,30.700387242581005,28.576631009714102,29.096370697021484,14511300
2021-06-18,28.48702096527236,28.75585029240633,28.030009741804463,28.038970947265625,24774200
2021-06-21,28.451176883670964,29.786367476144207,28.379488947291716,29.6788330078125,11198400
2021-06-22,29.427925580313868,29.893898013374063,29.23974539148679,29.589223861694336,7675200
2021-06-23,30.06415334516876,30.539088654305093,29.454805091384497,29.463768005371097,8113100
2021-06-24,29.616110552265408,29.884939925199777,29.15013804394873,29.804290771484375,6238300
2021-06-25,29.84908825969667,30.01038651170672,29.62506328949935,29.884929656982425,7823400
2021-06-28,29.70571881157408,29.78636795494403,28.46909975268503,28.693124771118164,11191500
2021-06-29,28.92610473131328,29.26662366284936,28.531821991563582,28.567665100097656,7321600
2021-06-30,28.76480554592628,29.0157158434794,28.558704687419972,28.68415641784668,10883200
2021-07-01,29.571298849638637,30.073116060723383,29.374155763435684,29.63402557373047,9819000
2021-07-02,29.392079078983436,29.50857303518079,29.15013167073518,29.383119583129883,7582700
2021-07-06,29.544421568601912,29.544421568601912,27.814948091729907,27.931440353393555,13943600
2021-07-07,27.88663412258071,28.10169792804943,26.94572805083296,27.49234962463379,10579700
2021-07-08,26.84715649112278,27.644686692322495,26.766509059624127,27.357934951782227,8903000
2021-07-09,27.779100412700338,28.262995240293375,27.456503860971644,27.949359893798828,8547300
2021-07-12,27.572998081122808,28.23611189215703,27.33105066503359,27.976242065429688,5799700
2021-07-13,27.7074151094152,27.895595309665005,27.29520817540206,27.429624557495117,8169700
2021-07-14,27.761180727249027,28.182348868719735,26.282615901982915,26.47975730895996,11845600
2021-07-15,26.193001224820023,26.533520164212856,25.565732283013528,25.744951248168945,12341400
2021-07-16,26.103390528101865,26.166118959676,24.732358712306425,24.974306106567383,12381500
2021-07-19,23.77353242383097,24.123010859379917,23.217949699638385,23.88106346130371,18636600
2021-07-20,23.925872103584023,24.795088539865834,23.69288588465612,24.409765243530273,11854700
2021-07-21,25.11768602461622,25.700150738651782,25.10872481865564,25.47612571716309,12423400
2021-07-22,25.395474434631332,25.50300547875465,24.839891676077116,25.072877883911133,11761400
2021-07-23,25.34171390448126,25.789763997995724,24.7502879177762,25.458206176757812,12759200
2021-07-26,26.04962473828298,26.551440221412665,25.691185107476063,26.39910316467285,12815500
2021-07-27,26.01378631664656,26.38118721806448,25.574697476151375,26.14820098876953,9333500
2021-07-28,26.246771122933527,26.596249593340808,25.81664180261473,26.273653030395508,7088100
2021-07-29,26.757550763488407,26.86508182329548,26.282617073343584,26.560407638549805,7420800
2021-07-30,26.291573495592157,26.479753670599173,25.673264032101116,25.834562301635746,9241600
2021-08-02,25.85248420499633,26.623129008868872,25.449238539058634,25.538848876953125,12466300
2021-08-03,25.36858641036917,25.915207868723424,24.81300545754093,25.89728546142578,8724900
2021-08-04,25.547810024833424,25.76287380979681,24.741320403926967,24.759241104125977,14324200
2021-08-05,24.96534611280476,25.36859008028754,24.714437501864857,25.01911163330078,10146900
2021-08-06,25.40443825954995,25.762877958881937,25.23417876142651,25.467164993286133,6061000
2021-08-09,24.89365842959597,25.207292059916167,24.58898429513483,25.08183860778809,7758700
2021-08-10,25.26106237981715,25.64638569753978,25.1535296154299,25.467164993286133,9416000
2021-08-11,25.431320381109614,26.112356670114515,25.234178972124777,25.96898078918457,7649400
2021-08-12,25.753913882836912,26.013783704128304,25.180410427814696,25.583654403686523,7432700
2021-08-13,25.565732470345864,25.65534109899267,25.25209714255695,25.40443420410156,7430800
2021-08-16,25.02807425511176,25.072878573199013,24.526258713998725,24.893659591674805,9864300
2021-08-17,24.624827830566673,24.94742438065689,24.015479551140768,24.364959716796875,10539800
2021-08-18,24.42768839250867,24.67859703027964,24.006521970097847,24.024442672729492,9697100
2021-08-19,23.43301462515248,23.746649966545657,23.20898962546809,23.69288444519043,18962600
2021-08-20,23.38820916407962,23.818336732217745,23.22691089873407,23.710803985595703,12082300
2021-08-23,24.185740930289708,24.813011669342306,24.10509178643508,24.633790969848633,8298000
2021-08-24,24.813010952022072,25.511967899655655,24.80404974638892,25.28794288635254,8183200
2021-08-25,25.287937178182364,25.780793121703457,25.01910790657074,25.494041442871097,6545200
2021-08-26,25.3148233946318,25.62845871657728,25.108720817904057,25.207290649414062,6150300
2021-08-27,25.520929552126493,26.255731335158085,25.520929552126493,26.058589935302734,7534300
2021-08-30,26.22884597600435,26.291572699106425,25.305862411170207,25.341707229614254,6887200
2021-08-31,25.16619511751842,25.643237361055075,25.10318989449281,25.238203048706055,9872700
2021-09-01,25.265201762486207,25.56222758167693,25.031181159977848,25.184194564819336,9724400
2021-09-02,25.48121904106245,25.886255008050014,25.391210857647067,25.751243591308594,9514100
2021-09-03,25.688239103426472,25.87725474884992,25.139190714173555,25.283203125,6174700
2021-09-07,24.860167243678383,25.38221266969342,24.64414690753948,25.049182891845703,8178400
2021-09-08,25.166193165473008,25.319206573850924,23.942087615213115,23.996091842651367,13279700
2021-09-09,23.93308385353533,24.518134447208865,23.798072442189625,23.96008682250977,10975000
2021-09-10,24.338127558457156,24.41913305766232,23.834082277591747,24.104106903076172,7712200
2021-09-13,24.545134978146457,25.427211275870324,24.52713300061828,25.30120086669922,9877900
2021-09-14,25.625234466647075,25.643236448803567,24.797162171847017,24.90517234802246,7106200
2021-09-15,25.382211960009933,26.372296841940937,25.229198560968413,26.31829261779785,11912200
2021-09-16,26.093276314196753,26.363300902587497,25.70624227257117,25.97626686096191,8079200
2021-09-17,25.83225007197107,26.33629348172157,25.202194522210505,25.481218338012695,17376500
2021-09-20,24.635147925696455,24.941173019197368,24.04109456942314,24.527137756347656,10708200
2021-09-21,24.8511645171763,25.00417790980656,23.97808739350114,24.239110946655273,10499100
2021-09-22,24.76115877103629,25.031181623753213,24.410128719151597,24.43712997436523,10547600
2021-09-23,24.59014452068964,26.21928613661456,24.509137317770833,25.99426651000977,13562300
2021-09-24,25.841252055468093,26.43530542522412,25.71524161900404,26.11127662658691,7414100
2021-09-27,26.82233669666382,27.578402719979056,26.786334451953433,27.173368453979492,13469000
2021-09-28,27.73141629676698,28.42447710861638,27.596404873919752,27.82142448425293,19922800
2021-09-29,27.86642801747981,27.86642801747981,27.12836396237993,27.299379348754883,13176500
2021-09-30,27.24537605803785,27.317382267916408,26.471308014270747,26.678325653076172,13322800
2021-10-01,26.858338613060436,28.46947799753985,26.64232001095632,27.326379776000977,12079600
2021-10-04,27.83942519237676,28.32546663575926,27.587402622290416,27.79442024230957,16285600
2021-10-05,28.13645220461243,28.52348620800213,27.497395620308566,27.53339958190918,12264600
2021-10-06,27.08336233869912,27.488398352443777,26.53431390157048,26.94835090637207,12070700
2021-10-07,27.569401292681196,28.082447434971108,27.49739508763823,27.920433044433594,15928000
2021-10-08,28.253461261913277,28.766505690398652,28.010441391468817,28.496482849121097,11854100
2021-10-11,29.063533419495528,29.918608617370793,28.847513084869256,29.21654510498047,16941800
2021-10-12,29.207545697637215,30.116623399860533,29.000528071062135,29.594579696655273,18377900
2021-10-13,29.216543713303366,29.639581655302184,28.712500295632456,29.4865665435791,12504100
2021-10-14,29.936607185870216,30.224635443419537,29.64858236184763,30.170629501342773,8671200
2021-10-15,30.584664874097037,30.791682502562573,30.386646519248803,30.6026668548584,9352100
2021-10-18,30.72867732524631,31.17871654426521,30.431653226127747,30.746679306030273,11548300
2021-10-19,30.962702249686735,31.295730338421897,30.332646603289668,31.088712692260746,10417100
2021-10-20,30.62966618205243,31.286722987630483,30.42264856661221,31.26872444152832,10818700
2021-10-21,30.917687706289904,31.151709983088494,30.467648563936187,30.87268447875977,12151400
2021-10-22,30.467659620369982,31.097715335011856,30.053624283201227,30.521665573120117,12077000
2021-10-25,30.989700084324745,31.295726882580087,30.62966734513258,30.926694869995117,9768400
2021-10-26,31.232725746896023,31.49374934522078,30.818690446225308,30.836688995361328,11666500
2021-10-27,30.48565974732544,30.76468533591077,29.243553811492664,29.288557052612305,13929600
2021-10-28,29.27055041004712,29.981613180539977,29.25254842975945,29.972610473632812,11364300
2021-10-29,29.87360278154228,29.87360278154228,28.95552234246379,29.036529541015625,13940600
2021-11-01,29.477568033065292,30.21563205722632,29.32455635091012,29.972610473632812,8514000
2021-11-02,29.702584434357966,30.233630778252692,29.621577248559575,29.88260078430176,7293900
2021-11-03,29.306554286907897,30.035615602079183,28.973522802827365,29.684585571289062,10448800
2021-11-04,30.26063909530238,30.368650990606756,29.46857246423287,29.83760452270508,12516200
2021-11-05,30.332645833894546,30.65667464002408,30.08962422929739,30.16162872314453,11279200
2021-11-08,30.323636175724044,31.178711232901342,30.206628470850923,30.87268447875977,14225900
2021-11-09,30.79168487774385,30.863692806343785,29.990615556468203,30.728679656982425,10925500
2021-11-10,30.548662152498093,30.67467602294234,29.243551112831,29.45956802368164,10311700
2021-11-11,29.59458373729567,29.819603375190347,29.34255940805514,29.504573822021484,6363900
2021-11-12,29.23454569312529,29.58557571583641,29.108535267898382,29.4865665435791,7346100
2021-11-15,29.4235606522615,29.65758295102184,29.000526153547263,29.45056533813477,8358900
2021-11-16,29.540577159614337,30.017617683072658,29.22555104667528,29.60358238220215,7683800
2021-11-17,29.261548433640037,29.756594320092795,28.64949653944977,28.856515884399418,9716800
2021-11-18,28.784506859848097,29.09953636040043,28.17245327231817,28.676498413085938,8860200
2021-11-19,28.082447201284268,28.091446474671823,26.894342252817037,27.04735565185547,19098700
2021-11-22,27.011354309118325,27.812423574874497,26.957350083174735,27.308380126953125,12772600
2021-11-23,27.83042489968238,28.406474540869453,27.740416714056064,28.06444549560547,10914800
2021-11-24,27.74042072531746,28.739508468387186,27.74042072531746,28.271467208862305,9490500
2021-11-26,26.327296216501143,26.831339697559184,25.571230136532343,26.732332229614254,12412300
2021-11-29,27.39838729215936,27.66841012856309,26.57931607606962,26.68732452392578,12588500
2021-11-30,26.14047329625098,26.538184989906803,25.616217678081263,25.923540115356445,39947700
2021-12-01,26.737038001328777,27.08051508138607,25.616215787416085,25.65237045288086,14888300
2021-12-02,25.72468050082264,26.65568680552908,25.363125240170636,26.502025604248047,12517300
2021-12-03,26.96300885180752,27.07147629058559,26.041041656303996,26.42971420288086,9816300
2021-12-06,26.890701964670768,27.505346856851176,26.547224849410274,27.125713348388672,8977600
2021-12-07,27.56861565740993,28.129027619511472,27.42399354926079,27.803627014160156,9153800
2021-12-08,27.94825274660307,28.26461429571649,27.722280457812307,28.074796676635746,8963300
2021-12-09,27.59573761871028,27.785553521263196,27.369765320986247,27.677087783813477,6726700
2021-12-10,28.101911545609223,28.174222602817625,27.478227599667,28.01152229309082,7445900
2021-12-13,27.622849392820335,27.803627895754623,26.74607761886167,26.963010787963867,8387000
2021-12-14,26.836469997132852,27.36976474649016,26.718963439325023,26.81839179992676,8515900
2021-12-15,26.746074299621295,26.80934625058665,25.787952490650156,26.492984771728516,9370000
2021-12-16,26.85454404184484,27.532460859483177,26.737039218694775,26.84550666809082,8547600
2021-12-17,26.737039949742204,26.773196341873355,25.887383699008563,26.185667037963867,17089100
2021-12-20,25.39928655959285,25.806035660286003,24.99253573486789,25.73372459411621,10479400
2021-12-21,26.167590883237377,26.755118470239537,26.05008433141793,26.619535446166992,8440200
2021-12-22,26.583374205561626,26.890696590229616,26.239897158949304,26.664724349975582,9699500
2021-12-23,26.664728679170413,27.008205781548508,26.60145671747168,26.72800064086914,7160100
2021-12-27,26.67376639202163,26.99012790811897,26.176626374145364,26.97204971313477,6891400
2021-12-28,26.935899500374592,27.33361126107651,26.84551195278812,27.21610641479492,7146300
2021-12-29,27.071477885795943,27.161865412067137,26.67376621888278,26.800310134887695,6817700
2021-12-30,26.845506139563984,27.161865935674843,26.791271553917905,26.95397186279297,7205000
2021-12-31,26.727999083616982,27.261293764051604,26.65568802816983,27.07147789001465,7785200
2022-01-03,27.179943429708903,28.8973322781368,27.09859327737002,28.67136001586914,18781000
2022-01-04,29.050995826411754,30.30740115417282,29.04195845234056,30.06335067749023,17954000
2022-01-05,30.38875131306701,30.795502107537988,30.045275929347845,30.06335067749023,15846900
2022-01-06,31.066671951860226,31.111865723867076,30.22605468989043,30.777427673339844,11163900
2022-01-07,30.750308218357524,31.762663065396573,30.73223002222391,31.66323471069336,14324300
2022-01-10,31.608998039999943,31.988629748194924,31.166090932376395,31.744579315185547,15515600
2022-01-11,31.99767102581035,33.019063082771275,31.844008107396245,32.97386932373047,15432500
2022-01-12,33.01002640917588,33.22695783639041,32.494809959462785,32.946754455566406,13196800
2022-01-13,32.964841710829596,33.552367648430625,32.56712823817137,32.69367218017578,12799600
2022-01-14,32.74789818349134,34.25739461234997,32.65751066236525,34.17604446411133,17414000
2022-01-18,34.44721186884181,34.82684361060188,33.4348571094186,33.9319953918457,19101100
2022-01-19,34.194128620950636,34.338750748810305,33.1094609379714,33.53428649902344,11154600
2022-01-20,33.14561114748637,34.64607034124431,33.14561114748637,33.48908996582031,14720200
2022-01-21,33.941032752356364,33.9862265147304,32.25076121351356,32.86540603637695,15762200
2022-01-24,31.89825138436647,33.15465684780791,31.346878408769587,33.08234405517578,17956500
2022-01-25,33.00097886002678,35.251663508895945,32.323062254086466,35.06184768676758,24167100
2022-01-26,35.30591634741822,36.40865891900357,34.72742431464118,35.97479248046875,25985100
2022-01-27,36.390572324827545,37.09560814185875,34.54664124844472,35.12512969970703,24350400
2022-01-28,35.17937136559835,36.46289601803032,34.97147723171051,35.866329193115234,18155000
2022-01-31,35.459574992946244,35.775938300437375,34.91724282019553,35.3149528503418,16444600
2022-02-01,35.04377443021608,36.02901350747129,34.74548942654069,35.7216911315918,18792000
2022-02-02,35.7668900995717,35.7668900995717,34.92627299155233,35.47764587402344,16356600
2022-02-03,35.64034407715014,35.64034407715014,34.718376869638455,34.872039794921875,12302100
2022-02-04,35.26975848310085,35.79401244818592,34.808773040771484,34.808773040771484,19955400
2022-02-07,34.56471151537697,36.950977553522925,34.38393305380723,36.39960479736328,20523700
2022-02-08,36.31347415212685,36.39507760473474,34.98062237126361,35.27076721191406,13575900
2022-02-09,35.37050380543987,36.01426595174841,35.23450034882785,35.72412109375,12472500
2022-02-10,35.524648196783296,36.77590016396368,35.30703780556939,35.51557922363281,11082700
2022-02-11,35.7331888481603,36.93910630011373,35.44304397196695,36.830299377441406,15533600
2022-02-14,36.63082947665957,36.65802947981373,35.361442961199096,35.633453369140625,12804400
2022-02-15,34.85368441178931,36.431350164751315,34.56353954254567,36.34974670410156,14924600
2022-02-16,36.87562671944141,38.66183357762028,36.85749569464284,37.80046463012695,21249800
2022-02-17,37.25644742389473,37.67353020905057,37.00257154750412,37.27458190917969,9526500
2022-02-18,36.71242116704109,37.274576290946015,36.00519018272314,36.45854187011719,11301500
2022-02-22,37.564730222656806,37.68260265848674,35.32517123588667,35.86012649536133,20930000
2022-02-23,36.08679439920307,36.61268402808884,35.71504614591446,36.03239440917969,9462300
2022-02-24,36.03239759376877,36.2500044906926,33.810973389775704,34.744876861572266,21602400
2022-02-25,34.8536861707117,35.90546223949863,34.71768270196502,35.76945877075195,11382000
2022-02-28,35.25263433145085,35.606248155912404,34.42753425477407,35.57904815673828,14946300
2022-03-01,35.94172851011068,36.19560439970715,33.24881783420676,34.155521392822266,20586200
2022-03-02,34.97155499105346,35.787589554272024,34.62700668005012,35.57904815673828,16209100
2022-03-03,35.02596553178867,35.20730696682246,34.01952385321133,34.92622756958008,22756100
2022-03-04,34.59074039248411,35.42490596393135,34.1827231200156,35.30703353881836,22922900
2022-03-07,35.80572136886333,39.350931780061565,35.70598343426607,38.17221450805664,29778900
2022-03-08,39.03358830018182,41.95317492509417,39.03358830018182,40.87419891357422,41068100
2022-03-09,39.34186416663985,40.14882972525875,37.62819511136164,38.58930206298828,30347200
2022-03-10,39.07891547102529,39.64107407388536,38.16314655152585,39.350929260253906,15498300
2022-03-11,38.698099533166975,39.62293737187776,38.480489205729626,38.89757537841797,13251200
2022-03-14,38.1450206866875,38.1450206866875,37.02977565879193,37.67353439331055,14389400
2022-03-15,36.10492690153837,36.76681992797214,35.08035115378255,35.597171783447266,17239000
2022-03-16,35.69692234635476,36.15934315274066,34.09205644318016,34.3459358215332,27499200
2022-03-17,35.13476690711844,36.12307403718035,34.73581854095399,35.82386016845703,37986300
2022-03-18,35.76945859571582,36.53108977688969,35.48837922760171,36.02333450317383,28267600
2022-03-21,36.875624578522874,37.61912452766413,36.739621147635205,37.347110748291016,19283700
2022-03-22,37.35618591308594,38.09061355453375,37.05697208968167,37.35618591308594,15467100
2022-03-23,38.190348018320805,38.87037559999432,38.072479061166106,38.45329284667969,19967500
2022-03-24,38.525838876561856,39.641083929763546,38.3626319459665,38.661842346191406,16281400
2022-03-25,38.507702121186504,39.62294710871298,38.32636071355951,39.60481262207031,12252900
2022-03-28,38.6255658093156,38.66183477763664,37.57378993959976,37.83673477172851,13984200
2022-03-29,36.712422445203664,38.80690510025339,36.44040865625783,38.65276718139648,13207500
2022-03-30,38.83411997982678,39.39627528869534,38.03621977901978,38.2719612121582,10201700
2022-03-31,37.80046984730472,38.45329751172624,37.39245601584083,37.45592498779297,11618700
2022-04-01,37.35618188778137,38.50769565523889,37.33804740418372,37.80046463012695,12210600
2022-04-04,38.00901376134423,38.326362100878605,36.93910668109627,37.67353439331055,10618200
2022-04-05,37.60100291365883,38.40796863968391,36.61269575892248,36.68523025512695,10473900
2022-04-06,37.14764821494231,37.4831275840426,36.55828948164738,36.975372314453125,8726600
2022-04-07,37.183913373230915,37.59193068783399,36.0324028369508,37.147647857666016,8895800
2022-04-08,37.47405486713788,38.734372096396626,37.27457900335334,38.580230712890625,10526400
2022-04-11,38.66183951691614,38.66183951691614,37.41965659944326,37.47406005859375,7999000
2022-04-12,38.07248174937576,38.90664731490352,37.446854116430565,37.6553955078125,8112800
2022-04-13,38.17222159839586,38.68904239294346,37.63726631611678,38.59837341308594,8596100
2022-04-14,38.40796582122882,39.41440739086156,38.20848991840437,39.21493148803711,10714500
2022-04-18,39.48694018829282,40.29390582049329,39.12426083183849,39.60481262207031,11127900
2022-04-19,39.10612909468434,40.35737763180456,38.98825665261942,39.37813949584961,10033700
2022-04-20,39.5050704033436,39.77708075597241,37.88207034171272,38.69810485839844,11945100
2022-04-21,39.29651710497985,39.378120531910376,36.37693167346339,36.85748672485352,18181500
2022-04-22,36.240943623680714,39.4325406777,35.98706426632483,37.76420593261719,20746000
2022-04-25,36.26814729642072,36.29534730007702,33.50270175682865,35.08036422729492,23976100
2022-04-26,35.18010055883166,36.83936988113249,34.47287282607388,35.8510627746582,19941000
2022-04-27,36.4041464124823,36.68522228002081,35.62438085969937,36.22280502319336,10619400
2022-04-28,36.59455767381468,36.71243010971301,34.94435740643688,36.367881774902344,11502600
2022-04-29,36.73962671161057,37.09324052778944,35.20729902190231,35.37050247192383,10611900
2022-05-02,34.76301564917808,35.83292615808797,34.60887424087766,35.461177825927734,11445200
2022-05-03,35.35236844119822,36.71242359326259,35.27983050619788,36.404144287109375,8876500
2022-05-04,37.43778530042493,38.70716802191075,36.67615428401379,38.62556457519531,11713700
2022-05-05,39.20586304691663,39.37813547635005,37.55565940285107,38.15408706665039,16281500
2022-05-06,38.6074319513497,39.53226636408735,37.63725614333864,39.01544570922851,12396000
2022-05-09,37.93646945761704,38.23567977365341,34.48192834374963,34.490997314453125,14845900
2022-05-10,34.880881554865944,35.497440155060225,33.51175745842312,34.3549919128418,11063400
2022-05-11,34.83554138536056,36.20466539409508,34.69046898630248,34.79020690917969,11569100
2022-05-12,34.436603243456766,35.42491033251384,33.620572056686605,35.388641357421875,13434300
2022-05-13,35.987071878380554,37.02071709571159,35.8782683929564,36.93911361694336,9798900
2022-05-16,37.047905285189586,38.607436400293786,36.993501830430375,38.2084846496582,10181600
2022-05-17,38.55303785637558,39.37813800192765,38.453299906012184,38.94292068481445,9936900
2022-05-18,39.29651888263116,39.45972574387519,36.7396160015393,37.29270553588867,9734900
2022-05-19,36.30441353386676,37.55566203082315,36.27721007346349,37.038841247558594,12123900
2022-05-20,37.52845214151537,38.14501071327963,36.65801773154191,37.28364181518555,9870700
2022-05-23,37.99994485982775,39.88588986522482,37.591927578967855,39.72268295288086,13288000
2022-05-24,38.96104865045493,40.07629348740452,38.498627950500705,39.80428314208984,11259800
2022-05-25,39.62295153669642,41.0827450159705,39.50507908974632,40.84700012207031,17205000
2022-05-26,41.25500847542584,42.687601638752206,41.173405023605994,42.333984375,16282900
2022-05-27,41.944108324320034,43.90258802314432,41.82623934297403,43.712181091308594,13950700
2022-05-31,44.30823183328338,44.30823183328338,41.341611059394666,41.82391357421875,28706600
2022-06-01,42.806717511453286,43.07062029690039,41.86030967692587,42.4791145324707,15207500
2022-06-02,42.50641485748028,42.65201579998797,41.78750868511092,42.1333122253418,8155100
2022-06-03,42.23340881419888,43.43461732377481,42.16061008676392,43.19801712036133,8854400
2022-06-06,43.48922745216083,43.68032805426209,42.6611213716548,42.97052383422851,6697000
2022-06-07,42.7703244309178,44.663140454984024,42.652022561563456,44.52663803100586,14735800
2022-06-08,44.5903319086769,45.345639197075634,43.753127343194315,45.10903549194336,15101200
2022-06-09,44.3992336360147,44.73593518784024,43.77132670773942,43.8077278137207,11473800
2022-06-10,42.92502467138056,43.57113222165995,42.33352225730623,42.96142578125,11294000
2022-06-13,41.24151170579109,41.45991488537073,39.63079910451866,40.331504821777344,12470100
2022-06-14,40.98669802914816,41.32339949859774,38.6843789744154,39.33048629760742,13488800
2022-06-15,39.66720334838352,39.66720334838352,37.44678762558854,37.78348922729492,15091800
2022-06-16,36.88256845161478,37.00087028822851,34.87145458618074,35.01705551147461,21591700
2022-06-17,35.12625999150241,35.62676649295,33.18794806760668,33.342647552490234,32283000
2022-06-21,34.48016268256794,35.73597324200887,34.225361848136835,35.32646942138672,18172900
2022-06-22,33.187945353029235,34.87145635405066,32.84214183615022,34.14345169067383,17335000
2022-06-23,34.279953977784054,34.36185472741695,31.27693227691187,31.8320369720459,28165700
2022-06-24,32.05044333826142,33.215251030680896,31.540838237127527,31.904842376708984,22910700
2022-06-27,32.56003589246019,32.74203791152108,31.777429640478235,32.66013717651367,29428500
2022-06-28,33.497347220343734,34.33455170166718,33.18794480955028,33.642948150634766,13896200
2022-06-29,34.14345874221334,34.24356005498877,32.71474821045677,32.924049377441406,12475300
2022-06-30,32.17784652933424,33.61565571512136,32.14144541794696,32.541847229003906,15332400
2022-07-01,32.723841813444075,32.79664401953062,31.0403307187958,32.441741943359375,10823800
2022-07-05,31.422539568380603,31.98674638928149,29.75722861813736,30.33053398132324,17642100
2022-07-06,29.93012013027045,30.594424611864703,28.783511467624173,29.78451919555664,13030900
2022-07-07,30.88562843108074,31.786536658083712,30.740027487175244,31.286033630371097,10077500
2022-07-08,31.76833609236533,32.05043943979728,30.83103023334354,31.23143196105957,11027700
2022-07-11,30.594427895104474,30.912932360558795,30.103026857335756,30.366926193237305,8918700
2022-07-12,29.27491418835826,30.194022909251757,29.20211545670141,29.78451919555664,10281400
2022-07-13,29.284015834210045,30.421524207287188,29.13841490131217,29.384117126464844,9137200
2022-07-14,28.210211127604666,28.610614610250607,27.891708396765853,28.510513305664062,14827800
2022-07-15,29.174817412588588,29.44781874104296,28.51961144717792,29.393217086791992,10672600
2022-07-18,30.212223522795625,30.548925034133436,29.939222203564967,30.148523330688477,11493100
2022-07-19,30.1030252094859,31.24963219671455,30.1030252094859,31.14043235778809,10867200
2022-07-20,30.53072663128859,31.167732068576058,30.266823833192294,31.067630767822266,9984500
2022-07-21,30.012019440047943,30.61262370099081,29.356813529419384,30.603525161743164,14583000
2022-07-22,32.2233448280169,33.20615396574437,31.713739704224785,31.913942337036133,19748000
2022-07-25,32.44173946259445,32.99684062025551,31.859332272638596,32.914939880371094,13120000
2022-07-26,33.48824512996575,33.770348450471815,31.89573343995406,32.396236419677734,17232100
2022-07-27,32.79665165300737,33.32445388438063,32.34164817326443,33.06055450439453,11075300
2022-07-28,33.34265221353767,33.57925595118835,32.06864463817548,32.49634552001953,10292800
2022-07-29,32.99684231784835,33.852250860960574,32.5600395064592,33.697547912597656,12313200
2022-08-01,32.978647557270165,33.470048585013615,32.1960411633893,33.12424850463867,12620600
2022-08-02,33.21525300884388,33.834058000145376,33.06055349671898,33.388153076171875,9987500
2022-08-03,33.5883408145693,33.70664263521855,32.186929928107105,32.34163284301758,11558500
2022-08-04,32.12323931174702,32.19604152194224,30.758229113190627,30.894731521606445,11744100
2022-08-05,30.49432156742835,31.96853485208391,30.42152283995149,31.540830612182617,6863400
2022-08-08,31.568122549602514,31.995826692611487,31.395222573538884,31.53172492980957,6053100
2022-08-09,32.06865014017625,32.18694855789715,31.53174583896128,31.841148376464844,7616100
2022-08-10,31.841140882618785,32.09594168715947,30.776431073901247,31.777437210083008,13302600
2022-08-11,32.39624628942742,33.95236082458433,32.38714774727141,33.57015609741211,13140900
2022-08-12,33.29714637652089,33.879550128068864,32.98774394958601,33.79764938354492,6642800
2022-08-15,32.52365014471131,32.78754952376648,31.877542567490742,32.541847229003906,7639400
2022-08-16,32.74204091381992,33.31534611144131,32.1141375354537,32.3780403137207,9698300
2022-08-17,32.0595380718938,32.59644220473768,31.713734527502737,32.21424102783203,7703300
2022-08-18,32.79664013939327,33.87954679131103,32.73293995230397,33.78854751586914,10758700
2022-08-19,33.542849236183095,34.1889531931539,33.31534754952575,33.779449462890625,12893900
2022-08-22,33.406349656554475,34.05245366808411,32.842146397993425,33.597450256347656,9126300
2022-08-23,34.31635105446069,35.99986549455483,34.17985213536116,35.81786346435547,15983600
2022-08-24,35.61766517482092,36.4912708593403,35.61766517482092,36.3183708190918,11498400
2022-08-25,36.509470143996374,37.219277775497495,36.4184708567938,36.554969787597656,12737900
2022-08-26,36.327466586193935,36.64597102094693,35.672264108525205,35.87246322631836,8944200
2022-08-29,35.76326940243348,37.16468081951213,35.54486969697231,36.74607849121094,11663700
2022-08-30,36.0635694782541,36.12726967481506,34.78955860423429,35.19906234741211,12149300
2022-08-31,34.3709551927588,35.63586401353029,33.94325091154245,34.716758728027344,12383000
2022-09-01,34.170754070261474,34.425558330522705,33.151547443417726,33.533748626708984,10516700
2022-09-02,34.67125813891434,35.15356410969139,34.11615689972646,34.643959045410156,11375100
2022-09-06,34.95935493104077,35.224472899971204,33.95372290301153,34.154850006103516,10785100
2022-09-07,33.313780162379565,33.99029646768386,32.90238883492507,33.880592346191406,11759900
2022-09-08,34.1822808069791,35.206194115835714,33.98115367066697,34.895362854003906,14681800
2022-09-09,35.699866432716654,36.44951765299915,35.34332542397633,36.24839401245117,9628600
2022-09-12,36.59578252922335,37.00717724720256,36.193531853549416,36.70549011230469,8935200
2022-09-13,36.175268614019366,36.63237335110572,34.95022777913064,35.169639587402344,11124100
2022-09-14,35.6358751848423,36.97976386205435,35.6358751848423,36.78778076171875,9958200
2022-09-15,35.98327327553093,36.604935786434176,35.79129018795436,36.23011016845703,9945700
2022-09-16,35.92841210705217,36.00155049919598,34.41082534437297,35.07819747924805,16890300
2022-09-19,33.98115624274815,35.68158601045176,33.90802131600977,35.62673568725586,7377600
2022-09-20,35.38903892048492,35.425608127148124,34.77652040231813,35.19705581665039,9360500
2022-09-21,35.75472270735055,36.04726937511635,34.32855508641875,34.35598373413086,9153000
2022-09-22,34.83136622340618,35.416462992107114,34.59367338567693,34.95021438598633,12875000
2022-09-23,33.140087536403115,33.33207065480279,31.43051710066128,31.997325897216797,17421000
2022-09-26,31.95161403218509,32.31729564026636,30.900271998159443,30.95512580871582,12006400
2022-09-27,31.63163372821887,32.27158080102974,30.95512094155127,31.0648250579834,12712500
2022-09-28,31.457936172708617,32.58241298943959,31.17453008559193,32.39957046508789,12205400
2022-09-29,32.13445069778528,32.92066758058854,31.3573708839216,32.88410186767578,12191700
2022-09-30,32.42700387127326,33.46920187942563,32.24416132007792,32.82011413574219,15329800
2022-10-03,34.35598153077138,35.22447743332152,34.11828519881129,35.01420974731445,13978200
2022-10-04,35.80957619154385,36.422098228901405,35.27933661716057,35.76386642456055,16268000
2022-10-05,35.773008105018576,38.34193380639215,35.773008105018576,38.00367736816406,28104400
2022-10-06,37.82997299156096,39.16471742142185,37.68369967715745,38.84474563598633,16403000
2022-10-07,38.881314865006026,39.42069841453809,38.10423846586056,38.9361686706543,15953800
2022-10-10,38.698475157656524,39.32927821835768,38.0219588493165,38.51563262939453,10380600
2022-10-11,37.72941145515311,38.6619051922151,37.5739940885939,38.177371978759766,10474800
2022-10-12,37.93967662769872,38.698471834219504,37.66541460257502,38.41506576538086,11271700
2022-10-13,38.22308752953111,40.52689510924316,38.19565888234901,40.398902893066406,16364400
2022-10-14,39.80466211475676,40.31661694103614,38.479058320054925,38.54305267333984,11504700
2022-10-17,39.31099501472655,39.68582064164878,38.58876892049574,39.183006286621094,10330300
2022-10-18,39.69496033390101,40.19777816540119,38.90874338018416,39.64011001586914,9734500
2022-10-19,40.22519951864512,41.706217251714584,40.07892620534728,41.569087982177734,16869400
2022-10-20,42.0536124866926,42.26388013063441,41.358815206164465,41.770206451416016,15915700
2022-10-21,42.94040682466001,46.20413335809886,42.7758488912571,46.08528518676758,35351400
2022-10-24,45.765316467960936,48.00512634822325,45.399631371729946,47.6760139465332,27296600
2022-10-25,47.438320011945734,48.16054619582178,46.816657409043785,47.968563079833984,18932500
2022-10-26,48.38909472630717,49.2667347483718,47.666868599065225,47.70343780517578,18232500
2022-10-27,48.45308608859339,49.00161019651063,47.08177233136905,47.24633026123047,18298200
2022-10-28,46.661232559990275,47.27375097329646,45.50018660293629,46.121849060058594,15772800
2022-10-31,45.71960026259507,47.92284428088479,45.71960026259507,47.56630325317383,16663800
2022-11-01,48.17882923834869,48.39823751024101,47.08177741659225,47.12748718261719,11932200
2022-11-02,46.87150701879832,47.88627980862546,46.35040804360569,46.75265884399414,11892300
2022-11-03,46.26813314508513,47.65773169699693,46.16756956428277,47.35604095458984,15764600
2022-11-04,48.77305453538775,49.3947170080588,47.74914131051879,48.54450225830078,16764500
2022-11-07,48.45308726344232,50.38206922003253,48.27938877212412,50.10780715942383,19928100
2022-11-08,50.10780789656417,50.39121051880874,49.5318551196111,49.99810028076172,15249600
2022-11-09,49.44957990965511,49.44957990965511,48.261108547588734,48.517086029052734,21809000
2022-11-10,49.17530877501666,49.5135651686247,47.95026843033324,48.54450225830078,13088700
2022-11-11,49.54099441183025,50.51919795944614,49.52270980966354,50.116947174072266,14725000
2022-11-14,49.93410402018713,51.23228285846404,49.24844714088466,49.43128967285156,9089200
2022-11-15,49.77869657895287,50.28151099138033,48.983335472479176,49.97982025146485,9513400
2022-11-16,49.50442157000492,49.92495689701997,48.09653879267897,48.443939208984375,13414600
2022-11-17,47.53887698435736,48.3250974309338,47.00863399018023,48.29767227172851,9868200
2022-11-18,47.40173886082796,49.01074877618477,46.5149584348243,48.85533142089844,12140200
2022-11-21,46.844075137764584,48.16967552355713,44.668256534901374,47.78570938110352,18814400
2022-11-22,48.47136880247387,49.15702565437856,47.38346118626029,49.038177490234375,8969800
2022-11-23,47.95027045267791,48.35252122184111,46.6795202964683,47.00863265991211,10463200
2022-11-25,46.752656149288725,47.100056608537656,46.19498800054026,46.46925354003906,4951900
2022-11-28,45.26249009831946,46.46924929454181,44.86938340164379,45.60074996948242,15397500
2022-11-29,46.25897723308318,46.98120323046507,45.64645883430694,46.670372009277344,10809300
2022-11-30,47.15491583217743,47.447462519654934,46.14928354247087,47.12748718261719,19230300
2022-12-01,47.83142788961245,48.21539758975145,47.045207373194465,47.3194694519043,8152900
2022-12-02,47.08177387683218,48.34338355137176,46.889790781502406,48.261104583740234,9378600
2022-12-05,48.93761246277008,49.531849778276495,46.57895477626838,46.97206497192383,12047000
2022-12-06,46.728972713397816,47.79307955828581,46.307000093727574,46.67393493652344,12311000
2022-12-07,46.7656701062021,47.51788343612897,45.45388267732592,45.6832160949707,9700900
2022-12-08,46.70145483009071,47.352760865688566,45.40801455545479,45.79329299926758,9367800
2022-12-09,45.79328939120813,46.35286341971881,42.958732065306116,43.087158203125,16079900
2022-12-12,43.16972615870775,45.1419915587304,43.11468487569603,45.04108428955078,11416900
2022-12-13,46.09600982286428,47.13259769024114,45.82081046409026,46.82987594604492,11659700
2022-12-14,47.08673288279182,47.297719179735495,45.81163630662819,46.261131286621094,10212200
2022-12-15,45.976765944389435,46.27948775745733,45.2704185465815,45.96759414672851,11048100
2022-12-16,44.90348930919825,45.371327998100035,44.261354962208,45.297943115234375,22945200
2022-12-19,45.82998234578568,46.36203747318501,45.33462139945176,45.710731506347656,7447000
2022-12-20,45.820814325591726,47.78390768279372,45.70155997697806,47.48118591308594,11496100
2022-12-21,48.48107718710046,49.15990556038603,47.62795669739351,48.903053283691406,9019500
2022-12-22,48.9122352707446,49.1048745184032,45.98594186796936,47.14178085327149,7574500
2022-12-23,47.884814137855166,48.61868031059798,47.13260087337505,48.6095085144043,8082300
2022-12-27,48.93057737140791,49.41676308949849,48.42604456026766,49.07735061645508,6200900
2022-12-28,48.95809444041296,49.20577493834626,47.692176561220656,48.251747131347656,7192700
2022-12-29,48.07745834013553,48.76545860459044,47.75639294979669,48.53612518310547,5200000
2022-12-30,48.17836840306603,49.12322103465693,48.068289334179354,49.0406608581543,4629800
2023-01-03,48.490253830610015,49.15990692729078,46.196919869641704,47.242679595947266,8487800
2023-01-04,46.28865598903579,47.72886956603072,46.04097547906625,47.426151275634766,9069800
2023-01-05,47.38945825845857,48.811324777279374,47.38945825845857,48.31596374511719,6622100
2023-01-06,49.0314789692545,50.1781459072663,48.89387753695317,49.99467849731445,10171800
2023-01-09,50.71019516846102,51.62752867584621,50.54507485718372,51.040435791015625,12104300
2023-01-10,51.00375131898158,51.526631237768655,50.407486525297344,51.33399200439453,7080300
2023-01-11,51.32482166919062,52.05868793581664,51.12300713361207,51.66423416137695,8856900
2023-01-12,51.58167176972472,53.76492688099147,51.53580578616098,53.205352783203125,12857100
2023-01-13,53.19617608489574,53.68236176470622,52.59073605932706,53.46220016479492,7345000
2023-01-17,53.34295196502128,54.058471076371454,53.168656335800016,53.627323150634766,8467200
2023-01-18,54.06764006815463,54.53548215465246,52.31553306635176,52.40726852416992,11332700
2023-01-19,51.63671426148186,53.15031275070987,51.56332588657731,52.6366081237793,15283700
2023-01-20,52.737510913493026,54.113511332012216,51.57249680589143,52.60908126831055,19204800
2023-01-23,52.7466866561536,52.93015409221897,50.66433878041472,51.24225997924805,15090600
2023-01-24,49.60023008870014,51.7743098555752,49.60023008870014,50.884498596191406,8784400
2023-01-25,50.59094819742876,51.82934712727865,49.78369366943371,51.60001373291016,9053000
2023-01-26,51.93942634432628,52.79254685407742,50.72854629810207,52.71916198730469,8581500
2023-01-27,52.58156341779459,53.297082529758306,51.921082084074186,52.260498046875,7669500
2023-01-30,51.94859897565967,52.1320663822075,51.48075691399523,51.68257141113281,6181100
2023-01-31,51.62753435344503,52.691641199060136,51.35233497083509,52.26966857910156,5951900
2023-02-01,52.20546247630148,52.69164823380024,50.453355190566725,51.095489501953125,10454000
2023-02-02,50.69185926213824,50.69185926213824,47.67383401650349,47.96738052368164,17007600
2023-02-03,48.453564861950895,50.15063077596528,48.20588434758901,48.28844451904297,10737000
2023-02-06,48.43520916416546,48.96726428554157,47.87563515697668,48.70123672485352,6482100
2023-02-07,49.25424482012102,49.89020196923889,48.6090759962426,49.66899871826172,9109700
2023-02-08,49.77037906698263,50.811871317097264,49.539960645376226,50.424766540527344,7939900
2023-02-09,50.194357801349845,50.45242887414675,49.53075500993141,49.622920989990234,7116500
2023-02-10,50.480072331252714,52.00083192794255,50.2127860966426,51.945533752441406,9410700
2023-02-13,51.52156887614811,52.867211833866946,50.91326428458298,52.82112884521485,8964200
2023-02-14,51.99162070557665,53.27274676909498,51.71511925924789,52.3695068359375,7437300
2023-02-15,51.75198656140634,51.89023552529526,50.71049415709141,51.60451889038086,7077200
2023-02-16,51.6137305031899,52.15751816162762,51.079158035343234,51.41096115112305,5089700
2023-02-17,50.69206110295384,50.74736279897437,48.96853200990728,49.16208267211914,9162900
2023-02-21,49.12520722996014,50.314167140076904,49.09755814420593,49.217376708984375,7422100
2023-02-22,48.996175496149256,49.715079882659936,47.96390189984304,48.3049201965332,9181100
2023-02-23,49.38327956143203,49.788814732146086,48.72888854872375,49.14364242553711,6324500
2023-02-24,48.664377748759,49.89020563603587,48.111374854531434,49.696651458740234,8458700
2023-02-27,49.79802773744169,50.25886457681363,49.20815714559058,50.1390495300293,6287000
2023-02-28,50.682840876191314,50.95934229701001,49.03304402584071,49.042259216308594,10634200
2023-03-01,49.07913085363877,50.83952770700157,48.95931227273473,50.590675354003906,7166500
2023-03-02,50.34182081427187,51.13446082659544,49.816467041621394,50.96855926513672,5668300
2023-03-03,50.222008156052,51.74276785426978,49.94550319646093,51.60451889038086,6726500
2023-03-06,51.1252441898875,51.364877818602565,50.63675471011603,51.01464080810547,6116600
2023-03-07,50.71049084203512,50.756573826985544,49.770383182239605,49.8072509765625,6908500
2023-03-08,49.50309550614284,50.010015357653046,48.22196957592216,49.346412658691406,7555000
2023-03-09,49.67821862922052,50.175919803149085,48.019202996436995,48.10215377807617,8844300
2023-03-10,47.71505270719667,48.8026280647033,46.69199423395684,47.00536346435547,8608400
2023-03-13,45.50303525212394,46.53531245615044,44.53527844976734,45.014549255371094,10914700
2023-03-14,45.39242789557622,46.90397214011238,44.65508966847395,45.49381256103515,10345900
2023-03-15,43.10667980956397,43.28179654861975,41.217249408518285,41.7702522277832,18103300
2023-03-16,40.86701678140627,42.88548115490604,40.627383138360045,42.562896728515625,16769500
2023-03-17,42.35091565848504,42.39699864948789,40.89466923462821,41.180389404296875,20723800
2023-03-20,41.3739341845097,42.903912472924695,41.19881743727228,42.599761962890625,10496100
2023-03-21,44.23112275355557,44.84864244971709,43.7979349861009,44.49840545654297,10486500
2023-03-22,44.74725864214268,45.07906174566227,43.58595129573034,43.68733596801758,11557000
2023-03-23,43.72420443972885,44.09287537143258,41.51218939722615,41.917724609375,12213400
2023-03-24,40.74720302243837,41.47532626060896,40.387750757391544,41.07900619506836,19753600
2023-03-27,42.04675188115714,43.254145655737986,41.668865816732,43.1066780090332,10579800
2023-03-28,43.1066798600176,44.12051953515865,42.86704272639113,43.90853500366211,6816200
2023-03-29,44.470759405950595,44.97767927630865,44.26799005144481,44.88551330566406,9569700
2023-03-30,45.52146434689821,45.65049810480922,44.69196011065334,44.92237854003906,7353600
2023-03-31,45.02377005519459,45.604425615304265,44.81178547329263,45.254188537597656,8154000
2023-04-03,48.175891846574615,49.59527039833148,47.89939039885869,48.23119354248047,20003400
2023-04-04,48.25883761055894,48.41552045879409,46.04681922720571,46.50765609741211,9378100
2023-04-05,46.61825527862304,47.15282417164044,46.00073209989795,46.72885513305664,9102100
2023-04-06,46.71043120907351,46.857898885099594,45.6228557799161,45.733455657958984,6734100
2023-04-10,45.90857513157439,46.96849793561652,45.834839536907104,46.12055969238281,5278400
2023-04-11,46.38784210274932,47.37403274625671,46.03760508893445,47.134395599365234,8081100
2023-04-12,47.30029156875664,48.12979926243442,46.7841530575898,47.90859603881836,8400500
2023-04-13,47.871736063141576,48.20353919477389,47.70583449732542,47.825653076171875,6544300
2023-04-14,48.29570990824568,48.98696527802454,47.82565428788835,48.369441986083984,8037000
2023-04-17,48.203533856282434,48.61828772488926,47.37402963497493,47.98233413696289,7374800
2023-04-18,47.66897075755421,48.58142586397792,47.475416584637344,48.08372116088867,5551200
2023-04-19,47.85330315856687,48.62750930981195,47.6136695118059,48.507694244384766,7791400
2023-04-20,47.88096108861188,48.12981347017551,47.38325632548463,47.89939498901367,8134100
2023-04-21,47.68740239072101,47.69661758141908,45.244965494681914,45.89935302734375,15776000
2023-04-24,45.632069784951746,46.98693144039871,45.49382081996952,46.28646087646485,10252300
2023-04-25,45.530691347669695,45.75189111127023,44.221912602056925,45.125152587890625,9312100
2023-04-26,45.02376549151714,45.31870083782539,43.724205523125555,44.037574768066406,9098500
2023-04-27,43.67811838204054,44.50762616211328,43.300232285764366,44.20347213745117,9231400
2023-04-28,44.17582867971958,45.74267495513878,43.67812394824993,45.48460388183594,8623000
2023-05-01,45.01454234670936,45.69658241198186,44.66430536638533,45.300262451171875,5053300
2023-05-02,44.57214591093562,44.74726266870376,42.32325956956284,42.562896728515625,11963800
2023-05-03,41.90850996778075,42.46151285668123,41.54905773840478,41.72417449951172,9217900
2023-05-04,41.8808590428857,42.38778247994511,41.106652857812065,41.53984069824219,10085400
2023-05-05,42.89469953192858,43.023733301492165,42.009893527001275,42.16657638549805,9900400
2023-05-08,43.01451906985013,43.16199026858759,42.43386704640238,42.95922088623047,8861800
2023-05-09,42.73801487391532,43.97305795719154,42.66428279516351,43.4753532409668,9834600
2023-05-10,43.43848570287325,43.58595336522759,41.94537166614077,42.26795959472656,10124100
2023-05-11,41.62278585709118,41.76103832411931,40.46147849449879,40.68267822265625,15134300
2023-05-12,41.051351873353035,41.65965644038389,40.3508778168287,40.6181640625,10202200
2023-05-15,40.90388165900858,41.36471853006035,40.47069387512991,41.10664749145508,6813200
2023-05-16,40.85779401163485,40.931526074316174,39.58588340825225,39.86238479614258,11890400
2023-05-17,40.406179833622566,41.02369959658735,39.668841491311426,41.01448440551758,12579400
2023-05-18,40.57208300343063,41.46610775650978,40.2679289475105,41.33707046508789,8372600
2023-05-19,41.82555918285502,42.1757927050689,41.49375604315208,41.72417449951172,8359100
2023-05-22,41.72417408052855,42.56289711261912,41.65043848759872,42.396995544433594,11126700
2023-05-23,42.69193085574161,42.857832423816,42.21266004973853,42.45229721069336,7538700
2023-05-24,42.36011834505072,42.94998889392606,41.9361493275348,42.60897064208984,6895600
2023-05-25,41.75182124134629,42.12049215715282,41.08821851516355,41.62278747558594,15889300
2023-05-26,42.120491073600554,42.30482652676177,40.58129408299665,40.99604797363281,12290400
2023-05-30,40.166541715998534,40.876227374223234,39.86238770598267,40.83936309814453,8381900
2023-05-31,39.41998670039964,40.09280811583711,39.383118906590546,39.47528839111328,15547400
2023-06-01,39.68727431773944,42.046756949425394,39.53980665325907,41.456886291503906,12222900
2023-06-02,42.461505736235,43.724197680888864,42.055970586773334,43.1066780090332,11283200
2023-06-05,43.88088791623792,43.88088791623792,42.47994339061958,42.599761962890625,7202400
2023-06-06,42.13642041753774,43.526449644049585,42.00668492200098,43.50791549682617,12366300
2023-06-07,43.85078903138534,44.786744037360016,43.67471993269978,44.60140609741211,9213700
2023-06-08,44.7126044308532,44.91647650454448,43.5264473512537,43.97125625610352,8289600
2023-06-09,44.07319407076932,44.65700379348171,43.702518200928715,44.04539108276367,6946100
2023-06-12,43.07236926944705,44.045388962147626,43.04456981780693,43.57278060913086,5885600
2023-06-13,44.37900279142472,45.49102696947707,44.25853259225363,44.443870544433594,8821300
2023-06-14,44.97207388250843,45.277881982670294,43.3967103902472,43.80445098876953,7072100
2023-06-15,44.26779352474605,44.79600429631505,44.23072523392761,44.38826370239258,6370500
2023-06-16,44.58287341834012,44.8516132633647,44.23073167434334,44.27706527709961,14740700
2023-06-20,43.48938050344278,43.887855823425326,43.06310573067956,43.79518508911133,7806600
2023-06-21,43.69325407213851,44.86087708404873,43.3874459410268,44.25852966308594,6725600
2023-06-22,44.01759573900597,44.13806593820461,43.36891467374146,43.405982971191406,8533100
2023-06-23,42.757303071442095,43.19284674078293,42.39589599902205,43.174312591552734,9304600
2023-06-26,43.24844735813093,44.24000493837845,43.100177693472666,43.88786315917969,6202500
2023-06-27,44.38827308987553,44.92574928030425,43.79519091643251,44.61067581176758,13198000
2023-06-28,44.53654069608105,45.296423108394265,43.860060184388914,45.02768325805664,9204400
2023-06-29,45.28715722135351,45.32422552072077,44.16586767820079,44.91648483276367,10506200
2023-06-30,45.40763178664908,46.06557825596728,45.10182359004803,45.51883316040039,13420000
2023-07-03,45.685631664451456,46.24164553846745,45.35202404704737,45.843170166015625,3543100
2023-07-05,46.06556432144159,46.1304320644268,45.518819391261395,45.68562316894531,8724200
2023-07-06,45.3242298725786,45.917308579289546,44.76821946879407,45.51883316040039,9411600
2023-07-07,45.35201960175746,49.68891113286448,45.23155294563523,49.43870544433594,23181600
2023-07-10,48.9660973567076,49.79084748227703,48.790028257044334,49.68891143798828,14817100
2023-07-11,49.98544941873522,52.11683038153802,49.90204752423401,51.94075775146485,18093900
2023-07-12,52.385569935295266,52.904515481693224,51.87589323054455,52.52457427978515,14304600
2023-07-13,52.82111301469516,53.39565746469648,52.22803441662575,53.21031951904297,15775100
2023-07-14,52.66357658289797,52.97864648614445,52.29290070197817,52.94158172607422,14423300
2023-07-17,52.46897478048473,52.83965069658188,51.940763897814186,52.36703872680664,13598700
2023-07-18,52.218764690750014,53.3493229585658,52.07049504374362,52.80257797241211,11387000
2023-07-19,52.1817005160548,53.22885336321828,52.01489671942168,53.15472030639648,13074900
2023-07-20,53.42345660980385,53.664393447295794,52.533835241692216,53.06204605102539,9963500
2023-07-21,51.727617438343536,52.4597003003599,50.68973000379272,51.9036865234375,16639900
2023-07-24,52.09829716308731,52.904513134285295,51.820288486442955,52.83964538574219,10596100
2023-07-25,52.89524092439596,53.85899172054872,52.607966979036675,53.63658905029297,10686100
2023-07-26,52.86744546124447,53.95167012183991,52.830377165918925,53.44198989868164,8113500
2023-07-27,53.719997946719246,53.87753289745902,52.654307446321674,52.83964538574219,7791900
2023-07-28,52.93231053778674,53.228849815363255,52.48750162142196,52.960113525390625,7019900
2023-07-31,53.349328796038634,54.39648528105377,53.1732596756491,54.0628776550293,8278400
2023-08-01,53.76633187338562,53.95166981392839,52.80257741058493,53.38639068603515,6930400
2023-08-02,53.02498130035898,53.44198722934745,52.3021637177231,53.25665283203125,6726900
2023-08-03,53.4790614143879,54.0999430258836,53.10838904389304,53.72926712036133,7387300
2023-08-04,53.97020426950268,54.30380832235099,53.349322695394974,53.44198989868164,7626900
2023-08-07,53.655133468206635,54.127741884256416,53.4512613689163,53.720001220703125,5956400
2023-08-08,52.63577309597924,54.3130763154799,51.96856146567536,54.22040557861328,7751000
2023-08-09,54.67448631551835,55.71237387949681,54.38721231819985,55.1470947265625,11975900
2023-08-10,55.03589307322588,55.55483861991797,54.06287326632712,54.60034942626953,8857100
2023-08-11,54.52621549496564,55.536303582243434,54.42427944858473,55.276832580566406,7092000
2023-08-14,55.09149668808222,55.41583545226095,54.74862377523223,55.15636444091797,5736400
2023-08-15,54.526216348991774,54.54475049726289,53.6273296004927,54.05360794067383,6040000
2023-08-16,54.04433702465285,54.49841480229823,53.30298879739964,53.53466033935547,6234300
2023-08-17,54.45207469688821,54.71154921354938,53.506857968070264,53.64585876464844,5925600
2023-08-18,52.987914798346786,53.89606680900246,52.78404271237385,53.775596618652344,7095400
2023-08-21,54.20187460634831,54.51694803954831,52.85817897843576,53.228851318359375,6269300
2023-08-22,53.154717002269976,53.24738420129379,52.12609483198121,52.27436447143555,8607600
2023-08-23,51.59788329383124,53.88679913476046,51.449613656465,53.64585876464844,10717600
2023-08-24,53.2010512231374,53.75706149382824,52.55237021731336,52.62650680541992,6685900
2023-08-25,52.99718209568819,53.04351923335182,52.03343114175936,52.320701599121094,8619100
2023-08-28,52.468962935017856,53.69218823294283,52.468962935017856,53.59025573730469,4813200
2023-08-29,53.70146590257848,54.146274853593056,52.98791710562987,53.9516716003418,4911000
2023-08-30,54.43354740315926,54.683749559255496,54.08140566731582,54.67448425292969,5843100
2023-08-31,54.785686488396635,55.02662687708385,53.97947049400201,54.63741683959961,10102500
2023-09-01,55.46216613483098,56.055248255987486,55.128562081403665,55.712371826171875,6921700
2023-09-05,56.01946263552777,56.90349139912826,55.796127670595155,56.02876663208008,8428600
2023-09-06,56.13112256277666,57.09890139484244,55.926399161819695,56.76390075683594,9299800
2023-09-07,56.73598249201539,57.11751018922337,56.47542448065724,56.60570526123047,7867600
2023-09-08,56.41029365133222,56.91279465353635,55.66584969424579,55.99154281616211,8323600
2023-09-11,56.77320857392619,57.13612832272093,56.186960967742024,56.54987716674805,8392300
2023-09-12,57.043073568772634,57.8061290908019,56.62432272136903,57.78751754760742,11476400
2023-09-13,57.6293191006164,57.722373257669545,56.27070852882458,56.4102897644043,7914300
2023-09-14,57.108207702206776,57.378069732612666,56.61501427061497,57.322235107421875,6862500
2023-09-15,56.81973225802514,57.15472932783804,55.898480554121896,56.37306594848633,19793700
2023-09-18,56.76389659770879,57.48972889368169,56.5963962909784,56.95931243896485,6232100
2023-09-19,57.41529244434268,57.41529244434268,55.67515412639856,56.23348617553711,9067700
2023-09-20,55.95432093595794,56.80112656724488,55.60070873998873,55.63793182373047,5351100
2023-09-21,55.92640468385954,55.92640468385954,54.558490009986336,54.735294342041016,6841600
2023-09-22,55.0702987737016,55.368076379490525,54.753909623827234,54.94002151489258,5979000
2023-09-25,54.83764652971599,55.721675136049775,54.660842228364515,55.684452056884766,6279300
2023-09-26,55.04236947400359,55.62861699210497,54.87486916889229,55.02375793457031,5796100
2023-09-27,55.83334541111677,56.82903978696527,55.44251369713743,56.577789306640625,7663100
2023-09-28,56.34514886542719,57.145427362952894,56.12181747761766,56.708065032958984,7574000
2023-09-29,56.53126628648377,56.61501645260344,54.15834964614467,54.25140380859375,11279200
2023-10-02,54.27000926197775,54.418898035064295,52.91139876383946,53.91639709472656,7553600
2023-10-03,53.50696128547681,54.567794384735706,53.22779524090166,54.53987884521485,8407900
2023-10-04,53.73029183282357,53.85126152732598,51.4783450188764,51.95293045043945,10923300
2023-10-05,51.67376511457419,52.539182337382634,51.29223735880403,51.55279541015625,7491800
2023-10-06,51.72029306869107,52.315848212734,51.00376467670545,51.83195877075195,8642600
2023-10-09,53.29293162839614,54.45612639010431,53.01376559554392,54.19557189941406,6667700
2023-10-10,54.270013051839584,54.88417972743451,53.92570840561828,54.54917907714844,6608900
2023-10-11,53.99084553010982,54.80042804600354,53.74889904503634,54.6794548034668,5641100
2023-10-12,55.34945724588363,55.479734486829024,53.76751171342828,54.3165397644043,5023100
2023-10-13,55.27501689933094,55.6658486382161,54.76320836061649,54.865570068359375,6819500
2023-10-16,55.28431775004207,55.59140285579835,54.698066625281875,55.32154083251953,5949900
2023-10-17,55.15403857737895,56.19626000168643,55.033065338462954,56.056678771972656,6525000
2023-10-18,56.16834641034595,56.95001339308632,56.15903886483641,56.38237380981445,6964100
2023-10-19,55.86125862249187,56.62431402736283,55.284315071201505,55.80542755126953,7488400
2023-10-20,55.1075193545363,56.019463674495974,52.799741239779166,54.16765594482422,13102600
2023-10-23,54.33515162282988,54.930706756218555,52.939317947779465,54.753902435302734,9655500
2023-10-24,54.84695631495663,54.9493180185729,53.01376384489745,53.04167938232422,8407100
2023-10-25,52.93001488571836,53.29293107966837,51.850570299959166,52.68806838989258,8571800
2023-10-26,52.12042769293658,52.69737483257303,51.4132068618123,51.99015045166016,8157500
2023-10-27,52.1111232277681,52.27862355069758,51.19917899725678,51.95293045043945,6944500
2023-10-30,52.408902678102194,52.604318545294205,51.5062624108981,52.48334884643555,6698000
2023-10-31,52.21348192334192,52.57639808552365,51.59000774617232,51.79473114013672,8045900
2023-11-01,52.11112364617857,52.76251340171352,51.75751145606726,51.9808464050293,6197300
2023-11-02,51.99945266446685,53.44181326605744,51.841256352149095,53.37667465209961,5811800
2023-11-03,53.42320483899568,53.73959393227681,52.660149416927375,52.92070388793945,5896900
2023-11-06,53.42321374385781,53.47904837543368,52.29724196382881,52.55779647827149,5165500
2023-11-07,51.50626859597833,51.64585340347092,49.31946361052178,49.62654876708984,17838000
2023-11-08,49.21709515376402,49.91501199610279,48.79834433840303,49.25431823730469,13767100
2023-11-09,49.440434686815834,49.81265490734995,48.92862966496333,49.077518463134766,9278600
2023-11-10,49.57070583150092,49.77542923492369,49.0123702448357,49.5986213684082,9267900
2023-11-13,49.59862169689586,50.58501208835191,49.34737121370078,50.2500114440918,6853600
2023-11-14,50.41751369929464,50.91070713903807,50.11973612626593,50.575706481933594,6989700
2023-11-15,50.54778746592117,50.91070363621832,49.72889742154013,49.95223236083984,8328000
2023-11-16,49.49626278286993,49.87779052703979,47.756124393586774,48.49126434326172,11053300
2023-11-17,49.1054279903932,49.654456032005875,48.60292702692632,49.17987060546875,14077300
2023-11-20,49.728904736516704,49.728904736516704,48.947237658669415,49.077518463134766,8086900
2023-11-21,48.60292883816506,49.170568442147434,48.37959743482723,49.05890274047851,6888800
2023-11-22,47.988766311529616,49.06821098727696,47.25362631646499,48.87279510498047,7941900
2023-11-24,49.0775082553953,49.40320132434465,48.835561790071594,48.947227478027344,3077600
2023-11-27,48.835572431586414,48.98446123123376,48.15626706133358,48.90071105957031,6371200
2023-11-28,49.04028814895699,49.19848092066822,48.537787198012325,48.677371978759766,5620900
2023-11-29,49.04028823091112,49.09611930347266,47.90500909164746,48.26792526245117,8002000
2023-11-30,48.9286217012683,49.69167711142451,47.970146891115306,48.42612075805664,11520300
2023-12-01,48.37029186037098,49.40320940482514,48.13765290170253,48.7518196105957,6377200
2023-12-04,48.370293442824966,48.8448789219166,47.83987688369119,48.41682052612305,7772600
2023-12-05,48.304611462203184,48.37941706376679,47.219955208022725,47.322811126708984,6902700
2023-12-06,47.00488905758594,47.47241331290278,45.789326707147566,45.938934326171875,13575300
2023-12-07,46.18204970552263,46.20075110552242,44.96648724095507,45.31245422363281,12955100
2023-12-08,45.284400323751285,45.920233605721386,44.994533997082634,45.630367279052734,13211000
2023-12-11,45.81738288026011,46.40646451603171,45.65842632524969,45.9576416015625,8820900
2023-12-12,45.34050988329436,46.060494193391,45.06934492306564,45.85478591918945,8871400
2023-12-13,46.11660203915283,46.38776702080566,45.29375817655325,45.99504470825195,10502400
2023-12-14,46.74308609941664,49.32381894290529,46.649579089226066,49.01525115966797,19567600
2023-12-15,48.69732999866515,49.090048675947706,48.257856040530456,48.8001823425293,21720600
2023-12-18,49.62302760951078,50.34301544057664,48.84693914675617,48.88433837890625,9356700
2023-12-19,49.02459577587506,49.62302627733787,48.87498815050936,49.53887176513672,7351000
2023-12-20,49.32381310465766,50.47392244191034,49.09939987369082,49.13680267333984,6480200
2023-12-21,49.09005035864538,49.58562496370641,48.81888541488746,49.16485595703125,7470900
2023-12-22,49.548230730694854,49.95965086254635,49.30511607833854,49.63238525390625,5115600
2023-12-26,50.36171799885768,50.83859121382028,50.09055304969888,50.19340896606445,5632300
2023-12-27,50.00639726614495,50.47392155273972,49.44536954900213,49.58562469482422,7132900
2023-12-28,49.33316505928335,49.66978314300054,48.78148621473075,48.84694290161133,6995300
2023-12-29,48.8562867074809,48.996545416665576,48.40746383178792,48.65992736816406,8641800
2024-01-02,49.03394610493376,49.417315878913826,48.46356946905298,48.60382461547851,12105200
2024-01-03,48.50097574051941,49.557581784860936,48.30461636686847,49.230316162109375,6572400
2024-01-04,49.56692062511672,49.88483726555181,48.28590514759608,48.33265686035156,8268800
2024-01-05,48.55707222424723,49.211606932572494,48.342011482512554,48.49161911010742,9827700
2024-01-08,47.3041107466107,47.48176870376502,46.19140415130785,47.0516471862793,16693600
2024-01-09,46.86463357707524,46.86463357707524,45.34985588441782,45.40596008300781,18420800
2024-01-10,45.35920503258429,45.74257480759084,44.77012699555072,45.303104400634766,17704900
2024-01-11,45.60231696473634,45.67711899188909,45.190896898078584,45.630367279052734,8783200
2024-01-12,46.48127139776964,46.715033579693966,46.09790156209086,46.705684661865234,12732800
2024-01-16,46.621518739685186,46.88333117803819,45.09738868728675,45.162841796875,14966000
2024-01-17,44.33999841213748,45.44335593381871,44.106236285797,44.77947235107422,12992700
2024-01-18,44.78882816622685,45.63972222674192,44.61116665415548,45.40596008300781,13695800
2024-01-19,46.32231000976846,47.07969711761922,45.81738289324965,46.41581344604492,20328400
2024-01-22,46.34100653058205,48.024093174817274,46.16334502666654,47.38825988769531,18491300
2024-01-23,47.182548213717254,48.17370094477824,47.00489027618481,47.145145416259766,11432900
2024-01-24,47.50046221826901,48.39810790579687,47.28540149523172,48.3139533996582,10498000
2024-01-25,48.70668081450001,49.08070167434308,47.99604546111089,49.0620002746582,11845300
2024-01-26,49.00589580734259,49.78198783884405,48.912392376357296,49.48276901245117,9172000
2024-01-29,49.351864672163146,49.77263726156436,48.9965487672709,49.74458694458008,10072600
2024-01-30,45.70517906510323,46.35036135027673,44.64857309060675,46.144649505615234,47358300
2024-01-31,46.238155522414466,46.46256519640459,45.11609645168145,45.536869049072266,26286300
2024-02-01,45.86413453055584,46.35036024557693,45.218952260759416,45.8173828125,18539700
2024-02-02,45.723879376388325,45.98569185104297,45.34050958124654,45.8173828125,19020900
2024-02-05,45.52751267176621,45.892184602936446,45.10674367728704,45.3966064453125,18305800
2024-02-06,45.5799866606501,45.71163861344496,44.9687413515349,45.14741134643555,12807900
2024-02-07,45.34489704205874,45.47654900698723,44.29167414813687,44.62080764770508,11848000
2024-02-08,44.47974347194232,45.07218081546894,44.30107348648035,44.940528869628906,12157800
2024-02-09,44.733643271384025,44.99694715176753,44.11299584816125,44.27286148071289,8258300
2024-02-12,44.71483944562383,45.72104060921167,44.63961129599638,45.26966094970703,13460800
2024-02-13,45.19442539240522,45.42011339154241,44.19762656568543,44.743045806884766,11578800
2024-02-14,45.15681001739893,45.15681001739893,44.42331863141921,44.90290832519531,9389200
2024-02-15,44.99694513876853,45.95612812942909,44.89350689556412,45.68342208862305,9901900
2024-02-16,45.79626862873718,45.97493860844029,45.38250128400902,45.67401885986328,6365400
2024-02-20,45.61759695570484,45.974940517193346,45.382503168165705,45.62700271606445,10236400
2024-02-21,45.871498235109456,46.3416858056612,45.692828249708526,46.27585983276367,9693000
2024-02-22,46.238249689292346,46.64261133699619,45.91852554550011,46.32288360595703,8047900
2024-02-23,45.96553863842594,46.14420862669107,45.53296334027654,45.90911483764648,7420700
2024-02-26,45.79627139535069,46.09719116210667,45.52356173571354,45.66461944580078,5793800
2024-02-27,46.01255700324795,46.0877851509045,45.288467697415065,45.570579528808594,8009200
2024-02-28,45.363699141647615,45.83388672003961,45.090989485241096,45.28846740722656,6991600
2024-02-29,45.67401793879543,45.96553550877091,45.26025418965765,45.44832992553711,12542800
2024-03-01,46.078382794021955,46.755454056465254,45.89971280520899,46.40751266479492,8507700
2024-03-04,46.595588857079925,46.98114253247113,46.08778540541934,46.47333908081055,7684100
2024-03-05,46.275858496411125,47.056371562865706,46.275858496411125,46.69902801513672,6684300
2024-03-06,47.48894401125302,47.507751944301305,46.64260496031231,47.046966552734375,7861000
2024-03-07,47.00935700271088,47.91211631795391,46.94352743959735,47.75225067138672,8501400
2024-03-08,47.66761880835154,47.78986859188833,47.18802902254842,47.39491271972656,7026500
2024-03-11,47.13160213971663,48.5045526032637,47.13160213971663,48.4575309753418,10392700
2024-03-12,48.74905326860499,48.74905326860499,48.02496389318284,48.49515151977539,6986100
2024-03-13,49.14400259114755,49.585980049048835,48.880698703332186,49.43552017211914,8861000
2024-03-14,49.65180979464672,50.51695684318031,49.65180979464672,50.05617141723633,9387200
2024-03-15,49.65180632134915,50.70502546622799,49.65180632134915,49.71763229370117,16719700
2024-03-18,50.027957771797624,50.479337404976306,49.55777020549736,50.24424362182617,5667300
2024-03-19,50.33827896695619,51.297462018706774,50.2724529956127,51.23163604736328,7467600
2024-03-20,50.89309514262881,51.31626461961564,50.705019420940665,51.156402587890625,6819300
2024-03-21,51.231635182687334,51.53255492867771,51.0905810695804,51.19401931762695,6457200
2024-03-22,51.42911080833168,51.79586009550581,50.38529750363142,50.770851135253906,9009500
2024-03-25,51.05296940967063,51.476138958339874,50.968335499936785,51.07177734375,7975300
2024-03-26,51.137606022191754,51.344486133505846,50.7520523213035,50.84608840942383,5912600
2024-03-27,50.827277309908936,51.645402704810174,50.6862231865103,51.6265983581543,6995700
2024-03-28,52.11559133755814,52.36949306947213,51.41971570542055,51.54196548461914,8032400
2024-04-01,51.86169096372755,52.181418658256426,51.18461970772603,51.92751693725586,4871500
2024-04-02,51.67361378059675,51.95572560034391,50.009149380668205,51.41971206665039,18540100
2024-04-03,51.946325192101355,52.049763445966846,51.052968076516144,51.58898162841797,13255900
2024-04-04,51.58898210462517,51.72063405371153,50.75204878207911,51.03416061401367,12040800
2024-04-05,51.25044267957984,51.9933398655991,50.76144719969044,51.74884033203125,10016100
2024-04-08,52.13439799049072,52.33187950195683,50.74264317317511,50.817874908447266,8975900
2024-04-09,51.250446221710185,51.35388806327308,50.65800886646138,50.94012069702149,6685700
2024-04-10,50.6674182270832,51.26925779830743,50.12199887363199,50.96833801269531,8179200
2024-04-11,51.06237000669892,51.12819598032123,49.98094073487058,50.78025817871094,7522300
2024-04-12,50.87429587585715,51.37269716129762,48.77725965192775,48.89950942993164,13006300
2024-04-15,49.55776490019441,49.75524279596079,48.382296110281096,48.58917617797851,9480000
2024-04-16,48.429322326189194,48.61739808179848,47.66761713023256,48.344688415527344,10349000
2024-04-17,48.46694149258434,48.861897377715735,47.72404418036453,47.78046798706055,7821600
2024-04-18,48.13780758731048,48.68322695227664,47.771061815055866,47.902713775634766,8422100
2024-04-19,46.69903461486951,47.742851712827786,46.09719503084774,46.87770462036133,16841600
2024-04-22,46.426320007711674,47.06577539471682,45.79627038103552,46.5579719543457,10880000
2024-04-23,46.31347685217798,46.86829834272946,46.01255708651411,46.59558868408203,11136300
2024-04-24,46.30407732797542,46.74605124125334,45.72104210980551,46.181827545166016,10180400
2024-04-25,46.3416894620692,46.670822939772286,45.75865783301224,46.492149353027344,7966900
2024-04-26,46.3887063739868,46.68962612529362,46.0689786898175,46.266456604003906,8250900
2024-04-29,46.125399953676975,46.45453340541109,45.711636183000174,46.27585983276367,8941700
2024-04-30,46.01256219124965,46.407518082283296,44.60199928799184,44.649017333984375,14143700
2024-05-01,44.573782735779915,44.931122703475864,44.12239951519665,44.34809112548828,11217900
2024-05-02,44.72423787574899,45.13800159899789,44.4421224959584,44.743045806884766,8933600
2024-05-03,45.10980069222033,45.10980069222033,44.31988535971205,44.81828308105469,11007400
2024-05-06,45.213238988894254,45.65521287060442,44.95933726761572,45.10039138793945,9857700
2024-05-07,45.08158857183852,45.55177620078353,44.940534435503174,45.297874450683594,8587000
2024-05-08,44.80887736494028,45.30727504688335,44.74305139137219,45.00635528564453,6453400
2024-05-09,45.17562599957411,45.73044751758094,45.090992087090136,45.58938980102539,6367600
2024-05-10,45.862101823707185,45.91852563067061,45.260262231751746,45.60820007324219,9206600
2024-05-13,45.83388624854822,46.03136416850224,45.65521267475948,45.84328842163086,6555800
2024-05-14,45.98434246319245,46.07837853550928,45.14740563568923,45.72103500366211,8404900
2024-05-15,45.76805934201859,45.76805934201859,44.57378599271085,45.42952728271485,6939700
2024-05-16,45.119202806713176,45.758658245866414,45.10980063286392,45.53296661376953,7625100
2024-05-17,45.79626715022528,45.86209311889844,45.41071351060552,45.69282531738281,5534400
2024-05-20,45.70223163021421,45.7680576048509,45.025163950058726,45.35429382324219,6877400
2024-05-21,45.36369897028577,46.19122652231217,45.326083103217336,45.41071701049805,6926500
2024-05-22,45.34489160299309,45.41071757756158,43.49235138007426,43.70863723754883,11801400
2024-05-23,43.840289783884074,44.33869106743755,43.29487404613731,43.55817794799805,8766100
2024-05-24,43.8120781692257,44.07538206202813,43.37010070295319,43.482948303222656,6801000
2024-05-28,43.765055325930426,44.413912813654704,43.55817166872293,43.75564956665039,10387400
2024-05-29,43.2572558652225,43.652211696896245,42.702434396504785,42.91872024536133,13138900
2024-05-30,42.88110245933088,43.426521730740944,42.74004834886867,42.871700286865234,14337100
2024-05-31,42.93753415886025,43.28547200006996,42.7494583897142,43.1538200378418,41723600
2024-06-03,43.39831928063611,43.39831928063611,41.19784104919335,41.44233703613281,15482100
2024-06-04,41.14141733535178,41.24485918718303,40.39852002424275,40.82168960571289,15700900
2024-06-05,41.28067543034805,41.37531463548533,40.4857241577776,40.883201599121094,10660500
2024-06-06,40.76017236250227,41.40370451578551,40.4762619678459,41.31853103637695,10522200
2024-06-07,41.10086336943214,42.321681951126074,41.03461773570763,42.160797119140625,15023100
2024-06-10,42.16080182142482,42.87057964202159,41.58351528305411,42.56774139404297,12966600
2024-06-11,42.18918714394616,42.66237226520109,41.89581106912634,42.548805236816406,8300300
2024-06-12,42.984143673407104,43.05985504150094,42.27436584305269,42.31222152709961,8142100
2024-06-13,42.05670197134103,42.28383247034679,41.100869394542805,41.46049118041992,12180200
2024-06-14,41.12925343300205,41.12925343300205,40.32484010128889,40.69392395019531,12740300
2024-06-17,40.78856705477327,41.498344928882666,40.70339356547546,41.29014587402344,11065500
2024-06-18,41.90527873101539,42.76647562131015,41.46048711302785,42.056697845458984,13068900
2024-06-20,42.05670107659723,43.36269329533293,41.962065476592976,43.02199935913086,14612900
2024-06-21,43.22072767803425,43.533031594064745,43.021990791532666,43.21126556396485,26455400
2024-06-24,43.47625494453465,45.113475305888045,43.410009305240095,44.93366622924805,19090400
2024-06-25,44.460482386078446,45.08508672572514,44.39423674476112,44.97152328491211,14237000
2024-06-26,44.81063571107214,44.91473702970583,43.731774063625615,43.750701904296875,13501700
2024-06-27,43.98728980975414,44.51725846172084,43.9021163408687,44.48886489868164,9948000
2024-06-28,44.71600302685472,45.06615907676144,44.32799129314277,44.649757385253906,14139900
2024-07-01,44.93366320582692,44.93366320582692,43.98729286802067,44.081932067871094,8464000
2024-07-02,44.498335296974375,44.734927889827205,43.674994084679135,44.186031341552734,7927800
2024-07-03,44.49833311141276,44.99044611359021,44.39423179805189,44.77278137207031,6655500
2024-07-05,44.64974947287414,44.801168571145425,43.49517659223303,43.665523529052734,7917100
2024-07-08,43.5425016085437,43.86426769702527,43.32483684429391,43.76016998291016,5470400
2024-07-09,43.428938047026016,43.466793730298335,42.7380880728312,42.77594375610352,6740300
2024-07-10,42.6813032784948,42.87057807911032,42.37846504155661,42.85165023803711,8538300
2024-07-11,42.946294676791624,43.826419538305736,42.728629893100184,43.712852478027344,6239400
2024-07-12,44.252277549443555,44.252277549443555,43.68445676332042,43.930511474609375,6584000
2024-07-15,44.280668821045424,46.06930817576764,44.07246619220239,45.38792037963867,11441800
2024-07-16,44.96205538129486,46.324831045514635,44.895809743186014,46.1071662902832,8220200
2024-07-17,46.1355546000177,46.61820189045898,45.95574553301337,46.27751159667969,8453300
2024-07-18,46.15448408748716,46.693914917868646,45.974675014065504,46.1071662902832,10758700
2024-07-19,46.82640887283517,48.208108846884755,45.75700926629036,47.00621795654297,17681000
2024-07-22,46.69391192752182,47.810629198578354,46.58981061427,46.78854751586914,11212800
2024-07-23,46.64659457969785,47.25227101519534,46.05038025907911,46.419464111328125,10099000
2024-07-24,46.466782390404965,46.54249375068966,45.29328518692308,45.45416641235352,8552900
2024-07-25,45.17025886021675,46.27751410796373,45.132403177703765,45.6434440612793,9608000
2024-07-26,46.173406072259006,46.66551904302227,45.5771917947802,46.21126174926758,8231500
2024-07-29,45.596127432205286,46.192341811662686,45.10401437726929,45.29328918457031,9104400
2024-07-30,44.990444584380334,45.37845626000851,44.62136074782136,45.05669021606445,9880400
2024-07-31,45.54881051801552,45.965212214075976,45.36899782303291,45.70022964477539,6599800
2024-08-01,45.69075744220015,45.73807884582487,43.76962686684916,44.15763854980469,8952100
2024-08-02,43.514112122853895,43.54250208063704,42.17026783940682,42.52042388916016,11848400
2024-08-05,41.148185833823696,41.92420929706061,40.99676670953641,41.42263412475586,13010800
2024-08-06,41.45102141464658,41.801177440128306,41.00622979636972,41.07247543334961,8364000
2024-08-07,41.63083525643841,42.03777120490236,40.514117901745365,40.56143569946289,9259000
2024-08-08,40.675001672334794,41.40370735499675,40.60875602937614,41.346923828125,6697400
2024-08-09,41.14818612098961,41.46049009770228,40.996766995645594,41.21443176269531,5418000
2024-08-12,41.488882212217305,41.76333051933116,41.16711610287065,41.5456657409668,6599200
2024-08-13,41.26174927450999,41.61190893264414,41.06301235077981,41.42263412475586,5253400
2024-08-14,41.64029338142164,41.70653901390097,41.16710822936003,41.432090759277344,6305300
2024-08-15,42.0850923302267,42.70023091665831,41.96206316889376,42.6245231628418,7940000
2024-08-16,42.1797268351031,42.62452206142492,42.16079899460893,42.37846374511719,6013000
2024-08-19,42.71915410196199,43.32483050695155,42.596124954037194,42.9273567199707,8046500
2024-08-20,42.79486895513676,42.908432387824455,41.64975807261858,41.66868591308594,7409000
2024-08-21,42.15134068215744,42.28383196745304,41.744401100111375,41.82957458496094,5529900
2024-08-22,41.87688963480498,42.05669870873621,41.62136919703965,41.75386047363281,7164300
2024-08-23,42.11348103223749,42.870576598434205,42.00937971498861,42.70022964477539,6244500
2024-08-26,43.53303335534592,43.68445245739465,42.81379352314349,43.154483795166016,6222100
2024-08-27,43.01253487770733,43.09770835707374,42.37846484017593,42.6245231628418,5199400
2024-08-28,41.602444192209205,41.79171900458123,41.17657676690135,41.39424514770508,9866400
2024-08-29,41.86742958280304,42.03777293959204,41.08194038983599,41.810646057128906,8000800
2024-08-30,41.46995163768209,41.678154285932386,41.06301206707469,41.630836486816406,10174700
2024-09-03,40.84533658538329,40.87372653538013,39.74754732741179,40.021995544433594,12685000
2024-09-04,40.04581390577106,40.37921003937534,39.31233877809632,39.35996627807617,10048600
2024-09-05,39.71241617056816,39.81719885613292,39.01704446079217,39.26471328735352,10621900
2024-09-06,39.2456693970868,39.65527254041381,38.45503889084055,38.69318008422851,9864100
2024-09-09,38.8646331401919,39.21708100830123,38.435978363439794,38.493133544921875,11082500
2024-09-10,38.55981812349807,38.55981812349807,37.26432956677795,37.7120361328125,10782700
2024-09-11,37.683457672619475,37.88349537070604,36.826148061183304,37.6929817199707,15568300
2024-09-12,37.86444753358251,38.31215411375945,37.50247192335976,37.91207504272461,15404400
2024-09-13,38.20737362672499,38.578873306798464,37.635832582672826,38.06448745727539,17481700
2024-09-16,38.86464343282668,39.20756734504589,38.1311680947459,38.483619689941406,24556100
2024-09-17,38.60744050358624,39.70289120249133,38.52170954772632,39.53142929077149,18400300
2024-09-18,39.55048172156013,40.09344324041591,39.22660961963339,39.455223083496094,12663600
2024-09-19,40.67450994698396,41.2174714889666,40.036289762879846,40.722137451171875,17113300
2024-09-20,40.855496425264135,40.855496425264135,40.007714485424685,40.39826583862305,22881600
2024-09-23,40.53162476193667,41.160317279866106,40.369690517108154,40.86502456665039,12921100
2024-09-24,41.760437005408406,41.95095067403744,40.91265499544252,40.94123077392578,12006200
2024-09-25,40.769769682496346,40.969807403526765,39.68384647262142,39.82673263549805,12552400
2024-09-26,39.131355651385746,39.54095508779674,38.60744221252576,39.21708297729492,20933300
2024-09-27,39.72194140545666,40.312530393302914,39.62668277274256,40.28395462036133,14875800
2024-09-30,39.97914236761195,40.45542472649704,39.58859097867604,39.96009063720703,12219600
2024-10-01,39.76957136914916,41.52229034849262,39.76004732216026,41.09363555908203,14716500
2024-10-02,41.39845562702463,42.084303284976635,41.23652139320012,41.85568618774414,14614600
2024-10-03,41.855686843192686,42.8082514347116,41.47466318683245,42.760623931884766,13775400
2024-10-04,43.370271923714306,43.54173386948917,42.770158747248445,43.303592681884766,11294700
2024-10-07,43.43694561726357,43.97038311750909,43.22738386988678,43.42742156982422,8963600
2024-10-08,42.81778229790666,43.02734405266929,41.88426936488532,42.04620361328125,13404700
2024-10-09,41.70328140972067,42.32244991831584,41.560398884945904,42.112884521484375,9980700
2024-10-10,42.46533072079322,42.979712832349,42.15098266519393,42.484378814697266,9707400
2024-10-11,42.2176667569256,42.82730757693601,42.179563297238474,42.65584564208984,8892300
2024-10-14,42.28434309312014,42.598691163350765,42.12240885118001,42.57963943481445,7048100
2024-10-15,41.503243977373614,41.82711612297925,40.855499686162354,40.912654876708984,10230900
2024-10-16,41.331776184579354,41.61754482933968,41.06505926730245,41.6080207824707,8692900
2024-10-17,41.43656203782351,41.960471865575585,41.23652433456749,41.9033203125,14481300
2024-10-18,41.903319216271065,41.99857422473558,39.90293133480548,39.9315071105957,21355900
2024-10-21,40.08392027887944,40.903122785939665,40.08392027887944,40.41731643676758,13839400
2024-10-22,40.70308333317346,40.71261101369909,39.80767395227269,39.94103240966797,11377900
2024-10-23,39.89340867203301,40.322063492491885,39.66479155653969,40.13154983520508,11117900
2024-10-24,39.912453744350934,40.131543141878986,39.24565787193133,39.29328536987305,13897100
2024-10-25,39.57905831341131,40.16012329949166,39.39807234797053,39.760047912597656,15345700
2024-10-28,38.69317202732304,39.645736602526675,38.48361029172517,39.4266471862793,10589900
2024-10-29,39.35045363802009,39.35045363802009,38.31215784901108,38.5121955871582,15895600
2024-10-30,38.62649563213907,38.91226429892054,38.216892544045535,38.2454719543457,12252100
2024-10-31,38.48361767610086,38.664603671969424,38.11211436813984,38.16926956176758,14264900
2024-11-01,38.25499350369706,38.474082921713354,37.80728698693804,37.873966217041016,12605900
2024-11-04,38.016854497653355,38.67412278869488,37.969226992577134,38.40740585327149,11103000
2024-11-05,38.48361284581202,38.81700901576199,38.254995733742234,38.626495361328125,10810900
2024-11-06,40.50305397001311,42.22719749115501,39.76957866987251,41.69375991821289,25379300
2024-11-07,41.674698681715135,41.827108862972736,40.71261009385378,41.18889236450195,15426700
2024-11-08,40.950758398382625,41.44608884887778,40.5125758710277,41.131744384765625,13598100
2024-11-11,41.236529773275095,42.331977078736585,41.150798798608875,42.18909454345703,12193700
2024-11-12,42.29387115865911,42.83683270876895,42.10335750531014,42.22719192504883,13725800
2024-11-13,42.36055099728069,42.38912677388016,41.16984518902563,41.52229309082031,9900400
2024-11-14,41.74138299488631,41.91284492391106,40.97933199574617,41.38893508911133,10061400
2024-11-15,41.30320632291625,41.884271376232704,40.82692396888584,41.131744384765625,9632100
2024-11-18,41.760440134568,41.855695159147096,41.13174752460572,41.42704391479492,6955500
2024-11-19,40.69356241736852,41.427037623221814,40.63640723105353,41.05553436279297,8178400
2024-11-20,41.19842433631452,41.57945167962856,40.88407623301852,41.46514129638672,8329600
2024-11-21,41.7699598757236,42.43675588024827,41.56992216448997,41.970001220703125,11529000
2024-11-22,42.06525588310955,42.57964167946961,41.95094913961149,42.131935119628906,9015500
2024-11-25,42.51295956498644,42.83683167776093,41.55086727391563,41.67470169067383,14173200
2024-11-26,41.789010622378825,41.80806235163089,41.1317423150388,41.417510986328125,11192300
2024-11-27,41.53181880977866,42.19861481598412,41.427039746782086,41.58897399902344,8297200
2024-11-29,41.72232772841914,41.98904828081463,41.579445222176126,41.85568618774414,4143300
2024-12-02,41.750911764995685,41.846166779717265,40.99838479395918,41.56039810180664,8511400
2024-12-03,42.10335853415389,42.13193431104352,41.05553523200267,41.57944869995117,7429600
2024-12-04,41.555478969113054,41.651341556336334,40.56811808980794,40.970733642578125,10231100
2024-12-05,41.18162300865871,41.36376009151411,40.22301910069114,40.28053665161133,8466500
2024-12-06,40.02171371646331,40.16550576737967,39.14938429430397,39.2644157409668,15727500
2024-12-09,39.782062175213305,40.01212872207889,39.417791666336015,39.465721130371094,10656900
2024-12-10,39.40820526828674,39.8779191118713,38.79469938299387,39.17813873291016,10075800
2024-12-11,39.39862372264015,40.060062836166765,39.274007833040635,39.83958435058594,9958300
2024-12-12,39.81082059361531,39.88751066433274,39.312346104303565,39.39862060546875,7309700
2024-12-13,39.43696372596627,39.456136242714706,38.4112578490188,38.555049896240234,10763100
2024-12-16,38.44002019152765,39.321937801831034,38.123682762733736,38.229129791259766,14900700
2024-12-17,37.749823423433185,37.960713799387456,37.0979724647736,37.318450927734375,18705300
2024-12-18,37.356800910121635,37.58686383377712,35.736757729119816,35.784690856933594,15657400
2024-12-19,36.17771550048776,36.2927469531908,35.0082174848576,35.38207244873047,16159200
2024-12-20,35.30538558959961,35.8326170360568,35.104075978914864,35.30538558959961,36468300
2024-12-23,35.24786880001453,35.83261781317536,35.13283734625987,35.71758270263672,10833900
2024-12-24,35.736756430130704,36.20647400542869,35.36290145019154,36.16812896728515,4555400
2024-12-26,36.177717055213094,36.30233294400341,35.70799947991511,36.16812896728515,8145400
2024-12-27,36.08184920404159,36.72411570064649,35.94764524687197,36.235225677490234,9493700
2024-12-30,36.081851257163095,36.3598472738521,35.69841188011489,36.244815826416016,10995000
2024-12-31,36.30233501451242,36.98294668163451,36.28316249434715,36.75288009643555,7817100
2025-01-02,37.25134737979606,37.797751299116086,36.66659842762953,36.81039047241211,11557000
2025-01-03,37.078793863645934,37.136311405896194,36.455699954675765,36.99251937866211,10312700
2025-01-06,37.28969851215938,37.89361642274907,37.0212868951131,37.15549087524414,8366600
2025-01-07,37.567692975628944,38.04699502069237,37.15549292433165,37.74024200439453,9350100
2025-01-08,37.11714042843666,37.51016784145999,36.819971933015786,37.20341491699219,11319700
2025-01-10,37.93195273867493,38.046984172792925,36.91583137641309,37.021278381347656,15273600
2025-01-13,37.203425333317774,38.372919813996056,37.174664724557914,38.20037078857422,15964000
2025-01-14,37.94154348045805,38.47835931510675,37.596445497164666,38.21953582763672,12119700
2025-01-15,38.34415853822,39.21648799869315,38.34415853822,38.957664489746094,11877400
2025-01-16,38.77552460700737,39.51364997497467,38.66049317441527,39.38903045654297,16148800
2025-01-17,40.40516254744621,42.65788062326444,39.88751547798511,41.77596664428711,30731300
2025-01-21,42.130650156941456,42.81125817788352,41.5554855133748,41.929344177246094,22986900
2025-01-22,41.58424184739028,41.65134383372365,39.74372029669012,39.90668487548828,23719200
2025-01-23,40.38598557523734,40.42432695421247,39.86833856284248,40.29012298583984,19071500
2025-01-24,40.453085245906934,40.85569712799938,39.99295581346543,40.501014709472656,19431100
2025-01-27,40.44350099703619,41.00907749706323,40.261367555489315,40.779014587402344,15306200
2025-01-28,40.788594671619144,41.00907312687525,39.245241828042786,39.60951232910156,16077500
2025-01-29,39.609517435224475,40.06964692161194,38.98642336546706,39.24524688720703,12734700
2025-01-30,39.32193374633789,39.66703174709147,39.00559269338584,39.32193374633789,10171100
2025-01-31,39.47530516338467,39.580752167503334,38.20036034163474,38.6125602722168,13105300
2025-02-03,38.468778756326046,39.22607312166603,37.922374780055335,38.497535705566406,12507600
2025-02-04,38.09492686424218,39.78206839690915,37.98947983280345,39.5136604309082,12752000
2025-02-05,39.44125708739405,39.701882572203104,38.804173796386294,39.39299392700195,15186000
2025-02-06,39.66327575026671,39.83702609616126,38.340845835174726,38.659385681152344,13112700
2025-02-07,38.79452494379786,39.2578579831258,38.60147227242731,38.765567779541016,11776400
2025-02-10,39.19028596144698,39.93355047534686,39.19028596144698,39.77910614013672,9388100
2025-02-11,39.84667993635517,40.72508288534334,39.62466640883551,40.32931900024414,11266700
2025-02-12,40.087993028128054,40.27139819957771,39.730841209255246,40.010772705078125,14649100
2025-02-13,40.05904104969441,40.79265078367025,40.00112303823169,40.61890411376953,12099000
2025-02-14,40.79264799452388,41.13049751492412,40.25209465347304,40.30035781860352,12225100
2025-02-18,40.57063807547893,41.56487703982371,40.10730502123059,41.16911315917969,14315700
2025-02-19,40.97604906824661,41.33320087309052,40.58993642143373,40.715423583984375,12752500
2025-02-20,40.64785781452715,41.429730650305245,40.52237064150665,41.12084197998047,9999100
2025-02-21,40.831256109374465,40.995355273875866,40.15556081519354,40.29070281982422,13671600
2025-02-24,40.48375744920678,40.54167545403441,40.039730458924794,40.08799362182617,12990200
2025-02-25,40.001121804658034,40.493415681300256,39.219248926363555,39.58605194091797,14474100
2025-02-26,39.74049675428083,39.80806960749084,38.84279152826427,39.19028854370117,11607300
2025-02-27,39.4412616753024,40.194177375280894,39.08410982816434,39.489524841308594,15135900
2025-02-28,39.40264822428602,40.26174506731204,38.900703215297504,40.21348190307617,17747800
2025-03-03,40.522370667441315,40.69612100489063,38.109175627582424,38.43737030029297,18379000
2025-03-04,37.83889674671279,38.350492886901094,36.84465794455854,37.72306442260742,18236200
2025-03-05,37.3562605646393,38.22500858385579,36.95084187654349,38.0609130859375,13651100
2025-03-06,37.66514809205493,38.582162930699305,37.655493249975535,38.379451751708984,12348300
2025-03-07,38.553203886023205,40.41619081201099,38.475983557000895,39.93355178833008,19615800
2025-03-10,39.78876423721194,40.70577548127503,39.46056953776247,39.71154022216797,18761500
2025-03-11,39.95285877948201,40.020427949889346,38.63042885291084,38.68834686279297,16397400
2025-03-12,38.81383002392043,39.2192487250889,38.35049699561617,38.659385681152344,10562200
2025-03-13,38.688345577454704,39.21924776255011,38.244314880930936,38.54355239868164,13912800
2025-03-14,38.99723239240276,39.99146754693367,38.90070238375106,39.67292404174805,13049400
2025-03-17,39.67292680950544,40.25209585509105,39.60535763985699,39.99147033691406,11825600
2025-03-18,40.15556338006152,40.31000771297548,39.38334171549175,39.70188522338867,14406400
2025-03-19,39.93355333434844,40.223136023319405,39.51848346333404,39.65362548828125,19553700
2025-03-20,39.34472708903329,40.3293110265699,39.1902827664144,39.84667205810547,12753100
2025-03-21,39.55709473003085,40.097651772970515,39.34473237704677,39.566749572753906,73470100
2025-03-24,39.88528758927443,40.34862059813731,39.70188609063395,40.25209426879883,10438900
2025-03-25,40.54167782444597,40.91813567222829,40.454802653246695,40.811954498291016,12757600
2025-03-26,41.2559863337,41.84480286333981,40.860222472273314,40.94709396362305,11744300
2025-03-27,40.908483013424,41.342858853508304,40.47410717333969,40.63820266723633,23868500
2025-03-28,40.68646777809073,41.0725767555082,40.04938446722085,40.42584228515625,12888600
2025-03-31,39.92389658152731,40.715424205558655,39.83702141878031,40.34861755371094,13596500
2025-04-01,40.329318671115345,40.9760569262153,39.99147280204777,40.734737396240234,13547400
2025-04-02,40.17487040263891,40.95674692914204,39.769455399281064,40.72507858276367,16509300
2025-04-03,38.524251980369606,38.900709881057395,37.684460995585766,37.84855651855469,40728800
2025-04-04,36.11105086545868,36.45855154455587,32.858064943453904,33.57236862182617,49175000
2025-04-07,31.8927886977028,33.900565192531914,30.753760266910295,31.989315032958984,36020400
2025-04-08,33.23452243361331,33.43722993352859,30.42556355027311,30.840633392333984,31416000
2025-04-09,30.203545706590766,35.21333657115924,30.029795393854947,34.73069763183594,45400900
2025-04-10,33.572367351204306,33.63993651599996,30.773061545316672,31.410146713256836,37839000
2025-04-11,31.400493915707163,32.82910499363988,30.98542405794198,32.78084182739258,20884400
2025-04-14,33.49514493696135,33.49514493696135,32.288547523398215,32.742225646972656,15477100
2025-04-15,32.66500399758047,33.17660010178797,32.4429905243915,32.5877799987793,11618900
2025-04-16,32.81945167108308,33.50479816047612,32.61674417685302,32.9642448425293,13107900
2025-04-17,33.350354097753794,34.22875692873104,32.944939106030446,33.89091110229492,15923000
2025-04-21,33.514452981952395,33.514452981952395,32.81945165102461,33.41792297363281,10698700
2025-04-22,33.62064180334703,33.75578016351388,32.655363593876174,33.40827941894531,18894100
2025-04-23,33.91021964693089,34.354246675612444,32.62639804571782,32.848411560058594,17255900
2025-04-24,33.12834287746194,33.8716074289603,32.86771735819028,33.7171630859375,15197200
2025-04-25,33.09938238340724,34.296325000837456,32.46229907226065,33.32139587402344,23936500
2025-04-28,33.292442839726974,33.45653834703463,32.539523427965925,32.91598129272461,13252800
2025-04-29,32.61674381788134,33.09938280773253,32.09549282510368,32.92563247680664,14629600
2025-04-30,32.27889480999508,32.452645143581975,31.497021991097373,32.09549331665039,21855700
2025-05-01,32.04723419353551,33.051124318098424,31.9603590157898,32.568485260009766,18079800
2025-05-02,33.02216006155961,33.553062234199324,32.63605106429592,33.524105072021484,13305000
2025-05-05,32.73257315541003,33.11868578493002,32.549171681621644,32.5877799987793,17270700
2025-05-06,32.91598097177126,33.128343327151605,32.26924642728551,32.414039611816406,17481500
2025-05-07,32.394732889346606,32.56848323402958,32.076189363346636,32.336814880371094,12123400
2025-05-08,32.81945299997266,33.77507986927663,32.732577830035936,33.12834167480469,14025400
2025-05-09,33.55306073162081,33.76542306406402,33.15729690985872,33.3503532409668,7407200
2025-05-12,34.71139432934308,35.58979711987049,34.42181167969816,34.6052131652832,12104300
2025-05-13,34.80792656345838,35.174729558121754,34.51834021302263,34.8561897277832,9218200
2025-05-14,34.460424993093795,35.078202317779485,34.412161830023344,34.75965881347656,10519500
2025-05-15,34.238413005203284,34.50868967609676,33.77507999128155,34.479732513427734,11998600
2025-05-16,34.431466049521305,34.56660806871687,33.93917586744691,34.52799606323242,12627000
2025-05-19,34.15153660364993,34.238411770768266,33.57236759544657,33.89091110229492,10077300
2025-05-20,33.85229841310217,33.85229841310217,33.20556393495171,33.369659423828125,13192100
2025-05-21,33.13799660507741,33.41792443584427,32.67465990935658,32.693965911865234,12564500
2025-05-22,32.41404093170228,32.7808439648943,32.027928212059976,32.5781364440918,11507700
2025-05-23,31.970009473555574,32.58778686516149,31.950703469787427,32.49126052856445,10467800
2025-05-27,32.7904964661044,32.915979961118445,32.31750860243726,32.75188446044922,17574800
2025-05-28,33.128343327151605,33.16695533399233,32.30785843412623,32.414039611816406,11032000
2025-05-29,32.64570122574954,32.70361923057711,32.17271707417595,32.510562896728516,9902900
2025-05-30,32.240284792374176,32.336811113846615,31.699727818296378,31.902435302734375,20668300
2025-06-02,32.56847805138775,32.65535320990474,31.76729562481519,32.18236541748047,12681500
2025-06-03,32.240285994956345,33.17660313134222,31.69007784110546,32.92563247680664,16171900
2025-06-04,32.97917229792384,33.30039606109741,32.24911390230234,32.3561897277832,13545100
2025-06-05,32.57033683866018,32.62874284560408,32.161505929859665,32.200443267822266,11545800
2025-06-06,32.59954305923324,33.15438715191418,32.49246723200199,32.96943664550781,10410100
2025-06-09,33.21278762817383,33.60215357617645,33.00837217644345,33.21278762817383,12437700
2025-06-10,33.62162283342604,34.82865060947833,33.43667233391637,34.575565338134766,15648900
2025-06-11,34.702109466362124,34.994132072777525,34.21540388458015,34.74104309082031,14446000
2025-06-12,34.3127428015123,34.75077855865346,33.99151534185251,34.682640075683594,10046700
2025-06-13,35.24722026258374,35.471104403165604,34.624237660396076,35.3348274230957,15387400
2025-06-16,35.17907667405236,35.441898117497594,34.633968832775125,34.95519256591797,16121500
2025-06-17,35.25695492214518,35.6268485053248,34.89679010387742,35.12067794799805,16172900
2025-06-18,35.140142347406695,35.47110229934806,34.86758840343227,34.89678955078125,17588600
2025-06-20,34.984397894706376,35.11094239296633,34.54636581651345,34.88705825805664,30021000
2025-06-23,35.19854590101824,35.20827837836627,32.7260807685214,32.83315658569336,25846100
2025-06-24,32.385391683221286,33.07651275713188,32.18097621853265,32.609275817871094,24521000
2025-06-25,32.599545547579915,32.823429697394,32.17124220596222,32.297786712646484,13448800
2025-06-26,32.38538846557166,32.96943365330256,32.28804512543734,32.93050003051758,14211000
2025-06-27,33.095980412577305,33.25172605422338,32.81369027669724,33.105712890625,17166000
2025-06-30,32.998638047014666,33.290660636765416,32.82342375051048,32.90129470825195,13101500
2025-07-01,32.90129535490019,34.81891646362493,32.5606029457064,34.26407241821289,18964600
2025-07-02,34.81891560559866,34.95519256591797,33.94284412744787,34.95519256591797,16153400
2025-07-03,35.04280272055851,35.04280272055851,34.54636464918895,34.702110290527344,7240700
2025-07-07,34.47822216447705,34.72157495913294,33.59241814046038,34.020721435546875,9710100
2025-07-08,34.04992791452008,35.733929071643416,34.010990570093405,35.568450927734375,13525700
2025-07-09,35.325093039537876,35.62684813248604,35.03307042466878,35.286155700683594,11430600
2025-07-10,35.07200423497296,35.99674561465308,34.750780470905816,35.67552185058594,11649200
2025-07-11,35.48083611735956,37.135635766378186,35.373760299883536,36.317970275878906,11335200
2025-07-14,36.03568629485639,36.13302593826086,35.003868993729874,35.2569580078125,12686400
2025-07-15,35.18881718332547,35.256955671847926,33.99151811181566,34.13753128051758,17351500
2025-07-16,34.06939032447645,34.25433710660396,33.388001775333144,33.670291900634766,19849600
2025-07-17,33.56321454226278,33.92337561233602,33.261455762149765,33.74816131591797,70887000
2025-07-18,33.38800554907798,34.17647000819611,32.288049783133516,32.43406295776367,35376400
2025-07-21,32.75528825863567,33.36853463908484,32.5703377547458,32.64821243286133,22403000
2025-07-22,32.74555117104353,33.53401555567364,32.4729972316366,33.43667221069336,20793800
2025-07-23,33.699850755034284,34.40677248388331,33.48680822884375,34.02910232543945,22471100
2025-07-24,33.835427104230256,34.28088775604324,33.612698625374655,34.125946044921875,15592100
2025-07-25,34.290570246787674,34.50361648642077,34.00005499808007,34.34867477416992,11467800
2025-07-28,34.52297799796684,35.04590386705523,34.43582307076859,34.86191177368164,13367900
2025-07-29,34.66823261957686,34.823174296878285,34.096884491883934,34.50360870361328,14315300
2025-07-30,34.30993660783095,34.38740561280791,32.847670812586564,33.08976745605469,17945400
2025-07-31,32.90577042408992,33.293126473447614,32.62493747301065,32.73146057128906,13121200
2025-08-01,32.54747049332493,32.54747049332493,31.33698738181538,32.00517272949219,17071400
2025-08-04,31.850231708685232,32.150432856528276,31.51129790797645,31.84054946899414,11901700
2025-08-05,31.95675898309964,32.55715766297905,31.666243731164556,32.44095230102539,12204500
2025-08-06,32.72178398877604,33.02198146952519,31.62750610016664,31.821184158325195,11467900
2025-08-07,32.23759028009757,32.59589228196418,31.67592428799704,31.75339698791504,11213300
2025-08-08,32.00517382217327,32.16980145189175,31.559716908513824,31.83086395263672,10217200
2025-08-11,32.04391351642234,32.07296393301208,31.133631420292986,31.3466739654541,10020000
2025-08-12,31.453190442244605,32.18916618929733,31.44350820346016,31.89864730834961,10286500
2025-08-13,31.947074327851137,32.4893684387207,31.782446691264607,32.4893684387207,10370400
2025-08-14,32.31505555912942,32.39252825011276,31.627502050107804,32.1697998046875,16284400
2025-08-15,32.05359239715157,32.29568902762583,31.888968461597752,31.94707298278809,10421900
2025-08-18,31.966435714182,32.508733466662754,31.73402503033397,32.24726867675781,9148300
2025-08-19,32.26663875367633,32.663677081607766,32.043910295968594,32.286006927490234,10834500
2025-08-20,32.16980062692304,32.57652118267736,31.92770400256414,32.30537414550781,9917500
2025-08-21,32.3053752251144,32.89609159934736,32.102014940441194,32.74114990234375,11130100
2025-08-22,32.925142378939874,34.57140023670716,32.86703785662991,34.48424530029297,16024900
2025-08-25,34.47456126604784,34.69729343345981,34.184046026691036,34.52298355102539,8184200
2025-08-26,34.36803872927604,34.46487590225221,33.903209955506625,34.20341110229492,16438200
2025-08-27,34.15499479175133,35.07496277273315,34.106576202036834,34.84254837036133,13565700
2025-08-28,34.823175064342514,35.37515503277517,34.57139621846664,35.32673645019531,18279500
2025-08-29,35.35579228982182,35.87872192782287,35.35579228982182,35.67536163330078,11887800
2025-09-02,35.52041594662464,35.597884943142596,34.532661305837436,34.76507568359375,20356300
2025-09-03,34.48688341185251,34.90661842645994,34.076904394248935,34.164756774902344,16567600
2025-09-04,34.16475446261867,35.16041346808308,33.72549258908102,35.15065002441406,12427600
2025-09-05,34.76019563842605,35.4337279844962,34.584490900553405,34.96518325805664,13436400
2025-09-08,35.248266452261305,35.47277725291524,34.56497060646166,34.92613983154297,27242300
2025-09-09,35.17017379620979,35.69728805356918,34.91638011136792,34.92613983154297,12029500
2025-09-10,34.8675786847317,35.50206484276647,34.33070091237336,35.29707717895508,20429100
2025-09-11,35.170169830322266,35.68752430916827,34.91637617409889,35.170169830322266,15317600
2025-09-12,35.39468179319024,35.658238900993126,34.574727587913195,34.72114944458008,13476900
2025-09-15,34.945661466187865,35.433729374161615,33.92071960417552,33.940242767333984,14218500
2025-09-16,34.0671424421976,34.71139195023686,33.79382187380995,34.39902877807617,20804800
2025-09-17,34.18427718179208,34.818763236507074,33.65716294040104,33.95976638793945,20414600
2025-09-18,34.17451455445042,34.252607210001315,33.344800569367315,33.91096115112305,18765500
2025-09-19,33.569313959737975,33.73525900376126,33.19838126456509,33.608360290527344,33104800
2025-09-22,32.788400359069755,33.40336693109022,32.63221878626514,33.11052322387695,19114000
2025-09-23,32.9836314931904,34.359982902258416,32.89577911713658,33.666927337646484,26182700
2025-09-24,33.97928934122925,34.32093538983511,33.72549194198262,33.784061431884766,14604500
2025-09-25,33.5985927873021,33.969525437666476,33.40336860426438,33.7645378112793,11619300
2025-09-26,33.930478911411775,35.062796295198154,33.930478911411775,34.67234420776367,14594600
2025-09-29,34.48688012969992,34.496639849437905,33.852390360514455,34.27212905883789,14983000
2025-09-30,33.88167192715154,33.96952429603105,32.62245588109941,33.54978561401367,18281900
2025-10-01,33.403372053307805,34.301415303728554,33.28623306299494,34.25260925292969,11264500
2025-10-02,34.125711681915824,34.359985946704676,33.247191567199636,33.295997619628906,10930200
2025-10-03,33.549781217873495,33.83286144979923,33.39359966295964,33.442405700683594,9581400
2025-10-06,33.72549148520671,34.00857176373906,33.354558834842344,33.7645378112793,18649900
2025-10-07,33.73525471523965,34.2623652192361,33.237423370118584,33.58883285522461,18080300
2025-10-08,33.715733227936816,33.75477955570304,33.05196055056218,33.15933609008789,15217300
2025-10-09,33.43265329515336,33.72549330921046,32.2027237466484,32.33938217163086,12284900
2025-10-10,32.23200763968471,32.30033685431437,30.963029861450195,30.963029861450195,15644200
2025-10-13,31.31443826366536,31.54870877050639,30.88493612835251,31.499902725219727,29484700
2025-10-14,30.992310740885195,31.97820623155384,30.93374311591595,31.792741775512695,13014200
2025-10-15,32.056298880621135,32.12462808672379,31.55847127563572,31.792741775512695,16212900
2025-10-16,31.978210190858587,32.15391494935201,31.577994623993114,32.13439178466797,24453600
2025-10-17,31.91964184638152,32.46627551880085,30.884936543546527,31.8513126373291,39002900
2025-10-20,32.16367270861344,32.681023448478754,31.724410890019183,32.63221740722656,17997800
2025-10-21,32.91530161206505,33.16909529124919,32.32961787572342,32.72007369995117,18033400
2025-10-22,33.276471111450334,34.38926537918012,33.18861873643679,34.067142486572266,18761400
2025-10-23,34.79924424924668,35.2287426791153,34.14523129894336,35.15065002441406,19431500
2025-10-24,35.238502282645356,35.765616529148225,34.94566227580912,34.97494888305664,17000600
2025-10-27,35.30683690042374,35.95109022725374,35.033520015341885,35.29707717895508,17423200
2025-10-28,35.31659365840508,35.46301551835317,34.83828547641558,35.00423049926758,12504600
2025-10-29,35.06279696360052,36.06821939305993,34.935901987688176,35.95108413696289,16662800
2025-10-30,35.80466035815933,36.16582955060196,35.4142045605126,35.453250885009766,15557600
2025-10-31,35.39468326136483,35.65824038010009,34.926138513723025,35.199459075927734,15188200
2025-11-03,35.23850395297017,36.41963120360069,35.170174738924956,36.13655090332031,19349000
2025-11-04,35.45325403923941,35.58991246347535,34.935903226442555,35.258026123046875,18718800
2025-11-05,35.38492109629914,36.146305793144094,35.10184083384977,35.67776107788086,14655300
2025-11-06,35.78513812018815,36.32201206307222,35.47277496346786,35.4922981262207,14651300
2025-11-07,35.609432440034126,35.92179558851721,35.03351218683172,35.78513717651367,11074700
2025-11-10,35.999888108569316,36.16582940150447,35.2482631215786,36.029170989990234,12276000
2025-11-11,36.31225544682105,37.171256063044446,36.22440306875658,36.71247100830078,10426200
2025-11-12,36.409863626756206,36.65389757026484,35.14088786524378,35.2092170715332,11588100
2025-11-13,35.3556443220864,36.05845965454469,35.21898588865459,35.44349670410156,10203600
2025-11-14,35.570388503174875,36.44891224454237,35.02375481846861,36.05845642089844,10858300
2025-11-17,35.94132248783766,36.04869802948005,34.76019897709702,34.94566345214844,10775700
2025-11-18,34.584492015956826,35.365399918541584,34.438070155119796,35.179935455322266,15306200
2025-11-19,34.53568576056132,35.26778761297658,34.28188836647299,35.00423049926758,9709500
2025-11-20,35.34588268032481,35.96084938579566,34.252611433448045,34.350223541259766,11718200
2025-11-21,34.330699676361846,35.46302095644997,33.82311225767406,35.326358795166016,20752800
2025-11-24,35.14089126969493,35.218983926541306,34.45759541694053,34.857810974121094,36923800
2025-11-25,34.965185086822906,35.092083787181934,34.174513725041926,35.043277740478516,13234500
2025-11-26,34.8968581164745,35.18969813915289,34.44783650012344,34.80900573730469,9754200
2025-11-28,34.867572954771575,35.5118224520656,34.67234504451161,35.37516403198242,4013000
2025-12-01,35.384924076056315,36.09750278992082,35.36540091248517,35.72657012939453,12674200
2025-12-02,35.443492081169886,35.64847970458084,34.66258046570663,35.4922981262207,12825600
2025-12-03,35.84156563869746,37.02218341940252,35.64479538306654,36.94347381591797,16133700
2025-12-04,36.89428419835666,37.6813615106388,36.80573776615738,37.504268646240234,15860100
2025-12-05,37.61249115005557,38.37005420917039,37.60265432597276,37.838775634765625,12579700
2025-12-08,37.71087995991377,38.20280375535383,37.12056915353727,37.62233352661133,24484700
2025-12-09,37.48459188240923,38.065062113801446,37.48459188240923,37.68136215209961,16847300
2025-12-10,37.73054953765906,39.34406256518216,37.58297466679972,39.285030364990234,20648100
2025-12-11,39.206324744839904,40.21969030906663,39.13745571416477,39.68841171264648,18982800
2025-12-12,39.895016892237535,40.12130137547716,38.517632591681526,38.81278610229492,14892500
2025-12-15,38.77343189560765,38.86197832545976,37.89780817433701,38.271671295166016,10957100
2025-12-16,37.9765132104554,38.27167047233706,36.88444560319915,37.00250625610352,19127100
2025-12-17,37.21895212803961,37.99618878820144,37.12056512777335,37.90764236450195,15363900
2025-12-18,37.9174840810062,37.93716148165103,37.27798169583077,37.51410675048828,12014800
2025-12-19,37.632168510036216,37.8682935716507,37.36652922312512,37.46491622924805,22594300
2025-12-22,37.82894094058468,38.24215513077788,37.54362423607181,37.710880279541016,8495800
2025-12-23,37.86829014252371,38.27166744839892,37.31733421736823,37.58297348022461,7930300
2025-12-24,37.55345977848306,37.661683611194874,37.199277807445256,37.356693267822266,2928600
2025-12-26,37.346852043744555,37.44523905045191,36.93363787481534,37.17959976196289,4726700
2025-12-29,37.23863115430615,37.52394786667319,37.08121568422103,37.28782653808594,6806000
2025-12-30,37.38620698458714,38.10441524734243,37.38620698458714,37.92732238769531,7774500
2025-12-31,37.92732308626154,38.14377075272369,37.65184696755018,37.76007080078125,6157100
2026-01-02,37.78958268142402,39.78679192428211,37.4550743781447,39.5506706237793,14637200
2026-01-05,42.305448128085345,44.430558860675234,41.83320171562991,43.092525482177734,56362600
2026-01-06,43.56476874252294,43.85008543557524,42.71865924068818,42.925270080566406,28955400
2026-01-07,43.181068070271905,43.19090864742894,41.5183670733838,41.68561935424805,17255900
2026-01-08,42.167704834471955,43.8500831740524,41.97093458206409,43.712345123291016,20138500
2026-01-09,44.05669174855077,44.50926447040485,43.5746085544904,44.46990966796875,18306800
2026-01-12,44.6666810384533,44.76506429391097,43.65331549245236,44.42071914672851,19685700
2026-01-13,45.001188211653826,45.64068686195229,44.71587152380285,45.15860366821289,19535600
2026-01-14,45.68987723480384,46.95904142959627,45.53246178256388,46.21131896972656,23910300
2026-01-15,46.04406402436918,46.11293305177763,45.335696349156464,45.817779541015625,18019800
2026-01-16,45.92600521012841,46.23099931021053,45.56198265737797,45.975196838378906,17373100
2026-01-20,45.23730893569897,46.23099704177222,45.23730893569897,45.6997184753418,22587200
2026-01-21,46.33921691196226,47.824828775978695,46.240833660724824,47.73628234863281,22868200
2026-01-22,48.1593386608643,48.77916367257378,47.755961312658584,48.52336120605469,22767000
2026-01-23,49.19237855331472,50.83540219551672,48.04127869664586,48.356109619140625,43516200
2026-01-26,48.89722442626953,49.261246972187486,48.4348148726166,48.89722442626953,25377200
2026-01-27,49.4776904366391,50.63863075781139,49.22188799132031,49.84171295166016,17329700
2026-01-28,49.58592063917158,49.91058839621086,47.687094467174674,48.08063125610352,24531000
2026-01-29,49.074317947246975,49.76301199833362,47.56902860983802,47.66741561889648,32023100
2026-01-30,47.51983927810998,47.76580118302056,46.53599165846761,47.59854888916016,16406600
2026-02-02,46.90000926868571,47.88385678431743,46.585178363929984,47.27387237548828,16616400
2026-02-03,47.35258422732644,48.995607854991626,47.32306624836078,48.95625305175781,27108800
2026-02-04,49.044797561904886,50.59927845104161,48.95625113463659,50.52056884765625,23745400
2026-02-05,49.56623904498661,49.74333189860625,47.88385693559998,48.71028900146485,24708200
2026-02-06,48.70045515281699,50.422188415795375,48.61190872059774,49.881072998046875,16188800
2026-02-09,49.664623497022234,50.1073556417811,49.28092355592473,49.723655700683594,13581400
2026-02-10,50.067998738606285,50.13686776344802,48.98576798845291,49.507205963134766,14102500
2026-02-11,50.52159813280604,51.45187093003082,50.402841268875534,51.02632141113281,22951700
2026-02-12,50.957048976899664,51.85762977476245,49.81895066329584,50.1158447265625,24008600
2026-02-13,49.769463857383656,50.67993939495808,49.413189507824114,49.86842727661133,19520600
2026-02-17,50.09604478727411,50.501800835320864,48.33447030188268,49.324119567871094,24436100
2026-02-18,50.28408589865357,51.1054929134577,49.98718806718888,51.05601119995117,16436400
2026-02-19,51.224247230653305,51.699282227261506,50.759114616593806,51.00652694702149,14326700
2026-02-20,50.89766788576145,51.1549750633179,49.95750022026668,50.32366943359375,12717500
2026-02-23,50.383046785474775,51.15497204785376,49.54184637263678,50.70963287353515,11727900
2026-02-24,50.93725231727314,51.78835134667954,50.67994137687872,51.31331634521485,12787500
2026-02-25,51.46176703778123,51.620110785350505,50.284085651185514,51.12528610229492,11308900
2026-02-26,50.77890552305286,51.64979416456278,50.06635683889714,50.9570426940918,12141300
2026-02-27,51.0659047335133,51.46176598192083,50.303878059429685,50.808597564697266,16691400
2026-03-02,51.90710919817211,51.90710919817211,48.9282625385083,50.73932266235352,20431300
2026-03-03,49.749673563007214,50.274186513449,47.68130625862966,48.07716751098633,22659800
2026-03-04,48.1464417937029,48.8688853572661,46.988550105374806,47.39430618286133,19906700
2026-03-05,47.48337654061648,47.513064813786606,45.81087045660731,46.90938186645508,20285000
2026-03-06,46.919274087813015,47.16668641769501,45.91972993618327,46.414554595947266,13470400
2026-03-09,46.38486584201341,46.780727108011256,45.029047235071936,46.70155334472656,21100800
2026-03-10,46.642174135684314,48.01778610494307,46.21662462034652,47.612030029296875,18112700
2026-03-11,46.99844772980907,48.26519764761926,46.65206820369922,47.67140579223633,18385000
2026-03-12,46.820313568410334,46.820313568410334,43.960223686494444,44.098777770996094,25983100
2026-03-13,44.00970589830299,44.425356795216025,43.09922657258812,44.257118225097656,16897300
2026-03-16,44.098775256297245,44.544114432126946,43.84146431782278,44.494632720947266,12648500
2026-03-17,45.029042927788765,46.15724252018728,44.47483796344719,45.65252304077149,14766200
2026-03-18,45.41501003873571,45.840559579723994,44.72225470862365,44.85091018676758,13277000
2026-03-19,44.75194449878771,47.384411600174474,44.2373263873992,47.32503128051758,28158000
2026-03-20,47.51305977042015,47.978196135180696,45.89993417919236,46.14734649658203,65344800
2026-03-23,47.01823902763704,49.3340186611046,46.59269327969706,48.740230560302734,25770300
2026-03-24,48.52250586377371,50.561184860378184,48.33447384851516,49.987186431884766,19715000
2026-03-25,50.03667357270081,52.00607370749608,50.016880132249014,51.3529052734375,24105700
2026-03-26,51.01642288724141,52.14462253446255,50.94714773523398,51.768558502197266,16516100
2026-03-27,51.808141225048615,53.144170093661,51.3628020440571,52.94623947143555,22048600
2026-03-30,53.737960872936725,54.23278556564372,50.77891132466809,50.99663162231445,20578800
2026-03-31,51.67948875147421,52.45141401379794,50.51170225065945,50.85807800292969,22268600
2026-04-01,49.828844940835744,50.84818637281557,49.02723135647053,49.51215744018555,19574100
2026-04-02,49.98718526887677,50.57107851607776,48.33447272395938,48.928260803222656,14883800
2026-04-06,48.88867976726036,49.54184819215743,48.6709557005571,49.26474380493164,7643800
2026-04-07,49.35381093859164,49.9179107536294,48.69074770082229,49.82884216308594,9928200
2026-04-08,49.90801391095656,51.768555630018945,49.244946924685486,51.3430061340332,20970100
2026-04-09,51.16487206963773,52.342553435210455,50.640355347817376,51.99617767333984,16033100
2026-04-10,52.01597384975957,53.193655277287064,51.14508132025322,51.38259506225586,13219900
2026-04-13,51.65969946154275,52.2040058767794,50.98673756718051,51.38259506225586,11847000
2026-04-14,50.76900691621049,51.46176216189385,50.38304430403027,50.9570426940918,11104100
2026-04-15,51.20446041506004,52.293073219419526,51.11539182014243,51.877418518066406,12535000
2026-04-16,51.71907010425449,52.39203192177927,51.03621345494808,51.194557189941406,12080400
2026-04-17,50.27418467561008,52.86706483564328,49.99708407421781,52.114933013916016,20594600
2026-04-20,51.847730509798346,52.60976098682943,50.72942565127607,51.659698486328125,15347100
2026-04-21,52.154517882107754,53.17385543382873,52.09513756615038,52.22379302978515,13591200
2026-04-22,52.94624080700046,54.28226593410136,52.63944814605154,53.78744125366211,14433100
2026-04-23,53.99527131858743,54.95522864625076,53.876510675303344,54.17340850830078,20598000
2026-04-24,53.767651782691914,56.3110503473124,53.46085912063571,55.56881332397461,23294100
2026-04-27,55.53912013697179,56.11311856868431,54.529677352907214,54.65833282470703,17070400
2026-04-28,55.27191672529149,56.172497515987416,54.836472354313216,55.07398986816406,13619300
2026-04-29,55.89539173380344,56.29125296192546,54.60884840522558,55.12346649169922,13346400
2026-04-30,54.67812645721198,56.45949452792477,54.52967754498064,56.291255950927734,13798800
2026-05-01,55.84591119907674,56.60794162535647,55.42036169121646,56.33083724975586,9711100
2026-05-04,56.1527068066696,56.38032570830537,55.03440196366535,55.054195404052734,9888700
2026-05-05,55.14325997042761,55.80632318651624,54.87605420753425,55.42036056518555,7547500
2026-05-06,54.331750752799195,55.737051015827426,53.80723403085242,54.58905792236328,12937000
2026-05-07,53.5499274079108,53.76765147491165,52.25348538882539,52.451416015625,16615500
2026-05-08,52.62955170951998,53.33220182827767,52.18420875565504,52.71862030029297,10534100
2026-05-11,53.114478464045064,54.49998905530408,53.08479019180224,54.3614387512207,9513600
2026-05-12,54.688019119819735,55.67766842819674,54.15361136245766,55.0640869140625,10046800
2026-05-13,55.192744409213674,55.25212472897467,54.09423303251749,54.80678176879883,13672100
2026-05-14,54.82657498546517,55.410468247493064,54.70781434642677,55.172950744628906,5192600
2026-05-15,54.895850360834,55.380776425637855,54.65833285700267,54.80678176879883,10566800
2026-05-18,54.57916159253322,56.99390457799293,54.53957471362095,56.5584602355957,11461700
2026-05-19,56.63762989965424,57.07307423960235,55.83601259464604,56.18239212036133,11605500
2026-05-20,56.28135483742043,57.10276557149216,56.01414907242888,56.687110900878906,11128300
2026-05-21,56.924630702582014,57.06318100666582,56.02404995082458,56.65742492675781,18027000
2026-05-22,56.538665770469706,57.28090274815319,55.7568419145921,56.687110900878906,10203400
2026-05-26,56.607942286352014,58.21117313979461,56.44959854496525,57.37986755371094,13452400
2026-05-27,56.45949036704296,56.60793926833409,55.083878479232965,55.915184020996094,16202900
2026-05-28,55.54901691289882,55.59849862343252,53.757750299963966,54.549468994140625,14097900
2026-05-29,54.242681578000315,54.59895216852236,53.79733862083198,53.98537063598633,31216600
2026-06-01,54.470299225828406,54.63853779734489,53.41137476036427,54.18330001831055,12977800
2026-06-02,54.272369359199175,56.16259942678375,54.05464529872776,55.97456741333008,11982700
2026-06-03,55.71093437875054,56.96442873246968,55.37268926822215,56.55654525756836,11389400
2026-06-04,56.695824516335016,57.81998882756248,55.81041542690828,57.71055603027344,9985000
2026-06-05,57.30267283719932,57.621020724461054,54.20872954506218,54.58676528930664,10062100
2026-06-08,55.29310439419304,57.06391502900318,55.29310439419304,56.258094787597656,14202700
2026-06-09,56.45706235380693,56.60628958728203,54.16893547556137,55.56170654296875,13093300
2026-06-10,55.700986777776656,56.47695927982797,54.94490769808025,55.22346115112305,11849100
2026-06-11,55.45227744870941,56.20835273606437,54.676301148917055,55.710933685302734,10567600
2026-06-12,56.19840820870176,56.57644396956648,55.40253466055085,55.89000701904297,11980000
2026-06-15,55.0841856440694,55.3726896096828,53.24373663999602,53.43275451660156,15240800
2026-06-16,53.57203117295412,54.08934745006884,52.72642029007801,52.79605865478515,15336500
2026-06-17,52.60704220069579,52.865698448742926,49.87123730035996,50.07020568847656,19772400
2026-06-18,49.841389351235215,49.96077266057208,47.36424450509341,47.841766357421875,41856500
2026-06-22,48.150165852294066,48.438666018852665,46.99615380104104,47.70248794555664,23279100
2026-06-23,47.15532961788104,48.01088723526337,46.82703120824086,47.54331588745117,28651100
2026-06-24,46.657907795123144,46.70764894046852,45.6332219849788,46.36940383911133,28107200
2026-06-25,46.33956013563219,47.23491214120957,46.180382397745205,47.17522048950195,21635300
2026-06-26,46.46888891002783,47.16527637154634,46.31966546506366,46.75739288330078,16848700
2026-06-29,46.67780419948273,47.04589704756936,46.001317748554015,46.140594482421875,8193100
2026-06-30,46.6479596810552,46.886722503964855,45.93167500733254,46.25002670288086,14315000
2026-07-01,46.12069505976486,46.12069505976486,44.847303502396315,44.85725021362305,16049800
2026-07-02,45.135804157591146,45.32482582800494,44.35983164327922,44.89704513549805,11677500
2026-07-06,44.528953657189845,45.83219299207757,44.51900694555229,45.48400115966797,10598000
2026-07-07,45.832189965486066,46.53852409030542,45.593430951888074,46.180381774902344,10376100
2026-07-08,46.46888836324785,47.3741909140677,46.46888836324785,47.18517303466797,17370500
2026-07-09,47.13543151572301,47.30455217569515,46.71759752901644,46.99615478515625,10894800
2026-07-10,47.15532735394317,47.79202312933716,47.085688990697335,47.513465881347656,7573400
2026-07-13,48.12032060513614,48.47846294895874,47.05584408044475,47.115535736083984,8032600
2026-07-14,47.851712174930896,48.209854506237015,46.9165657059698,47.29460525512695,9407500
2026-07-15,47.4537774016135,47.782071996178075,46.588269330482035,47.30455017089844,8801500
2026-07-16,46.996152854319625,47.49357189733949,46.60816281295898,46.83697891235352,6555500
2026-07-17,46.75739086406421,47.04589482487801,46.190333448675,46.74744415283203,12926500
2026-07-20,46.75739125357911,46.986203563887365,46.07095432265434,46.15053939819336,11751900
2026-07-21,45.92172569944261,46.48878310241077,44.946784834777965,46.34950637817383,19129000
2026-07-22,46.90661864161662,47.6228995038332,46.90661864161662,47.42393112182617,12740900
2026-07-23,47.80197099188173,48.37897892410934,46.90661895929559,46.97625732421875,12435600
2026-07-24,49.81154592526328,52.318538521601475,49.48325130878194,52.1494140625,28901100
2026-07-27,52.03003338302126,52.92538921704329,51.16452527347083,51.264007568359375,16787900
2026-07-28,51.36349213343947,51.68184002163964,49.62252545952961,49.72200775146485,15340000
2026-07-29,50.5178765812702,51.05509005626354,48.707271575927734,48.707271575927734,13762600
2026-07-30,49.005723558277715,49.45340146613474,48.13026875514198,48.65753173828125,11946000
2026-07-31,49.18479528597206,49.6921648523691,48.120318801186095,49.334022521972656,12317400
2026-08-03,48.766965544694145,49.493196923548474,48.05068087732821,49.05546951293945,13000000
2026-08-04,48.56799617105174,50.65715468165986,48.56799617105174,50.547725677490234,11277300
2026-08-05,50.83622645032458,51.01529761565304,49.65237045288086,49.65237045288086,9679100
2026-08-06,50.458189364978445,52.15936159568891,50.36865378467757,51.273956298828125,11474800
2026-08-07,50.78648513016673,51.45302864217414,50.02045932442985,50.269168853759766,8351400
2026-08-10,50.497980913236304,52.95523226515024,50.40844533132428,52.92538833618164,10239700
2026-08-11,53.20394375109886,53.71131333227317,52.766216331757775,53.40291213989258,8139500
2026-08-12,52.97512807985501,53.17409645605756,52.25884344352825,52.33843231201172,8203700
2026-08-13,51.73158336970827,52.16931078586506,51.33364659501567,51.79127502441406,8476700
2026-08-14,52.000189699004544,53.71131250320948,51.9305513332526,53.49244689941406,9942300
2026-08-17,53.701361170530014,53.7212583882968,52.80600914106215,53.58198165893555,6545800
2026-08-18,53.78095177140904,54.29826806496569,52.905493136543434,52.93533706665039,5328500
2026-08-19,53.42280587441416,53.910274410412825,52.78611010780016,53.27357864379883,7017600
2026-08-20,53.59192652710583,54.049554929989995,53.253681426716376,53.27357864379883,8441300
2026-08-21,53.721256588354784,53.87048381910267,52.91543637332726,53.59192657470703,7094100
2026-08-24,53.343220511404475,53.81079565605237,52.24890006500182,53.72126007080078,14376900
2026-08-25,53.32332047694458,54.61661303894636,52.68662470211635,53.014923095703125,10715000
2026-08-26,52.27874301773988,53.63172348291173,51.71168558674966,53.32332229614258,7935600
2026-08-27,52.89554139553426,55.60150231560889,52.80600960730259,54.726043701171875,15248900
2026-08-28,54.52708028631763,57.12360466613681,54.38779975772016,57.03407287597656,18116900
2026-08-31,57.889627602114466,60.14791054175784,57.6707658009859,59.78976821899414,35211900
2026-09-01,59.69028663961558,59.869357803134925,56.77541067178052,56.85499954223633,18471600
2026-09-02,56.65999984741211,58.470001220703125,56.29999923706055,58.130001068115234,14004200
2026-09-03,58.16999816894531,59.36000061035156,57.2599983215332,57.40999984741211,9157500
2026-09-04,57.0,57.54999923706055,56.2400016784668,57.5099983215332,7609700
2026-09-08,57.810001373291016,58.470001220703125,56.970001220703125,57.099998474121094,14130800
2026-09-09,57.810001373291016,59.25,57.029998779296875,57.04999923706055,18218900
2026-09-10,57.459999084472656,57.560001373291016,55.150001525878906,56.0099983215332,14067700
2026-09-11,56.56999969482422,56.869998931884766,55.61000061035156,56.060001373291016,8842200
