Date,Open,High,Low,Close,Volume
2015-01-02,29.21694073030866,29.42122341655192,28.731765291712488,28.923280715942383,5289400
2015-01-05,28.701969479689343,28.91476580561346,28.527474933864728,28.599824905395508,6354200
2015-01-06,28.727509074666404,29.07649498095213,28.21679910103382,28.459386825561523,6146200
2015-01-07,28.557272573713316,29.102030768432183,28.527481211408844,29.04244804382324,6152600
2015-01-08,29.153083874184382,29.36162327302591,29.05945301229269,29.195642471313477,8306200
2015-01-09,29.276524919468383,29.276524919468383,28.506203100554355,28.833908081054688,8004000
2015-01-12,28.897746234117356,29.03819261049892,28.680693038529007,28.68494987487793,7212600
2015-01-13,28.92753080081014,29.13181343937532,28.480657252551072,28.582801818847656,8837600
2015-01-14,28.067841111582577,28.361501153859663,27.914627458830623,28.187009811401367,7310200
2015-01-15,28.344478102125063,28.531739961750585,27.774185343469412,27.782695770263672,7403800
2015-01-16,27.799719771329304,28.459389867546204,27.70608884185179,28.40831756591797,6533000
2015-01-20,28.570036458724815,28.595574228405727,27.96143877473222,28.182748794555664,5662800
2015-01-21,28.123167519978793,28.438105221409614,28.01251250438941,28.09337615966797,6088400
2015-01-22,28.28914292895287,28.82964414597114,28.093370706764595,28.727502822875977,5114000
2015-01-23,28.774328394415356,28.919028382450342,28.604090631362524,28.782838821411133,4291800
2015-01-26,28.663668830477015,29.046702925045395,28.625367044527547,28.999887466430664,5423200
2015-01-27,28.787087737284125,29.22544766478957,28.689203242198207,29.04669952392578,5990600
2015-01-28,29.26800475081741,29.51910609966769,28.604081264050908,28.629615783691406,6187400
2015-01-29,28.61259086728403,28.795595808388693,28.293396429102437,28.774314880371097,5677200
2015-01-30,28.53173662873223,28.663669334229827,28.0380475099422,28.06358528137207,6132400
2015-02-02,28.050808959449633,28.16571752921963,27.36134779978837,28.033784866333008,6823800
2015-02-03,28.13167424862059,28.684946006842814,28.123163824085097,28.64238739013672,5001000
2015-02-04,28.684952043068616,29.0254242953779,28.51471429340647,28.884981155395508,7275000
2015-02-05,29.059468993444955,29.216939461137027,28.91051219806846,29.127565383911133,5529600
2015-02-06,29.16586495116831,29.31907857105566,28.927534096683257,29.04669952392578,4457600
2015-02-09,28.936042304574386,28.991371425137107,28.684944208837504,28.727502822875977,3886800
2015-02-10,29.062462941313267,29.190473916146047,28.977124461727627,29.13926887512207,6110600
2015-02-11,29.13500697571038,29.28008632743447,29.053933124586475,29.169143676757812,5019800
2015-02-12,29.297144992803982,29.403819706721062,29.036858430410007,29.391016006469727,6490400
2015-02-13,29.37821584841199,29.548896043435985,29.25447278840594,29.544628143310547,5436400
2015-02-17,29.61717106627239,29.61717106627239,29.19047218277355,29.267274856567383,6017800
2015-02-18,29.1776697272678,29.2331426679814,28.85764555098199,28.87471389770508,6956000
2015-02-19,28.90031555320315,29.045391604656892,28.870446762877144,28.938716888427734,4491000
2015-02-20,28.92592634773397,29.36115790657463,28.861920844989875,29.327024459838867,5310400
2015-02-23,29.408083058373425,29.472088535000346,29.08805893069261,29.186201095581055,6118800
2015-02-24,29.237410152510048,29.442227077623972,28.62296588807745,28.657102584838867,12497000
2015-02-25,28.24747105115867,29.81345877510436,27.95305096994644,29.60437393188477,18382800
2015-02-26,29.258746275464983,29.433694404020613,28.981391312522035,29.04539680480957,10851000
2015-02-27,29.134998603258623,29.50622779569651,29.0965972672068,29.288610458374023,7853600
2015-03-02,29.339811187037427,29.72384076843587,29.28433825805824,29.64276695251465,8809200
2015-03-03,29.497697990982417,29.52756678802311,29.006996790378913,29.275815963745117,5903000
2015-03-04,29.22034270954645,29.339817883148076,28.90458317308008,29.13926887512207,4882800
2015-03-05,29.15207366618711,29.40382775275721,29.15207366618711,29.32275390625,4970400
2015-03-06,29.143536562141875,29.429424047658223,28.989924695650103,29.0283260345459,4393400
2015-03-09,29.070999754957903,29.2416799946408,28.955792465058455,29.113672256469727,3593800
2015-03-10,29.00272341434843,29.113666034751613,28.802174419738343,28.849111557006836,4727600
2015-03-11,28.819240506384933,29.006989040740784,28.601623182968268,28.652828216552734,5171800
2015-03-12,28.810707789159807,29.33554885933392,28.810707789159807,29.309947967529297,5225000
2015-03-13,29.288617883249607,29.288617883249607,28.789380855291405,29.01126289367676,5317600
2015-03-16,29.041123918307623,29.412353105481856,29.041123918307623,29.29714584350586,5434400
2015-03-17,29.1264693600539,29.365419714897627,29.04539552303717,29.147802352905273,5781200
2015-03-18,29.14354319345455,29.147807839554925,28.46935798772059,28.99419593811035,7050400
2015-03-19,29.04539857698232,29.12647242252347,28.896054589502388,29.083803176879883,5653200
2015-03-20,29.147794768611416,29.6598352956272,29.130726425498864,29.64276695251465,11652200
2015-03-23,29.570235387762917,29.97986594548009,29.480625753006837,29.64704132080078,9092000
2015-03-24,29.544624591683164,30.013992629984873,29.455018232544493,29.903053283691406,9192600
2015-03-25,29.868928616449804,29.932934114576028,29.61717778072949,29.67264747619629,10544800
2015-03-26,29.519033281829252,29.55316997889622,29.186208624062836,29.450759887695312,8842400
2015-03-27,29.391019614547144,29.702511249823825,29.344082474225253,29.6939754486084,6045400
2015-03-30,29.868926148934612,30.3084255413962,29.702513820826915,30.069475173950195,7148800
2015-03-31,30.022532488500424,30.29135160226297,29.87318853641012,29.890256881713867,6420600
2015-04-01,29.90732734253099,29.91586314444279,29.339820222670937,29.42089080810547,6497200
2015-04-02,29.55316497839946,29.736645624770603,29.40382102331925,29.578765869140625,3458600
2015-04-06,29.408092328125868,29.82199085126433,29.335554284295668,29.570240020751953,3171800
2015-04-07,29.52756153807794,29.668372951428633,29.25447451213037,29.292879104614254,3271800
2015-04-08,29.382491201562285,29.629977384350564,29.26301601137616,29.58304023742676,4023400
2015-04-09,29.608645430545188,29.796394045486313,29.130741344992895,29.284353256225582,6446000
2015-04-10,29.412354630380932,29.412354630380932,29.20327308571951,29.241674423217773,4254400
2015-04-13,29.250219771139285,29.318489923014933,29.04113490277987,29.075271606445312,4982600
2015-04-14,29.05392854263529,29.18193952364769,28.6827025575174,28.70830345153809,7627600
2015-04-15,28.78084205516342,28.8363150005736,28.448017404520517,28.477886199951172,7976000
2015-04-16,28.516289235699144,28.55469057538383,28.332808572256553,28.366945266723633,6093800
2015-04-17,28.17492858802104,28.17492858802104,27.765298023889283,27.842103958129883,10464800
2015-04-20,27.842100715927938,28.27733212230592,27.782363135747705,28.149324417114254,12646800
2015-04-21,28.226133917989745,28.42241502851093,28.19199722343274,28.285871505737305,6664400
2015-04-22,28.268808507147803,28.41815250477381,28.07252735948862,28.337081909179688,6651200
2015-04-23,28.29014564128187,28.41815339090067,28.19627133828836,28.30294609069824,5034800
2015-04-24,28.31574029961109,28.37120998667543,28.19199722343274,28.285871505737305,4655200
2015-04-27,28.273066433554774,28.315735667042983,27.85490013228115,27.867700576782227,6334400
2015-04-28,27.931711759755945,27.931711759755945,27.547682069016872,27.7012939453125,5665600
2015-04-29,27.64155231383985,27.654352759083928,27.163650034579053,27.406869888305664,6633400
2015-04-30,27.295931970160964,27.769568058465236,27.270329447537627,27.53915023803711,8329600
2015-05-01,27.67142446270988,28.021317448811157,27.573285533625977,27.970115661621097,8369400
2015-05-04,27.99144981738813,28.11092499973452,27.927444325286977,27.965848922729492,6932600
2015-05-05,27.829302809051768,28.07252105209735,27.799434016237548,28.004247665405273,6828600
2015-05-06,28.029850768505447,28.115189243235836,27.914640246619875,28.093852996826172,6978800
2015-05-07,28.145060026678756,28.29013935053221,28.00424860350009,28.243202209472656,5062200
2015-05-08,28.41388254464566,28.819248515066743,28.401082096555843,28.72537422180176,5935600
2015-05-11,28.742438845176736,28.806444332783503,28.46508390251697,28.520553588867188,5075000
2015-05-12,28.456345606615677,28.524830898022422,28.17811655831181,28.41781997680664,4820200
2015-05-13,28.482020812300327,28.56762822384007,28.092499578653623,28.195232391357425,5892400
2015-05-14,28.319372341223342,28.349335269152174,27.92129157547502,28.10535049438477,6501400
2015-05-15,28.15672170781857,28.276573453843113,27.97266273621941,28.229488372802734,5518400
2015-05-18,28.30653628936457,28.824468913245827,28.30653628936457,28.79022789001465,6467200
2015-05-19,29.928818376979677,30.185643975216188,29.577822630723023,29.61634826660156,13578400
2015-05-20,29.642026067878433,29.7190740640986,29.106971445714564,29.303871154785156,8511600
2015-05-21,29.20114522616684,29.21398601618709,28.98712335059038,29.05133056640625,6360000
2015-05-22,28.961443150422003,29.231109550839363,28.73457720830158,28.74742126464844,5460000
2015-05-26,28.640408901354935,28.72601634513278,28.24232808293013,28.323654174804688,6603000
2015-05-27,28.44350891847941,28.541960428406735,28.25517186905429,28.46491241455078,4630800
2015-05-28,28.469186816558228,28.490587041690045,28.203798552352957,28.2380428314209,3850600
2015-05-29,28.24232766583301,28.24232766583301,27.55745506286621,27.55745506286621,12800000
2015-06-01,27.557461259330285,28.015468037764062,27.52322023405432,27.861371994018555,6235000
2015-06-02,27.83996787084175,28.036867617952275,27.690153200835365,27.77576065063477,5128600
2015-06-03,27.912730819400316,28.336493191293375,27.79287909932668,28.259445190429688,5164600
2015-06-04,27.67303032364987,28.336496206282643,27.67303032364987,28.08395195007324,4973400
2015-06-05,28.058269205226313,28.23804679700865,27.96409905742186,28.092510223388672,4542800
2015-06-08,27.99834838646819,28.139600367913157,27.92557845368808,27.934141159057617,3382400
2015-06-09,27.92129340595622,27.994060054880407,27.61737948969276,27.694427490234375,4808000
2015-06-10,27.84852757341147,28.088234313407884,27.780042266066,28.045427322387695,4630800
2015-06-11,28.186685120288736,28.31938092624104,28.015466937770253,28.049711227416992,4097800
2015-06-12,27.99833475265299,28.101064307056507,27.891323847649513,27.981212615966797,3085400
2015-06-15,27.762919198793348,27.899893074640417,27.702993332217428,27.852807998657227,4624200
2015-06-16,27.822851728975333,28.03687366535207,27.750085054378985,27.976947784423828,3986800
2015-06-17,28.03686216153487,28.220921081926186,27.912729097483588,28.12675094604492,3549200
2015-06-18,28.229485427247376,28.764540141681287,28.12675583647621,28.74742126464844,6477200
2015-06-19,28.631843962313088,28.790221313223984,28.49058875196399,28.520551681518555,6040800
2015-06-22,28.68748619283794,28.74313396167547,28.452064126656698,28.482027053833008,3051200
2015-06-23,28.571929233779855,28.922925087745977,28.490599850856935,28.89724349975586,4430800
2015-06-24,28.961442694991,29.072731722528523,28.918635705937596,28.92719841003418,5696400
2015-06-25,28.982843856901184,29.055610515491065,28.790225462818583,28.80306625366211,5232800
2015-06-26,28.820182092101582,29.209700147243463,28.820182092101582,29.11553001403809,5970800
2015-06-29,28.880115893723467,29.00424898840534,28.25517233360149,28.28513526916504,6716000
2015-06-30,28.563360895669017,28.58904247565944,28.208083799133135,28.323654174804688,6357600
2015-07-01,28.46491738764183,28.88012046453245,28.34506562641888,28.85871696472168,5569800
2015-07-02,28.811624628967724,29.004246281656098,28.529117443692098,28.593324661254883,4297400
2015-07-06,28.323656623023467,28.841589213791774,28.259449401782867,28.640411376953125,6857400
2015-07-07,28.73030145305335,29.235393275090285,28.653253437294666,29.201148986816406,6177400
2015-07-08,29.004248350871528,29.1840259603012,28.84158961934613,28.845870971679688,4319400
2015-07-09,29.184024367457994,29.222546739212554,28.965721130371097,28.965721130371097,5031800
2015-07-10,29.31243655766276,29.31243655766276,28.97428161342025,29.16261863708496,4690800
2015-07-13,29.402319328436825,29.61634115318139,29.256782789439303,29.603500366210938,4590400
2015-07-14,29.60351369042331,29.663439567066646,29.363806918134607,29.590669631958008,4066000
2015-07-15,29.57354478663431,29.58638884392709,29.3595228850988,29.415170669555664,4788200
2015-07-16,29.535014459775212,29.778999231205656,29.37235903405964,29.69339179992676,4218000
2015-07-17,29.6463193057812,29.663441452441184,29.368090137558717,29.423734664916992,4002000
2015-07-20,29.51361642073965,29.629190066600064,29.40660547901729,29.577823638916016,3377600
2015-07-21,29.496494305423504,29.633468165160934,29.29531323455912,29.33383560180664,4355800
2015-07-22,29.350961810802655,29.603509338716904,29.27819515210604,29.368083953857425,4098200
2015-07-23,29.453695935904193,29.470818081593805,29.18402948915237,29.2097110748291,2964600
2015-07-24,29.278191095222383,29.28247244682156,28.833025234626675,28.86726951599121,3864800
2015-07-27,28.850140098632767,28.94858830058186,28.69604413707336,28.82445526123047,3592600
2015-07-28,28.95287081839103,29.102685435471187,28.69604529400881,29.047040939331055,3370000
2015-07-29,29.115532425197035,29.77044206062047,29.055606565597152,29.731916427612305,7640800
2015-07-30,29.684835666926876,29.826090898941032,29.492217271063858,29.8004093170166,5880000
2015-07-31,29.894568652882494,29.954497771756103,29.75331672227163,29.886009216308594,5733400
2015-08-03,29.96306134512736,30.082913067993548,29.54357704938119,29.68911361694336,5597400
2015-08-04,29.67199156368495,29.890294782818145,29.633469195098552,29.774721145629883,3329200
2015-08-05,29.93738195260488,30.215607787129507,29.91597845808079,30.040111541748047,2573600
2015-08-06,29.997309958050185,30.117161698218403,29.509340292671,29.744762420654297,4347000
2015-08-07,29.779005917992443,29.83037234772246,29.487936014285474,29.8046875,3491400
2015-08-10,29.984462575283356,30.18564037164695,29.945936944004018,30.035825729370117,4052600
2015-08-11,29.898443760207616,30.13886673060123,29.85121735166354,30.040122985839844,4018200
2015-08-12,29.898442167714467,30.19038573429279,29.451940049681905,30.083053588867188,5758600
2015-08-13,30.053010345900123,30.611138991102685,29.88557240744299,30.297727584838867,6963000
2015-08-14,30.27196799149805,30.357832422531363,30.07018297549989,30.310606002807617,4872600
2015-08-17,30.27625274343287,30.84296638898268,30.12169745420785,30.74422264099121,8893800
2015-08-18,32.105190947092694,33.02824805663617,32.09231161367162,32.96384811401367,19304600
2015-08-19,32.2769278074814,32.628977166946164,31.774614076693435,32.143836975097656,13700600
2015-08-20,31.83042906357265,32.311278379320875,31.770323308543873,31.91200256347656,7376600
2015-08-21,31.55994955468761,31.761734541559775,30.68411872739087,30.71846580505371,10143400
2015-08-24,29.014036789108463,30.79145749558363,28.87235751998637,29.80829429626465,13723800
2015-08-25,30.568204159752884,30.61543058193052,29.533523627311645,29.559282302856445,10425600
2015-08-26,30.19896429297139,30.422216941163256,29.366069253070275,30.40074920654297,10246800
2015-08-27,30.6111264894078,30.75280241949797,30.06587740438084,30.671232223510746,6745600
2015-08-28,30.512385949131957,30.782861809913225,30.194683676473673,30.36212158203125,8965200
2015-08-31,30.314895331013545,30.4952125724912,30.07017813886027,30.19038963317871,5481400
2015-09-01,29.64514274015058,30.18609444697322,29.62367499878506,29.791112899780273,6976400
2015-09-02,30.229021420360077,30.42221793619594,29.89843663928703,30.41362953186035,6095800
2015-09-03,30.482326616034715,30.98893442884301,30.349235815594884,30.671232223510746,6054000
2015-09-04,30.2805483211303,30.559612590999,30.177510365131152,30.379295349121097,4437000
2015-09-08,30.868731966566383,31.07910209730202,30.46086776556878,31.057634353637695,5827800
2015-09-09,31.15638590379405,31.2937709668086,30.43081929962934,30.50809860229492,4606000
2015-09-10,30.409344271315735,30.881605056756015,30.40075586537989,30.692699432373047,4672200
2015-09-11,30.559603641073295,30.842958755964744,30.409339316849294,30.825788497924805,4587400
2015-09-14,30.804334305855264,30.89449294002975,30.490922912804685,30.57249641418457,4048200
2015-09-15,30.59395950910938,30.641185921096277,30.280548163697908,30.469453811645508,6334600
2015-09-16,30.447988398833168,30.76569397205185,30.190391852710356,30.727052688598633,5727000
2015-09-17,31.083395531587605,31.55136219712042,30.9374220844233,31.14350128173828,9501000
2015-09-18,30.85155279944583,31.02328489088328,30.529556356319567,30.63688850402832,9746000
2015-09-21,30.782858362682184,31.040458135170304,30.67982041899724,30.898778915405273,4032800
2015-09-22,30.611127389859284,30.67552405292326,30.289130972471636,30.576780319213867,6276600
2015-09-23,30.54673500155095,30.73134645750451,30.426523500096117,30.551029205322266,3492200
2015-09-24,30.224739707437063,30.71417414027717,30.211860371128303,30.581083297729492,4159800
2015-09-25,30.825798136288572,30.868730345845325,30.24620184296068,30.465160369873047,5210200
2015-09-28,30.30201742657557,30.45228180156778,29.623677361733368,29.662315368652344,4741600
2015-09-29,29.623672803307127,29.885563506073392,29.421887841288804,29.82975196838379,7242800
2015-09-30,30.095926148641812,30.7141602153148,29.88985031009508,30.66263961791992,9315400
2015-10-01,30.662645005349063,30.752803609993684,30.001478629104884,30.39646339416504,6407000
2015-10-02,30.027242539888547,30.64547348022461,29.74817830214828,30.64547348022461,5861400
2015-10-05,30.82151294881878,30.907377393050005,30.194693334478803,30.70988655090332,7552000
2015-10-06,30.838673604531703,30.93312641902306,30.24619805018311,30.383583068847656,4704200
2015-10-07,30.585368284528716,30.911658934875003,30.413636190898185,30.86872673034668,7980400
2015-10-08,30.73563128378059,31.229359802893416,30.632593342349505,31.010404586791992,4787000
2015-10-09,30.933130086642088,31.30235298223983,30.73563602809832,31.246538162231445,4755800
2015-10-12,31.34100012463349,31.744570215500183,31.293773698020637,31.590011596679688,4885000
2015-10-13,31.51701129893982,31.684449176026774,31.139200068165568,31.229358673095703,4457000
2015-10-14,31.267994785722333,31.534176353812395,30.658349114624947,30.812904357910156,5891400
2015-10-15,30.85156312796228,30.9030837552968,30.284849329355744,30.795751571655273,7179800
2015-10-16,30.946003359451527,31.298052647272808,30.80002994593116,31.096267700195312,5344800
2015-10-19,31.09198390277276,31.315236662749513,30.99324013531686,31.30664825439453,4422400
2015-10-20,31.306626989197696,31.47406480768818,31.21217421455879,31.34526824951172,4484600
2015-10-21,31.486953210026044,31.504126744501896,30.99322801479159,31.08768081665039,3667600
2015-10-22,31.28517662815647,31.77461097585608,31.07480325331639,31.727384567260746,5613200
2015-10-23,32.032212225295304,32.032212225295304,30.516682549267088,30.80862617492676,7454800
2015-10-26,30.765687284596023,31.237948062420077,30.67552540130938,31.100563049316406,4727000
2015-10-27,31.0404524465022,31.12202263569168,30.5467240070733,30.842958450317383,4347800
2015-10-28,30.928842702558896,31.529903591328516,30.842974989581332,31.43974494934082,4718000
2015-10-29,31.504136141768697,31.53848322096568,31.096275221737212,31.37533950805664,3842800
2015-10-30,31.328110729948232,31.740265822669752,31.285178521949273,31.422563552856445,5485200
2015-11-02,31.4783684477113,31.589994785347965,30.94600197481744,31.435436248779297,5192600
2015-11-03,31.55566433440653,32.04939307093293,31.47838502542398,31.869075775146484,5319200
2015-11-04,31.873355640556824,31.96351425715418,31.371041944292653,31.632932662963867,4400600
2015-11-05,31.821833277892704,31.98068274492565,31.396795655385095,31.907697677612305,5688800
2015-11-06,31.912004465139113,31.9806953569005,31.11345278586414,31.310943603515625,5095800
2015-11-09,31.22481916292881,31.26357202741469,30.40674182461353,30.600496292114254,6503000
2015-11-10,30.58325923043126,30.98799439637279,30.436867616777775,30.92340850830078,6340000
2015-11-11,30.72105451237224,30.725361116141652,29.71352603875688,29.74366569519043,8867000
2015-11-12,29.57143987472051,29.760891034926676,29.351849055843047,29.386295318603516,12263400
2015-11-13,28.060142459104277,28.288343190546193,27.590824469531473,27.64679718017578,20523400
2015-11-16,27.474569289953447,28.27542510787363,27.35400902503424,28.266815185546875,16970400
2015-11-17,29.997705328068083,30.09673752423707,28.684473430025744,29.35615921020508,21187200
2015-11-18,29.455184138586137,29.545603103225112,28.981556297654336,29.42504119873047,10908800
2015-11-19,29.171008646008925,29.55852085697328,29.09781280754237,29.149478912353516,8075000
2015-11-20,29.407832705136745,30.256049972703963,29.407832705136745,30.204383850097656,12646000
2015-11-23,30.204385227244064,30.56606124188767,30.204385227244064,30.39383316040039,7251000
2015-11-24,30.118252452191815,30.673685975171946,30.118252452191815,30.367982864379883,8203600
2015-11-25,30.393832001416023,31.00093522638857,30.260356803717364,30.850236892700195,7146200
2015-11-27,30.906202264448027,31.000927847355634,30.540219745467603,30.716751098632812,3132800
2015-11-30,30.841623113647863,30.884682595316995,30.277579381536466,30.39813804626465,13365600
2015-12-01,30.617718162157768,30.88467174381544,30.31201500258545,30.475629806518555,7245800
2015-12-02,30.48853880621709,30.7425757991927,30.355063690825407,30.4540958404541,5825200
2015-12-03,30.48854803157604,30.570357080589744,29.816862363814643,30.07089614868164,7609400
2015-12-04,30.238836941710993,30.596206415253658,30.09244189636239,30.56606674194336,8830800
2015-12-07,30.432574762792793,30.622025910728436,30.260346745121865,30.56174659729004,4787800
2015-12-08,30.12686728533148,30.807166051150013,30.12686728533148,30.712440490722656,7499600
2015-12-09,30.42395803159454,31.091336933874892,29.950330267748225,30.488540649414062,7386800
2015-12-10,30.58326940147314,31.095646789610527,30.501460363709803,30.777027130126953,6824600
2015-12-11,30.39382931036606,30.630643303035644,30.21729793081174,30.38091278076172,6573600
2015-12-14,30.441182368334236,30.811471428399628,30.320623750634056,30.54021453857422,6822600
2015-12-15,30.828707808286502,30.992325961186086,30.316333462829697,30.333553314208984,5990400
2015-12-16,30.67800371976793,30.99662347018676,30.40674676420582,30.936344146728516,5847000
2015-12-17,31.19468569159021,31.319550947507494,30.411051173573725,30.41966438293457,6540400
2015-12-18,30.398127125678425,30.406740332908836,29.834083596200756,29.847000122070312,9951800
2015-12-21,29.997695842506428,30.20437009373519,29.75227201697115,29.97186279296875,5214400
2015-12-22,30.16992148009596,30.48854111107356,30.01922322794274,30.312009811401367,6065200
2015-12-23,30.54022004734946,30.708141478717707,30.122568128570187,30.69953155517578,3798000
2015-12-24,30.566053090110465,30.69522493802095,30.406744867327625,30.52299690246582,1771600
2015-12-28,30.41965850989551,30.656469161968435,30.290486674236647,30.428268432617188,3599200
2015-12-29,30.630642707702687,31.112880608413043,30.548833641829223,30.89759635925293,3558600
2015-12-30,30.884674276031795,30.970786646219818,30.712446250679392,30.72536277770996,2787000
2015-12-31,30.57466094695396,30.850224441617968,30.522991559838463,30.531604766845703,3592000
2016-01-04,30.092426500725136,30.51438499616842,29.954644738229103,30.497161865234375,7517600
2016-01-05,30.501462185179506,30.992313156096053,30.389516772579743,30.97509002685547,8426400
2016-01-06,30.432580201403585,30.738283427038052,29.971872060661955,30.178543090820312,8907200
2016-01-07,29.709232254408217,30.492866944792052,29.709232254408217,30.135494232177734,9653600
2016-01-08,30.238828633734062,30.35077408385696,28.744755342317507,28.817951202392575,12188600
2016-01-11,28.89114879844809,29.313107419193315,28.848092600815463,29.192548751831055,7736000
2016-01-12,29.627405668885388,30.014917822001284,29.28295297665232,29.674768447875977,5549000
2016-01-13,29.803950909060987,29.81256083332835,29.123651917750134,29.14518165588379,6169800
2016-01-14,29.149482339694828,29.812558137535667,28.84377913870565,29.481021881103516,6743400
2016-01-15,28.628508041890907,29.270057682649018,28.628508041890907,29.067689895629883,7846400
2016-01-19,29.35185238080503,29.567136619980616,29.02892602204165,29.33893585205078,6562600
2016-01-20,28.99878341314492,29.321709739093027,28.262511784180404,29.041839599609375,7498200
2016-01-21,28.977258684340143,29.356157746710032,28.7533612454578,29.21406936645508,7644200
2016-01-22,29.588669443496972,30.045071026951767,29.5326934330888,29.687698364257812,6650000
2016-01-25,29.73935779088255,29.84699988557736,29.377681929496493,29.60588264465332,4817600
2016-01-26,29.65325867119981,30.208692522059,29.554226454466892,30.006324768066406,4453600
2016-01-27,30.01061649768443,30.3120163520012,29.640327406793933,29.79102897644043,4484400
2016-01-28,29.946036387215862,29.971869442484824,29.610190243836804,29.87714385986328,3821000
2016-01-29,30.083814211442903,30.80286262525534,29.92880933020505,30.67369079589844,8097000
2016-02-01,30.544524392057944,31.211903463901898,30.342156711539168,31.091344833374023,6372600
2016-02-02,31.39274345740032,31.59510784496708,31.13439979076395,31.366907119750977,7232600
2016-02-03,31.496081477060827,31.556360794779582,30.570358690699297,30.99231719970703,6323000
2016-02-04,30.514388551178374,30.794255427776953,30.0192341553108,30.467025756835938,6250800
2016-02-05,30.70382835089602,30.79855391461387,29.235591968196896,29.261425018310547,9205200
2016-02-08,29.050451307082017,29.40782387772967,28.77058118205703,29.287261962890625,8739600
2016-02-09,29.166342480871347,30.3281599530862,29.162022538088703,30.08197593688965,9131400
2016-02-10,30.341112718590463,30.652082657307563,29.922167289771615,29.965356826782227,5394800
2016-02-11,29.442749801506576,29.973990553537377,29.114506751538546,29.33045768737793,7182200
2016-02-12,29.723475234160933,30.207206330467912,29.287253589060377,30.176973342895508,6438000
2016-02-16,30.682304530203236,31.019187409864667,30.37565464499477,30.82483291625977,7850400
2016-02-17,30.92417271430909,31.25673899391515,30.83347371854827,31.006235122680664,6856600
2016-02-18,30.924173558368462,31.096934967216296,30.56137756542285,30.92849349975586,5887400
2016-02-19,30.61752322030288,30.967362679636462,30.341106287840585,30.91985321044922,5930800
2016-02-22,31.265374992546807,31.671363790340312,31.105570120082422,31.541791915893555,7373800
2016-02-23,31.5417863529574,31.775013708738125,31.187627026434612,31.394941329956055,9213000
2016-02-24,31.606584708487137,32.241481099713944,30.984644848485303,32.06439971923828,18575000
2016-02-25,31.939137716271123,32.453101927593195,31.628171179196983,32.427188873291016,10118600
2016-02-26,32.39695139138951,32.75111069678357,32.10757471277879,32.66904830932617,12228600
2016-02-29,32.60427249694848,32.712247968599,31.986652667301524,32.003929138183594,9188000
2016-03-01,32.116226882606504,32.60859480546106,31.99529487280365,32.595638275146484,5745200
2016-03-02,32.45743540465092,32.716575941194606,32.24580435090784,32.58268737792969,4489400
2016-03-03,32.42719345566312,32.496296041950444,31.960738641411968,32.4876594543457,5720600
2016-03-04,32.48764909627219,32.71223654903777,32.18531590410274,32.565391540527344,6391400
2016-03-07,32.49197084584162,32.906596139911144,32.37967546563041,32.55243682861328,7228200
2016-03-08,32.47038954565924,32.84182549556967,32.41424347700783,32.56108856201172,4904800
2016-03-09,32.70360659352421,32.72088306187732,32.25442830179154,32.37104034423828,3763000
2016-03-10,32.63018558259024,32.72088457427422,32.15077427286803,32.60858917236328,4629600
2016-03-11,32.7122464015366,32.87637121947901,32.353770357143404,32.604270935058594,5639400
2016-03-14,32.65178451177119,32.88069200227897,32.58268191800947,32.7727165222168,4526800
2016-03-15,32.56541625886917,33.088017360477615,32.504950233569105,32.846153259277344,5705000
2016-03-16,32.682016398293904,33.04049577069431,32.47902197548524,32.96275329589844,5912400
2016-03-17,32.876383195426996,33.46808685837179,32.876383195426996,33.35147476196289,5365600
2016-03-18,33.364419869325076,33.6581132763562,33.364419869325076,33.65379333496094,10689000
2016-03-21,33.56741579904752,33.88702227863339,33.49830991419113,33.62356185913086,6170400
2016-03-22,33.43783982570471,33.74880967925141,33.41624671068869,33.60628128051758,6160800
2016-03-23,33.48534711626311,33.696978082506995,33.29962920441457,33.56740951538086,5483600
2016-03-24,33.35578660475849,33.5630976802869,33.291000657974564,33.30827713012695,5357000
2016-03-28,33.43784554378257,33.78336839462091,33.34714653684629,33.584693908691406,3296000
2016-03-29,33.60196020530929,33.9777126495232,33.58468373848407,33.956119537353516,3601200
2016-03-30,34.04251404846315,34.12457647939258,33.79201010836848,33.98204803466797,5148400
2016-03-31,34.068423182587566,34.20663166891073,33.80064609385844,33.839515686035156,7487800
2016-04-01,33.78337397863518,34.11593705903719,33.692674956707364,34.025238037109375,9416600
2016-04-04,34.12024032010827,34.20661935728943,33.826546980483656,33.93020248413086,3818400
2016-04-05,33.731528896651945,33.899970329924976,33.502621476827,33.563087463378906,4527000
2016-04-06,33.52854127139256,33.57173409488538,33.11823580940914,33.51126480102539,6600800
2016-04-07,33.3341751057905,33.37304467918081,32.75110843889539,32.906593322753906,6540000
2016-04-08,32.94547224035445,33.09232058127031,32.690651733236635,32.90228271484375,6215800
2016-04-11,32.82453382830191,33.053441234354395,32.55243690518934,32.58698654174805,5397000
2016-04-12,32.617221360257886,32.889321593761075,32.392633881875824,32.84181213378906,5336800
2016-04-13,33.06640091678953,33.15709989981937,32.8288569027064,33.09663391113281,5220400
2016-04-14,33.07072706252197,33.1095999454852,32.76407712088924,32.967071533203125,5441200
2016-04-15,33.00594862262827,33.42489407174533,32.967079025980595,33.386024475097656,4631800
2016-04-18,33.32123430013045,33.63220421454297,33.32123430013045,33.52854537963867,4980800
2016-04-19,33.73153101846703,33.77472054084241,33.40328471714535,33.56740951538086,3549200
2016-04-20,33.679712092163314,33.86111010191418,33.48535425730163,33.524227142333984,5298600
2016-04-21,33.48103650441399,33.68403094080356,33.2089394719994,33.26076889038086,3747400
2016-04-22,33.260765897808824,33.33850837081116,33.02321853720447,33.05345153808594,4850800
2016-04-25,33.010260012420424,33.170064890363825,32.83317866428182,33.04049301147461,4320800
2016-04-26,33.08368657694211,33.33851042448316,32.906608502342536,33.32555389404297,3581200
2016-04-27,33.32554922922444,33.7099416225114,33.1959773526593,33.5760498046875,4424200
2016-04-28,33.38170002687728,33.61060751886238,33.12255953208566,33.20893859863281,3382400
2016-04-29,33.157101062652295,33.157101062652295,32.60426726375892,32.746795654296875,5499400
2016-05-02,32.906604582483794,33.63219985705262,32.850455230397955,33.601966857910156,5751600
2016-05-03,33.33849978806527,33.450791879487696,32.93251105633292,33.26939392089844,3989800
2016-05-04,33.07505092678511,33.36442443199353,32.97571203200821,33.26076889038086,3380400
2016-05-05,33.19166596195056,33.31691792952327,32.83750647594,33.057777404785156,4687000
2016-05-06,32.93683626156687,33.113914307975755,32.67769580856749,33.0880012512207,4353800
2016-05-09,33.23484345544199,33.77904066677273,33.02321248803812,33.59332275390625,4488600
2016-05-10,33.853332221040944,33.914001008571404,33.15563785823967,33.207637786865234,7238400
2016-05-11,32.42328757312104,32.55762518378994,32.06794025925308,32.08094024658203,12314400
2016-05-12,32.16328148607266,32.427625611843716,31.83826854188228,32.18928146362305,13179800
2016-05-13,31.68658206155167,32.41461085714512,31.452572451589365,31.495906829833984,14002600
2016-05-16,31.68658666339505,32.592287533186735,31.54358021883796,32.583621978759766,16294400
2016-05-17,33.87067969575111,33.966014037066444,32.223946326016616,32.75696563720703,27945800
2016-05-18,32.50562735446128,32.6356305424318,31.98993911543153,32.37995529174805,11597400
2016-05-19,32.401619028100924,32.986644913022914,32.310615809740284,32.84797286987305,7990000
2016-05-20,32.61829490324651,32.856639031584855,32.47095730114816,32.69196701049805,7149200
2016-05-23,32.70495854893652,32.89129937216876,32.33661133264996,32.37127685546875,5828400
2016-05-24,32.60529327392578,32.73963418777187,32.38861800678289,32.60529327392578,5491600
2016-05-25,32.739629491295325,32.83496381795271,32.39294779111707,32.639957427978516,5267400
2016-05-26,32.9823048416506,33.21631449436201,32.76996403512056,32.899967193603516,5808600
2016-05-27,32.9389683869915,33.229312392859015,32.869630728526786,33.216312408447266,4655000
2016-05-31,33.15564735903982,33.23365058053106,32.83496561168588,32.98664093017578,7059400
2016-06-01,32.8783122753152,33.25965962541266,32.85230899025658,33.19465637207031,5361600
2016-06-02,33.14264399163514,33.42431914020147,33.05597191759802,33.367984771728516,5445600
2016-06-03,33.133964030492855,33.31597036569216,33.04729529169332,33.12096405029297,4801800
2016-06-06,33.21632516629363,33.242325145103294,32.73097128922879,32.93464660644531,4030800
2016-06-07,32.89128824508613,33.307304133987564,32.86528497901702,33.04729461669922,4601600
2016-06-08,33.21631227328366,33.4546530343328,33.06030584857442,33.354984283447266,4854800
2016-06-09,33.30730538778611,33.541314954014645,33.24663660834173,33.50231170654297,3747600
2016-06-10,33.32898431472956,33.415653081256245,33.11230909221134,33.354984283447266,4788000
2016-06-13,33.13398749179262,33.34632836654476,32.9303121745761,32.93464660644531,5772600
2016-06-14,32.86961932402785,33.034294552644766,32.704947401611314,33.01696014404297,5486400
2016-06-15,33.03430808876483,33.28131772670436,32.86963279267065,32.899967193603516,6651800
2016-06-16,32.84797056040796,33.00397701125839,32.62696087066949,32.88697052001953,6309000
2016-06-17,32.86095836618907,32.938961562700406,32.566279991168564,32.782955169677734,9844200
2016-06-20,33.086310182458504,33.450326323539535,33.086310182458504,33.19898223876953,6311800
2016-06-21,33.341998858238796,33.58900858752102,33.10365468691254,33.48067092895508,6684600
2016-06-22,33.61932165058726,33.78399359680375,33.372312078162096,33.380977630615234,4574800
2016-06-23,33.64966453072688,33.74500216276213,33.19464521645018,33.315982818603516,4230600
2016-06-24,32.436281024350976,32.869631481072304,32.275943471333115,32.353946685791016,9947400
2016-06-27,32.09827321449851,32.16761088538912,31.387578618880404,31.8642635345459,9791800
2016-06-28,32.07225722159821,32.39726995260613,31.929250826466603,32.30626678466797,8891200
2016-06-29,32.55761609509068,33.12963852129633,32.509947284056764,33.0689697265625,6872000
2016-06-30,33.129631516751914,33.47631310439092,32.86962197912299,33.467647552490234,6289400
2016-07-01,33.47632281667811,33.63232924575682,33.259647588091205,33.350650787353516,4264800
2016-07-05,33.2466539422999,33.45466034992972,33.02997867240087,33.20331954956055,4515200
2016-07-06,33.18597384356898,33.6539930608505,33.09063622824855,33.63232421875,6384600
2016-07-07,33.5153121122751,33.649652959492876,33.28563697200674,33.48497772216797,5379000
2016-07-08,33.69300764437127,34.23469587016502,33.675673224401564,34.21736145019531,5724400
2016-07-11,34.13501977339527,34.30836064653427,33.99634773612451,34.1263542175293,5389000
2016-07-12,34.1393534971579,34.16102234567717,33.91834380582932,34.0223503112793,6048000
2016-07-13,34.148015263722215,34.148015263722215,33.80999915054643,33.866336822509766,4991800
2016-07-14,34.14368795081227,34.1610223683988,33.745006264928485,33.8230094909668,5342400
2016-07-15,33.93566934431739,34.00934142628574,33.67565976112677,33.718994140625,5143400
2016-07-18,33.9660006346233,34.438354254703775,33.94866622316888,34.34735107421875,7778000
2016-07-19,34.468693994388836,34.61170043141782,34.29968758924601,34.386356353759766,5219000
2016-07-20,34.49034796800614,34.61601994875502,34.33867602786106,34.52501678466797,4877000
2016-07-21,34.490360247171054,34.577032319682374,34.18268182870924,34.291019439697266,4473200
2016-07-22,34.41670409087198,34.65504824496221,34.27369759841784,34.59437942504883,3929000
2016-07-25,34.68970469623922,35.071051900371536,34.62903589799548,34.99738311767578,6022000
2016-07-26,34.980046778909774,35.20972197479932,34.85437475911709,35.188053131103516,7133600
2016-07-27,35.33973464375319,35.400403449336466,35.097056115218116,35.17939376831055,6935600
2016-07-28,35.10138774407795,35.25739417632553,34.893378065680594,35.20539093017578,4782000
2016-07-29,35.192389090936196,35.482733094353954,35.136054723560086,35.41339874267578,5566000
2016-08-01,35.39605686303106,35.56506323571675,35.218381631837964,35.47406005859375,4984000
2016-08-02,35.37438329879214,35.40471768711538,34.793695491975676,34.81536102294922,5183400
2016-08-03,34.4687039053867,34.97572326660156,34.30403188298083,34.97572326660156,5749800
2016-08-04,35.00171053530268,35.28338895800782,34.95837615631754,35.227054595947266,5167800
2016-08-05,35.36573258955449,35.56507341165022,35.26172940111363,35.52607345581055,5233200
2016-08-08,35.59974709937566,35.656081478673705,35.300734172342715,35.35273742675781,6443000
2016-08-09,35.3440420246714,35.45272603665776,35.096242610013434,35.17014694213867,4802000
2016-08-10,35.3005637294106,35.51358676868762,35.21796614047285,35.4483757019043,5487000
2016-08-11,36.08308070933099,36.31783849991034,35.344030985366665,35.83528137207031,7481600
2016-08-12,35.72660806549173,36.087439776389935,35.67009357406794,36.02657699584961,5457000
2016-08-15,36.361330152899576,36.361330152899576,35.82225827290869,35.98310852050781,11108400
2016-08-16,34.896256919548485,35.25274030339336,33.87897628154204,33.896366119384766,25043800
2016-08-17,33.83116229175719,34.38327566505529,33.692046876036734,33.99201583862305,13493800
2016-08-18,34.0702556737212,34.16154982005888,33.76593853582371,33.82680130004883,7870200
2016-08-19,33.861589348124305,34.535431526045,33.822464697201625,34.49630355834961,12661400
2016-08-22,34.4571821972304,34.49630685188851,34.15721324442614,34.38762283325195,6607800
2016-08-23,34.531077153195106,34.5397704129443,34.209373474121094,34.209373474121094,5615600
2016-08-24,34.13982574136584,34.33980395133908,34.10070108402843,34.161563873291016,5144600
2016-08-25,34.11371946196014,34.33543565323983,34.013728766513694,34.25718307495117,8944600
2016-08-26,34.26153966616048,34.56150853747546,34.135465840778416,34.209373474121094,8106600
2016-08-29,34.157196044921875,34.40499534996552,34.09198500322168,34.157196044921875,5629800
2016-08-30,34.10503305430736,34.157202560973985,33.60508937836653,33.68334197998047,6917200
2016-08-31,33.67900377061473,33.82246746930163,33.46598402566244,33.66596221923828,7270600
2016-09-01,33.75289855993961,33.839844422373716,33.405108476659116,33.79202651977539,6823600
2016-09-02,33.80072557820311,33.831156966953095,33.56596772922924,33.770294189453125,6229800
2016-09-06,33.692034010094396,33.69638229801763,33.43988637889683,33.622474670410156,6293800
2016-09-07,33.62248196712108,33.8137668759933,33.548577640246855,33.71377944946289,5691800
2016-09-08,33.60508608986112,33.69638023001491,33.057317932166704,33.13557052612305,9876600
2016-09-09,32.913867693678355,32.91821598310544,32.50086975097656,32.50086975097656,9241800
2016-09-12,32.50086884202261,32.92256335178502,32.48347900157363,32.848655700683594,9965600
2016-09-13,32.600857481399686,32.73127963119237,32.20090108663594,32.30523681640625,7404800
2016-09-14,32.3356636721723,32.43130612636447,32.12699224190992,32.24436950683594,7124000
2016-09-15,32.20959169686775,32.70084554610358,32.14438394411324,32.62259292602539,9713400
2016-09-16,32.46174621582031,32.644334595433826,32.318282496078204,32.46174621582031,6980600
2016-09-19,32.62693367076435,32.71822782028338,32.46608017869445,32.470428466796875,4379000
2016-09-20,32.60519208470112,33.17035007421127,32.57910899240029,32.63127517700195,7023600
2016-09-21,32.687804096462806,33.100802010122635,32.65302441703785,33.083412170410156,4917600
2016-09-22,33.300785722773675,33.531195332881694,33.09645921818028,33.2573127746582,6088400
2016-09-23,33.248615080308745,33.34425422670649,32.996467371363025,33.04863357543945,7207200
2016-09-26,32.88776754120774,32.88776754120774,32.53128427877165,32.683441162109375,6792200
2016-09-27,32.722575239917305,32.83125923320579,32.57911488952342,32.70953369140625,5677600
2016-09-28,32.72258581201224,32.80953502479816,32.24003177733708,32.34001922607422,5352800
2016-09-29,32.409565578509174,32.457386797139975,32.100900143066006,32.11394500732422,5617800
2016-09-30,32.40087182244294,32.59215671361519,32.244366605442416,32.50955581665039,6235800
2016-10-03,32.35740006728488,32.52694683908536,32.30523055412611,32.3226203918457,6552000
2016-10-04,32.3574090686314,32.57912541526881,32.24003177733708,32.34001922607422,5425600
2016-10-05,32.353054413648216,32.56172916650634,32.22263559528798,32.25741195678711,4222200
2016-10-06,32.16176614077279,32.34435443864026,31.979174526133335,32.2661018371582,5151400
2016-10-07,32.54868017478634,32.67040570413502,31.840058488293533,32.05742645263672,9986400
2016-10-10,32.44000161409829,32.700842551548355,32.366093973123256,32.53129577636719,6037600
2016-10-11,32.400880875558656,32.535648004664,32.248723904508566,32.27046203613281,5692200
2016-10-12,32.248719546024205,32.8443091142373,32.1878567658299,32.774749755859375,5655000
2016-10-13,32.63996787703745,32.64431284739062,32.1269794498062,32.374778747558594,5763200
2016-10-14,32.461743663978694,32.492175058188714,32.26176545677383,32.27046203613281,5169400
2016-10-17,32.1965396044403,32.248709106335205,31.818321495210196,31.874835968017575,4212600
2016-10-18,32.08351717386577,32.15742149564551,31.52270735250848,31.805286407470703,4191600
2016-10-19,31.909625898683363,31.996571779699952,31.64008836069553,31.93570899963379,4338600
2016-10-20,32.040045014913495,32.10525608466213,31.835721860967865,31.861804962158203,3109600
2016-10-21,31.84440051711496,32.04003031986313,31.648770714366783,31.9487361907959,3987800
2016-10-24,32.11395115619458,32.27045638953932,32.000918861718354,32.24871826171875,3898800
2016-10-25,32.02700672590222,32.122649195703936,31.722692791781427,32.005271911621094,4966400
2016-10-26,31.84875875528769,32.29653628304514,31.796589243761385,32.20958709716797,3554400
2016-10-27,32.18350117425366,32.287836871373855,31.78354490464957,31.813976287841797,4552000
2016-10-28,31.870481733508356,32.15740896523406,31.74875623523845,31.94438934326172,2952000
2016-10-31,31.97483695592984,32.09656251601685,31.835721556291425,32.06178283691406,5346600
2016-11-01,32.03134977643598,32.06612945372499,31.448801790549133,31.50531959533691,5711400
2016-11-02,31.444463472772615,31.800946948492847,31.43142192022252,31.622703552246097,5465000
2016-11-03,31.683549162620505,31.81397125095091,31.140129322529635,31.21403694152832,5312600
2016-11-04,31.33141970437068,31.522704583252633,31.18361107379613,31.26620864868164,5981600
2016-11-07,31.648779010964503,31.887881797361946,31.44879755189242,31.879188537597656,8519000
2016-11-08,31.905366545701497,32.15404765984518,31.76575615405196,31.948997497558594,6728600
2016-11-09,31.36436614574436,32.35036607748317,31.194216142163867,32.25874710083008,7750600
2016-11-10,32.45508594870651,33.192405144020235,32.45508594870651,32.8913688659668,10312800
2016-11-11,32.673227407336654,32.94372401432485,32.55543248424916,32.8913688659668,6923800
2016-11-14,32.9480901177646,33.174959137789095,32.26748971484127,32.380924224853516,11516200
2016-11-15,31.979539842847604,32.56852112788868,31.551981110318593,32.06243133544922,12345200
2016-11-16,32.06678726483358,33.384359916448844,32.06678726483358,33.32764434814453,12935600
2016-11-17,33.19240966791551,33.65486855809751,32.91318882909903,33.63741683959961,10430200
2016-11-18,33.56761327087909,33.999532485533656,33.36255973938982,33.91227722167969,9735200
2016-11-21,33.803205454765035,33.90791243393659,33.67231923436945,33.8860969543457,9923000
2016-11-22,34.012611814528924,34.78047059025166,33.93844452620902,34.601593017578125,10983400
2016-11-23,34.479439713074775,34.77611224109363,34.41836036865101,34.653953552246094,5142000
2016-11-25,34.623407692236555,34.8110094533175,34.49688526466344,34.57105255126953,2733200
2016-11-28,34.39218309666462,34.57105736151945,34.26566065148706,34.31365203857422,5920800
2016-11-29,34.370361601815496,34.53615121129888,34.32673398353131,34.38344955444336,6361800
2016-11-30,34.230757095083234,34.48816574566874,34.139138082406035,34.178401947021484,8293800
2016-12-01,34.06497456698134,34.27438852532444,33.82938136741421,33.8860969543457,6984600
2016-12-02,33.88609800318851,34.016984227635284,33.576337489144436,33.63741683959961,6391800
2016-12-05,33.65485240145672,34.02133165682749,33.54578170963749,33.73774719238281,8377800
2016-12-06,33.82500757070402,33.84682304382276,33.6199541062537,33.785743713378906,5204600
2016-12-07,33.78575619856817,34.143508121331784,33.72031308360195,34.11296844482422,7124800
2016-12-08,34.178402018566224,34.265660598851795,33.89482078621796,34.02134323120117,5861800
2016-12-09,34.07369915950217,34.143506032148146,33.68104382230582,34.04315948486328,5646200
2016-12-12,33.890449979446615,33.97334478134098,33.48034305879933,33.63304138183594,7829600
2016-12-13,33.74212224687101,34.287475942316235,33.571972160178085,34.14350509643555,7857600
2016-12-14,34.16967365054111,34.26565641284241,33.689763167608675,33.724666595458984,7289600
2016-12-15,33.78137944630822,33.995157099654975,33.62868112248911,33.777015686035156,6195600
2016-12-16,33.81191901889778,33.92098972541036,33.4279913302601,33.493431091308594,11429600
2016-12-19,33.475988868734305,33.794473526367426,33.436721676304195,33.56760787963867,6061600
2016-12-20,33.68104693672593,33.97335908224184,33.55452779336219,33.864288330078125,5037800
2016-12-21,33.759568058591505,33.973349066380635,33.60250595549404,33.79010772705078,4599200
2016-12-22,33.6723128157434,33.68540076957316,33.2403936964903,33.349464416503906,5495400
2016-12-23,33.349464416503906,33.55015414190004,33.279657557979576,33.349464416503906,3180800
2016-12-27,33.38872972405592,33.5327038795672,33.17058827458102,33.266571044921875,2499200
2016-12-28,33.288390721718585,33.323290828321845,32.821568094080334,32.856468200683594,4329600
2016-12-29,32.969903622210104,33.15314166915402,32.930639752968496,33.030982971191406,3731000
2016-12-30,33.13133031734854,33.270940736756316,32.70377153558883,32.77793884277344,4633400
2017-01-03,32.965525245802944,33.126951070016446,32.69503205696886,32.91753387451172,7643000
2017-01-04,33.07460617041358,33.47598897524838,33.065881976831584,33.42799758911133,6695400
2017-01-05,32.89572641147931,33.38436105619543,32.71684885148582,33.222938537597656,9958600
2017-01-06,33.17495673525527,33.397461977241385,33.07461018970864,33.148780822753906,6947400
2017-01-09,33.0964191407066,33.410543343059416,33.0964191407066,33.20112609863281,6437600
2017-01-10,33.118230360064295,33.685396027141536,33.0745994153421,33.45853042602539,7689400
2017-01-11,33.41490561351804,33.52397633819239,32.952446806042595,33.25784683227539,5807000
2017-01-12,33.14878004804965,33.20113187182889,32.81720407362384,33.1269645690918,6780200
2017-01-13,33.078973178244325,33.35819400031613,33.06152146079299,33.1269645690918,5234000
2017-01-17,33.192390621453974,33.68102514470703,33.15748720448646,33.48469924926758,6864200
2017-01-18,33.58505641800276,33.624320278143884,33.27093222257731,33.45417022705078,6431000
2017-01-19,33.380011188191325,33.46290268961041,32.74303844719373,32.756126403808594,8397400
2017-01-20,32.85645888659785,32.961169162448904,32.542334716192364,32.93498992919922,8272400
2017-01-23,32.79975073315509,32.88264555480338,32.455086819839345,32.498714447021484,6105000
2017-01-24,32.59906969525136,32.69505249784203,32.41146785252654,32.54235076904297,7966400
2017-01-25,32.686308304801216,32.94807733292249,32.564149646916206,32.9088134765625,6617000
2017-01-26,32.93063975197812,33.02661920853523,32.72122246363789,32.747398376464844,4746200
2017-01-27,32.852099579247636,32.9262668640835,32.27184259619868,32.39836502075195,5186400
2017-01-30,32.40272279031736,32.42453826221735,32.018795116322984,32.3023796081543,5353000
2017-01-31,32.04497350236225,32.716849480334886,31.957718265149776,32.686309814453125,10055400
2017-02-01,32.751746383187474,32.84336536258417,32.420170556389955,32.58159637451172,7634200
2017-02-02,32.56415900305161,32.95245056085071,32.41582439830801,32.69068145751953,8668000
2017-02-03,32.61650152783535,33.083323968763345,32.585961866412894,32.92626190185547,8495200
2017-02-06,32.743026130050126,33.00043138951246,32.6950347547989,32.86518478393555,7469200
2017-02-07,32.90898322481899,33.053456086158306,32.83455902598507,32.93525314331055,4672200
2017-02-08,32.88708759727,33.17165103483384,32.85644214983528,33.05782699584961,7997800
2017-02-09,33.05782370542777,33.50437208647249,33.05782370542777,33.320499420166016,6350800
2017-02-10,33.37740600150964,33.79768774470666,33.23731208711064,33.73202133178711,7343200
2017-02-13,33.84585658422826,33.97281725821863,33.5394020884608,33.66636276245117,6971400
2017-02-14,33.62257339952051,34.21359450605337,33.55252477113909,34.18294906616211,8086200
2017-02-15,34.25300224418923,34.353696335655535,34.020971954409795,34.248626708984375,6765800
2017-02-16,34.16981697489928,34.18295025815315,33.54377153234492,33.63570785522461,10997400
2017-02-17,33.54814143145673,33.90713225387239,33.43869296925559,33.79330825805664,12285800
2017-02-21,33.88524961755271,33.889628491922174,33.28547075283081,33.37740707397461,17787800
2017-02-22,33.74514712861795,34.01657714874657,33.03154109223728,33.42555618286133,18270600
2017-02-23,33.62257359810702,34.53318239172677,33.62257359810702,34.06474304199219,18138800
2017-02-24,33.97280709736738,34.49816179883178,33.94216165695631,34.25737380981445,10806800
2017-02-27,34.25737615262127,34.52880960061256,34.21797630087075,34.41936111450195,8865800
2017-02-28,34.24861689300395,34.441243930008454,33.94653804528694,34.34492874145508,12518800
2017-03-01,34.576962304834694,34.585716712838526,34.0953863620678,34.34492874145508,12873000
2017-03-02,34.27051805876113,34.90094256620152,34.19609387110596,34.7564697265625,7851400
2017-03-03,34.62949397896521,34.703918134230555,34.32741848403464,34.50691223144531,5849800
2017-03-06,34.371206529069966,34.568212485312905,34.30553676362131,34.410606384277344,5672400
2017-03-07,34.309904162972934,34.58571307748327,34.244234419488976,34.279258728027344,6364400
2017-03-08,34.24423801895091,34.52442583650497,34.20483483267805,34.34492874145508,6377200
2017-03-09,34.305527130037255,34.3887090322535,34.07787245242503,34.12165451049805,5658400
2017-03-10,34.27489176732983,34.3318037834091,33.73640369172182,34.22673416137695,5936000
2017-03-13,34.143548893339535,34.35369145694182,33.97718839639383,34.1741943359375,4938400
2017-03-14,34.261753403671214,34.428113892238734,34.15668045711034,34.2705078125,4767600
2017-03-15,34.25736427352468,34.72580349803782,34.22233996848967,34.664512634277344,6538200
2017-03-16,34.804615297272875,34.87028505075991,34.56820618878099,34.68203353881836,7679400
2017-03-17,34.85277289382321,34.86590617650013,34.48064874419989,34.68203353881836,10223400
2017-03-20,34.677661435205614,34.682040310320346,34.112906789115335,34.22673416137695,7905400
2017-03-21,34.366825463400986,34.46314066790595,34.00345567916965,34.18732833862305,5887600
2017-03-22,34.16981523226916,34.47189075201039,34.0122091610553,34.4281120300293,5003400
2017-03-23,34.46751351077114,34.62074070016711,34.27050426146013,34.33617401123047,5504200
2017-03-24,34.266125387448184,34.41935591694638,34.10852266414249,34.33617401123047,5612200
2017-03-27,34.077879242062295,34.36244597572329,33.99032178867556,34.30115509033203,6205400
2017-03-28,34.26613270611693,34.53756617109356,34.21797844210944,34.458763122558594,9353000
2017-03-29,34.502540904087525,35.00600462589389,34.38433800458307,34.8834228515625,6476600
2017-03-30,34.78271571986034,34.953455032914036,34.73455813514247,34.92280960083008,3761200
2017-03-31,34.865902474028985,35.010375248338164,34.594469080487684,34.6207389831543,5430200
2017-04-03,34.71267442171637,34.743319857307185,34.20483195752343,34.29239273071289,7079600
2017-04-04,34.283641461854565,34.29239921087943,33.543771994178336,33.58317184448242,10849400
2017-04-05,33.622577350402445,33.736401374743686,33.18915892659328,33.241695404052734,9552800
2017-04-06,33.42556458763872,33.876491783586815,33.42556458763872,33.62257385253906,7543400
2017-04-07,33.54377063889443,33.61819480208578,33.307361526313834,33.311737060546875,7189800
2017-04-10,33.316114095260055,33.63132622796239,33.18477793336894,33.281089782714844,6252000
2017-04-11,33.25921252119753,33.714518706744066,33.189163874142686,33.70576095581055,8550000
2017-04-12,33.802063443040986,33.802063443040986,33.53938779573551,33.74952697753906,7882200
2017-04-13,33.71888180587943,33.87211232977146,33.609433340300605,33.62694549560547,5707000
2017-04-17,33.7451547686452,33.78893349082584,33.355518463063454,33.482479095458984,5060200
2017-04-18,33.49124257861633,33.793321521687886,33.38617294889273,33.64009094238281,4344600
2017-04-19,33.77143239812809,33.81521113465151,33.596314111930894,33.66636276245117,4035400
2017-04-20,33.78455337361709,34.29239588451528,33.78017783963169,34.222347259521484,6308400
2017-04-21,34.20484156900276,34.40622639377421,34.11728411131183,34.39309310913086,6104400
2017-04-24,34.64263362129363,34.69079122239052,34.23548511935805,34.41936111450195,4829400
2017-04-25,34.45875733172156,34.56820580628811,34.266126947651664,34.489402770996094,4545200
2017-04-26,34.56821330189761,34.79586804881696,34.43687710800084,34.55070114135742,4404000
2017-04-27,34.56382831079832,34.629498066178236,34.35806797609159,34.57258605957031,4598400
2017-04-28,34.55507266184615,34.56382707020141,34.1741907663956,34.4281120300293,5419200
2017-05-01,34.53756108063903,34.555073237743805,33.99469757080078,33.99469757080078,4067600
2017-05-02,34.055980165466025,34.54631042480469,33.9815560209535,34.54631042480469,6405200
2017-05-03,34.53756232245935,34.725813842976336,34.39746840068643,34.647010803222656,5854600
2017-05-04,34.585719342625794,34.65576797239171,34.36682238476107,34.57258605957031,4734800
2017-05-05,34.686413694864754,34.69516810360541,34.33617722339303,34.45000457763672,5780000
2017-05-08,34.53755680989595,34.572581119774576,34.239856856131766,34.366817474365234,6552000
2017-05-09,34.40770086259472,34.91318002855038,34.35935047737882,34.71538543701172,6493800
2017-05-10,34.73736316694048,35.568105874742635,34.62747652989285,35.48019790649414,9874400
2017-05-11,35.25163418303684,35.256030587785745,34.60110712611769,34.93076705932617,8713800
2017-05-12,34.754933469106504,34.754933469106504,33.853862014062955,33.98133087158203,11910000
2017-05-15,34.064851786860714,34.209902928335175,33.682445146648085,33.801124572753906,11815200
2017-05-16,32.35941179206273,33.12861810180766,32.10007763525685,32.42094802856445,30643600
2017-05-17,32.42095149198388,33.37037020905748,32.41655508791457,32.864891052246094,20090600
2017-05-18,32.94840721251344,33.128622897982936,32.684679967400335,32.7374267578125,11622600
2017-05-19,32.86927301500223,32.87806581927768,32.1440209220014,32.645103454589844,16200800
2017-05-22,32.77258584893698,33.163781964251136,32.66709562828927,33.09345626831055,10872800
2017-05-23,33.08027316683892,33.09345902633459,32.64072663178888,32.70226287841797,10835400
2017-05-24,32.76379321284392,32.834118901955264,32.51325186721436,32.52204132080078,11123200
2017-05-25,32.693459179066195,33.28684948649526,32.609947645587965,33.12861251831055,9097400
2017-05-26,33.2297160285582,33.335206253710155,33.06708596342265,33.19894790649414,5496600
2017-05-30,33.111038727664976,33.27366878682412,32.860497356215,32.900054931640625,6939800
2017-05-31,33.04070631355085,33.12422121335505,32.88246932101306,33.05828857421875,7954600
2017-06-01,33.300047461190196,33.431909413686896,32.98357340963968,33.3615837097168,5530600
2017-06-02,33.1418015972573,33.313224437220285,32.90444612189166,33.06268310546875,6952800
2017-06-05,32.97477916335983,33.225320551003946,32.86489253099883,32.97917556762695,5087000
2017-06-06,32.82094114121978,32.900059656908084,32.47369895311408,32.51325988769531,7778800
2017-06-07,32.67149489557531,32.82533551280948,32.53523318876166,32.60995864868164,5436200
2017-06-08,32.60995650672286,32.79896163933132,31.963822603306184,31.99019432067871,10310000
2017-06-09,31.99458805787427,32.56160340843698,31.7748148221588,32.38578414916992,9353200
2017-06-12,32.31984854063088,32.737419662239134,32.31984854063088,32.42533874511719,7417600
2017-06-13,32.45609835057086,32.62312809680517,32.328632870038305,32.48686981201172,6415400
2017-06-14,32.40776944850365,32.460512889649756,32.0297591374106,32.16162109375,7714600
2017-06-15,32.144039269663224,32.21876473476846,31.50669808826437,31.884708404541016,7819200
2017-06-16,31.590206475766376,31.87151595247041,31.383619095239524,31.840747833251953,11545000
2017-06-19,31.915474368723775,31.95503194744686,31.46713502235177,31.801191329956055,7778000
2017-06-20,31.67811463275088,31.72646501375747,30.834186197228917,30.84737205505371,14403600
2017-06-21,30.72430513981595,31.09791904421058,30.262779911551092,30.50453186035156,14474800
2017-06-22,30.508919007738378,30.52649791370442,30.126512410251465,30.21881675720215,12287800
2017-06-23,30.205637215452786,30.49134312248751,29.985863956729723,30.447385787963867,12230400
2017-06-26,30.67595158383848,30.917700154212767,30.513318166570357,30.741884231567383,7687800
2017-06-27,30.636392163286704,30.869354643870206,30.614416848610176,30.750675201416016,7125800
2017-06-28,30.89132795560412,31.44076108900196,30.829791712941464,31.388017654418945,9648800
2017-06-29,31.37483146557692,31.467135838465353,31.11550061129141,31.242969512939453,8988000
2017-06-30,31.42318460236747,31.889106265494327,31.35285889217196,31.722076416015625,12423600
2017-07-03,31.93305841253688,32.17920341424183,31.44076505565284,31.45834732055664,5938000
2017-07-05,31.51987773842472,31.51987773842472,30.882536682600065,31.28691864013672,10277400
2017-07-06,31.05395459703235,31.14186253781255,30.816599132758235,30.89571762084961,9383600
2017-07-07,30.988034633764652,31.177039801840063,30.864962124966592,30.922101974487305,8533800
2017-07-10,30.851773169945456,30.8957271538978,30.1528924172493,30.18805694580078,7759600
2017-07-11,30.15289306640625,30.2935478301663,30.043006427422643,30.15289306640625,9519200
2017-07-12,30.227619767979466,30.39464963083158,30.201248043728963,30.297948837280273,6893200
2017-07-13,30.47376593865514,30.78144721076136,30.434205001684713,30.759471893310547,10021800
2017-07-14,30.864952332556655,30.996814255801652,30.583642872132717,30.680343627929688,7418200
2017-07-17,30.680338257877576,31.11548822932533,30.640777340397214,30.926483154296875,8482200
2017-07-18,30.886927771568818,30.97483907423796,30.631993377511552,30.746273040771484,5696600
2017-07-19,30.812200863171817,31.0407668609113,30.7242929277168,30.90011215209961,10121800
2017-07-20,30.904509596860123,31.067142989402623,30.56166390496217,30.592432022094727,9760200
2017-07-21,30.456180103389325,30.517716350599013,30.021029968556828,30.293546676635746,9621800
2017-07-24,30.152894182679947,30.152894182679947,29.30017611296155,29.40566635131836,14687400
2017-07-25,29.56829432088588,30.447387402390692,29.54631900593264,30.19684600830078,11730600
2017-07-26,30.29794180581983,30.3067312607053,29.93751379298681,30.09575080871582,10048000
2017-07-27,30.086960121567603,30.653975575660382,30.029820277098988,30.610021591186523,9348600
2017-07-28,30.627596542667145,30.794622985176257,30.394637462453066,30.592432022094727,6867000
2017-07-31,30.658369338123144,30.96165750576242,30.407827959391412,30.90451431274414,8441400
2017-08-01,30.94406400502467,31.181419438699024,30.886920832758733,31.084718704223633,7076200
2017-08-02,30.8957327536673,31.155063653420985,30.76826382967028,30.992433547973633,6852800
2017-08-03,30.992420898291176,31.04077127570994,30.359472941880643,30.592432022094727,9416800
2017-08-04,30.65836922026635,30.93088926503038,30.561668451044476,30.838584899902344,6646400
2017-08-07,30.79022754651348,31.155048520361554,30.79022754651348,31.067140579223633,5566000
2017-08-08,31.26272656350768,31.827848060732265,31.214161119053397,31.567363739013672,10749600
2017-08-09,31.452580509414048,31.571787856018737,31.152359215389495,31.46141242980957,7745800
2017-08-10,31.20974516659713,31.24947868865807,30.812393104040456,31.019899368286133,9474000
2017-08-11,30.95368222500304,31.589445705055503,30.89628822076124,31.37752342224121,9866600
2017-08-14,31.624756669452413,31.677738071181302,30.59606055757002,30.737340927124023,15373000
2017-08-15,30.794740304275376,31.704232631792735,30.415048613131365,30.975757598876953,16432400
2017-08-16,31.240651975968184,31.66007711930167,31.00665668326279,31.60709571838379,11446400
2017-08-17,31.381934810512668,31.399595278873708,30.9845826933641,31.01548767089844,10500200
2017-08-18,31.037568739257384,31.443749467124608,30.905116890940043,31.11262321472168,13310200
2017-08-21,31.1214446301525,31.64241661588108,30.97133571364257,31.549701690673828,10439400
2017-08-22,31.60709908585496,31.766039937152755,31.40400874661668,31.611515045166016,8857600
2017-08-23,31.558533644696137,31.713058520219544,31.381932343359537,31.60709571838379,8798400
2017-08-24,32.03535487981251,32.32233159225156,31.1965045381459,31.29804801940918,13381000
2017-08-25,31.479066373921025,31.84551015296355,31.35103050186424,31.642419815063477,5931800
2017-08-28,31.78811663409829,31.87641561072588,31.61593127180146,31.699817657470703,9468600
2017-08-29,31.496728023739394,31.61593536284088,31.275977185215655,31.56295394897461,6457400
2017-08-30,31.52762567813608,31.911729851079116,31.443739310072964,31.8101863861084,6433000
2017-08-31,31.71306216589072,31.982378423501437,31.71306216589072,31.920568466186523,9065400
2017-09-01,31.98237541132721,32.150144798468204,31.85875550834019,31.955883026123047,5649400
2017-09-05,31.863183647395275,32.03978503857838,31.664509187558888,31.9382381439209,6549400
2017-09-06,31.960317059753713,32.27378295342971,31.93824062099685,32.24287796020508,6046000
2017-09-07,32.45036954226771,32.51659545990954,32.030944344519604,32.194297790527344,5414600
2017-09-08,32.216377948989084,32.22520650044805,31.66450085206489,31.96030616760254,5362800
2017-09-11,31.960303119953466,32.229619387042426,31.788117751603497,32.15897750854492,6392600
2017-09-12,32.23403370628368,32.803571191225224,32.22961774700476,32.4680290222168,5713800
2017-09-13,32.525435268231355,32.76826259417012,32.40623126992858,32.44596481323242,7606000
2017-09-14,32.454786127388026,32.47685918810079,32.167809391000766,32.32233428955078,6972600
2017-09-15,32.31351152753823,32.57841188227642,32.035363291930985,32.55633544921875,8045600
2017-09-18,32.61814086246263,32.62697278180805,32.287014623205565,32.4150505065918,3889400
2017-09-19,32.490114274436934,32.52102263259843,32.145743426028176,32.15457534790039,5666800
2017-09-20,32.141317838289496,32.14573042905027,31.76162619268914,31.97354507446289,9761200
2017-09-21,32.02652657490553,32.30467137121183,31.977961129272543,32.150146484375,7468000
2017-09-22,32.07509395737799,32.18105340498014,31.854343143312608,31.986791610717773,8517400
2017-09-25,32.017699853625736,32.666707852075994,31.92057231498411,32.5960693359375,10140000
2017-09-26,32.67111311399668,32.83888248223217,32.45919089819296,32.57398223876953,5863600
2017-09-27,32.60488866872923,32.83888395038915,32.39296981184041,32.741756439208984,4674000
2017-09-28,32.6931968943687,32.77266732212877,32.45919820212672,32.649044036865234,4917200
2017-09-29,32.710855524344616,32.834478815386824,32.503352578973285,32.551918029785156,5973000
2017-10-02,32.534255356036525,32.56957292555192,32.11482679728715,32.406219482421875,5896200
2017-10-03,32.45478368316841,32.65787401573768,32.353236832688815,32.59164810180664,3970200
2017-10-04,32.512189416436954,32.613736303577376,32.273778061246986,32.516605377197266,5613800
2017-10-05,32.41947267904422,32.62256307383475,32.31792579745349,32.587242126464844,7773800
2017-10-06,32.45036879208541,32.65345913133928,32.273767471919875,32.4945182800293,4127400
2017-10-09,32.51219434475898,32.60932528586257,32.14574701910149,32.24287796020508,3640000
2017-10-10,32.273768525468924,32.33557848428609,31.85434332372525,31.89849281311035,5822000
2017-10-11,31.99120792568251,32.198714232152504,31.88083251742316,32.03094482421875,5910000
2017-10-12,31.97797491574928,31.97797491574928,31.40402123903587,31.690998077392575,6957800
2017-10-13,31.695410811539524,31.991216173524244,31.58945133544176,31.81903076171875,5299000
2017-10-16,31.686571224046155,31.70864765340456,31.258317462648808,31.42167091369629,6183000
2017-10-17,31.39959642119084,31.739551186436103,31.373104033490527,31.699817657470703,5210200
2017-10-18,31.655659047870387,31.783694898585008,31.417251180624604,31.479061126708984,6874000
2017-10-19,31.479064408395768,31.655662347967475,31.37751756159123,31.52762985229492,6904600
2017-10-20,31.686571856247447,31.933815070111752,31.611517384355725,31.827852249145508,6701800
2017-10-23,31.792528431689675,32.15897216827639,31.713058015771793,31.87641143798828,5615000
2017-10-24,31.9117262502407,32.05300658828514,31.633581532075095,31.673315048217773,5328600
2017-10-25,31.673321021026936,31.766035944565893,31.377515783775564,31.54087257385254,6299800
2017-10-26,31.54971650063944,31.761638835157083,31.3245496517878,31.55413246154785,6558600
2017-10-27,31.49232049177559,31.496733084013847,31.00666924267659,31.14353370666504,8995600
2017-10-30,30.993413071352833,31.00224499024922,30.419462973521924,30.61813735961914,9031400
2017-10-31,31.170015626774052,31.41725883977593,30.68878044802782,30.816816329956055,7563600
2017-11-01,31.028730129866208,31.081711531448608,30.63137803897245,30.781490325927734,5835600
2017-11-02,30.905118301256227,31.14794557812233,30.737348871670015,30.997833251953125,5883400
2017-11-03,30.89628068746438,30.89628068746438,30.251685444918515,30.287006378173828,8599000
2017-11-06,30.304673059282763,30.547500314721837,30.08833819341267,30.123659133911133,9608400
2017-11-07,30.150140315902355,30.34440206974459,30.017688507666396,30.154556274414062,9966000
2017-11-08,30.071628149589746,30.368795330866256,29.92526101234073,30.151464462280273,9541600
2017-11-09,30.138148731449515,30.998606196414705,30.04500695182404,30.714744567871097,10346200
2017-11-10,30.772399477981978,31.153839134665485,30.665952224736884,31.144969940185547,12163400
2017-11-13,31.15383985413428,31.961071926337592,31.08730905035819,31.38447952270508,18013200
2017-11-14,29.982913185854542,30.86554535355022,29.468415240146168,30.133716583251953,34174200
2017-11-15,29.94299992580015,30.852243161429858,29.7167964975068,30.621606826782227,20352800
2017-11-16,30.65265406526967,30.83450135868524,30.49298145530098,30.630475997924805,9703600
2017-11-17,30.7590983716624,31.650603127190777,30.7590983716624,31.499799728393555,15719400
2017-11-20,31.530850621079285,31.726006788860605,31.30465057267607,31.575206756591797,12259400
2017-11-21,31.482059639293965,31.615117871636713,31.09174736973464,31.59294319152832,8843400
2017-11-22,31.548575585108058,31.646153616995797,31.24253939333753,31.30019760131836,7535800
2017-11-24,31.56190439863848,31.690526375903,31.38005369992248,31.433279037475582,3206800
2017-11-27,31.468750203419205,31.668342624182458,31.26916116655336,31.47318649291992,8922200
2017-11-28,31.51753813239746,32.26711198858773,31.43326893821969,32.22275924682617,9285200
2017-11-29,32.26711047083914,33.59327667534532,32.21388515289046,33.167484283447266,14984200
2017-11-30,32.959040476396524,33.806192812256725,32.90138222208364,33.50902557373047,12560200
2017-12-01,33.39812866370381,33.792873855223455,33.02555815320691,33.42030334472656,10435600
2017-12-04,33.597712430087,34.56905331784351,33.557795980183236,34.152130126953125,10717200
2017-12-05,33.74408689592782,33.88601772201794,33.51344718859526,33.53118896484375,13641000
2017-12-06,33.47796272976237,33.76625725113613,33.2872428894043,33.2872428894043,6365800
2017-12-07,33.424746258563516,33.424746258563516,32.71065574049973,32.750572204589844,10558000
2017-12-08,32.825975988899174,32.86145616275613,32.435663621387754,32.768314361572266,9540800
2017-12-11,32.706207720291694,32.71064400934346,32.34250984767928,32.51105499267578,12004600
2017-12-12,32.40017407974918,32.72395214493257,32.40017407974918,32.65298843383789,10407800
2017-12-13,32.786048913552236,32.94128521464056,32.599765352246244,32.77717971801758,8416600
2017-12-14,32.99007777128331,33.007819548144006,32.53767430497823,32.56428527832031,8148200
2017-12-15,32.77274546070509,33.23845777674881,32.62194543998101,32.896934509277344,13935600
2017-12-18,33.05661407933458,33.548937471327044,33.021130519719264,33.47353744506836,7242800
2017-12-19,33.619901565569386,33.792879673257055,33.3316035914572,33.7352180480957,10503000
2017-12-20,33.76182292227954,33.98359001177032,33.593277768572314,33.61989212036133,7444600
2017-12-21,33.4291801563956,34.00577269444805,33.40256579834226,33.84166717529297,7292800
2017-12-22,33.91705513036673,33.930360612712924,33.597710018470636,33.81947708129883,5993000
2017-12-26,33.886021359778425,34.36947212483281,33.86384329111248,34.35173034667969,4435600
2017-12-27,34.35173047783636,34.4360030784109,34.067868794098985,34.13883590698242,4209200
2017-12-28,34.15656874916774,34.200921491167236,33.744081819167526,33.877140045166016,4520400
2017-12-29,34.0102024240745,34.134391458040085,33.90375516408934,33.91262435913086,4752200
2018-01-02,34.09003699108896,34.400509560302176,33.91262264415403,34.0146369934082,6881400
2018-01-03,33.71748163139052,33.77957955695361,33.19411093457757,33.40257263183594,9258800
2018-01-04,33.36708216478041,33.52675137704066,32.94128631909413,33.455787658691406,7599800
2018-01-05,33.50013568059726,34.240836940364154,33.50013568059726,34.21866226196289,7729000
2018-01-08,34.22754209577001,34.311814698022694,33.40700429413026,33.55337142944336,7883000
2018-01-09,33.566667955357964,33.730776825429416,33.28724263119049,33.48683166503906,8376400
2018-01-10,33.50457957046746,33.952550136122035,33.35377615720144,33.8283576965332,6656800
2018-01-11,33.77512940545018,34.15213279195857,33.59771505182937,34.098907470703125,5397800
2018-01-12,34.218667599416236,34.950499778753795,34.17431485179833,34.7198600769043,7825400
2018-01-16,34.937207837513995,34.937207837513995,33.8416805665417,33.97030258178711,7647400
2018-01-17,34.02794534916147,34.25858165091424,33.744083723666904,33.965850830078125,7595000
2018-01-18,34.036812365520746,34.55131364372803,34.00133220252843,34.26301574707031,5074800
2018-01-19,34.41382909291497,34.99486140091942,34.20537078785689,34.99042510986328,9128400
2018-01-22,35.012592605577794,35.29645423725448,34.733163879719676,35.243228912353516,8736600
2018-01-23,35.110169556555775,35.29645311192366,34.89727164763714,35.18113327026367,7822600
2018-01-24,35.12790738559719,35.420641582694245,34.88840189475084,35.15008544921875,6937400
2018-01-25,35.29644892190616,35.3408016606957,34.92387847150051,35.154518127441406,4852600
2018-01-26,35.35855373685681,35.73112091193553,34.9460667165065,35.708946228027344,7546400
2018-01-29,35.575887174339115,36.028294072838115,35.575887174339115,35.85087966918945,7882800
2018-01-30,35.83758155834261,36.13031250830866,35.47831638642652,35.63798904418945,9984400
2018-01-31,35.65571538112602,35.9617550732501,35.37629004303285,35.62466812133789,11270600
2018-02-01,35.50935401708864,35.8065245618334,35.28758687307205,35.527095794677734,6082000
2018-02-02,35.16782847683333,35.478301075217004,34.55575247549228,34.80413055419922,11470200
2018-02-05,34.631159236327505,35.1057408058113,33.73078514146651,33.7352180480957,10812800
2018-02-06,32.821526780541,33.93923133874745,32.54210148696363,33.704158782958984,11889800
2018-02-07,33.81504783558017,34.2231018879355,33.6065862116796,33.797306060791016,12023400
2018-02-08,33.948117578012564,34.0678703566231,32.976776325233566,32.9812126159668,10940000
2018-02-09,33.083211272250644,33.81947959994295,32.298157300288,33.54892349243164,15882000
2018-02-12,33.81948785307868,33.87714608957576,33.061044662703615,33.579978942871094,10206800
2018-02-13,33.49128379150367,33.79288732156136,33.27394949714958,33.50902557373047,6666600
2018-02-14,33.443543778615904,34.26304379504721,33.39010041531059,34.10270690917969,8596600
2018-02-15,34.369930347743484,34.730690002441406,33.920099562785346,34.730690002441406,9808400
2018-02-16,34.72623169464781,35.24287002177704,34.68169443509832,34.6861457824707,8217600
2018-02-20,34.4189157266941,34.556982238252814,33.92899911983193,34.01362228393555,7274800
2018-02-21,34.089336405946206,34.36101808566106,33.764207980099386,33.77756881713867,7272000
2018-02-22,33.87111066015104,34.1962357762156,33.782032725768055,34.02699279785156,5683000
2018-02-23,34.227399925178474,34.73513207610488,34.11605509562489,34.721771240234375,6448800
2018-02-26,34.97119184768517,35.17606937862803,34.54362799653898,35.118167877197266,9020800
2018-02-27,35.501188836858915,35.73723935703497,34.4278263323277,34.43227767944336,10695000
2018-02-28,37.34506003490131,37.763717736106926,36.59682254656306,36.82396697998047,30077200
2018-03-01,36.6146377439696,37.6523724956656,36.07572911190675,36.895225524902344,17762200
2018-03-02,36.34295990667077,37.371788675066945,36.34295990667077,37.25598907470703,11112000
2018-03-05,37.189190323128464,37.42969567429266,37.10011577735334,37.33616638183594,8423600
2018-03-06,37.380697151043826,37.60784162061963,37.17582301302515,37.5855712890625,7967400
2018-03-07,37.11791957541155,37.64346743179611,36.73934774450177,36.801700592041016,13295200
2018-03-08,37.10011371415712,37.32280346418693,36.717087072267766,36.81507110595703,12822200
2018-03-09,36.92195781360059,37.05111826440786,36.27615555956422,36.81951904296875,12639200
2018-03-12,36.743799070225954,36.84178307808922,36.40530978796419,36.730438232421875,7141600
2018-03-13,36.85068873653683,37.082287915662725,36.60573211773924,36.65472412109375,7518600
2018-03-14,36.76606573570256,36.8818619171183,36.27169439835363,36.46765899658203,8172400
2018-03-15,36.547831294073454,36.56564687725402,36.11136139906235,36.22715759277344,6009200
2018-03-16,36.200441239576016,36.628005104849485,36.169264813919895,36.25834274291992,11732000
2018-03-19,36.25834491722674,36.53893276495786,36.08464379475423,36.24943542480469,5299000
2018-03-20,36.37859685304188,36.56120067686354,36.18262879023008,36.44985580444336,6760400
2018-03-21,36.46767210681129,37.14910559368343,36.33406029607284,36.91305160522461,7234800
2018-03-22,36.5790107084426,36.77943348714343,36.053462854522586,36.07573318481445,9109000
2018-03-23,36.30287098161717,36.34740823605509,35.52345713604211,35.576900482177734,7377800
2018-03-26,35.91540879574484,36.27616516554442,35.8486011796399,36.1069221496582,8426000
2018-03-27,36.04455176863214,36.31177870524411,35.68379557410472,35.826316833496094,7267400
2018-03-28,36.02229145273711,36.63246256925928,35.88422490001069,35.93767166137695,6111800
2018-03-29,36.129181080172295,36.614643034499395,36.08018907036263,36.32514572143555,6764400
2018-04-02,36.40084557408825,36.68143326271976,35.505632379920364,35.8797492980957,7230800
2018-04-03,35.95547316042958,36.68589495636229,35.910932511088376,36.6680793762207,7943000
2018-04-04,36.39639887166012,37.48312550869726,36.22270120727789,37.39850234985352,6186400
2018-04-05,37.52321659308917,37.950780433751895,37.273805202196414,37.83943557739258,7424600
2018-04-06,37.67465554958096,37.857262801180035,36.92642114686204,37.162471771240234,5758000
2018-04-09,37.46976848094928,37.50539964920715,36.76161685119395,36.79279327392578,9939800
2018-04-10,37.22036329213445,37.22036329213445,36.50330205201631,36.685909271240234,7118200
2018-04-11,36.39193857931247,37.144630608876234,36.351856077322815,36.54336929321289,9074400
2018-04-12,36.81506550236404,37.05556740557082,36.54783512462246,36.75716400146485,10267000
2018-04-13,36.89523680444432,36.904146297469126,36.04901845779133,36.1915397644043,7904200
2018-04-16,36.516654399466134,37.046656948796056,36.38304262430712,36.85068893432617,6903600
2018-04-17,37.18918622653332,37.50540524657071,37.144648958551784,37.16691589355469,6501600
2018-04-18,37.26490018488306,37.62565987342366,37.019943510268035,37.04666519165039,4879200
2018-04-19,36.97094394054193,37.2292614030596,36.61018432572447,36.80615234375,6375400
2018-04-20,36.77942723917343,36.90413291248251,36.494384729331315,36.73488998413086,7545800
2018-04-23,36.761614901424366,37.24707680078279,36.66363089289972,37.06892776489258,4530400
2018-04-24,37.22481491317405,37.57221033738711,36.85960390336346,37.00657653808594,6077600
2018-04-25,36.89524118293881,37.22482450444965,36.636923620155805,37.11347961425781,4648200
2018-04-26,37.2248078550336,37.915143826672896,36.97984784698345,37.90178298950195,6064800
2018-04-27,37.968597654662375,38.627760727823215,37.77708435755269,38.52532196044922,7967600
2018-04-30,38.65893143302294,38.85489604904149,37.76817267556135,37.79043960571289,8206000
2018-05-01,37.7592607790184,37.76371552395483,36.77942756743775,37.22035217285156,6359800
2018-05-02,37.05557293063566,37.54549309755976,36.70817746534469,37.20254898071289,6230600
2018-05-03,37.184724000029576,37.4163231837048,36.57900776299826,37.21590042114258,6035800
2018-05-04,37.01993419734208,37.126824293957434,36.636907669997576,36.89077377319336,6286200
2018-05-07,36.94421558486723,36.94421558486723,36.20934237850088,36.47211456298828,5787600
2018-05-08,36.50775626604525,36.80615970006123,36.365234969352855,36.77943801879883,5070200
2018-05-09,36.783893590527654,37.38961002051221,36.685912948656856,37.36288833618164,6315400
2018-05-10,37.140181513817915,37.25598108935765,36.65917102893708,37.08673477172851,6141600
2018-05-11,37.07338084690245,37.59892868250954,37.02884358584596,37.44304656982422,4849000
2018-05-14,37.6702049620167,38.01760048400932,37.598942599568744,37.821632385253906,7048400
2018-05-15,37.84835108291349,38.293730579122055,37.76372789128157,38.12002944946289,5343800
2018-05-16,38.47347959467459,39.06407132145022,38.05290892230026,38.11554718017578,6624200
2018-05-17,37.99027696528603,38.83589700038452,37.99027696528603,38.59876251220703,9906200
2018-05-18,38.357162473268,38.49586101818454,37.82920887882232,37.93658828735352,11738400
2018-05-21,37.95000793602508,38.21845814748963,37.605497457126006,37.89631652832031,9916000
2018-05-22,38.79113786681244,39.708346099883045,38.30792903813201,39.12670135498047,16548200
2018-05-23,38.88511381160171,39.6188793187966,38.84484440228279,39.32358169555664,12248800
2018-05-24,39.12223508295918,40.03496830755159,39.12223508295918,39.70387649536133,8095000
2018-05-25,39.44438460136617,39.68598739147055,39.36832092378421,39.42201232910156,6272800
2018-05-29,39.36385252182018,39.72178501355107,39.18488456918984,39.53834533691406,5492400
2018-05-30,39.57413393941214,40.222892304002414,39.45780767833767,40.1692008972168,8086400
2018-05-31,40.20051009478548,40.647928133488776,40.02154219659841,40.410797119140625,10903000
2018-06-01,40.50476360116478,40.82243007041679,40.392909066349446,40.45554733276367,7984200
2018-06-04,40.9253398166091,41.60094219689037,40.77321586652228,41.58751678466797,7549800
2018-06-05,41.60988437852443,42.09309675829626,41.33695905736789,42.07072448730469,8378600
2018-06-06,42.13336178248162,42.23179431093769,41.54277002527444,42.1915283203125,8988200
2018-06-07,42.3660163814744,42.764218174157634,42.14677907853688,42.281005859375,7813200
2018-06-08,42.22731071869376,42.62551247605576,42.11545621575997,42.47786712646485,6063800
2018-06-11,42.48235363855458,42.81791726417833,42.28996368998911,42.50920104980469,5432000
2018-06-12,42.50024086412077,42.91186807651325,42.16467731674808,42.692630767822266,6814400
2018-06-13,42.62551769954856,42.81343588178722,42.2720604308689,42.383914947509766,6288000
2018-06-14,42.339184281201334,42.58079052592416,42.02599289741067,42.307865142822266,5440600
2018-06-15,42.27653937025632,42.61657811467613,42.169159971739894,42.58078384399414,9489200
2018-06-18,42.38837276671993,43.23399236207279,42.28546855673992,42.93422317504883,7662600
2018-06-19,42.41970834008834,42.88502356681673,42.34364808346242,42.84028244018555,5693200
2018-06-20,43.122164216819336,43.319029314088766,42.86266425913589,43.274288177490234,6138200
2018-06-21,42.9566135819012,43.202691493624926,42.500245199346416,43.08189010620117,6338600
2018-06-22,43.09978082299581,43.15346880339968,42.35706523447373,42.54050827026367,7841800
2018-06-25,42.629993903072155,42.996876590296466,42.31232747748407,42.59867477416992,5661200
2018-06-26,42.09757143037592,42.6076312537704,41.887287770560704,42.58078384399414,5374800
2018-06-27,42.60314977415916,43.090833838863226,42.11993743247747,42.1512565612793,5050200
2018-06-28,42.24969345977668,42.79106897857754,42.066250390990014,42.65237045288086,5973000
2018-06-29,42.98345650299992,43.15347415122971,42.580779532424955,42.58525466918945,5812000
2018-07-02,42.4107556288172,42.553929262400985,42.15572748732332,42.464447021484375,5682800
2018-07-03,42.629993870706265,42.853702909417805,42.43760396087318,42.57183074951172,2616600
2018-07-05,42.66131396341249,42.786590481756626,42.343647530888695,42.53603744506836,5192000
2018-07-06,42.49576911243921,42.92976176604956,42.47787198030132,42.75079727172851,5006000
2018-07-09,42.95214368454326,43.0192570917563,42.697115467957474,42.81791687011719,4201000
2018-07-10,42.74184408699023,42.7731632127156,42.22284094446564,42.51813507080078,9527800
2018-07-11,42.30337542231796,42.844750820297456,42.285478291782034,42.6657829284668,5032000
2018-07-12,42.51814068602991,42.66578947546131,42.14231112769086,42.16915512084961,8791800
2018-07-13,42.182580058671086,42.67473931089647,42.14231406612536,42.65237045288086,4376000
2018-07-16,42.69711634410304,42.768701476677435,42.36602785219572,42.58973693847656,3691000
2018-07-17,42.55393611043094,43.283226390496154,42.55393611043094,43.08636474609375,6034400
2018-07-18,43.11320449788113,43.32349153206625,42.83580407204751,43.22953414916992,5564200
2018-07-19,43.21163671087314,43.83354753625179,43.17584244711047,43.70827102661133,5905200
2018-07-20,43.515888222464696,43.85592354307714,43.38166141822912,43.430877685546875,5287400
2018-07-23,43.471147628948486,43.90066862886423,43.44430021965224,43.65011215209961,4408200
2018-07-24,43.79328139964895,43.79328139964895,43.18926766114001,43.404029846191406,4872000
2018-07-25,43.43535381503803,43.77538914341958,43.29665187055103,43.70380401611328,5311000
2018-07-26,43.860397789685294,44.26754991767877,43.529309336430074,43.6322135925293,4894800
2018-07-27,43.69037853092745,43.97672584435675,43.099786770288354,43.198219299316406,3510800
2018-07-30,43.44429873158021,43.76644032386525,43.19822081391144,43.29664993286133,4374800
2018-07-31,43.35929255155284,43.69932787210001,43.18479634066831,43.51588821411133,6127800
2018-08-01,43.39954934265817,43.77985398924376,42.96555330306699,43.13557434082031,5472600
2018-08-02,43.07741604970214,43.63668869973157,42.916345253411315,43.605369567871094,6055400
2018-08-03,43.77985809804826,43.967772870910814,43.2876988966577,43.66352844238281,4275200
2018-08-06,43.663529896814865,44.02146573531031,43.6590581736423,43.96330261230469,3398800
2018-08-07,43.96329986541207,44.227274884323826,43.65010517291514,44.17805862426758,4524800
2018-08-08,44.3391380219464,44.69707390767834,44.28545002855733,44.62101364135742,4771000
2018-08-09,44.74180602548666,44.943142787189785,44.49572472693493,44.656795501708984,4639400
2018-08-10,44.621011403119326,45.29213859505504,44.455465466904585,45.05500411987305,7651000
2018-08-13,45.30555511439184,45.40845935980234,44.397296970629895,44.450984954833984,6956600
2018-08-14,44.562838273919375,45.27423476723788,44.562838273919375,45.18922424316406,9137800
2018-08-15,44.95566442312314,45.3643947733521,44.40770134493419,44.46159744262695,6394400
2018-08-16,44.78049479827094,45.18922514435762,44.09778462924696,44.704139709472656,7578400
2018-08-17,44.66820705014014,45.15329248889775,44.55591894450705,45.07244491577149,6324200
2018-08-20,45.431780539382906,45.72373037851799,44.829914348130046,45.65635681152344,10065600
2018-08-21,48.05931137654817,48.17609197116189,46.98134482854439,47.816768646240234,18130600
2018-08-22,47.73592288364716,48.31083748396216,47.187956334359015,47.50236511230469,11654600
2018-08-23,47.44397152037369,48.39168345323802,47.44397152037369,48.26142883300781,8616600
2018-08-24,47.82576109782405,48.652200076998795,47.744913508403755,48.53541946411133,10367000
2018-08-27,48.764474338855976,48.80040735210543,48.22100036381074,48.26591491699219,6968800
2018-08-28,48.32880143094155,48.4096490064965,47.85719342917195,48.33329391479492,4490000
2018-08-29,48.33778765065489,48.890243242288705,48.08177089255992,48.751007080078125,5676000
2018-08-30,48.73303429860082,49.18218668844968,48.59828721094185,48.74201583862305,5216800
2018-08-31,48.670155813329615,49.46066502078293,48.661170846071194,49.39329147338867,6886400
2018-09-04,49.62235342878821,50.21523439721868,49.41574033101896,50.05353927612305,8690800
2018-09-05,50.05355004479802,50.25117479228544,49.51007599237545,49.914310455322266,6934200
2018-09-06,50.11643282496016,50.26465396070819,49.60888834680988,49.67626190185547,7569400
2018-09-07,49.58643409089871,49.91431347975695,49.3169432903513,49.37533187866211,8610000
2018-09-10,49.67625488401645,50.04905219940991,49.61337382199356,49.77057647705078,9585200
2018-09-11,49.67177264001015,49.85592680729707,49.27651967913601,49.58194351196289,6416200
2018-09-12,49.63583954159488,49.914311874943984,49.1777021113087,49.53702545166016,8262800
2018-09-13,49.35735435239932,49.631337576055046,48.773454892564985,48.94862747192383,8158400
2018-09-14,48.557870255421975,48.88126055845838,48.20303941885487,48.85430908203125,9089600
2018-09-17,48.42760890140183,48.73303265325765,48.247947266175935,48.4904899597168,7939000
2018-09-18,48.477029684728585,49.28999461689886,48.31982699435886,48.98906326293945,9306000
2018-09-19,48.840838591992146,49.24956898423371,48.59380678973266,49.1282958984375,4317400
2018-09-20,49.119307011171145,49.272017183174775,48.67015460867453,49.204647064208984,6284200
2018-09-21,49.420244610780045,49.71668687913707,49.15075382021268,49.27651596069336,12975000
2018-09-24,49.254057809760425,49.60439616179447,48.980074549475106,49.281005859375,5432800
2018-09-25,49.48312159893086,49.6897313022137,49.3304114200196,49.55049514770508,6972600
2018-09-26,49.96820212160534,50.45777656945728,49.658285883793305,50.18828582763672,6463000
2018-09-27,50.12990507286026,50.480243434559654,50.0355834698459,50.21973419189453,4517600
2018-09-28,50.246697698552026,50.637458229340275,50.14339110284491,50.31406784057617,6800400
2018-10-01,50.66439918253742,50.879990445729085,50.381430937801525,50.40838241577149,7203400
2018-10-02,50.44881519799896,50.57906985108336,49.56398411009731,49.59542465209961,6995800
2018-10-03,49.6987030451956,49.945734755953026,49.34836479690535,49.55946350097656,5260400
2018-10-04,49.501091203787865,49.73015991324608,49.361855040568784,49.53253173828125,5773600
2018-10-05,49.60888547472567,50.107444955733264,49.289987654517766,49.5415153503418,4762000
2018-10-08,49.42922311942964,49.92778255886888,49.42922311942964,49.77057647705078,5167400
2018-10-09,49.93227311824382,50.37693647605108,49.734648385979355,50.03557968139648,6138600
2018-10-10,50.089483048810635,50.11194204350939,48.68363702041003,48.79592514038086,6799800
2018-10-11,48.867788058331705,49.62236431337287,48.13117831254881,48.40066909790039,8031400
2018-10-12,48.840841744201256,49.63584358580629,48.56685844588106,49.155250549316406,6610000
2018-10-15,49.12829687568306,49.9098246557161,48.980079162083626,49.635841369628906,5064400
2018-10-16,49.66278972214903,50.520672606309994,49.35287341347664,50.41736602783203,6195800
2018-10-17,50.08499204487643,50.300583307855675,49.19117617737589,49.76609420776367,7907200
2018-10-18,49.65379791477784,49.82447458875814,48.8138817147268,49.24506759643555,6845800
2018-10-19,49.22260499507534,49.28099699441788,48.023369028296415,48.176082611083984,9622600
2018-10-22,48.8138776172117,49.06091278083159,48.54438689211031,48.8004035949707,8609400
2018-10-23,48.37371780307441,48.58033094694317,47.223888620298425,48.018890380859375,8655800
2018-10-24,47.93354655472153,48.86329192208635,47.623630290012926,47.71346282958984,7752000
2018-10-25,47.83025101505132,48.23898145412024,47.426013060686934,47.83474349975586,9646000
2018-10-26,47.74939652178205,48.072786838525985,47.219396486398665,47.85270309448242,8174800
2018-10-29,48.28838399274758,49.492112773936,48.17609587296046,48.68812942504883,14275600
2018-10-30,48.91719416888347,49.819988111250126,48.6926179475813,49.483123779296875,9714800
2018-10-31,49.9906623090296,50.022102839215975,48.899221865758534,49.35286331176758,9776200
2018-11-01,49.30346262942948,49.80651460400976,48.98905728704257,49.46965026855469,6602000
2018-11-02,49.91880225930033,50.47126127216912,48.9755828140045,49.17770004272461,9024800
2018-11-05,49.17770089084951,49.85592205121961,48.80490696093119,49.53253173828125,5950000
2018-11-06,49.56396693014975,49.84693513684959,48.81837572392102,49.204647064208984,5561600
2018-11-07,49.41576030560333,49.8918643220601,48.49949215137291,49.78406524658203,5858400
2018-11-08,50.19727328752568,50.305068904256046,49.58642574811885,49.891849517822266,5783500
2018-11-09,50.01761484052553,50.13439543172895,49.48761483646215,49.98168182373047,6533400
2018-11-12,50.34101345573273,50.46677560853337,48.95762292140241,49.020503997802734,6583600
2018-11-13,48.99355535520576,49.083384484194525,48.176097945066246,48.28389358520508,7612900
2018-11-14,49.02769346388908,49.19899162949926,47.40485769528917,47.45895004272461,9181700
2018-11-15,46.89997712175409,47.305686950683594,46.331983361252775,47.305686950683594,9144800
2018-11-16,46.75572028820575,46.75572028820575,45.863158756804445,46.42213821411133,13371700
2018-11-19,46.27788060431701,46.61146263787791,43.762483669797625,44.141143798828125,17398800
2018-11-20,41.47248113875803,43.960828493818674,41.07578907903481,42.21177291870117,16289600
2018-11-21,42.32898692874047,42.84288488911379,41.58067732093153,41.61674118041992,10857300
2018-11-23,41.634775529083505,41.86918375089896,40.958593600966175,41.34627151489258,3968900
2018-11-26,41.78803523051092,42.229808867552414,41.25610539288395,41.58067321777344,8434600
2018-11-27,41.337248323002065,41.61673805418352,40.68811609716829,41.066776275634766,7457300
2018-11-28,41.463468195450766,43.1854776548148,41.39134048820028,43.14039611816406,12062300
2018-11-29,43.91574238787209,43.96983815674693,42.11259136289615,42.81582260131836,8099100
2018-11-30,42.89698239243067,44.22229660881632,42.79780849449425,44.0419807434082,17529300
2018-12-03,44.303432494413144,44.50178026305725,43.18548047298307,43.62725067138672,11667200
2018-12-04,43.74446179878388,43.96985576717875,42.31997026769361,42.5273323059082,10420500
2018-12-06,42.103590551229686,42.24784254167173,41.23807860857747,41.887210845947266,12052300
2018-12-07,41.80606697450438,41.84213083027531,40.60697300364894,40.832366943359375,9689200
2018-12-10,41.09383290797451,41.80607528522639,40.615995322115765,41.66182327270508,7120400
2018-12-11,42.184724911355865,42.247834930852754,40.95858149386518,41.22905349731445,6308400
2018-12-12,41.670832711207645,41.97736860705545,41.27413717585249,41.56264114379883,6825600
2018-12-13,41.661813837925536,41.92327162617267,40.88645815649666,41.30118560791016,8450200
2018-12-14,40.94957282231197,41.64378662877499,40.66106882991679,40.76926040649414,6990900
2018-12-17,40.462712225075826,40.56188608727077,39.69637093308447,39.975860595703125,10883400
2018-12-18,40.00290913082184,40.34550882799031,39.525075154756,39.73243713378906,8398700
2018-12-19,39.95783261314626,40.435666608050134,39.020193109845145,39.34476089477539,7474300
2018-12-20,39.218538457596445,39.218538457596445,37.8030650458751,38.25385284423828,9826900
2018-12-21,38.28991018921542,39.39884757210503,37.55061860062235,37.80305862426758,13766000
2018-12-24,37.52357509156455,38.235820633057955,37.40637274111977,37.5325927734375,4140400
2018-12-26,37.67685200601994,39.52508163452149,37.6678343224056,39.52508163452149,8182400
2018-12-27,39.11035760846526,39.54311356251157,38.14567181604644,39.52508163452149,6101500
2018-12-28,39.77752939981674,40.07505111002886,39.18248941863177,39.498043060302734,5045200
2018-12-31,39.759490684678376,40.444690206250314,39.723430267152494,40.33650207519531,5582300
2019-01-02,39.87668458887724,40.60696199366082,39.7955426550124,40.26436233520508,5939100
2019-01-03,40.20126123905973,40.4537013385128,39.4890155993304,39.84062957763672,5887800
2019-01-04,40.39961159958274,41.20201348674479,40.3365015706535,40.931541442871094,6325000
2019-01-07,40.859419457188906,42.49127307209155,40.859419457188906,42.03146743774414,8441300
2019-01-08,42.19373987065596,42.770747738271915,41.490511961903785,42.65354537963867,10044300
2019-01-09,42.77976895245582,43.05925522683379,42.33799533277029,42.61748504638672,8048300
2019-01-10,41.6978689702934,42.49125641314718,41.16593926099474,42.45519256591797,7279500
2019-01-11,42.35602808226065,43.041227574351225,42.27488612765094,42.78878402709961,5301200
2019-01-14,42.536344262008306,43.068274093351754,41.86016244788893,42.17571258544922,7577200
2019-01-15,42.31093798932273,43.11333962454703,42.05849795286679,42.66255187988281,6105100
2019-01-16,42.41914975906481,43.10434943933548,42.37407164728793,42.851905822753906,5984900
2019-01-17,42.80681874966013,43.41989057135379,42.72567678975247,43.275638580322266,4114400
2019-01-18,43.519066402393314,44.56489424385906,43.46497061362755,44.32146835327149,7061600
2019-01-22,44.078044377524655,44.35753413943102,43.55513215369485,43.94281005859375,8387800
2019-01-23,44.050989816422614,44.09606791415224,43.47398191131123,43.85264205932617,4649600
2019-01-24,44.05099394038271,44.06902586901035,43.708394174934966,43.888710021972656,3776500
2019-01-25,44.348505308252406,44.58291690493241,43.978859426630734,44.060001373291016,4996400
2019-01-28,43.87968603017094,44.18622189429773,43.69035596565568,44.141143798828125,4803000
2019-01-29,44.18623252051719,44.21328213569461,43.67233454225383,43.94281005859375,4362300
2019-01-30,44.06901946559403,44.339491477230474,43.84362554935729,44.08705139160156,5408000
2019-01-31,44.01493143349473,44.83536529541016,43.951821400981146,44.83536529541016,12254500
2019-02-01,44.62799541487445,44.79929355308861,43.86165747536482,44.08705139160156,9875400
2019-02-04,44.05098421186562,44.1772042451451,43.44692677357928,44.168190002441406,5626800
2019-02-05,44.29441880315209,44.41162117768841,43.87067708820783,44.37556076049805,5408700
2019-02-06,44.44768240374081,44.44768240374081,43.771500612286616,43.96083068847656,4790400
2019-02-07,43.71740344736027,43.96984352109872,43.46495993438376,43.74444961547851,5264000
2019-02-08,43.58216393462606,44.12310791015625,43.58216393462606,44.12310791015625,5760600
2019-02-11,44.14115586852189,44.34851791577247,43.96985768320338,44.26737594604492,4718300
2019-02-12,44.42064138536368,44.92552508634103,44.19524742873361,44.853397369384766,5033900
2019-02-13,44.89411815861358,45.210913412512525,44.45965935159403,45.1566047668457,5948000
2019-02-14,44.848863419756526,45.20186099048199,44.45061036994836,44.80360794067383,4613700
2019-02-15,45.23807458141632,45.55486989534687,45.147563607591785,45.46435546875,5949700
2019-02-19,45.473400372951374,45.817344773190186,45.174707998627895,45.69062805175781,5057900
2019-02-20,45.61822800676023,45.799249953374336,45.4462523235956,45.71778869628906,4959100
2019-02-21,45.85355851930746,45.85355851930746,45.18376557871991,45.37384414672851,4893600
2019-02-22,45.545811116351146,45.735886209634224,45.38288862131653,45.57296371459961,5261100
2019-02-25,45.7177923773264,45.744948433722875,44.67690228939723,44.71310806274414,8754800
2019-02-26,44.84888137760662,45.41911031013368,44.63165360992125,45.00275421142578,11408700
2019-02-27,45.075158935211505,47.012123073513614,44.921289565707525,46.66817855834961,15552700
2019-02-28,46.87634792327027,47.22934554358006,46.18845211460874,46.42378616333008,9411900
2019-03-01,46.9668476218001,47.50992367504986,46.903489266836665,47.08451461791992,8700200
2019-03-04,47.22934759346414,47.68190937304677,46.242762775863135,46.53240203857422,6051000
2019-03-05,46.78582721864611,47.17503055616611,46.52334405722591,46.75867462158203,6014100
2019-03-06,46.98496031773699,47.50993360027261,46.77678232897111,47.0030632019043,6707300
2019-03-07,46.4418881979275,46.87634706518451,45.916914908676006,46.84014129638672,8552400
2019-03-08,46.360433057669226,46.39663537846855,45.60917879352836,45.90787124633789,5324400
2019-03-11,45.98932439839445,46.948753059408006,45.962168346619265,46.794883728027344,5823100
2019-03-12,46.95782551699076,47.10264519245026,46.595774601955306,47.01213073730469,5653700
2019-03-13,47.21124953215546,47.72716973737636,47.012121223904344,47.50088882446289,6512200
2019-03-14,47.33795056215277,47.38320603914406,46.91254493510871,47.156925201416016,5546300
2019-03-15,47.18408319240176,47.32890279639908,46.68626601945918,46.85823822021485,8431200
2019-03-18,46.8491862774214,47.48277335626109,46.749625602447736,47.383209228515625,6956400
2019-03-19,47.42847120686875,47.645698906106155,47.003062071101795,47.26554870605469,6264300
2019-03-20,47.21124313225936,47.64570201182581,46.93970676412687,47.55519104003906,6271300
2019-03-21,47.383213282851514,47.74526405967352,47.34701096738699,47.50993347167969,4127000
2019-03-22,47.410362715085185,47.72715451098891,47.11167034800028,47.3741569519043,5132700
2019-03-25,47.31080283252837,48.197823393321656,47.220288416464605,47.78146743774414,7067800
2019-03-26,47.99869722497004,48.22497809584434,47.60949385084447,47.82672500610352,4507200
2019-03-27,47.83577365197863,48.252133069183174,47.61854595434947,48.02585220336914,4804700
2019-03-28,48.270235952780936,48.4331549996168,47.92628806996744,48.02585220336914,4448100
2019-03-29,48.12540770105918,48.23402499094805,47.881027430738285,48.16161346435547,5887800
2019-04-01,48.47840871404057,48.47840871404057,47.96248867176913,48.16161346435547,4849700
2019-04-02,48.161620324908306,48.36979831435919,47.89008396704942,48.0439567565918,3931000
2019-04-03,48.38789477992002,48.50556178540008,47.998691452600426,48.12540817260742,4359400
2019-04-04,48.12539729531232,49.11198168879987,48.05298923714754,49.10293197631836,5155900
2019-04-05,49.12105023578704,49.6098177293424,48.894769372412,48.97623062133789,6679800
2019-04-08,48.94908455442789,49.419745774614086,48.89477589697297,49.17536544799805,4572000
2019-04-09,48.93096477514366,49.24775653566024,48.64132560759387,48.7137336730957,4155300
2019-04-10,48.85856165918103,49.37448173090116,48.74994781586411,49.27491760253906,4676800
2019-04-11,49.274928351096555,49.274928351096555,48.695649790016645,48.7771110534668,5013700
2019-04-12,48.78615564189299,49.29302256729591,48.78615564189299,48.84951400756836,5209400
2019-04-15,48.89476670470351,49.24776427986544,48.87666382228856,49.093894958496094,4026900
2019-04-16,49.274916239061234,49.591711498063006,49.184405280930285,49.32017517089844,3639900
2019-04-17,49.66413345896727,49.99903169377945,49.54646987105534,49.83610916137695,4945300
2019-04-18,49.82703776238385,50.216241063760215,49.72747364536598,49.89039611816406,3577200
2019-04-22,49.75464264778882,49.935664595568774,49.1572612429069,49.247772216796875,3761300
2019-04-23,49.30207928206035,50.17099703334886,49.27492322855168,49.953765869140625,4718000
2019-04-24,50.00806458829214,50.48777885411647,50.00806458829214,50.16193389892578,4714500
2019-04-25,50.026178314271256,50.20720371226171,49.35638537753825,49.85420608520508,5487200
2019-04-26,49.67318662897446,49.88136465309483,49.34734156416947,49.83610916137695,2731400
2019-04-29,49.76368988126669,49.94471527278729,49.56456160531682,49.582664489746094,4540500
2019-04-30,49.655061488547,49.79988106880612,49.356369162078785,49.67316436767578,4737900
2019-05-01,49.60075613861327,49.691270540256326,48.81329983456123,48.82234954833984,3319300
2019-05-02,48.91287320879324,49.33827889234165,48.731847824011865,49.283973693847656,3515900
2019-05-03,49.39258368806993,49.67317318521712,48.87666362601704,48.90381622314453,4916800
2019-05-06,48.4150499864313,49.22060922340304,48.20686857544679,49.04863357543945,5692500
2019-05-07,48.84045968286125,48.949076980965664,47.95343913163983,48.35169219970703,4456100
2019-05-08,48.31548643310392,49.184404039202214,48.13446106864053,48.885711669921875,3747300
2019-05-09,48.65039222513119,49.19346498979112,48.279291696966666,48.73185348510742,4971600
2019-05-10,48.7318442157408,49.3925838864132,48.10731030989829,49.093894958496094,4895900
2019-05-13,48.49652691294579,48.53272923490468,46.99401833653854,47.50088882446289,6723900
2019-05-14,47.85387569270417,47.85387569270417,47.12072791015404,47.59139251708984,6681400
2019-05-15,47.3459299883891,47.91866049538802,47.0095604891711,47.58229446411133,5323900
2019-05-16,47.64592767510312,48.527755725874705,47.61865578666806,47.90047454833984,5239000
2019-05-17,47.50048749945879,48.54595416174338,47.47321560202357,48.21867752075195,4645500
2019-05-20,48.16413021745683,48.40049822150405,47.909583260429535,48.1550407409668,9723800
2019-05-21,48.63686003992755,48.77322645525368,46.61865651357603,48.41867446899414,12248300
2019-05-22,47.60048118606291,47.973212083609354,46.63683384384793,47.01865768432617,10859200
2019-05-23,46.70956602751904,47.70957479141559,46.50956288756301,47.418663024902344,8858000
2019-05-24,47.500487571084946,47.80958179160491,46.7459327067789,46.92775344848633,7673100
2019-05-28,46.90047894532007,47.373211460318494,45.518646240234375,45.518646240234375,9810600
2019-05-29,45.08227548714344,45.645916595491066,44.59136058570755,45.20954895019531,9046900
2019-05-30,45.70046003661023,46.10955575365597,45.63682331039661,45.9640998840332,6509200
2019-05-31,45.58227298797044,45.845912817632225,45.33681557427926,45.7186393737793,5393100
2019-06-03,45.71863709292683,46.227730842940424,45.17317504484517,45.35499572753906,7498000
2019-06-04,45.88229223945699,46.09138488769531,45.56410506070464,46.09138488769531,7401100
2019-06-05,46.34591373809641,46.81864611502237,46.24591219152386,46.509552001953125,5711000
2019-06-06,46.15501699322304,46.43683930015944,45.945924365989704,46.27320098876953,6033100
2019-06-07,46.71865563568079,47.409573684068334,46.427743868341345,47.200477600097656,4594200
2019-06-10,47.50957449596669,47.62775849192046,46.85502471609339,46.93684387207031,4644000
2019-06-11,47.26412205098035,47.62776005888663,47.05502594820513,47.3277587890625,6101500
2019-06-12,47.336844496733185,47.6641211053527,47.15502377328436,47.39139175415039,4067200
2019-06-13,47.68228789566151,48.10047299496591,47.455012932829895,48.018653869628906,7546500
2019-06-14,48.164132644549305,48.600500364846525,48.04594863657015,48.49140930175781,5459300
2019-06-17,48.364133423683015,49.282323139468815,48.31867910530708,48.691410064697266,6854500
2019-06-18,49.091408307096515,49.436867336577585,48.700494963512064,48.93686294555664,6708100
2019-06-19,48.92775818979763,49.50958159291721,48.50957305229807,49.21866989135742,6312100
2019-06-20,49.57323027888773,49.60050564170326,48.73685980197152,48.93686294555664,5289300
2019-06-21,48.98231725691975,49.20049935178052,48.10048899800761,48.11867141723633,10912300
2019-06-24,48.1641281676243,48.28231216461808,47.89139880128192,47.98230743408203,7225800
2019-06-25,48.28231520821976,48.45504300860514,48.027768245979786,48.22776794433594,7990500
2019-06-26,48.20048539736099,48.48230766325061,47.76411778652454,48.045936584472656,4954100
2019-06-27,48.12776309155245,48.209582247848545,47.54593952142115,48.073219299316406,4907800
2019-06-28,48.10049119543443,48.2277646679079,47.88230562266418,48.073219299316406,6454100
2019-07-01,48.61866747367548,48.72775850240471,47.782297140182536,48.14593505859375,4079900
2019-07-02,48.191400063875925,48.46413289816035,47.809579644585,47.98230743408203,3678600
2019-07-03,47.96412075836229,49.2004974752229,47.90957697069838,49.0186767578125,3341300
2019-07-05,49.05505584710036,49.73688113452725,48.882328022744936,49.48233413696289,4093800
2019-07-08,49.509579503100134,50.036859107383734,49.2823045291036,49.955039978027344,4246700
2019-07-09,49.88231558200519,50.05504679993985,49.52776714005274,49.80958938598633,4668600
2019-07-10,49.936869153025654,50.4732383548527,49.718683601459695,50.14596176147461,6568100
2019-07-11,50.39141625876311,50.96415026367156,50.236867446290006,50.78232955932617,5616800
2019-07-12,50.91869595178253,51.59143156325948,50.78233301519975,51.53688430786133,5366400
2019-07-15,51.52780139059468,51.95507960907267,51.0550688541374,51.336891174316406,4108300
2019-07-16,51.2277882102215,51.53688237667857,50.909604568842866,51.1096076965332,4374000
2019-07-17,51.02778574444582,51.39142367631894,50.964149019669485,51.18233108520508,4200300
2019-07-18,50.7368773099009,50.88233318569373,49.9277753161153,50.20050811767578,5754200
2019-07-19,50.53687113045797,50.59141838106663,49.64595351149841,49.67322540283203,6749400
2019-07-22,49.70050239413428,50.01868952008979,49.15504370384168,49.27322769165039,3318000
2019-07-23,49.54596085345909,49.755053483109634,49.264138543264686,49.68232727050781,4521200
2019-07-24,49.73686748365078,50.11869134314395,49.527774869047626,50.00050735473633,4926600
2019-07-25,49.864127357784085,50.21867922637919,49.61867344036256,50.04594802856445,4294500
2019-07-26,50.01870064969386,50.78234506678623,49.873244735387814,50.69143295288086,2883100
2019-07-29,50.573240121103055,50.818697567105446,50.35505456867591,50.400508880615234,2935400
2019-07-30,50.29141302489569,50.36414269139089,49.92777162830243,49.98231887817383,3918900
2019-07-31,49.90958082869924,50.309583495618966,49.10957202691923,49.600486755371094,5961200
2019-08-01,49.72777588221419,50.05505247123303,47.63684635763361,47.809574127197266,7937800
2019-08-02,47.782299829385735,48.10957293399248,47.38229358829726,47.60047912597656,5353000
2019-08-05,47.05502896497263,47.11866917507698,45.57319800555199,46.09138488769531,7504500
2019-08-06,46.24591726780606,47.71866180417547,46.11864381926728,47.59138488769531,8014200
2019-08-07,47.07319358416615,47.71865717446866,46.727738105346255,47.42774200439453,5364600
2019-08-08,47.78231010026736,48.72777171892885,47.61867177881894,48.66413497924805,5850200
2019-08-09,48.69139713812249,48.764123334628216,47.99138972355577,48.14593505859375,5654100
2019-08-12,47.909575354853246,47.991394501531325,46.855019390970014,47.01865768432617,4679400
2019-08-13,46.900464621207725,49.118667159088886,46.718643945132655,48.67321014404297,6367400
2019-08-14,47.34020906123019,47.678029849887785,46.92021960187121,46.95674133300781,8708700
2019-08-15,46.92933301793556,47.13019549309197,45.468495702520094,45.83370590209961,7416400
2019-08-16,46.5367516946394,47.09369590216629,45.99806835261057,46.92021942138672,9015100
2019-08-19,47.50454587961891,47.60497888295989,46.58239495266745,47.0662956237793,8093800
2019-08-20,45.678504929703685,47.31281569602585,45.066781655472354,47.02977752685547,16460800
2019-08-21,47.723674164645686,48.86495199482306,47.13020829979203,48.8466911315918,15877800
2019-08-22,48.97451734056754,50.18883871415325,48.919738229695504,50.106666564941406,10671600
2019-08-23,49.53145673796321,49.714061883347455,48.216705960422885,48.47235107421875,9037900
2019-08-26,48.73712555994083,49.15711493215524,48.43582656493708,48.8010368347168,6056700
2019-08-27,49.157114742578685,49.20276515539928,48.618431512327845,48.7645149230957,6653400
2019-08-28,48.64582430603759,50.00622898935303,48.536262611384416,49.860145568847656,5327700
2019-08-29,50.197961199312424,50.84620613912051,49.90579436776784,50.5814323425293,5956200
2019-08-30,50.99229610727845,51.25707342079627,50.16144592026693,50.188838958740234,5841200
2019-09-03,49.90579506268463,50.207094071043585,49.25755011385001,49.54971694946289,5049200
2019-09-04,49.66841125488281,49.924056367583155,49.54971738845617,49.66841125488281,5254200
2019-09-05,50.29839508955168,51.20228863511202,50.18883339651217,50.91925048828125,4950600
2019-09-06,50.93750844830396,51.814008908480155,50.93750844830396,51.25706481933594,5746200
2019-09-09,51.33012147598448,51.91445526648451,51.09273369677876,51.85054397583008,4461600
2019-09-10,51.96010196080478,52.03314542082583,51.10186220298063,51.96923065185547,6133400
2019-09-11,51.88706164764755,52.32531195622399,51.46706872105427,51.768367767333984,4451500
2019-09-12,51.77750033170286,52.17923242346197,51.5401160362213,51.814022064208984,4761800
2019-09-13,51.9509688820713,52.316175702620264,51.64966985928742,51.6588020324707,3583500
2019-09-16,50.42621292761475,51.5309688932413,50.28926169485372,50.60881805419922,6358300
2019-09-17,51.07446282384163,51.302718383716886,50.59056215143519,51.028812408447266,5961900
2019-09-18,50.98316308939296,51.47619594522249,50.77316838774042,51.375762939453125,6090800
2019-09-19,51.58575420674091,51.89618189349584,51.311848243816755,51.54923248291016,4110800
2019-09-20,51.71358417860154,51.7501059076735,49.96971166880922,50.042755126953125,9441900
2019-09-23,49.85102229563204,50.62709343547477,49.540594536275776,50.389705657958984,5170800
2019-09-24,50.72752678662177,51.2844675358382,50.23449384511465,50.49013900756836,6113600
2019-09-25,50.6818697180552,51.01969049925884,50.47187499300921,50.69100189208984,3411500
2019-09-26,50.745779947390325,50.91925292658504,50.08840279186748,50.417091369628906,3515100
2019-09-27,50.54491680368611,50.718389792738506,49.79623877086492,50.06101608276367,5689600
2019-09-30,50.4718680863904,51.01055134489146,50.37143508317612,50.89186096191406,4416500
2019-10-01,51.08360521157364,51.39403297439468,50.46274968593157,50.57231140136719,3854600
2019-10-02,50.17057583594671,50.41709227368821,49.458416077058935,49.47667694091797,4873000
2019-10-03,49.34884626911319,49.57710180549475,48.454084984445835,49.284934997558594,3643000
2019-10-04,49.604509749720606,50.544921727778515,49.43103326086432,50.48101043701172,4160500
2019-10-07,50.280137812314656,51.02881582012828,50.161443938030935,50.88273239135742,3809000
2019-10-08,50.50838865530367,51.26619876554931,50.243611377056155,50.59968948364258,5418300
2019-10-09,50.90099812018574,51.38489887119365,50.73665381174833,51.22968673706055,3745800
2019-10-10,51.21142536148591,52.462265045113455,51.21142536148591,52.43487548828125,5858500
2019-10-11,52.955285651592895,54.00526253612195,52.80920224428394,53.4757080078125,5040500
2019-10-14,53.448328677234386,53.55789038293967,53.04659661814197,53.06485748291016,3201600
2019-10-15,53.21093428669025,53.68570626278269,53.073983042352275,53.39353942871094,4914200
2019-10-16,53.44832427357922,54.21526311613508,53.26571912384619,54.13309097290039,4725200
2019-10-17,54.38873551723343,55.27436822017937,54.27917382171443,55.22871780395508,6368000
2019-10-18,55.155670096540355,55.593920327709846,54.945675411786425,55.11001968383789,6026100
2019-10-21,55.411321617076375,55.5482763539623,54.14222118916084,54.69916534423828,6152500
2019-10-22,54.80872069077579,55.56653077666901,54.6808981420476,55.11001968383789,3321600
2019-10-23,54.88176993439892,55.07350377774341,54.23352495000356,54.48917007446289,3898700
2019-10-24,54.753945883831264,54.753945883831264,53.77701234717001,53.968746185302734,4238000
2019-10-25,53.7039648869198,54.480032354532376,53.52135975251,53.95960998535156,2829800
2019-10-28,53.94135066617875,54.07830189988234,53.238323187877015,53.26571273803711,5101400
2019-10-29,53.43006228688746,53.548756154153786,52.49877917744352,52.50790786743164,5309300
2019-10-30,52.52617547819965,53.52136999412061,52.37096334813773,53.466590881347656,4665500
2019-10-31,53.40266565345398,53.58526729223322,52.55355479809908,52.63572692871094,6221800
2019-11-01,53.00094204527856,53.49397490668108,52.87311948481944,52.96442031860352,3486300
2019-11-04,53.393536250559826,53.658313516584286,53.14701984594084,53.54875183105469,3033400
2019-11-05,54.0874403981224,54.0874403981224,53.25659027802367,54.06917953491211,5906000
2019-11-06,54.00527877993787,54.069190072177456,53.557896251356546,53.713111877441406,4052200
2019-11-07,53.987007430414195,54.71742454482894,53.90483528736107,54.14221954345703,3935400
2019-11-08,54.14221938511165,54.36134626024698,53.72222998091443,54.07830810546875,2340300
2019-11-11,53.72223581646337,53.86831925478731,53.22920290603109,53.45745849609375,2978300
2019-11-12,53.32049560546875,53.72222410253826,53.10136875431065,53.32049560546875,3496100
2019-11-13,53.40299906167081,53.76048861463608,52.82552319997481,53.5679931640625,3978300
2019-11-14,53.668827964292326,54.30130657753429,53.44883813969312,54.246307373046875,3323400
2019-11-15,54.74127732457338,54.96126709934517,54.08130100690918,54.83293914794922,4752400
2019-11-18,54.722953102097854,54.88794720817184,54.19130464993167,54.58545684814453,7015500
2019-11-19,55.25459129600659,56.54704263764373,54.823776513243914,55.58457946777344,11468200
2019-11-20,55.511255611268375,55.712912347755726,53.8063189042511,54.374629974365234,8673900
2019-11-21,54.20046771941842,54.87877364878033,54.08130454389686,54.19129943847656,6924300
2019-11-22,54.29213829511544,54.530464684552335,53.723827168779735,54.246307373046875,6193800
2019-11-25,54.3562953959961,54.84211289903891,54.06297333592391,54.40212631225586,5297800
2019-11-26,54.218800176702494,55.63957949606496,54.17296576585644,55.318756103515625,15894600
2019-11-27,55.5662501077162,56.12539638085852,55.3645933756053,55.8870735168457,5236000
2019-11-29,56.015404115804174,56.37289017697063,55.79541081072291,56.03373718261719,2425500
2019-12-02,56.107078910326315,56.29040612411835,55.309609551508096,55.36460876464844,4831900
2019-12-03,54.887944522575225,55.15376523897706,54.42046007934734,54.53962326049805,4781300
2019-12-04,54.76878389581111,55.144603026191525,54.539625804196845,54.88794708251953,4481400
2019-12-05,55.043765712604504,55.05293399320884,54.24629663707908,54.603782653808594,5160500
2019-12-06,55.05293662053009,55.44708878513824,54.76877935170164,54.85127639770508,4901700
2019-12-09,55.01627530455969,55.53875547608238,55.01627530455969,55.32793045043945,5364900
2019-12-10,55.364606163685465,55.46543280469239,54.988786966571425,55.21794509887695,4117700
2019-12-11,55.19043268639698,55.401257706272624,54.90627889714825,55.35542678833008,4059800
2019-12-12,55.50208995657479,55.98790749612442,55.12627082032415,55.78624725341797,3981100
2019-12-13,55.75874688688944,55.75874688688944,54.8604441171587,55.33709335327149,3525100
2019-12-16,55.657914806812855,56.15289359518084,55.48375243058962,55.54791641235352,6259400
2019-12-17,55.648751040831506,55.87790913620308,55.456259079921395,55.68541717529297,4755600
2019-12-18,55.84124461408851,55.95124302064896,55.40126147787212,55.456260681152344,6273600
2019-12-19,55.30043264042443,55.46542325032188,54.94294307840079,55.22710037231445,4318900
2019-12-20,55.95123815515856,56.052068270733265,54.95210877750662,54.97960662841797,8193200
2019-12-23,54.988783638636,55.217941757072815,54.84212258270345,55.03461456298828,3907700
2019-12-24,55.07126728032894,55.37375410467861,54.91543797949614,55.34625625610352,1166500
2019-12-26,55.45625830505762,55.795411302399714,55.32793033291061,55.74958038330078,2584700
2019-12-27,55.92373393160376,56.18955813232576,55.53875005194401,55.77707290649414,2943800
2019-12-30,55.7129103838266,56.345388912203646,55.28209557817783,56.07039642333984,3493700
2019-12-31,56.00624424646189,56.1254074503079,55.60292720602025,55.969581604003906,3631000
2020-01-02,56.217064200178505,56.55621719360352,55.96957304389271,56.55621719360352,5190200
2020-01-03,55.960408677345065,56.43705795650176,55.70375271805885,56.13457107543945,3229200
2020-01-06,56.09789799837707,56.50121495544962,55.83207378962084,56.49205017089844,5223000
2020-01-07,56.12539511445944,56.5287120662557,56.04289806787899,56.45538330078125,4586700
2020-01-08,56.58371464714759,57.18869185936311,56.58371464714759,56.75787353515625,3658100
2020-01-09,56.895366548720354,57.60117383891758,56.84036735194891,57.4178466796875,5584400
2020-01-10,57.436186316954185,57.77533932749613,57.014536250153384,57.14286422729492,3853400
2020-01-13,57.1245341383596,57.43618931195819,56.85870988803353,57.307861328125,3486500
2020-01-14,57.289520189917425,57.56450918749407,56.87703494521506,57.491180419921875,5316800
2020-01-15,57.35368404628585,57.61033997723461,56.565379690743455,56.64787673950195,5020500
2020-01-16,57.01452701275896,57.592006313008824,56.96869609930173,57.573673248291016,4114600
2020-01-17,57.582849160349,57.7295102097595,57.26202920747454,57.45452117919922,5382300
2020-01-21,57.23452533266818,57.5278474185535,56.913705393942074,57.106197357177734,5090600
2020-01-22,57.54617697481528,57.75700199263964,57.21618877415982,57.22535705566406,2943100
2020-01-23,57.14286418155368,57.31702307943848,56.76704503593638,57.24369430541992,3529600
2020-01-24,57.2436807420465,57.28951165203327,55.90539858905684,56.088722229003906,3909500
2020-01-27,55.23626495660081,56.11623468734517,55.15376790361462,55.85041046142578,3795700
2020-01-28,55.84124247050062,56.50121889782814,55.712914497781384,56.1895637512207,3928500
2020-01-29,56.547052175120726,56.62954923197676,55.98790934162445,55.997074127197266,3449200
2020-01-30,55.621254794317885,55.92374167067128,54.99794447717588,55.456260681152344,5375600
2020-01-31,55.34625298091258,55.419581738331686,53.93463855968293,54.11796569824219,6151900
2020-02-03,54.64963041315281,55.70375922042847,54.5029693483443,55.21794509887695,6333100
2020-02-04,56.09789392565751,56.71203584956806,55.987899035655154,56.17122268676758,4266700
2020-02-05,56.83120338920702,57.24368862927009,56.7028754248929,57.03286361694336,4353200
2020-02-06,57.26202258577159,57.28952043664523,56.65704538982761,56.66621017456055,4588900
2020-02-07,56.4645580693704,56.69371618409459,56.04290797747997,56.262901306152344,3727200
2020-02-10,56.32705644366251,56.7120403374737,56.088730083677184,56.51038360595703,3449700
2020-02-11,57.06953383670366,57.34452636440962,56.68454989259572,57.25286102294922,4490100
2020-02-12,57.768074422623386,58.301684361871274,57.40006490551536,58.228084564208984,4304700
2020-02-13,58.00726535105603,58.430473745617974,57.77726033102044,58.29247283935547,5195300
2020-02-14,58.54087996403694,58.78008364588873,58.0992707370503,58.31087493896485,5472300
2020-02-18,58.29247129157834,58.75248131943536,58.007263810851704,58.38447189331055,3498200
2020-02-19,58.49488534052793,58.80768883578354,58.320079258357445,58.70648956298828,3384500
2020-02-20,58.88128419423433,59.15729302157323,58.10846719880109,58.761680603027344,3015200
2020-02-21,58.43968625785183,58.80769224930105,58.007275620560335,58.246482849121094,4681000
2020-02-24,56.74684764444451,57.25285806525537,56.38804031895315,56.811248779296875,5638500
2020-02-25,57.01365673358925,57.15165766706796,54.851607013101614,54.94361114501953,8317600
2020-02-26,58.99170062990551,59.75531209858255,58.16368100565593,58.87209701538086,14677500
2020-02-27,56.82045151770879,58.60529312492961,55.25641983372201,55.31161880493164,12640100
2020-02-28,54.13397827578921,55.86361690114422,53.48996355798276,55.01719665527344,12935400
2020-03-02,55.40361935768067,57.33566043628357,54.62160005664718,57.21605682373047,10155000
2020-03-03,57.216054549196514,58.50408422346063,55.0080081913704,55.76242446899414,10092900
2020-03-04,56.20403348893645,57.44605934030323,55.33001360742721,57.28965759277344,6853500
2020-03-05,55.661222094019706,56.61804394422055,54.45599436869372,54.80560302734375,9162300
2020-03-06,52.68035192499172,54.52039221382214,52.459549055707136,53.87638092041016,10401300
2020-03-09,50.91391456992297,53.10356348073307,50.41710285317141,52.625152587890625,11188700
2020-03-10,53.876384448833576,54.400795684726646,51.22672527670115,53.33357238769531,12575500
2020-03-11,52.19274462152532,52.763156152965365,50.87711547752761,51.162322998046875,12107500
2020-03-12,47.79504954410963,47.95145129170971,44.160969093842475,45.41219711303711,13572800
2020-03-13,47.73065356739845,47.96065863960697,43.792964344661456,47.4454460144043,11254400
2020-03-16,42.247332332614434,42.256534501390874,37.546031342785575,37.7668342590332,13684100
2020-03-17,38.309644962350625,40.21408671411021,35.88079191718472,39.11006164550781,18604500
2020-03-18,36.12919457963146,37.76682945355744,34.00394660097127,37.58282470703125,18300900
2020-03-19,37.20561299620304,39.56086580527478,31.611892400355295,38.31884002685547,22567100
2020-03-20,39.31245746584479,39.330858288535055,34.040742846217476,34.38114929199219,13402000
2020-03-23,33.02872056521176,34.26154754894496,30.103056581570257,33.8199348449707,21303700
2020-03-24,36.29479715380515,38.41084288634266,35.7519851019735,37.75762939453125,14467600
2020-03-25,39.01805735925172,43.25935113166513,38.87085426455097,40.55449295043945,14331800
2020-03-26,41.0512936584582,44.86017610486387,40.68328774412603,44.12416076660156,17080100
2020-03-27,42.46812589362933,44.4185674411002,41.051294156776834,43.05693817138672,12743200
2020-03-30,43.39735102856509,44.32657339335312,41.76891836754571,43.7469596862793,12442400
2020-03-31,43.51695563092836,44.79578317304288,42.74413850704352,43.98616790771485,18375300
2020-04-01,40.73849682830252,42.91894741629672,40.41649113451376,41.05130386352539,8810000
2020-04-02,40.93170023611064,41.89772074404667,38.56724509363309,40.28768539428711,9665200
2020-04-03,39.790879869816,39.87368184114293,37.46322952304645,37.68403244018555,12141200
2020-04-06,39.579261001952005,43.102935793057505,39.12844965566965,42.422122955322266,12722100
2020-04-07,45.67900585530022,46.39662051213075,42.51413401574268,42.9465446472168,14116000
2020-04-08,43.5537612159002,46.04701539080494,43.277755827354106,45.18219757080078,9146300
2020-04-09,46.07460334339451,47.14182640437229,44.50136647409287,44.90617752075195,11108600
2020-04-13,44.72218565926301,44.869388761331976,43.489358363335874,44.02296829223633,10381300
2020-04-14,44.69458606188051,46.35062183338791,44.55658161858873,46.20341873168945,8871200
2020-04-15,43.976964894077554,45.04418818656718,43.50775613591684,44.42777633666992,10240300
2020-04-16,44.40017787712346,44.40017787712346,42.58774028312744,42.73494338989258,13209900
2020-04-17,43.82975571589659,45.98260282708638,43.7929540706733,45.75259780883789,15547100
2020-04-20,45.062596392254896,45.071798561144774,43.894170124777425,43.9677734375,8325500
2020-04-21,42.468130880759595,43.204146314388325,41.98971997150131,42.36692810058594,9508600
2020-04-22,43.23173730628513,43.39733766198774,42.33931686656784,42.67052459716797,7715700
2020-04-23,43.121354205563016,43.21335834927487,42.05413070570011,42.08173370361328,8092400
2020-04-24,42.48653170530011,42.826938185303696,41.28130401988415,42.36692810058594,9493400
2020-04-27,42.799337129503435,44.372570719084656,42.284124590109165,44.013763427734375,10028200
2020-04-28,45.60540093034604,46.746227519995685,44.97058825723366,45.16379165649414,14079500
2020-04-29,48.06186158584027,48.58627287137638,46.47022339264599,47.4178466796875,10941200
2020-04-30,46.47942605294702,46.75543144147733,44.96139115163196,45.12699508666992,14765400
2020-05-01,44.16096710046956,44.56577470210179,43.673357545140014,44.39097213745117,5910300
2020-05-04,43.636558115536154,44.36337491165525,42.983344619600594,43.88496398925781,10082700
2020-05-05,44.40936784897343,45.03498175830806,44.12416037249508,44.31736373901367,7951000
2020-05-06,44.63937120732339,45.025777926059234,43.68254955674254,43.866554260253906,5804100
2020-05-07,44.749781574417845,45.50419785104063,44.59337982639536,44.62097930908203,9375000
2020-05-08,45.25579440370563,45.46739863804163,44.39097664038476,44.63018035888672,5586500
2020-05-11,44.03215574800134,45.062577118194106,43.57214576903701,44.48296356201172,6726100
2020-05-12,44.79578093127042,44.915384536371505,42.24732463253819,42.28412628173828,6713700
2020-05-13,42.10932437065885,42.293329109937105,40.2140815224102,40.508487701416016,14312400
2020-05-14,39.864472989669245,41.1800985161179,39.11925543825866,41.16170120239258,11424800
2020-05-15,40.23247861135621,43.39734649658203,40.04847388916441,43.39734649658203,20593600
2020-05-18,45.80780776617876,46.98543252907949,45.320194661241295,45.78020477294922,13385100
2020-05-19,45.89061014037497,47.21543801058163,44.593381754048025,46.24021530151367,11220300
2020-05-20,46.68182075802491,47.50063807390907,46.36901378806487,46.78302001953125,9771600
2020-05-21,49.31307749316379,50.86791375676817,48.52186313056547,49.95709228515625,23101500
2020-05-22,49.53388792971723,50.45390813382818,48.80707112616593,49.13827896118164,13446900
2020-05-26,50.60110420656262,51.22671813933887,50.15029282486282,50.87710952758789,12240600
2020-05-27,51.82474570041769,52.14675140478925,50.38031058618239,50.867923736572266,10793000
2020-05-28,51.07951201577133,51.38311679788102,49.6166800411755,49.75468444824219,10447400
2020-05-29,49.08307618714882,49.773091336038064,48.26425877200269,48.54026412963867,13006100
2020-06-01,48.75187118859027,49.303881896217575,48.17225748886267,49.06467819213867,6906200
2020-06-02,49.40508790327349,50.05830143551284,48.8530736500131,49.993900299072266,9785500
2020-06-03,50.288305075440974,51.35552839005807,50.14110198065236,50.82191848754883,7033800
2020-06-04,50.07670407701424,51.401532015590526,50.07670407701424,50.4447135925293,14901700
2020-06-05,51.96274420231333,53.69238328507384,51.741941303849565,52.68035888671875,11740000
2020-06-08,53.250760866155126,53.85797395180936,51.75112721916134,52.82754898071289,8700200
2020-06-09,51.98113942914793,52.45955033708128,51.41992656581077,51.74193572998047,7887900
2020-06-10,51.78793321519068,51.843132176053906,50.16869584430348,50.42630386352539,10910300
2020-06-11,48.540265694662345,49.25788385917144,48.1998591929226,48.448265075683594,10704800
2020-06-12,49.87429470468074,49.8834968721491,47.16023438528079,48.264259338378906,7368400
2020-06-15,46.30461246218601,48.45745608720062,46.10220692085379,48.3930549621582,8299000
2020-06-16,51.981148150414306,52.3123560275988,50.00310305589522,51.10712814331055,12468500
2020-06-17,51.19912130619312,51.51192828874777,49.87429008144486,50.17789840698242,6118500
2020-06-18,49.38668356604935,50.260703439373984,48.9542729581775,49.175079345703125,9619300
2020-06-19,50.60110324756545,50.794306617661725,48.42065669031234,48.42985534667969,13545400
2020-06-22,48.126265412393245,49.000281930683975,47.67545390003775,48.59547424316406,8051400
2020-06-23,49.083078042586,49.451087539744485,48.72427071313573,48.9910774230957,5141600
2020-06-24,48.30105868400714,48.650667329550366,46.599022781838634,47.40863800048828,7230700
2020-06-25,46.94862902338601,47.09583211293414,45.6882023497803,46.80142593383789,7174300
2020-06-26,46.67261178708055,47.36262675172029,45.448987074776824,45.577789306640625,8298000
2020-06-29,45.71579962648033,46.70942306518555,44.83258113180791,46.70942306518555,6555300
2020-06-30,46.29540991574565,46.746221296938025,45.78939957616918,46.51621627807617,6909200
2020-07-01,46.48861350455588,48.107850810216256,46.396612900424344,47.08662796020508,8205700
2020-07-02,47.80425306925368,48.37466817170692,47.261440961821634,47.61104965209961,6770600
2020-07-06,48.22744981061806,48.75186447310482,47.96064666078902,48.42985534667969,7239100
2020-07-07,47.776653939667135,47.91465838700438,46.61742640891119,46.737030029296875,6414300
2020-07-08,46.75542562640382,47.003831498066,46.02860883631062,46.80142593383789,6327300
2020-07-09,46.64502719227857,46.856631427789104,45.246595996662315,45.99181365966797,6078400
2020-07-10,46.15740458640573,47.16022658916565,45.70659672374002,46.98542404174805,5057900
2020-07-13,47.20624050503586,47.79505290617032,46.11141415642763,46.3414192199707,6180900
2020-07-14,45.88139866843533,46.359809513059794,45.27418557902697,45.87220001220703,7368900
2020-07-15,47.5742453034424,48.55866666985973,47.335041587602106,48.4206657409668,7332400
2020-07-16,48.0158591062157,49.35909143704265,47.89625899185361,49.23028564453125,7335700
2020-07-17,49.43268471261024,49.451085537683056,48.51266451656032,48.67826843261719,4899600
2020-07-20,48.411448365559075,48.65985417105184,47.32582455322664,47.60183334350586,5158200
2020-07-21,47.65704766113881,49.21188411063272,47.57424569927465,48.82547378540039,5111900
2020-07-22,48.365461703424394,49.267081079581075,48.061856861975016,49.16587829589844,5132300
2020-07-23,49.359084073810266,49.625887258785546,48.66906893862894,49.119876861572266,4905100
2020-07-24,48.991070315783944,49.38667923947738,48.466659139650446,48.65986251831055,3482100
2020-07-27,48.393065047188344,48.45746618565184,47.55584673756402,47.91465759277344,3439300
2020-07-28,47.84105074063182,48.28266001862429,47.601847031152026,47.63864517211914,3837300
2020-07-29,47.77664319115277,48.742663576387095,47.65703959767482,48.3930549621582,3927700
2020-07-30,47.7398597466118,47.85026121597595,46.939442951922715,47.473052978515625,4473200
2020-07-31,47.41783082039334,47.87784081241982,46.84741590337014,47.83184051513672,5125600
2020-08-03,47.85945270295689,47.99745363145896,46.95783330026849,47.73984909057617,5617000
2020-08-04,47.62024558630511,49.0186767578125,47.611046928223544,49.0186767578125,6781900
2020-08-05,49.202667259157565,49.377469788882266,48.604656388248216,49.257869720458984,7296200
2020-08-06,48.95427421843974,49.671892364173296,48.83467411881628,49.13827896118164,6582300
2020-08-07,49.29469570427008,51.300336987623496,49.037087600581145,51.015132904052734,7407300
2020-08-10,51.28192383981247,52.045538726434906,51.10711776811948,51.99953842163086,5072300
2020-08-11,52.73555205802768,53.76597359138086,52.137537586843386,52.91035461425781,7566400
2020-08-12,53.158766574418,53.443974102778675,52.054745130850975,53.11276626586914,5132600
2020-08-13,52.78155062921082,53.0023569910539,52.13753587589974,52.5423469543457,4584300
2020-08-14,52.4871607354518,53.68318649923895,52.146754185592194,53.2415771484375,4926600
2020-08-17,54.28118954858988,54.77800127828736,53.09436269751201,54.65839767456055,8039400
2020-08-18,54.29039290476464,54.29039290476464,52.78156027029399,52.85516357421875,7841000
2020-08-19,49.69028940854429,50.42630837549389,48.061856744604434,50.012298583984375,31932000
2020-08-20,49.10147132571318,49.36827799468782,47.40863421610577,47.519039154052734,17300400
2020-08-21,47.8226553241232,48.98188288086157,47.519050446614834,47.54664993286133,13732800
2020-08-24,47.39944133694773,49.211882262117825,47.39944133694773,49.13827896118164,11757000
2020-08-25,48.92667261398699,49.64428721900709,48.80706900995084,48.90827178955078,7907200
2020-08-26,48.77946797649159,49.49708255868541,48.59546324758083,49.00027084350586,8857500
2020-08-27,49.41428883644857,50.10430405259201,49.21188675957373,49.37748718261719,7639700
2020-08-28,49.4878885975548,50.81271645415063,49.23948271639334,50.68391418457031,6161900
2020-08-31,50.72991123185931,51.36472739054205,50.380302587193334,50.40790557861328,7453800
2020-09-01,50.223900026081054,50.85871266482626,49.59828604459376,50.84951400756836,5863300
2020-09-02,50.96911644987826,52.3583452977041,50.84031068400984,52.19274139404297,9769000
2020-09-03,52.450349291804805,52.48715094157101,50.766714175383434,51.07952117919922,7709000
2020-09-04,51.41992951709621,51.5855334374088,49.87429526724437,50.76671600341797,6807100
2020-09-08,50.27909858363281,51.2451189620203,50.039891398372326,50.87710952758789,7827400
2020-09-09,50.674712109298824,50.895514982375545,50.10429708305413,50.38030242919922,6996100
2020-09-10,50.63791432206611,51.125523921092544,49.60748913713665,49.78229522705078,9039900
2020-09-11,50.159505946228194,50.38030884743425,49.26708515405671,49.81909942626953,4841100
2020-09-14,50.334302453149114,51.217520970444006,50.16869854245652,51.03351974487305,4484100
2020-09-15,51.76033320451521,52.671154716766445,51.35552559329157,52.312347412109375,7179500
2020-09-16,52.65275940651859,53.49917987630215,52.36755186057871,52.73556137084961,5704000
2020-09-17,52.063949357310605,52.61596013813538,51.07032574030726,51.46593475341797,4683700
2020-09-18,51.263533939920535,52.20195509820784,51.033528857289305,51.5395393371582,6571800
2020-09-21,50.7483076944989,50.7483076944989,49.08307007895624,49.83748626708984,7933000
2020-09-22,49.83749718524956,50.242308357047946,48.98188154849132,49.57069396972656,5915000
2020-09-23,50.08589558473299,50.51830617728735,48.49426115012862,48.64146423339844,5962200
2020-09-24,48.365456656117715,49.257877281353466,47.65704075386641,48.60466384887695,4563400
2020-09-25,48.26425446753549,49.12907562315698,47.94224883061146,48.92667007446289,5954200
2020-09-28,49.73628979207035,51.41072615802981,49.69028597761349,51.15311813354492,7808200
2020-09-29,50.61031247100674,50.77591639697991,49.33148488345747,49.82829666137695,6444500
2020-09-30,50.25150022985833,52.05474241338507,50.2147020906994,51.19912338256836,6344500
2020-10-01,51.539532563383624,52.79995926785878,51.419928953447005,52.51475524902344,6196900
2020-10-02,51.17152088953379,53.18636730863911,51.13472275001649,53.0207633972168,4566300
2020-10-05,53.39796267981237,53.784369402713224,52.50554213940158,52.919551849365234,3485600
2020-10-06,53.177166829124154,53.78438002040957,51.98114127169512,52.08234405517578,5522200
2020-10-07,52.882760245685496,54.1247896113651,52.77235880526903,53.692378997802734,4602500
2020-10-08,53.59118001739842,53.913185703792216,53.02076844024424,53.63718032836914,4445800
2020-10-09,54.14318962688205,54.42839716424622,53.26917320806677,53.53597640991211,5708400
2020-10-12,53.673978880735,53.8027811478528,53.204770120577514,53.33357238769531,5535700
2020-10-13,53.333566808184145,53.517568022189614,52.62515090354889,52.79995346069336,3970900
2020-10-14,53.02076494143304,53.673978439068826,52.78155772481245,52.818359375,3426300
2020-10-15,52.40434958438629,52.9655624661517,52.14674505227044,52.818359375,4833800
2020-10-16,52.827564620754934,53.213974976715605,52.07314824582105,52.1191520690918,6839100
2020-10-19,52.431956644690885,52.70796202331403,50.54591228663532,50.72071838378906,4883500
2020-10-20,51.01512359795067,51.46593155537169,50.48151016799255,50.536712646484375,5672200
2020-10-21,50.555099345287466,50.959906878976625,50.205490765066344,50.58269882202149,4171000
2020-10-22,50.7575199504526,51.74194493294538,50.656320662158045,51.5395393371582,3190000
2020-10-23,51.898336101695065,52.468747607397695,51.31872242919172,52.45954895019531,4750300
2020-10-26,51.75113764676181,51.898340742350875,50.05830029268824,50.601112365722656,4156700
2020-10-27,50.748309290544015,50.748309290544015,49.635085796164795,49.800689697265625,3621500
2020-10-28,48.66906843509255,48.9450737843898,47.14183509207611,47.24303436279297,9431700
2020-10-29,47.206236944790405,48.13545578720025,47.04983168838569,47.59264373779297,5040500
2020-10-30,47.28904430904695,47.41784658810897,46.05621698008366,46.737030029296875,8293400
2020-11-02,47.47302760356337,48.09864144489384,47.02221979735607,47.60183334350586,6244500
2020-11-03,48.30106237796449,49.96630026816508,47.942255047549686,49.67189407348633,6085500
2020-11-04,49.598290636688155,50.15950354053546,48.94507711335056,48.9910774230957,5937200
2020-11-05,49.54308840940312,50.51831112507846,49.33148417582802,50.242305755615234,5886400
2020-11-06,50.26989980866813,50.37110258544402,49.24867689334532,49.625885009765625,4544300
2020-11-09,55.95562491427341,57.91526880497537,54.99880312157778,56.02922821044922,17552700
2020-11-10,56.8664540446279,57.758871318313254,55.80842933228897,57.280460357666016,11527600
2020-11-11,56.866455339848656,57.14246072469345,54.72280638136972,55.31161880493164,8292800
2020-11-12,54.78719371290136,55.40360897631264,54.041979712595634,54.649192810058594,5177300
2020-11-13,54.98960013063855,55.19200566957218,53.57276837729922,54.86079788208008,9557100
2020-11-16,56.42483545553686,56.69163862215008,54.67679582954256,56.20402908325195,7357000
2020-11-17,55.22880760573464,56.59963915172236,54.39158942289329,56.250030517578125,10970600
2020-11-18,57.62086399181,59.93011306474936,56.49843826597419,57.29885482788086,16395900
2020-11-19,55.863634518031326,57.556472034020125,55.56922829869406,56.636451721191406,11004400
2020-11-20,56.62724075332822,57.096453005334965,55.67962110143781,55.82682418823242,11048000
2020-11-23,56.24082701650282,56.90323907042027,55.76241616614144,56.85723876953125,8273500
2020-11-24,57.4000570259817,59.55290784305475,57.27125476555475,59.18489837646485,11804200
2020-11-25,58.32928552911634,58.38448449823366,57.234459180306274,57.77727127075195,6905600
2020-11-27,58.191276698053144,58.191276698053144,57.42765825993782,58.16367721557617,5435200
2020-11-30,57.620876999016915,58.59609634919003,56.85725840408592,58.43049240112305,25960400
2020-12-01,58.88128753328894,59.9485142390441,58.228074092020094,59.69090270996094,10487600
2020-12-02,59.35970250612949,59.838116959340944,59.065296311536805,59.80131530761719,6283500
2020-12-03,60.012928081930106,60.72134063421552,59.76451866676656,60.63854217529297,7399800
2020-12-04,60.74893076852034,61.42054858180206,60.64772798817382,61.30094146728515,6593800
2020-12-07,60.6753287143102,61.0985441785442,60.1325201715009,60.61092758178711,4979900
2020-12-08,59.96691836448598,60.51892909397318,59.801314443720095,60.187721252441406,4290800
2020-12-09,60.84093154846644,61.54014884572251,60.41772311094739,61.38374710083008,6692000
2020-12-10,60.68452094362178,61.54934202661663,60.32571368986771,61.199729919433594,5662000
2020-12-11,60.767332257327375,61.02493677007579,60.25211621263402,60.77652740478515,7478000
2020-12-14,61.567750273417246,61.59534975642373,60.086517185694696,60.11411666870117,8653000
2020-12-15,61.1077316135172,61.42054208857238,60.362517599926726,61.402137756347656,5923400
2020-12-16,61.760957137390974,61.816163125697145,61.02494514555119,61.291751861572266,6656100
2020-12-17,61.76096819287224,62.26698223093877,61.45736678923108,62.11058044433594,7665100
2020-12-18,62.23936925888861,62.65337555002379,61.43894914093706,62.28536605834961,17358700
2020-12-21,61.10773586738962,62.15655826293424,60.850131351879945,61.862152099609375,9790700
2020-12-22,61.7609615029492,62.31297930984515,61.337752998407495,61.61376190185547,4909000
2020-12-23,62.02775062811703,62.63496723563425,61.926547860197495,61.95414733886719,2829900
2020-12-24,61.50334820545885,61.760952735201144,61.26414099104229,61.622955322265625,1656800
2020-12-28,62.12896223296967,63.17778468677357,61.67815430578656,62.92938232421875,3696100
2020-12-29,63.159382633440984,63.38018549683662,62.50616919063142,62.55216598510742,3563900
2020-12-30,62.55216463680116,63.26977919176618,62.55216463680116,62.83737564086914,4476100
2020-12-31,63.00298448463362,63.104180245920816,62.62577284479359,62.82817840576172,4563800
2021-01-04,62.837376307721954,62.9293769148637,61.181337302384854,61.4665412902832,6330500
2021-01-05,61.16294422455859,61.53094667861211,60.877733197711166,61.38374710083008,4878700
2021-01-06,61.78855846269788,64.71421588742068,61.78855846269788,64.07940673828125,6499100
2021-01-07,64.5302053109587,64.81540927839562,64.02419147918751,64.30940246582031,4631000
2021-01-08,64.50262563275584,65.28464150620245,63.94141267222635,64.60382843017578,6306800
2021-01-11,64.0150143427958,64.2910162220712,62.70858719764433,62.90179061889648,5863300
2021-01-12,62.52457119496216,63.52739685083953,62.14736656749787,62.92938232421875,5918900
2021-01-13,62.80978296318713,63.10418917921903,61.98177030629597,62.68098068237305,5724800
2021-01-14,62.94777093362698,63.38938365166622,62.478565756005565,62.57976150512695,4167200
2021-01-15,62.11057214950948,63.094993585480175,61.67816148730965,62.984588623046875,6382900
2021-01-19,63.02140307494807,63.3618131805128,61.71497567391462,61.806976318359375,4990600
2021-01-20,62.12896110947096,63.22378736060028,61.972559364794456,62.82817840576172,4558500
2021-01-21,62.88336854446119,63.26977527797102,62.53376345498028,62.61656188964844,4314100
2021-01-22,62.450961570353336,62.7453677202149,61.503341994836326,61.55854797363281,5598500
2021-01-25,61.50335923234126,61.50335923234126,59.27691166130849,60.42693710327149,6892400
2021-01-26,60.601723479591975,60.601723479591975,59.267690189869015,59.31369400024414,7106200
2021-01-27,58.356880623984416,59.635708119788575,57.26205786712728,58.816890716552734,10471200
2021-01-28,59.58051015599472,61.0249415901631,59.06529407060675,60.25212097167969,8267400
2021-01-29,59.9393137409299,60.75813110694613,58.669684960465155,58.9180908203125,5763400
2021-02-01,59.286103970848266,59.368902419684936,58.32928211995223,58.94569396972656,6122700
2021-02-02,59.50691285043554,61.12615053199235,59.29530509453298,60.564937591552734,5548000
2021-02-03,60.684532469840086,61.770156603069005,60.279721329558974,61.39295196533203,5477500
2021-02-04,61.58614597334107,64.23580125841629,61.14453324956381,63.09497833251953,9747500
2021-02-05,63.78499120298265,64.11619897967216,62.70856943833971,62.86497116088867,3762300
2021-02-08,63.05816579685414,64.41059619455605,62.579751510453306,64.37379455566406,4532700
2021-02-09,64.25420548247537,64.44741589560653,63.4445902575322,63.48139190673828,5492600
2021-02-10,63.48138981229041,63.87849510528686,63.07505459197142,63.35210037231445,4632900
2021-02-11,63.3797953210447,64.87586768891568,63.102749579713446,63.739959716796875,5796300
2021-02-12,63.09352772074079,63.56451475328804,62.53019208562952,62.79800796508789,5801500
2021-02-16,62.6687070354207,62.88110807784488,62.11460847576554,62.33624649047851,6293600
2021-02-17,61.976085280189366,62.0222630982765,61.043348311646746,61.717506408691406,7946400
2021-02-18,61.8652755762853,63.49987485347412,61.431229360921634,63.07506561279297,7690300
2021-02-19,63.16739906548576,63.46291877269143,62.23466212728372,62.511714935302734,4383600
2021-02-22,62.14231907119631,64.70041110385453,62.14231907119631,64.22943115234375,10511900
2021-02-23,64.96821446196803,65.62389852434636,63.88772130477045,64.8573989868164,10455900
2021-02-24,64.17401139555903,65.43920889985975,63.61067584622225,64.51570892333984,13387100
2021-02-25,62.871880958065624,63.86002566471674,61.11722956937086,62.502479553222656,13410300
2021-02-26,63.08429645957832,63.08429645957832,60.3969145391425,60.941776275634766,9964400
2021-03-01,61.56051177871639,62.65947195898861,61.56051177871639,62.10537338256836,7006800
2021-03-02,62.21620677839386,62.493252592100205,60.72937099387172,61.14494323730469,8988400
2021-03-03,60.67394188848585,60.96946158087478,58.6884191754273,58.79000473022461,10689400
2021-03-04,59.03935795449735,59.51957487610824,56.47202896559563,57.76492691040039,11092400
2021-03-05,58.20820735354556,58.37443764531601,56.66596395229803,57.92192459106445,9185000
2021-03-08,58.80848687473167,60.81248040841638,58.42985197319859,60.1937370300293,13576800
2021-03-09,60.94177222332772,61.911450187950834,59.96286433024882,61.0248908996582,8975500
2021-03-10,61.172635789229254,61.28345832164339,59.54728092162883,60.58159637451172,7127800
2021-03-11,60.757075013755184,61.60669345098392,60.7016672600328,61.0248908996582,5645700
2021-03-12,61.200343246322994,62.15155418567683,61.09876472617438,61.72673797607422,5480700
2021-03-15,61.874496622013055,62.84417438737264,61.311161089108225,62.816463470458984,5256400
2021-03-16,62.62253651382234,62.62253651382234,61.338872000234424,61.61592483520508,5425500
2021-03-17,61.708259740276645,62.65022648783752,61.57897032484172,62.1884765625,5138500
2021-03-18,62.00378588255744,62.64100310067363,61.22804930897723,61.43121337890625,4726700
2021-03-19,60.72935827457859,62.00378566050139,60.17525971747065,61.51433181762695,21044300
2021-03-22,61.81909634033218,62.14231995254522,60.84018148452742,61.41275405883789,5303900
2021-03-23,61.21881438771823,61.29269607693793,59.325636614501136,59.59345245361328,6030100
2021-03-24,59.56574956397531,60.47078265747859,59.40875625610352,59.40875625610352,4936600
2021-03-25,59.10398648748453,60.2953020606122,58.55912147113815,60.10136795043945,5505300
2021-03-26,60.69241442700342,61.26497985451605,60.147545823367935,60.98793411254883,6021900
2021-03-29,60.93253173277013,61.588215872566735,60.08290639706932,60.51695251464844,5319700
2021-03-30,60.27683844506992,61.625154568046746,60.064437402861486,61.43121337890625,6649700
2021-03-31,61.62515113113857,62.34547992235957,61.04334168765618,61.08951950073242,5763000
2021-04-01,61.8190924210573,62.022263548923576,60.55389488118285,60.93253326416016,5032000
2021-04-05,61.20033879210363,62.73335209621485,61.20033879210363,62.576358795166016,5534600
2021-04-06,62.54865668681208,63.1027552651428,62.29930774682856,62.465538024902344,4331300
2021-04-07,62.410143785922415,63.09353194555264,62.3824399078728,62.59484100341797,4800800
2021-04-08,62.81645825444071,63.84154367701784,62.530175548480486,63.74919509887695,5324100
2021-04-09,63.85078696785486,64.18324751866153,63.06581340735128,64.13706970214844,5124600
2021-04-12,64.04472026115283,64.34947693628749,63.28745058235328,64.20171356201172,4771300
2021-04-13,63.573736299664674,63.98007855226838,62.7148880678818,63.222808837890625,5035900
2021-04-14,63.3705879882447,63.970857498012926,63.2043576658826,63.361351013183594,3561700
2021-04-15,63.933912009628465,64.58035923085978,63.823089466383266,63.94314193725586,3799600
2021-04-16,64.4048824662237,64.71887610290011,64.00777721868148,64.63575744628906,5702900
2021-04-19,64.5895733234432,64.5895733234432,63.68454048858004,63.72148132324219,3556200
2021-04-20,63.27821529492206,63.444445572535734,61.91143927520581,62.56712341308594,4180100
2021-04-21,62.64100700459357,63.638388700566,62.39165805772752,63.24128341674805,4644100
2021-04-22,63.481385183953975,64.47876683026173,63.195102451414826,63.87849044799805,4319200
2021-04-23,64.00778339893455,65.28221792122494,63.65685593181979,65.00516510009766,5302500
2021-04-26,65.13447019901893,65.52233860526142,63.776923731422585,63.98009490966797,3679700
2021-04-27,64.16479972430787,64.8297139781511,63.84156900396674,64.46031951904297,3551400
2021-04-28,64.39565185609477,64.95898031938624,64.10936209274729,64.59881591796875,3067300
2021-04-29,65.10675672528689,66.02101984691804,64.78353310104825,65.95637512207031,4121300
2021-04-30,65.74397924954307,66.37195964594713,65.15293970536834,65.56851196289062,5017600
2021-05-03,66.02102630717937,66.9352965640199,65.71627660064647,66.5658950805664,6706900
2021-05-04,66.15030789219834,66.15030789219834,64.95899194894274,65.40227508544922,5773800
2021-05-05,65.87327481836748,65.93791955432695,65.13447179676106,65.59622192382812,5769600
2021-05-06,66.0117915775105,66.59359411575838,65.79938345010439,66.27037048339844,5838700
2021-05-07,66.15030718924123,68.35747178325913,65.92866914621648,68.13583374023438,6347400
2021-05-10,68.5052325498109,68.93927869150006,67.38779835830586,67.40626525878906,5207500
2021-05-11,66.68594079139214,66.82446721432808,65.32839452896376,66.5012435913086,5567700
2021-05-12,66.08414060047687,66.35291979085198,64.42508496073415,64.44361877441406,5811500
2021-05-13,64.72169911360447,66.2788016685409,64.62901586880743,65.71342468261719,5671800
2021-05-14,66.10267740393509,67.51148065942606,66.06560270362269,67.13147735595703,6542400
2021-05-17,66.66806860094631,67.10368758456127,66.11196211876283,66.74221801757812,6668800
2021-05-18,66.91832245395531,67.48369945209949,65.76903463681829,65.93586730957031,7720300
2021-05-19,64.99049673863585,64.99049673863585,61.57042996395992,62.450931549072266,16703100
2021-05-20,63.025564982292266,63.720699890185195,61.97823093339365,62.441654205322266,11980800
2021-05-21,63.05336398576157,63.34068412757314,61.89480590261505,62.13578796386719,6933800
2021-05-24,62.33969453467578,62.599210410635685,61.468456604286985,61.50553131103515,8965500
2021-05-25,62.024562221220044,62.63628426734725,61.66309267442749,62.34895706176758,6173600
2021-05-26,62.821663560643785,62.93288770209998,62.25628654964569,62.89581298828125,6769500
2021-05-27,63.02555699744511,63.08116552022243,62.20993468784379,62.32115173339844,8648800
2021-05-28,62.81239486186621,63.23875054700392,62.27482917473558,62.59922409057617,7523200
2021-06-01,63.26653613884147,63.47970684720284,61.7372381912993,62.274810791015625,5844000
2021-06-02,62.1358022326907,62.27483064885014,61.088468030676985,61.15334701538086,9170100
2021-06-03,61.144057942238405,61.33869483705755,60.022574650407975,61.023563385009766,7450600
2021-06-04,61.31089327874511,61.31089327874511,60.27282272268128,60.83819961547851,5671900
2021-06-07,60.838205136651176,61.09772103139937,60.30063245679976,60.5416145324707,6071200
2021-06-08,60.78259663230265,61.310898867186545,60.54161455653592,60.94015884399414,7058500
2021-06-09,60.921627801106574,61.1718732621804,60.235756251998254,60.272830963134766,5490900
2021-06-10,60.1245354004118,60.606492472254054,59.87428288383248,60.03184509277344,6684200
2021-06-11,60.08746478080444,61.04211561571505,60.08746478080444,60.949432373046875,7654000
2021-06-14,60.81038692901099,61.27381008373823,60.19866497055847,60.36549758911133,5101900
2021-06-15,60.4118420419794,60.689898760145226,60.03183166523784,60.61574935913086,7296400
2021-06-16,61.15334334001506,61.32017601512382,60.08746830855792,60.430397033691406,7932700
2021-06-17,60.411850302626185,60.421120746839634,59.132801245337035,59.96696090698242,7570600
2021-06-18,59.44792891326388,59.66110670158495,58.62303616377614,58.734256744384766,11745700
2021-06-21,59.197688659997496,60.235755814812265,58.965977020534616,60.16161346435547,8811100
2021-06-22,60.01330988374058,61.218213142349846,59.92062664952698,61.08845520019531,5880300
2021-06-23,60.94015676343618,61.51480413332926,60.80112837557587,61.042110443115234,5415400
2021-06-24,61.64455907635388,62.16359082307731,61.21821055993433,62.07090759277344,6526300
2021-06-25,62.27483369871727,62.84947414244309,62.145075722954715,62.58995819091797,13165300
2021-06-28,62.34896534317285,62.5528727189656,61.208948027645185,61.62602615356445,6361800
2021-06-29,61.96895847386169,62.28408289431746,61.71870595523837,61.82065963745117,3272000
2021-06-30,61.70017319704687,62.654823991198896,61.62602377756687,62.48799133300781,5013700
2021-07-01,62.617738971002176,63.13677775062091,62.49725148764468,62.914329528808594,4418100
2021-07-02,63.00702538047474,63.35922448915829,62.84019273503994,63.25727081298828,3058700
2021-07-06,63.507519068810495,63.60020937583284,62.284081971658274,63.14604949951172,4133200
2021-07-07,63.34996549966047,63.56314333509328,62.48799785426445,62.701175689697266,4981300
2021-07-08,61.561140555669745,62.27481629418545,60.86600570638365,61.97822570800781,5686000
2021-07-09,62.57141189674206,63.45191328125037,62.506532921791745,63.359230041503906,4407400
2021-07-12,62.71970846419078,63.34069399640373,62.515801078382715,63.22947692871094,6072800
2021-07-13,63.025563660440056,63.33142471060475,62.53433613390284,62.691898345947266,3775000
2021-07-14,63.05336317874564,64.1563127225933,62.979213765266735,63.61874008178711,8748800
2021-07-15,63.377762817336986,63.46118268162973,62.793852052399046,63.0904426574707,4905700
2021-07-16,63.41482755544612,63.5816601865208,62.26554002541872,62.47871780395508,7819900
2021-07-19,61.329435481051995,61.75578405220473,59.902090923047744,60.272830963134766,8043800
2021-07-20,60.05965211958523,61.96895352251131,59.71671639124494,61.63528823852539,5312000
2021-07-21,62.16359154840589,62.94214624885245,61.913346116537845,62.543601989746094,3499500
2021-07-22,62.67335897359228,62.77531264794681,61.89480428500104,62.34895706176758,2884500
2021-07-23,62.79384998123984,63.414835435239205,62.38603526098827,63.1923942565918,4816900
2021-07-26,62.97922197361518,63.87826428321046,62.858734464466266,63.69289779663086,4861200
2021-07-27,63.41483794739138,63.93387681316694,63.053368366040786,63.44264221191406,3789300
2021-07-28,63.44263168087866,63.72068842250573,62.73823352563635,62.914329528808594,3123800
2021-07-29,63.37775534872482,64.20264809285013,63.173855077179454,63.80410385131836,4318600
2021-07-30,63.27581575742471,64.67535613626755,63.27581575742471,63.77631378173828,3668600
2021-08-02,64.12851617738808,64.12851617738808,62.793854859267704,62.97922134399414,5747600
2021-08-03,63.414833394390314,63.95240604082556,62.423107960376434,63.93387222290039,3832000
2021-08-04,63.34068064652314,63.82264474253984,62.31188763080417,62.330421447753906,6909000
2021-08-05,62.460187415209376,63.62801602902901,62.33042946603807,63.56313705444336,4340400
2021-08-06,64.02655248855575,64.50850951633042,63.74849573362,64.2397232055664,3456900
2021-08-09,63.961673061409,64.24899318717087,63.35922147757031,63.88752365112305,3190100
2021-08-10,64.06363756175044,66.58465429612107,64.06363756175044,66.20465087890625,7078200
2021-08-11,66.52092655789522,66.7813905164674,65.93487555399722,66.70697021484375,4264900
2021-08-12,66.79069410354505,66.92092608141769,65.86046163467735,66.55813598632812,4273300
2021-08-13,66.29766268510359,66.51161926841583,65.38603887091125,65.57208251953125,5389000
2021-08-16,65.41393529192345,65.49765988972719,64.47439867828852,65.44184112548828,4055600
2021-08-17,65.15349084114874,65.15349084114874,63.70233028550233,64.3255844116211,8008300
2021-08-18,63.89766049531148,68.5302134863793,63.16277610897867,67.9069595336914,14316300
2021-08-19,66.3534974704908,68.71628928315148,66.32559162617429,68.45581817626953,11723200
2021-08-20,68.009326194837,69.21863177359748,67.5628112912153,68.87444305419922,7835600
2021-08-23,69.13487308166779,70.7999899629811,69.13487308166779,69.88835906982422,9979400
2021-08-24,70.01859124308861,70.84650462755917,69.86045343474115,70.05580139160156,7444800
2021-08-25,69.6651151854771,70.76278987968108,69.52557888338714,70.52092742919922,5365200
2021-08-26,69.95347884750831,69.95347884750831,68.26045603738793,68.68836212158203,6277300
2021-08-27,68.939537415652,69.15348693573749,68.27907313220894,68.50232696533203,5087100
2021-08-30,68.53953409017035,68.67907039112002,67.62790307479544,67.72093200683594,4496600
2021-08-31,67.49764382154656,67.82323075794892,67.02323052590718,67.646484375,5829800
2021-09-01,68.05580781553066,68.26975729951486,66.93022033258337,67.05115509033203,4103200
2021-09-02,66.93954486871495,67.52558892025579,66.66977653152912,66.85582733154297,3813400
2021-09-03,66.43720563770175,66.82790159727979,66.00929952524328,66.11162567138672,5397900
2021-09-07,65.62792038873555,66.04652226849375,64.71628921215931,64.97675323486328,7085000
2021-09-08,65.21860557526115,65.23720710379665,64.2418585450336,64.94883728027344,7124900
2021-09-09,64.97674687096705,65.56279796176482,64.56744934556744,64.60465240478516,7613100
2021-09-10,65.06973937359676,65.25579007135414,64.01857954542417,64.06509399414062,6709400
2021-09-13,64.47439413717935,64.62323470185417,63.4976545456586,63.906951904296875,5820200
2021-09-14,64.53952417883055,64.85580689915622,63.87905999760701,64.63255310058594,7322800
2021-09-15,64.37208205562527,65.0418505484464,64.07440795849479,64.63255310058594,5031800
2021-09-16,64.7813909241793,65.82325388222623,64.72557924508938,65.56278991699219,5629800
2021-09-17,65.11627430711319,66.15813725098684,64.90231771166111,65.49767303466797,9208800
2021-09-20,64.62325249069083,65.19999209479296,63.71162152388482,64.28836822509766,5759800
2021-09-21,64.95816001329666,65.49769675626865,64.40931895486288,64.4558334350586,6901300
2021-09-22,64.93021331050316,65.29300331700304,64.54881468478807,64.67904663085938,8418600
2021-09-23,65.0883674338999,66.92092654582423,65.07906312195571,65.7674331665039,6595300
2021-09-24,65.47905462022499,66.38138113624774,65.30230820245693,66.13951873779297,4802100
2021-09-27,66.5116345050256,67.54419331476068,66.12093849515608,66.17675018310547,5228400
2021-09-28,65.60926779800018,66.10228966735131,64.64182557826449,65.19066619873047,5431400
2021-09-29,65.57208817325872,66.03720443202202,64.94883408982251,65.02325439453125,3671300
2021-09-30,64.36279678297662,64.51163031060119,61.2000044784486,61.37675094604492,10900200
2021-10-01,61.67441782315371,62.381389415919855,60.9395332937085,61.96278762817383,6787000
2021-10-04,61.7116253046074,62.32558220759413,61.060465344268096,61.26511764526367,6503500
2021-10-05,61.31163275045272,61.68372010473959,60.28837123482973,60.56744384765625,9136300
2021-10-06,59.99999955525838,60.511630297287205,59.08837208086562,59.84186172485352,10030200
2021-10-07,60.27907198700933,61.665116497206576,60.2511590489785,60.44651412963867,6213800
2021-10-08,60.39999396671254,60.75347974687483,60.13953001321291,60.22324752807617,5352100
2021-10-11,60.06510863262233,60.24185506807948,58.55813306675144,58.62324905395508,8466100
2021-10-12,58.97674819573965,59.153491112068735,58.45581666282207,58.57674789428711,5157400
2021-10-13,59.09766902278845,59.71162587351452,58.93953120261138,59.06976318359375,7218100
2021-10-14,58.53022676458872,60.055807485557125,58.344183104806504,59.66511154174805,7946100
2021-10-15,60.13953478797603,60.43720891519657,59.776744667210714,59.8604621887207,5633900
2021-10-18,59.51627662435479,60.2697662483594,59.24650833999512,60.13022994995117,4244600
2021-10-19,60.15813226503758,60.316270081981834,59.04185613740564,59.441856384277344,6146000
2021-10-20,59.63721361066438,60.493025914524395,59.24651406649138,59.40465545654297,5953900
2021-10-21,59.441850753743154,60.20464102469668,59.441850753743154,60.16743087768555,3970700
2021-10-22,60.10232525580325,60.24186155687235,59.11627748135194,59.68372344970703,4272500
2021-10-25,59.85115474853248,61.06976413134796,59.85115474853248,60.706974029541016,5969400
2021-10-26,61.08835888606639,61.52556924159796,60.706967299547486,60.7720832824707,6075800
2021-10-27,60.92092167596326,60.92092167596326,59.748833889019515,60.05580520629883,4573000
2021-10-28,60.297675369476096,60.837211967552165,60.241863685920414,60.651161193847656,3829700
2021-10-29,60.465101838848405,61.38602986428021,60.22323944430235,60.92091369628906,8269300
2021-11-01,60.95814075437018,62.35348964548665,60.883720443537214,62.000003814697266,7424400
2021-11-02,62.20466623091662,63.14419619371448,61.64652090606676,62.623268127441406,7510200
2021-11-03,62.27907152874228,63.916282939189024,62.27907152874228,63.655818939208984,6308700
2021-11-04,63.84186891019511,65.07908012900052,63.637223673717166,64.87442779541016,8238700
2021-11-05,65.99998584564904,66.86510226028155,65.90696402520564,66.2325439453125,8726100
2021-11-08,65.95348331180888,66.27906325574835,64.70696811586998,65.01394653320312,6713700
2021-11-09,65.18201765081392,65.60218965121894,64.67781552449503,65.06063842773438,4298800
2021-11-10,65.15399763549202,65.83560608810872,64.33233899445683,64.38835906982422,5950600
2021-11-11,64.50041745238877,64.9112432818531,63.594721418713334,63.69742965698242,6047500
2021-11-12,64.14559922619422,64.4537239152636,63.66007524152455,64.23897552490234,8504700
2021-11-15,64.71515588014913,65.80759723474925,64.5751056892102,64.72449493408203,6333200
2021-11-16,64.77117604331914,65.6768647153098,63.80945305381868,64.8925552368164,9819300
2021-11-17,71.70863239448408,71.83935068053657,68.34728468567052,68.67408752441406,21456600
2021-11-18,68.72075924367115,68.88882660633722,67.03075368613722,68.25390625,9466400
2021-11-19,67.96446173259194,67.99247177328301,65.53682751667444,66.31179809570312,8162000
2021-11-22,66.90001569981307,67.19880124275466,64.64978151421447,65.24735260009766,7021300
2021-11-23,64.78985800941132,66.5452227043014,64.42571324357567,66.2464370727539,7110200
2021-11-24,65.06999034875491,66.80668453047794,64.995292139654,66.74132537841797,4960400
2021-11-26,65.28472152788923,65.78892362054125,64.46306281594413,64.76184844970703,4737200
2021-11-29,67.04943262163766,67.50695373868447,65.59285338823072,65.9850082397461,5813500
2021-11-30,65.63019978854312,65.9009754006788,63.902845002889016,64.79920196533203,9925200
2021-12-01,66.18107425366235,66.92804185274738,63.463993681122155,63.5013427734375,8014400
2021-12-02,63.51066734006105,65.80758994766694,63.47332537568629,65.59283447265625,6050400
2021-12-03,65.84494193915285,66.21842575226728,65.16334056955941,66.00367736816406,7970100
2021-12-06,66.75999262687913,68.62740500805057,66.49855603329318,67.82441711425781,7782500
2021-12-07,68.05782968576476,69.68247612914007,67.59097668634334,69.20629119873047,7976000
2021-12-08,69.29966484910473,69.83187701786972,68.95419104272287,69.41170501708984,8158900
2021-12-09,69.15959555399475,69.7384957750376,69.00086726106079,69.11290740966797,4901400
2021-12-10,69.29030215554633,69.85986322720481,69.04753666837809,69.77583312988281,5123800
2021-12-13,69.41169710527234,69.85987909696296,68.02981628448087,68.28191375732422,6883900
2021-12-14,67.86174953120965,68.8047945464417,67.77771229044089,68.1045150756836,6972700
2021-12-15,67.99246530654774,68.34727099424181,66.60124547018758,68.216552734375,5940800
2021-12-16,69.28098958450535,69.76652074442433,68.5807100113859,68.5993881225586,9558000
2021-12-17,68.59937344012684,69.62644850281977,67.55362027025895,69.11290740966797,11378800
2021-12-20,68.11385417457151,68.34728068938993,66.60125491765974,67.67501831054688,7263300
2021-12-21,68.22589705050092,69.49573777881608,67.95512145600313,69.20629119873047,6644300
2021-12-22,69.11290163385942,69.49572443923633,68.59002865442764,69.09423065185547,4852400
2021-12-23,69.17826590915605,69.45838052535082,68.62738285387977,68.86080932617188,4625900
2021-12-27,68.85147202103124,69.58910054703836,68.84214009090222,69.3650131225586,3165300
2021-12-28,69.25297210131548,70.30806443724235,69.25297210131548,69.81319427490234,2982500
2021-12-29,69.78517387931421,70.88694707744074,69.74782479013581,70.45744323730469,2884100
2021-12-30,70.35474452744599,71.08303405578617,70.35474452744599,70.52281188964844,2799100
2021-12-31,70.63485778468495,71.26977812679762,70.38275318452826,70.88695526123047,3193200
2022-01-03,70.8029251784104,71.51253658424147,70.48546144539233,70.54148864746094,4814900
2022-01-04,70.69089638263353,72.22217399884204,70.69089638263353,71.63394165039062,5905700
2022-01-05,71.867352213772,72.20348694484889,70.11198036845683,70.1586685180664,5101900
2022-01-06,70.55081172335049,70.95230552366347,69.78517321154553,70.46678161621094,4059900
2022-01-07,69.96256900411791,70.42008280654984,69.2716287746235,69.44902801513672,5497700
2022-01-10,68.74876562977524,68.96352112983952,65.47146291738025,67.68434143066406,7964500
2022-01-11,67.68433843903183,69.69180754112094,67.30152272576498,69.29031372070312,5682300
2022-01-12,69.47707154116624,70.42010953544278,68.3659590470562,68.54336547851562,5654100
2022-01-13,69.14092550917668,69.22495562177296,67.5629602411682,67.79638671875,6149400
2022-01-14,67.06809185828315,67.19881010533442,65.62084496414526,66.461181640625,6631100
2022-01-18,65.58352152553391,65.98501547667522,64.20164033807986,64.3416976928711,9601600
2022-01-19,64.75250258903417,65.67686943326412,63.90283392629631,63.96819305419922,6621100
2022-01-20,64.12692619313472,64.9579239351021,62.80106542770488,62.866424560546875,6669000
2022-01-21,62.62365585871438,64.16427205363242,62.175473882086806,62.98780059814453,8652900
2022-01-24,62.05409366879464,64.5564257822573,61.484532496146024,64.48172760009766,10903800
2022-01-25,63.49200985333856,64.68715242844706,62.44625653831278,64.1269302368164,8265700
2022-01-26,64.62178170079316,66.25576695541454,63.83747219790788,64.51907348632812,7358200
2022-01-27,65.76091538157816,66.55456407515966,64.65914199122368,65.0046157836914,6184700
2022-01-28,64.91123274099662,66.66660443827969,64.08957409188407,66.6479263305664,7180600
2022-01-31,66.36782425061021,67.32020123709572,66.10638771014797,67.19882202148438,4543000
2022-02-01,67.40424698629693,68.10452657529893,67.02142405830855,67.97380828857422,4461700
2022-02-02,67.88975735383609,68.29125118890744,66.6385948262622,67.25483703613281,5400500
2022-02-03,66.7599877204011,67.06811245031606,65.04197187532192,65.18202209472656,5802300
2022-02-04,64.66847870626495,65.15400268550663,63.65073547533815,64.59378051757812,4991100
2022-02-07,64.97659751755836,65.4621286297465,64.04289151185506,64.75251007080078,4750800
2022-02-08,64.7151636532709,66.03169259511625,64.40704607258546,65.77025604248047,4464500
2022-02-09,66.53871071667842,67.57896437171391,66.4075081971245,66.97917938232422,4041800
2022-02-10,65.72338353579212,67.21347970944085,65.63904211181305,66.20133972167969,3856000
2022-02-11,66.02327085336916,66.24819559954209,64.186428326299,64.38323211669922,4807400
2022-02-14,64.4676000695885,64.67377757391107,63.35237110530024,63.717864990234375,6472000
2022-02-15,64.15830574864147,64.76746434040489,63.96150198514876,64.56128692626953,6474200
2022-02-16,64.10210290185984,64.5144507393842,62.08719623553613,62.883785247802734,5802000
2022-02-17,62.09656019436905,62.64948415949295,60.78452765254677,61.07504653930664,6591000
2022-02-18,61.02820165056186,62.330860733297776,60.87825178348278,61.99348068237305,6050800
2022-02-22,61.909129739460674,62.70572586550816,60.88762312135712,61.150028228759766,8055300
2022-02-23,57.09208874542546,61.70293872131966,56.089322504936256,58.572811126708984,25852500
2022-02-24,57.64502469409927,60.72830235777477,57.15770197993301,60.625213623046875,9786500
2022-02-25,60.57835242014375,62.649486464876105,60.269086216404816,62.583885192871094,6400700
2022-02-28,61.290600584488125,62.19027824618673,60.92510675786064,61.94661331176758,7647800
2022-03-01,62.00284856329545,62.17153142304805,59.52872961188724,59.88485336303711,6279400
2022-03-02,60.390935957618744,63.33363451228818,60.36282214181044,61.96537399291992,8125200
2022-03-03,61.88100442495857,61.96535299380305,60.915725609303706,61.581111907958984,5186300
2022-03-04,60.84076405366106,61.09380266576217,58.28230344521244,58.610313415527344,8971500
2022-03-07,58.516598415043575,59.050782335163944,54.4211871691201,54.664852142333984,11448700
2022-03-08,54.514897778170415,57.251422011642234,54.28060647898625,56.22991180419922,11952400
2022-03-09,57.82309096772226,58.713398582886,57.30765084578579,57.34513473510742,5773800
2022-03-10,56.06121850640997,58.179213729254016,55.826927220918456,58.15109634399414,5809100
2022-03-11,58.38538961552774,58.58219344403479,57.410736976728856,57.5700569152832,5300600
2022-03-14,57.67313828176857,58.18857834647381,57.1202107569027,57.40135955810547,4889200
2022-03-15,57.87932272867236,58.882092808522145,57.5138288628868,57.84183883666992,6422200
2022-03-16,58.50722466985699,59.65056737638041,57.68251827949576,58.610313415527344,8278000
2022-03-17,57.98241152201641,58.78837418824319,57.58880384316238,58.33853530883789,8139200
2022-03-18,58.104238743359026,58.685280129792254,57.39199480918294,58.5165901184082,11728300
2022-03-21,58.88209132817194,58.88209132817194,56.67975095957398,57.15770721435547,7342900
2022-03-22,57.57005109142663,58.38538370919112,57.14832609085842,57.28890228271485,13372400
2022-03-23,56.82969957855457,56.91404459315011,55.6863568418153,55.74258804321289,8240700
2022-03-24,55.97687304967736,56.53917427532782,55.27399919886523,56.295509338378906,8633000
2022-03-25,56.92341030775464,57.579423024216126,56.26739401629198,57.43885040283203,10110400
2022-03-28,56.604777578642825,58.113610496160085,56.56729011392153,58.10424041748047,10417000
2022-03-29,58.70402465447334,60.43777875877958,58.69465457593714,60.26908874511719,9812500
2022-03-30,59.397529350353814,59.75364954020188,57.94492405491708,58.10424041748047,7937100
2022-03-31,57.72937335007817,58.30104467882918,56.68912300882795,56.773468017578125,10282200
2022-04-01,56.904659953814686,57.20455246786635,56.25801381570267,57.0639762878418,5762000
2022-04-04,56.98900401438282,58.38537783977595,56.642250395996,58.169830322265625,5855000
2022-04-05,56.59540456109506,58.17921600085838,56.38922707781192,57.832462310791016,6130300
2022-04-06,57.08273589116167,57.25142592410237,56.023738145478816,56.72661209106445,8641500
2022-04-07,56.19242612783778,57.86058266215429,55.73321716881366,57.47634506225586,7628300
2022-04-08,57.41073450182105,58.39476075193899,57.05461432511298,57.69188690185547,7604400
2022-04-11,58.08549271650817,59.37878156101933,57.88868890266985,57.9730339050293,6230000
2022-04-12,58.479106409640494,60.01605667364364,58.42287521400575,58.88208770751953,5873900
2022-04-13,59.107010746619245,59.98794835047033,58.81648823843406,59.69742584228515,6107600
2022-04-14,59.84736410213119,60.34406046315696,58.638420260199354,58.769622802734375,6511000
2022-04-18,58.49784638658761,59.14449262189357,58.1979538274607,58.5165901184082,4521800
2022-04-19,58.63842132427439,61.50614430601054,58.50721877935852,61.3187141418457,9021100
2022-04-20,62.08718882626139,63.19304394720471,62.02158755425638,62.583885192871094,7942800
2022-04-21,63.35237108714864,63.9990174141562,61.60924310565282,61.79668045043945,7815200
2022-04-22,60.287832844928325,61.26248541090443,58.694651453429145,58.769622802734375,5424600
2022-04-25,58.37601825985627,59.45375604120213,57.42010937444427,59.40689849853515,6331700
2022-04-26,58.71339664171682,59.2756942879658,57.5606803894043,57.5606803894043,5744200
2022-04-27,57.55131274830584,58.11361041836689,56.914040148902565,57.6075439453125,7501700
2022-04-28,58.43224747194899,59.706792687199446,57.81371859690115,59.36004257202149,4236400
2022-04-29,58.816481647062176,59.06951665970504,57.22330379523865,57.42947769165039,6981400
2022-05-02,57.80433848224585,58.422867249906034,56.73597093583288,58.385379791259766,8136500
2022-05-03,58.722774846880405,58.74151858101623,57.46697325979416,58.122989654541016,4447700
2022-05-04,58.085495089281274,60.1097716535979,57.41073504284197,60.04417037963867,4747200
2022-05-05,59.01329243777444,59.54747630355217,57.09210096173014,57.832462310791016,5940400
2022-05-06,57.37325225306321,57.37325225306321,55.31148818556476,56.6141471862793,6099000
2022-05-09,56.02372379245799,57.27952506317389,55.13341988280936,55.4239387512207,8264800
2022-05-10,55.83629725946353,56.1455598772898,51.98454820334732,52.668678283691406,9331900
2022-05-11,53.15385488242821,53.39880554295345,51.68416529473738,51.806640625,8399600
2022-05-12,51.45807288494844,53.03139923926521,51.33560111138493,52.75818634033203,8510600
2022-05-13,53.436498314694326,54.23729064636455,52.82412517127664,53.87928771972656,8036400
2022-05-16,53.36113658544224,53.558978922132155,52.34365914398966,52.871238708496094,7952300
2022-05-17,52.607442378652685,52.95602220379777,50.58190367740596,52.93717956542969,13982300
2022-05-18,57.892673058452615,59.39062843443001,55.59392184855269,56.70561218261719,26649700
2022-05-19,56.1686210630675,59.258745620070925,55.58451362112795,57.85499954223633,13905700
2022-05-20,55.217091257565926,56.3853061439322,52.49439276975285,54.519927978515625,15719000
2022-05-23,54.74602884906567,57.58177920555322,54.40686857384659,56.81867218017578,9251700
2022-05-24,55.77293091633328,56.4041430972299,55.094610344974605,56.22514343261719,6998800
2022-05-25,56.008455472925135,58.19415098069988,55.58450513868748,57.67599105834961,6851700
2022-05-26,59.19279676579452,60.57770017128101,58.26010591041536,60.39869689941406,10821900
2022-05-27,60.08779549274571,61.086430139071005,59.70153040251569,60.85090255737305,6524400
2022-05-31,60.52116581167277,60.52116581167277,59.00437119358002,59.88995361328125,7561200
2022-06-01,60.63421887335833,60.700166306186,58.65578510693158,58.881893157958984,4158800
2022-06-02,59.296423463324224,60.191429004456126,59.05147635640065,60.07837677001953,3436900
2022-06-03,59.91821118087979,60.172581382693565,58.3260461330811,58.4390983581543,4894200
2022-06-06,58.80652609767058,58.91958192682277,57.82673406874526,58.156471252441406,3905100
2022-06-07,56.441829609397274,57.73251975253598,55.83887957446724,57.51583480834961,6706100
2022-06-08,57.55353024955894,58.768853649924274,57.01652755523311,57.87384796142578,4250000
2022-06-09,57.62889036046353,58.09052602909335,57.13899612426758,57.13899612426758,3852300
2022-06-10,55.95193616944888,56.80925649104977,55.358405610227955,55.556251525878906,4862700
2022-06-13,53.97350323026167,54.717771275029115,53.728552524807824,54.01118850708008,7137400
2022-06-14,54.04887019003269,54.94387574820796,53.860447399806446,54.01118850708008,5863800
2022-06-15,54.218452685292995,54.82140276498517,53.549555165251114,54.2938232421875,7151900
2022-06-16,53.25749924040798,53.681449635029395,52.720496605176166,53.455345153808594,9118900
2022-06-17,53.191543845327594,54.03944450775986,52.77701662917482,53.342281341552734,12330100
2022-06-21,54.4257121874651,54.9061868567383,53.72854898768426,54.161922454833984,6140000
2022-06-22,53.615490237018626,54.397443412013125,53.44591011699247,53.76622772216797,6373500
2022-06-23,54.05828833234661,54.43513028426061,53.08791230981739,53.98291778564453,4435500
2022-06-24,54.47282231672445,56.818678762856685,54.24671783629358,56.75273132324219,7373800
2022-06-27,57.223777091888806,57.374514585304,56.07440145843212,56.34761428833008,5093800
2022-06-28,56.64908991945659,57.08245976872102,54.11481106564188,54.152496337890625,5850400
2022-06-29,54.01118419033078,54.19960337163214,53.45533898021453,53.78507614135742,3741100
2022-06-30,52.824124854508824,53.38938960360804,52.33422706148556,52.61685943603515,5708300
2022-07-01,52.38133704195233,52.87123488345617,51.39212183620262,52.795867919921875,5391800
2022-07-05,52.230603728570294,54.93446339433185,52.12697459459582,54.24672317504883,8365000
2022-07-06,54.51050684067676,55.273613943906845,53.76623878233371,54.614139556884766,5698600
2022-07-07,54.82139259808899,56.48892812453462,54.68949774185012,56.046138763427734,6823900
2022-07-08,55.94251548727877,56.31935748374465,55.47146029629699,55.527984619140625,5960500
2022-07-11,55.264192254154864,55.65045734877635,54.76487492531546,55.01924514770508,4086300
2022-07-12,54.94388107579289,56.14036177679952,54.896776272135305,55.565673828125,5367300
2022-07-13,54.67066658919564,55.99904213926003,54.41629634422169,55.65988540649414,5630600
2022-07-14,54.67066315400633,55.575091832817755,54.63298147086629,55.34898376464844,4195900
2022-07-15,56.11208894918331,57.07304185540519,55.951928334546935,57.05419921875,7248800
2022-07-18,57.47815644339587,58.165900228158826,56.95057689633315,56.98826217651367,7520700
2022-07-19,57.75136135645136,59.1268415482438,57.45930946006012,59.02321243286133,5848000
2022-07-20,58.91958127609081,59.60732139010836,58.721738968058176,59.3906364440918,4128900
2022-07-21,59.30584565893404,60.09721847544061,59.06089496194603,60.05011367797851,2966200
2022-07-22,60.295058704518965,60.91685494752025,59.531948073998294,60.06895065307617,5040100
2022-07-25,59.91822305084472,60.06896057875899,59.108011084471904,59.62617111206055,5311500
2022-07-26,57.440466284640905,57.75136081560805,56.86577842518567,57.14841079711914,7473500
2022-07-27,56.818679501172625,57.75136678433488,56.3476243013104,57.280311584472656,5908600
2022-07-28,57.48757854855399,58.005738563384675,56.9505758939647,57.647735595703125,5588900
2022-07-29,57.789052664888445,58.18473731183922,56.61141465296446,57.61947250366211,6669200
2022-08-01,57.30857195402623,59.20221209819356,57.233201404076475,59.02321243286133,6196900
2022-08-02,58.702893929742494,58.872474070798056,57.54409869510651,58.071678161621094,5947300
2022-08-03,58.63695107862019,59.88995600337413,58.33547245351132,59.56021881103515,3711800
2022-08-04,60.021848914232855,60.24795697719165,59.362370957290935,59.61674118041992,3445700
2022-08-05,58.87247415306872,59.44715841648725,58.62752346281701,59.18336868286133,2640400
2022-08-08,59.729793947488815,60.54942530134169,59.701528194901584,59.99358367919922,4694100
2022-08-09,59.833434946791414,59.88054334583978,58.62753468357152,59.07032775878906,5572400
2022-08-10,60.25825102714938,60.816723810465646,59.53886413194156,59.66191482543945,5284900
2022-08-11,60.50436390535376,61.79169141157061,60.36238148416662,60.96818542480469,4339900
2022-08-12,61.024974661186626,61.999934304703125,60.5706244308822,61.97153854370117,5058400
2022-08-15,61.76329419315217,62.84237645649118,61.60238006409674,61.87688446044922,5306500
2022-08-16,61.74436670577332,64.15810033069587,61.74436670577332,63.08848571777344,7562200
2022-08-17,62.44481837559773,66.04175667462432,61.971536450327726,64.87748718261719,12745900
2022-08-18,64.15810345887968,64.65032075767665,63.372453646148614,64.37581634521484,6770700
2022-08-19,64.00665002332627,64.20542756486874,62.69092685189588,62.85184097290039,6078500
2022-08-22,62.47321773242401,62.47321773242401,60.39077641917227,60.949249267578125,4734900
2022-08-23,60.873522514737594,61.23322142109381,60.28665390375975,60.47596740722656,4163700
2022-08-24,60.23932214492704,61.479318463249335,59.879626875015816,60.93031692504883,5563000
2022-08-25,60.39078211540597,61.98101352558603,60.078417874925215,61.611846923828125,6919000
2022-08-26,61.79169085233226,62.22710938406644,59.519939636205194,59.52940368652344,4409900
2022-08-29,59.207574921034904,60.32452068166962,59.112919969464485,59.74711608886719,4351400
2022-08-30,60.09734189177738,60.30558348847784,58.69642418204006,59.217037200927734,4707400
2022-08-31,58.81001934177676,59.47261483026862,58.554446641464686,59.01826095581055,6310100
2022-09-01,59.10344757720356,60.494897641218905,58.74375590134142,60.42863845825195,4530800
2022-09-02,60.75046437933721,61.11962367999383,59.75657312121838,60.125732421875,4055300
2022-09-06,60.13520401082399,60.44757183414726,58.88573993924041,59.52940368652344,4359200
2022-09-07,59.4915417612786,62.444823832876686,59.44421428678639,62.3217658996582,4732800
2022-09-08,61.54557657378058,62.94649420891433,61.2142806801807,62.91809844970703,4956800
2022-09-09,62.7098502843043,63.41030545785437,62.58679959299545,63.060081481933594,4376300
2022-09-12,63.410316457856176,64.17703816170356,62.93703448681621,63.400856018066406,3635000
2022-09-13,61.848467904677975,62.48267106410699,60.93030719359445,61.11014938354492,5416900
2022-09-14,61.43199418266611,61.63077172091541,60.30558091087788,60.92084884643555,4648100
2022-09-15,61.2142778928132,62.3028276836823,61.05336378349311,61.413055419921875,4366100
2022-09-16,60.84512365225778,61.76329175022501,60.58955458808473,61.2048225402832,6657200
2022-09-19,60.816724039425594,62.08511606269929,60.7409972023532,62.03779220581055,4047700
2022-09-20,61.47932934593822,61.5266604349569,59.40635547119136,60.315059661865234,4707100
2022-09-21,60.59900880978322,61.52664447323913,59.59565353393555,59.59565353393555,3093300
2022-09-22,59.642974795473165,59.95534253736102,58.6680153784059,58.6964111328125,5146200
2022-09-23,58.346191642783815,58.573368541957585,57.46588702612371,57.99596405029297,4677700
2022-09-26,58.109552057778814,58.69642061236948,56.94527899797686,57.08726501464844,5108300
2022-09-27,57.683613162612744,58.39353621556467,56.613998362647706,57.3333854675293,4400200
2022-09-28,57.797191428614966,59.34008794294626,57.49429127789627,58.98039627075195,6416700
2022-09-29,58.55443896555635,58.65856156435126,57.532148298320266,58.062225341796875,4500700
2022-09-30,57.551084492284495,59.983753430408726,56.585588879397314,58.8005485534668,8322100
2022-10-03,59.66192247441036,60.19199956731721,58.50711695218637,59.53887176513672,5927700
2022-10-04,60.854587472830545,62.04725988103192,60.7220691187758,61.92420196533203,5831300
2022-10-05,61.346790334062426,62.62465709076462,61.2332073133478,62.28389358520508,4066900
2022-10-06,62.52055471347968,63.0695563416852,61.43200467567035,61.611846923828125,5122500
2022-10-07,61.06283400234292,61.384662234470035,60.52328930338041,61.138553619384766,5153100
2022-10-10,61.526652120255285,61.86741569435037,60.23932466738705,60.8924560546875,3169400
2022-10-11,60.49489439957674,61.8295492591647,60.267717490967215,60.92084884643555,4251400
2022-10-12,60.97763721286579,61.18588240075357,60.22038690807513,60.466495513916016,4700900
2022-10-13,59.16023782688438,62.24603785401311,58.92359687557684,61.69702911376953,5318500
2022-10-14,62.321761347615954,62.93702930363949,60.05947790094684,60.15413284301758,4234800
2022-10-17,61.725423556535624,62.85183677169241,61.545574126429294,62.36908721923828,5570900
2022-10-18,63.807866440306086,64.20542148574958,62.757180090413755,63.25885772705078,4674600
2022-10-19,63.11688372614501,63.74161217044507,61.90528303999119,62.567874908447266,3190500
2022-10-20,62.747728825697855,63.258874255554105,61.71597030384629,61.86742401123047,3985200
2022-10-21,61.82008124734135,64.42313177230372,61.78221782764592,63.9971809387207,5865200
2022-10-24,64.30007924615354,65.59687425243828,64.07290595614971,65.48328399658203,5044200
2022-10-25,66.17427192106027,67.5278510830588,65.68205475150812,66.69487762451172,6383500
2022-10-26,66.9788635800459,68.02955008668802,66.64756765941762,67.120849609375,4420100
2022-10-27,67.31015932345629,68.62588256313693,67.25336780055795,68.06741333007812,5216700
2022-10-28,68.01060944917083,69.08969163300132,67.4426725979509,68.6258773803711,6658900
2022-10-31,68.31349732623714,69.10861455263407,68.12418748370374,68.24723815917969,5887400
2022-11-01,68.68268483062073,69.02344846473801,66.71383710447823,67.9254379272461,5222500
2022-11-02,67.83076876447416,68.80572837172741,66.51503837274444,66.53397369384766,4432400
2022-11-03,66.44878368392413,67.90649297391697,66.21214270610146,67.39534759521484,3886500
2022-11-04,67.92544366744765,68.45551726677608,66.32574798441712,67.38590240478516,4970400
2022-11-07,67.66983458384428,68.45548416126891,66.35411166343805,68.26617431640625,5189900
2022-11-08,68.72052425286651,68.7678553272916,66.69487848085075,67.66983795166016,4279400
2022-11-09,68.04527471885417,68.58705858464961,66.46747206685843,66.61004638671875,3797900
2022-11-10,69.34745412874838,70.58308876595048,68.9577586596086,70.3359603881836,5848100
2022-11-11,70.78269009436664,71.2864464892965,69.56606923454382,70.24091339111328,5988600
2022-11-14,69.82270840454156,70.49755266890944,69.32845882065011,69.44251251220703,6371000
2022-11-15,70.76367398698493,72.33197720849472,70.56407281357562,71.40050506591797,9634900
2022-11-16,70.69714461751951,75.46858830044366,70.66863119836631,75.1073989868164,12943900
2022-11-17,73.13989637842336,74.31850426504481,72.06584978582266,74.12840270996094,9709100
2022-11-18,75.05989237599405,76.02938505763235,73.89079122155032,74.29000091552734,6860200
2022-11-21,73.55809617372631,75.1454057342644,73.55809617372631,75.08837890625,5493300
2022-11-22,75.5636204452915,76.4665790468155,74.79372927448406,76.14341735839844,8887400
2022-11-23,76.03886842079586,76.85628683644995,75.9248075075773,76.55213165283203,6499000
2022-11-25,76.98936987960565,77.1509507673561,76.21947850133218,77.01788330078125,2454100
2022-11-28,76.02937013318702,76.91332236864784,75.8867957884419,76.06739044189453,5328900
2022-11-29,76.36203662264737,76.5046109633835,75.48759130185965,76.19095611572266,4771300
2022-11-30,76.0388833197329,76.19096456715621,75.00285701528539,76.08641052246094,10392200
2022-12-01,76.40955767657478,76.40955767657478,74.86976797336564,75.79174041748047,6758800
2022-12-02,75.37352019699048,76.69469476240747,74.94579727371264,76.21945190429688,4776700
2022-12-05,74.90778699949684,75.91530692463265,74.4705643817189,75.52560424804688,4443500
2022-12-06,76.36204476552255,77.13194338694301,74.9743360210856,75.43057250976562,4864100
2022-12-07,75.26898859308959,75.95333967273771,75.00285367358924,75.46858978271484,5222800
2022-12-08,76.03887422795773,76.41907004942395,74.60363844644803,74.78423309326172,6358500
2022-12-09,73.78623695592616,74.52762224170641,72.96881828965347,74.1949462890625,6594700
2022-12-12,74.6796882289652,74.87928942812137,73.94781716539262,74.86028289794922,5570200
2022-12-13,76.69472099865966,76.69472099865966,74.66068145025872,75.240478515625,5808900
2022-12-14,75.44956918207191,75.94382591786848,74.67017102328383,75.36402893066406,4749300
2022-12-15,74.59414051050214,75.55412609836081,73.97632319297564,74.76522827148438,5929500
2022-12-16,74.30900090031862,74.80325046372296,73.60564324221635,73.80524444580078,12375900
2022-12-19,74.13790182554449,74.7842325417812,73.78621942424603,74.22344207763672,3914200
2022-12-20,74.36603215127695,74.50860651989689,73.63416102809065,73.74821472167969,3953200
2022-12-21,74.67968179525619,75.29749912130444,74.41354688597569,74.93630981445312,4109900
2022-12-22,74.28047374605035,74.53710174560547,73.48206182768537,74.53710174560547,3962100
2022-12-23,74.48009084306551,75.56364440917969,74.14742216077317,75.56364440917969,2318300
2022-12-27,75.70620912567321,76.03887776557109,75.01235117534408,75.11690521240234,3351500
2022-12-28,75.05038263751423,75.40206511003053,74.37553836725338,74.79375457763672,3052500
2022-12-29,75.21196646661083,75.93433797133433,75.04087866948247,75.41156768798828,2569600
2022-12-30,75.0123605741938,75.77275234777758,74.73671873756052,75.65869140625,3074100
2023-01-03,75.78225916525093,76.01988068780999,74.66068528870689,75.09790802001953,4264700
2023-01-04,75.90581512451172,76.59966586722109,75.3165111738598,75.90581512451172,4262700
2023-01-05,76.11492338466688,76.93234195448379,75.63968036740742,76.65670013427734,4762600
2023-01-06,77.11292248281526,78.96637443557125,76.86580135708698,78.62419891357422,4673100
2023-01-09,78.38658684483681,79.01390387611949,77.38857357715548,77.47412109375,5960800
2023-01-10,77.46461118777934,78.41509721462326,77.36956403542153,78.35807037353516,3914400
2023-01-11,78.81428945618437,78.91884348580386,77.84479702436856,78.19647216796875,6035000
2023-01-12,78.10142151424932,78.23448895475467,77.03688199020658,77.86380004882812,5268800
2023-01-13,77.77827462904375,78.45311884929069,77.236497874669,77.49312591552734,4649900
2023-01-17,77.52162274513002,78.00637255370701,77.26499475919599,77.51212310791016,5283100
2023-01-18,77.62618850541598,77.93034372996631,75.7252165390683,75.85828399658203,4448800
2023-01-19,75.7822588954226,76.16244752885669,75.40206301035515,75.47810363769531,5280800
2023-01-20,75.23096510883693,75.60165405273438,74.63215431359306,75.60165405273438,10633100
2023-01-23,75.71572048680771,76.01987572576483,75.0218624955068,75.2499771118164,6463900
2023-01-24,75.45907408789697,77.29351214228133,75.13591236667584,77.27450561523438,7853700
2023-01-25,76.84679286553923,78.55767059326172,76.40957016881744,78.55767059326172,5111900
2023-01-26,78.70025186909835,78.94737303357198,77.75926541025608,78.37708282470703,5161200
2023-01-27,78.60519566205036,78.88083749455814,77.66421647633989,77.8353042602539,3920800
2023-01-30,77.84481007851548,78.12995154668646,77.19847926504151,77.47412109375,4289000
2023-01-31,77.47411692936164,77.93985304514987,77.27451573688099,77.8067855834961,4795500
2023-02-01,77.93034863381477,78.67172658708114,77.01788290274592,78.33905792236328,5355400
2023-02-02,78.24400705252705,78.45311513231417,76.28600821748901,76.4095687866211,9315300
2023-02-03,76.23848610198695,77.06541158585502,75.8582902271637,76.53313446044922,9091000
2023-02-06,76.52362541023402,77.77826656671331,76.07689585612742,76.18144989013672,4855100
2023-02-07,75.35453148535021,75.96284196593086,74.33751172078883,75.90581512451172,5448400
2023-02-08,75.76747824820022,77.28435804904787,75.2141506590347,76.61654663085938,6417800
2023-02-09,76.98861473321973,77.92354786503401,76.98861473321973,77.04586029052734,4560900
2023-02-10,76.37802383004806,76.70239095354955,76.12044438129695,76.55928802490234,3547300
2023-02-13,76.68333464140893,77.26528142585055,76.54023893910357,76.85505676269531,5669600
2023-02-14,76.72149211164401,77.39883842349307,76.4448283033925,77.00769805908203,3736300
2023-02-15,76.6642541593229,77.1603362213345,76.37804821066875,76.94091796875,3389300
2023-02-16,76.01552074432793,76.6642478666455,75.77701823286587,75.95828247070312,4739800
2023-02-17,75.96781636783638,76.43528652491115,75.75794027436565,76.15862274169922,4926200
2023-02-21,75.45264020284111,75.96780642708039,74.98517738545506,75.19506072998047,7122600
2023-02-22,74.60357118320304,74.96609960303957,73.28704014297637,73.8976058959961,10844400
2023-02-23,74.27921994263306,74.39370376407169,72.69555983273312,74.17427825927734,6463800
2023-02-24,73.63050302661321,74.12658509774222,72.97223369972224,73.64004516601562,6312100
2023-02-27,74.4318593786653,74.4318593786653,72.96269033676028,73.36337280273438,5270000
2023-02-28,73.45876914756455,73.7258907799018,72.91498374501553,73.07716369628906,5626300
2023-03-01,72.60970305773512,73.37291398360018,72.25671673078175,73.32521057128906,5512900
2023-03-02,73.64956887874928,73.93577478934128,72.57154020208753,73.1821060180664,4878500
2023-03-03,73.52557004499906,74.34601944639424,73.26799047875667,74.32694244384766,3864100
2023-03-06,74.08842842395718,75.1664572249006,73.93578331310529,74.65129089355469,5819900
2023-03-07,74.96610411055917,75.02334237880952,73.30612154611576,73.43968963623047,5224700
2023-03-08,73.87853780566216,74.20289771669968,73.03900433517678,73.6304931640625,3811600
2023-03-09,73.2107352279375,73.4587798993494,71.09283157796455,71.52214050292969,7948600
2023-03-10,71.57938850032865,72.33305747764643,70.77802337721849,70.88296508789062,4880200
2023-03-13,70.10065967697753,71.09282369558,69.56640911482368,70.15789794921875,5484600
2023-03-14,71.1691398894394,71.56982231638807,70.58719324522045,71.32178497314453,4303800
2023-03-15,70.29146161640851,71.07374957563039,69.87169486025853,70.7493896484375,6420700
2023-03-16,70.37732872858491,71.46490704474337,70.18652960141053,71.16915893554688,5314400
2023-03-17,70.63491307136705,71.33133641171817,70.20560413254962,71.05467987060547,7790200
2023-03-20,71.15961226107065,72.2662675080182,71.13099312167023,71.93236541748047,4368400
2023-03-21,72.71465236155677,73.58279778414281,72.50476897102489,72.84821319580078,4539400
2023-03-22,73.28704572153322,73.3729104038002,71.65568954364493,71.67476654052734,3820700
2023-03-23,71.77970050864631,72.34257011620959,70.7398332450803,71.19775390625,5003700
2023-03-24,71.01651031247654,71.51259233495963,70.26284150102569,71.4267349243164,4643500
2023-03-27,71.88464228202382,72.23762855435335,71.3313148103238,71.91326141357422,3873900
2023-03-28,72.36166442526495,72.7241929204952,71.93236279288318,72.70510864257812,3209800
2023-03-29,72.87683486259832,73.2966016582222,72.61925532434172,73.02947998046875,3766400
2023-03-30,73.73542304348331,74.2792083732112,73.0771539101483,73.3729019165039,3034000
2023-03-31,73.85946891571878,74.80394426676666,73.601889360855,74.75624084472656,5104800
2023-04-03,74.49865391089591,75.25232285128752,74.41279648556385,75.23324584960938,4464500
2023-04-04,75.55758921906215,75.73885344850113,74.94702340028935,75.02334594726562,3102800
2023-04-05,75.0806012107134,75.13784677316094,74.27923612165117,74.45095825195312,3893900
2023-04-06,74.30785749143561,74.58452133624564,73.8213102279062,74.46050262451172,3085900
2023-04-10,73.87854972272636,74.97565559286804,73.87854972272636,74.77531433105469,3899100
2023-04-11,75.10921508917292,75.28093719080006,74.36508112977589,74.73714447021484,4367200
2023-04-12,74.65128779111811,74.8993324466842,72.94360889665937,73.17256927490234,4828400
2023-04-13,73.46832492701999,73.86900744992451,73.01993898440399,73.64958190917969,5033000
2023-04-14,73.6686643057031,74.50819061012135,73.07717539758949,73.64004516601562,3927000
2023-04-17,73.8880653683801,74.05978744506454,73.43014468290028,74.04071044921875,4362200
2023-04-18,74.11704222028162,74.46048641642355,73.868997572286,74.18382263183594,3087100
2023-04-19,74.04071966320991,74.45094427086659,73.90715884011416,74.42232513427734,2476900
2023-04-20,74.40323830878508,75.56713168033691,74.17427794539546,75.4335708618164,4634400
2023-04-21,75.77701569010517,76.04413732941615,74.75622526644179,74.82300567626953,4009600
2023-04-24,75.17598274407926,75.26184014106252,74.54633271879723,74.91839599609375,4041900
2023-04-25,74.70851763180971,74.85162058150063,73.22980656105264,73.30612182617188,4275800
2023-04-26,72.92451900165776,74.31737258064136,72.7241777963092,73.8976058959961,5043300
2023-04-27,74.26968032297535,75.3572511887053,74.26968032297535,75.30955505371094,5084000
2023-04-28,75.26184113246418,75.40494407450588,74.54633370077374,75.19506072998047,3448000
2023-05-01,75.40495172315191,75.49080912997502,74.38416130820447,74.71806335449219,3607500
2023-05-02,74.25060617355129,74.69899207511234,73.04855143637984,74.6417465209961,3652300
2023-05-03,74.86118584277024,75.16646883310038,74.20291643797188,74.2601547241211,4199200
2023-05-04,74.17428563395993,74.22198905059855,73.1344181136169,73.52555847167969,2657900
2023-05-05,74.06933657592162,75.03288872377016,73.84037621156313,74.88978576660156,3987900
2023-05-08,75.26186509286235,75.26186509286235,74.4414157277106,74.75624084472656,3066600
2023-05-09,74.69898285966066,75.16644570257773,74.21243574155278,74.97563934326172,3278100
2023-05-10,75.58209787727901,75.6491624460015,73.89589360862685,74.71025848388672,3830500
2023-05-11,74.89229161188246,75.06474441553121,74.19290496504993,74.78690338134766,3981500
2023-05-12,74.99768892522056,75.93660037201552,74.7294306002766,75.67791748046875,6158400
2023-05-15,75.58211156474104,75.98449904994587,75.16055859386486,75.92701721191406,6987400
2023-05-16,75.51504106943314,76.10904681737249,74.93061806357892,74.94020080566406,8043500
2023-05-17,75.41923550104144,77.91021484785726,74.11626033941646,75.63958740234375,11852400
2023-05-18,75.40965798005723,76.39646850692937,74.81565219158975,75.94617462158203,5139300
2023-05-19,75.71622994797013,76.30065291640223,75.074325149689,76.02281188964844,6441200
2023-05-22,75.9461704873256,76.39646434816044,75.1030719094691,75.14139556884766,5500900
2023-05-23,74.72943177106814,75.01685558629183,74.08752686782533,74.24081420898438,5433600
2023-05-24,74.556953898777,74.7294066680829,73.52223728294162,73.59888458251953,4693000
2023-05-25,73.77134964527436,74.42283718127456,72.59292097372618,72.75579833984375,7042200
2023-05-26,72.75580330061811,73.95339022716507,72.61209140753436,73.77135467529297,4419300
2023-05-30,73.73303861650622,73.94381510682267,73.25400379651111,73.54142761230469,4517400
2023-05-31,73.05280906573549,73.82884312464252,72.47796875137875,73.5701675415039,7077200
2023-06-01,73.23483381203549,73.88632135456736,73.09112192730977,73.43602752685547,5223600
2023-06-02,74.10669615699985,75.19889512344335,73.96298422783784,74.83483123779297,4910200
2023-06-05,74.64318182567226,75.58208563571861,74.64318182567226,75.5533447265625,4988400
2023-06-06,75.53420033156993,76.05155876925761,75.28510750969451,75.37133026123047,5110600
2023-06-07,75.36177254155622,75.60128998699545,74.02047338519804,74.83483123779297,5521300
2023-06-08,74.84439444673262,75.06474634570577,74.19290687280647,74.4994888305664,4746800
2023-06-09,75.00726788594903,76.31982583480178,74.80607415238605,76.03240203857422,4629800
2023-06-12,76.32938035150808,76.87547956710263,76.01321572419312,76.67428588867188,4553400
2023-06-13,77.3162205041978,78.41800210168712,77.19167407680884,77.63238525390625,5186300
2023-06-14,77.46950480685082,77.65154036134908,76.29107603795205,76.54975891113281,4902500
2023-06-15,76.60723732803586,78.16888800170234,76.51143183870185,78.06350708007812,5003400
2023-06-16,78.56170688122359,78.72457695828489,77.54615544838146,77.85273742675781,8394200
2023-06-20,77.53656925142043,78.09225134668722,76.95214623906925,77.01921081542969,6513600
2023-06-21,77.26831135719515,77.7665043114539,76.79885932017372,77.47908782958984,4920500
2023-06-22,78.3413408062997,78.38924720571187,77.54614866628603,78.06350708007812,3763900
2023-06-23,77.76650507071139,78.83954561815598,77.6611168334851,78.61918640136719,4912100
2023-06-26,78.6000237242436,78.82995836070803,78.22637719893005,78.29344177246094,3650300
2023-06-27,78.86827136786691,79.78801709901096,78.86827136786691,79.3281478881836,4318600
2023-06-28,79.30898678663469,79.84550333205613,78.84911755041337,79.19402313232422,3972600
2023-06-29,79.84551521329941,80.3149745698898,79.60599781852542,80.22874450683594,4138700
2023-06-30,80.47785005661984,81.65627893433938,80.37246181107211,81.23472595214844,4579900
2023-07-03,80.87065631358531,81.34010835855763,80.70777893066406,80.70777893066406,2181800
2023-07-05,80.50657846920315,81.1963896748977,80.36286658310176,81.14848327636719,4912900
2023-07-06,80.85149315445588,81.1772406201777,79.85509989091118,79.94132995605469,4677100
2023-07-07,79.51977701502281,79.75929441567047,79.07906587497003,79.23235321044922,4533100
2023-07-10,78.80123569351579,80.1521175282465,78.80123569351579,80.06588745117188,3807000
2023-07-11,80.4395202590485,81.27304341676917,80.09461462892209,81.18681335449219,3722600
2023-07-12,82.53767894712055,82.80593720529654,81.57960956249812,81.6754150390625,6298800
2023-07-13,81.76166288086328,82.09699311603912,81.1964052789229,81.3784408569336,6468300
2023-07-14,81.11016775077188,81.37842604248449,80.46825562761357,81.35926055908203,3865200
2023-07-17,81.59877996766502,82.25985028120166,81.22513343640269,81.5317153930664,3126500
2023-07-18,81.55087922336718,82.07781306753172,81.01435532796675,81.58920288085938,4254000
2023-07-19,81.39757855360622,82.14487154552832,81.27303215811578,82.00115966796875,3002300
2023-07-20,82.24068986167649,82.58559549784866,81.7808205531075,81.84788513183594,2904100
2023-07-21,82.17362829441724,82.49937576695811,81.78082355018132,81.9916000366211,3575500
2023-07-24,81.91494387782255,83.04546620266801,81.83829656202175,82.95923614501953,2827400
2023-07-25,82.78679965756461,83.79276837633074,82.22153477888457,83.62031555175781,4648600
2023-07-26,83.55325418551683,83.95564168850659,83.01673751486383,83.75444793701172,3505400
2023-07-27,83.83108736129195,83.92689285637813,82.75804681165074,82.82511138916016,3708200
2023-07-28,83.1029476451055,83.76401794917949,82.79636569283024,83.20833587646484,3105500
2023-07-31,83.22750373178462,83.35205014080832,82.45146243243389,82.9017562866211,3202500
2023-08-01,82.90174616935829,83.58197458391724,82.6047469866678,82.74845886230469,3963500
2023-08-02,82.70056081968507,83.23707741279314,81.96285050416145,82.02033233642578,3552500
2023-08-03,82.03948520931323,83.03587832462041,81.93409698397853,82.41313171386719,3361300
2023-08-04,82.93050808667135,82.98799723718035,81.69459733835441,81.86705017089844,2470700
2023-08-07,82.39398815388193,82.96882846980148,82.28859990985605,82.67182922363281,2694800
2023-08-08,82.67183542308607,82.97841743519942,81.77124756460044,82.94967651367188,3020000
2023-08-09,83.67387683669132,83.90469926995708,82.87560705524422,82.92369842529297,6829500
2023-08-10,83.43342512209244,84.45289747868648,82.85636543605266,82.90444946289062,4797800
2023-08-11,82.63515986859268,83.38533823449261,82.38510530510098,82.60630798339844,4656100
2023-08-14,83.01987290154584,83.87584644733232,82.81790235747728,82.91407775878906,6871700
2023-08-15,82.74096004876839,83.30840739711711,82.17352003813251,82.49089813232422,6082000
2023-08-16,85.35698066980807,86.74193008451894,84.48176754309117,85.89556884765625,15063200
2023-08-17,85.65511707239173,86.40529547558606,84.61641246519878,84.91455841064453,8543100
2023-08-18,85.11652575325573,86.20332168909368,84.94340710228298,86.09752655029297,7777700
2023-08-21,86.06866808633927,86.44375724515929,85.17422301429649,86.1937026977539,5617200
2023-08-22,85.59740523516902,85.87631900915738,85.04919742773316,85.6935806274414,4343500
2023-08-23,85.616645593207,86.74192053766816,85.20308476281492,86.56880187988281,4478900
2023-08-24,86.55919135154413,86.84772492446804,84.88571570664074,84.93379974365234,4747400
2023-08-25,85.41467377674581,85.77053082848094,84.45290510064162,85.4242935180664,4277800
2023-08-28,85.35697103399087,86.94389083624986,85.19347211813175,86.82847595214844,5083700
2023-08-29,86.55917917545176,87.73253811164189,86.5303272897606,87.49209594726562,4700000
2023-08-30,87.7132980954546,88.80010136795583,87.4343916436629,88.61736297607422,5520800
2023-08-31,88.47310213047825,89.31946329669645,88.37692672642063,88.94437408447266,6427600
2023-09-01,88.96359669458786,89.25213021354708,88.52118401317267,89.0982437133789,4450700
2023-09-05,88.96360232652391,88.96360232652391,88.04992502149874,88.11724853515625,4171000
2023-09-06,87.9922253587216,88.08840077107098,87.03045655980061,87.2901382446289,6003400
2023-09-07,87.41515486742877,88.22304437543387,87.31897946682912,87.95374298095703,4940900
2023-09-08,88.14610111986906,88.61736571920628,87.886419466766,87.95374298095703,4720600
2023-09-11,88.30959591675355,88.51156644990868,87.75176834648943,88.07877349853516,4042200
2023-09-12,87.96336338283771,88.79048504208842,87.92489175476643,88.65583801269531,3678300
2023-09-13,89.02130876160155,89.44448933879947,88.66545903778773,89.36754608154297,5481900
2023-09-14,89.05976828271824,90.19465549097086,88.88664964628269,90.01191711425781,5182500
2023-09-15,89.66568949030233,89.82918839067469,88.80009628581324,88.90589141845703,7606900
2023-09-18,88.83856382277973,89.4156234866515,88.28073630136193,88.42500305175781,4274100
2023-09-19,88.2999729067036,88.58850642207851,87.01120650350975,87.52094268798828,6972400
2023-09-20,87.66519606758723,88.05951731819825,87.10736860310242,87.19393157958984,5076200
2023-09-21,86.92464150452956,87.13623176588527,85.54931214342946,85.76090240478516,4975600
2023-09-22,85.70320562912585,86.46300374883064,85.53970671845474,85.75129699707031,4352200
2023-09-25,85.4916156551389,85.79938133302751,84.69334590577661,84.88570404052734,4273300
2023-09-26,85.02035636505025,85.38582583728638,84.4625287460743,84.5106201171875,3867300
2023-09-27,84.7318200778813,85.46276633646497,84.12590844506951,84.74143981933594,4913600
2023-09-28,85.20307906749748,86.21293906002771,85.20307906749748,86.15523529052734,6608600
2023-09-29,86.4149191023718,86.63612913932484,85.405066336403,85.48200225830078,5420900
2023-10-02,85.16461505376039,86.18408745268054,84.97225692528617,85.28964233398438,4685600
2023-10-03,85.43390762378695,85.92440433309163,83.95278307976253,84.49137115478516,5094600
2023-10-04,84.53947100971565,84.9915034770924,83.6931098494484,84.67411804199219,4349200
2023-10-05,84.80875499184468,85.0876687648913,84.12590016999069,84.47213745117188,3649500
2023-10-06,84.40481437627311,85.65510915343422,83.3949544113592,85.17422485351562,3947300
2023-10-09,84.51061455411377,85.33773618636558,84.00087100209286,85.31849670410156,3487100
2023-10-10,85.49161802364488,86.2129445390909,85.05882504946237,85.26079559326172,5786000
2023-10-11,85.78976111018153,86.14561815418796,85.20308164348278,85.83785247802734,3916100
2023-10-12,85.96288237987615,86.13600103659637,84.85685426286051,85.52046966552734,2808300
2023-10-13,85.53009295965387,85.7513029948732,84.85685778761774,85.21270751953125,2846000
2023-10-16,85.59740847300068,86.85732303616453,85.49161333618561,86.25141143798828,6125100
2023-10-17,86.14561093710165,87.48246866883593,85.92440093634094,87.1458511352539,4373500
2023-10-18,86.87656633187925,87.69406823957422,86.80924281801525,86.99197387695312,3701100
2023-10-19,87.06892612615223,87.46325484645503,85.67436433589496,86.39569091796875,4276200
2023-10-20,86.52070220886561,86.55917383331699,85.47237795898614,85.6935806274414,4166200
2023-10-23,85.49161390874595,85.78975983937846,84.54908474971496,84.9530258178711,3395000
2023-10-24,85.41466675444464,86.63611698179548,85.41466675444464,86.0398178100586,4186400
2023-10-25,85.94364506528217,86.20331936588674,85.01072832338879,85.54931640625,3951300
2023-10-26,85.4338991018341,86.15522548937872,84.50098246657592,84.56830596923828,4031600
2023-10-27,84.54908777952637,85.08767588970149,83.59693150769334,83.85661315917969,3553200
2023-10-30,84.08742736199973,85.15499107432866,83.72195794265842,84.89530944824219,3453300
2023-10-31,85.00111837264502,85.06844189075673,83.97202611710154,84.70297241210938,6610000
2023-11-01,85.16460836125995,85.30886777413885,83.8854544238476,84.6933364868164,5079600
2023-11-02,84.93379059294308,86.82847608465114,84.72220030729062,86.48223876953125,8158100
2023-11-03,87.21317702918736,88.02105913189774,87.14585352062815,87.52094268798828,3978400
2023-11-06,87.51134077012678,87.92490164627753,87.21319479117399,87.37669372558594,4686800
2023-11-07,87.56904505813641,87.92489478907892,87.15548421423897,87.29974365234375,4438400
2023-11-08,87.38951751922889,88.00731536113904,87.18680329279567,87.28333282470703,8107400
2023-11-09,87.47638407780688,88.46099691606148,86.93580553636698,87.90111541748047,7382800
2023-11-10,88.26795749654201,88.3451767069924,86.61727811686812,88.0362777709961,6767300
2023-11-13,87.93008696039776,88.46101042196157,87.41847382365319,87.97835540771484,5520700
2023-11-14,88.84712653041036,90.01515065786,88.72163889125191,89.29116821289062,7076000
2023-11-15,86.68484988324484,87.7563446828962,85.4492467694782,86.32768249511719,11607300
2023-11-16,85.68092131564414,86.57865994851383,84.23295625390146,85.30445098876953,9584200
2023-11-17,86.03808135980734,87.02270172652658,85.70987948072168,85.75814056396484,9344700
2023-11-20,85.58438305117748,86.6848357966298,85.28513196093667,86.43385314941406,7061600
2023-11-21,86.66553280773915,86.877902191453,85.37202091018175,85.98016357421875,6659800
2023-11-22,86.55934998581733,87.26402955929724,86.12496341136846,86.82963562011719,4982200
2023-11-24,87.2254159447064,87.45708829255652,86.44351716775527,86.84894561767578,2066400
2023-11-27,86.59795679920829,86.79102321265813,85.92224276396038,86.00911712646484,6165500
2023-11-28,85.82571993470884,86.37594636768448,85.67126679190035,86.04773712158203,3865000
2023-11-29,86.33731944414154,86.49176519782257,84.80247288003413,85.0438003540039,5014600
2023-11-30,85.30444946521921,85.58439025592406,84.74456788380947,85.053466796875,11206300
2023-12-01,85.24653799309141,86.28907473489718,84.87006761933912,85.95121765136719,4964500
2023-12-04,85.46854706675755,86.56899986190945,85.23687473218104,85.49750518798828,5884400
2023-12-05,85.17893792367117,85.33339103260501,84.40669447319074,84.947265625,3840200
2023-12-06,84.91831704201883,85.95119838860408,84.91831704201883,85.48784637451172,5102500
2023-12-07,85.69057188317721,86.19253724505552,85.42994140412102,85.80641174316406,4210200
2023-12-08,85.94154115947701,86.20217896261188,85.3623566793432,86.03807067871094,5124900
2023-12-11,86.54970551630146,87.72737763036314,86.54970551630146,87.6211929321289,4891000
2023-12-12,87.53431672107685,88.22934114410822,87.2640310820605,88.00731658935547,4237200
2023-12-13,88.3644669299312,88.70232391357422,87.71771108056743,88.70232391357422,5567000
2023-12-14,88.93401181324897,89.10776791597476,86.74276125111989,86.82963562011719,7156000
2023-12-15,86.3083752578983,86.99374451084019,85.50716614744874,86.19253540039062,9827600
2023-12-18,86.62690552307544,87.17713185344238,86.2697455852152,86.70413208007812,4367300
2023-12-19,86.41455470764565,88.21003203703324,86.41455470764565,88.1135025024414,4429400
2023-12-20,87.76598877289605,88.0362744109856,86.91651857251014,86.93582153320312,4783100
2023-12-21,87.2640298785405,88.31621429659006,87.13853485877705,88.21002960205078,5376200
2023-12-22,88.3934411704273,88.7795666641883,88.13281069685908,88.66372680664062,3463200
2023-12-26,88.73128369786401,89.64833251609421,88.6444093424657,89.57110595703125,3275600
2023-12-27,89.55180358886719,89.91862609463236,89.1656854887175,89.55180358886719,3525300
2023-12-28,89.75454071661055,90.4302548736785,89.47459989018755,90.0055160522461,3249100
2023-12-29,90.3433633393512,91.01908478791631,90.14064911420104,90.55573272705078,5342500
2024-01-02,89.86070190748163,90.96116205293936,89.60972661695132,90.04411315917969,5273500
2024-01-03,89.83175852590611,90.01516980769765,88.48033023291114,88.51893615722656,5337800
2024-01-04,88.63476566768645,89.85105835399395,88.14245549577349,89.56146240234375,5328000
2024-01-05,89.43596576611479,89.98619212718782,88.38377412124132,88.52857208251953,4533700
2024-01-08,88.41274021615337,89.72556241797149,88.41274021615337,89.6000747680664,4716100
2024-01-09,89.29118495937192,89.97655425204903,89.00158898117859,89.85106658935547,3609400
2024-01-10,89.85105659333414,91.18318174241352,89.85105659333414,90.87428283691406,4653800
2024-01-11,91.06734225424032,92.032652258367,90.65226602260746,91.9457778930664,4287900
2024-01-12,92.33190090479188,92.33190090479188,91.51138889611678,91.73340606689452,2958900
2024-01-16,91.78167758424946,92.59253445816096,91.78167758424946,92.54427337646484,5972000
2024-01-17,92.1195237625552,92.27396951641096,91.0383740266446,91.1156005859375,5530800
2024-01-18,91.03838835798676,91.68515168796638,90.79706084575396,91.46312713623048,4390100
2024-01-19,91.85891661717416,92.38017761271632,90.99978381552714,92.18711853027344,4138600
2024-01-22,92.20640345895004,92.33189846625238,91.49207615594078,91.8299331665039,3974100
2024-01-23,91.84924134252884,92.34155146911456,91.68514042191036,91.76235961914062,3387500
2024-01-24,91.9264743211783,92.3222475905741,91.59826509230123,91.65618133544922,3438900
2024-01-25,92.05195649158256,92.58287990461316,91.74305760529124,92.1967544555664,4326700
2024-01-26,92.37051642419216,93.1041467229161,92.22571845098344,93.0365753173828,4163600
2024-01-29,93.0365862679768,93.49028320055736,92.3126036814499,93.0655517578125,3636500
2024-01-30,92.82421816486452,93.49027709293875,92.30294985285126,93.46131896972656,4112800
2024-01-31,93.63507098527948,93.63507098527948,91.37624909658172,91.6175765991211,4967000
2024-02-01,91.66583602294588,93.7122958587712,91.42450852477108,93.69298553466795,4608900
2024-02-02,93.57716154925797,94.64865632766409,92.91109523707809,94.12738800048828,3973400
2024-02-05,93.1524203415048,93.38409269266462,91.8589084024036,93.2972183227539,5466200
2024-02-06,93.15242096563937,93.8571005512498,92.70837922096987,93.73160552978516,4410700
2024-02-07,94.1563461192059,94.88032867945378,94.02120329713814,94.43628692626952,4641900
2024-02-08,95.08302640456176,96.00006787576952,94.72585908554632,94.94788360595705,6246100
2024-02-09,94.83205354013008,95.633262617823,94.61003636156468,95.3243637084961,3488200
2024-02-12,95.23748623163848,95.43054528188765,94.38800873518856,94.67760467529295,4062500
2024-02-13,93.8088193809731,94.638986510739,93.77020609996885,94.56175994873048,4190200
2024-02-14,94.83588901858492,95.13615347536388,93.6154476102983,94.1191177368164,4765700
2024-02-15,94.3612821271513,95.24271421410464,94.1578764278204,94.86495971679688,4802900
2024-02-16,94.91336653572776,95.39766783486486,93.99319702330786,94.96179962158205,4470000
2024-02-20,94.7293338558501,95.32018201195582,94.21596828869262,94.30314636230467,5591600
2024-02-21,94.66154262665658,95.3298734469357,94.06100630814376,95.08772277832033,5690400
2024-02-22,95.66888595912638,96.0175835242524,95.26207459643012,95.99821472167967,5463200
2024-02-23,96.05632181088464,96.51156623299762,95.65919857213504,96.25972747802734,4581400
2024-02-26,96.40500961664202,96.55998957015892,95.33954830069158,96.11443328857422,4688600
2024-02-27,96.02726835036692,97.5770311482336,95.91103336933244,97.36393737792967,5436200
2024-02-28,97.7126340757998,99.61109441029878,96.8312094943565,97.92572784423828,7555500
2024-02-29,96.89902672837444,97.01526172679624,95.47517940458312,96.02728271484376,10568000
2024-03-01,96.25974053165191,96.43408932568192,94.83590066856831,95.41706085205078,7110400
2024-03-04,95.0780535131967,95.54297871456647,94.7002916260361,94.86495971679688,5319400
2024-03-05,94.63247882132976,95.30081703486763,94.23535556549926,94.33221435546876,5982700
2024-03-06,94.19660943460092,94.60342078147384,93.19894986923802,93.37329864501952,6421400
2024-03-07,93.90601180091456,94.47749113313202,92.6177760595259,92.75337982177734,6760100
2024-03-08,92.8115111835777,93.60576510853171,92.76307809223754,92.89868927001952,5372600
2024-03-11,93.30549729114696,93.78979862778964,92.5596690944001,93.44110107421876,4185200
2024-03-12,93.44109715877708,94.39032360050447,93.23769149269263,94.16754913330078,4130900
2024-03-13,94.27410245185396,95.01992327842734,94.10944176661532,94.9811782836914,3919000
2024-03-14,95.40737135055912,95.55266324175383,94.61311738719424,95.53328704833984,5858300
2024-03-15,95.23300333632612,95.53326776496164,94.1578539042976,94.4871826171875,7609900
2024-03-18,94.4871873335542,94.4871873335542,93.1408303000895,93.19894409179688,4780400
2024-03-19,93.42173118329788,95.37831285361382,93.25707049129824,95.3298797607422,5573300
2024-03-20,95.38799361818944,95.77542877197266,94.66154162006808,95.77542877197266,5825800
2024-03-21,95.69793558080214,96.47281319243694,95.44609684684156,96.06600189208984,4962000
2024-03-22,95.7269971005987,96.50187474967508,95.38798766726208,96.3565902709961,5138400
2024-03-25,96.40502425891124,96.46313805538112,95.05866711511108,95.097412109375,6915400
2024-03-26,95.16520008912484,96.26940639973424,95.12645510052528,96.18223571777344,5256900
2024-03-27,96.9377541696758,98.4197150293264,96.9377541696758,97.90635681152344,5461600
2024-03-28,98.04196966549895,98.83622360974049,97.72232899053712,98.23568725585938,4778100
2024-04-01,97.87731418810904,97.98386108543816,96.2403731199186,96.56969451904295,3731300
2024-04-02,96.25005740222991,96.39534190205453,95.49454105387964,96.34691619873048,4350100
2024-04-03,96.28879055337876,96.57936690713382,94.09974655046996,94.22566223144533,5036200
2024-04-04,94.78745797653768,95.16521242704466,92.57904506900394,92.74370574951172,5660700
2024-04-05,93.14084563181942,94.22567600146984,92.9180637438504,93.77043151855467,5866100
2024-04-08,93.44109598261464,93.92539729286776,93.19894532748808,93.20863342285156,5390200
2024-04-09,93.93509533974276,94.23535981915732,93.27644519242686,94.05132293701172,7992300
2024-04-10,93.5766901661132,94.05130333235206,93.09238890550392,93.25704956054688,3910700
2024-04-11,93.16020279529124,93.4798434420611,91.862271406825,92.85025024414062,4845100
2024-04-12,91.93976091525342,92.34657225093156,90.97115827419972,91.45545959472656,3951600
2024-04-15,92.33689129709651,92.43375008297129,90.03161228807811,90.06067657470703,5194900
2024-04-16,90.08972663885692,90.94209423570152,90.07035044924052,90.44810485839844,4063500
2024-04-17,91.30048114894504,91.30048114894504,89.89600297574202,90.2059555053711,4768400
2024-04-18,90.70963934357772,90.75806504200284,89.61511362327566,89.75072479248047,3290800
2024-04-19,90.09941272060593,90.45779835138563,89.45045073689946,90.42874145507812,6043900
2024-04-22,91.17457774404656,91.6395103336686,90.39001185077802,91.12615203857422,4114500
2024-04-23,91.50389445756151,91.697612033589,90.55466059938249,91.53295135498048,5843600
2024-04-24,91.1261470811826,92.49187309479164,90.88399639743574,92.28846740722656,6897000
2024-04-25,94.29346277283216,94.41938584186052,91.50388991142924,93.39266204833984,6248700
2024-04-26,93.6057565011163,94.80682167941708,93.26674706246506,93.33454895019533,3748400
2024-04-29,93.05365473837068,93.26674850019394,91.64918387522891,91.8913345336914,4631000
2024-04-30,91.63951133364212,91.93009512905834,91.09709613137493,91.13583374023438,5117000
2024-05-01,90.62245934372932,91.45545819346056,90.4577986708375,90.87429809570312,5363900
2024-05-02,92.5015639414137,92.5790539360811,91.35861238455396,91.93009185791016,6314400
2024-05-03,92.27877477231156,92.501556641937,91.54264205061892,92.1238021850586,5893900
2024-05-06,92.42405774088203,94.59373287201684,92.385312750342,94.39031982421876,6229600
2024-05-07,94.53561325629818,95.18457523142196,94.41938567260524,94.84556579589844,4749300
2024-05-08,94.72934497217057,95.46547768759508,94.40970431450224,95.40736389160156,5814400
2024-05-09,95.60106846833354,96.1725478139975,95.45578399811056,95.80448150634766,6000600
2024-05-10,96.15316734917496,96.4534391506028,95.46546045791229,95.70761108398438,2906000
2024-05-13,95.95946580208071,96.48251212837788,95.47516446919651,95.6495132446289,4146600
2024-05-14,95.9110284723102,96.19192411974596,95.00054703184256,95.93040466308594,5709600
2024-05-15,95.76998410517037,96.59642410878456,95.4782959072176,95.75054168701172,4246800
2024-05-16,96.08110255341516,96.70336370683384,96.00331805475332,96.17832946777344,3592000
2024-05-17,96.46029224473892,97.59786271489062,95.9741502573642,97.51036071777344,6467500
2024-05-20,96.7908727532518,97.1214457443971,95.01159129732116,95.07965087890624,7054100
2024-05-21,95.67276032739952,96.00333337254985,94.82687045984672,94.99215698242188,7664700
2024-05-22,99.2702094889328,102.0703925674704,97.9965196356998,98.31737518310548,14857300
2024-05-23,96.89783015215724,98.19096227658258,96.47002280450285,97.38397216796876,7430400
2024-05-24,98.09373463012172,99.72717208786192,97.90899829174197,99.30908966064452,5625200
2024-05-28,99.17297346742974,100.12581510385294,98.52154493182152,98.60904693603516,5090300
2024-05-29,98.26874650155418,99.16324602781282,98.21041183356206,98.62849426269533,5367100
2024-05-30,99.16324061927337,101.40922164767012,98.97851170806092,100.50499725341795,9088700
2024-05-31,100.58277532831438,101.38004789967133,100.0480235870761,100.2424774169922,26987100
2024-06-03,100.8258444570938,102.74124505983475,100.8258444570938,102.5176239013672,7160100
2024-06-04,102.1578920886828,103.01349944296204,101.3606194078042,102.93572235107422,5068200
2024-06-05,103.12044320582928,104.83166519818342,102.60513385001444,104.80249786376952,5377000
2024-06-06,104.81222125733052,104.95805792727964,103.55797397019926,103.9663314819336,9229900
2024-06-07,104.42330409956668,105.57059952744672,104.15106576378808,104.46219635009766,8043300
2024-06-10,104.28720060272714,104.53998914225716,103.42186829771109,104.34553527832033,4502700
2024-06-11,104.32607101470424,104.42329792631476,103.85937145386086,104.11216735839844,4010400
2024-06-12,104.16078708838512,104.67610386339256,103.237120212651,104.12189483642578,4297700
2024-06-13,104.17050732648376,105.4539219117365,103.92743632611062,105.25946807861328,5636600
2024-06-14,104.94835162871787,105.80395899480207,104.85111728112302,105.49282836914062,3698700
2024-06-17,105.10390108111268,107.51516871466752,105.10390108111268,107.16514587402344,5444900
2024-06-18,107.14569844063674,107.64156537898424,106.68873117205293,107.20404052734376,4869000
2024-06-20,107.01930355108108,108.25410101296904,106.68873053943528,107.32070922851562,7622200
2024-06-21,107.11652042682697,108.03046970875172,106.85400702560273,107.93324279785156,9206200
2024-06-24,108.03046448190749,108.47771418475918,107.70960901531686,107.97212982177734,4657500
2024-06-25,108.0402010140374,108.2832720146304,106.90262309362905,107.60266876220705,3931100
2024-06-26,107.2137669745526,108.69164299549288,107.07764779077378,107.47628784179688,5966800
2024-06-27,107.44710781055916,107.758238396429,106.78595438834344,107.48600006103516,3377500
2024-06-28,107.2818156321608,107.68045564255404,106.74706386980056,107.04846954345705,12781400
2024-07-01,107.5929517371658,108.17632065757176,106.52343339549354,107.51516723632812,4546500
2024-07-02,107.30126755481884,107.82630182807358,106.8442928678413,107.14569854736328,4955600
2024-07-03,107.25264457763278,108.040199653837,107.1554176622073,107.33042907714844,2277500
2024-07-05,107.34987884351774,108.6235684960488,107.34987884351774,108.54578399658205,4408800
2024-07-08,108.77914293933564,109.16805806471748,108.06937969710737,109.0999984741211,5074700
2024-07-09,109.17778330512984,109.48891392276612,108.66247391510154,109.04166412353516,4328600
2024-07-10,109.61529201766264,109.83892059326172,108.54578114091537,109.83892059326172,4240700
2024-07-11,109.80002695942194,110.85981290613798,109.31388498358424,110.78203582763672,3520800
2024-07-12,111.14177468841578,112.15295087508342,110.85981145596575,111.1320571899414,3866000
2024-07-15,111.12235455539944,111.2681986590747,110.14034550312142,110.65565490722656,5555500
2024-07-16,110.8112137478972,112.04601122062356,110.76259657849266,111.83210754394533,3660000
2024-07-17,111.66681789704232,111.95850606939128,110.7237012134442,110.81121063232422,5012600
2024-07-18,110.66536784604092,111.12234252638405,108.89581121058642,109.8972625732422,7285200
2024-07-19,110.31536077387042,110.37369545019008,108.49718670986626,108.65275573730467,5721900
2024-07-22,109.18749865159056,110.44173851234346,108.99303739640293,110.07227325439452,4764600
2024-07-23,110.16949165384706,110.83064503448269,109.96531291514252,110.27644348144533,3203100
2024-07-24,109.92642713271164,110.0042116333469,108.06936854215944,108.16659545898438,4755500
2024-07-25,108.53606563645208,109.47918235013138,108.10826569941732,108.18604278564452,3570800
2024-07-26,108.66246257206896,109.40139307560791,108.41939157060366,108.73052215576172,4958700
2024-07-29,108.71107172858584,109.84864964687108,108.0985354786924,109.4402847290039,2579800
2024-07-30,109.6347482537858,110.21811718263211,109.52779641807116,110.1014404296875,3104600
2024-07-31,110.54868851601832,110.67509018427997,109.80975801236724,109.88753509521484,4360400
2024-08-01,110.63619802239712,110.80148452324566,109.57640459767184,110.50980377197266,3131400
2024-08-02,109.9361518423384,111.02511259536222,108.5263430061916,110.00421142578124,3369800
2024-08-05,108.4680059023556,109.37223036272292,104.84139056133272,105.87200927734376,8563600
2024-08-06,106.25120756970234,107.4860125575774,105.55116181562188,106.37760925292967,5045200
2024-08-07,106.8540223540428,107.95270069890432,104.77333500696132,104.9386215209961,4856500
2024-08-08,105.5025347049701,106.9804030620753,105.26918121337091,106.87345123291016,5158700
2024-08-09,106.64011707952515,107.92353175502956,106.44566323272764,107.63184356689452,7202100
2024-08-12,107.9915961261861,108.4582957642847,107.10682144075002,108.30272674560548,4437100
2024-08-13,108.26381562188035,108.62356335142216,107.36931617419236,107.96240997314452,4675500
2024-08-14,105.23029989611808,107.26236988222632,104.72470806537716,106.0567398071289,7077800
2024-08-15,107.87630303556097,108.98852985981252,107.55434068024395,108.7641372680664,5625500
2024-08-16,108.72511225958893,109.23244079650036,108.25680269637778,108.73486328125,4656300
2024-08-19,109.14462853650164,109.9544024401714,109.08608519340294,109.74951934814452,7163100
2024-08-20,110.2861339004182,110.72516807669804,109.62269968154392,110.54955291748048,6750600
2024-08-21,116.9692435525604,117.94488158866054,115.0374844094576,117.30096435546876,11343400
2024-08-22,116.1204463769985,118.110749045473,115.84726889292854,116.10093688964844,7843800
2024-08-23,117.20339600066896,117.60341117315382,115.58384071198122,116.55947875976562,4523900
2024-08-26,116.75460703544026,117.71073562725874,116.75460703544026,117.20339965820312,3939600
2024-08-27,116.57900311671304,117.59366770906558,116.28631613115832,117.13511657714844,4680000
2024-08-28,117.5643947001548,118.17904404256844,116.22776778198497,116.37411499023438,3906100
2024-08-29,116.39363253388132,117.0180403450725,114.37406189128808,114.51065063476562,5055000
2024-08-30,114.63748599374672,114.8228596296232,113.417938270409,114.4130859375,6369600
2024-09-03,114.9887022944018,115.34969105610638,113.81793960034923,114.67649841308594,5657500
2024-09-04,114.23746535657162,114.94968446841813,113.73989526835857,114.65699005126952,5540400
2024-09-05,114.75455727425484,115.2618858167286,113.6228134928108,115.1350555419922,5387800
2024-09-06,114.82284656431771,115.26188071735166,112.59839296102736,112.80327606201172,4827100
2024-09-09,113.17400891349456,114.86186594227026,113.07644660141254,114.21794128417967,5752200
2024-09-10,114.58869488704462,115.52531403802952,114.0033135003252,114.95944213867188,5160200
2024-09-11,115.05701097080136,115.05701097080136,113.54476881300118,114.9789581298828,3561200
2024-09-12,114.94968618461368,115.64238837577724,114.77407102040826,115.3399429321289,3287300
2024-09-13,115.9155591143927,117.086329288746,115.48628341630494,116.89119720458984,3961000
2024-09-16,117.42779634789768,117.8082945920918,116.56923754316976,116.6960678100586,3392200
2024-09-17,116.61803104866678,117.31073326671364,114.6082187697272,114.96920013427734,3880100
2024-09-18,114.69601538255492,115.53506476399716,114.20819632095028,114.39356994628906,3183300
2024-09-19,115.6326262408974,115.84726781739624,114.88138816667954,115.40823364257812,3186800
2024-09-20,114.89113490079929,115.61310494878124,114.68625181056905,115.05699157714844,7024800
2024-09-23,115.64239182245612,115.67165977677465,113.60331160729578,114.27649688720705,3511600
2024-09-24,114.3740549005699,114.89114188977668,113.45695272739395,114.78382110595705,3354400
2024-09-25,115.02772838698812,115.28139636594732,114.25697342888232,115.25212097167967,3743100
2024-09-26,115.61312011605364,115.95459197790171,114.6472404372467,115.20335388183594,3797900
2024-09-27,114.93016081172776,115.1643118504623,114.4423418056398,114.63746643066406,2998100
2024-09-30,114.69600789912482,114.9887022944018,113.70086035353292,114.67649841308594,5350400
2024-10-01,114.63748078751784,114.66674874058415,112.90084609931824,113.79843139648438,7888700
2024-10-02,113.17401820598305,113.78866752174204,112.5983953069667,113.61305236816406,4315500
2024-10-03,112.68620301616376,113.02767486993136,111.45689689907228,112.25691986083984,4851700
2024-10-04,112.30569361310624,112.72521826144744,111.11541403206712,111.89592742919922,6480000
2024-10-07,111.52517602363874,111.8471383461174,108.51045821368508,109.39828491210938,6345200
2024-10-08,110.05199072895454,110.7934703934718,109.16415640380984,110.68614959716795,6289400
2024-10-09,110.6568694242501,111.4471413319138,110.43247683386656,111.20323181152344,3970800
2024-10-10,110.95931826608955,111.04712211735163,109.48610273218485,109.84708404541016,3453100
2024-10-11,109.88611980092077,111.1056674622964,109.61294231573714,110.9593276977539,3865500
2024-10-14,111.242253583739,112.54961251656368,110.88127224833552,112.43253326416016,4697500
2024-10-15,113.00816831085189,114.80333892776147,112.72523235510516,113.91551208496094,7378400
2024-10-16,113.46671654687412,114.6374793156654,113.21304855100902,114.5399169921875,4688700
2024-10-17,115.19359626419974,115.6716568743063,114.35454685832303,114.61797332763672,2934400
2024-10-18,114.98869337769636,115.26187082222346,114.28623283832547,114.84234619140624,3478100
2024-10-21,114.6960145096001,114.75455785814624,112.07155303974112,112.8423080444336,4495600
2024-10-22,113.01792504686604,113.13500431005131,111.89594707633746,112.3837661743164,3900300
2024-10-23,111.82763463372736,112.39349903888125,111.34956663560295,111.4373779296875,4156400
2024-10-24,112.0422620206345,112.57886588690322,111.31053353582828,111.41785430908205,2847600
2024-10-25,111.77886301497254,112.01301408776332,110.80322486089456,111.04713439941406,2686900
2024-10-28,111.86667125217964,112.1983846425772,110.89103312485288,111.38860321044922,2798900
2024-10-29,110.4032247913692,112.16912759153116,110.03247750309376,111.330078125,3576500
2024-10-30,111.32029605836476,111.35932247220052,109.74951825823068,110.19831085205078,3763700
2024-10-31,109.61294060173906,110.79346182626767,109.3104951683762,110.27637481689452,3874200
2024-11-01,110.54954751976943,111.1056609228841,109.64220381536887,109.65196228027344,5067400
2024-11-04,109.99344144218058,110.7641964633606,109.00805228350042,109.94466400146484,4006800
2024-11-05,109.81782431578736,111.04713043017354,109.71050352719254,110.97883605957033,2962800
2024-11-06,113.31060392402526,114.10086837230824,111.30079189825491,112.81302642822266,11891300
2024-11-07,112.96914470734484,114.715537926566,112.7057182328128,114.0033187866211,6897600
2024-11-08,113.67160011047784,115.72043868575994,113.63257369222616,114.95944213867188,5785700
2024-11-11,115.33018510219094,116.0814306479162,114.8228565380945,115.183837890625,3537200
2024-11-12,115.77897588804116,117.09608588379292,114.91065854191818,116.93022918701172,3943200
2024-11-13,116.98877433839849,118.94980166389388,116.9692574069894,118.17904663085938,4511000
2024-11-14,117.61631072205608,119.4953513332311,117.3520736694336,117.3520736694336,5581000
2024-11-15,117.175918897874,118.03714402028092,116.79423152168025,117.41079711914062,5103300
2024-11-18,117.44993847348178,118.38945877511398,116.9116681340158,117.1171875,5134500
2024-11-19,116.82359491152258,117.3422877260618,115.51217598673382,117.00953674316406,5794500
2024-11-20,116.89208833425916,118.12520442755464,114.25946947480725,117.18568420410156,8991000
2024-11-21,117.31293014160154,117.3520777556946,115.26751023844078,117.21505737304688,5204300
2024-11-22,117.6848157683699,119.11367001600529,116.52019857019272,118.87879180908205,6398500
2024-11-25,119.33878073001394,122.75433002863512,119.26048549643114,122.12798309326172,8925200
2024-11-26,122.37264544612478,123.74278211515882,121.77565737937884,123.50789642333984,4725000
2024-11-27,123.6057644293304,125.26949694902711,123.47853281783946,123.66448211669922,4491100
2024-11-29,123.4491713830211,123.86021011926309,123.00877380371094,123.00877380371094,2846700
2024-12-02,123.69384615008816,124.89761105816125,123.38067269324183,123.49811553955078,4818800
2024-12-03,123.88956677621393,124.09509360735194,121.59948745758118,122.0888214111328,3916000
2024-12-04,122.09861040885228,123.05770077828394,121.50162238707308,122.82282257080078,4785500
2024-12-05,122.89133915692554,124.10488537338416,122.57816569891544,123.23387145996094,4768000
2024-12-06,123.74277779238489,124.42784236964808,122.99898806089632,123.40023803710938,4064400
2024-12-09,123.703628400791,124.02659061113567,122.8423958398718,123.21429443359376,6245800
2024-12-10,123.4687565030424,124.6823027131083,122.2747803673422,124.48656463623048,6186000
2024-12-11,124.59421526531342,125.18142201305938,123.87000306750907,124.1048812866211,5440600
2024-12-12,124.23210944200794,124.33976351165543,123.16535751549448,123.72319793701172,4727700
2024-12-13,123.73298070135722,124.14401942007332,122.16711358245536,122.18668365478516,4595400
2024-12-16,122.53901610783367,122.73475418258708,120.73827061996718,121.08080291748048,6990500
2024-12-17,121.5799149620292,122.31391587773015,120.27828487952507,120.43486785888672,6813000
2024-12-18,120.64038879596426,121.66799307803298,118.57540639544978,118.65369415283205,5808500
2024-12-19,119.79875017704266,120.65018653502926,118.42861352130656,118.61455535888672,7979800
2024-12-20,118.5166736490534,120.90462556230496,118.41880835861456,119.39747619628906,11714000
2024-12-23,118.9473043501138,119.52471486056216,117.73375817449876,119.17239379882812,5436900
2024-12-24,119.38770330943004,120.85570526123048,119.1626138581413,120.85570526123048,1476100
2024-12-26,120.81654243320084,122.55857746862654,120.76761352095508,122.34326934814452,2892800
2024-12-27,121.27653451958903,122.09861950700297,121.0514450650829,121.29611206054688,3471500
2024-12-30,119.60300005073074,120.02382753544585,118.03713294480596,118.50688934326172,3976600
2024-12-31,119.2898428791413,119.2898428791413,117.78269325105956,118.23287963867188,3600100
2025-01-02,119.11367207018348,119.5344995759436,118.17415175964442,118.56562042236328,3424400
2025-01-03,118.9570865440393,119.1919647499959,117.45971838112663,118.15457916259766,3897200
2025-01-06,118.16434818919072,119.12344591938894,117.7924571128427,118.30136108398438,5963400
2025-01-07,118.50689523667452,119.1723897231184,117.46950962740524,117.57716369628906,4500100
2025-01-08,117.6065302515561,119.40728323099177,116.96061326253977,119.05496215820312,5219200
2025-01-10,118.88858500334656,119.6813036478664,117.19548617659932,117.49887084960938,4355200
2025-01-13,117.49886839791375,117.63588130974613,115.37516079786836,117.3324966430664,4603700
2025-01-14,117.92948907561411,118.02735437819872,116.15810245890816,116.69636535644533,4652500
2025-01-15,117.77288723592358,117.85118245708192,115.9427831078673,116.56912994384766,4906300
2025-01-16,116.99974630070722,119.09409493542984,116.68657288243028,118.79070281982422,3840100
2025-01-17,119.96511752493328,120.21956581260255,118.8787955173916,119.2506866455078,4752400
2025-01-21,121.04166044497444,121.83437914813292,120.09235127536049,120.66976928710938,4859700
2025-01-22,120.7774148526739,120.8557026137388,118.7613538057143,119.95532989501952,4256800
2025-01-23,119.8868225046232,120.444662931081,119.60300790637012,119.98468780517578,3821400
2025-01-24,119.95531751972162,120.84590884308156,119.7008617892412,120.11190795898438,4470300
2025-01-27,120.4740209561491,122.6466649602178,120.41530326954522,122.23562622070312,4734000
2025-01-28,121.9518131909502,122.77389068053984,121.0612217772509,121.68756866455078,3350800
2025-01-29,121.62884733676302,122.62709279183672,121.35482151510158,121.56034088134766,3930500
2025-01-30,122.1671217980356,123.78192540632048,121.95181365471176,123.40023803710938,4334300
2025-01-31,123.23387526770188,123.5274786603151,121.96161132188163,122.12798309326172,3268400
2025-02-03,121.31567846443716,122.6368787066407,120.47402342817396,121.65821075439452,5635800
2025-02-04,121.65820858288224,122.7151717444366,121.60927966612964,122.4705047607422,5804900
2025-02-05,122.47050127044469,122.88153999934256,121.28631399910924,122.83261108398438,4381500
2025-02-06,123.25344186009664,124.76059137277632,123.11642894682063,123.46875,4769200
2025-02-07,123.4100234782683,124.0950955036956,121.79521991354278,122.03010559082033,3216700
2025-02-10,122.45093223480434,122.97941380499655,120.94378274943617,122.30413055419922,3765000
2025-02-11,121.81479770956928,122.15732998968168,121.27652736464718,122.02031707763672,2571300
2025-02-12,121.18845903046908,121.89310117814598,120.96336210737732,121.75608825683594,3453300
2025-02-13,122.21253271591718,123.80277077749577,121.94749678359636,123.53772735595705,2885700
2025-02-14,124.22487515699896,124.4211975222936,121.0836648877573,122.05547332763672,4192900
2025-02-18,121.74134407440532,122.06528269355589,119.98423881366948,121.55484008789062,5121300
2025-02-19,121.6431799927274,121.7217119268666,120.74008521777895,121.1523666381836,3678700
2025-02-20,120.82843103498271,121.1131036864116,119.70937715789964,120.720458984375,4662900
2025-02-21,120.67137945735564,120.80880660638456,118.45290085426058,118.88481903076172,5692800
2025-02-24,119.30691853038935,120.2590976956112,119.05169347319575,119.23820495605467,5293000
2025-02-25,119.28728252176772,121.11310892422696,119.26765328150402,120.4456024169922,6373500
2025-02-26,123.56717584271044,125.2359458551164,120.74009342449916,122.59536743164062,7545100
2025-02-27,123.6849776051411,124.13652503737433,120.88734270477322,121.2210922241211,5259600
2025-02-28,121.32906752830117,122.60518532766136,121.0836608352871,122.46775817871094,6043200
2025-03-03,122.14381166133904,123.67514693033924,120.79898037432126,121.2701644897461,4817500
2025-03-04,120.5339536107479,120.93641669747626,119.01242910106392,119.50324249267578,6264200
2025-03-05,119.11058791825538,120.96586939181792,118.9731607704682,120.77935791015624,6704900
2025-03-06,119.32654979695012,120.56340164519648,117.94245992207044,118.43327331542967,4834100
2025-03-07,117.80503010863612,118.36455706485144,115.0957381415429,117.07862091064452,6230100
2025-03-10,116.5976287424246,117.58907389581334,114.84051589226318,115.44912719726562,5952200
2025-03-11,115.30188759978468,115.44913312346505,113.60367736243091,113.98651123046876,6518900
2025-03-12,115.24297361741289,115.24297361741289,112.74964095393928,113.22081756591795,4063700
2025-03-13,112.85762971174604,112.85762971174604,110.04035821651776,110.73731231689452,6018600
2025-03-14,111.47353015922673,111.90544832122674,110.236685859492,111.17904663085938,6411000
2025-03-17,111.79747139038447,112.96560963439694,111.29683964449087,112.4158935546875,4358400
2025-03-18,112.45516023511873,113.39752103444332,112.04287878964256,113.14230346679688,5874100
2025-03-19,113.6036644394474,116.09698973614104,113.19137552219868,115.69452667236328,6838200
2025-03-20,115.14482396579176,115.81233047388284,113.8687061596942,114.1141128540039,6841300
2025-03-21,113.22083600517466,114.16320436104148,111.8858303943366,113.98651123046876,7150700
2025-03-24,114.85032186668066,117.500710914071,114.83069262828384,117.40254974365234,4315200
2025-03-25,117.40255203281676,118.51179499890624,117.21604805214992,117.67740631103516,4134700
2025-03-26,117.6675993998119,118.31546915040444,117.1375200642993,117.50071716308594,3004700
2025-03-27,117.60870548635424,119.11059330452908,117.19642402434904,118.35474395751952,4003400
2025-03-28,117.81484327814164,118.06024997405358,115.05647441264136,116.03810119628906,3742300
2025-03-31,115.47856316549893,119.90570163257932,115.30187006180208,119.5621337890625,6828800
2025-04-01,119.208744290007,120.62228159133296,119.0222328275834,120.46522521972656,4781900
2025-04-02,119.75846166294907,123.154889267143,119.5719501867604,122.63462829589844,5002000
2025-04-03,121.5155752477122,125.64822293135778,120.8676980033979,123.1254425048828,11388100
2025-04-04,123.06654048185516,125.97215457753197,119.56213350779316,119.91551971435548,12964000
2025-04-07,117.8344842565006,121.71190719602896,114.23191562802909,116.94120025634766,12898300
2025-04-08,120.111845673166,122.57573082944576,116.4111087566716,117.82465362548828,10926000
2025-04-09,117.5498103062011,126.62004740807744,117.5498103062011,123.73406219482422,12134400
2025-04-10,123.6555276528276,126.07032116280128,121.53521019643402,125.12796783447266,7583200
2025-04-11,124.20524053358044,126.64949671149944,123.58681833211688,125.79547119140624,6935500
2025-04-14,126.885048430628,128.78940642377606,126.26663386036604,128.200439453125,7093500
2025-04-15,128.1121024723212,128.88759599711588,125.932889876764,126.1390380859375,5020900
2025-04-16,126.36480024624814,126.8948870494416,123.22359781811257,123.98926544189452,5569600
2025-04-17,124.4408112188153,125.62858609489898,123.8616550710877,125.27519989013672,5555200
2025-04-21,124.89236650107073,125.18685001321312,120.0038623116474,121.70207977294922,4946600
2025-04-22,122.31070033180907,124.43101785883331,121.72172573737512,123.40030670166016,4989300
2025-04-23,124.8531121104043,125.75620694745024,122.51683558903234,123.19416046142578,5612900
2025-04-24,122.39903174637791,124.69603455686766,121.64317501733436,124.17577362060548,4626200
2025-04-25,123.77330679988832,124.44081325433372,122.82113519343324,124.23467254638672,4205800
2025-04-28,124.44081087872308,125.44207428588544,123.79294116457436,124.79419708251952,3573200
2025-04-29,124.56844535520074,125.8543815861918,123.81258850741528,125.67768096923828,3886700
2025-04-30,125.62859897076213,126.50223871918745,124.19541727721668,126.31572723388672,5685800
2025-05-01,125.5108040109229,126.41389887500624,125.00035387785444,125.28502655029295,4585300
2025-05-02,126.62984271083752,127.39551032895386,125.87398596736152,126.83599090576172,4720700
2025-05-05,126.83599678105348,127.50349576994776,126.43352622563678,126.57095336914062,4869600
2025-05-06,125.28502532346394,126.50224045397078,125.13778729538424,126.09978485107422,3472100
2025-05-07,125.74638743431343,127.5133035280471,125.74638743431343,126.28627014160156,5967700
2025-05-08,126.69856961905217,127.87651870297526,125.38318590242764,125.73656463623048,4443600
2025-05-09,125.2162968720054,125.991790336929,124.62732236200053,125.7463836669922,4131100
2025-05-12,127.91578453812568,129.12318129520074,126.26665872148038,129.07411193847656,4810500
2025-05-13,129.26059693799232,130.03609042054546,127.9746683548395,128.41641235351562,5471800
2025-05-14,128.10229614257813,129.10355966271212,127.61148274739584,128.83851623535156,5763100
2025-05-15,129.14872322663368,131.15774053272764,128.92221983562027,131.01986694335938,4846400
2025-05-16,130.98048914181612,131.86681726802794,130.4683807661562,131.31532287597656,4874400
2025-05-19,131.05925742565674,133.2356914129908,130.53730637744945,132.97964477539062,5118900
2025-05-20,132.82209326985048,133.78722350892593,132.22135507087316,132.8811798095703,7061100
2025-05-21,129.15857835362496,130.98049348435842,127.98666024520946,129.0404052734375,12025600
2025-05-22,128.41013278849746,129.36540532579744,127.15941250295371,127.61243438720705,5341800
2025-05-23,126.05639973901036,126.17457280509564,123.02316581703916,123.79132080078124,8787100
2025-05-27,124.71705715234808,126.292768251669,124.44130996403112,126.01701354980467,7198200
2025-05-28,125.65262895165704,126.47987051600512,124.15571242464976,124.30343627929688,4344800
2025-05-29,125.41628064715502,125.98747556895316,124.77614892538452,125.14053344726562,6410900
2025-05-30,125.21931029460352,125.3571838833024,124.2837309272358,124.97310638427734,9364900
2025-06-02,124.33298263541865,126.50943195327534,123.96859812004564,126.47987365722656,6271000
2025-06-03,126.29277153819486,126.45033063055132,124.90417778633098,126.1745834350586,5132600
2025-06-04,126.27306729284388,127.1101666290372,125.61324259257977,126.12535095214844,4437200
2025-06-05,126.11549182162636,126.2435226669152,124.60872505435992,125.43597412109376,4693600
2025-06-06,125.99732216025632,126.8344064830062,125.36704071785265,126.49957275390624,4612900
2025-06-09,126.06625534272558,126.1351996563694,123.83072695656774,124.43146514892578,4754800
2025-06-10,123.79132606427498,124.65796865799956,123.55497240850794,124.12616729736328,4684800
2025-06-11,124.2935743492138,124.2935743492138,122.41258048485244,122.63908386230467,4145800
2025-06-12,122.58001017280556,123.04287474941036,121.68382428813712,122.57015991210938,4087600
2025-06-13,121.62473302353555,123.07241323416136,121.37852911053244,122.02851104736328,3786600
2025-06-16,122.6686388309748,123.41710085238876,122.19593151164295,122.38304138183594,4930200
2025-06-17,121.59519571699217,122.7080347534429,120.85658394177452,121.14218139648438,4264600
2025-06-18,121.57549970250538,121.62474349476447,120.55129794815576,120.6793212890625,4924800
2025-06-20,121.18157653499073,121.90048779816054,120.63992488722089,121.62474060058594,6729700
2025-06-23,121.57548699635034,123.07241096742544,120.8565757912085,122.8656005859375,4072700
2025-06-24,123.05270703086622,123.6436024056234,122.29440231979648,122.70802307128906,4546200
2025-06-25,122.59969804381764,122.85575221635835,120.59067321817298,120.62022399902344,4669700
2025-06-26,120.90581629802276,120.90581629802276,118.07940013851324,120.28538513183594,8415100
2025-06-27,120.12781773419862,121.91033167774933,119.79297650213684,121.50655364990234,9786300
2025-06-30,122.10729125152857,122.10729125152857,120.40356437189256,121.61488342285156,6228000
2025-07-01,121.7921484003577,123.7420866735954,121.28989783369175,123.25952911376952,5126200
2025-07-02,123.48603650769284,123.72239016517328,122.42243377870992,123.4072494506836,4790200
2025-07-03,123.44664023011482,124.1951022279403,122.87544534983888,123.94889831542967,2986600
2025-07-07,124.03752602461982,124.2837299329764,122.82620700309184,123.26937103271484,3945000
2025-07-08,123.12164817470276,123.7420868374188,122.26486337540476,123.3580093383789,5683300
2025-07-09,123.61406466784088,124.03753572386984,122.46183208988336,123.54512786865234,3818100
2025-07-10,123.1216538161795,123.46634531728098,122.10729486128578,122.27471923828124,5051100
2025-07-11,121.8512511199337,122.28456492317709,121.4967168632043,121.83155059814452,4145900
2025-07-14,121.28005211135684,121.81185347850156,120.65961342624766,121.68382263183594,4651200
2025-07-15,121.31944382222184,121.91033171679082,119.87176359672206,119.8914566040039,4720500
2025-07-16,120.2755403077762,120.43311442833806,118.0203114236812,119.50738525390624,6151800
2025-07-17,119.21194498767278,120.53159443574424,119.1627011966353,120.31493377685548,3828200
2025-07-18,120.4429646281339,120.95506549260476,120.14751690900418,120.31493377685548,3464300
2025-07-21,120.6300741999208,123.26938060295234,120.44296432425516,123.04287719726562,4721900
2025-07-22,123.180739758876,124.51023934539026,122.3436479831853,123.69284057617188,4284900
2025-07-23,124.2738902093675,125.11098201543274,124.01783603465496,124.4413070678711,4367500
2025-07-24,124.15571708218064,124.79584880063356,123.4958923553581,124.34283447265624,4722800
2025-07-25,124.83524418802516,125.0912908683773,124.047388597663,124.52010345458984,5143200
2025-07-28,124.42160241664862,125.1996076617782,122.95422923965585,123.48603057861328,6114400
2025-07-29,124.1852521826527,125.0715877719349,123.59436429431362,124.45115661621094,5543300
2025-07-30,124.70719908045363,125.15037061695892,123.37769949803156,123.89965057373048,3193300
2025-07-31,123.04286951404129,123.86026079190825,122.49136764173146,122.63909149169922,4653000
2025-08-01,122.22547568348126,124.31328764768216,121.90048470307096,124.08677673339844,4855400
2025-08-04,124.50040176703592,127.25788879394533,124.38222868907114,127.25788879394533,4807800
2025-08-05,127.26772695440982,127.8783228984432,126.52911518956036,126.8147201538086,5178400
2025-08-06,126.95258256120266,130.15323326016144,126.67683539545985,130.09414672851562,4839400
2025-08-07,130.69489366300385,130.87215326990048,128.99115174110432,129.97596740722656,6154800
2025-08-08,130.07445461471556,130.73427930588943,129.36538613495674,129.37522888183594,4629700
2025-08-11,129.78884924852554,130.43883119077367,128.8926784183167,130.38958740234375,3304200
2025-08-12,130.79335289804,131.63045213986146,130.3206456340114,131.3645477294922,4284500
2025-08-13,131.32518519065962,132.19181282508978,131.13806779536694,132.0637969970703,5593800
2025-08-14,131.4166824301387,132.39474007606478,131.11042134606606,131.34751892089844,3763200
2025-08-15,131.52536214909844,131.99957239156157,130.41885148352208,131.02149963378906,4796100
2025-08-18,131.32775411526634,132.51330227402306,131.0313821504482,131.45619201660156,6225500
2025-08-19,131.73283518791396,133.3431934486035,131.73283518791396,132.99740600585938,6727300
2025-08-20,141.80989345713843,143.8253136044025,136.0995614980128,136.60342407226562,13223200
2025-08-21,134.81522227722527,137.0874877783853,134.67691033302535,135.85255432128906,7054300
2025-08-22,136.30701301104506,137.7000215333058,134.2817191777744,134.8942413330078,5776700
2025-08-25,134.46943891964978,135.41787447614038,133.72847882312865,133.86679077148438,4734400
2025-08-26,134.03474140840063,135.0918517271327,133.1258321555441,135.03256225585938,6531600
2025-08-27,135.03255400909376,135.84267757676236,134.57810694785562,135.575927734375,4522000
2025-08-28,135.8920795835627,136.23785190395444,134.657146136011,135.46725463867188,5138900
2025-08-29,135.61545791275657,135.82291829340653,134.26196058121636,134.96340942382812,4118600
2025-09-02,134.5583663593588,136.9294479923769,134.5583663593588,136.89981079101562,5282500
2025-09-03,136.89979434591046,137.8976151799155,136.721956084232,137.7889404296875,4798900
2025-09-04,138.18410368548322,139.3992890118761,138.0260436662892,139.32025146484375,4172500
2025-09-05,139.71541989669316,139.7944574413335,137.2554271974507,137.58145141601562,6735800
2025-09-08,137.5518305650455,139.30050064517246,137.47279301101395,139.14242553710938,4801400
2025-09-09,138.09518566811607,138.83614567781402,137.38386285281643,138.28289794921875,3453300
2025-09-10,137.8778682832574,138.35207857887147,137.0381224550735,138.17425537109375,3573600
2025-09-11,138.6879800445441,139.54748895788313,138.1050799611977,139.13255310058594,5197900
2025-09-12,138.8262859609255,139.64628359857625,137.22580192394156,137.79881286621094,5173200
2025-09-15,138.11496256248316,139.53760833460862,137.78893831679846,139.46844482421875,4186600
2025-09-16,138.9744765651403,139.4091755754323,137.156658044712,137.86798095703125,3786300
2025-09-17,138.3026807589367,139.191826866989,137.5419574865715,138.35206604003906,4617100
2025-09-18,138.2829345226901,139.32028182560185,137.6901603282051,138.243408203125,4794700
2025-09-19,138.5002613823856,138.7274849206283,137.42340301107063,138.09519958496094,7503900
2025-09-22,138.10506954826386,138.10506954826386,136.99857401223295,137.7296600341797,3683200
2025-09-23,137.7691693497122,138.1742311295279,137.22579562982173,138.03591918945312,3308500
2025-09-24,137.8284398813059,139.7450589078506,137.32459248690444,138.7472381591797,5027700
2025-09-25,139.1720590452776,139.8636338559981,138.60893721568337,139.7549591064453,4120000
2025-09-26,140.15998405266262,141.49371803766385,139.7450482756303,141.3652801513672,4224400
2025-09-29,141.46410635843682,141.91855344982346,140.3279584802262,141.79013061523438,4260400
2025-09-30,141.58263559672235,143.0843187638392,141.58263559672235,142.7978057861328,6435800
2025-10-01,142.3433774521861,143.37083549628946,141.8098777356373,142.5804901123047,6703800
2025-10-02,141.9383225406642,142.74844619594398,140.48603946097782,140.77255249023438,4449400
2025-10-03,140.77253242404035,141.52336649822942,139.44867237301924,139.6265106201172,2993800
2025-10-06,139.53761506104905,141.90868141230823,139.53761506104905,141.38507080078125,6309600
2025-10-07,141.01952827374353,141.91854838325975,138.42122342815753,140.94049072265625,6700900
2025-10-08,140.999759828463,141.22698335752136,138.6879680766409,139.0139923095703,5158400
2025-10-09,139.03373511186953,139.76482109809447,136.78121783794117,136.889892578125,3750700
2025-10-10,137.0380886408332,139.36964337502704,136.56386338736104,138.68795776367188,4261200
2025-10-13,138.53976916243704,140.19952754892842,138.0951961378867,139.685791015625,4144300
2025-10-14,139.70554956810014,142.61998938286143,139.45856288761408,142.36312866210938,4431800
2025-10-15,142.27420680076438,144.69468841109466,142.27420680076438,143.4103546142578,5397600
2025-10-16,143.50912943130277,143.50912943130277,140.34770306760117,140.83180236816406,3400100
2025-10-17,141.27639052402017,142.71879946581035,140.9306031186631,142.10626220703125,4003100
2025-10-20,142.2149238609026,142.6397487790753,140.83180451658026,141.60240173339844,3321600
2025-10-21,141.45421826628876,142.56072895415176,140.95037081570302,142.17543029785156,3886900
2025-10-22,142.6595078987897,142.87685739469856,141.20722493743125,141.33566284179688,3800000
2025-10-23,141.33567280125234,141.66169706808947,140.37736315854485,140.68362426757812,5072500
2025-10-24,141.04915871568835,141.26650820205091,140.13036041881554,140.19952392578125,3442600
2025-10-27,140.8318137231356,141.8098713681053,140.37735158036585,141.5431365966797,3775400
2025-10-28,141.09855351817708,142.313723726055,140.55517982363972,142.29396057128906,3628100
2025-10-29,141.83953791376126,142.1062727120296,139.16219529045088,139.98219299316406,4383300
2025-10-30,139.90315454733684,141.76049945614434,139.6956790751279,140.574951171875,4168600
2025-10-31,139.96240870187577,140.34770731607043,138.02604159074832,138.4508514404297,4877300
2025-11-03,138.68798365009425,139.03375600272838,137.14678897581678,138.71762084960938,5195700
2025-11-04,138.124838607125,140.38724520321773,138.07543825254007,140.3378448486328,4473300
2025-11-05,140.03158919691137,143.79566420953697,139.65616457732233,141.96795654296875,6335900
2025-11-06,141.66170000210303,142.29398539106896,140.1402684668913,142.03712463378906,5554600
2025-11-07,142.23468858757997,143.3609472303656,141.61227733832172,142.86697387695312,5638000
2025-11-10,142.37302662301565,145.15902900805258,142.02723918228983,144.95156860351562,4056300
2025-11-11,145.41589948071788,145.8110721913592,143.86481568796185,144.3983154296875,2980000
2025-11-12,144.8922763681686,146.3247961643752,143.1831176085075,145.8505859375,5826500
2025-11-13,145.61774124513792,146.55899734259867,144.90436470175007,145.052978515625,3879200
2025-11-14,144.81521240422413,146.3410364959364,144.09191811444757,144.73594665527344,4774300
2025-11-17,144.81520177827332,145.64746940359342,143.4280739510118,143.84420776367188,10612400
2025-11-18,142.9227900094867,145.49887407434736,142.49675359419172,144.2405548095703,10007700
2025-11-19,149.1152487535324,149.61064825105245,143.3289862509126,144.46839904785156,8563300
2025-11-20,144.90436476882115,147.85694178019105,144.5972194744081,146.70762634277344,9023900
2025-11-21,147.6885234265829,151.1761407750983,147.45074129903583,150.03671264648438,10087100
2025-11-24,150.10606549675785,150.32404251091117,147.1336681601884,147.4903564453125,13003600
2025-11-25,147.50026721894395,151.6120928348583,147.0445080682229,150.98788452148438,5639100
2025-11-26,151.58235806821375,153.23699073263077,150.55191854935646,151.7210693359375,4373600
2025-11-28,151.4931804492564,151.65171193796846,150.12588793470064,150.52220153808594,2496200
2025-12-01,150.10606226126907,151.3346585765245,149.32333763160415,149.73947143554688,4598200
2025-12-02,150.29431156818467,150.34385454477703,148.0352909247966,148.63967895507812,5336400
2025-12-03,148.98645132304077,149.59083936049691,148.28299244961767,148.67930603027344,4517000
2025-12-04,148.70903978563103,149.91781594989737,148.6793170208044,148.9171142578125,4075400
2025-12-05,148.69913573855337,151.92913547046052,148.5703270133391,151.86968994140625,6075200
2025-12-08,151.83995677470577,153.01901008149153,151.3941002189482,152.30563354492188,5633500
2025-12-09,152.11740788813486,152.64253028200926,151.6121057124435,152.26602172851562,5108800
2025-12-10,153.65313354763703,154.96098056025343,153.4450590746506,154.23770141601562,6249200
2025-12-11,154.84208541372547,156.26883856684708,153.78193821586652,154.14852905273438,4444400
2025-12-12,154.65382616249968,155.69416822955392,154.16834428469687,154.703369140625,4431100
2025-12-15,154.77272791109766,155.89232056908722,154.4952902652025,155.26812744140625,5709900
2025-12-16,155.5950955254195,156.37783533864052,153.58377441306007,153.6630401611328,4658900
2025-12-17,154.1287125001056,154.43585781595863,153.1874563365058,154.22779846191406,3845900
2025-12-18,154.22779341141046,155.47619484998185,153.23699429935215,153.45497131347656,5513100
2025-12-19,153.71259145875965,153.9999165824704,152.7316947814917,153.1775665283203,9330800
2025-12-22,153.09828423494753,155.18887098260197,152.73167828008843,155.1393280029297,3603000
2025-12-23,155.43655579565575,155.71397831303395,154.1782368014375,154.48538208007812,2793900
2025-12-24,154.49530127310453,156.02114040147265,154.4853987244146,155.84278869628906,1402700
2025-12-26,155.5554707143621,156.30847264589838,155.24832538858277,155.66445922851562,1688200
2025-12-29,155.39692529724454,156.12021951655964,154.5943804550949,155.03033447265625,3214800
2025-12-30,154.36649558856763,155.06005190247183,153.61347863199128,153.92063903808594,2848000
2025-12-31,153.7224792846456,154.47549630074917,152.1471122931578,152.1966552734375,3040400
2026-01-02,151.83995183808673,152.92983682196544,150.65099602192396,152.8604736328125,4064700
2026-01-05,152.58306151382982,153.5936808297342,151.4733713588882,152.42453002929688,5027200
2026-01-06,151.59225089050085,153.3955123736088,150.73026057626424,152.5037841796875,5327900
2026-01-07,152.94966145979163,154.10889466254528,151.91923698569795,152.62269592285156,5681800
2026-01-08,152.97939280359927,157.09121861836417,152.00841380570137,156.79397583007812,5950300
2026-01-09,156.46699021343545,158.01263437227303,155.85269961656266,156.35800170898438,4487900
2026-01-12,156.2589443752575,157.29927141318524,155.35731349855087,155.65455627441406,5529800
2026-01-13,155.4365656337979,156.7047872559095,154.85198268238537,156.68496704101562,4104000
2026-01-14,156.29855600692466,156.65524428305497,153.11808428489627,153.70266723632812,5371200
2026-01-15,154.31695905024202,155.34738345697517,153.38560548197484,154.7231903076172,4105700
2026-01-16,154.5349307551323,156.3381771846049,154.2773284418916,155.9319610595703,6270000
2026-01-20,155.75361102066375,156.14993972031175,153.92064180937174,154.6439208984375,5887600
2026-01-21,154.9015280269382,155.55545906287836,153.5837634066568,154.41604614257812,5511800
2026-01-22,154.50521023714802,155.2483095436996,151.3346562195401,152.00839233398438,5808100
2026-01-23,151.64180861412706,152.31554476011692,151.06714330927963,151.83006286621094,5651500
2026-01-26,151.32473870231405,152.37498330433343,147.52007387743078,148.69912719726562,8152500
2026-01-27,149.1152579339572,149.52148917534794,146.1924037423192,146.64816284179688,7093800
2026-01-28,146.02399011907576,146.86616036333888,145.3997817886721,146.43020629882812,6424300
2026-01-29,146.38066391001337,147.46063129641837,144.4882340079239,146.11314392089844,5950400
2026-01-30,146.35095612239087,148.56043409977931,145.73665033939983,148.43162536621094,6015900
2026-02-02,148.91712355388887,149.1053778218059,147.3813817622667,148.78831481933594,8782100
2026-02-03,148.3127155141883,151.2058469903686,148.1343638196543,150.6708221435547,5637600
2026-02-04,151.47337594582473,153.7621195188971,151.22567616313904,152.52362060546875,6879000
2026-02-05,153.1180964388026,154.95108094298854,152.17684025492153,153.97018432617188,7474700
2026-02-06,153.9503697594713,154.90152843388807,153.30634127024027,154.4259490966797,4708100
2026-02-09,153.9701921440297,154.8916432766253,152.60289950623726,154.80247497558594,4337600
2026-02-10,155.16905328364433,155.71399583208805,151.65171332739317,151.8795928955078,4519400
2026-02-11,151.77061081977922,152.84067574616023,148.8873967019591,149.36297607421875,5469400
2026-02-12,152.1301538237759,154.59427850543514,151.00738054992968,153.19329833984375,6172400
2026-02-13,152.93495917868267,154.8228088802005,151.69295878076477,153.4715118408203,3754700
2026-02-17,154.36575687059786,155.98533035443936,152.4282391464205,155.9654541015625,5506700
2026-02-18,155.33946648547516,156.31320569061813,154.96190868293917,156.22377014160156,2944200
2026-02-19,155.96543988286192,156.31320605137807,154.27632240964917,155.5083770751953,3933200
2026-02-20,155.06126580209704,157.48565304446265,154.66383173268608,157.21737670898438,5643200
2026-02-23,157.98246124679855,159.43312448009155,154.75325999489857,156.68084716796875,5710000
2026-02-24,157.05841126766555,157.93276924752993,156.0151278900857,156.65103149414062,5280900
2026-02-25,156.54173931430077,161.6388988373325,153.80933833190977,154.82281494140625,8042000
2026-02-26,156.81001104276407,158.31034208003885,155.41896148687732,157.6744384765625,5987700
2026-02-27,157.41608737886884,160.62542724609375,157.3862805829251,160.62542724609375,7099900
2026-03-02,159.19463447151722,160.46644158824205,157.73404088008314,158.9164276123047,4924400
2026-03-03,157.64464378932175,158.697857792127,154.7532629740545,158.68792724609375,5060100
2026-03-04,158.98598302954366,160.86388704306862,157.18756886159738,160.69497680664062,4741100
2026-03-05,159.24433598446342,160.1683770537669,157.95265246767124,159.9001007080078,6532400
2026-03-06,158.65809954298646,159.08535558517488,156.61128520993915,158.3103485107422,5923100
2026-03-09,157.46576539695434,157.9128824829686,154.11733736301974,157.12794494628906,4620600
2026-03-10,156.26353237215662,161.54947838698394,155.379228660976,158.50906372070312,5804700
2026-03-11,157.594952920315,157.98245645233746,156.1442897310468,156.86962890625,3977100
2026-03-12,156.24364711715242,157.16768811846435,154.69363307550827,154.79298400878906,3664300
2026-03-13,155.45870973365362,156.85967463531347,154.03785341972196,154.43528747558594,3123500
2026-03-16,155.5779439190699,156.7702613014526,154.33594348718418,155.0215301513672,4384700
2026-03-17,155.59781370119487,155.7667239335713,153.4019503580262,154.3856201171875,3861600
2026-03-18,153.72984453455794,154.75325166332485,151.7724506682046,151.8916778564453,3103400
2026-03-19,151.96123909801642,154.59427394621596,151.20609313314557,153.69009399414062,3889100
2026-03-20,153.2827266965202,155.67729196220537,153.2827266965202,153.98817443847656,7321800
2026-03-23,156.29332685863642,156.8100032486355,154.6042094172154,155.49844360351562,4577100
2026-03-24,155.72697492516093,158.43951473248916,154.4750439717971,157.36642456054688,4380000
2026-03-25,156.54172538780455,158.88662262870994,155.76671839100112,158.71771240234375,3606700
2026-03-26,158.55873078947812,158.90648178265414,156.0250471025706,156.5615997314453,4156600
2026-03-27,156.30327611480388,156.98886281490437,153.47152407843356,154.12728881835938,4319100
2026-03-30,156.0648063405646,156.65102687867457,154.25644651788815,154.79298400878906,3868100
2026-03-31,156.33308099964324,159.3039516099893,155.8164197152568,158.677978515625,4199500
2026-04-01,159.43311264579523,161.33087771819578,158.9760498316288,160.99305725097656,4003900
2026-04-02,160.46645999011758,161.30108066346725,159.13503913104,160.25779724121094,3856700
2026-04-06,159.79080826472594,161.11228332805626,158.87668264268376,160.78440856933594,3698100
2026-04-07,160.2478511895549,160.42670712290246,156.42248406514588,156.571533203125,4308600
2026-04-08,157.41609650167726,160.85396039075275,157.03853867746324,160.60556030273438,4938000
2026-04-09,159.80074954993853,164.7588208611829,159.51259695199798,163.94406127929688,5593300
2026-04-10,163.37768660510753,163.89436299532642,159.39335494416875,160.56581115722656,3559400
2026-04-13,159.93985250841328,160.21805939866408,156.32314777401456,158.3103485107422,5208400
2026-04-14,157.47573439839624,159.34369285914113,156.8894986341814,159.2542724609375,4537600
2026-04-15,158.677967629719,160.23792740511928,157.93276739179504,159.20457458496094,3366700
2026-04-16,159.37349451094667,160.12864050109096,155.41896925300998,156.47218322753906,3956100
2026-04-17,157.56513610580288,160.36708104511553,157.49557680802533,159.6516876220703,5190300
2026-04-20,159.99946589715222,160.46645928256842,158.35008564913497,158.6680450439453,4062200
2026-04-21,159.04560975566085,159.66163709961475,157.46577373178738,158.23085021972656,3236600
2026-04-22,158.37988206792974,159.20457213789282,157.1875647378055,157.45584106445312,2582000
2026-04-23,157.72412768211,159.5026656677616,156.4920577692817,157.3366241455078,3179100
2026-04-24,156.68083477266595,157.54526218783917,154.72344095578384,156.02505493164062,3981400
2026-04-27,155.4686523041203,157.7539362049479,155.4686523041203,156.47218322753906,3799500
2026-04-28,157.44591585256657,157.73405327899445,154.85261837016404,156.1939697265625,2841000
2026-04-29,155.01156875971273,155.63754176560735,154.15707194259335,155.07119750976562,3545800
2026-04-30,155.1010225188326,156.57154680896355,154.43529693472186,155.74685668945312,4613200
2026-05-01,156.10454659788294,157.26705715083324,155.00164963824227,155.8263397216797,4125500
2026-05-04,154.89234518372623,155.80645561101858,152.5176411494731,153.6503448486328,4047000
2026-05-05,154.01799064438188,156.1244337759488,153.70997694996706,153.96832275390625,6108700
2026-05-06,154.8526189100491,155.1506868828627,152.23944516670497,154.45516967773438,7664700
2026-05-07,155.04139291410513,156.4224968028093,152.43816483236563,153.4913787841797,4674100
2026-05-08,154.02792014785894,154.3061270142659,151.54391943984157,152.3785400390625,4908200
2026-05-11,151.86187333476852,152.8952261854637,146.3275272880312,147.95703125,5770500
2026-05-12,148.04643948543372,150.08332306091705,146.1685355910237,149.29837036132812,5317800
2026-05-13,148.22528486469415,148.84132735772425,145.20474663606515,146.08905029296875,6416100
2026-05-14,146.29839505099983,147.6541180954944,145.93952673890433,146.8865509033203,7764800
2026-05-15,147.3550660034839,147.9033239084931,146.63732941748447,146.96627807617188,8988100
2026-05-18,147.72390177690372,151.18298883438297,147.33512904878222,149.7774200439453,6911700
2026-05-19,148.63103769111683,152.0801463384607,148.2422649774383,150.2060546875,8732600
2026-05-20,152.40911475753518,160.08489291962712,151.97049625499352,158.70924377441406,9371800
2026-05-21,158.99832915007116,159.4768151605908,156.01772803682587,156.96475219726562,5855000
2026-05-22,157.0046191410402,157.96160636950725,155.3897193544728,157.77220153808594,4844800
2026-05-26,157.80211036182826,159.30735556220623,156.50619614142786,158.47000122070312,4721700
2026-05-27,159.4967602404982,160.38396036090413,156.06757746160008,156.5161590576172,5631000
2026-05-28,155.52928276921193,157.13421952942818,153.2863595757244,154.40283203125,7647200
2026-05-29,154.66201096884484,156.02771234256252,153.77481083491566,154.26327514648438,12110000
2026-06-01,152.89758512219214,153.84459408447938,151.9505609491087,152.26956176757812,5892800
2026-06-02,152.37921276288267,153.71499443406952,151.8608440506326,153.20660400390625,5004200
2026-06-03,152.57857773927782,157.5728295143461,152.51876889108703,157.40335083007812,5865100
2026-06-04,159.49675913064826,160.36401789096635,157.43326250821326,158.13107299804688,5847400
2026-06-05,158.7889817201222,161.2711554498103,158.1509953074966,160.20452880859375,4867000
2026-06-08,158.72917461563017,161.6798713132098,158.6195199867486,159.24754333496094,7123800
2026-06-09,160.60327198480485,164.3514404296875,160.1447120996198,164.3514404296875,5663300
2026-06-10,165.12897226305475,167.39183665397323,163.33464600111287,167.13265991210938,7141900
2026-06-11,167.2223757356787,169.46529880813935,166.80369858744817,167.81051635742188,6983900
2026-06-12,168.96687807230242,169.31578331488228,166.4647781560859,167.88031005859375,4875300
2026-06-15,167.86035920736117,168.20926443020014,163.99255817573257,166.80369567871094,5819300
2026-06-16,167.04295870333578,167.52144472701872,165.2286757468935,165.79689025878906,5174900
2026-06-17,165.21870623368483,166.57442925692663,162.92593734294994,163.61376953125,4496800
2026-06-18,164.40127863499626,166.35512057939678,162.61691537853517,163.29476928710938,9069800
2026-06-22,165.55763694997435,166.76382266663984,163.54398611730107,163.6536407470703,5211600
2026-06-23,164.3514376242278,166.0062201584011,162.9159643517303,163.8330841064453,4903200
2026-06-24,164.21187891225173,165.73706546478067,163.55396633664054,164.65049743652344,4662400
2026-06-25,162.62688115350548,166.01618117431505,154.1635789621668,154.70188903808594,8558600
2026-06-26,155.53923522811223,156.6357814655386,153.0271571637871,154.9411163330078,13745400
2026-06-29,154.22339883778804,154.57228885972222,150.1661928679337,150.75433349609375,7585600
2026-06-30,150.4552688103833,151.82097005859944,149.139428548876,151.0234832763672,6785800
2026-07-01,151.57175763849733,151.88078015659423,149.2391213301574,150.87396240234375,5047700
2026-07-02,151.3225565836852,153.77481079101562,150.04658369954004,153.77481079101562,4918800
2026-07-06,152.50881509165688,153.5156329226002,149.47836810552835,150.83409118652344,5758000
2026-07-07,153.35611963678062,155.25015264681213,151.99043359872482,153.62527465820312,5301900
2026-07-08,153.51563394284273,153.6352516472913,151.77113810258314,152.30943298339844,4624800
2026-07-09,152.26955655570794,153.44583780926075,149.77741978720206,150.4253692626953,6048800
2026-07-10,150.66461526107216,151.3923149162002,149.77741520704626,150.86398315429688,4169000
2026-07-13,152.33933954948168,153.45581192399874,149.7774157198473,150.05653381347656,3644900
2026-07-14,149.77742844537153,150.69453300390117,148.41174228473884,149.8671417236328,4990200
2026-07-15,148.33198997965755,151.35245865809372,147.80365817853152,150.4951629638672,6550100
2026-07-16,151.60166340586318,154.7816323075153,150.9736400823608,154.30313110351562,4557500
2026-07-17,154.51247696882183,157.65256315838616,153.38602630153008,153.97418212890625,6184900
2026-07-20,154.04396314107396,155.54920833612812,153.33620478735304,155.2102813720703,4979100
2026-07-21,154.7118542816214,154.88131776396142,152.2895045383656,154.5623321533203,4737200
2026-07-22,155.29999808292337,157.50305381960638,153.55550223365557,154.92120361328125,4887800
2026-07-23,153.69504865815196,154.59222700478358,151.92064852848804,152.99725341796875,3339700
2026-07-24,152.3891795887646,154.86139030145517,151.64153853203555,153.7349395751953,4249500
2026-07-27,155.4794389717786,157.1242432503221,154.662010762992,155.88815307617188,4309200
2026-07-28,159.31732190428858,160.94218468573234,157.85194431108553,160.2942352294922,5851600
2026-07-29,159.48678673058302,162.52718135503895,158.79895456333654,161.1216278076172,3961300
2026-07-30,159.48679388487847,159.64627908162976,157.0245614825019,158.7590789794922,6297700
2026-07-31,158.5497516125327,158.5597146841827,156.6058878850458,156.84512329101562,3766700
2026-08-03,158.78898672610964,159.9852245969417,155.2401862433254,157.00462341308594,4549800
2026-08-04,156.63578147588146,157.9915044555184,154.81153557756735,157.05445861816406,7351600
2026-08-05,157.62266588056272,159.99518501806733,157.33358470007167,159.41700744628906,6044900
2026-08-06,161.34094673133788,161.61008656099608,159.18773682929444,161.55027770996094,6853800
2026-08-07,159.95531486477924,161.9888917982969,158.72917260893294,160.85247802734375,4722500
2026-08-10,160.28427023071964,160.34409429341224,157.73232447784292,158.3204803466797,4045800
2026-08-11,157.41332540772845,158.4998933530801,155.00093891909648,155.25015258789062,3900400
2026-08-12,153.15676406436705,154.82150968116713,151.65151885907747,152.1300048828125,4344500
2026-08-13,153.0,154.0399932861328,151.42999267578125,153.80999755859375,5377000
2026-08-14,153.2100067138672,153.57000732421875,151.7100067138672,152.11000061035156,3929800
2026-08-17,151.0,153.30999755859375,150.41000366210938,150.85000610351562,6908500
2026-08-18,153.05999755859375,153.42999267578125,150.85000610351562,150.85000610351562,6574600
2026-08-19,144.13999938964844,150.5399932861328,141.94000244140625,144.5,12894900
2026-08-20,142.2100067138672,142.49000549316406,139.30999755859375,140.69000244140625,12330200
2026-08-21,140.61000061035156,141.92999267578125,139.58999633789062,140.52999877929688,9696100
2026-08-24,141.19000244140625,141.19000244140625,139.1699981689453,140.7100067138672,7310000
2026-08-25,140.9199981689453,142.49000549316406,139.42999267578125,139.47999572753906,6069500
2026-08-26,139.1999969482422,139.25,136.74000549316406,136.8300018310547,10469800
2026-08-27,135.85000610351562,135.89999389648438,134.1699981689453,134.22000122070312,7037900
2026-08-28,134.75,135.55999755859375,133.5500030517578,135.1199951171875,6800200
2026-08-31,135.10000610351562,135.5500030517578,133.0800018310547,133.91000366210938,11952500
2026-09-01,134.00999450683594,134.67999267578125,133.0399932861328,133.27000427246094,7177700
2026-09-02,133.36000061035156,133.5,131.17999267578125,131.30999755859375,6998900
2026-09-03,131.6199951171875,132.36000061035156,130.14999389648438,132.19000244140625,7841200
2026-09-04,131.77999877929688,133.11000061035156,131.77999877929688,132.0800018310547,7265600
2026-09-08,131.25999450683594,132.0,128.3699951171875,128.9199981689453,11170900
2026-09-09,128.08999633789062,128.1300048828125,125.80999755859375,126.12000274658203,8368000
2026-09-10,126.37999725341797,127.08000183105469,125.55999755859375,126.41999816894531,6192600
2026-09-11,127.12000274658203,127.36000061035156,124.87000274658203,126.0199966430664,5933200
