Date,Open,High,Low,Close,Volume
2015-01-02,36.377890140966834,36.577049711140155,36.07571230244759,36.52897644042969,1249300
2015-01-05,36.52897558682887,36.69380009669658,35.95209373198694,36.08258056640625,1406300
2015-01-06,36.19246560622809,36.94103851822439,36.10318554705507,36.17873001098633,2181100
2015-01-07,36.240540871194106,36.76934952797548,36.0139074669462,36.62512969970703,1244300
2015-01-08,36.74874225045223,37.16766872971933,36.74874225045223,37.03031539916992,1490100
2015-01-09,37.13332021908812,37.23633584189654,36.549572009296725,36.824275970458984,1617300
2015-01-12,36.906693103699034,37.02344170908602,36.52897086322026,36.71439743041992,1275700
2015-01-13,36.886109558194235,37.4011827780827,36.61140541279911,36.89297866821289,1383300
2015-01-14,36.78308589073593,37.35996783563221,36.63886343966402,37.332496643066406,1226300
2015-01-15,37.34623524339484,37.88877693132612,37.16767509715127,37.806365966796875,1375800
2015-01-16,37.85443759360619,38.390115389131736,37.66901096667011,38.36264419555664,1717200
2015-01-20,38.45878891978183,38.54806898474594,37.916244661626465,38.29396438598633,1735100
2015-01-21,38.184078899485066,38.81590316738396,37.90937486023078,38.76782989501953,1259200
2015-01-22,38.86398428144667,39.01507323639015,38.534337795949696,38.87771987915039,1252400
2015-01-23,38.98759594387805,39.31724237782302,38.8708446915534,39.11121368408203,1343200
2015-01-26,38.966997199060074,39.173025910453205,38.66481931053944,39.1592903137207,1996400
2015-01-27,39.056262786197784,39.48205829619376,39.008189522133144,39.20735168457031,1209100
2015-01-28,39.15928674768951,39.839181695352075,38.90518478077095,39.0013313293457,2276800
2015-01-29,38.96010877653841,39.54385955919115,38.76781575720598,39.46831512451172,1506400
2015-01-30,39.39965618173953,39.47520065286248,38.25962786611362,38.30083465576172,2491800
2015-02-02,38.34891123741091,38.71976451680008,37.909382589155925,38.60988235473633,1520100
2015-02-03,38.51373377250754,38.58240913777517,38.101673721510025,38.43132019042969,1850300
2015-02-04,38.37637194613192,38.472518484189976,37.86816544808645,37.98491668701172,1437700
2015-02-05,38.177217767316755,38.541201914790925,37.84757130209156,38.47252655029297,1501100
2015-02-06,38.26650007432477,38.300837758581366,36.51524935946724,36.693809509277344,2686000
2015-02-09,36.632010110160486,36.851774490035176,35.862834780599094,36.130672454833984,2342800
2015-02-10,36.15126404196727,37.00285273137655,36.08945516435049,36.941043853759766,1521700
2015-02-11,36.61708385481598,36.61708385481598,35.64801066405436,35.827980041503906,3594500
2015-02-12,35.9525781387006,36.23637775249881,35.544183314892244,36.18100357055664,1990100
2015-02-13,36.15332610520236,36.15332610520236,34.98351810205762,35.27423858642578,3922000
2015-02-17,35.21886973279386,35.689562375551176,34.893537354281584,35.30885314941406,2452500
2015-02-18,35.27425592991596,36.17410888557941,35.13581640431058,36.13949966430664,1889500
2015-02-19,36.13256393048938,36.160252352260365,35.49574343232297,35.627262115478516,1416400
2015-02-20,35.689548418625996,35.94565963745117,35.23270016643215,35.94565963745117,3689900
2015-02-23,35.89028870250184,36.38174887185055,35.88336791837595,36.36790466308594,1921200
2015-02-24,36.319442965099434,36.60324257873291,36.17408012649714,36.38174057006836,1639200
2015-02-25,36.4648124256103,36.50634505297669,35.62033415275076,35.696475982666016,1510700
2015-02-26,35.689560685408125,35.73801410452854,35.135802797437776,35.15657043457031,1731900
2015-02-27,35.24654568397249,35.46805037216903,35.03888784433297,35.28807830810547,1319100
2015-03-02,35.15656365395231,35.18425207111325,34.27747621293856,34.68587112426758,1854600
2015-03-03,34.69279128488981,35.080421196639016,34.16672457084915,35.0734977722168,2462500
2015-03-04,34.90045996872779,34.94199260662268,34.402081516556954,34.568206787109375,1331100
2015-03-05,34.73431683822033,35.01119566745813,34.56818901257521,34.94197463989258,1386700
2015-03-06,34.48514308501981,34.48514308501981,33.35686487532466,33.502227783203125,2828700
2015-03-09,33.57144786123917,33.813714985475656,33.51607100969162,33.654510498046875,1472600
2015-03-10,33.58528769415023,33.993682679255514,33.419159801686526,33.467613220214844,1857400
2015-03-11,33.55759062601647,33.73756268319255,33.0661331415579,33.10074234008789,2199100
2015-03-12,33.27379950443203,33.77910132596114,33.23919029702847,33.61297607421875,2019700
2015-03-13,33.59913784271316,33.61990284274814,32.88617536885192,33.37071228027344,2007400
2015-03-16,33.481452330589526,34.36746322122851,33.481452330589526,33.959068298339844,1589500
2015-03-17,33.83447608022446,34.11827578822426,33.6475832031739,33.70988082885742,1172600
2015-03-18,33.7098911092542,34.81740185858955,33.53684238963844,34.55436706542969,1882400
2015-03-19,34.42976045005219,34.99735980890256,34.11827235299703,34.35361862182617,1809500
2015-03-20,34.65819027007432,34.94891343267897,34.305172116033,34.74125289916992,2817600
2015-03-23,34.6997159562529,34.976592211298154,34.59588571029041,34.72740173339844,1793400
2015-03-24,34.64435037561997,34.92122936112594,34.20826689762788,34.34670639038086,1518400
2015-03-25,34.353617398714725,34.658182060262384,33.95906670332988,33.97983169555664,1051500
2015-03-26,33.91061040887981,34.173642423078846,33.66141996131229,33.827545166015625,1611300
2015-03-27,33.834476045678514,34.47129387155931,33.76525499470466,34.229026794433594,1753500
2015-03-30,34.305164492019784,34.588964165495085,34.12519242171089,34.42283630371094,1075500
2015-03-31,34.360540552452825,34.66510787551912,34.042131660622545,34.263633728027344,2133000
2015-04-01,34.256714599599114,34.63049770609264,33.83447543803758,34.561279296875,1373600
2015-04-02,34.61664791667875,34.699713162967235,34.42975771381125,34.4643669128418,1258100
2015-04-06,34.60972791100022,35.066576213804915,34.56127450316583,34.7689323425293,1262800
2015-04-07,34.755089911048636,34.78969911262619,34.27055316742446,34.29132080078125,934900
2015-04-08,34.27749149498794,34.38131914486209,33.9590824772182,34.16674041748047,1287400
2015-04-09,34.20133125874313,34.20133125874313,33.7583271867262,33.95214080810547,976200
2015-04-10,34.069822057446274,34.58204462786981,34.035210211987774,34.36746597290039,1317400
2015-04-13,34.360535845387375,34.637414711970074,34.20133142128172,34.21517562866211,1145100
2015-04-14,34.388224839748645,34.672024494548594,34.180567006567905,34.45744323730469,1172600
2015-04-15,34.485143168797094,34.87969397575396,34.3743921114147,34.40208053588867,1083000
2015-04-16,34.40207546109856,34.45744966136454,33.87600603574972,34.229026794433594,1149100
2015-04-17,34.069818742069536,34.58204126264806,34.069818742069536,34.29132080078125,1116500
2015-04-20,34.42283174520931,35.163479639868484,34.38822254873702,34.83815002441406,1177300
2015-04-21,34.87968539000668,35.23962689802706,34.5058996731571,34.72740173339844,1724900
2015-04-22,34.83123914356827,34.92814598479188,34.49206519928565,34.803550720214844,967400
2015-04-23,34.81046286494441,35.267311140167145,34.74124182899398,35.06657409667969,1326400
2015-04-24,35.00427751827151,35.675707063999376,34.85199387519609,35.3780632019043,1667900
2015-04-27,35.40574950726768,35.44035870394629,34.55434795400173,34.75508499145508,1466900
2015-04-28,34.533596966609906,34.948915416691825,34.39515748324927,34.84508514404297,1129600
2015-04-29,34.58203825233648,34.65818007348676,34.18056679606127,34.54050827026367,1101600
2015-04-30,34.450530330693745,34.49206296303117,33.63374037831703,34.00060272216797,2045500
2015-05-01,33.94522412038418,34.37438403686705,33.869082291223236,34.33285140991211,1700800
2015-05-04,34.30515931524014,34.82430517426943,34.24286170653613,34.50589370727539,1491400
2015-05-05,34.291323795272895,34.78278136592401,33.11459235528827,33.2045783996582,2771600
2015-05-06,33.16305129584235,33.481460256038396,32.588531010315876,32.98308181762695,1848300
2015-05-07,33.05230484730716,33.41916728127619,33.04538406047414,33.0869140625,1233800
2015-05-08,33.66142534909867,33.79986480218483,33.19765357733698,33.28763961791992,1367200
2015-05-11,33.22534227130694,33.682190621916895,33.100747026548504,33.149200439453125,1044100
2015-05-12,32.96972050392915,33.20018160002429,32.71132690919161,33.03955841064453,1455300
2015-05-13,33.16527139958319,33.41667992788124,32.57166104787604,32.711334228515625,1019300
2015-05-14,32.9697174171925,33.221128529742415,32.87194702098831,33.20716094970703,804300
2015-05-15,33.23508705781751,33.62617120016148,33.221119481586356,33.52141571044922,984600
2015-05-18,33.40968413563469,33.77283319476633,33.39571655674002,33.70299530029297,1126100
2015-05-19,33.50745044932476,33.849649430524394,33.38174491860187,33.68204116821289,862100
2015-05-20,33.654114242141205,34.31057721065111,33.59824658373988,34.03123092651367,1488600
2015-05-21,34.01028060913086,34.1290010472888,33.77283706877139,34.01028060913086,952400
2015-05-22,33.933467598499334,33.933467598499334,33.563335959313555,33.75887680053711,894700
2015-05-26,33.72395494540364,33.821725353756854,33.4096910156656,33.68903732299805,1497900
2015-05-27,33.451598092997,33.89855011137463,33.451598092997,33.73094177246094,1579100
2015-05-28,33.66109652615328,33.84266973070178,33.54237343299038,33.75188446044922,1484200
2015-05-29,33.81473894100075,33.91251200966827,33.54936288960579,33.71696853637695,2377900
2015-06-01,33.758879051025936,34.010290243098574,33.563338196766914,33.76586151123047,1481500
2015-06-02,33.542386030478525,33.542386030478525,32.851007905142815,33.13733673095703,1625500
2015-06-03,33.04653826600117,33.05352338814432,32.452930757923404,32.62752151489258,1321600
2015-06-04,32.508794520679544,32.71132041387401,32.187548205708254,32.32023620605469,2502300
2015-06-05,31.89423920209702,31.99899472517288,31.60791045827244,31.782501220703125,2268700
2015-06-08,31.74060829611029,31.796475967376367,31.49617957519409,31.572999954223633,1885900
2015-06-09,31.55902439931276,31.831388219091274,31.531091902756938,31.566009521484375,1036800
2015-06-10,31.726635105809866,31.936143498112404,31.50315913214799,31.62187957763672,1397600
2015-06-11,31.845358105976853,32.08978680330801,31.740605233444036,32.03391647338867,1265800
2015-06-12,31.880281727973703,32.06883745105916,31.782508640390567,31.82441139221191,1311300
2015-06-15,32.026929819407634,32.16660296186817,31.719648373185738,31.79646873474121,1914700
2015-06-16,31.78250168594445,32.1805710810336,31.677748825378806,32.15961837768555,1376000
2015-06-17,32.16659832140836,32.55069740973072,32.026925199097526,32.36912155151367,1759100
2015-06-18,32.75323146489137,33.03956023815269,32.61355830777865,32.82306671142578,2082100
2015-06-19,32.86497246266241,33.01861055189424,32.50182328658367,32.52975845336914,2608400
2015-06-22,32.13866301273624,32.64846764233239,32.13866301273624,32.32023620605469,1422900
2015-06-23,32.1666013629863,32.26437175863578,31.789484696301,32.04787826538086,1643300
2015-06-24,32.019937358851124,32.159610469301896,31.88026691244335,31.971052169799805,2174800
2015-06-25,32.04088582399286,32.04088582399286,31.92216276337965,31.9780330657959,2579800
2015-06-26,31.90821312694312,32.285329888144304,31.6707695362658,32.2713623046875,1988700
2015-06-29,31.908207978486026,32.71830903995992,31.52410881955373,31.538076400756836,6870600
2015-06-30,32.01305274631076,32.1323198999779,31.52194687688537,31.550010681152344,10635600
2015-07-01,31.66225954763041,32.33577471400907,31.550007019900633,32.2235221862793,4529500
2015-07-02,32.51818853799498,33.04437283586746,32.46206360457068,32.72866439819336,3216300
2015-07-06,32.637445633017755,32.88299713900145,32.405923347681096,32.79179382324219,2803700
2015-07-07,32.80582277433979,33.731909231766515,32.80582277433979,33.58457565307617,2831800
2015-07-08,33.4512756552084,33.66174874898007,33.219753378642146,33.268863677978516,1920100
2015-07-09,33.37412232364899,33.61967397307813,32.68657502893514,32.84092330932617,2261400
2015-07-10,32.88301222956344,33.3460543364238,32.69358554816895,33.1566276550293,1963800
2015-07-13,33.22676649732927,33.5144136472097,32.88299176878425,33.12152862548828,1997900
2015-07-14,33.170655956555095,33.395161033908536,32.92510436454715,33.128562927246094,2551300
2015-07-15,33.19871531073917,33.31096783437089,32.9952567753094,33.247825622558594,1749800
2015-07-16,33.63368622755893,34.13180920243182,33.60562510995637,33.97044372558594,2662600
2015-07-17,33.81611268130294,33.95642903459867,33.52144807175072,33.57757568359375,1677300
2015-07-20,33.57055159738348,33.70385331036696,33.23379402343956,33.39515686035156,1309500
2015-07-21,33.35307075190631,33.47233791318808,33.093484560330964,33.33903884887695,1907400
2015-07-22,33.33902294533865,33.81609671551343,33.30394454265445,33.69682693481445,2722800
2015-07-23,33.542507340334524,33.57758577011787,32.85495994659297,33.04438400268555,1891400
2015-07-24,33.05839538574219,33.23379010207872,32.94614287433925,33.05839538574219,1356800
2015-07-27,33.06541840831119,33.64772757586801,33.03033999422174,33.45128631591797,1791800
2015-07-28,33.65473804593064,33.788037062988366,33.416201131614635,33.71788024902344,2222500
2015-07-29,32.27264439868814,33.893293374355586,32.27264439868814,33.788055419921875,2675100
2015-07-30,33.83715394052116,34.59486052481087,33.53547476451449,34.216007232666016,2082200
2015-07-31,34.46155382851875,34.707108042250404,34.321237517287955,34.37736511230469,2133200
2015-08-03,34.40542799929651,34.770249328317426,34.30720738692761,34.63694763183594,1870100
2015-08-04,34.54574291190256,34.66501002887439,34.06165180432996,34.124794006347656,1844000
2015-08-05,34.27213174976189,34.419465368042275,33.9774698658239,34.14584732055664,1526100
2015-08-06,34.145851567818966,34.58784712501536,33.85118964722919,34.55276870727539,1860200
2015-08-07,34.45454127634413,35.170152097707074,34.29317844549433,35.10700988769531,2500200
2015-08-10,35.07192101479162,35.21925190209935,34.75621005891048,34.89652633666992,2098200
2015-08-11,34.87548846963,35.88576385620086,34.86145656967082,35.42272186279297,4007000
2015-08-12,35.37620239238891,36.165631460474856,35.214088214685404,35.9189338684082,2650900
2015-08-13,35.72157794577311,35.975322811316964,35.43259133529767,35.9189338684082,1921000
2015-08-14,35.820255152650525,36.193822480848304,35.60175203664033,36.18677520751953,1827400
2015-08-17,36.137430171717405,36.47575569902671,35.9682660636766,36.15152740478515,2074700
2015-08-18,36.11629140451109,36.32774455657769,35.90483556367178,36.13743591308594,1721900
2015-08-19,36.003511810084724,36.47575703568478,35.792055995091836,36.3206901550293,1592500
2015-08-20,36.09513528153791,36.64491656748809,35.982360115737976,36.27839660644531,2105900
2015-08-21,36.081043522938586,36.54624148852681,35.996462807951396,36.15857696533203,3199700
2015-08-24,35.848451832861656,35.86254906916075,34.21321006498735,34.37532424926758,3743200
2015-08-25,34.84756094794689,34.97443335449007,33.14183610917872,33.18412780761719,3265100
2015-08-26,33.51540967568943,33.71276828344005,32.88809748570453,33.63523483276367,2577400
2015-08-27,33.93831899028264,33.99470524390028,33.44492649945765,33.96651077270508,1895700
2015-08-28,33.959463097821015,34.35417762356921,33.487215121588996,33.97356033325195,1759100
2015-08-31,34.02289134992458,34.05813308586735,33.36738484405498,33.58588790893555,3378900
2015-09-01,33.43786751357794,34.79821946074893,32.7400720168299,32.95857238769531,3440700
2015-09-02,33.28281032036619,33.28985759335452,32.58501198852692,32.916290283203125,2269700
2015-09-03,33.007914587945805,33.296901122545414,32.89513673173905,33.1418342590332,1935900
2015-09-04,32.87401169589731,33.03612592703956,32.5991222305355,32.82467269897461,2591800
2015-09-08,33.24756040769871,33.40967723620131,33.057254491890205,33.31804656982422,2013100
2015-09-09,33.34623983426277,33.69866256588721,32.993817102638324,33.03610610961914,2062700
2015-09-10,32.98676419128464,33.62817339790953,32.97266696062817,33.296897888183594,3366900
2015-09-11,33.14889209025057,33.74801254272461,33.02906961301953,33.74801254272461,1739000
2015-09-14,33.88191859820548,34.185002339201176,33.79733790197491,33.994693756103516,2132300
2015-09-15,34.00881383147416,34.156830821497174,33.57885741293463,34.022911071777344,1719500
2015-09-16,33.95945872187701,34.29073698988452,33.88897524257739,34.12862014770508,2018300
2015-09-17,34.06518371092793,35.08016024525129,34.015842053118874,34.671348571777344,2158900
2015-09-18,34.318935112008575,34.98149177049356,34.31188783828492,34.77003860473633,4115100
2015-09-21,34.79117876642076,35.05197088196802,34.70659804844348,34.89690399169922,1547500
2015-09-22,34.6431624502934,34.95329354754188,34.53038726140554,34.713645935058594,1382200
2015-09-23,34.734778072564886,34.91803936972531,34.49513054542777,34.87574768066406,1920900
2015-09-24,34.76297543125916,35.48191807263214,34.664297503991236,35.376190185546875,2195700
2015-09-25,35.453734294785036,36.16562987964018,35.263425653945724,35.95417404174805,2223400
2015-09-28,35.84140610182348,36.29955692492896,35.82026158926493,35.93303680419922,2121400
2015-09-29,35.92598633620093,36.222020240799495,35.799113894580685,36.03171157836914,2572400
2015-09-30,36.158585511352854,36.856383969044906,36.05286026482399,36.80704498291016,1870700
2015-10-01,36.89866470340558,36.99029538083224,36.313644275464135,36.70835876464844,2358000
2015-10-02,36.92685983682376,37.25108816122312,36.41937015426996,37.08897399902344,2125000
2015-10-05,37.27222987825423,37.34271335101579,36.70130406930586,37.18059921264648,1850700
2015-10-06,37.04668658297874,37.04668658297874,36.40527717931068,36.74360275268555,2382000
2015-10-07,36.87048529421206,36.87048529421206,36.27136474236429,36.41233444213867,2753500
2015-10-08,36.313632709337355,36.97618636955278,36.22905202029896,36.969139099121094,1818200
2015-10-09,36.99029283784874,37.145359713791514,36.63082280307594,36.90571212768555,2270300
2015-10-12,36.90571934882482,37.356820142989335,36.90571934882482,37.194705963134766,1414600
2015-10-13,37.152417279232864,37.314531472281935,36.828188893134715,36.96210861206055,1683600
2015-10-14,36.99028488966797,37.10306004191076,36.73654012492876,36.82817077636719,1501200
2015-10-15,36.96210839840466,37.399114678469694,36.7717997323324,37.3568229675293,1648900
2015-10-16,37.53302227089003,37.7233308754796,37.370908131151985,37.56826400756836,1899200
2015-10-19,37.50483373105901,37.69514236571357,37.229944377259955,37.68809509277344,2164700
2015-10-20,37.568275761552975,37.814973373029865,37.462550518439734,37.61761474609375,1426300
2015-10-21,37.81496473506373,37.9418371488369,37.40615302651185,37.46958923339844,1680400
2015-10-22,37.53303137018772,37.97708488855056,37.392061700526355,37.87135696411133,1649000
2015-10-23,37.70219179223044,37.737433533975995,37.12421593475862,37.222896575927734,1685600
2015-10-26,37.11012782667906,37.25814478095085,36.83523574032328,37.251094818115234,1442500
2015-10-27,37.15240442210144,37.30747128734307,36.93390404519417,37.13125991821289,1276200
2015-10-28,37.13831944440534,37.28633908678336,36.15153706493221,36.58149337768555,1747500
2015-10-29,36.412321799066056,36.51804970937938,35.67928176578386,36.15857696533203,1921800
2015-10-30,36.28545370880372,36.53919857279377,36.16563123901552,36.34184265136719,1587500
2015-11-02,36.341856969072815,36.5462602444628,36.10220924630893,36.44758224487305,1607700
2015-11-03,36.398214923864465,36.60262072898145,36.102181155437165,36.567378997802734,1658500
2015-11-04,36.243167241299865,37.504841781434685,36.10220024205814,36.64493179321289,2126100
2015-11-05,36.63081648740873,36.79997787856932,36.39821621359812,36.42641067504883,1501200
2015-11-06,35.88368889360014,36.04580305671181,34.50219218195689,34.89690399169922,3223400
2015-11-09,34.77707647044051,34.87575440851432,34.43170099841003,34.671348571777344,2611800
2015-11-10,34.80510634375385,35.27467908510293,34.741076657979654,35.26756286621094,2088700
2015-11-11,35.33160076926886,35.67310605013546,35.16796299181461,35.56638717651367,1308900
2015-11-12,35.45255898741306,35.92924268665365,35.17508334825447,35.21065902709961,1426800
2015-11-13,35.21776411583886,35.50235319431116,34.81933994878616,34.876258850097656,1225800
2015-11-16,34.854919485664006,35.85809216320138,34.719738437074554,35.83674621582031,1781900
2015-11-17,35.72290703341967,36.03595556151044,35.16084509802268,35.24622344970703,2227900
2015-11-18,35.29602691313723,35.68022136210071,35.00432432352629,35.6233024597168,1908600
2015-11-19,35.72290330485661,35.97191940021446,35.445430475950054,35.75847625732422,2069200
2015-11-20,35.915008542674414,36.2067111606584,35.78694371389676,35.93635177612305,1313300
2015-11-23,35.8509781212238,36.05018888193287,35.445440378898574,35.51658630371094,1554800
2015-11-24,35.39563220648868,35.49523757141589,34.876259436480595,35.132389068603516,2098100
2015-11-25,35.21776705174353,35.22488055797918,34.776656385976914,34.911834716796875,2006500
2015-11-27,34.99720732835823,35.445434175552,34.91183169071646,35.24622344970703,814000
2015-11-30,35.338708354244794,35.49523259951578,35.07546525323271,35.08969497680664,2510300
2015-12-01,35.352940010089945,35.53080749342233,35.039894216480214,35.509464263916016,2404600
2015-12-02,35.36005415854064,35.55215135497516,34.60589509632092,34.6414680480957,1892300
2015-12-03,34.420915093419325,34.61301229529377,34.1363260430774,34.235931396484375,1664100
2015-12-04,34.39245412526042,35.21775907791864,34.32842172746615,35.182186126708984,2108100
2015-12-07,35.06122747007506,35.708664816629,35.06122747007506,35.63040542602539,3495100
2015-12-08,35.573506119227645,35.98616009295139,35.51658720669618,35.92924118041992,2315700
2015-12-09,35.772718903027624,36.121340476841624,35.45255950112811,35.530818939208984,2294900
2015-12-10,35.50236228574806,35.50236228574806,34.52053269903878,34.54899215698242,2507400
2015-12-11,34.47073000465905,34.88338128866869,34.186140853309226,34.54899215698242,1781600
2015-12-14,34.78376687723253,35.30313963678734,34.65570206374859,35.24622344970703,2505700
2015-12-15,35.416980923356405,35.90078081140106,35.32449176390894,35.51658630371094,1693000
2015-12-16,35.65176559189619,36.5482166846588,35.65176559189619,36.441497802734375,2249400
2015-12-17,36.46284193764897,36.69762836896374,35.801174539998435,36.46995544433594,2681900
2015-12-18,36.29207684766087,36.34899573995899,35.559263750596735,35.74424743652344,2564900
2015-12-21,35.91499980603895,36.18535912480706,35.60195403075742,35.85096740722656,1516900
2015-12-22,35.88654007826565,36.23516151663747,35.50234840243907,36.09998321533203,1328100
2015-12-23,36.23515809703397,36.74030101712936,36.135552756625515,36.66915512084961,1334900
2015-12-24,36.68338103408093,36.76875664356049,36.59088920728709,36.69049453735352,799200
2015-12-28,36.56244355167591,36.99644069406466,36.48418141596086,36.91817855834961,1170600
2015-12-29,36.99643278390265,37.38062716033637,36.982203060993015,37.20987319946289,1226800
2015-12-30,37.245455601135305,37.62253656882347,37.08181781721294,37.16007995605469,1062700
2015-12-31,36.98220337527748,37.06757899941869,36.29207673552709,36.50551986694336,1113900
2016-01-04,36.23516902788486,36.51264190673828,35.95057992883156,36.51264190673828,1877400
2016-01-05,36.50552825728945,37.0106713277856,35.88654737638458,36.90394973754883,2421100
2016-01-06,36.626461485419426,36.97508284835146,36.54108587749303,36.80432891845703,1507900
2016-01-07,36.38457585851657,36.911064859825686,36.36323262672117,36.7972297668457,1892300
2016-01-08,36.84702438416728,37.117380974533944,36.54820563423293,36.619354248046875,1905100
2016-01-11,36.81857319072781,37.13161901954528,36.6691651392951,36.91817855834961,1743000
2016-01-12,37.081814834713526,37.081814834713526,36.29919893732769,36.67627716064453,1688900
2016-01-13,36.88970475074504,37.323701724243016,36.761639981055744,36.882591247558594,2114300
2016-01-14,36.854140390246336,37.992493862163755,36.57666756264192,37.70790481567383,3495900
2016-01-15,37.152970079873285,37.65099698653935,37.010675514807374,37.53004837036133,2478900
2016-01-19,37.643869631948085,38.66838523826723,37.45888866523958,38.55455017089844,3583900
2016-01-20,38.291324306473506,38.58302696741521,37.416216323648406,37.66522979736328,3517700
2016-01-21,37.70790783016942,38.1134454897101,37.003551376521514,37.33082962036133,2907300
2016-01-22,37.53003549475565,38.22016213443232,37.2810221268528,38.14901351928711,2685800
2016-01-25,38.16323966542723,38.24150177773068,37.71501293117046,37.85730743408203,2158700
2016-01-26,37.964032069178096,38.59723980875236,37.87865644612278,38.319766998291016,2337800
2016-01-27,38.01384953060612,38.56168186024754,37.67234419148742,38.12057113647461,2202800
2016-01-28,38.07076444972345,39.287380402343366,37.67945643143795,38.91741561889648,2629500
2016-01-29,39.308709092758896,39.64310078973375,39.07392274023389,39.29447937011719,2736400
2016-02-01,39.266021394794215,40.21939113514206,39.02412152891365,39.90634536743164,2625700
2016-02-02,39.74270202957575,39.949028915508,39.42965359187391,39.93479919433594,2112800
2016-02-03,40.12691154184683,40.589365441728745,39.991730496584886,40.304779052734375,2758000
2016-02-04,39.90635068112475,40.67473683656122,39.90635068112475,40.12690734863281,2548700
2016-02-05,39.85654986409337,40.63205227534813,39.28737440492535,40.58936309814453,2658100
2016-02-08,40.66761352805846,41.37196982196142,40.26918946429052,40.88105392456055,3146700
2016-02-09,40.717437007990945,41.19412342739345,40.59648838330336,40.83127212524414,3001900
2016-02-10,40.64106441420085,40.94965826500715,39.722458253302335,40.50470733642578,2365600
2016-02-11,40.605195681927995,40.76307898753583,39.99518316601088,40.00236129760742,1797100
2016-02-12,40.02390464697271,40.27508459030833,39.42107004531116,39.9521369934082,1475500
2016-02-16,40.18176746143817,40.18176746143817,39.27751471414098,39.995174407958984,1738300
2016-02-17,39.97363852952361,40.0382280002215,39.40668681313702,39.85163497924805,2071200
2016-02-18,39.77989661302183,40.86356207911815,39.715307099303786,40.62673568725586,1742700
2016-02-19,40.64108450296301,40.84920381177731,40.174604431586616,40.56931686401367,1435300
2016-02-22,40.78461253628616,41.01426348023534,40.44013338270719,40.97837829589844,1413500
2016-02-23,40.80614312779424,41.222384454126704,40.74155362606011,41.15779495239258,1225200
2016-02-24,41.071686488887096,41.40180947217828,40.70568104874357,41.1865119934082,1898900
2016-02-25,41.394630670047455,41.68887117227708,41.16497967990021,41.60992813110352,1429000
2016-02-26,41.48790297162455,41.595550270355545,40.289410001309655,40.50470733642578,1528800
2016-02-29,40.49755006427856,40.96403011378733,40.40425350684573,40.44013595581055,1872500
2016-03-01,40.755908077073855,40.89226247820232,40.14589549405043,40.44013595581055,2028500
2016-03-02,40.239197484950886,40.46884847452177,39.36365137617704,40.35402297973633,2340700
2016-03-03,40.41860267364538,40.56213519167589,39.65788224444223,40.52625274658203,1646100
2016-03-04,40.33247985861697,41.00707906082675,40.08847542587645,40.9353141784668,1317800
2016-03-07,40.77742863748669,40.97119710735083,40.58366016762256,40.842018127441406,2664700
2016-03-08,40.89943940406293,41.617099312809984,40.82049637607591,41.45921325683594,2357200
2016-03-09,41.45921844565037,42.01899236848169,41.29415697449897,41.68169403076172,1770700
2016-03-10,41.59556725208442,41.89698583442691,41.19367945916812,41.56686019897461,1839100
2016-03-11,41.86827653814145,42.01180905834521,41.559682577882676,41.7319221496582,1914600
2016-03-14,41.58839516387276,41.86110671478575,41.358744196047766,41.660160064697266,1718500
2016-03-15,41.54532721694139,41.954393101976855,41.54532721694139,41.8682746887207,1792500
2016-03-16,41.78215985967464,42.27734420044479,41.33003336039872,42.17687225341797,1746400
2016-03-17,42.28451557610969,42.67923066999472,42.06921817613466,42.4854621887207,1856300
2016-03-18,42.471102086166475,42.65769240720611,41.97591786914799,41.98309326171875,4525900
2016-03-21,41.87545814894376,42.241466266682835,41.53098169190762,42.02616882324219,2120200
2016-03-22,42.083578753981136,42.24864021287997,41.73910230875895,41.79651641845703,1674800
2016-03-23,41.83240311867447,42.471120096859146,41.60275213185876,42.219940185546875,1749300
2016-03-24,42.10511059861155,42.499825786042635,42.06205275100498,42.262996673583984,1101100
2016-03-28,42.34193657643274,42.614648120926155,42.04052071487849,42.11228561401367,945500
2016-03-29,42.227109223867174,42.80841473666021,42.09793022102428,42.76535415649414,1290000
2016-03-30,42.77970504760742,42.88017699081631,42.478286480325615,42.77970504760742,969800
2016-03-31,42.751002790451594,43.174422268357745,42.55005888149798,43.109832763671875,2143600
2016-04-01,42.95194570133009,43.23183537356867,42.5357043656476,43.03806686401367,2400800
2016-04-04,43.059599138846856,43.28925011524159,42.55006120607451,43.13854217529297,1810900
2016-04-05,43.06676830046472,43.131357799330246,42.32040410404159,42.327579498291016,3575200
2016-04-06,42.18404619268217,42.37781468568798,41.9185128078913,42.2055778503418,1290400
2016-04-07,42.026171469175615,42.51418049844868,41.9902862782966,42.27735137939453,1425400
2016-04-08,42.30604816644916,42.68640700605734,42.27016572193698,42.29169464111328,1424700
2016-04-11,42.341923666172875,42.66487108912375,42.12662629675715,42.148155212402344,1998600
2016-04-12,42.21276229205568,42.46394220479471,42.06922974006663,42.43523788452149,1250100
2016-04-13,42.471114676988854,42.471114676988854,41.83239778031281,42.05487060546875,1613600
2016-04-14,41.932870364380626,42.14816779808539,41.73910185274972,41.89698791503906,1258900
2016-04-15,41.93286895242005,42.32040596263275,41.85392592393354,42.19122695922851,1255700
2016-04-18,42.13381172719629,42.442405700683594,41.96875028006557,42.442405700683594,972000
2016-04-19,42.43523030631062,42.521348727062474,42.13381172719629,42.442405700683594,1482300
2016-04-20,42.34911372487603,42.6577077317153,40.97120789330531,40.99273681640625,1992300
2016-04-21,40.86355167807863,40.88508333560805,39.80141540768297,40.1171875,3131700
2016-04-22,40.332493727202774,40.68414560440097,40.2535506868689,40.65544128417969,1995500
2016-04-25,40.60520605697478,40.842032444725646,40.41861291495941,40.777442932128906,1793000
2016-04-26,40.71285511671788,40.91379905865965,40.61955854182097,40.69850158691406,1639100
2016-04-27,40.84920467818659,41.71039720025588,40.78461790824556,41.40898132324219,2098300
2016-04-28,41.15062442725473,41.7606343309732,40.906619918236224,41.68169403076172,1948000
2016-04-29,41.516632030534616,41.846757728054904,41.02144759073786,41.77499008178711,1908100
2016-05-02,41.84674560103404,42.126632496228865,41.58838762465266,41.92568588256836,2011300
2016-05-03,42.2199385440247,42.62182638649884,41.87545933953887,42.30605697631836,2610500
2016-05-04,42.28452767489588,43.42560723267881,42.28452767489588,43.13136672973633,2269600
2016-05-05,42.99500628267188,43.411250356009745,42.815591300230814,43.03806686401367,1719400
2016-05-06,43.01654294507704,43.05242813814687,42.15535306451839,42.521358489990234,2493000
2016-05-09,42.87301131935739,43.18160261305691,42.557239154627865,43.11701583862305,2416100
2016-05-10,43.13135168825006,43.368180729753526,42.90887890852173,43.08111572265625,2321300
2016-05-11,43.23670373833337,43.51168271075761,42.9400168440184,43.461029052734375,2011600
2016-05-12,43.25841116938561,43.6925889251949,43.13539593284422,43.5478630065918,2086900
2016-05-13,43.526161150042775,43.58404986930006,43.06303759389607,43.35248947143555,1511300
2016-05-16,43.29460459015307,43.540635119328726,42.9038453489601,43.52616500854492,1544200
2016-05-17,43.44656985339986,43.533404328699085,42.39731005203567,42.62163543701172,3201900
2016-05-18,42.368348273748914,42.80252600677973,41.72432086819122,41.89075469970703,2017100
2016-05-19,41.71708275684361,42.28874578478301,41.42763095604074,42.27427291870117,1589300
2016-05-20,42.46242305764211,42.46242305764211,41.95588371916182,42.33940505981445,4460600
2016-05-23,42.49137446703936,42.585443981001184,41.941416451116616,41.96312713623047,1014200
2016-05-24,42.07166348110049,42.62162141808145,41.85457598404686,42.599910736083984,1540300
2016-05-25,42.36836606921786,42.57098353390205,42.136805618508774,42.513092041015625,1482800
2016-05-26,42.5130785400609,43.22223254020247,42.48413280281004,43.17881393432617,2009200
2016-05-27,43.28736316807392,43.32354396285506,42.94725762421223,43.22223663330078,1102900
2016-05-31,43.08474209021436,43.65640794801001,43.07750427608581,43.518917083740234,2866500
2016-06-01,43.5189150560061,43.808366878481394,43.39589982572525,43.74324035644531,2266800
2016-06-02,43.678116057292854,43.757715450545426,43.14263098658659,43.5478630065918,2060700
2016-06-03,43.98204716634961,44.72738483631257,43.96757429543192,44.51753234863281,1498100
2016-06-06,44.42345127129521,44.683957375393426,44.105056455407016,44.2208366394043,1813100
2016-06-07,44.271496649487624,44.50305705070666,43.96757189762656,44.06888198852539,1861100
2016-06-08,44.03268771653672,44.65500717851249,43.902434677499144,44.61159133911133,1270300
2016-06-09,44.57541566926261,45.132608710180584,44.39450894534447,45.09642791748047,1736100
2016-06-10,45.00235693576884,45.34969752437994,44.93723040287816,45.248390197753906,1876200
2016-06-13,45.3135076606332,45.50165216706598,45.118128101068585,45.24114608764648,2020400
2016-06-14,45.241153969619575,45.725982666015625,44.944467052017536,45.725982666015625,2517800
2016-06-15,45.72599030342278,45.76940891828151,44.99512822935114,45.27010726928711,1557100
2016-06-16,45.27010567136442,45.77664235808012,45.27010567136442,45.6898078918457,1697900
2016-06-17,45.581261373023274,45.88518335754089,45.25562870359893,45.80558395385742,2635200
2016-06-20,45.80557674272156,45.83452247776186,45.04576914062578,45.54507064819336,1641200
2016-06-21,45.624663260292245,45.84898853289776,45.34244928662465,45.51612091064453,1624900
2016-06-22,45.61743958472691,45.68980116920557,45.37864138719582,45.50165939331055,1578800
2016-06-23,45.55231259104469,45.55231259104469,45.12537262196259,45.42929458618164,1267400
2016-06-24,45.38586674792558,46.2831622950784,45.19048721094471,45.82004165649414,2872200
2016-06-27,46.022674335513976,46.76800923367196,45.849005407990674,46.65946960449219,5070400
2016-06-28,46.68840527040046,46.68840527040046,45.90688965195006,46.54368209838867,3426600
2016-06-29,46.76800989537557,46.89826297306986,46.16016588002602,46.42790985107422,2644500
2016-06-30,46.49302769177995,47.252838134765625,46.341066707349825,47.252838134765625,3201900
2016-07-01,47.25284430720234,47.448221163895155,46.623286843039665,47.07193756103515,1799900
2016-07-05,47.05745022021055,47.83173068030585,47.05745022021055,47.62911605834961,2495900
2016-07-06,47.55674953645187,47.62911110522047,47.035737407983866,47.50609588623047,2533600
2016-07-07,47.397561271873926,47.397561271873926,46.44237399837338,46.58709716796875,2291000
2016-07-08,46.478547452685085,47.07192115243845,45.96477037474802,47.05744552612305,2005000
2016-07-11,46.768014248968555,47.02128813311032,46.21805890561168,46.97063446044922,1496100
2016-07-12,46.68116421061068,46.7752337026705,46.051606936823696,46.10226058959961,1699200
2016-07-13,46.2904145612965,46.51473713791778,46.17463436549976,46.500267028808594,1882400
2016-07-14,46.18186024852521,46.54367363358756,46.02989928929912,46.30487823486328,1435900
2016-07-15,46.34831335487284,46.572635966900485,46.051623623371434,46.28318405151367,1787000
2016-07-18,46.40619713601526,46.6956490377718,46.39896484107732,46.49303436279297,1169000
2016-07-19,46.52920991405831,46.57986357408652,46.246993116221624,46.43513488769531,858700
2016-07-20,46.500269750884726,46.659468564581175,46.14569132776566,46.32659530639648,1076700
2016-07-21,46.21080659587198,46.948903482039874,46.015427034092085,46.833126068115234,2277100
2016-07-22,46.8548380938391,47.41202833389587,46.79694662138693,47.31795883178711,1529400
2016-07-25,47.21665834951884,47.375857161387295,46.91996865088482,47.36138153076172,1234700
2016-07-26,47.44097880698487,47.4916324702295,46.63775248922358,46.79695129394531,1989400
2016-07-27,46.43512851390203,46.905487018649914,45.85622764988568,46.30487823486328,1593600
2016-07-28,46.26146598486074,46.55815013050167,46.16015866480434,46.43513488769531,1183900
2016-07-29,46.53645381382691,47.15877351842688,46.44962210117146,46.97063446044922,1590100
2016-08-01,46.90549236521714,47.20941431831216,46.88378444297246,47.08639907836914,1750600
2016-08-02,46.84759293521719,47.12980691813513,46.5074874889228,46.76076126098633,1728800
2016-08-03,46.782485553586866,46.782485553586866,45.92860549284137,46.09503936767578,1517900
2016-08-04,46.07332207518365,46.48578917550786,46.0299062290974,46.203575134277344,1089500
2016-08-05,46.06609597679392,46.09504172009048,45.1760350735598,45.28458023071289,1836800
2016-08-08,45.371391851895225,45.66807867023331,45.04575930483717,45.13983154296875,1578500
2016-08-09,45.183258243809746,45.508890869194005,45.02406221839089,45.21220397949219,962800
2016-08-10,45.44926557044291,45.45655840242182,45.22314882463355,45.43467712402344,1003800
2016-08-11,45.37632280349072,45.55138137599931,45.24502956972467,45.51491165161133,987900
2016-08-12,45.7045478837135,45.8941920867958,45.43466863155215,45.55866622924805,1378200
2016-08-15,45.60972492473038,45.71184124931296,44.59585172714447,44.617733001708984,1807200
2016-08-16,44.50832861115535,44.51562144263718,43.77892303466797,43.77892303466797,2990800
2016-08-17,43.902916457803336,44.51561719488632,43.268334445901345,44.40620803833008,2855900
2016-08-18,44.33327567412313,45.179386138916016,44.31139439443958,45.179386138916016,2486500
2016-08-19,45.0189047526144,45.10643262653032,44.428085343144865,44.7198486328125,1626500
2016-08-22,44.78550614237825,45.12832489140883,44.690682632770745,44.9313850402832,1128200
2016-08-23,44.887624451010815,45.20126910368225,44.632330803566155,44.64691925048828,1017500
2016-08-24,44.50833770429912,44.63233534205344,44.07069259951803,44.54480743408203,1271500
2016-08-25,44.55939307245022,44.83656800975263,44.3624532050876,44.67609786987305,975800
2016-08-26,44.82197790429852,44.916801418216366,43.38504787843186,43.53092956542969,2481500
2016-08-29,43.68411499295661,44.08528764553046,43.65493809177898,44.01234817504883,1087100
2016-08-30,43.98315609517454,44.238449718682666,43.37775090820902,43.443397521972656,1780900
2016-08-31,43.487164190574376,43.691399665196265,43.26834305147969,43.67681121826172,1817900
2016-09-01,43.6403408111175,43.75704560231085,43.3923427820239,43.6330451965332,1685800
2016-09-02,43.574685868318944,44.209267875308015,43.53821336728805,44.17279815673828,1639400
2016-09-06,44.29680363249604,44.8876231952357,44.22386418238768,44.82926940917969,1738500
2016-09-07,44.79279572280996,44.80738416803382,44.44268138482173,44.573974609375,1848300
2016-09-08,44.435390910153195,44.93138697528296,44.42080524570386,44.79280090332031,1524800
2016-09-09,44.39892728388042,44.42810418171106,43.05682059075403,43.1005859375,2172400
2016-09-12,43.09328482387562,43.97586494519851,43.09328482387562,43.8956298828125,2447700
2016-09-13,43.80810750197649,43.90292823994651,43.15893408936283,43.37775802612305,2123600
2016-09-14,43.50904875478051,43.96857231744879,43.37775551331478,43.74245834350586,1988000
2016-09-15,43.55280835533105,43.97586494519851,43.4288107370702,43.8956298828125,2161600
2016-09-16,43.80809900206689,44.42079978469934,43.53821694108328,44.3405647277832,2509100
2016-09-19,44.48645254125045,44.86574103685235,44.34786368472111,44.83656692504883,1447000
2016-09-20,44.938677560328635,45.11373333874547,44.64691421968534,44.68338394165039,1591100
2016-09-21,44.785507387398745,45.60973375682905,44.56668346953485,45.587852478027344,1321500
2016-09-22,45.72643417199618,45.9452580689193,45.47114333553445,45.81396484375,1055500
2016-09-23,45.66808902262018,46.09843847524881,45.47114915964147,45.9306755065918,1527500
2016-09-26,45.821257859246096,46.00360925244031,45.59514112999914,45.77749252319336,1481300
2016-09-27,45.95985817431299,46.20785625729094,44.93139610894078,44.989749908447266,1760600
2016-09-28,45.15019795471875,45.15749078485301,44.39890845768591,44.7198486328125,1626500
2016-09-29,44.55210373726789,44.57398501898302,43.72057886008616,44.04151916503906,1736800
2016-09-30,44.12904194338564,44.39892125552037,43.42881318529794,43.67681121826172,2245300
2016-10-03,43.66222414685264,43.66222414685264,42.8234065076917,43.05681610107422,1799000
2016-10-04,42.954686539069876,43.071391299863166,41.57611068268003,41.88975524902344,3239400
2016-10-05,41.86788700040882,42.43682253845641,41.61988895876672,41.794944763183594,2929100
2016-10-06,41.576110330813655,41.9554014957971,41.328112368419134,41.80222702026367,1692600
2016-10-07,42.1304698677753,42.49517269925087,41.598004067716374,41.64176940917969,2110500
2016-10-10,41.78035301036129,42.02105820046883,41.58341315912647,41.86058807373047,1555100
2016-10-11,41.68553343716802,41.802238228264464,41.182241764814464,41.27706527709961,2672400
2016-10-12,41.3864608396453,41.99186583409028,41.3864608396453,41.88245391845703,1597400
2016-10-13,41.83140919789684,42.743166179389455,41.83140919789684,42.43681716918945,2019000
2016-10-14,42.26175029181946,42.56810202422336,42.042929215794366,42.11587142944336,1647800
2016-10-17,42.21800055798935,42.48058704189098,42.21800055798935,42.3347053527832,1514300
2016-10-18,42.55352610669401,42.74317035307938,41.97000213805238,42.52434921264648,1489500
2016-10-19,42.48787533755612,42.58999167428946,42.159642267726475,42.43681716918945,1414000
2016-10-20,42.48058216731482,42.69940328463622,42.21070009957234,42.34928894042969,1663200
2016-10-21,42.130472544729635,42.3492964834884,41.904358555623126,42.07941436767578,1486900
2016-10-24,42.2982415862493,42.39306233243775,41.94812437007189,42.15965270996094,1348600
2016-10-25,42.07211179891339,42.414933293338265,42.042934909502485,42.40034484863281,1849200
2016-10-26,42.466004120074025,43.15893736418678,42.218006051061806,42.91094207763672,2266200
2016-10-27,42.94739724464685,42.94739724464685,42.290931172100514,42.51704788208008,2328200
2016-10-28,42.51704770557594,42.947397066356174,42.4659895426411,42.684810638427734,1515600
2016-10-31,42.86715721491406,43.85914903935206,42.77233373045607,43.56009292602539,1855200
2016-11-01,43.5455093599882,43.574686248082735,42.58998714335108,42.684810638427734,1654700
2016-11-02,42.597287309168856,42.597287309168856,41.860586109583814,42.29093551635742,1922700
2016-11-03,42.18153079530749,42.67023125357014,41.9772953177463,42.480587005615234,1279200
2016-11-04,42.77963907958446,43.03492992377479,42.05752631929229,42.10129165649414,2101800
2016-11-07,42.31280917667322,42.735865675718635,41.59069933514535,42.728572845458984,2600200
2016-11-08,42.96198498704786,43.35586184168119,42.750456724631064,43.04221725463867,1926200
2016-11-09,42.413320494581114,42.413320494581114,41.2952444151908,41.361446380615234,3228200
2016-11-10,41.19225158977248,41.42763566009123,39.471003821817014,40.78768539428711,4371900
2016-11-11,40.75090872529616,41.140763080617006,40.228647668583854,40.419898986816406,2598000
2016-11-14,40.14037063704895,40.23599627543159,39.89763208546098,40.147727966308594,2689500
2016-11-15,40.3757705639265,40.95687634030294,40.331637794986555,40.88331985473633,2325300
2016-11-16,40.97159315927599,41.265821943166415,40.33164267816389,40.559669494628906,1230700
2016-11-17,40.383112551131184,40.84652328491211,40.383112551131184,40.84652328491211,1487200
2016-11-18,40.765609497934776,41.07455279312105,40.64791748214929,40.84652328491211,2456700
2016-11-21,40.82445778820427,41.19960021972656,40.772967705563936,41.19960021972656,1576000
2016-11-22,41.3172926569408,41.78070621140115,40.964216598399275,41.62623596191406,1765000
2016-11-23,41.07455065437606,41.574742396919234,40.89801123689071,40.98628234863281,1057200
2016-11-25,41.12605763294079,41.714517923040106,41.10399124893707,41.60418319702149,662100
2016-11-28,41.67773725177269,42.79581314079234,41.67038272620012,42.692832946777344,1812900
2016-11-29,42.64868853411915,43.03118832259547,42.53835383740436,42.68546676635742,2126700
2016-11-30,42.258831190611254,42.258831190611254,41.19224569620611,41.19960021972656,3693100
2016-12-01,40.83182892936503,40.978944713638406,40.55231202584583,40.7362060546875,1854500
2016-12-02,41.03042081535926,41.501188919581494,40.72148029921313,40.92744064331055,1770100
2016-12-05,40.750899480545336,40.97157165413695,40.4272443403453,40.96421432495117,1515400
2016-12-06,41.03777480921325,41.10397674386259,40.721476988777376,40.76560974121094,1241500
2016-12-07,40.87595681367018,41.51590712792172,40.87595681367018,41.420284271240234,2851500
2016-12-08,41.17018733170289,41.68508825831018,40.93480324925396,41.5379753112793,1179000
2016-12-09,41.5159165056204,42.06759861293499,41.442360013711905,42.0455322265625,1520600
2016-12-12,41.92046789972176,42.66339825539155,41.81013040252368,42.6192626953125,1705700
2016-12-13,42.58983654359062,42.98704531133282,42.49421091154215,42.89877700805664,1721700
2016-12-14,43.14151721823009,43.34012019389368,41.79541230007416,41.86161422729492,1759300
2016-12-15,41.66302331752557,42.222062637164505,41.412927370529125,42.03081130981445,2103900
2016-12-16,42.2882602898771,42.839942222237994,42.06758527213321,42.67075729370117,3048500
2016-12-19,42.94292884918653,42.97234975743755,42.376534976856746,42.78110122680664,1082100
2016-12-20,42.6854719218893,43.03854804481968,42.48686607661604,42.994415283203125,1433300
2016-12-21,42.93556807078139,43.318067907336186,42.93556807078139,43.00177001953125,1232900
2016-12-22,42.942922722976895,43.2592205910512,42.83258521327677,43.18566131591797,1085100
2016-12-23,43.26656890900051,43.34748269704031,43.0532512507136,43.20036697387695,622300
2016-12-27,43.19301725468002,43.22979548806186,42.75902736637587,43.08267974853515,730500
2016-12-28,43.07532370916272,43.193015735444625,42.57513189596486,42.58984375,904300
2016-12-29,42.80315910393504,43.32542010710812,42.6339769896111,43.28863906860352,1250500
2016-12-30,43.38426000683312,43.48724016906517,42.97233655190595,43.14152145385742,1221800
2017-01-03,43.1415339067186,43.20773585954834,42.567782713527606,43.02384185791016,1678200
2017-01-04,43.03854527376337,43.516670737822025,42.97970066006351,43.35484313964844,1615600
2017-01-05,43.340133196496375,43.509318132594984,42.83258680619915,43.413692474365234,2157600
2017-01-06,43.2150933452157,43.46518931681525,43.03119933098074,43.237159729003906,1505000
2017-01-09,43.32542441530469,43.49460654645177,42.6486930847168,42.6486930847168,1576200
2017-01-10,42.69282860380046,42.817875167812495,42.39124257800722,42.736961364746094,1317200
2017-01-11,42.6266178366982,43.20772338757788,42.57512775558218,43.14152145385742,1290900
2017-01-12,43.17831039428711,43.31071429457553,42.832588787311835,43.17831039428711,1171300
2017-01-13,43.053256268973335,43.332775894964435,42.94292156823955,43.20772933959961,835200
2017-01-17,43.43576466901941,43.847688262226335,43.21509241787281,43.656436920166016,1221900
2017-01-18,43.560805283806545,43.86239128771337,43.49460334119288,43.678497314453125,936100
2017-01-19,43.31072057851903,43.45047902421226,42.91350882002241,43.07533645629883,1229300
2017-01-20,43.06795574375801,43.25184966478687,42.7957935263149,43.03117752075195,1381500
2017-01-23,43.18566715076751,43.27393829285376,42.88408109697232,42.95028305053711,1148400
2017-01-24,42.95028209717124,43.09739785804967,42.8105236676366,42.979705810546875,1066000
2017-01-25,42.81787803467024,43.00177203358842,42.73696422618628,42.766387939453125,1324400
2017-01-26,42.70754849096742,43.06062467492925,42.57514457123172,42.8693733215332,1186900
2017-01-27,43.03118637872024,43.0679646092971,42.7296003983914,42.83258056640625,734300
2017-01-30,43.02384191332443,43.02384191332443,42.516292672309454,42.81787872314453,1103900
2017-01-31,42.97234307694046,43.443114013768465,42.77374005162165,43.43575668334961,1969700
2017-02-01,42.86936165698066,43.03854377372037,42.08229568493103,42.08965301513672,3887800
2017-02-02,41.868972753775,42.17056152239817,41.22902260010879,42.163204193115234,3431100
2017-02-03,42.25883549347642,42.589845205581845,42.04551781167522,42.39859390258789,1668000
2017-02-06,42.589839748567165,42.604548795221106,42.17791629228225,42.28825378417969,1207600
2017-02-07,42.41330430757753,42.67075473819442,42.22205581711917,42.58984375,1647600
2017-02-08,42.65604727259964,43.12681539519164,42.553064290533214,42.90614318847656,1549900
2017-02-09,42.89143667919163,43.09004253178603,42.575138781281986,42.62662887573242,1373100
2017-02-10,42.44106175451551,42.79733475391155,42.39652656781371,42.70826721191406,1974200
2017-02-13,42.775073273029115,42.975477388082695,42.522712850154946,42.96063232421875,1022500
2017-02-14,42.893834520078464,42.91610070202307,42.24066581277212,42.57467269897461,1660100
2017-02-15,42.24066724005146,42.50787275804211,42.032841984461726,42.329734802246094,2095700
2017-02-16,42.40395291077701,42.67857949910795,42.210969922237005,42.66373443603515,2264500
2017-02-17,42.76764462944368,42.82702487837941,42.30745902581624,42.70826721191406,1469100
2017-02-21,42.60435717920916,43.19072160010782,42.500441737299475,43.101654052734375,1268600
2017-02-22,43.03486265838718,43.39855971084812,42.96064015694141,43.34660339355469,1831600
2017-02-23,43.495042618051926,44.1630563679448,43.420820126466744,43.99976348876953,2731400
2017-02-24,44.185326949183946,44.37088602803173,44.02203688515455,44.1556396484375,3412400
2017-02-27,44.07398752682228,44.25954658178198,43.925539716573226,44.192745208740234,1774200
2017-02-28,44.0220273355904,44.78652966855192,44.0220273355904,44.73457336425781,3471800
2017-03-01,44.20758982243101,44.78653316195579,43.97007446101539,44.47479248046875,2915700
2017-03-02,44.333765414730834,45.04631144747058,44.20758662684008,44.63066101074219,2854000
2017-03-03,44.534173935008475,44.68262174773981,43.598957528192166,44.00718688964844,2863600
2017-03-06,43.91810968331918,44.02202511807912,43.74739571617984,43.895843505859375,3072600
2017-03-07,43.858739076917104,44.22985719304218,43.79193770275833,44.00718688964844,1776800
2017-03-08,43.64349064093313,43.68060188690284,43.23526127245308,43.33175277709961,1563900
2017-03-09,43.33175177755158,43.613799505540605,43.0868124632697,43.13134765625,1541500
2017-03-10,43.34659490421187,43.59895532367293,43.264948469767646,43.584110260009766,1456200
2017-03-13,43.50988521769302,44.029451123574106,43.47277397400288,43.97007369995117,2854400
2017-03-14,43.925518579223315,44.16303382876477,43.76222578338665,43.918094635009766,1681700
2017-03-15,44.09624798018562,45.009198072245425,44.06655785571064,44.77168273925781,2237800
2017-03-16,44.630656951399224,44.65292312808269,44.148202359613585,44.31891632080078,1830900
2017-03-17,44.504484213313674,44.786534776942794,44.33377021810321,44.541595458984375,3682700
2017-03-20,44.578700651533815,44.786525850995446,44.17789248279553,44.31891632080078,1279900
2017-03-21,44.28923210095638,45.24671746565296,44.28923210095638,45.08342742919922,1820600
2017-03-22,45.24671164315059,45.617829690416734,44.90528371920318,45.172489166259766,1888700
2017-03-23,45.11311332275815,45.50650041661176,44.89786698620384,45.03889083862305,1547900
2017-03-24,45.09083803800158,45.55102357580157,45.00919162309715,45.33577728271485,1576000
2017-03-27,45.551022490059346,45.66978013670627,45.04630178395849,45.26155090332031,2440600
2017-03-28,45.127959012897,45.43969967968971,44.94982391593515,45.395164489746094,1554500
2017-03-29,45.283826577792865,45.40258424935513,44.97208875171924,45.22444915771485,1430000
2017-03-30,45.03889156426491,45.15764923963819,44.66034952742071,44.85333251953125,1374400
2017-03-31,44.78653608318314,45.224455590245455,44.704889641482374,45.00178527832031,1176600
2017-04-03,44.87560245496022,45.00178408827186,44.45252802406845,44.979515075683594,1669500
2017-04-04,44.912709346111974,45.20960494631244,44.82364179861435,44.986934661865234,1227400
2017-04-05,45.061153401170635,45.52876294163104,44.92012956006939,45.476806640625,1567600
2017-04-06,45.35062841165957,45.42485372677865,45.053735645402035,45.14280319213867,2061900
2017-04-07,45.31352214671416,45.38774746998561,44.77169002816212,44.8013801574707,2516900
2017-04-10,44.83849307563476,45.00178596151532,44.638088942437705,44.942405700683594,2063300
2017-04-11,44.883014651541615,45.06114971716848,44.57127403958587,45.00919342041016,1867300
2017-04-12,44.905298670824585,45.36548440986389,44.83849728681832,45.35063934326172,1431800
2017-04-13,45.350628669678,45.37289768004356,44.85333179687902,45.03889083862305,1469100
2017-04-17,45.172495135515945,45.26898663334955,44.99435720346977,45.23187255859375,1709600
2017-04-18,45.23929824395915,45.46196854401589,45.10569549764381,45.24671936035156,1621800
2017-04-19,45.2096075065259,45.2689877624912,44.7123106041455,44.89044570922851,1716600
2017-04-20,44.89043987322885,44.89043987322885,44.24469524629193,44.36345291137695,3188800
2017-04-21,44.39315318783532,45.06116414492969,44.35603910849114,44.7568473815918,2712100
2017-04-24,44.74942263920128,45.10569568706956,44.44510590051755,45.06858444213867,1890500
2017-04-25,44.89786512651473,45.11311145415343,44.75683844853064,45.07600021362305,1374900
2017-04-26,45.061149624321445,45.261553696293106,44.86074555234979,44.93497085571289,1580500
2017-04-27,44.942394747467134,45.36546909285947,44.90528350919528,45.15022277832031,1167700
2017-04-28,45.076008249603184,45.113119496749626,44.81622668817145,44.92013931274414,2859800
2017-05-01,44.94240610940093,44.98694130542973,44.65293441373044,44.78653717041016,1637700
2017-05-02,45.20961226948346,45.43228258999938,44.793958928155455,45.016632080078125,1515200
2017-05-03,45.02404577551477,45.29867236450218,44.986934533447226,45.03889083862305,1849700
2017-05-04,44.90528449815252,45.51391787971416,44.90528449815252,45.476806640625,1782700
2017-05-05,45.65494317230681,45.996373944437835,45.61783193203778,45.72174453735352,1702600
2017-05-08,45.78112228659768,45.78112228659768,45.38773806469939,45.69205474853515,1175800
2017-05-09,45.62525966603553,45.71432721635544,45.20218526275803,45.23187255859375,1490000
2017-05-10,45.381606033179274,45.38909387570483,45.01478171113211,45.2393684387207,1540600
2017-05-11,45.16448769868624,45.30672523189229,45.00727448687815,45.28426742553711,1724200
2017-05-12,45.32919049403232,45.58372281242785,45.28427487393421,45.50886154174805,963600
2017-05-15,45.48640124749137,45.77836705938622,45.34416368972807,45.67355728149414,1284700
2017-05-16,45.6511091360962,45.8008345661518,45.35166113176005,45.35914611816406,1942400
2017-05-17,45.35913953846901,45.733451631423605,45.25433260936566,45.50137710571289,1415200
2017-05-18,45.666073951266696,46.002955395832586,45.27678904374328,45.59869766235352,1571000
2017-05-19,45.643614486442274,45.77087921879242,45.2767874032561,45.67355728149414,3581200
2017-05-22,45.523843537582295,46.20509151879033,45.523843537582295,46.100284576416016,1533500
2017-05-23,46.17513739260628,46.4820731771642,46.040384818334566,46.1377067565918,1862500
2017-05-24,46.12273306326475,46.47458731788484,46.070329602675514,46.38475036621094,1271400
2017-05-25,46.384747725009426,46.848896714905514,46.264967985372365,46.77403259277344,1074000
2017-05-26,46.77404472864184,46.97617362718088,46.71415627117194,46.7515869140625,858300
2017-05-30,46.75158891672746,46.94622998156109,46.66923978537569,46.84142303466797,1271400
2017-05-31,46.87136210451825,47.14086727623431,46.87136210451825,46.9836540222168,2021400
2017-06-01,46.86387282206955,47.29058837890625,46.66174680527292,47.29058837890625,1471500
2017-06-02,47.53015366080834,47.64244558194166,47.23818781200217,47.59004211425781,1618000
2017-06-05,47.51518028086234,47.54512307935142,47.11092251562469,47.19327163696289,1189900
2017-06-06,47.260654136939905,47.33551542665475,46.93125760833423,47.04355239868164,1659300
2017-06-07,47.11092960498292,47.52267241785913,46.93125850813728,47.447811126708984,1165000
2017-06-08,47.44780441042357,47.44780441042357,46.82644492988567,47.14835357666016,1446100
2017-06-09,46.94623453719421,47.2831160818808,46.83394259281561,47.26065826416016,1046700
2017-06-12,47.29058768190931,47.58255350850328,47.03605820439463,47.36545181274414,1905400
2017-06-13,47.36545520602526,47.44780432795581,47.125895681740815,47.41037368774414,689100
2017-06-14,47.754733767553034,47.964347609356686,47.5750627204539,47.73227310180664,1261300
2017-06-15,47.68736426126898,47.904465974443525,47.50769318862716,47.82211685180664,1717800
2017-06-16,47.911947075309826,48.18894007549666,47.8295979593502,48.08413314819336,2648900
2017-06-19,48.03920887456178,48.03920887456178,47.575062715286506,47.7846794128418,1199000
2017-06-20,47.85204831473891,48.06166213668504,47.76221422758688,48.016746520996094,912800
2017-06-21,48.024252989499786,48.0691686226116,47.447811899771125,47.81463623046875,995200
2017-06-22,47.75472846330578,47.93439663467427,47.59751809941482,47.63494873046875,1014400
2017-06-23,47.619989024253265,47.84457572821539,47.36545666488956,47.507694244384766,1447700
2017-06-26,47.24568266082533,47.91944571065421,47.09595722133277,47.649940490722656,1371000
2017-06-27,47.41036971459051,47.48523098874023,46.774037461219805,46.91627502441406,1353800
2017-06-28,47.11841404521999,47.155847546136044,46.54197297156986,46.55694580078125,1527500
2017-06-29,46.24251959242327,46.24251959242327,45.845749659543735,46.0179328918457,1680100
2017-06-30,46.130222101629975,46.25000185861288,45.860716934474794,45.95055389404297,1669200
2017-07-03,46.07782198643378,46.160171110804306,45.6885370339935,45.74842834472656,637900
2017-07-05,45.76339358173071,45.76339358173071,45.33667805874812,45.5388069152832,1152100
2017-07-06,45.41154819044017,45.59121927212328,45.314226235537866,45.45646667480469,1395100
2017-07-07,45.47893638322104,45.78587230054755,45.389102246772616,45.606201171875,1443000
2017-07-10,45.68104023218334,45.7933321271001,45.53131484985352,45.53131484985352,1814700
2017-07-11,45.61366381567808,45.62863663944342,45.269297436397544,45.546287536621094,1308700
2017-07-12,45.8157932937914,46.02540711789037,45.785847645841784,45.943058013916016,1682500
2017-07-13,45.81579704204265,45.89065831226702,45.50886126488369,45.5388069152832,1877500
2017-07-14,45.815799025053046,45.987982238641095,45.6735586073861,45.8382568359375,1039400
2017-07-17,45.83826327085339,46.122741290348664,45.68105286104348,46.11525344848633,1176900
2017-07-18,46.19011920940575,46.6018619972627,46.10028509432924,46.49705505371094,2388500
2017-07-19,46.519516741124264,46.99115088214415,46.377279142431085,46.93874740600586,2174200
2017-07-20,47.073498893362014,47.15584802697675,46.79650583378966,47.00612258911133,1491400
2017-07-21,46.97617281475843,47.447806903192905,46.908796516410646,47.4403190612793,1040900
2017-07-24,47.4552802577978,47.537629364013675,46.71414401340345,46.789005279541016,1357900
2017-07-25,46.7964944053914,46.8563857082213,46.45212798144295,46.5494499206543,993700
2017-07-26,46.44464089735193,46.961190509928485,46.33983397791098,46.87884140014648,1745300
2017-07-27,46.83392375268811,46.91627000312973,46.46709669475584,46.789005279541016,1308900
2017-07-28,46.7365999274948,46.88632530947466,46.55692889796415,46.68419647216797,1259400
2017-07-31,46.7141497736229,47.185780948839025,46.654258468708385,47.140865325927734,1348300
2017-08-01,47.140867201305504,47.417857358117985,47.028572428010726,47.24567413330078,1269800
2017-08-02,47.07349523258058,47.664906239704976,46.96120044897058,47.64244842529297,1374600
2017-08-03,47.59004306427565,48.03921646932519,47.53015460963065,47.99430084228515,1102800
2017-08-04,47.84457460622293,48.02424567864413,47.55261161234144,47.97932434082031,1129000
2017-08-07,47.93440392340163,48.15899345542364,47.81462417235134,48.13653564453125,829400
2017-08-08,48.02424310018236,48.480904314616865,47.98680960593062,48.45844650268555,986000
2017-08-09,48.55576070885604,48.58570635893627,48.18893649058357,48.263797760009766,1736700
2017-08-10,48.33927758863251,49.0109704145511,47.93172977739497,48.799652099609375,3496700
2017-08-11,48.72417649860249,48.72417649860249,47.89399493373136,48.1807861328125,1801400
2017-08-14,48.17323410214421,48.48266280805588,48.07512080576017,48.33927154541016,2412200
2017-08-15,48.12040266156932,48.70153084620836,48.12040266156932,48.65625,1101000
2017-08-16,48.51285295082518,48.82983039010015,48.51285295082518,48.731719970703125,1304400
2017-08-17,48.754361918986525,48.87511852324509,48.31662786553692,48.34681701660156,1500500
2017-08-18,48.39210136013862,48.94303750683773,48.16568561673336,48.74681091308594,3423700
2017-08-21,48.81473883752027,48.96567883057345,48.58832308994884,48.86001968383789,1242700
2017-08-22,48.84493994082696,48.958147842316365,48.55060285175034,48.94305038452149,1172700
2017-08-23,48.89775990446408,49.139267359718126,48.731722449353434,49.09398651123047,1382100
2017-08-24,49.05624698414445,49.16190613239403,48.890209534611735,48.99586868286133,798600
2017-08-25,49.23738447744177,49.41097068356166,49.01097444623335,49.1317253112793,1259000
2017-08-28,49.26001792453432,49.365682833716605,49.086437501003786,49.34303665161133,933200
2017-08-29,49.42605616481676,49.59209362161161,49.229835314051904,49.25247573852539,1026600
2017-08-30,49.17700866416697,49.27511909538799,49.063800777070504,49.1392707824707,1204400
2017-08-31,49.17699775337541,49.37321857228239,49.09397903845667,49.2222785949707,1232700
2017-09-01,49.3505883422719,49.54681495969029,49.078891720613285,49.15436172485352,1418200
2017-09-05,49.22984661037891,49.50153752439515,49.07890081593288,49.47889709472656,1544100
2017-09-06,49.56190931717303,49.65247678191712,49.36568844721632,49.493988037109375,2707200
2017-09-07,49.6222782782308,49.93925570812817,49.388319569210104,49.90152359008789,2340100
2017-09-08,49.886434697259816,50.43737668871396,49.69020807260585,50.29397964477539,1611600
2017-09-11,50.293969984789186,50.7166065493364,50.15057296839295,50.595855712890625,1452400
2017-09-12,50.5128465706107,50.558127423113895,49.25247960667073,49.53171920776367,1500100
2017-09-13,49.516630210710574,49.65247853362307,49.16191482543945,49.16191482543945,1577800
2017-09-14,49.09398399925714,49.67510930441825,49.00341654892394,49.66756057739258,1367700
2017-09-15,49.810962840679835,49.96190284912136,49.49398536815728,49.863792419433594,2484900
2017-09-18,49.81096171961977,49.92416960239914,49.13926890858547,49.418514251708984,1988500
2017-09-19,49.47135288209225,49.509085011261945,49.04116745520419,49.05625915527344,2038400
2017-09-20,49.154352533574176,49.28265785058245,48.505300254087224,48.67888641357422,1261400
2017-09-21,48.64871475136587,48.90531971962087,48.444945128981125,48.50531768798828,1108000
2017-09-22,48.70152765266871,48.70152765266871,47.97700537088647,48.00719451904297,1244800
2017-09-25,47.924184878620295,48.62606687172923,47.924184878620295,48.482669830322266,1537000
2017-09-26,48.422300474606295,48.535502611613225,48.21852511200836,48.233619689941406,1324700
2017-09-27,47.924188335045066,48.08267708582388,47.2374008693405,47.46381378173828,1828000
2017-09-28,47.32040925453744,47.71285956035096,47.09399639168234,47.66757583618164,1661500
2017-09-29,47.6675780709449,47.6675780709449,47.27512774673242,47.38078689575195,1837900
2017-10-02,47.49398618839467,48.127943846932574,47.43360789758374,47.99964141845703,2562900
2017-10-03,47.93926912126648,47.93926912126648,47.42606513201208,47.788326263427734,1640400
2017-10-04,47.743048197291394,48.407195123049256,47.584559473336554,48.36945724487305,1656600
2017-10-05,48.30908164324102,48.39964333234492,48.06002548222245,48.35436248779297,1310800
2017-10-06,48.18078081931851,48.535493255883225,47.93927337693562,48.527950286865234,1827500
2017-10-09,48.61098011583841,48.678901400467566,48.384564317755334,48.497772216796875,1654400
2017-10-10,48.58832333598627,48.85247696215442,48.42229164598368,48.68643951416016,2081200
2017-10-11,48.73171761799554,49.29020247327776,48.68643677399712,48.85247421264648,1687800
2017-10-12,48.8902121351205,49.53926451345828,48.860022982873154,49.48643493652344,1633300
2017-10-13,49.69775902628941,49.81851564932807,49.07889572819806,49.1317253112793,1316100
2017-10-16,49.05624751572456,49.38832241838837,48.8751183679042,49.078887939453125,1088300
2017-10-17,49.02604892736173,49.46378289515736,48.90529810472299,49.43359375,1290100
2017-10-18,49.365676263475166,49.637367074667445,49.1920901050559,49.58453750610352,1087200
2017-10-19,49.66757050951867,50.271342116494246,49.56191134199686,50.25624465942383,1535600
2017-10-20,50.218505963360755,50.46001342295945,50.07510892991427,50.42227554321289,1577600
2017-10-23,50.44491346473056,50.52793218965988,50.20340601711574,50.41473007202149,1481100
2017-10-24,50.309085393651,50.49776332130557,50.12040746599643,50.42983627319336,1324700
2017-10-25,50.38454305955122,50.527934333975715,49.607191109488824,50.392086029052734,1498900
2017-10-26,50.641140682341195,51.0939664323876,50.42982238285233,50.7769889831543,1428400
2017-10-27,50.716604451427195,51.343016303677466,50.6864210620578,51.19961929321289,1288300
2017-10-30,51.13170940329926,51.282649415684006,50.83737234855435,50.92039108276367,1999100
2017-10-31,50.86756078235342,51.063787402068954,50.6486937369,50.86001205444336,1941600
2017-11-01,51.0939532503082,51.11659942626092,50.384528536195184,50.52791976928711,1484200
2017-11-02,50.648694776272215,51.071331420031946,50.51284646106482,51.02605056762695,1691300
2017-11-03,50.965669763737274,51.826040465261656,50.965669763737274,51.44868469238281,2971800
2017-11-06,51.45622476841423,51.50150561098885,51.04113118484299,51.05622863769531,1170200
2017-11-07,51.21472232593245,51.78830467229366,51.03359318002586,51.50151062011719,1630000
2017-11-08,51.4335929949842,51.66000300391622,51.13925595277808,51.44868469238281,1395500
2017-11-09,51.320378980622145,51.599624292070104,51.14679281231851,51.49396514892578,1532800
2017-11-10,51.25245916721438,51.47132042851308,50.9883055438695,51.26000213623047,1976500
2017-11-13,51.38169446072396,51.99012420996154,51.34367122790668,51.98251724243164,1783000
2017-11-14,51.9140679329272,52.91797287995291,51.81519476992215,52.87994384765625,2485400
2017-11-15,52.94839816516859,53.30584439938188,52.2563091917091,52.29433822631836,1772700
2017-11-16,52.1954551600598,52.39319565818376,52.02053555982373,52.30192947387695,1251000
2017-11-17,52.09659214236166,52.36277794902933,51.80759123832467,51.8608283996582,1108300
2017-11-20,51.94449301850379,52.073782451964675,51.594642147796925,51.70112228393555,1344700
2017-11-21,51.78477033853995,52.066170078397434,51.68590298246779,51.8608283996582,932700
2017-11-22,51.83801177123876,51.96730118745655,51.54900507332227,51.92166519165039,804300
2017-11-24,51.99771758781809,52.42361481952591,51.921659537229175,52.11940002441406,486400
2017-11-27,52.18785399651209,52.39319565818376,51.959691436952525,52.30192947387695,1019800
2017-11-28,52.39320006735187,52.71262303568448,52.256303680578554,52.423622131347656,1820600
2017-11-29,52.3475725568401,53.01684059181977,52.17264713049839,52.67460250854492,1866800
2017-11-30,52.8115022191392,53.02445088898798,52.5605245143534,52.84952545166016,3964800
2017-12-01,52.93317708375866,53.054865336146115,52.27151606925138,52.58333206176758,1371900
2017-12-04,52.84952333483482,52.84952333483482,51.99012172239142,52.157440185546875,1894300
2017-12-05,52.07377489728054,52.08898302742771,51.290425640360105,51.89884948730469,1811600
2017-12-06,52.00532927686334,52.21067677115253,51.79998758498993,52.03575134277344,1175800
2017-12-07,52.26389694213867,52.26389694213867,51.71631153863746,52.26389694213867,1293200
2017-12-08,52.142211616919816,52.46924148428021,51.94447694542876,52.44642639160156,1413600
2017-12-11,52.51488357010424,52.62895904674396,51.96729807257405,52.606143951416016,3172200
2017-12-12,52.38560694335828,52.53011033491863,51.41212384791729,51.457759857177734,2344300
2017-12-13,51.55662197680586,51.89125893261179,51.358881429973586,51.64788818359375,1408400
2017-12-14,51.62506320725561,51.72393637407957,51.11550664832682,51.48816680908203,1070100
2017-12-15,51.60986303212428,52.066182495583725,51.54901888968521,51.84562683105469,3183400
2017-12-18,51.99012657592284,52.08139278318664,51.10030281416216,51.31325149536133,1815200
2017-12-19,51.328459366710966,51.41211860567169,50.27131713157061,50.294132232666016,1242900
2017-12-20,50.31693848535555,50.51467317221873,50.09638290162539,50.149620056152344,1533300
2017-12-21,49.959510067789914,50.172458786215195,49.640081187734594,49.906272888183594,2307000
2017-12-22,49.989918215866,50.134415776018685,49.88343808389949,49.9823112487793,1522500
2017-12-26,50.08879379421624,50.2789273856603,49.69331267465923,49.708526611328125,901100
2017-12-27,49.77696251456458,50.17244355940208,49.7465462518069,50.1039924621582,1358700
2017-12-28,50.1572302916115,50.54510437470207,50.0127327331391,50.52228927612305,1163500
2017-12-29,50.583133407277586,50.83410529406258,50.41581494781045,50.52228927612305,1197300
2018-01-02,50.52228384618169,50.53749197612796,49.875830978786155,50.02032852172851,1561300
2018-01-03,49.830199274336586,50.35496974009775,49.564013459245984,49.84541320800781,1883100
2018-01-04,49.678085786263495,50.14961900390467,49.44992324169835,49.67047882080078,1688000
2018-01-05,49.83779925687372,49.974695628652086,49.07726514753052,49.33584976196289,1546500
2018-01-08,49.290219788039614,49.78456817995502,49.2293814616991,49.76175308227539,1979600
2018-01-09,49.66288364962549,49.70090687669752,49.13050624887985,49.36627578735352,1670400
2018-01-10,49.21417414638299,49.21417414638299,48.40040267268981,48.4232177734375,1998300
2018-01-11,48.53729343286616,48.78066414988876,48.12660425993763,48.354766845703125,1429300
2018-01-12,48.392784118652344,48.73502503345048,47.98969908513131,48.392784118652344,1266900
2018-01-16,48.41561168103709,48.68180041719042,47.6094443075901,48.027740478515625,2173100
2018-01-17,48.179845683351346,48.56771979248493,47.98971211253905,48.347164154052734,2037800
2018-01-18,48.31672943715234,48.590522171636614,47.85280318163258,48.11899185180664,2022600
2018-01-19,48.2482853991311,48.55250021940961,47.92886244892544,47.997310638427734,1780200
2018-01-22,48.24828310517388,48.38517947766974,47.8375968888937,47.9212532043457,1452100
2018-01-23,48.058156064449534,48.80347924798219,48.058156064449534,48.354766845703125,1954800
2018-01-24,48.42320697101727,48.42320697101727,48.020124807952335,48.0961799621582,1401500
2018-01-25,48.04293592910097,48.85670715393328,47.95167265281146,48.78065490722656,1573900
2018-01-26,48.871930582512555,49.09248620251504,48.39279321176421,48.68179702758789,1966600
2018-01-29,48.48404540107135,48.54488951729134,47.9136448669411,47.928855895996094,1930900
2018-01-30,47.98209806822096,48.34715410012113,47.82238659824103,48.157020568847656,2118300
2018-01-31,48.575326118473896,48.97080431230578,47.715924427293416,48.90235900878906,2960200
2018-02-01,48.73504083082249,48.963197646368165,47.34326162656989,47.60944747924805,4066600
2018-02-02,47.350869680825674,47.830007157204115,47.115105877515866,47.160736083984375,1878200
2018-02-05,46.99340674522621,47.79957110324332,46.44582121811451,46.521873474121094,2469900
2018-02-06,46.11119102453081,46.29371761444994,44.93236355217633,45.776554107666016,2744400
2018-02-07,45.78415545210565,46.3849781143219,45.49515166881559,45.52557373046875,1904700
2018-02-08,45.464726262416754,46.26328936542243,45.14530334218029,45.25177764892578,2096500
2018-02-09,45.25178579032101,46.81848731758037,45.2441817247028,46.4686393737793,2797400
2018-02-12,46.445822118419294,46.80327411123578,46.01231786812203,46.60553359985352,2359800
2018-02-13,46.55411755609815,46.99924570469019,45.817356752525654,46.89947509765625,1777900
2018-02-14,46.66156418884666,46.66156418884666,46.139691190712576,46.1550407409668,2105500
2018-02-15,46.2471299213806,47.06831466581313,46.08596405325101,47.060638427734375,2407900
2018-02-16,47.02226340944574,47.66692977379791,46.89179371799404,47.52111053466797,1935600
2018-02-20,47.336914132924576,47.54412860150065,46.362239970789574,46.73829650878906,1374000
2018-02-21,46.761326267292304,47.14505617073135,46.13200945986242,46.13968276977539,2364300
2018-02-22,46.27783361473375,46.715285544605614,46.10131818054224,46.30853271484375,2221500
2018-02-23,46.147366685786665,47.50577112130135,46.147366685786665,47.4673957824707,1617600
2018-02-26,47.390645080052614,47.574836729653214,47.06831335278526,47.29087448120117,1418400
2018-02-27,47.36761867759507,47.53645783883361,46.4696892103704,46.48503875732422,2028700
2018-02-28,46.65388294409366,46.815048802915875,45.978517485889846,45.98619079589844,1910400
2018-03-01,45.97085591207737,46.51575181823019,45.56410011473393,45.763641357421875,2054800
2018-03-02,45.78666642255465,46.36226145950982,45.21874469793602,45.64085006713867,1962700
2018-03-05,45.54874089009195,46.838073671272966,45.34920261740711,46.74597930908203,1993900
2018-03-06,46.62318641563995,46.73063032743674,45.99386956572131,46.10898971557617,1676500
2018-03-07,45.95549370439156,46.193404369024414,45.6178095182647,45.786651611328125,1391800
2018-03-08,45.84037933130799,46.31620364807375,45.67153721699908,46.262481689453125,1455100
2018-03-09,46.27015016379417,46.477364652686326,46.024563271987184,46.469688415527344,1415200
2018-03-12,46.53876020916119,47.02226068633196,46.423642999681185,46.73062515258789,2145800
2018-03-13,46.82272975842939,47.32925320288382,46.485048438002224,46.661563873291016,1806400
2018-03-14,46.79202406436091,47.34459311920068,46.7152763292257,47.045284271240234,1780200
2018-03-15,47.029937235148125,47.67460360656897,47.029937235148125,47.55948638916016,3181300
2018-03-16,47.67460473537986,47.99693939253578,47.43669405719238,47.9278678894043,4860000
2018-03-19,47.92020266830185,48.042996154584955,47.18344175060325,47.406005859375,2362900
2018-03-20,47.51344007341406,47.71297834994133,47.09133773364815,47.2294807434082,1894300
2018-03-21,47.22948552991982,47.81275379764192,46.98389858270764,47.037620544433594,1396200
2018-03-22,46.99924242795913,47.866469949198624,46.90714513821309,47.13738250732422,1924800
2018-03-23,47.31390017501756,47.613209043362,46.33154959177256,46.43132019042969,1670100
2018-03-26,46.53110004952246,47.02994728683282,46.50040094726805,46.930179595947266,1096800
2018-03-27,47.07599095962722,48.2195075127874,46.891799293215534,47.81275177001953,1596400
2018-03-28,47.958558748841234,48.24251802288809,47.64390038364703,47.79738998413086,1433100
2018-03-29,47.81275817125796,48.44975138660156,47.81275817125796,48.11974334716797,1588100
2018-04-02,48.2962543074972,48.472769742561326,47.52879436671718,47.80508041381836,2041800
2018-04-03,47.774363215413544,48.21181498173013,47.63622024419502,48.004600524902344,1692700
2018-04-04,47.93554467703479,48.47276719284787,47.68228443226533,48.34230041503906,2338800
2018-04-05,48.242523184289745,48.74904653190745,47.66692833801386,48.63392639160156,1843500
2018-04-06,48.64928224687435,48.9332415881209,48.23485320118879,48.380672454833984,1633800
2018-04-09,48.3729974048865,48.54951283365369,48.04298940791346,48.07368850708008,2275000
2018-04-10,48.05065932489106,48.22717473043557,47.78204663396317,47.84344482421875,1718600
2018-04-11,47.751354916064486,48.01229139371178,47.597862353749534,47.78205108642578,1305700
2018-04-12,47.912521441107266,48.01996535790181,47.129711997512096,47.23715591430664,2121200
2018-04-13,47.33693006583572,47.5134455034516,47.11436597716152,47.26018524169922,1370600
2018-04-16,47.49042956762696,47.96625398744665,47.39065893959729,47.89718246459961,1264100
2018-04-17,47.95089685615322,48.45742030109885,47.72065945892836,48.365325927734375,1142200
2018-04-18,48.49578354529448,48.772069540787506,47.98926019609953,48.035308837890625,1393200
2018-04-19,47.98926437467933,48.10438452536757,47.57483827298116,47.99694061279297,1012300
2018-04-20,48.02764749465954,48.073693220296626,47.4904249170826,47.69763946533203,1200500
2018-04-23,47.76670865065065,48.15043862624909,47.64391517556424,47.743682861328125,1261100
2018-04-24,47.8818219496176,48.33462340069675,47.6746074285176,48.04298782348633,1291200
2018-04-25,47.88182136419791,48.2885741630727,47.70530594341023,48.19647979736328,1439700
2018-04-26,48.280893877613615,48.84881539396982,48.112051791848614,48.81044006347656,1990700
2018-04-27,48.71067811215885,49.7620943699985,48.633930369801455,49.4781379699707,2284000
2018-04-30,49.59324907168159,49.762085291183574,49.309286868207074,49.33230972290039,2689900
2018-05-01,49.6853480833956,49.83116732574142,49.25557244943388,49.63162612915039,2566200
2018-05-02,49.63930555398882,49.8311705250764,49.18650117748993,49.40906524658203,1737100
2018-05-03,49.386035715120165,49.73139612957413,48.83346666382331,49.50115585327149,1313800
2018-05-04,49.50116315389984,49.60860707061974,48.994639741058045,49.43209457397461,1624500
2018-05-07,49.33999070923152,49.44743461164534,48.98695990769277,49.14044952392578,1239900
2018-05-08,48.92556172229802,48.92556172229802,47.60552994369506,47.68227767944336,1998400
2018-05-09,47.65157907522455,47.66692862253207,46.815047776538705,47.15272903442383,2152200
2018-05-10,47.46739222950435,47.743678253691854,47.10668807803918,47.728328704833984,1490400
2018-05-11,47.893269397159635,48.086855777833506,47.70742812589321,47.92424392700195,1283500
2018-05-14,47.97069134964664,48.11007373828407,47.498340249696746,47.870025634765625,1705500
2018-05-15,47.64547622100382,47.80034590707344,47.1808701166885,47.48286437988281,1308000
2018-05-16,47.5138511832567,47.52933845125421,46.94083408292603,47.211856842041016,1268200
2018-05-17,47.304764429997995,47.35122622115724,46.615597440883526,46.76272201538086,1268900
2018-05-18,46.871120082409846,47.033734840433176,46.4297434975456,46.82466125488281,1283300
2018-05-21,46.85564963939604,46.94857323558811,46.42976016214459,46.615604400634766,1582600
2018-05-22,46.615595720189226,47.03374296350706,46.52267509519418,46.78594970703125,1503600
2018-05-23,47.118918848068624,47.59127003914797,46.909848178669876,47.575782775878906,2197900
2018-05-24,47.73065436019632,48.15654377847099,47.475121890788934,48.12557220458984,1761200
2018-05-25,48.218484892160575,48.55145362616285,48.12556427803459,48.412071228027344,1539200
2018-05-29,48.41207644062426,48.97734824775166,48.34238523405275,48.67535400390625,2256800
2018-05-30,48.71406769440425,49.20964826454145,48.51273919549597,49.09349822998047,1932900
2018-05-31,48.985100765635565,49.32581471601951,48.72956825674162,48.899925231933594,2134100
2018-06-01,48.985085716641635,49.078009285777306,48.15653642548707,48.2572021484375,2286400
2018-06-04,48.419815450986384,48.54371059308009,47.62224065837647,47.66095733642578,1642300
2018-06-05,47.653217509809586,47.846803863404304,47.002767243575605,47.09568786621094,1378400
2018-06-06,47.041484366587646,47.10343341819024,45.84124955377437,45.94965744018555,2041000
2018-06-07,45.94965444350391,46.46846442432045,45.65540237536845,45.98062896728515,1921700
2018-06-08,46.12001214693855,46.174216087521785,45.8412473360001,46.04257583618164,1014100
2018-06-11,46.15098573793653,46.15873084629793,45.28371969674088,45.37664031982422,1870500
2018-06-12,45.38438397628562,46.01160185439941,45.38438397628562,45.94191360473633,2148100
2018-06-13,46.011617375455096,46.27489501615766,45.6863936184136,45.77157211303711,1395500
2018-06-14,45.84898078028889,46.47620148574853,45.78703469734435,46.3523063659668,1837000
2018-06-15,46.32135016655453,46.94082601045133,45.988381346604896,46.92533874511719,4137300
2018-06-18,46.94081177483667,47.397675625013775,46.81691664363065,47.17311477661133,1794800
2018-06-19,47.21184967462209,47.95522070228262,47.21184967462209,47.83132553100586,1861200
2018-06-20,47.8158301363301,48.00167433859735,47.52932315531592,47.90100860595703,1290100
2018-06-21,47.77710613397722,48.23396998423159,47.72290219868373,48.03263854980469,1069300
2018-06-22,48.09459965934351,48.404336088177615,47.908755438928104,48.23398208618164,1696300
2018-06-25,48.3036617952619,49.24061892171534,48.26494512011538,49.12446594238281,2038800
2018-06-26,49.1089825381407,49.48841307371692,49.00831976563316,49.09349822998047,2157100
2018-06-27,48.9850793701931,49.674249126142335,48.783750904269226,49.55035400390625,1541000
2018-06-28,49.19416514097052,50.20855578271456,49.19416514097052,49.914306640625,2029500
2018-06-29,49.81364538595644,50.31697112183154,49.46518933449625,50.06143569946289,1829300
2018-07-02,50.15434196240873,50.56474992970052,49.89881250597101,50.4485969543457,1845500
2018-07-03,50.448602859157894,50.93643832340449,50.28599103774236,50.471832275390625,951700
2018-07-05,50.4718247116831,50.88222675772227,50.29372270094517,50.8589973449707,1672800
2018-07-06,50.92095637043483,51.47074090858894,50.88223673639842,51.42428207397461,1519900
2018-07-09,51.41653777238683,51.41653777238683,49.40323788053036,49.581336975097656,2067600
2018-07-10,49.41098674501535,50.20081949871853,48.93089041475479,49.96851348876953,2444800
2018-07-11,50.022702453544056,50.657665328390266,49.90654948336056,50.572486877441406,1259700
2018-07-12,50.634446728431726,50.866752718405515,50.36342701198679,50.78157424926758,1882600
2018-07-13,50.8357819521602,50.874495681494444,50.13112472950311,50.479583740234375,2506300
2018-07-16,50.48732605029118,50.526045689796845,50.09241408471359,50.363433837890625,1725400
2018-07-17,50.479576742116826,50.502806158054454,50.200811935292585,50.27050018310547,1480100
2018-07-18,50.363429041902336,50.471836932849726,49.81364447844429,50.11563873291016,1236200
2018-07-19,50.27824629353169,50.76608176130809,50.20855213654279,50.51829147338867,1259100
2018-07-20,50.47958276796171,50.549271024093414,49.74395103133371,50.20855712890625,1554200
2018-07-23,50.262760231088336,50.262760231088336,49.682001210189966,49.790409088134766,1538300
2018-07-24,49.627787033000075,50.030449894047614,48.9928270824279,49.89106750488281,1708600
2018-07-25,49.75168384780045,50.40213104213577,49.75168384780045,49.89881134033203,1821600
2018-07-26,50.208550697743114,50.78157052221253,50.1388624505377,50.69639205932617,2340700
2018-07-27,50.711887601718345,51.2616722244633,50.626709119961895,50.86676025390625,2716000
2018-07-30,50.727378713853895,50.74286302545148,50.21630781431814,50.487327575683594,2724700
2018-07-31,50.61895005437668,51.49395804166544,49.9839871990465,51.39329528808594,2810000
2018-08-01,51.04484803662485,51.04484803662485,50.270502626210806,50.7505989074707,1960000
2018-08-02,50.688645510907946,51.07581818292019,50.278243423820754,50.85125732421875,1583200
2018-08-03,50.874501346682166,51.6643371327297,50.64220122144712,51.362342834472656,1375000
2018-08-06,51.41654367738617,51.78822621839262,51.315874978865175,51.478492736816406,1438900
2018-08-07,51.393305096972746,51.416534513171925,50.913208833639494,51.331356048583984,1405300
2018-08-08,51.176486950565945,51.67981266474696,51.02936533524792,51.56365966796875,1658600
2018-08-09,51.56366145588414,51.91212045830121,51.45525356387537,51.86566162109375,1820000
2018-08-10,51.9973030090332,52.42318950166691,51.78822640963098,51.9973030090332,1943200
2018-08-13,52.04649538284343,52.265111560060355,51.85130151649345,52.226070404052734,2507200
2018-08-14,52.163597237535015,52.50714028462042,52.03086686274037,52.11675262451172,1724400
2018-08-15,52.27289853542247,52.95998454060177,52.124555294447816,52.50713348388672,1611600
2018-08-16,52.44467523519173,53.045875549316406,52.13236392522955,53.045875549316406,2392500
2018-08-17,52.967789021211615,53.467490651322535,52.82725519764448,53.29571914672851,1975900
2018-08-20,53.37380767744393,53.4518840273287,53.0536868990196,53.28792190551758,1758100
2018-08-21,53.217635679934375,53.25667086230002,52.6164354944567,52.91312789916992,1836300
2018-08-22,52.920954256585155,52.97560829486317,52.24168348896462,52.49153137207031,1806200
2018-08-23,52.4759130630429,52.92095479550838,52.42125902420832,52.55398941040039,1613000
2018-08-24,52.53055135427944,52.95998007127675,52.31974468392547,52.93655776977539,1189600
2018-08-27,52.95999473317145,53.045880500348254,52.11675590462279,52.3900260925293,1718900
2018-08-28,52.29633411443009,52.499331410876195,52.147984895852304,52.26510238647461,1402000
2018-08-29,52.35098138368899,52.72575015703641,52.23386390820208,52.65548324584961,1313600
2018-08-30,52.85848685096478,53.123953557673175,52.663293020707385,52.959991455078125,1219700
2018-08-31,52.889729634705056,53.21765986528872,52.593037095156625,52.76480865478515,1410800
2018-09-04,53.038061889837486,53.771992516069275,52.7960234734599,53.29571914672851,2139300
2018-09-05,53.35818708042931,53.82665707803502,53.29572957667955,53.81884765625,1594600
2018-09-06,53.80322970554795,54.27949716642532,53.647071068762585,54.09992218017578,1526000
2018-09-07,53.74076950082544,54.03746199339585,53.38161354976338,53.52995681762695,1729600
2018-09-10,53.64707285507857,54.27169550933262,53.52995536280055,53.967193603515625,1327600
2018-09-11,53.99060382614262,54.19360703686441,53.73294659216978,53.842254638671875,1255500
2018-09-12,53.73295069505562,54.13114772734223,53.57679803294122,53.63925552368164,1535000
2018-09-13,53.75638179129247,53.95157562928325,53.38161295818236,53.912540435791016,1148000
2018-09-14,53.70173116224106,53.77980751102259,53.1317684549767,53.71735000610352,1345200
2018-09-17,53.71734873666632,53.795425083602765,53.28791989325074,53.57680892944336,1831600
2018-09-18,53.45188764415548,53.63927208792705,53.06930933404233,53.358192443847656,1857200
2018-09-19,53.4440695286369,53.45187894993666,52.01525518662196,52.28071594238281,1565400
2018-09-20,52.20264393728167,52.53837759894931,51.741983351810454,52.42906951904297,1673400
2018-09-21,52.21044936326888,52.84287548530149,51.53117266997388,52.49933242797851,3377700
2018-09-24,52.44467466511978,52.51494753859773,52.015251830827026,52.03086471557617,1753200
2018-09-25,51.94499100384058,52.03868620459232,51.18763784575187,51.33598709106445,1969500
2018-09-26,51.48433050364468,51.59363858038267,50.719168009635304,50.78163146972656,2340400
2018-09-27,50.86753034332884,51.578033025175195,50.766025705318675,51.4062614440918,1558300
2018-09-28,51.5623983605427,52.17140210405092,51.49212549029967,52.12455749511719,1752300
2018-10-01,51.97620994907973,52.132362621735055,51.72636209872562,52.038673400878906,1447400
2018-10-02,52.17142494438859,52.90535590882059,52.17142494438859,52.8350830078125,1753100
2018-10-03,52.780413505456295,53.01464849779491,51.67171391631923,52.147987365722656,1692300
2018-10-04,51.97621735834447,52.68672582094799,51.65610254671556,52.53056716918945,1829200
2018-10-05,52.54619133920003,53.47531009475987,52.54619133920003,53.31134796142578,2316900
2018-10-08,53.467496784368535,54.1858086524816,53.272302953456744,53.67049407958984,1538400
2018-10-09,53.85008981135057,54.31855394280249,53.62366419049915,53.92035675048828,2698600
2018-10-10,53.96718311962337,54.82603463474625,53.75637048310766,53.77979278564453,2844800
2018-10-11,54.03744942829228,54.19360803821048,52.53836251412884,52.71793746948242,3699900
2018-10-12,52.65548766712091,52.920948407461495,52.1401731144465,52.694522857666016,2506900
2018-10-15,52.702332512673735,53.48310780915779,52.624256174393885,53.045875549316406,2764500
2018-10-16,53.07710795227537,54.240461490943424,52.741374332235786,53.92815017700195,2392600
2018-10-17,53.959378644010066,54.15457245882508,53.56118159387154,54.07649612426758,2262800
2018-10-18,54.13895120761717,54.44345902546742,53.740760132048045,54.08429718017578,2438600
2018-10-19,54.11552580477276,55.33353913589128,54.021836595577255,55.09930419921875,2346500
2018-10-22,55.13834587351188,55.31011141097664,54.68549483522003,54.8026123046875,1968500
2018-10-23,55.05246500328387,55.42723379056905,54.35757550155191,54.59180450439453,2130400
2018-10-24,54.83386305003309,56.28609992197895,54.50593283038982,55.95817565917969,2455300
2018-10-25,55.66149092943878,55.66149092943878,54.716753207457145,55.11494445800781,1907000
2018-10-26,55.36478244409236,55.52093512999086,53.42064755065013,53.78761291503906,3772800
2018-10-29,53.76417881107826,54.63083972839426,53.76417881107826,54.48249053955078,2090500
2018-10-30,54.66987880343182,54.94315489850509,53.90472241638497,54.45907211303711,2585000
2018-10-31,53.36599577472012,54.58400941230995,52.22606444022912,53.40503692626953,3723700
2018-11-01,52.858483649951786,53.09271861481301,52.53836888527357,52.9990234375,3101800
2018-11-02,53.15518565105236,53.28010660571823,51.890327477818545,52.31194686889648,2892400
2018-11-05,52.61645553431172,53.02246209207103,52.22606782092057,52.78822708129883,2584000
2018-11-06,52.83507444976024,53.37381142846089,52.6945346273533,53.31134796142578,1339100
2018-11-07,53.59241313203869,53.779797525691286,52.819447295984595,53.70172119140625,4135200
2018-11-08,53.65488447258594,53.9515769692371,53.21765217081722,53.94376754760742,1589800
2018-11-09,53.9750010615169,54.99001146056814,53.82665778670926,54.65427780151367,2026600
2018-11-12,54.646461085723715,55.856665172534846,54.4981178307161,55.317928314208984,1767600
2018-11-13,55.37538690682986,55.5957228473135,54.84814761643932,55.477684020996094,1303200
2018-11-14,55.34390369224738,55.64293015106934,54.93470327101367,55.03700637817383,2175600
2018-11-15,54.81665246535202,55.51700826024083,54.12416151942943,55.48553085327149,2463300
2018-11-16,55.91048763514473,56.162300980848414,55.359641813871626,55.80031967163086,1760900
2018-11-19,55.80031568376336,56.38263287839234,55.51702493962963,56.343284606933594,1972900
2018-11-20,56.658057768734906,57.153813612877954,56.11508279393264,56.831180572509766,2833600
2018-11-21,56.634439186856234,56.634439186856234,55.49340549670803,55.69800567626953,1610700
2018-11-23,55.78458642973286,55.80819299639785,55.29669537173932,55.45408248901367,603400
2018-11-26,55.50917303863505,55.918367584493474,55.03702363842752,55.54851531982422,1631400
2018-11-27,55.579962649667834,56.01276953431518,55.32028452258153,55.88685989379883,2200200
2018-11-28,55.886870079511304,56.16229596741331,55.42259170381949,55.6114501953125,1791300
2018-11-29,55.67441016183773,55.91835265266906,54.83240872179978,55.87113952636719,1997000
2018-11-30,56.06786321384651,57.067245642835864,55.93408870040047,57.03577423095703,2229800
2018-12-03,56.72100020904291,57.48431094773062,56.06785741163976,57.43709182739258,1836700
2018-12-04,57.437080326939515,58.35777794290133,57.39773807218813,57.665287017822266,2002100
2018-12-06,57.99580797987469,58.14532420190714,56.72887052923946,58.03515625,2227600
2018-12-07,58.090240146292054,58.57813107814254,57.55513609331842,58.0508918762207,1628400
2018-12-10,58.15319006828232,58.75911375179536,57.46856985126926,58.570255279541016,1967200
2018-12-11,58.60173948150668,59.191927528917525,58.21615163823518,58.93224334716797,2018400
2018-12-12,59.01879581367588,59.39651874851245,58.113839743792376,58.129581451416016,2132400
2018-12-13,58.192531794155755,59.262739799888955,58.192531794155755,58.98731994628906,1992200
2018-12-14,58.955835132064735,59.26273235950286,58.17678878577577,58.51516342163086,1639500
2018-12-17,58.65684145024885,58.80635772263737,56.477076231163544,56.697418212890625,2144100
2018-12-18,56.957074731054554,57.50792046956627,56.248853930215375,56.46131896972656,1620600
2018-12-19,56.47704389939132,56.81541853012931,55.79242978870637,56.11506271362305,1771400
2018-12-20,56.25672371233046,57.09872509717748,55.57997426241193,56.45345306396485,1856700
2018-12-21,56.21736907958984,57.90137147889877,56.107201147201565,56.21736907958984,2894700
2018-12-24,56.38263330000087,56.68165975273212,52.959543787108856,53.21135711669922,1021700
2018-12-26,53.305787458093,53.90384641320357,52.52674084790275,53.864498138427734,1273200
2018-12-27,53.92743314599936,54.43893051147461,53.069696305374485,54.43893051147461,2187800
2018-12-28,54.54912593716486,55.01341042730556,54.07697659395905,54.30518341064453,1382800
2018-12-31,54.462551448540864,54.61206767274723,53.76219545678977,54.50189971923828,1190800
2019-01-02,54.383872574595586,54.40747914059568,52.888728022976835,53.17988967895508,1849200
2019-01-03,53.10118585979925,53.80154182680845,52.92019222616966,53.3215217590332,1789500
2019-01-04,53.02248242368058,53.8723544990573,52.983140163194115,53.71497344970703,1798100
2019-01-07,53.50251623709365,53.82515527634216,53.16414149032988,53.471038818359375,1306900
2019-01-08,53.463170465897825,54.1241782049262,53.28217682095243,54.021881103515625,1099900
2019-01-09,53.88809848042256,54.23433800434574,53.447420716980176,53.69923400878906,1279200
2019-01-10,53.77005802748959,54.72222719537822,53.62841267998619,54.65140151977539,1069200
2019-01-11,54.40745803816863,54.71435528454589,54.11629649512003,54.64353561401367,1359700
2019-01-14,54.23435235351436,54.273700629774275,53.35300860085111,53.99040985107422,2079600
2019-01-15,53.833013674679734,55.280938579175675,53.833013674679734,55.013389587402344,1527600
2019-01-16,54.89535088077517,55.34389348815934,54.53336965408815,55.31241607666016,1175500
2019-01-17,55.26521170403356,55.88687116745412,55.17077945459716,55.8160514831543,1142600
2019-01-18,56.00490589523814,56.13081555197379,55.52488583541349,55.760963439941406,1147800
2019-01-22,55.910482848109744,56.29607068739442,55.33603051294002,55.879005432128906,1295100
2019-01-23,55.9419396448703,56.508520977092694,55.80816516467936,56.50065612792969,1433500
2019-01-24,56.60297378605234,56.85478713598746,55.94983084588495,56.831180572509766,1248900
2019-01-25,56.63444417428159,56.95707717459598,55.831785093464454,55.902610778808594,1525400
2019-01-28,55.989169308001195,56.20950520011476,55.46193613705761,55.823917388916016,1311200
2019-01-29,55.95770255494897,56.22525161671464,55.71376005702099,55.97343826293945,1332500
2019-01-30,55.62718115449461,56.43770494436641,54.895347887228425,56.21736907958984,2117800
2019-01-31,56.2409853489058,57.84629750284897,55.88686893047099,57.46857452392578,3991700
2019-02-01,57.46858255335509,57.618098795609086,56.83905217213012,57.29545974731445,2446200
2019-02-04,57.027907875920384,57.51579284667969,56.43771979552166,57.51579284667969,2304100
2019-02-05,57.3033225968041,57.60234903582861,57.004296157779585,57.46857452392578,1420100
2019-02-06,57.216764451371304,57.72039111603394,57.027905953048666,57.57088088989258,1399600
2019-02-07,57.57088120257251,58.2397598073632,57.26397788603918,58.22401809692383,1472500
2019-02-08,58.208300370928065,58.79848861694336,58.02730666718637,58.79848861694336,1429200
2019-02-11,58.735495522889465,59.09747669099655,58.6568050087273,59.04239273071289,2280900
2019-02-12,59.22342344004191,59.49884341410358,58.65684177699781,59.05030059814453,2402700
2019-02-13,58.92337560598666,59.01062297711003,58.48713875036978,58.83612823486328,1913500
2019-02-14,58.970970221167875,59.24857277689669,58.487146030634,58.90751647949219,1736000
2019-02-15,59.145460996691114,59.35960979630322,58.7726778535872,59.06614685058594,1742500
2019-02-19,59.03441048866062,59.454780841572266,58.804395266046974,59.41512680053711,2139800
2019-02-20,59.327883997677915,59.605486511379056,58.81233301435813,59.565826416015625,1756200
2019-02-21,59.39131569161243,60.19240220232712,59.08198639514147,60.05756759643555,1747800
2019-02-22,60.168629854006504,60.81108230448837,59.78791348069189,60.78728866577149,2476900
2019-02-25,60.80313759485245,60.80313759485245,59.81169592562733,59.8989372253418,2013000
2019-02-26,60.105161600489126,60.105161600489126,59.51029657110775,59.75617218017578,2189800
2019-02-27,59.6451587115962,60.073462456517944,59.39928298908444,59.96242141723633,1670300
2019-02-28,59.99412938283721,60.6524482305645,59.85136151286358,60.501747131347656,1840700
2019-03-01,60.4858909598617,60.66831288626436,59.74032469209091,60.303462982177734,1796900
2019-03-04,60.406582912060635,60.541417575841024,59.90689225609039,60.485897064208984,1707600
2019-03-05,60.48589572432016,60.60486997554811,60.263813682711586,60.47796249389648,1465300
2019-03-06,60.59695669202792,60.85076568759656,60.311420815602744,60.6842041015625,1714100
2019-03-07,60.83487444763649,61.39801878940532,60.779353941568175,60.93798828125,1489300
2019-03-08,61.10454943854975,61.294904593762325,60.58899842737115,61.07282257080078,1718600
2019-03-11,61.13627865594415,61.24731967169256,60.91419662444735,61.19179916381836,1967300
2019-03-12,61.3107815559387,61.54872402789413,61.12042031683559,61.53286361694336,1787000
2019-03-13,61.54870972611761,61.76286455752591,61.302834080178584,61.70734405517578,1860700
2019-03-14,61.75492268285806,61.905623761545655,61.3186859031203,61.56456756591797,2083600
2019-03-15,61.54077327894499,62.5639419555664,61.45353196662589,62.563941955566406,7883600
2019-03-18,62.262547964745366,62.39738260357182,61.95321859271725,62.17530059814453,2296600
2019-03-19,62.111849476586166,62.111849476586166,61.36628929151837,61.556644439697266,1645800
2019-03-20,61.71526094108918,62.29426555585095,61.39800443844263,61.65974044799805,1421000
2019-03-21,61.76285142086282,62.5877316026745,61.5804234940677,62.4766845703125,1168300
2019-03-22,62.635335976324875,63.41262305624048,62.579815470616616,62.92087173461914,1663600
2019-03-25,63.03192378998381,63.34125324045394,62.698800697367105,63.08744430541992,1228800
2019-03-26,63.07949778870027,63.4919410033147,62.92879668513565,63.37296676635742,1104000
2019-03-27,63.333324194405904,63.42057158889691,62.667077965146646,62.98434066772461,1320700
2019-03-28,63.008128204349845,63.19055015603499,62.01668613694142,62.2308349609375,1489000
2019-03-29,62.31014811799307,62.81776596427262,61.89771088712172,62.72259140014648,1985900
2019-04-01,62.61948568140175,62.682939433242915,61.437688296953425,61.95323944091797,1944100
2019-04-02,62.135658578027765,62.15945827234432,61.635973920466185,62.06427764892578,1116500
2019-04-03,61.93735945929258,62.04047329635027,61.24731972529242,61.79459762573242,1681200
2019-04-04,61.80252290719561,61.897703511261874,60.7317668293958,61.44560623168945,1981000
2019-04-05,61.4456200879046,62.08013943758883,61.33457905042779,62.04048538208008,1829400
2019-04-08,61.50906180222015,61.75493747262283,61.07282491800749,61.19179916381836,1907300
2019-04-09,61.12041037292405,61.49319350808192,61.08868350490196,61.44560623168945,1632200
2019-04-10,61.67560059486867,61.95320303192736,60.90624094696369,61.02521514892578,1505700
2019-04-11,61.13625789697173,61.46938083110419,61.001423288100895,61.38213348388672,1259200
2019-04-12,61.19973496404295,61.754940066101526,60.70004432090848,61.72321319580078,1185800
2019-04-15,61.786650629266056,61.93734565931995,61.42180079402373,61.61215591430664,1336700
2019-04-16,61.50906806164493,61.76287698793874,60.50969276692712,60.644527435302734,1481400
2019-04-17,60.62866324419743,60.93005943435138,60.4224416134175,60.612796783447266,1407600
2019-04-18,60.73177520123913,61.10455838778496,60.50969314575195,60.50969314575195,1842800
2019-04-22,60.462094132594586,60.71590301123612,60.184485565812075,60.58106231689453,1215600
2019-04-23,60.70796167578113,61.04108464990246,60.47794646471253,60.8745231628418,2339600
2019-04-24,60.95384202653591,61.342485526530325,60.787280526538304,61.11247634887695,1775000
2019-04-25,60.89832410518139,62.00080697419179,60.787283100481126,61.70734405517578,1804200
2019-04-26,62.151512039726626,62.47670184530392,61.540780423624845,61.580440521240234,1425600
2019-04-29,61.42971896380589,61.437652190944505,60.87451408968852,61.02521514892578,1201800
2019-04-30,61.08078466109187,62.24672188382398,60.99353724637831,62.207061767578125,1333400
2019-05-01,61.92943136411213,62.214967129570304,61.564581452978125,61.588375091552734,1240300
2019-05-02,61.65975221761062,61.992881291025014,61.26317546232397,61.556644439697266,1416300
2019-05-03,61.58838390521862,62.20704280181797,61.53286339017207,62.11186218261719,879900
2019-05-06,62.207043222016665,62.302223841860375,61.786672740784354,61.9453010559082,1201800
2019-05-07,62.04046732613883,62.37359034161883,61.82631249384388,62.15150833129883,1635900
2019-05-08,62.04048822923593,62.08014228656448,61.33458186518826,61.39010238647461,1500400
2019-05-09,61.001442181942885,61.60423452051856,60.76349369741789,61.44560623168945,1235700
2019-05-10,61.215571919303414,62.85739900780305,61.215571919303414,62.8256721496582,1281100
2019-05-13,62.80970683642693,63.94443546786684,62.55399325614903,63.81658172607422,2092800
2019-05-14,63.74466781001231,63.960429792958344,63.37707986884912,63.544891357421875,1852900
2019-05-15,63.68072386037069,63.93643739503255,63.41701756305615,63.64076614379883,1054000
2019-05-16,63.54489255754925,64.28007455045399,63.21726233939382,64.12824249267578,1163800
2019-05-17,63.96841305381464,65.01523955891086,63.96841305381464,64.64765167236328,1559900
2019-05-20,64.83143929518614,65.15907553863158,64.64764840953475,64.94331359863281,1285300
2019-05-21,64.97527194771698,65.45474016708476,64.58371192547885,64.61567687988281,1273900
2019-05-22,64.7834921869725,65.43076578640704,64.61568073884844,65.33487701416016,1193500
2019-05-23,65.486702156616,65.75040847054137,65.30291128086823,65.71045684814453,1825300
2019-05-24,65.78237877177104,66.3337636372023,65.57460958967205,65.85430145263672,1327700
2019-05-28,65.93421346962168,66.11800436774362,64.94331800515674,65.00724792480469,2229600
2019-05-29,65.23099594753292,65.27894643517465,63.92845585431069,64.1681900024414,1540100
2019-05-30,64.19215722526282,64.51180069911167,63.768632213507246,63.952423095703125,1325800
2019-05-31,64.02435000804782,64.55974935655989,63.81658082179963,64.36796569824219,1820800
2019-06-03,64.46386799163787,65.28694604850216,64.3200286935756,65.1750717163086,1418300
2019-06-04,65.01525723811656,65.16708931175505,63.49695479181454,64.95932006835938,1512800
2019-06-05,65.0871582080912,66.51755817306099,64.81546519073575,66.34974670410156,1454200
2019-06-06,66.49359713395546,66.85319842494256,66.19792577425858,66.78926849365234,1111400
2019-06-07,67.12487864103339,67.5643892136696,66.25385635650865,66.29380798339844,1526700
2019-06-10,66.24587897179694,66.24587897179694,65.55864742414448,66.1180191040039,1000100
2019-06-11,66.11801310429549,66.30980288858159,65.08716587635837,65.54265594482422,1182300
2019-06-12,65.81435096505768,66.61345672607422,65.81435096505768,66.61345672607422,880500
2019-06-13,66.79723163754635,67.02897298433714,66.29379732349909,66.81321716308594,1240500
2019-06-14,66.95706447700155,67.66027526818048,66.92509951876264,67.37259674072266,1470400
2019-06-17,67.37259903425056,67.81210960413215,66.9091223657394,67.228759765625,1581900
2019-06-18,67.52443004574195,67.71621370211157,66.84519143621796,67.32465362548828,1994100
2019-06-19,67.0769394667952,68.09979386445144,67.0769394667952,67.87604522705078,1703800
2019-06-20,68.01189283848782,68.45140345238441,67.62831938484234,68.23564147949219,1351300
2019-06-21,68.32355059810631,68.40345996426241,67.74020064144854,68.2596206665039,2695600
2019-06-24,67.98792036111593,68.48336203653251,67.79613058673544,68.13175964355469,1543100
2019-06-25,68.13175882646485,68.25961257782531,67.70823374900029,67.87604522705078,1600800
2019-06-26,67.81210824961187,67.83608044445519,66.54152705268336,66.5894775390625,3159200
2019-06-27,66.82120428725379,67.1008899936792,66.15794525723699,66.38968658447266,2286100
2019-06-28,66.38170295045731,67.02098987878692,66.22987093322332,66.6214370727539,2678400
2019-07-01,66.53354462895875,66.67738390388507,65.67050897940085,66.42965698242188,1673500
2019-07-02,66.64541501596429,67.36461134821602,66.509568513398,67.32465362548828,1518300
2019-07-03,67.38858167970962,68.2755894488433,67.38858167970962,68.02786254882812,874400
2019-07-05,67.54840420641557,68.03585917375528,66.66938915105784,67.9399642944336,990900
2019-07-08,68.07581422382755,68.37147942091102,67.73219854062025,68.15572357177734,1154100
2019-07-09,68.24360941564066,68.57123949314219,67.89999381434433,68.48333740234375,1475000
2019-07-10,68.67514702149609,69.05871435012061,68.2596086360113,68.82697296142578,1191700
2019-07-11,68.7231129629628,68.98681939451578,68.10780405270053,68.81900787353516,1329200
2019-07-12,68.85894744421998,68.85894744421998,68.0678343849213,68.29957580566406,1162000
2019-07-15,68.28358073855625,69.03474205973315,67.96394333070398,69.00277709960938,1453800
2019-07-16,68.81098874321506,69.010765157846,68.37147819235007,68.8349609375,1534400
2019-07-17,69.05870264069704,70.00164746733033,68.75504471563238,69.44227600097656,1669900
2019-07-18,69.47424074100707,70.24138136250347,68.99477251796657,70.20142364501953,1618700
2019-07-19,70.07359518990697,70.24939945552022,68.96283852628929,68.9708251953125,1959400
2019-07-22,69.28247664061684,69.43430870718826,68.57127290250953,68.94685363769531,2216400
2019-07-23,68.98680107017154,69.09068262317746,68.2596119090509,68.53131103515625,1821000
2019-07-24,68.71508885774864,68.85892810965991,67.97991316873193,68.56326293945312,1652100
2019-07-25,68.56326929456496,68.93085717314494,68.25960523644358,68.61121368408203,1649400
2019-07-26,68.64319662022095,69.36239313479602,68.587259452237,69.25051879882812,1351200
2019-07-29,69.41832607786637,69.98569048908539,69.17859188870061,69.92176055908203,1538300
2019-07-30,69.92975758054577,70.26538058844945,68.91488969423038,69.25051879882812,1619500
2019-07-31,69.25849747616847,69.60211321033195,67.91599950277323,68.29158020019531,4115100
2019-08-01,68.3075611966665,69.9936686956266,68.05184760426235,69.6660385131836,1999600
2019-08-02,69.76193591909856,70.03362895354888,69.05073227398665,69.17059326171875,2173200
2019-08-05,69.2105425482032,70.82473331863329,68.61920605963284,69.5461654663086,2975800
2019-08-06,69.6979990896935,70.48911201381748,68.37947348502516,70.2333984375,1902000
2019-08-07,70.12951233306974,70.86468805509512,69.06670037382243,70.52107238769531,1656300
2019-08-08,70.33726253245875,71.51994133995402,70.02561187915961,71.36012268066406,1281700
2019-08-09,71.65582609855967,72.05537905697255,71.25627314014679,71.8156509399414,1274300
2019-08-12,71.94348687196907,72.26313037875599,71.46402466013508,71.9115219116211,1359800
2019-08-13,71.999995126107,72.46653047071736,71.58975995186343,72.12869262695312,2118700
2019-08-14,72.45849515279883,72.57110777369176,71.12322245231455,71.50128173828125,1631400
2019-08-15,71.41281277472476,73.142229969409,71.41281277472476,72.94918060302734,1757500
2019-08-16,73.02157111030013,73.51224310352636,72.6032964643497,72.74808502197266,1738200
2019-08-19,72.8606983599263,73.82595132869729,72.64351245294918,73.48811340332031,2418700
2019-08-20,73.66507093268066,74.07530003041155,73.21461427106225,73.8500747680664,1366600
2019-08-21,73.55246250613266,74.63032807666576,73.55246250613266,74.59815216064453,1396300
2019-08-22,74.5820686969221,75.04056476936512,74.14770302772419,74.91990661621094,1477300
2019-08-23,75.15316754354576,75.5794876433881,74.21204511895857,74.47748565673828,3010800
2019-08-26,74.75098979476093,75.82885541673166,74.4935885912359,75.82081604003906,1928400
2019-08-27,76.02994475610765,77.59044289073863,75.96559906261385,76.6654052734375,2767300
2019-08-28,76.8423774278756,77.52609881797456,76.19083195620742,76.5045394897461,1951100
2019-08-29,76.97910594394918,77.19629181811729,76.23907837055455,77.16411590576172,1906400
2019-08-30,77.33303059024584,77.4134672982475,76.85040420530846,77.03540802001953,1237900
2019-09-03,77.16412915062355,78.6280996609826,76.9228128349999,78.61201477050781,2274400
2019-09-04,78.26610641876657,78.98200348719531,77.97652938693844,78.54763793945312,1562300
2019-09-05,77.99263198165781,78.29025459220706,75.99777435046572,76.6814956665039,3586200
2019-09-06,76.60909097024569,76.890622527835,73.60071378628274,74.91184997558594,4625300
2019-09-09,74.48553517124336,74.48553517124336,72.74807876610647,72.77220916748047,3590200
2019-09-10,72.77221056432634,72.81242585507889,71.6058566677944,72.63546752929688,2264900
2019-09-11,72.42631962574123,73.84202904338332,71.83911998203244,73.41570281982422,2296200
2019-09-12,74.04313518323116,74.46140982158987,73.38354424090453,73.64094543457031,1481900
2019-09-13,73.20657421800593,73.92247142537828,72.90895161727268,73.32723236083984,1125300
2019-09-16,73.40764544106281,73.5846098419826,72.91697365194018,73.44786071777344,1212900
2019-09-17,73.7696389152736,74.76706771888458,73.7696389152736,74.64641571044922,1638000
2019-09-18,74.99230746371823,75.37840620752144,74.16379137974405,74.9279556274414,1440900
2019-09-19,75.04057868263422,75.32211033424035,74.52577619486023,75.19341278076172,959200
2019-09-20,75.26578657718201,75.69210671332425,74.93599418649642,75.37035369873047,2492700
2019-09-23,75.65993501491496,75.90125132354162,75.25774525848963,75.57949829101562,1338000
2019-09-24,75.88516034741004,76.93890168306136,75.64385017555048,76.41605377197266,2060800
2019-09-25,76.49647596064447,76.72170119968926,75.94145837497767,76.69757080078125,1370500
2019-09-26,77.02736388982912,77.7030395596435,76.73778684935807,77.13997650146484,1222300
2019-09-27,77.28479147472953,77.30087636607144,75.83690577679218,76.31149291992188,1523400
2019-09-30,76.58496507770326,76.890627052942,76.1666904728014,76.4964828491211,1265600
2019-10-01,76.3275695008641,76.61714660892297,75.7242848818962,76.56888580322266,1251200
2019-10-02,76.41603904088534,76.64126427930796,75.59557479564181,75.86101531982422,1346700
2019-10-03,76.11039380220191,76.35974949420589,75.77254973347503,76.26322174072266,1475400
2019-10-04,76.41605109280276,77.45370136512591,76.35974477431678,77.28478240966797,1543900
2019-10-07,77.32500744002255,77.32500744002255,76.19888092847944,76.59302520751953,1491100
2019-10-08,76.56083035634923,76.68148849187335,75.73232056903935,75.74840545654297,1405700
2019-10-09,75.98972255121758,76.625183010733,75.90124032666937,76.32756042480469,1185000
2019-10-10,76.11841668350819,76.59300369745964,75.36230425766259,76.53669738769531,1088100
2019-10-11,76.20690489676261,76.5527882944932,74.88772313261057,75.45883178710938,1630000
2019-10-14,75.65188788285825,75.69210317222088,74.40509731098406,74.58206176757812,1250600
2019-10-15,74.76707108673287,75.1370910523627,74.00291302655613,74.13965606689453,1437700
2019-10-16,74.21204522398233,74.67858061230473,73.60876067348123,74.6142349243164,1298500
2019-10-17,74.59814875877647,75.06469031441613,74.09139191264057,74.72685241699219,869500
2019-10-18,74.61423491206625,74.90381198721346,74.18791481169058,74.77510833740234,1525800
2019-10-21,74.99230531736745,75.17730917020724,74.32466884319373,75.02447509765625,755200
2019-10-22,75.1692400941389,75.56339035380661,74.89575408891,75.04054260253906,1015100
2019-10-23,75.16926580808618,75.7564655744867,74.72686074177298,74.9279556274414,1080500
2019-10-24,74.97622951659632,75.73234838243994,74.66252193117822,75.61973571777344,1116700
2019-10-25,75.78863243090858,75.94146648956011,74.99229849721587,75.4427490234375,1518200
2019-10-28,75.04054445427242,75.2899000695375,73.96267301800764,74.42921447753906,1592200
2019-10-29,74.25225354232147,74.54987610192694,74.01898280159186,74.35682678222656,1441200
2019-10-30,74.6544544656215,75.72428060232602,74.61423917545352,75.4427490234375,1183700
2019-10-31,75.57948177241425,76.4079915076633,75.18533761560136,75.93341064453125,1421000
2019-11-01,76.00580792006622,76.19886339499055,74.89576655542648,75.23360443115234,1189200
2019-11-04,75.14513536254346,75.14513536254346,73.30310547439844,73.71334075927734,1886900
2019-11-05,73.45594094681444,73.85008521165679,72.9733144396911,73.19853973388672,2114600
2019-11-06,73.27091153939277,74.22007941131008,72.40218651146144,73.36743927001953,2161800
2019-11-07,72.48261996926911,72.86067922611706,71.11517759979031,71.48519134521484,2080900
2019-11-08,71.4047790823937,71.65414094788645,70.40735003121192,70.64866638183594,2308900
2019-11-11,70.6486363593155,70.8979919819135,70.03730636460448,70.09361267089844,1102200
2019-11-12,70.37514909697197,70.44754643120068,69.75577968466105,70.12579345703125,1594100
2019-11-13,70.24726728464557,71.33248309246939,70.05290257979003,71.12191772460938,1543200
2019-11-14,71.20290767475576,71.48635751049464,70.78988341928327,71.36488342285156,1028100
2019-11-15,71.42157968349545,71.42157968349545,70.88706893579405,71.32439422607422,1064200
2019-11-18,71.55116401876408,72.22334962346518,71.0652490218847,71.22721862792969,1230400
2019-11-19,71.03284599757532,72.00468206244132,70.4983414138312,71.37298583984375,1113000
2019-11-20,71.3486950719528,72.00468615215074,71.22721478460177,71.42967987060547,1360700
2019-11-21,71.35678003045504,71.97227548933604,70.97614476218315,71.53495025634766,1250300
2019-11-22,71.55927039579052,71.94799995462404,70.83849508415612,71.69694519042969,1629600
2019-11-25,71.77791115872778,71.93178658219422,71.12192633867537,71.34868621826172,1183500
2019-11-26,71.38107733529505,72.19093753304402,71.24340258457603,72.10185241699219,2446900
2019-11-27,72.00470211970644,72.56350167944845,71.8184314806288,72.16667175292969,1706000
2019-11-29,72.32050819233778,72.78212819447006,71.7536024245708,71.79409790039062,679600
2019-12-02,71.48637152332466,71.55116183526324,70.78989729558971,70.91947174072266,1683300
2019-12-03,71.44586171389693,71.72931152387338,71.02473098586695,71.4863510131836,1114500
2019-12-04,71.15431189624117,72.27191665726468,71.11381641802784,72.15043640136719,1418900
2019-12-05,72.0046746348558,72.56347398129893,71.84269888471475,72.4419937133789,1345100
2019-12-06,72.18286699847525,72.61209827061515,71.96420737346611,72.13427734375,1205000
2019-12-09,72.15855942739395,72.2476445644875,71.77792405594774,71.89130401611328,804900
2019-12-10,71.91558508383456,72.50677954386258,71.91558508383456,72.23143005371094,1197200
2019-12-11,72.19904547788644,72.56348013380304,71.98848007422123,72.50679016113281,1027900
2019-12-12,72.18283336331541,72.50677866094058,71.71311916943868,71.89938354492188,1227400
2019-12-13,71.802218251774,72.4096134859775,71.35679260852723,72.22334289550781,918900
2019-12-16,72.4258065297202,73.40573674658373,72.18284596938484,73.39763641357422,2224100
2019-12-17,73.14658240376217,74.15080745058648,73.06559760911797,73.77017211914062,1482700
2019-12-18,73.96452568537426,74.26416997312212,73.38142541476758,74.23178100585938,1379300
2019-12-19,74.31276854759473,74.7905830667847,73.87544332836146,74.65290832519531,1879000
2019-12-20,74.75820841332249,75.66525424765183,74.46665818724321,75.1955337524414,2765100
2019-12-23,75.26033186309103,75.26843219763933,73.81878125073922,74.0860366821289,1301900
2019-12-24,73.94834096449229,74.34517695454603,73.81066619834809,74.19940185546875,364600
2019-12-26,74.26417676031802,74.49903695626256,73.81065703228329,74.30467224121094,821900
2019-12-27,74.31278214563743,74.77440226506228,74.24799183936005,74.7582015991211,959000
2019-12-30,74.62052634698212,74.7663014457862,74.23989102350792,74.64482116699219,1042300
2019-12-31,74.79058441601045,75.20361482697227,74.34516503599598,74.69340515136719,1387800
2020-01-02,74.83109961446672,74.92827890471806,73.2599685154643,73.43003845214844,1547100
2020-01-03,73.41384791819561,74.27229798163046,73.30856210975914,73.89166259765625,1859400
2020-01-06,73.97261329411438,74.34515435084616,73.53529430858745,73.94831848144531,1418100
2020-01-07,73.60821175217048,73.75398687229159,73.1627860577047,73.66490173339844,1071200
2020-01-08,73.86734166523449,74.01311673568429,73.30044204611993,73.7620620727539,1323700
2020-01-09,73.68109942734203,74.5557439340177,73.57581362449405,74.49905395507812,1036700
2020-01-10,74.66912515168369,75.01736536497195,74.59624068270783,74.9444808959961,1220300
2020-01-13,75.00115889787985,75.94059358308847,75.00115889787985,75.84341430664062,1691200
2020-01-14,75.85960487443799,76.1025654104938,75.39798479892643,76.08636474609375,1542500
2020-01-15,76.31315187138087,77.33357157563424,76.31315187138087,77.06632232666016,1362000
2020-01-16,77.22828479678628,77.92476520404868,76.92863423779154,77.88426971435547,1595300
2020-01-17,77.85997866214987,78.39448949400982,77.44694812650758,78.08673858642578,2038800
2020-01-21,78.18392007405576,79.1557500367732,77.99764947218375,79.09906005859375,1531500
2020-01-22,79.3744115284802,79.69835689155651,79.13955129471846,79.55258178710938,1181600
2020-01-23,79.63355271030323,80.11136724907468,79.41488700235413,79.93319702148438,1740200
2020-01-24,79.92510115662913,80.74305546942215,79.85221052929293,80.14376068115234,1179300
2020-01-27,80.13567490100407,80.7349759768411,79.57687549075575,79.771240234375,1393400
2020-01-28,79.87651984993046,80.03039528544859,79.21243464538288,79.771240234375,2211800
2020-01-29,79.78742130900547,80.0870717965505,79.10714173132628,79.92510223388672,1591400
2020-01-30,80.32193356043324,81.69059925309223,79.87650798627118,81.48003387451172,1817100
2020-01-31,81.39095739927542,82.09553806081085,80.61349227900021,80.89694213867188,2253600
2020-02-03,81.1479816487149,81.74728258691995,81.12368683368487,81.706787109375,1650200
2020-02-04,81.35045807931068,81.62581377197121,80.67017844816688,80.69447326660156,1510100
2020-02-05,80.57301734511559,81.03463757110724,80.10330296302847,80.99414825439453,1166000
2020-02-06,80.937439708853,81.18039408965458,80.56490471529564,80.90504455566406,962800
2020-02-07,81.17228202148746,81.4233366798669,80.73495681806558,80.7835464477539,787600
2020-02-10,80.9617438572789,81.1237134631417,80.59730297597098,81.09941864013672,832700
2020-02-11,81.30188507483696,81.50435017486967,81.0589244832999,81.1399154663086,872900
2020-02-12,80.73497957896173,81.73920467433406,80.4839186710606,81.59342956542969,1712000
2020-02-13,81.71812320111252,82.60645551855923,81.41658428037466,82.48420715332031,1040100
2020-02-14,82.78574194532712,83.21768072641892,82.59829364634665,83.02208709716797,1707500
2020-02-18,83.42957915035605,84.02451159830088,83.11988249511018,83.84521484375,1177900
2020-02-19,83.82891993948444,84.14676193265272,83.45402954287079,83.4621810913086,1313200
2020-02-20,83.4377255268473,83.57627697752513,82.85094461979185,83.44587707519531,1218000
2020-02-21,83.43772253769382,84.17120641749806,83.3317772842035,83.5355224609375,1491100
2020-02-24,83.42958806464203,83.82077537290563,82.65535256161132,82.9813461303711,1867400
2020-02-25,83.11987912466587,83.47847261922693,81.66921448620951,81.83221435546875,1806300
2020-02-26,81.9055506982733,82.83462808936635,81.7099570943086,81.73440551757812,1830500
2020-02-27,81.57956792237826,82.54124541000981,77.82250634748114,77.87955474853516,2306400
2020-02-28,76.60817800344707,76.60817800344707,73.4786554184927,75.24716186523438,3200700
2020-03-02,75.7035390635896,79.63989641849346,75.57314541527188,79.61544799804688,2817600
2020-03-03,79.63177076280503,81.61217429436186,79.19168039825797,79.52582550048828,2509000
2020-03-04,80.4711927501527,85.20623485545077,80.4711927501527,84.92913818359375,1817200
2020-03-05,83.42959132102743,85.78488546508702,83.18509458046199,84.84765625,1842600
2020-03-06,82.85908634411635,85.92341551959522,81.94631193877193,85.34477996826172,2667800
2020-03-09,79.71324970258173,84.9861751269276,79.71324970258173,83.4295654296875,3482700
2020-03-10,83.88598128191109,86.09457869568801,80.06371900807974,83.1688003540039,3115200
2020-03-11,81.4817749084075,82.59829451249038,78.51523937497862,79.41986846923828,2669300
2020-03-12,74.56258898212234,79.96591547211429,64.3264324902142,74.6848373413086,3026000
2020-03-13,77.63505906888119,81.13132683093963,75.17381400460457,81.02537536621094,3546700
2020-03-16,74.56257313767635,82.61458542181956,73.34825378816971,75.53240203857422,4106600
2020-03-17,77.62689775233687,89.26481906618436,77.17865596060693,83.5029067993164,5748600
2020-03-18,80.2511597840611,87.5289385235591,75.00268148073823,85.18994140625,4332900
2020-03-19,84.562420268238,85.56484329733293,73.3564328477513,73.68242645263672,2983300
2020-03-20,73.81280048835988,73.81280048835988,58.743809343970874,60.38191604614258,4700900
2020-03-23,59.71363094280216,62.29712439170655,55.42683709630496,57.77397918701172,3849700
2020-03-24,58.89867054183033,65.75266331834293,57.285011742224675,65.36962127685547,3017400
2020-03-25,64.9050590801729,68.45837524508038,62.99800732575112,65.8015365600586,2331000
2020-03-26,66.04605196674814,71.92206342817013,65.49186471371667,70.71588897705078,2138500
2020-03-27,68.72732518340737,75.57316443248946,67.81454454425996,72.59033203125,1826700
2020-03-30,73.84541348438304,75.46722359467137,72.66369376831668,74.88858795166016,2111500
2020-03-31,73.64165120307663,74.33438350422274,70.829970479327,71.8242416381836,3970400
2020-04-01,69.24075863077007,70.82182315803023,65.65484235356426,68.06718444824219,2221500
2020-04-02,66.36388100026451,72.22359443050954,65.67114862429038,71.72645568847656,1885400
2020-04-03,70.34913328117446,71.53085280075067,69.28151056137212,69.47710418701172,2088000
2020-04-06,71.45749725228598,75.27975814876795,71.03371008800922,74.39142608642578,2118000
2020-04-07,75.89098576001437,76.29032446066896,71.03370276701087,71.52268981933594,1795700
2020-04-08,72.01170441600443,75.69541491819402,71.32711730664985,75.14122772216797,1630100
2020-04-09,75.71170456529232,80.50378860817038,75.4753594277311,80.04740142822266,2229600
2020-04-13,78.89013934651908,79.84366533488,76.53484546869952,77.43946838378906,1133300
2020-04-14,79.16721682210706,81.02537163833995,77.92029747004598,80.9520263671875,1703700
2020-04-15,79.88440402420599,80.4711911123755,78.23814577600525,78.9634780883789,1979400
2020-04-16,79.5502746244408,81.1720846395524,78.68639698526346,80.65049743652344,1531400
2020-04-17,81.7099603883588,82.31304431861764,79.24057005364968,81.77515411376953,1432000
2020-04-20,81.1720717341294,81.63661045727733,78.07514898574622,78.14034271240234,1476900
2020-04-21,76.7222737277475,78.61302848437188,76.29848654859401,77.5372543334961,1782800
2020-04-22,78.74344471455842,79.8355159684493,78.38485118387908,78.56414794921875,1444800
2020-04-23,78.28704938953281,79.49322364360002,76.66523942695227,76.92603302001953,1462700
2020-04-24,77.08902215177294,77.18682207510193,75.19826715874447,76.42073822021484,1870500
2020-04-27,76.64077544315576,77.30090773147263,74.54627557520138,74.58702087402344,1456400
2020-04-28,75.51611518762486,77.28462182702206,75.18197011368224,77.203125,1873600
2020-04-29,77.94477496239926,78.1892717263738,74.97824490070913,76.04586791992188,1387500
2020-04-30,75.90730592955,76.24145101883407,73.17712168320034,73.7965087890625,1583600
2020-05-01,73.32380791096547,73.47050467234762,71.67754356458718,72.09318542480469,1601900
2020-05-04,71.84056178880307,73.42977192860145,71.71831342009311,72.50069427490234,1635500
2020-05-05,71.96279197698972,73.32380813418422,71.83239209189364,73.00596618652344,1444000
2020-05-06,73.22599231124404,73.23414385674373,69.1755384731296,69.22444152832031,1589700
2020-05-07,70.09648995557465,71.00111900686746,69.15926093097833,69.37930297851562,1985800
2020-05-08,70.26765083591732,70.48769293256838,69.12667638686351,69.82756042480469,1282500
2020-05-11,69.28151475848468,69.90089564683406,68.17314044969892,69.5341567993164,1210100
2020-05-12,69.80308885074544,70.43062116987214,68.80065998815157,69.28150177001953,1652800
2020-05-13,68.9883784141574,69.89979409145377,68.50393551666146,69.59599304199219,2833100
2020-05-14,69.16900854027654,70.12969399979443,66.93563018752977,69.55492401123047,2139000
2020-05-15,69.25111331019491,69.94904870911397,66.91099502901147,69.62882232666016,5130800
2020-05-18,71.40241030752586,72.37951522338157,70.61415997120996,71.9443359375,1762700
2020-05-19,71.59127258348524,72.12497930349694,70.93439410037587,71.18072509765625,1328100
2020-05-20,71.45988808831727,72.10855381054043,70.78659052142667,71.68158721923828,1428800
2020-05-21,71.43522773452136,72.12494416777861,71.06573768305562,71.17247772216797,1324400
2020-05-22,71.34492416676468,71.48450877439603,70.3103430010289,70.7291030883789,902600
2020-05-26,71.22997767006542,72.5601535716733,70.17076457026857,70.359619140625,1380200
2020-05-27,71.21353822749295,71.37775464358614,69.39891362805304,70.53202819824219,1430900
2020-05-28,71.8539979171404,73.34838999905938,71.35312965619096,73.05279541015625,1705300
2020-05-29,72.69971418326939,75.5078561170699,72.43696417071124,75.31900787353516,2355900
2020-06-01,75.24512972244545,76.97764031495728,74.62109589757775,76.46855926513672,1667100
2020-06-02,76.90374203537127,77.19933040030386,75.9102118138691,77.15827941894531,1560800
2020-06-03,77.15827526264694,77.93010633830308,76.64919425846543,77.15006256103516,1505400
2020-06-04,76.7066648945161,77.32248591569453,74.84278269344307,76.00873565673828,1283600
2020-06-05,76.44392880154157,77.48672276258169,76.10728317267532,76.23865509033203,1704700
2020-06-08,75.96767144414692,78.6772861944346,75.25332313439192,78.23389434814453,1608800
2020-06-09,77.78232724926451,78.0286519752082,75.74600902006047,76.72311401367188,1571700
2020-06-10,76.89553001732092,78.06969584326633,76.5178271573991,76.94479370117188,1007800
2020-06-11,76.17295751214601,76.24685929746475,74.2023351156648,74.99058532714844,1723600
2020-06-12,76.40286491850583,76.46034129736222,73.30733436800381,74.15306091308594,2206700
2020-06-15,73.03637162514823,75.26975022876668,72.38771231984279,74.28443908691406,1653400
2020-06-16,75.8527288941556,76.36180988190569,74.20233299743862,74.57182312011719,1705600
2020-06-17,74.85099224461494,74.86741138146172,73.34838751270179,74.24337768554688,1430800
2020-06-18,73.8821182330962,74.15307477581356,72.75721602008866,73.78358459472656,1431300
2020-06-19,74.70320091504894,74.70320091504894,72.16601495462646,72.31381225585938,3852600
2020-06-22,72.11673668791846,72.5272839678026,71.44343939948662,72.1331558227539,2243300
2020-06-23,72.86391653284778,72.86391653284778,70.90150138485282,71.50910949707031,1611900
2020-06-24,70.93437062057905,71.7965225612243,70.5812996490569,71.26280975341797,1812200
2020-06-25,71.04932946525943,71.10680584859695,68.97196069890305,69.96548461914062,1416500
2020-06-26,69.71916272466387,70.89332227899162,68.84058527163899,70.2364501953125,2535600
2020-06-29,70.63877536896925,71.418819085247,69.7766297008164,71.41060638427734,1124700
2020-06-30,71.50092465758013,72.33843845630936,71.1067964635307,71.96894836425781,1742900
2020-07-01,71.91146551361815,73.5864992247122,71.82935730771693,73.34838104248047,1285000
2020-07-02,73.75072692879979,74.60466618272275,73.6275614688623,74.0381088256836,979900
2020-07-06,74.61286902684168,75.22868998071786,73.09383899571668,73.84925079345703,1000200
2020-07-07,73.02815241053156,73.59470339896069,72.478014292542,72.83108520507812,1359700
2020-07-08,72.66689163379353,73.21702366020696,72.38772240168748,72.86395263671875,1230600
2020-07-09,72.50266181245705,72.71614191608936,70.70446248187875,71.82115173339844,1396000
2020-07-10,72.00180679177849,72.64225974925542,71.73905669987883,72.29740142822266,1341800
2020-07-13,72.28095026279958,72.92961569134242,71.76366296561159,72.02641296386719,1678100
2020-07-14,72.19065026246699,72.75720765515585,71.48450826314507,72.33844757080078,2166800
2020-07-15,72.89680275938147,73.2745056540803,71.56663305728054,71.81295776367188,1353400
2020-07-16,72.00178114096153,72.56833210526402,71.50911941276235,72.05925750732422,1343000
2020-07-17,72.42877750433037,74.7278456389191,72.33024386503428,74.3337173461914,1777700
2020-07-20,73.98063659801316,74.79351865608977,73.62756560075469,74.01348114013672,1382400
2020-07-21,74.21053810081098,75.31902097783923,73.98063258287952,74.8345718383789,1515400
2020-07-22,74.67036855107771,77.01048764849854,74.30908480815779,76.7395248413086,1173300
2020-07-23,76.59171509408249,77.49491804044132,76.50960687431453,77.0104751586914,1321500
2020-07-24,77.24038066646216,77.92189079288403,76.4439177794939,76.84625244140625,1232800
2020-07-27,76.73951721011994,76.8708953815559,76.00053065693268,76.64098358154297,1389200
2020-07-28,76.25507778685399,78.16001750863956,76.18117599592605,77.65914916992188,1330800
2020-07-29,78.16821840330536,78.34065381509068,77.39639359113384,77.9793701171875,991500
2020-07-30,77.60987304777552,78.46381233988582,77.3717610828919,78.1600112915039,922500
2020-07-31,77.83156041426324,78.61981050413671,77.15005037065377,78.21747589111328,1042500
2020-08-03,78.04506047663392,78.41455061774143,76.06621907190704,76.88731384277344,991300
2020-08-04,76.755932518122,78.93182838234591,75.59818602633023,78.09431457519531,1673500
2020-08-05,78.20928964456228,78.20928964456228,76.04159959809002,76.61636352539062,1289800
2020-08-06,76.41925808840608,76.97760254947642,75.91017728834234,76.35356903076172,758300
2020-08-07,75.9840972991042,77.99577662324506,75.9840972991042,77.48670196533203,1015600
2020-08-10,77.66734016660143,77.66734016660143,76.61634001380133,76.9612045288086,865200
2020-08-11,76.8790737361668,77.03508369164493,74.4650602301657,74.63748931884766,955000
2020-08-12,75.02342517528847,76.61634463730363,74.76067512123248,75.76240539550781,886000
2020-08-13,75.47551684073188,75.8806306719069,75.0290621602066,75.59953308105469,851300
2020-08-14,75.61606204383925,76.1534615212223,74.9381137777072,75.40937042236328,720500
2020-08-17,75.35150155433266,76.68259618134405,75.10346907054705,76.16173553466797,1093600
2020-08-18,76.0708035771992,76.57513175386113,75.66568336464837,75.99639129638672,784600
2020-08-19,76.17826458506292,76.32708280694163,75.61606311437978,75.83102416992188,642500
2020-08-20,75.46725547004483,75.97985304119037,75.00426818496413,75.47552490234375,675100
2020-08-21,75.64088452831946,76.12041073395285,74.95467295292481,76.05426788330078,1350600
2020-08-24,76.05425653450416,76.3188215899047,75.12828199446649,76.26094818115234,1008900
2020-08-25,76.41802257564662,76.59164277174216,75.78967831282887,76.29400634765625,1230400
2020-08-26,75.84756381790623,76.72394067658725,75.45898251845263,76.09559631347656,1838800
2020-08-27,76.41803340262787,76.87275753377583,75.70701365632104,76.35189056396484,1123800
2020-08-28,76.37670598866018,77.4928460873469,75.74009840078149,77.40190124511719,1111900
2020-08-31,77.17038427596624,78.06329363520311,77.17038427596624,77.78219604492188,1404800
2020-09-01,77.46803529340308,77.50937615044165,76.64126861446503,77.37709045410156,1165400
2020-09-02,77.48455383321662,80.83295421991087,77.23652137150852,80.53532409667969,1690400
2020-09-03,80.78335459154265,81.23807869319953,78.95620136914219,79.66722106933594,1538000
2020-09-04,80.15502350770102,80.93218617051615,79.11330207919055,79.77471160888672,1349800
2020-09-08,79.87392222985281,79.95659762882383,78.24519100843621,79.0306167602539,1462400
2020-09-09,79.61765057662112,81.8829899907958,79.34481600090011,80.83299255371094,1169700
2020-09-10,80.40305551404009,80.7502959880093,79.25385039228806,79.34479522705078,1234700
2020-09-11,79.46053357795641,79.6176212408362,78.48494879722632,79.33651733398438,1003800
2020-09-14,79.82431602086258,80.83296595248235,79.22904307254375,80.34517669677734,755000
2020-09-15,80.84949689525338,82.08137721566395,80.81642547828378,81.9738998413086,1094700
2020-09-16,81.99043771930688,83.03216534443806,81.09752832633731,81.66799926757812,1656500
2020-09-17,81.12234345260423,81.34556766577971,79.03061859449109,79.46054077148438,1431200
2020-09-18,79.13810654707356,79.77471410665119,77.80701170568217,78.43535614013672,2209300
2020-09-21,77.87314615258187,79.0388837498228,77.28614263798133,78.42707824707031,1261200
2020-09-22,78.20384991883198,79.56801607478296,77.93102173382465,78.87353515625,1284300
2020-09-23,78.72469941285149,78.77430337951024,76.82313412638827,76.93888092041016,1300200
2020-09-24,76.9389017901205,78.23692516750715,76.69087558182234,77.716064453125,798900
2020-09-25,77.31095725219892,79.70031255289166,77.13733699905194,79.62590026855469,990600
2020-09-28,79.66723470606675,80.57667675732289,79.13810455596395,79.76644897460938,793200
2020-09-29,80.18808083588114,80.64280493265125,79.48533057446826,79.91525268554688,879200
2020-09-30,80.19636864446448,80.70069682818718,79.68377102770702,80.11369323730469,1345900
2020-10-01,80.18809254619805,81.27942423009178,80.08888458894417,81.22982025146484,996100
2020-10-02,80.74202879712021,81.28769147048874,79.99793759913717,80.78336334228516,1218400
2020-10-05,80.96526524355644,81.40345059646984,80.04755367858594,81.13888549804688,1149600
2020-10-06,81.14713436423385,82.32941072797286,80.46918607712162,81.44477081298828,1486700
2020-10-07,81.66799678870478,82.24673714409033,80.57666522188774,81.06446075439453,898700
2020-10-08,81.3786361291849,81.92429880140357,81.15541192412466,81.87469482421875,1020100
2020-10-09,82.19711470397912,82.57742649442869,81.53570536274266,82.21365356445312,840500
2020-10-12,82.3459432220194,83.5034175987958,82.12271903948229,82.53610229492188,679700
2020-10-13,82.0069913238482,82.55265406804051,80.74203927695804,81.93257904052734,950000
2020-10-14,81.99042897047674,82.47822446573916,81.38689298224794,82.3376693725586,862600
2020-10-15,81.95738257332884,83.18100009269516,81.5439992138811,82.64360046386719,975400
2020-10-16,82.76760633655286,84.23098046977799,82.61051866122155,83.96641540527344,1253600
2020-10-19,84.42114791918452,84.42114791918452,82.68493911736158,83.00737762451172,1072700
2020-10-20,83.39595356032298,83.7845285840879,82.6353234547966,83.19752502441406,1445100
2020-10-21,83.36287269232722,84.18963924175172,83.04043424266992,83.57782745361328,935600
2020-10-22,83.3959475235078,84.31365893553686,83.131382469176,84.16484069824219,738800
2020-10-23,84.54514639904629,84.79317257128281,83.99947746621557,84.46247100830078,672400
2020-10-26,84.28884600188874,84.70222927077045,83.28019612430899,84.5038070678711,616300
2020-10-27,84.60302607101937,85.57861089263814,84.08215908605193,84.7187728881836,754300
2020-10-28,83.75971771370585,85.01640641031075,82.35421709253987,82.47823333740234,1378300
2020-10-29,82.27979654766392,84.07388458642284,81.24633845729183,83.02388763427734,1026000
2020-10-30,82.61051879793733,83.50342825751615,81.88296644627793,83.13138580322266,1393600
2020-11-02,84.06564166366284,85.54555487265888,83.55304401842072,85.27272033691406,1219300
2020-11-03,86.0581287505592,87.09985638895503,85.47112524614958,86.19041442871094,1499700
2020-11-04,85.80184227830485,87.30655733514317,84.16484783694516,84.17311096191406,1483200
2020-11-05,84.92546201878716,86.09946901966721,83.66877331575725,83.99948120117188,1556400
2020-11-06,84.29713779976332,85.24792083200558,83.74320558634322,84.62784576416016,659400
2020-11-09,86.56245300884798,88.3400023066273,85.67781307568265,85.84317016601562,1314900
2020-11-10,85.88451304145275,87.63726052268885,85.79356820987695,86.68647766113281,1251000
2020-11-11,87.06677801760144,87.61244693481613,85.86796911677928,86.33922576904297,1005500
2020-11-12,86.1503929209977,86.15871278166047,84.61154870048601,85.21876525878906,909400
2020-11-13,85.659644702277,86.11713558333888,84.67811038886673,84.96092224121094,930100
2020-11-16,85.7761155484687,86.6328774952742,84.78626116330281,86.5330581665039,1587500
2020-11-17,85.5515324918974,86.12548258583259,83.1559254694592,83.33060455322266,1145700
2020-11-18,83.84630522743176,83.84630522743176,80.41925168210203,80.47747802734375,1526700
2020-11-19,80.1031654913213,80.15307197328193,78.50608826043013,79.47930908203125,1254200
2020-11-20,79.71222019392265,80.92665999649704,79.56249439107397,79.93680572509766,1710000
2020-11-23,80.14475439423225,80.2861603279464,79.21313285804882,79.68726348876953,1268200
2020-11-24,80.11148715349587,80.34439255458872,79.14659244236887,80.05326080322266,1360700
2020-11-25,80.35269863043443,80.99319471973588,78.88040039975385,79.8536148071289,1412900
2020-11-27,79.8952246200857,80.14476341126924,78.94696325195599,79.63735961914062,840100
2020-11-30,79.21313634988371,79.40444877541368,78.29814180623242,78.980224609375,3320300
2020-12-01,79.63734960209825,80.31111884979683,79.15490546134818,79.5208969116211,1315600
2020-12-02,79.22144009414721,79.67061744756784,78.13177298537575,79.65398406982422,1050200
2020-12-03,79.17154532592413,79.67062923259627,78.27319048619654,78.50609588623047,1267500
2020-12-04,78.27318151965174,78.72235888806024,77.15024127172822,77.59941864013672,925800
2020-12-07,77.26670366479689,78.26487148918835,77.26670366479689,77.89888000488281,843600
2020-12-08,77.64100764812548,78.43122958482921,77.03379095551081,77.71587371826172,1285800
2020-12-09,77.7158642326158,78.031949161,76.59292408719848,77.14191436767578,1013200
2020-12-10,77.29995821255102,77.49127694515973,76.06056541982593,76.5097427368164,1195900
2020-12-11,76.18536669948688,76.79258992979106,75.81937513447666,76.72604370117188,1217500
2020-12-14,77.06705969283855,77.9071880645691,76.16038511724526,76.1770248413086,1131400
2020-12-15,76.52640163031921,77.98206687872202,75.8443187392012,77.29166412353516,1120300
2020-12-16,77.44137152405958,78.28149990165197,76.66778935079428,76.75096893310547,1167700
2020-12-17,77.16687197209937,77.840641174428,76.58460855892179,76.70938110351562,1203800
2020-12-18,76.71770319990375,77.10864787659783,75.3701711021944,75.96075439453125,2501500
2020-12-21,75.17885242512733,75.4367173840457,73.99768583925368,74.91267395019531,1278400
2020-12-22,74.83780975644136,75.02912215244922,74.17236043578217,74.42190551757812,1009400
2020-12-23,74.7463201533435,74.89604595288705,73.4237411996762,73.76478576660156,1331500
2020-12-24,73.80637032183444,74.45517993050515,73.48195917130391,74.38863372802734,498900
2020-12-28,75.01250168920774,75.27868019405712,74.41359846674762,75.26204681396484,955600
2020-12-29,75.34522022001235,76.01898311685736,74.93762945996441,75.1206283569336,882600
2020-12-30,74.97091749761752,75.64468687487121,74.97091749761752,75.32028198242188,790400
2020-12-31,75.27867965960117,76.59293879442491,75.02082101972672,76.55134582519531,1177100
2021-01-04,76.60959096839576,76.63454421757666,74.85447385243275,75.17887878417969,1532900
2021-01-05,75.16223686802473,75.48664176294659,74.00602324844229,74.9376449584961,1584200
2021-01-06,74.85445515746359,76.33507347025568,74.36369112294769,75.88590240478516,1624200
2021-01-07,75.92749520945871,76.14376724295008,73.2906632199169,73.41543579101562,1555000
2021-01-08,73.59841078442676,73.86458922132799,72.31742507365381,73.15754699707031,1488600
2021-01-11,73.05774399697776,73.28232950555069,71.58543935943777,72.33406829833984,878300
2021-01-12,71.33591265214658,71.9431294217246,70.2379254718144,70.9283218383789,1159200
2021-01-13,71.71852958081324,73.42373319085436,71.08635334656334,73.08269500732422,1310600
2021-01-14,73.19084176391213,73.2989809506092,71.62704377741211,72.25090026855469,1134200
2021-01-15,72.21760260748908,74.03926497305963,71.8765644749698,73.77308654785156,1354100
2021-01-19,74.03928763280892,74.23060006306277,72.94961401651702,73.09102630615234,1133000
2021-01-20,72.88305593019834,73.8479503958569,72.55033129348365,73.49027252197266,1232700
2021-01-21,72.9163333413581,73.45700376853023,72.63351516225431,73.0577392578125,999800
2021-01-22,73.15755650398305,73.15755650398305,72.22593502686067,72.68342590332031,1189000
2021-01-25,72.51706833152024,74.77958856199834,72.21761675123959,74.39695739746094,1306600
2021-01-26,74.14741493445912,74.5965923208485,72.8581091209602,74.31377410888672,1170400
2021-01-27,73.96442187305186,77.3997955772856,73.64833687821181,75.56149291992188,3078100
2021-01-28,75.32858397218519,76.77593548982482,74.43023551699014,74.44686889648438,1622400
2021-01-29,74.08087814043823,74.97923302738032,73.35720865889866,73.94779205322266,1163500
2021-02-01,74.23059797875219,74.53836944659211,73.12429735951396,73.65665435791016,887400
2021-02-02,73.72319125005086,74.3969605069408,72.82484281785717,73.02447509765625,1261300
2021-02-03,72.87475888104795,73.15757078575751,72.15940290935174,72.55035400390625,1307900
2021-02-04,72.51707124881585,73.36551319627944,71.57712985113027,72.15939331054688,1578800
2021-02-05,72.53371348898827,73.28234256126336,71.95144995843904,72.2176284790039,1324100
2021-02-08,72.15107005761894,72.21761626305268,70.74531795845499,70.84513092041016,1012900
2021-02-09,71.08635711669922,71.37748883666424,70.02996306248455,71.08635711669922,1001000
2021-02-10,71.69358350346101,72.28416683340842,70.71204912572688,71.44403839111328,1160400
2021-02-11,71.32496558498264,71.7274132520425,70.27693211488669,70.38592529296875,1144300
2021-02-12,70.1763353320835,70.48655561601001,69.11153588711386,69.63136291503906,1262500
2021-02-16,69.52236053961755,69.53074660011606,67.75327917913806,68.0634994506836,1497100
2021-02-17,68.26472024626504,68.9857679298507,68.1724927706885,68.77616119384766,1142300
2021-02-18,68.9522433665505,70.27695972847144,68.60010551743973,69.99189758300781,1938500
2021-02-19,69.99187905977408,70.36916859873071,69.37982462018257,69.78227233886719,2412400
2021-02-22,69.68166245497841,69.94995881590587,68.21441533188039,68.7845458984375,1818700
2021-02-23,69.28759902657839,71.00637674321096,68.85161984983526,70.44462585449219,2056200
2021-02-24,70.10924982735204,70.17631910844173,68.65876867966549,68.69230651855469,1552200
2021-02-25,68.5665512084961,68.9354610933197,67.53528969837868,68.5665512084961,1646800
2021-02-26,68.75940326677087,70.26856809911686,67.59399019417226,67.61075592041016,2261800
2021-03-01,68.11381886203537,70.53687277776787,67.97128778386086,69.41338348388672,2062500
2021-03-02,69.41336520751166,69.87449617372478,68.49947654194685,69.61458587646484,1530300
2021-03-03,69.16183638377834,69.45528453299167,67.6862095772513,68.96900177001953,1061100
2021-03-04,69.67327334437567,70.99798936701157,68.80130861036304,68.98576354980469,1397700
2021-03-05,69.01930927492374,71.35852133493313,68.95223358079602,70.83031463623047,1386600
2021-03-08,71.30822309191909,72.85931185357447,70.79678208018056,72.38140869140625,1428600
2021-03-09,72.28917051968232,73.19467313417236,72.25563267506901,72.73353576660156,1182800
2021-03-10,72.68324393425836,73.82350524847085,72.2724100689249,73.12760925292969,1175500
2021-03-11,72.66647195769893,73.64743008542953,72.59939625750603,72.82577514648438,938700
2021-03-12,73.13599225409588,74.45232242835661,72.75031019325083,74.1924057006836,925500
2021-03-15,74.47747233910752,75.22367186131885,74.1253345324508,74.54454803466797,1151700
2021-03-16,74.17564839935883,74.82123446781947,74.12534481905293,74.52778625488281,892900
2021-03-17,74.74577200786726,74.74577200786726,73.2198350486376,73.32044219970703,1357200
2021-03-18,73.51326744178483,73.99955655645915,72.0376343750821,73.81510162353516,1459100
2021-03-19,73.83187181980601,75.11466397162663,73.42943048421391,74.46907806396484,4303100
2021-03-22,74.16723921991313,74.5445351446821,73.52165335267497,74.41876983642578,1110800
2021-03-23,74.5697057543708,77.45389052935178,74.21756152300578,77.44551086425781,1958800
2021-03-24,76.69929039916563,77.64671042878673,76.15431167197029,77.09334564208984,2019100
2021-03-25,77.84794237006516,79.2984238331114,77.30296356383309,78.13301086425781,2338500
2021-03-26,77.99048478766917,78.19171189408794,76.65738879027266,77.99887084960938,1207300
2021-03-29,78.0491577243692,79.76793544288284,77.95693664952752,79.4744873046875,1113100
2021-03-30,79.10558648222745,79.25650359868948,77.65511134866121,78.30069732666016,899800
2021-03-31,78.20007978818622,78.69475502114041,77.90663163136088,78.46837615966797,1381700
2021-04-01,78.25039808549639,78.37616342229241,77.22751606136848,78.24201202392578,940200
2021-04-05,78.2503906676814,79.16427299483145,78.07432177153386,78.65283203125,1058000
2021-04-06,78.22521869095641,78.74503918445,77.56286078782858,78.6444320678711,697600
2021-04-07,78.79536725084958,79.23134644850943,77.89825067391395,78.32584381103516,1026700
2021-04-08,78.66122772335504,78.85406876466541,77.78087673813653,77.85633850097656,1016200
2021-04-09,77.78085630982034,78.20845579576694,77.10173260607927,77.42871856689453,1045300
2021-04-12,77.9485500742817,78.51868062330355,77.44549521260116,77.93177795410156,1284600
2021-04-13,77.50418940896476,78.9295126672018,77.23589304047226,78.85405731201172,1124700
2021-04-14,78.4264670996823,78.91275632435361,77.94856393659242,78.80375671386719,821300
2021-04-15,78.80375366178855,80.60637303053673,78.80375366178855,80.43869018554688,1204400
2021-04-16,80.69019307244666,81.67115728545049,80.53927599326828,81.29386138916016,1187000
2021-04-19,81.48672868529745,81.72148724057719,80.79083268451046,81.20166015625,1194700
2021-04-20,81.35256792020819,83.72531778181401,81.21003687043572,83.13003540039062,1304100
2021-04-21,83.34800202795643,83.7252914874976,81.50345943421875,81.56214904785156,1158400
2021-04-22,81.33579779225289,81.80531482335216,80.75728116701286,81.46156311035156,883600
2021-04-23,81.62087668590014,81.85563524979749,80.95013884572076,81.15135955810547,762200
2021-04-26,81.06751149488662,81.09266328229045,80.10331913203275,80.3213119506836,825900
2021-04-27,80.25423854953542,80.49738316254741,79.61703219807953,79.63380432128906,799700
2021-04-28,79.91886756975339,80.12008827425431,79.23135763240859,79.36550903320312,770200
2021-04-29,79.3403478477554,80.41353982345593,79.3403478477554,80.27938842773438,1137300
2021-04-30,80.73213437803464,81.53702350830298,80.01108666612318,81.4699478149414,1073300
2021-05-03,80.89141899209805,82.92041027560838,80.01106830959966,82.16582489013672,1450300
2021-05-04,82.09877311823996,82.81982087468481,81.58733211897814,82.04846954345703,1382500
2021-05-05,81.81371820875185,82.07362856362252,80.05302257259052,80.9585189819336,1244100
2021-05-06,81.34417175504433,82.29159820785803,80.89142687632248,82.12390899658203,1233600
2021-05-07,82.11554433640006,82.81143390109713,81.8137100976462,81.864013671875,847900
2021-05-10,82.16583979025084,83.5408594545974,82.00653662534938,83.22225952148438,1712600
2021-05-11,83.40672926325875,83.64986748891661,80.25424163134122,80.85791015625,1533700
2021-05-12,81.0423462356431,81.05072589892434,79.60025096176723,79.66732025146484,1323000
2021-05-13,79.76697006100352,81.50653988076544,79.45452036488713,80.93231201171875,1005600
2021-05-14,81.27009173306955,82.16521559817272,81.07587130195762,81.23631286621094,754700
2021-05-17,81.27007954997019,82.03853415982046,80.77185583447888,80.86474609375,901200
2021-05-18,80.4678930801388,80.98300970749723,79.93589023470112,80.56078338623047,1427300
2021-05-19,80.55230204576212,80.71275003976064,79.65718469536952,80.11318969726562,1202300
2021-05-20,80.1300913991459,81.29543344528587,80.11320518514133,80.66209411621094,1032200
2021-05-21,80.64518249175293,81.70919403328492,80.60295730605499,81.25318908691406,2639000
2021-05-24,81.650108459542,81.97944439562542,80.50165262609075,80.52698516845703,1643500
2021-05-25,80.56920147884492,80.93230980291686,79.16740749105969,79.55585479736328,1628900
2021-05-26,79.37854825906695,79.68255172525933,79.17588142915946,79.37010192871094,1109300
2021-05-27,79.37853100603151,79.63186932034918,78.70296646295834,78.82963562011719,1759100
2021-05-28,79.14207274891871,79.63185664253751,78.96473853419326,79.30252075195312,1001800
2021-06-01,79.50521286164346,79.66565447318658,78.28075273708703,78.50875854492188,1317000
2021-06-02,78.74517707719845,79.59807570525011,78.29761838844315,78.68606567382812,1742400
2021-06-03,78.26384101013723,79.58118456322269,78.162504412723,79.2349624633789,1365700
2021-06-04,79.49676196201844,79.68254255248988,78.87186888351947,79.03231048583984,808200
2021-06-07,79.13363478759068,79.28563647951894,78.73674112296354,79.00696563720703,800300
2021-06-08,78.94785984765407,79.16741929444242,76.98029048321195,77.6305160522461,1309500
2021-06-09,78.04428256842834,78.6185104088871,77.68116780986384,78.45806884765625,864800
2021-06-10,78.16252219073854,78.77897535723214,78.05274568389945,78.64385986328125,731000
2021-06-11,78.6438511851006,78.6438511851006,77.9091817064612,78.44963073730469,639400
2021-06-14,78.314504210675,78.50873107373256,77.74872271798951,78.27228546142578,971100
2021-06-15,78.33985178633549,79.0576415306113,77.97673697126055,78.61852264404297,1139900
2021-06-16,79.03230380636926,79.0407501350391,77.58829085155796,77.6305160522461,1194200
2021-06-17,77.32650133527456,78.28073017022584,77.12383457547236,78.01050567626953,1033100
2021-06-18,77.67272702000213,77.67272702000213,75.33359049198765,75.51937103271484,2003200
2021-06-21,75.82337445240591,76.7776032529681,75.39270196601949,76.56649017333984,1422900
2021-06-22,76.5580581679579,76.96339171467014,76.09360676791205,76.14427185058594,1814600
2021-06-23,76.19493982473645,76.19493982473645,75.08026295923823,75.13092803955078,1074800
2021-06-24,75.22383117675781,75.60383222939392,74.85227001051,75.22383117675781,699600
2021-06-25,75.22382823890793,76.12739213209008,75.0211550056001,76.08516693115234,1064400
2021-06-28,76.1695929434012,77.33494121102974,76.05137013982433,76.8113784790039,1298700
2021-06-29,76.38068527947202,76.89580154493977,74.99578443408069,75.1731185913086,1202700
2021-06-30,75.19849459008731,75.33360363431215,74.67493174239611,75.11404418945312,1500400
2021-07-01,75.2238206591275,76.42294151006345,74.7509229383876,76.16116333007812,1135300
2021-07-02,76.22028187443522,76.29627950438582,75.72205156611287,76.01760864257812,1145500
2021-07-06,76.00072845158616,76.60028898069594,74.81849360936249,76.59184265136719,891500
2021-07-07,76.50739048008347,77.60518123925821,75.97538775734175,77.51229095458984,1057300
2021-07-08,77.48695000555978,78.40739998130172,77.31805566873085,77.86695098876953,1245600
2021-07-09,77.95985204571619,78.19629770731846,76.96339786992007,77.55451202392578,1224300
2021-07-12,77.41096218576655,78.2638610483932,77.19984905242957,78.00208282470703,676600
2021-07-13,78.07808607295411,78.40742206922152,77.1998546020203,77.59674835205078,744300
2021-07-14,77.59673939316704,79.09986380621187,77.25895710601218,78.66075134277344,862300
2021-07-15,78.49184683406736,80.10475398652565,78.49184683406736,80.0118637084961,1189200
2021-07-16,80.11319823699222,81.06742709068108,79.78386232984914,80.59453582763672,1216500
2021-07-19,80.54389219695872,81.6754621088109,78.6100948371086,79.5727767944336,1780300
2021-07-20,79.37852604358318,80.78876001322533,78.83807701997588,79.22652435302734,1165200
2021-07-21,79.20965156609532,79.26031665731504,77.74029949410694,77.77407836914062,898900
2021-07-22,77.78251394337808,78.38207439633473,77.63051224807494,78.08651733398438,801200
2021-07-23,78.3145100527332,79.47985843269106,78.12028961784702,79.40385437011719,565400
2021-07-26,79.22652419022393,79.8176382952483,78.67762883975242,79.51364135742188,1109500
2021-07-27,79.66562685200347,81.62476237203416,79.24340070220232,81.4896469116211,1294300
2021-07-28,81.27853287651756,81.27853287651756,79.20962734399735,79.75007629394531,1425200
2021-07-29,79.93585912294914,80.12163322016518,79.25184836770968,79.86830139160156,832300
2021-07-30,79.94431629965595,80.51854425499849,79.32786958508399,79.49675750732422,1177100
2021-08-02,79.44609383468496,80.46788060056453,79.3025384539569,79.96965026855469,1385800
2021-08-03,79.80075542256759,81.97944425970803,79.6572000542894,80.73809814453125,1236200
2021-08-04,80.47632275367977,80.9914392744204,79.40386451174655,80.92388153076172,1243500
2021-08-05,81.00831170621822,81.52342813931675,80.34963992426533,81.47276306152344,743600
2021-08-06,81.42209865319833,81.82743863893069,80.8478707649628,81.32920837402344,781900
2021-08-09,81.21099199606074,81.57410681364227,80.6958754771041,81.34610748291016,835700
2021-08-10,81.46433573848228,81.46433573848228,80.72965972579296,81.15188598632812,566400
2021-08-11,81.33765407668531,81.96254704233601,81.2194312573098,81.41365814208984,597000
2021-08-12,81.5565317442496,81.97324212689072,81.27588727728565,81.30139923095703,455900
2021-08-13,81.27588329946009,82.02426201978061,81.24186520013339,81.82015991210938,502400
2021-08-16,81.98175142171998,82.82367836664642,81.64157688703276,82.64508819580078,1059100
2021-08-17,82.60256190636602,83.12983274652716,82.01576749901558,82.79816436767578,1194400
2021-08-18,82.78964541771235,82.78964541771235,81.48848405753839,82.03276062011719,1192500
2021-08-19,82.30490734777177,83.12132227542281,82.10931138492562,82.46649169921875,888400
2021-08-20,82.3389361235583,83.37646558956499,81.89671374685034,82.99376678466797,922700
2021-08-23,82.95974615399692,82.95974615399692,81.36092787652697,81.46298217773438,1133600
2021-08-24,81.29288788261236,81.34391827497961,79.98322676381655,80.32339477539062,778500
2021-08-25,80.15331822230762,80.74861878620258,79.77912558883676,80.50199890136719,1004900
2021-08-26,80.45097419863058,80.65507633665683,79.94071560941994,80.26387786865234,785100
2021-08-27,80.37441729974437,80.47646509791136,79.89817045124137,80.28937530517578,691900
2021-08-30,80.18732356679075,81.02074422364967,80.08526927709255,80.80813598632812,568700
2021-08-31,80.57853681332121,81.13131963001511,79.94921813144751,80.34892272949219,1032800
2021-09-01,80.63805698479324,81.8456702903643,80.18732853188916,81.55652618408203,1026600
2021-09-02,81.69258202796786,82.33040670086152,81.64155813038856,82.32190704345703,978400
2021-09-03,82.33043017324812,82.44949029373589,81.52252128589674,81.7096176147461,708900
2021-09-07,81.59054800543592,81.77764431252635,79.94921197726433,79.99172973632812,966500
2021-09-08,80.05975511717006,82.13481353241114,79.85565303169516,81.99874114990234,795400
2021-09-09,81.94772682511909,82.08379273523708,81.26737780966185,81.63306427001953,904700
2021-09-10,81.54804218062162,81.54804218062162,80.39995861390834,80.6976089477539,915200
2021-09-13,81.34390231424503,81.34390231424503,79.59200625459657,79.66854858398438,790700
2021-09-14,79.71957171792037,80.27235435542765,79.31986724944146,79.44743347167969,846700
2021-09-15,79.3114006466099,79.65157521825418,77.92519040261024,78.2568588256836,1214500
2021-09-16,78.3163760940136,78.82664111225967,77.53397924886052,77.88265991210938,1281300
2021-09-17,77.41491616507813,78.03573511965438,77.1087597612171,77.17679595947266,2301200
2021-09-20,77.18530917383384,78.16330852636924,76.62402021926431,77.38090515136719,1057000
2021-09-21,77.55949959544243,78.29937876133602,77.30437354699943,77.71257781982422,1232200
2021-09-22,77.86565999134055,78.07826828663215,77.04073876748272,77.58502197265625,893900
2021-09-23,77.75509125028806,78.12928385520655,76.5644837250566,76.77709197998047,1226800
2021-09-24,76.82811505646548,77.61051835724825,76.48794704288659,76.53897094726562,1005600
2021-09-27,76.53897313689636,77.25333377179527,75.02520337298179,75.1187515258789,830600
2021-09-28,75.13575453006723,75.23780882622846,73.95365317476093,74.64250183105469,1217000
2021-09-29,74.56598193784237,76.18180628737989,74.42140985354808,75.69705963134766,944300
2021-09-30,75.73105956492334,75.84161351668627,74.73604804590204,75.00818634033203,1203900
2021-10-01,75.47593299211486,75.60349924694249,74.38737972905909,74.51494598388672,1110500
2021-10-04,74.31935896524195,76.29236378642423,74.3023531556009,76.00321960449219,1340900
2021-10-05,75.85861044958486,76.01168862781684,75.20377998554622,75.59497833251953,940500
2021-10-06,75.61200493842567,77.08325046880782,75.10173992219057,77.0322265625,798600
2021-10-07,77.10875096028988,77.77208759684815,76.1307518089309,76.30084228515625,679600
2021-10-08,76.20731906042536,76.31787303990004,75.39090397249072,75.52696990966797,674000
2021-10-11,75.29734136548758,75.50994962330013,74.13224577689071,74.26831817626953,879400
2021-10-12,74.26831771019532,74.78708237506554,74.14075145865051,74.68502807617188,918100
2021-10-13,74.68501874664598,75.6970359973158,74.06419986043375,75.67152404785156,1049100
2021-10-14,76.00321281465153,76.88766406765633,75.93517660558423,76.45394134521484,1027700
2021-10-15,76.75158896308591,77.02372730153978,76.10525797614932,76.5985107421875,1273400
2021-10-18,75.90114033861322,76.27533291065254,75.23780367966242,75.55245971679688,872300
2021-10-19,76.46243849333968,76.55598015943428,75.82461370706206,76.41991424560547,961800
2021-10-20,76.53897275134774,78.01872440781952,76.53897275134774,77.4404296875,782200
2021-10-21,77.78060906440335,77.87415722268288,77.32137442056457,77.56800079345703,621800
2021-10-22,77.8231402104033,78.22284483332952,77.5680076673427,77.9507064819336,500700
2021-10-25,77.7125776059307,77.72958990208737,76.7345846904894,76.86214447021484,681500
2021-10-26,77.00671195212274,77.92517467541684,76.68354325455334,77.17679595947266,776200
2021-10-27,77.64453570215558,77.67854731255197,76.38589200395552,76.51345825195312,679900
2021-10-28,76.41990406214167,77.0067048635745,76.14776578245903,76.97268676757812,806600
2021-10-29,76.97268742551022,77.63602408238854,76.20729647977042,76.5899887084961,1157300
2021-11-01,76.51346889788603,76.94719160610964,75.93517411635115,76.828125,970600
2021-11-02,77.12579149908666,77.79763452758823,76.51347853699455,77.2958755493164,1489800
2021-11-03,77.29585988212227,78.1888171855604,75.46742751545189,76.42842102050781,1030500
2021-11-04,76.50494436833843,76.74306454676568,75.45040936889421,76.30084228515625,1365700
2021-11-05,76.3688912569544,77.51697458839689,76.31786086140208,77.27885437011719,827300
2021-11-08,77.27885540744973,77.27885540744973,75.43341071443149,75.6460189819336,1741000
2021-11-09,76.01171661462355,76.88766825542206,75.69706048505677,76.36039733886719,998700
2021-11-10,76.67571896814276,77.69542956667046,76.47005744540846,77.66972351074219,797000
2021-11-11,77.36981246768856,77.63545044233294,76.21299412994001,76.2986831665039,1038400
2021-11-12,76.4272104574761,76.64143629099281,75.83594506492078,76.0501708984375,1405300
2021-11-15,76.4957787887881,77.60118517819429,76.11874566373447,77.59262084960938,1017600
2021-11-16,77.59263001900707,77.8668389322028,77.06991825671898,77.25843811035156,998200
2021-11-17,76.98419834246543,77.93536163978095,76.6243004833877,77.80683135986328,770500
2021-11-18,77.678289936008,77.77254982746081,76.78710966805198,77.23269653320312,710100
2021-11-19,77.5497669671647,77.80684063294653,77.18129819962667,77.56690216064453,1168300
2021-11-22,77.43837144453653,78.75800361557842,77.18129778015187,78.4238052368164,826900
2021-11-23,78.56946052073573,78.74083855444474,77.87536444761253,77.97819519042969,956900
2021-11-24,78.01247740924542,78.12387248496542,77.32695215249052,77.71256256103516,791300
2021-11-26,77.47263721803323,78.1581559949649,76.29010637725577,76.41007232666016,733900
2021-11-29,76.73571385651017,77.84111365894562,76.18729611939386,77.54119873046875,1062700
2021-11-30,76.78711731137516,77.30982892958784,74.41349113601837,74.49061584472656,3677100
2021-12-01,74.8419425855015,76.84710001523023,74.46490952116402,75.13329315185547,1831800
2021-12-02,75.37322982656526,76.70999717236579,75.34752376801599,76.15301513671875,1448200
2021-12-03,76.22156684355971,78.29527836743186,75.83596286776871,78.12389373779297,1499700
2021-12-06,78.83511039674092,80.02620556341849,78.48377687537722,79.05790710449219,1385700
2021-12-07,78.84369166168536,79.59776437661571,78.44094597681006,79.12646484375,1122700
2021-12-08,79.11788781456362,79.86338954440012,78.586605384411,79.31497192382812,1006900
2021-12-09,79.5378032276591,80.06051502117788,78.4495383771084,79.52066802978516,903400
2021-12-10,79.88910667003681,80.4203825926844,79.36639507425802,80.10333251953125,1446500
2021-12-13,80.18045939206426,81.93711416369155,80.18045939206426,81.50009155273438,1637200
2021-12-14,81.49152411483318,81.7314560563821,80.99451850010752,81.20018005371094,2062400
2021-12-15,81.38869398546014,83.18818995449979,81.38869398546014,83.10250091552734,2473600
2021-12-16,82.81114402733043,84.66205850883094,82.67404288295305,84.28501892089844,1812600
2021-12-17,83.83945784587979,84.57639557705056,82.46841318474465,82.51126098632812,2879100
2021-12-20,82.0999276266977,82.70832836707532,81.30300705793302,82.49410247802734,1179200
2021-12-21,82.82831631548791,83.13679563856239,80.7888812875822,81.17449188232422,1413200
2021-12-22,80.91738098408558,81.7400073889527,80.60889526505373,81.20872497558594,657200
2021-12-23,81.32014476271566,81.62863055067923,80.9088281995459,81.10591888427734,733400
2021-12-27,81.21730785797847,81.72288429251725,80.8831160358488,81.64575958251953,673600
2021-12-28,81.91140725788867,82.71689868744443,81.4743911542259,82.69119262695312,651700
2021-12-29,82.81971774705012,83.19675081032659,82.56264410320561,83.05107879638672,556700
2021-12-30,83.28245613009433,83.2995913241173,82.61407242306147,83.22247314453125,503500
2021-12-31,83.27389401540808,83.54810291217771,82.51982118370553,83.17963409423828,624500
2022-01-03,83.21391200154774,83.21391200154774,81.3715678901977,82.3398666381836,1215400
2022-01-04,82.16847797510883,83.11107053918,81.89426911033075,82.13420104980469,1135200
2022-01-05,81.97138710443244,83.77088304057028,81.97138710443244,83.08535766601562,1094400
2022-01-06,83.53952979430686,83.94227553069672,82.46840029865538,82.56266021728516,961400
2022-01-07,82.48554288380502,83.71091530099548,81.8600003753138,83.29959869384766,1205500
2022-01-10,83.3167458416411,83.76233286882473,82.65692636153582,83.03396606445312,1193500
2022-01-11,83.2224517653947,83.37669462259824,81.23443634902328,81.68002319335938,1100600
2022-01-12,81.17445501666462,82.17703033988907,80.69458470809752,82.00564575195312,1228900
2022-01-13,82.4940914284905,83.37670746477808,82.09991662995797,83.35956573486328,1107300
2022-01-14,83.10250932727094,83.49668417656673,82.06565027649201,82.47696685791016,1185400
2022-01-18,81.99708837781982,82.23702028361892,80.5746255967907,82.06563568115234,1342100
2022-01-19,82.27131695290468,83.30816953051554,81.58579145378982,82.2884521484375,1877700
2022-01-20,82.4084013122492,83.33385858589047,82.09991555436876,82.83685302734375,1409300
2022-01-21,83.69376336773104,84.59351465877955,82.76830601767914,83.11106872558594,1795300
2022-01-24,81.9628283226942,83.25675455253617,79.5977726232343,81.5172348022461,1786600
2022-01-25,80.91738815892717,81.67146079583796,80.23186282525981,81.19159698486328,1267200
2022-01-26,80.97738031676215,81.885695929853,80.00908172049841,80.6431884765625,1469100
2022-01-27,81.0544980763238,82.57122091649373,80.86598479993218,81.50009155273438,1309600
2022-01-28,81.26013462403444,82.83683342438982,80.90880116272426,82.75114440917969,1107300
2022-01-31,81.95425673177199,83.30816593843538,81.8685676824913,83.15392303466797,1221400
2022-02-01,83.06822537962893,83.35099855919476,80.81456504485594,81.54293823242188,1815200
2022-02-02,81.38869302338621,82.6997542633652,81.32013917795678,82.36556243896484,1820700
2022-02-03,82.87971041944017,84.06223493659684,81.74859802200399,81.99710083007812,1925600
2022-02-04,81.44009847688459,82.27129580617516,80.49750606112411,81.09733581542969,1596400
2022-02-07,81.05448430628851,81.542925489332,80.36896555253556,81.16588592529297,1519100
2022-02-08,81.65433602981732,81.74859593867275,80.78886165653333,80.95167541503906,1205400
2022-02-09,81.42298825053909,81.7143389136778,80.47183114004008,80.82315826416016,1432600
2022-02-10,80.05191479554986,80.48893736411422,78.47521566311606,78.83511352539062,1542800
2022-02-11,79.2479822380065,79.61938993879023,78.33242182715344,78.78156280517578,2294600
2022-02-14,78.77293913629701,79.14434691043789,76.71724412465741,77.4168701171875,1942600
2022-02-15,77.75372924317759,78.06467559985923,76.60496215911611,76.78634643554688,2101700
2022-02-16,77.0540974241494,77.45141627443223,76.32856037314613,76.97636413574219,2468900
2022-02-17,77.06273028315135,77.57233270450126,76.29400374226076,77.20956420898438,1430000
2022-02-18,76.89862295550604,78.32379252704688,76.89862295550604,77.7364501953125,1632600
2022-02-22,78.07331835371907,78.18560198044484,77.1232073719892,77.5550765991211,1534400
2022-02-23,77.55505963142579,77.88327779990911,76.13852940352943,76.3026351928711,1635300
2022-02-24,76.03487468449306,76.69131757884217,75.26614819352884,76.59630584716797,2795100
2022-02-25,77.13182136015895,78.82474738572692,77.08863181565904,78.47061157226562,2189200
2022-02-28,77.96101513588877,78.5829077210493,77.68461916357296,78.49652862548828,1720000
2022-03-01,78.60019237931871,79.13571254587974,76.59631960642702,77.14047241210938,2013000
2022-03-02,77.01954870187828,78.53973007487758,76.9418154118537,78.24605560302734,1658900
2022-03-03,78.53971332820227,80.25855046907597,78.53107410121915,79.85259246826172,1372800
2022-03-04,79.50712399546711,81.77011443266045,79.29118939101424,81.71829223632812,1960200
2022-03-07,81.7528304606015,82.6597517111564,80.85454184828986,82.44381713867188,1962500
2022-03-08,82.65112619450753,82.94479407528614,81.0618441773856,81.19140625,1881500
2022-03-09,81.8132977841838,81.9083095301208,79.87852572017694,79.98217010498047,1613400
2022-03-10,79.59348046466158,80.97546033644359,79.48119027552316,80.81134796142578,2039300
2022-03-11,80.78542991050422,81.95147512095855,80.78542991050422,81.07046508789062,1270300
2022-03-14,81.52826183791852,82.063781984019,80.73362414226021,81.00138092041016,1582300
2022-03-15,81.96875973255574,82.03786037283442,80.91499803260498,81.70099639892578,1800900
2022-03-16,81.70100127492933,81.83920256373469,80.49177294688312,81.70964050292969,2090400
2022-03-17,81.83055999416851,83.17799614579742,81.68372607315891,82.73748779296875,2357000
2022-03-18,82.5301868993347,83.03978926962097,81.57143697882378,81.77873229980469,2803800
2022-03-21,81.9255681003645,83.24708651051988,81.9255681003645,82.65974426269531,1172900
2022-03-22,82.91023119977318,82.96205997485404,81.76146435731009,82.37471771240234,1612600
2022-03-23,82.38334747031791,82.97068971223868,81.77009413666234,82.4697265625,1484500
2022-03-24,82.74612911313301,83.82580195338892,82.46109390175343,83.44575500488281,1301300
2022-03-25,83.69624536398665,84.74136795087512,83.55804406829868,84.70681762695312,1078900
2022-03-28,84.7413824051934,85.13006208346198,84.21450140766389,85.12142944335938,803400
2022-03-29,85.49282046536605,85.68283735733819,84.55998151291962,85.66556549072266,1360300
2022-03-30,85.9419441802798,86.6329373221715,85.66554824148292,86.62429809570312,1052500
2022-03-31,86.55521343155927,87.40167985704569,86.18380570248873,86.209716796875,1566500
2022-04-01,86.15789701199768,87.39304306734064,85.76057817745524,87.349853515625,1395300
2022-04-04,86.81434419230861,87.03027878177026,85.65693136609777,86.79706573486328,1102200
2022-04-05,86.84887645467794,88.69727562885791,86.84887645467794,87.86808776855469,1583300
2022-04-06,88.3172257740126,90.2260862933645,88.1185631001438,89.8028564453125,1353800
2022-04-07,89.82878524102743,90.16564265849726,88.90458550262042,89.6646728515625,1552000
2022-04-08,90.03607958267203,90.83935647450532,89.64739997912059,90.25201416015624,1382900
2022-04-11,90.47658971596516,91.06393204167512,89.42282790309132,89.53511810302734,1216500
2022-04-12,89.24144415516373,90.37293926079624,88.73184170263629,90.18292236328124,1262400
2022-04-13,90.24337738672725,90.46794459236482,89.01686403456797,89.13778686523438,1132900
2022-04-14,89.50918307023484,89.9237802861841,89.09459244408477,89.12914276123047,960600
2022-04-18,89.3364522834231,89.83742207701712,88.26541864075327,88.82684326171875,889300
2022-04-19,89.31918014031774,90.537047708089,89.09460633874707,90.27792358398438,1447200
2022-04-20,91.09847868978272,91.52170860761728,90.48522529338568,91.03801727294922,1085500
2022-04-21,90.8739021941452,92.26452132988088,90.51113370390112,91.34896087646484,1140700
2022-04-22,91.3748801002594,91.3748801002594,89.64740341419296,89.81151580810547,1515600
2022-04-25,90.01017743279309,90.16565060762436,87.66944717102268,88.88732147216797,1387400
2022-04-26,88.4727170068314,89.81151404821894,88.20496023447409,88.64546203613281,1322800
2022-04-27,88.62818660325826,89.54374708335992,87.81627050064722,88.17903900146484,1136400
2022-04-28,88.44680622131962,89.33645564595994,87.8767357609867,88.7750244140625,1323900
2022-04-29,88.23087967285386,88.62819854965728,86.28746825534519,86.41703033447266,2017900
2022-05-02,86.72795963600578,88.70591440189528,85.04366611811676,86.14061737060547,2252000
2022-05-03,86.71931793998641,88.12720885544643,85.87285159137512,85.9937744140625,1886000
2022-05-04,85.73468083813641,87.85947664541344,85.73468083813641,87.72127532958984,1701300
2022-05-05,87.43624360838271,87.97175721407993,86.52931562677108,87.29804229736328,1290400
2022-05-06,86.81435423417712,87.35850709023472,85.94197654669938,86.94391632080078,1843400
2022-05-09,86.52066377438156,88.59363700862635,86.13198417599828,88.04948425292969,1812000
2022-05-10,87.98039983418711,89.0773447760243,86.0542601738791,86.94391632080078,1402700
2022-05-11,87.08209149819155,89.19824760871441,87.08209149819155,87.88536834716797,1731500
2022-05-12,88.00543893201122,88.79710161870857,86.6569939539789,87.70964813232422,1359100
2022-05-13,88.91888154987258,89.45826078162818,87.0310641946604,88.81448364257812,1582000
2022-05-16,89.03196745997391,89.77144096453728,88.35339770794953,89.40605163574219,1306600
2022-05-17,89.7366424637381,90.13682445856448,87.83142226817775,89.99762725830078,1302000
2022-05-18,90.40649988765507,90.52829410462522,88.4751821081474,88.69267272949219,2096000
2022-05-19,88.50999524095069,90.08463209900776,87.51823838355841,89.49305725097656,1909100
2022-05-20,89.69315330441349,90.22383108394595,88.68400002085724,90.08464050292967,1756700
2022-05-23,91.34607565276475,91.85935041577248,90.11073031783842,91.36347198486328,1232700
2022-05-24,91.75496152693364,94.295250865602,91.24168011333332,94.19955444335938,1347400
2022-05-25,93.9211796405488,94.0342724109692,91.63317995004172,92.0507583618164,2489800
2022-05-26,92.4683351722747,92.807620090596,91.57227466300112,91.6940689086914,1822800
2022-05-27,91.4156883072177,92.999020263081,91.17209979666784,92.67713165283205,1202400
2022-05-31,91.72887101663184,92.18124870912504,90.77190671797334,91.406982421875,1899100
2022-06-01,91.73755260844878,91.88545129332591,90.65880085355062,91.0589828491211,1553800
2022-06-02,91.51137056999056,91.57226768819734,89.3973611275438,91.22428131103516,1084400
2022-06-03,91.0589855122903,91.34607476879852,90.45001433541354,90.63270568847656,834700
2022-06-06,90.97200363368428,91.32869154367845,90.624017209548,90.74581146240234,778000
2022-06-07,90.66750361792164,91.94634970730333,89.92803673224776,91.86804962158205,1234300
2022-06-08,91.51138930278476,91.51138930278476,89.49307586683193,89.56266784667969,1097700
2022-06-09,89.32778291053499,89.67576936711266,86.52650155915455,86.57869720458984,1206400
2022-06-10,85.80441359811844,87.15285835767422,85.27373585176073,86.39598846435547,1712800
2022-06-13,85.64781218771331,85.76091156944783,82.75953672666824,83.1510238647461,1611800
2022-06-14,83.04663198755895,83.47291181845597,79.30579665533573,80.08006286621094,1611300
2022-06-15,80.61943065818325,81.184907662378,78.93170776712329,79.93215942382812,1720700
2022-06-16,78.95780842045609,79.65377452677448,77.77465873869802,79.34928894042969,2024000
2022-06-17,79.73208918630299,79.76688849357261,77.60937790388073,78.61853790283203,2633700
2022-06-21,78.68812737304418,80.44545582908002,78.45324035306938,79.94957733154297,1752300
2022-06-22,79.69728029360816,82.02878050194256,79.67118247561712,81.2284164428711,2061400
2022-06-23,81.60250118169155,83.08143506724014,81.51549960477469,82.9422378540039,1248700
2022-06-24,83.00315408645956,84.86487395089827,83.00315408645956,84.52558898925781,1808300
2022-06-27,84.8561551973473,86.39598612243516,84.2819766792307,86.36988830566406,1833500
2022-06-28,86.42208383368637,87.12675807208619,86.17849536106938,86.23069763183594,1462500
2022-06-29,86.41339143420001,86.71787703359665,85.90011002039857,86.39598846435547,948100
2022-06-30,86.16980964806226,88.54480414512591,85.98711163694463,87.55304718017578,2106200
2022-07-01,87.91842151436815,89.45825909073686,87.43124456411228,89.24076843261719,1610500
2022-07-05,89.31035388491429,89.39734880789423,84.8039478467664,86.0044937133789,1394700
2022-07-06,86.46557491378938,88.59698044722028,86.28288357983422,88.0924072265625,1515000
2022-07-07,88.07501763049301,88.28381344724406,86.4046909202147,86.83097076416016,1462900
2022-07-08,86.900567850847,87.01366060497753,86.26549883853895,86.56998443603516,919300
2022-07-11,86.25678885621568,87.83141896049396,86.18719025870487,87.49213409423828,893000
2022-07-12,87.02236202643651,88.50999734793821,86.78747503347866,87.39644622802734,1036000
2022-07-13,86.91796591653726,87.93582055814775,86.56997955162342,87.1093521118164,915300
2022-07-14,85.58691886220856,87.28334992773526,85.41292899577462,87.09195709228516,868200
2022-07-15,87.59653178762376,87.77052164371021,86.34378358448114,87.64872741699219,1174600
2022-07-18,87.21376222818785,87.35295944856537,85.83052469645236,85.96101379394531,948700
2022-07-19,86.43948477559404,86.84836826101993,85.88270924058924,86.18719482421875,1382900
2022-07-20,85.70871140078397,85.88270790106408,83.48160929550122,83.62950134277344,2136300
2022-07-21,83.51642024349525,83.84700368420181,83.26413026086837,83.71651458740234,1302700
2022-07-22,84.1688853124099,85.16934367458869,84.10798819317928,85.1345443725586,917400
2022-07-25,84.87357290814874,86.12632152701994,84.76048012789111,86.09152221679688,880000
2022-07-26,85.74351924523205,87.64003814490357,85.74351924523205,87.5617446899414,1059700
2022-07-27,87.16156287918389,87.64003836996568,86.77877717672766,87.4051513671875,1051700
2022-07-28,88.23161277804498,89.86714685254604,87.95322498793881,89.60615539550781,1240800
2022-07-29,89.42347009560221,90.77190834898768,89.42347009560221,90.31082916259766,1269300
2022-08-01,89.99762359287543,90.78929270323444,89.50174520238588,90.38040924072266,1312000
2022-08-02,90.72841410620164,91.66797544960173,90.02374641729607,90.17163848876952,1317100
2022-08-03,89.91064724510217,90.90240423102972,88.17072177683782,90.54572296142578,1274000
2022-08-04,90.65881394015108,91.3808845881949,89.96284774893928,90.34562683105467,1336300
2022-08-05,90.23254767048527,90.40653758519628,88.53611613424899,89.7105712890625,1061900
2022-08-08,90.2325215579376,90.75449778830476,89.84973589160067,90.45001220703124,1325400
2022-08-09,90.9372067834179,91.77237024152627,90.59792183597666,91.53748321533205,624900
2022-08-10,91.70276859880636,91.88545996376529,90.71970652989454,91.49397277832033,982500
2022-08-11,91.54479696947848,92.28941838323716,90.79141341667214,91.3958740234375,994000
2022-08-12,91.87765974058333,92.56972149890116,91.5798139295248,92.54344177246094,1257400
2022-08-15,92.6748595333186,93.27055791898268,91.93023822212676,93.10411071777344,865200
2022-08-16,93.0077483313352,94.05022218923116,93.0077483313352,93.74361419677734,872100
2022-08-17,93.46330121242596,94.54081043111884,93.46330121242596,93.70858764648438,1000800
2022-08-18,93.83120996703096,94.15534221616814,92.9989873677349,94.08525848388672,789500
2022-08-19,94.34806514650336,94.7860784604306,93.83997478184789,94.3393096923828,922800
2022-08-22,93.98889733706082,94.5583159796505,93.3055976393743,93.54212188720705,1060700
2022-08-23,93.56840112795466,93.56840112795466,92.17552201049082,92.81501770019533,810400
2022-08-24,92.85882276723112,93.1654307509784,92.15799878990636,92.74494171142578,688100
2022-08-25,92.92014648465616,93.1303910092308,92.14924543884725,93.05155181884766,930900
2022-08-26,92.84130963273758,93.4457634915586,91.7550317473764,91.79883575439452,961700
2022-08-29,91.57982354010272,92.75369600130124,90.88776170915844,92.1404800415039,703700
2022-08-30,92.00031624620146,92.41204984287782,90.40594800354286,90.6424789428711,964300
2022-08-31,90.43223943335458,91.39586746932484,90.31835168456362,90.3533935546875,1694300
2022-09-01,90.58992202741209,92.04412283820416,90.17818841916846,91.67619323730467,1629600
2022-09-02,91.84262555190452,92.47336577338288,89.86281024771723,90.239501953125,847600
2022-09-06,90.5636305612566,91.52726520065124,89.95041459396252,90.2833023071289,1507300
2022-09-07,90.87900278640004,93.26179634342228,90.80892573391046,93.05155181884766,1397100
2022-09-08,92.8851018202224,93.57716365481288,92.53468983411229,92.86758422851562,1365100
2022-09-09,93.23551581628293,93.55088594222542,92.32444730617708,93.24427795410156,949900
2022-09-12,93.41071448383148,94.26046136003862,93.11286864624068,93.9450912475586,1020000
2022-09-13,93.28807918232002,93.515847990272,90.57239781392671,90.93157196044922,1523300
2022-09-14,90.84395353718656,92.3594824590909,90.77387649039083,91.49221801757812,972000
2022-09-15,90.79138468437144,90.79138468437144,88.22462680711205,88.53123474121094,1870500
2022-09-16,88.76778417843745,89.33720285131061,88.3560505736899,88.73274230957031,2696300
2022-09-19,88.59255901621711,89.60875298126717,88.06694444416276,89.59999084472656,821500
2022-09-20,89.16198318230975,89.16198318230975,87.81290146313292,88.44364166259766,1180200
2022-09-21,89.07439033149302,89.7839697815834,87.50630182082357,87.54134368896484,1177500
2022-09-22,87.4274466297481,88.18958540079208,86.83174834747314,87.73405456542969,880300
2022-09-23,87.11209397589779,87.45374384162075,86.03457823385017,87.2259750366211,1068500
2022-09-26,86.88432773279382,86.97192906543732,84.45773673244715,85.15855407714844,1192000
2022-09-27,85.50895314927544,85.5877923316561,82.74070600855988,83.02103424072266,1301000
2022-09-28,84.14234667487699,84.41391274686873,82.7056637721599,83.78317260742188,1805800
2022-09-29,83.47658488408914,83.47658488408914,80.2966103752991,80.42800903320312,1225500
2022-09-30,81.11130408518795,81.30403101700944,78.11529455474381,78.34306335449219,2216000
2022-10-03,79.97247856823192,81.86469277243151,79.08768972626116,81.12007141113281,2084600
2022-10-04,81.12006165209624,82.03113011619986,80.64700648706825,81.55807495117188,1612800
2022-10-05,80.70833121060457,80.70833121060457,78.47446730884496,79.33296966552734,1441700
2022-10-06,78.84239100577945,79.07891523803377,75.6010953822961,75.79381561279297,2020900
2022-10-07,75.84637932065192,76.15298727247014,74.25201128764506,74.88275146484375,2334900
2022-10-10,75.06672462162264,76.11795391201832,74.62871130336563,74.7250747680664,1797500
2022-10-11,74.46225666526314,75.54852771463237,74.32208920931761,74.61994171142578,1401300
2022-10-12,74.63746860965215,74.63746860965215,71.98310890451697,72.03567504882812,1960400
2022-10-13,71.22096307477463,74.4885384500302,70.80046737887446,74.21697235107422,2146000
2022-10-14,74.90027404277348,75.30324547536327,72.62260622730608,73.84904479980469,1954200
2022-10-17,74.56739181437746,76.05663446513515,74.54110540035447,75.03168487548828,1669900
2022-10-18,76.15298869828095,77.20421789092617,75.98654151408377,76.9063720703125,1383000
2022-10-19,75.96026555503306,76.43332072025638,75.18936455442058,76.01282501220703,1060600
2022-10-20,75.79382096452942,76.22307882469474,74.55862689367008,74.84771728515625,1690600
2022-10-21,75.29447700848498,76.5033978881808,74.68126111556097,75.90769958496094,1215800
2022-10-24,76.53845857140114,77.19547862546993,75.61862782228336,76.00408172607422,1140400
2022-10-25,76.0128358860325,77.2305191810265,75.90771695664705,76.88886260986328,1580900
2022-10-26,77.46704656654018,77.94010181843169,76.68738328570615,77.16043853759766,1213200
2022-10-27,77.59843378241662,78.63214538381233,77.39694473416863,77.72107696533203,1229700
2022-10-28,77.96636603020357,80.51560659952102,77.96636603020357,80.24403381347656,1721700
2022-10-31,80.27909638493828,80.76966926011397,79.31546823003427,80.00753021240234,2287400
2022-11-01,79.52570192605053,80.82222436927286,79.09645071892864,80.55065155029297,2341300
2022-11-02,80.08634316613072,80.97989396279849,78.95626814890501,79.06139373779297,2346700
2022-11-03,78.45691752379793,79.86732047760525,77.60717089756675,79.18402099609375,1452100
2022-11-04,79.23659912377363,80.31411472579198,78.92999116663091,80.06006622314453,1958600
2022-11-07,79.84981598187959,79.98997674497606,77.51082685523971,78.947509765625,1452500
2022-11-08,79.18403912014848,80.46303707789716,79.00883648401114,80.11262512207031,1550000
2022-11-09,80.07760253611082,80.17395932265464,78.9387651714478,79.14900970458984,1652200
2022-11-10,80.97534304741912,83.3421653650156,80.09220049216435,83.14787292480469,1197600
2022-11-11,83.09487409475635,83.09487409475635,81.60236786039961,82.26472473144531,2113900
2022-11-14,82.63564739707721,82.98007244947834,81.68185183450043,81.71717834472656,1707800
2022-11-15,82.30006535508083,83.01540874238933,81.41692270888521,82.36188507080078,1237800
2022-11-16,82.53849775964439,84.00451755301265,82.53849775964439,83.37748718261719,1580400
2022-11-17,82.5914965509864,82.71514271913732,81.77017362803443,82.1499252319336,1494200
2022-11-18,83.09487885461542,84.68453813132133,82.6621408940066,84.51673889160156,1679200
2022-11-21,84.6933588923121,86.19469830172241,84.5608861825778,85.4263687133789,1358100
2022-11-22,85.65600077006387,86.7246025310098,85.41755522747405,85.7796401977539,1025100
2022-11-23,85.64717241570574,86.68044764186662,85.62950579049222,86.60979461669922,802000
2022-11-25,86.90122517478696,87.30746992478771,86.60978652657685,87.13084411621094,466600
2022-11-28,86.7157753081034,87.16617318939016,85.78847286951361,86.14173126220703,979100
2022-11-29,85.62949676776128,85.84144908308689,84.9494800012471,85.64716339111328,1001800
2022-11-30,85.63833835408863,87.69606221364971,85.18793374488989,87.55475616455078,2218600
2022-12-01,88.30541869347799,89.29454074156044,85.72664415200623,85.92093658447266,4037400
2022-12-02,85.16143618895188,85.6383339735015,84.41076637058121,84.83467102050781,1987700
2022-12-05,84.11050009113718,84.75519715956553,82.82111269212389,83.23619079589844,1862400
2022-12-06,83.2626730543634,84.29594815275564,83.16552684123158,84.26945495605469,1476900
2022-12-07,84.13699046982688,84.63155489540726,82.97124253598686,83.53645324707031,1141100
2022-12-08,83.30683365269009,84.99363232422675,83.16552761850767,84.48141479492188,955700
2022-12-09,84.07517217403807,84.95831476720167,84.07517217403807,84.54324340820312,1492300
2022-12-12,85.11728672514678,86.56564014137207,84.61389568094462,86.43317413330078,1061000
2022-12-13,87.52824297493923,88.32307247498785,86.14170968957063,87.41343688964844,1483600
2022-12-14,87.54592490884458,88.38491443493352,85.62067374062066,86.30069732666016,1973200
2022-12-15,86.03575379056896,86.24771287398464,84.94949212389879,85.25859069824219,1564800
2022-12-16,84.82584003384245,85.09961205342256,82.87408917462388,84.01334381103516,3687700
2022-12-19,83.90737183411551,84.13698403566698,82.9800695026781,83.22734832763672,1009900
2022-12-20,83.18319957034923,83.61593753652926,82.75928817848911,83.30683898925781,989000
2022-12-21,83.227364296117,84.18116000782317,83.09489154651716,83.81024169921875,1250600
2022-12-22,83.54529571533203,83.95154053732918,82.238248329401,83.54529571533203,1243800
2022-12-23,83.11254860169427,84.35777613370131,83.11254860169427,84.32245635986328,1120600
2022-12-27,84.34895602067348,84.9759864909009,83.7395854387179,84.79052734375,905600
2022-12-28,84.90533530720974,85.21443389251161,83.89855320774431,83.96037292480469,936300
2022-12-29,84.49023994148607,84.88765810252912,84.14581491128757,84.26062774658203,944900
2022-12-30,84.30479125343852,84.605063239215,82.176421104599,82.80345153808594,1228200
2023-01-03,82.67097665422676,83.50995940198493,81.98212652653596,83.15670776367188,1435000
2023-01-04,83.45697530162592,84.39310429704753,83.03306389099836,83.70425415039062,1077700
2023-01-05,83.03305935745237,83.35982452567504,81.32859397113735,81.6112060546875,1247900
2023-01-06,82.53851973612194,83.98687329182206,81.76135654994084,83.6954345703125,933600
2023-01-09,83.52763406008802,85.73549070110634,83.41282120253506,85.27625274658203,2114100
2023-01-10,85.25857558843873,85.48819451919012,84.18114068780807,85.41754150390625,1220500
2023-01-11,85.38222794090902,86.76876157131348,85.01130966119804,86.72460174560547,1218500
2023-01-12,87.0778417755084,87.0778417755084,85.32922354683691,85.54117584228516,1133700
2023-01-13,85.11729055842477,85.11729055842477,84.35778730134078,84.5609130859375,1037500
2023-01-17,84.71102372328043,85.152594956289,83.63358883668478,83.9338607788086,1368800
2023-01-18,84.13698702355174,84.33127946087399,81.46989951098656,81.71717834472656,1202200
2023-01-19,81.77016354622278,81.79666348188728,80.78988153760504,81.0724868774414,1114800
2023-01-20,80.8781975325203,82.28239097345443,80.02154816839887,82.20291137695312,1071900
2023-01-23,82.03511072537106,83.147872222185,81.50522654426445,81.98212432861328,1074400
2023-01-24,81.94678841935026,82.28238012339739,80.66622782921881,82.0262680053711,1135200
2023-01-25,81.41691691823173,82.09693374278599,80.71040015638768,81.90264129638672,1245900
2023-01-26,81.7348491698,82.16758715108703,81.31977107561228,82.00862121582031,1152300
2023-01-27,81.72601915346503,82.50318223620027,81.24912132843085,81.92913818359375,907700
2023-01-30,81.76135012035138,82.92709817687256,81.50523793715092,81.79667663574219,1146400
2023-01-31,82.13225209520192,83.06838098447848,81.20494977963521,83.00656127929688,1348500
2023-02-01,82.38838144505787,84.0751804605745,82.38838144505787,83.81024169921875,1581000
2023-02-02,84.17231354120104,85.31156822918328,82.91825274835593,83.82788848876953,1969800
2023-02-03,83.20970848636371,83.483480574539,81.24029724830396,82.6268310546875,1686600
2023-02-06,82.19408982092502,83.07723251019587,81.94681094598423,82.86528015136719,1133000
2023-02-07,82.37953235942787,82.51200508366475,81.32859061508276,82.2735595703125,1174600
2023-02-08,81.90263369038638,81.90263369038638,80.41012744480533,80.94884490966797,1272800
2023-02-09,81.39043567785562,81.69070096616062,80.23351414189811,80.29533386230469,1121300
2023-02-10,80.44545357615605,82.38837127549498,80.41013380261012,82.3707046508789,1354500
2023-02-13,82.5488199714588,82.94067509680623,82.03227594865422,82.87833404541016,981400
2023-02-14,82.74475751172787,83.11880384985027,81.63151950922158,81.6671371459961,822300
2023-02-15,81.04372410863807,82.16586988341781,81.04372410863807,82.03227996826172,894400
2023-02-16,81.04372964710574,81.85417020501637,80.12642258549931,81.58699035644531,1005900
2023-02-17,81.82745507942168,83.01194210967273,81.42669206060482,82.70914459228516,1120700
2023-02-21,82.47758154095173,82.47758154095173,81.32871905313077,81.48011779785156,983200
2023-02-22,81.72948846189226,82.18369152643751,80.9012390122704,81.16841888427734,907400
2023-02-23,81.0259154857721,81.80963257142027,80.34906489677371,81.13278198242188,1217100
2023-02-24,80.54500140607286,81.67604827294754,79.91268301030313,81.06153869628906,1516800
2023-02-27,81.39997780305086,82.12135397580057,79.97503427893619,80.18877410888672,1013800
2023-02-28,79.73455660590922,80.6162391903472,78.91521507704431,78.95974731445312,1437800
2023-03-01,78.83506014255157,78.83506014255157,76.92029619583671,77.0984115600586,1676900
2023-03-02,76.72435573591468,78.38975524902344,76.72435573591468,78.38975524902344,1276900
2023-03-03,78.97755306440571,79.83251899104988,77.73963301278563,79.7879867553711,1708800
2023-03-06,79.69893770587392,80.26891505200187,79.49410570677546,80.0106430053711,1259400
2023-03-07,80.23328891362802,80.40250327033047,78.56788915113214,79.14677429199219,2091100
2023-03-08,79.17349367089705,79.8147198926287,78.7192906313928,79.48519897460938,1017200
2023-03-09,79.77019690590404,80.74094415827427,78.75492420193281,79.13787841796875,1009200
2023-03-10,79.50300710141269,79.60097259524942,77.5437108140103,77.98900604248047,1334100
2023-03-13,77.62386421363746,82.24602386978968,77.62386421363746,81.18622589111328,2162100
2023-03-14,81.67604978643612,82.9406866014098,81.30200342617619,82.31727600097656,1824400
2023-03-15,82.22821551529893,84.95342003966086,81.75620367751502,84.33000946044922,2194300
2023-03-16,84.15188626646308,85.81729278573535,83.7778399235246,84.48140716552734,1649200
2023-03-17,84.19641288717472,84.44577709916209,83.09208275065991,83.93814086914062,3437300
2023-03-20,84.17860647395902,84.65062512070516,83.51957144245074,84.20532989501953,1467400
2023-03-21,83.9826667353151,84.41905407319659,80.22437463911642,81.85415649414062,2272300
2023-03-22,81.5602755195098,82.1925939273541,80.58952839009677,80.7142105102539,1817600
2023-03-23,80.49155273129148,81.0080967608037,79.67221124668491,80.09078979492188,2003100
2023-03-24,80.64296120502318,83.02974368272456,80.42031361118785,83.02083587646484,1151400
2023-03-27,83.06536898771333,83.51957202357947,81.95213091575334,82.64679718017578,1827200
2023-03-28,82.47757520393341,83.83126958479947,82.10352887700974,83.02083587646484,922900
2023-03-29,83.17223712380196,84.08954415098674,83.17223712380196,84.01829528808594,1059900
2023-03-30,84.24985426819985,84.5793751770918,83.61753587113624,84.11626434326172,1082100
2023-03-31,84.27658488609877,84.65063809696012,83.84910520892431,84.41908264160156,1300400
2023-04-03,83.87580562939094,84.52593962255891,83.0297474522718,83.9559555053711,1538300
2023-04-04,83.95597173088446,84.57938921920872,83.70660745342153,84.41908264160156,990600
2023-04-05,84.9267023330752,87.87455442601427,84.9267023330752,87.58065795898438,2234000
2023-04-06,88.12392786748222,88.40001554476748,86.87710659457973,87.84784698486328,1250600
2023-04-10,87.26005497503714,87.76769125797257,86.1468169164361,87.58956909179688,778400
2023-04-11,87.53612138364974,88.15063086481112,87.25113275949725,87.72314453125,785000
2023-04-12,87.7498751689732,88.30204368912979,87.12646457739793,87.41145324707031,1069500
2023-04-13,86.9839579324755,87.63409187821635,85.7816623178208,87.23332214355469,687600
2023-04-14,86.38727159479562,86.82365900240725,85.80838645713446,86.2447738647461,1192700
2023-04-17,86.42289044102775,86.85037001421304,84.8999817215577,85.94197082519531,1706800
2023-04-18,85.63917458517922,86.12899521957024,84.80201744994291,85.26512145996094,1224000
2023-04-19,85.52340512843622,86.20916362246321,85.0246766198103,86.15572357177734,1029600
2023-04-20,86.36945846671918,86.5564816320789,85.6391746233151,86.25367736816406,652600
2023-04-21,86.93943960332284,87.1086471634447,86.11119023753666,86.44070434570312,631800
2023-04-24,86.47633637246959,87.2511525551748,85.93307562275669,87.05522155761719,838000
2023-04-25,87.13536100467006,87.99033376336514,87.05521113054172,87.46488189697266,994800
2023-04-26,86.70788087573663,87.08192720865198,84.89998347198035,85.30965423583984,1205400
2023-04-27,85.59463503684638,86.30711000104067,85.16714869939685,85.96868133544922,990400
2023-04-28,85.8618102141919,86.35163078031424,85.01574539052969,85.64806365966797,1099500
2023-05-01,85.58574350661321,86.6900737959202,85.06029838646427,85.44325256347656,1574300
2023-05-02,85.54121038734209,86.02212322262798,84.7040532395009,84.8287353515625,1528500
2023-05-03,85.1226369424196,85.43434224135517,83.32364042627849,83.9648666381836,1720900
2023-05-04,84.18751698155637,85.1938885724746,83.5373897362134,84.91780090332031,1073000
2023-05-05,84.50812858048945,85.64808328719683,84.50812858048945,85.5055923461914,899800
2023-05-08,85.14934893482511,85.4521464102649,84.37453283849565,84.63280487060547,1350000
2023-05-09,84.50813245741297,84.59719014896024,83.8847218219157,84.08955383300781,1200200
2023-05-10,84.60608063962543,85.22949114752512,83.76892356216163,85.00684356689453,1200700
2023-05-11,85.18644774006627,85.26725798685203,83.8485298376616,84.25260162353516,1214000
2023-05-12,84.71053770231572,85.24930006850701,83.92036340289552,84.30647277832031,1115600
2023-05-15,84.3603503963302,84.57585809359514,82.04370088124341,82.88774871826172,1234400
2023-05-16,83.05835695185614,83.05835695185614,80.86740999248619,80.90332794189453,1159400
2023-05-17,80.97516081223542,81.04699670836543,79.91560532158621,80.15804290771484,1569500
2023-05-18,80.14907244029725,80.88537328466852,79.78091859278739,80.22090148925781,2530000
2023-05-19,80.64291895216124,81.34330176088568,80.48129162317503,80.74169158935547,1650200
2023-05-22,80.71476122901991,81.44208084167876,80.50824158992702,80.70578002929688,1272000
2023-05-23,80.41844874364251,81.21760430694509,79.70011028202765,79.78990173339844,1265900
2023-05-24,79.83479771909585,80.36457205663284,78.9817618382733,79.08951568603516,1459700
2023-05-25,78.78420932639014,79.03562809749052,77.76057184368277,77.85934448242188,1384100
2023-05-26,77.8324153355567,78.02996063232422,77.0601965485464,78.02996063232422,1645500
2023-05-30,78.13770721994543,78.45198756350686,77.57201493270186,77.65283203125,1500200
2023-05-31,77.80548161191909,79.08951924019499,77.33855510128313,78.43402862548828,2992300
2023-06-01,78.61360055778646,78.85603810787333,76.69203515118936,77.39241790771484,2598600
2023-06-02,76.7459244043942,78.91890900577573,76.61123380416922,78.19158935546875,2320900
2023-06-05,78.16465064739687,79.8617343560307,78.13770704750804,78.79319763183594,1058700
2023-06-06,79.35889497859476,79.84377704778969,78.24546588487794,78.59565734863281,1277200
2023-06-07,78.47891889312072,80.43640246463085,77.76955485773446,80.34661102294922,1633800
2023-06-08,80.2298691437601,81.29840570543034,79.78090512297727,81.14575958251953,1375200
2023-06-09,81.28044565824882,81.3702439455195,80.64291755238243,80.75067138671875,1690300
2023-06-12,81.04699320804775,81.12780344971783,80.20293859159412,80.6429214477539,1273900
2023-06-13,80.01438984746257,81.55882759035114,79.83480693111935,81.0649642944336,1851400
2023-06-14,81.27146553575305,82.56447720268382,81.18167410550949,81.28942108154297,1456500
2023-06-15,81.60370784204653,82.4208257472209,81.36127025572392,82.23226165771484,1229700
2023-06-16,82.48368171129128,83.11222868597068,81.98981848072302,82.09757232666016,1966900
2023-06-20,81.69350662104303,81.962880957368,80.75966051702386,80.83148956298828,1501100
2023-06-21,80.41843474856469,81.47799013190402,79.5205066898245,81.43309783935547,1291700
2023-06-22,81.71146796799346,81.72044916836937,79.87071237790558,80.16703033447266,1238600
2023-06-23,80.57110493492262,80.84047929969422,78.71239373033809,78.92789459228516,1754800
2023-06-26,79.25114384602972,80.00540023616163,78.68544470278238,79.8437728881836,1354000
2023-06-27,79.88866176229857,80.49925312605149,79.6462173461914,79.6462173461914,1274400
2023-06-28,79.40380154907018,79.40380154907018,78.17363728540553,78.51485443115234,1498600
2023-06-29,78.00302801915261,78.918911801966,77.67977330741876,78.34423828125,1045600
2023-06-30,78.46992452409852,79.45764391812257,78.30829721593847,79.23316192626953,1281600
2023-07-03,78.95482231703122,80.23885984252419,78.85604967271267,80.20294189453125,682900
2023-07-05,80.09518886647774,81.61268964405943,79.59235129075049,81.1278076171875,1626600
2023-07-06,80.70578732826881,80.98414973967277,79.82582149397555,80.79558563232422,1125800
2023-07-07,80.14008926425562,80.58007214987786,79.7180619277687,79.89765167236328,955200
2023-07-10,79.54743785885523,80.05926339307743,78.74828249065258,79.4756088256836,1235600
2023-07-11,79.51154299049564,80.37355322025552,79.33195324430712,80.3555908203125,997300
2023-07-12,80.6519008861193,81.65758281460322,80.46333680902501,81.54084777832031,1328700
2023-07-13,81.44208205022703,82.18736407339148,81.34330940375231,82.17838287353516,1080300
2023-07-14,82.01673733924149,82.39387229243293,81.48696312623534,82.07061767578125,1489100
2023-07-17,81.79228498895108,82.14248332610904,80.29274638255218,80.38253784179688,1297600
2023-07-18,80.42742085383914,81.04699344437431,78.87400220316684,79.62826538085938,1260600
2023-07-19,79.98743638252714,81.11882085026676,79.98743638252714,80.48129272460938,1074100
2023-07-20,80.75066230247333,81.97184488498173,79.96048815817535,81.94490814208984,983800
2023-07-21,82.178375518481,83.30078562737476,82.04369178593186,82.94161987304688,997300
2023-07-24,83.16611222377492,83.1930489736302,82.178385724758,82.79795837402344,830400
2023-07-25,82.88773938766926,83.09426586163758,82.357965105488,82.64530181884766,1330300
2023-07-26,82.5734688466273,83.83955078035883,82.37592356471335,83.09426879882812,1148200
2023-07-27,82.78896681308362,83.35466589184307,81.1008644771445,81.3343276977539,1540400
2023-07-28,81.86410956863185,82.09757281088186,80.49028056540942,80.8674087524414,1148400
2023-07-31,81.27147507563508,81.5498305972584,80.22987518073208,80.68782043457031,1227300
2023-08-01,81.15474240923331,82.10655089117466,80.31966896930581,80.46334075927734,1888100
2023-08-02,80.01439080369887,81.01109175780815,79.95153609716267,80.38253784179688,1007100
2023-08-03,79.95151960835918,80.19395718338563,78.54177275194414,79.25113677978516,1755700
2023-08-04,79.51154408608042,80.31069962834792,77.67976975360764,78.36219024658203,1482100
2023-08-07,78.60462967674682,79.10746723960703,78.36218524419066,78.55973052978516,1600300
2023-08-08,78.56872553878193,78.83810676660315,77.65284169535835,78.73933410644531,1610600
2023-08-09,78.57768888904943,79.3588819410954,78.2364718312384,78.37116241455078,1184600
2023-08-10,78.5417808056646,79.12543550620717,77.88629020491555,78.19158935546875,1745800
2023-08-11,78.40902257262358,78.88922462727707,77.9922433004231,78.6174087524414,1047200
2023-08-14,78.61741006875991,78.74426254835471,77.60264553252117,78.08284759521484,1017600
2023-08-15,77.62076889802609,77.76573922071638,76.30700818333112,76.31607055664062,1239500
2023-08-16,76.55162876137265,77.21304369080184,76.55162876137265,76.97747039794922,1102400
2023-08-17,77.24928897320612,77.7838514463107,76.9321750558928,76.99559783935547,1168100
2023-08-18,76.99561383184809,78.10098158570875,76.97748908277129,77.91071319580078,1412300
2023-08-21,77.8110283235083,77.8925758487951,76.70566084651955,77.09525299072266,1146000
2023-08-22,76.9956064651234,77.40332341697892,76.80533118085404,77.06808471679688,842900
2023-08-23,77.31271695289995,77.44862490161582,76.3070078099942,76.79627227783203,1232400
2023-08-24,76.6784697474785,77.9741124119934,76.5788043953955,76.64222717285156,830700
2023-08-25,76.97748638139426,77.49393111089695,76.63319219924784,77.10433197021484,1167500
2023-08-28,77.2039917932927,77.74761669377078,77.01372342375366,77.240234375,948300
2023-08-29,77.31272359249846,77.92883368869838,77.05903241981014,77.3942642211914,1034400
2023-08-30,77.33989776609664,77.8382246111041,76.83251546031849,77.22211456298828,849800
2023-08-31,77.294587471772,77.45767561772817,76.21640014648438,76.21640014648438,1199500
2023-09-01,76.47011286475666,76.62413868147497,74.45869413444997,75.30131530761719,1493500
2023-09-05,75.21974919568761,75.31941456134152,73.77914294906977,74.31370544433594,1758200
2023-09-06,74.47680726862659,74.90264901594887,74.08720810751966,74.35902404785156,1518600
2023-09-07,75.02948998848953,76.06237943800305,74.83922160700715,75.77244567871094,1404800
2023-09-08,75.93551595967112,76.93216950295333,75.68182484413181,76.71471405029297,1505000
2023-09-11,76.33421464439421,77.08623289872025,76.33421464439421,76.58790588378906,996900
2023-09-12,76.62411622241375,76.7872043665976,76.10767158459232,76.51538848876953,1227200
2023-09-13,76.63317840950589,78.07378458583841,76.52445067612489,77.6570053100586,1635500
2023-09-14,78.02849808542874,78.68990621840646,77.79292475122014,78.6536636352539,1155400
2023-09-15,78.39997854598957,79.3060224573729,78.09192693415113,78.15534973144531,2351700
2023-09-18,78.35467503785763,79.00702080203945,77.91070857516951,78.53588104248047,1565400
2023-09-19,78.43620240387013,79.03419456063342,78.38184199418794,78.55398559570312,1391800
2023-09-20,78.88018475190339,79.63220289587298,78.52682816137633,78.97079467773438,1283100
2023-09-21,78.92548331928894,79.19729924962236,78.03755727109055,78.20064544677734,1351800
2023-09-22,77.81104627102093,78.26406821303038,77.31272628235028,77.41239166259766,1858500
2023-09-25,77.01372516586257,77.3399014960409,76.13486154913572,76.76909637451172,1527400
2023-09-26,76.61505993988325,76.61505993988325,73.8606860150373,73.96941375732422,1755900
2023-09-27,73.55264153653735,74.15062689533659,72.87310863502188,72.99995422363281,2098200
2023-09-28,73.28081485385118,73.36236238459689,71.77678584714442,72.37477111816406,2097300
2023-09-29,73.02712482215931,73.44390411739279,72.46538212154972,72.98182678222656,1760800
2023-10-02,72.50161801714562,72.5469229697865,69.08583611252084,69.79254913330078,2669100
2023-10-03,69.25799542572135,71.07913862187543,68.37913176846418,70.88887023925781,2674000
2023-10-04,71.16069190702657,71.93989024875953,69.9828320195047,71.77680206298828,2608700
2023-10-05,71.7043033604988,72.41101639465175,71.06101311370405,71.84927368164062,2544200
2023-10-06,71.02476993922463,73.43484966380441,70.45396485777616,73.05430603027344,2639700
2023-10-09,73.1358719044756,74.06909610721634,72.89123615638668,74.04191589355469,1892700
2023-10-10,74.00567148465684,74.63989949638949,73.57982971425055,74.51305389404297,2113300
2023-10-11,74.77578198721399,75.31035133995671,74.13249181955477,75.15631866455078,1513000
2023-10-12,74.83921445464543,75.13821055949965,73.36236558948171,73.66136169433594,1679600
2023-10-13,74.44960971799127,74.8392087883616,73.70665415502513,74.7667236328125,1890500
2023-10-16,74.96605147334398,75.91740009381225,74.23215831116623,75.76337432861328,1522500
2023-10-17,74.911714591297,75.69997532188528,74.73050856504457,75.59124755859375,2184100
2023-10-18,75.48251764981688,75.89024156614603,74.83016491374353,75.21070861816406,1603400
2023-10-19,74.92076359323663,75.52781127664942,74.4224367411422,74.70330810546875,1387600
2023-10-20,74.70329427982404,75.35564679726298,73.5616842868702,73.57073974609375,1655300
2023-10-23,72.73719601753812,73.9784785267302,72.28417411218467,72.96370697021484,1586900
2023-10-24,73.74290378852977,74.22310589299984,73.64323841825497,73.91505432128906,1570800
2023-10-25,73.71572429218338,74.72143346552403,73.6341767554599,74.58552551269531,1243100
2023-10-26,74.7576846920126,75.98084258378445,74.58553413768455,75.31942749023438,1355100
2023-10-27,74.93886798514505,75.54591555966627,73.75195303905664,74.05094909667969,1328200
2023-10-30,74.29559304285223,74.93888332383733,73.38954922525647,73.93317413330078,2421300
2023-10-31,75.91741117545064,75.91741117545064,72.57410732628284,73.74290466308594,3728900
2023-11-01,73.98754457553633,75.43721336216356,73.3623721030734,74.802978515625,2575600
2023-11-02,74.64896020322236,76.60601844580168,74.63989782823818,76.00802612304688,2129500
2023-11-03,76.88688114566067,77.27648027503676,76.05332246829607,76.0623779296875,1505900
2023-11-06,75.98083102861905,76.18921722447239,74.92076147780325,74.98418426513672,1642400
2023-11-07,74.78486380819085,74.85734897869567,74.14157347323473,74.34090423583984,1696200
2023-11-08,73.88787612027954,74.04190191031824,72.63753122744225,73.3895492553711,1765000
2023-11-09,73.61605540168912,73.93316933475256,72.12108181717252,72.14826202392578,1992500
2023-11-10,72.45632980914077,72.84592895199764,71.98518312297769,72.7643814086914,2006300
2023-11-13,72.81926303092828,73.10289602959352,72.08732334296431,72.62712860107422,1970900
2023-11-14,74.14592479511161,75.1157483189837,73.85314748712975,74.57594299316406,2017400
2023-11-15,74.30146848367396,75.45428230056748,74.14593205054294,74.50275421142578,1986000
2023-11-16,75.18893879678156,76.24110956855591,74.86871473068355,75.36277770996094,2945500
2023-11-17,75.76534405390808,75.76534405390808,74.6125373864654,74.78636932373047,2180700
2023-11-20,74.4203875048489,74.73146727049625,73.176089383341,74.40209197998047,2030400
2023-11-21,74.59424066254475,74.85957119620222,73.50547174518503,74.0361328125,1509900
2023-11-22,74.23741263122812,74.58508348546678,73.71590285968949,74.54849243164062,1321300
2023-11-24,74.68572619944598,74.76807352130922,74.07272483372702,74.65827941894531,692000
2023-11-27,74.72231074943574,75.33531200453459,74.08186271878917,75.22552490234375,2132300
2023-11-28,75.25298930325172,76.81751869914706,75.08830163103318,76.08557891845703,2389300
2023-11-29,76.05812833417248,77.01880762564912,75.79279779671359,75.9117431640625,2203600
2023-11-30,76.09471657406571,76.62537758065722,75.50001075497946,76.50643920898438,2563400
2023-12-01,76.52474151111322,77.75075129074807,76.15876813001199,77.7416000366211,2006800
2023-12-04,77.14689034578555,78.30884826937142,77.13773909211159,77.76904296875,1614900
2023-12-05,77.76904412246431,77.97032982410968,76.52473885807596,76.60708618164062,1882100
2023-12-06,77.0188121621285,77.71416095710292,76.63454321504882,77.68671417236328,1575600
2023-12-07,77.76904296875,78.28140148871086,77.14689034578555,77.76904296875,1725900
2023-12-08,77.73246199027092,77.81480933068238,76.31432449554056,76.91817474365234,1712900
2023-12-11,76.71687405290548,77.11029420621726,76.11302392245105,77.04624938964844,2265000
2023-12-12,77.23838104006843,77.23838104006843,75.7927901123503,75.96662902832031,2907200
2023-12-13,75.93918758699263,79.63550550718364,75.52747189221989,79.59890747070312,2418800
2023-12-14,80.08381386699487,80.20275922266897,77.27497932385782,77.42137145996094,3011600
2023-12-15,76.63452572567209,76.78091087099658,74.67657641697696,75.44511413574219,4694300
2023-12-18,75.78364801199645,76.06727405745958,74.93276289524559,75.3719253540039,2842000
2023-12-19,75.60980395552254,76.25940332607024,75.15233902017675,76.17706298828125,1603600
2023-12-20,76.38750095374479,76.5155905906345,74.80467602059538,74.83212280273438,2853300
2023-12-21,75.09745439874911,75.79279615736513,74.59424011783851,75.344482421875,1994100
2023-12-22,75.92089063833477,76.64367915912477,75.6921581498828,75.88429260253906,1419800
2023-12-26,75.71044746344522,76.69857340774118,75.66469817736521,76.52473449707031,1266800
2023-12-27,76.4332537025749,76.57963887406017,75.98493995317614,76.35090637207031,1564400
2023-12-28,76.07642585526578,77.07369613861316,76.07642585526578,76.89986419677734,1459700
2023-12-29,76.58878425036615,77.14689207081496,76.45154336363322,77.00965118408203,1362600
2024-01-02,76.85412344823533,78.99505639371942,76.62539093797272,78.97676086425781,2582800
2024-01-03,79.24208068847656,79.38846584544318,78.4552404012422,79.24208068847656,1979700
2024-01-04,78.40949310483585,79.4982619676928,78.29055472550685,78.61077880859375,2326600
2024-01-05,78.46438677041314,79.27867378761583,78.0984134302369,78.90354919433594,1578700
2024-01-08,78.5741839205137,78.77546963233384,77.76904805359496,78.29055786132812,2677200
2024-01-09,77.83308490373813,78.44608625034613,77.40306674167067,78.07096862792969,1817600
2024-01-10,78.03437834534233,78.62908422470703,77.80564585176836,78.30885314941406,1636000
2024-01-11,78.07097270337735,78.07097270337735,73.98123479411866,75.13404846191406,3458200
2024-01-12,75.81108460239679,76.20450469984566,75.45426253498508,75.74703979492188,1991300
2024-01-16,75.49088279614654,75.93004532519937,75.15235615388129,75.5457763671875,2897000
2024-01-17,74.91446175736904,76.09472222994997,74.11847716867976,74.39295196533203,2078300
2024-01-18,74.10932030161919,74.13676708116944,72.9199086651278,73.56036376953125,2695000
2024-01-19,73.8440002197756,73.87144700319921,73.057159853276,73.22184753417969,2205900
2024-01-22,73.24928194038868,73.85313899512013,72.42585065537067,72.7186279296875,2356100
2024-01-23,72.70948083807063,73.16694579164565,72.40755229342443,72.96566009521484,1748100
2024-01-24,73.56951920825024,73.72505562145753,72.04158091620478,72.33435821533203,2772900
2024-01-25,73.00225891809309,73.3682322809805,72.34350826096804,73.20354461669922,2141600
2024-01-26,73.37737627832647,73.77994767402471,72.70948135040305,73.07545471191406,2386400
2024-01-29,73.07545556811152,74.00868101955564,72.68203542144084,73.60610961914062,2784600
2024-01-30,73.54206216404177,74.32890242914142,72.91076528556776,73.88973999023438,2198900
2024-01-31,74.54849062895605,74.70402703522058,73.4139725376638,73.88973999023438,12843000
2024-02-01,72.69118655845918,75.08830569943963,72.34351566732117,74.8229751586914,4311400
2024-02-02,73.09375384977712,73.8257006089585,72.48075245267063,73.0663070678711,2560100
2024-02-05,72.46244940069768,72.46244940069768,71.33708946882648,71.39198303222656,2068000
2024-02-06,71.20898896612093,71.94092862773974,71.0443013206936,71.67559814453125,1767600
2024-02-07,71.95923899547596,71.98668577598602,71.09005139061033,71.51092529296875,1662900
2024-02-08,71.18155566567135,71.38283439898201,70.26662568015044,70.81558227539062,2264400
2024-02-09,70.53193832386391,71.12664411854009,70.4038487041319,70.95281219482422,2176300
2024-02-12,70.94365532041614,71.73964673455825,70.59598452017256,71.70304870605469,2250800
2024-02-13,71.522714589668,72.02209826161291,69.47894498472007,70.70890808105469,2430400
2024-02-14,70.61643274111745,71.11581642402314,70.40372953976453,70.8846206665039,1493100
2024-02-15,71.20830398950821,72.15157971714133,71.08808471757071,72.13308715820312,2342000
2024-02-16,71.73543098086212,72.53074507999948,71.43025083817403,72.19782257080078,1789200
2024-02-20,72.29954841078964,73.44627756442134,71.99436827179176,72.13308715820312,1586600
2024-02-21,72.57698533397968,73.36304960706106,72.07760158206625,73.32605743408203,1313500
2024-02-22,72.75268025578747,72.83591439848551,71.85563957573066,72.36427307128906,1880100
2024-02-23,72.54923366269956,73.43703167559256,72.27180295726393,72.92839813232422,1458700
2024-02-26,72.3550155227228,72.3735151326915,70.76438773104304,70.7921371459961,1775200
2024-02-27,71.07881392468869,71.7169163804632,70.74589151780926,71.63368225097656,1610400
2024-02-28,71.48573346227866,72.0775940570809,71.29152281053072,71.39324951171875,1687900
2024-02-29,71.72617880587455,73.09486097134932,71.38401355615748,72.58622741699219,3807300
2024-03-01,72.32728266257314,72.58622079187177,71.00484259748242,72.49374389648438,2399900
2024-03-04,72.04986888269258,74.00115511649481,71.92964254049686,73.72372436523438,2004200
2024-03-05,74.14910548432378,75.00915400598089,73.31679932537583,73.73295593261719,2505100
2024-03-06,74.39879111443724,75.36981610735936,74.29706441782504,75.11087799072266,1835600
2024-03-07,75.65649226337912,75.98941469590171,75.25883530539569,75.41605377197266,1821800
2024-03-08,75.7767309867476,75.98942715290029,74.85194786825875,75.53628540039062,1505900
2024-03-11,75.71197887102643,76.53503509093235,75.28657958195973,75.92467498779297,1356300
2024-03-12,75.93393162752976,75.93393162752976,74.59299911858433,74.91667175292969,1528500
2024-03-13,75.30507755428529,75.74897648446746,74.52825619035002,74.69471740722656,1475600
2024-03-14,74.32482554667106,74.56526408970066,73.36305020794575,74.33406829833984,2339900
2024-03-15,73.7884461766398,74.94442507954078,73.7884461766398,74.7039794921875,3962800
2024-03-18,74.6854876742954,75.4345597530271,74.31557301059425,74.9259262084961,2380100
2024-03-19,75.21259735745843,75.78595825826697,74.63922940111607,74.90741729736328,2101500
2024-03-20,74.69473003816292,75.42530955491077,74.17685374498889,74.50052642822266,1296500
2024-03-21,74.58376398843173,74.87969432028028,73.78844989867581,74.01964569091797,1636000
2024-03-22,74.62074267709305,74.6299854271268,73.77918675875253,73.99188995361328,1318600
2024-03-25,74.14911301802962,74.40805117033659,73.42778329216436,73.89017486572266,1714300
2024-03-26,73.83467123592129,74.02888187453529,72.59546540421287,72.73418426513672,2329800
2024-03-27,73.1688397997825,75.08314049238118,73.01162131403997,75.07389068603516,2501200
2024-03-28,75.3235814824533,75.98942645049623,74.89818209854484,75.94319152832031,2649200
2024-04-01,75.79523054962344,75.95244200096745,75.08315058701263,75.4253158569336,1239600
2024-04-02,75.42531910380656,76.43333650839064,75.41607635135497,75.73049926757812,1260800
2024-04-03,75.71198836464899,75.98941903724494,74.97215912665743,75.11087799072266,1233400
2024-04-04,75.61951054919626,75.67500233264212,74.25083552013967,74.93517303466797,1409500
2024-04-05,74.31557675480138,74.58376472310833,73.6589815450302,74.24159240722656,1582700
2024-04-08,74.34330245769048,75.3790619249721,74.14909888048783,75.21260070800781,1194700
2024-04-09,75.39756320541507,75.79522021109715,75.07389053928662,75.74898529052734,1069800
2024-04-10,74.27859292329177,74.5282813049798,72.87292543917728,73.72372436523438,1686900
2024-04-11,74.17685522195744,74.49128516017052,73.13185280798508,73.41853332519531,1006500
2024-04-12,73.67746618244803,73.79769249821446,72.4752524135284,73.03012084960938,1378900
2024-04-15,73.23357636463693,73.76994520349072,72.54923178674683,72.95613861083984,1773400
2024-04-16,72.71568464386094,72.71568464386094,71.69842475645275,71.9481201171875,1968300
2024-04-17,72.53073556406684,73.80693364486925,72.4475014199195,73.64047241210938,1157100
2024-04-18,73.89943053618508,74.56526852828915,73.33531220724198,74.38956451416016,1079400
2024-04-19,74.67624371950019,75.79523054962344,74.50978246056657,75.4253158569336,2105700
2024-04-22,74.99991001829726,76.35009253398728,74.9166829237132,75.80447387695312,1648400
2024-04-23,75.2773507382431,76.29461080452971,75.2773507382431,75.79522705078125,1979300
2024-04-24,75.2588390440225,76.63677081312234,74.7687051761087,76.4148178100586,2034400
2024-04-25,76.5627986399717,76.76625206399603,75.55478132699723,76.58129119873047,1565200
2024-04-26,76.58127847128043,76.73849694451108,75.2588384904412,75.36056518554688,1945600
2024-04-29,75.92467683209068,76.60901422194885,75.69348110053406,76.57202911376953,1793000
2024-04-30,76.00791511889545,76.78472943272992,75.54552363050804,76.42406463623047,2947300
2024-05-01,75.70275037608667,77.11766748824441,75.15712464040055,76.37783813476562,2682300
2024-05-02,76.91422075769782,77.27488565863787,76.29461767716349,76.83099365234375,2031400
2024-05-03,77.0621682827414,77.43208289000529,76.01715898805584,76.96044158935547,1780200
2024-05-06,77.04368088049239,77.13616483861446,76.13739735739345,76.6090316772461,1465000
2024-05-07,77.15465201033429,77.62629335279449,76.62752594130285,77.52456665039062,1732000
2024-05-08,77.40434453077876,78.64355758380299,77.10841421380114,78.5233383178711,1812100
2024-05-09,78.52334888321971,79.20768651039546,78.19042634988313,79.14295196533203,1542700
2024-05-10,79.3833687842809,79.4943452835057,78.66203917815555,79.00421142578125,2226100
2024-05-13,79.09294744665813,79.9334618864375,78.96220043935124,79.2703857421875,1283800
2024-05-14,79.59726278881105,79.76536710687778,78.53259735760324,78.84078979492188,962800
2024-05-15,79.67196305397677,80.01751276677926,79.22368966322567,79.41046905517578,1133800
2024-05-16,79.28907055773374,80.1202510422319,79.28907055773374,79.85875701904297,1532000
2024-05-17,79.9428007096959,79.97081690686429,79.37311428334776,79.84941101074219,1593500
2024-05-20,80.05487639596312,80.1949645135837,78.99955208504207,79.09294891357422,1551000
2024-05-21,79.23302327016684,79.50385837483651,78.46721636651283,78.9902114868164,1863400
2024-05-22,77.51463266192928,78.50457629297671,76.46864951154787,76.87023162841797,6331700
2024-05-23,76.580711278623,76.72079937063135,75.2078608022585,75.33860778808594,4663400
2024-05-24,75.54407596122996,75.74019645707486,75.0397630611244,75.36663055419922,2252400
2024-05-28,75.1798503406048,75.97367342227146,74.4140434544405,74.45140075683594,1894800
2024-05-29,73.9844494195892,74.22726833653591,73.45212029889886,73.66691589355469,2452200
2024-05-30,74.08717830953694,74.32999009502606,73.77898589890408,74.02180480957031,2555700
2024-05-31,74.31133298725085,75.82427208494131,74.17124484623119,75.67484283447266,4613800
2024-06-03,75.62813150025124,75.98301518832123,75.11447749432908,75.81491088867188,2767200
2024-06-04,75.72152788618521,77.1317287812914,75.5440824638804,76.71147155761719,2777700
2024-06-05,76.37524667966042,76.46863636225505,75.53472528595658,75.64679718017578,2293900
2024-06-06,75.3572902595582,75.88961931087925,74.8996686824123,75.03975677490234,1577000
2024-06-07,74.24594741555569,74.81563387139995,74.08718420659652,74.57281494140625,1763100
2024-06-10,74.44206378738448,74.86232811880853,74.01246547372546,74.18991088867188,1693800
2024-06-11,73.82568848629842,74.64752783597051,73.79766516314695,74.47942352294922,1352600
2024-06-12,75.27323528148264,75.38530718159309,73.86302748709278,74.06848907470703,1698200
2024-06-13,74.06851203574284,74.45141913593801,73.05055201358647,73.34940338134766,2836800
2024-06-14,73.07855272341132,73.83501852905385,72.89177333009965,73.64823913574219,1241700
2024-06-17,73.171938209001,73.98444348601882,73.11590581926761,73.19062042236328,2307300
2024-06-18,72.94780179912372,73.38674118749,72.5182035174737,72.89176940917969,1554300
2024-06-20,72.85441847777652,74.10585613046223,72.70498925795755,74.01246643066406,2306800
2024-06-21,74.12453367427696,74.62884657161865,73.05987548828125,73.05987548828125,4046800
2024-06-24,73.07854935353019,74.32065292478917,73.07854935353019,74.10585021972656,2335900
2024-06-25,74.01247399191803,74.06850639248583,73.0412053394002,73.14393615722656,2308300
2024-06-26,72.84508033903603,73.0972332512853,72.5649041030456,72.98516845703125,1422800
2024-06-27,73.10656426688543,73.41475665889362,72.87308647751742,73.26532745361328,1251600
2024-06-28,73.5268487926977,73.5268487926977,72.77971681108687,73.27468872070312,2419100
2024-07-01,73.61088199272211,73.83501869022079,72.51820757659179,72.5555648803711,1253900
2024-07-02,72.70499323272638,72.99451058065915,72.61160352782261,72.88243865966797,1188200
2024-07-03,72.88243512294562,73.52683616831337,72.49019410627719,72.54622650146484,651800
2024-07-05,72.7423438758404,73.31203028629585,72.49019098318203,72.70498657226562,1946100
2024-07-08,72.86374608903093,73.15326339582086,72.47150510906917,72.89176940917969,1554700
2024-07-09,72.85441589355469,73.143926090213,72.52754839326673,72.85441589355469,1220700
2024-07-10,73.05987927719414,73.11591167141232,72.35010474132885,73.02252197265625,1756000
2024-07-11,73.4054075253447,75.20785614717404,73.39606641974197,75.03041076660156,1883100
2024-07-12,75.36662788412184,76.02036997228778,75.11447500559076,75.45068359375,1713700
2024-07-15,74.84364275382963,75.10513674894827,74.21792396191334,74.34867095947266,1277200
2024-07-16,74.61950488087457,75.48804256530507,74.36734487158809,75.4693603515625,1262600
2024-07-17,75.82425669942705,77.55199108761776,75.77755828683647,76.91693115234375,2382200
2024-07-18,76.4873304099085,77.9255545449872,76.4873304099085,76.6274185180664,1660900
2024-07-19,77.12239655023328,77.30917595940217,75.76822089563673,76.16046905517578,1536900
2024-07-22,76.11375475779207,76.85154538285806,76.06705635265544,76.60872650146484,2297900
2024-07-23,76.61807937870965,76.97296308667117,76.20715615093931,76.34724426269531,2361500
2024-07-24,77.1690828105661,78.27109835326704,76.58072129736964,78.0376205444336,2999300
2024-07-25,78.70068930298542,79.81204584910691,77.4212355904018,77.8134765625,2609500
2024-07-26,77.9535693365436,78.42052493853542,77.74810773163887,78.1963882446289,1595000
2024-07-29,78.33645432772289,78.71936126862317,77.63602105793761,78.54191589355469,1248100
2024-07-30,78.28044152646432,80.06421545311011,78.28044152646432,79.94280242919922,3406400
2024-07-31,79.94279247598787,80.66190804673847,78.77540354635845,80.37239074707031,4553300
2024-08-01,81.035466893063,82.92197139551459,80.40040702964018,82.85659790039062,3836900
2024-08-02,84.15474049279956,86.13463484164211,83.0714000589488,84.2014389038086,5997000
2024-08-05,85.30346376633833,85.64901354903974,82.31495013954793,82.36164855957031,4440800
2024-08-06,82.57643238499412,83.5196847581934,82.18419136352897,82.62313079833984,2238700
2024-08-07,82.66982137769136,83.39827814368044,82.40832736562332,83.07140350341797,3037200
2024-08-08,82.34293768262282,83.14610177625823,81.80126754967317,82.00672912597656,2120100
2024-08-09,82.00673414813309,82.32426763782324,81.02613173550866,82.1655044555664,1838500
2024-08-12,82.20285897028118,83.45430365720888,81.9133487843907,83.34223175048828,3072000
2024-08-13,83.34223569675152,83.71580161166504,82.53907147349945,83.52902221679688,3360300
2024-08-14,83.26976437402381,85.0891990770952,83.09064676733962,84.50471496582031,2956000
2024-08-15,83.9202530579391,84.46702796550667,83.45832600473705,84.17478942871094,2425700
2024-08-16,84.48588697864162,84.84411509759455,84.07109122550946,84.40103912353516,2288500
2024-08-19,84.25019657848564,85.2400401280205,84.25019657848564,84.97608184814453,1622200
2024-08-20,85.04206985838458,85.86223209209145,85.03264072218376,85.3814468383789,2096800
2024-08-21,85.53228735794727,86.55984027916566,85.41915929639504,86.49385070800781,2594900
2024-08-22,86.49384816454214,87.74765717199509,86.46556794806666,87.63452911376953,3124800
2024-08-23,87.7193799285746,87.93619972378434,86.99348745025779,87.35172271728516,1450300
2024-08-26,87.6722420059311,88.20015858098229,87.46484415363986,87.68167114257812,1266600
2024-08-27,87.60624831608638,87.91734507990002,87.14432133462962,87.30458068847656,1134100
2024-08-28,87.64396218042681,88.4075568288027,87.19145711955565,87.47427368164062,1994900
2024-08-29,87.408282520418,87.57797101611932,86.62582961288835,87.45541381835938,1449100
2024-08-30,87.3894265939383,88.0021910222204,87.3894265939383,87.70052337646484,2336800
2024-09-03,87.70051789741419,88.81291862020181,87.58739703252553,88.26614379882812,1998100
2024-09-04,88.46412049927817,89.54824110381645,88.27558091254289,89.1240234375,1471300
2024-09-05,89.55765668321018,89.9441721275265,89.02031103080385,89.25598907470703,2515800
2024-09-06,89.41626321247752,89.63309021336501,88.2850112915039,88.2850112915039,1591600
2024-09-09,88.39812200457796,89.51052271564357,88.27557200479878,89.4256820678711,1827500
2024-09-10,89.50110157948585,90.6417825167684,89.4256828747919,90.07615661621094,2167500
2024-09-11,89.83104919766956,89.93474811828375,88.93546826439464,89.75563049316406,1988400
2024-09-12,89.69907967577203,90.13272648467589,88.73750907106513,89.56710052490234,1607500
2024-09-13,89.78390041395276,90.37781365342649,89.31254435332801,90.35895538330078,1841900
2024-09-16,90.68892280368864,91.11314766540625,90.38725514732964,90.63236236572266,1671500
2024-09-17,90.51923019994612,90.77376654391946,89.8876146968364,90.2552719116211,1946500
2024-09-18,90.07616600114282,90.43439409727708,89.24657454772237,89.78392028808594,1575100
2024-09-19,89.0768794682467,89.40682732091048,88.1153161272946,88.40755462646484,2141600
2024-09-20,88.81291593367098,89.4162511692385,88.40754939799372,89.293701171875,3283300
2024-09-23,89.52938723941502,90.02902360182608,89.29370916715892,89.72735595703125,1531700
2024-09-24,89.1617327933119,90.2081440420383,88.76579534577331,89.1240234375,3039900
2024-09-25,89.72735498704118,89.85933413069192,88.56781571945376,89.18058013916016,1283900
2024-09-26,88.58667478235554,89.87818601278177,88.58667478235554,89.19001007080078,1973000
2024-09-27,89.46338793007972,90.19870228471854,89.15229118240231,89.80276489257812,1308100
2024-09-30,90.24584159327476,90.85859876617498,89.33140961333982,90.67005920410156,2119700
2024-10-01,90.87746486153084,91.51850949702134,90.20814000852694,91.20741271972656,2384200
2024-10-02,90.40610641230518,91.03772189503668,90.12328985975368,90.7454833984375,2538100
2024-10-03,91.01888157296004,91.01888157296004,90.4061170982194,90.7926254272461,1417400
2024-10-04,89.79334299792525,90.22698977557128,89.39740557385588,90.01016998291016,1460800
2024-10-07,89.70851124355335,89.71793318863911,88.34157401204584,88.74694061279297,1804900
2024-10-08,89.38796875936374,89.77448420608187,88.65265440858826,88.94489288330078,1577700
2024-10-09,88.94489776793586,89.56709129419102,88.5206801399063,88.90718841552734,3125900
2024-10-10,89.19000357517133,89.52938054924574,88.5112496270225,88.56781005859375,3258000
2024-10-11,88.95431975920926,90.09500060673273,88.61494280711531,89.98187255859375,1766600
2024-10-14,90.1987037121422,90.84917743261198,89.8310465290045,90.78318786621094,1401700
2024-10-15,91.49965238870544,92.42351359573932,91.28283259012665,91.6504898071289,2376200
2024-10-16,92.03699416585644,93.26252296495758,91.68819523724858,93.09283447265624,2533400
2024-10-17,93.37564671964468,93.63960498609616,92.6120449433262,93.46048736572266,2100800
2024-10-18,93.75273541863534,94.26180092404309,93.026850111789,94.12982177734376,2059700
2024-10-21,94.25237370259104,94.5634632782087,93.45106253807722,93.73387908935548,1632400
2024-10-22,93.5453509394588,93.74331967259788,92.62148965915183,93.03628540039062,1527700
2024-10-23,93.16826735005124,93.86587250570028,92.90430903128268,93.82816314697266,1430300
2024-10-24,93.79044344674824,94.14867871899855,92.80059986050796,93.14939880371094,2253800
2024-10-25,93.59246503622984,93.67731287330513,91.53735217513176,91.62220001220705,1695400
2024-10-28,91.63163192770756,92.2821057108891,91.26397470912426,91.4430923461914,1369400
2024-10-29,90.85860268736248,91.0377203136887,89.78391131405233,89.86875915527344,1654500
2024-10-30,90.37782578621902,90.69834449815706,89.52938332473056,90.52865600585938,2989700
2024-10-31,91.10370788702076,91.72590140126884,89.82161869916725,90.05729675292969,3471800
2024-11-01,92.93258258740208,92.93258258740208,89.64251139953784,90.0950164794922,3176900
2024-11-04,89.88762026528472,90.51923580752238,88.75636833314788,89.47283172607422,2500400
2024-11-05,89.49167107113651,90.65121026297504,89.04859517825774,90.59464263916016,2267900
2024-11-06,89.77450451365335,90.90575651038549,89.00148063767728,90.50981903076172,2846700
2024-11-07,90.5098037632412,90.9245922561684,89.7084998013624,89.86875915527344,2501100
2024-11-08,90.41553319921545,92.18782959782357,89.98187924528538,91.99928283691406,2484900
2024-11-11,91.67876261343024,93.4510589826848,91.67876261343024,93.04569244384766,2150300
2024-11-12,92.88543701390071,93.24367227265188,92.09356217474826,92.24439239501952,1820700
2024-11-13,92.69689782846145,92.81001869605744,91.45251793863947,92.03699493408205,2458100
2024-11-14,91.95616989077486,92.34601961433692,91.2525469983771,91.40467834472656,1466300
2024-11-15,91.42370996098104,93.44900635228434,91.42370996098104,93.16375732421876,2087400
2024-11-18,93.19227951079948,94.52346337644111,92.92604418854484,94.39984893798828,1959000
2024-11-19,94.41886347308368,94.41886347308368,93.5250673053913,94.18115234375,1582600
2024-11-20,93.9339185774294,94.42835447051236,93.79129046742008,94.39031982421876,1934300
2024-11-21,94.1811518019725,96.03529569836202,93.80081254635292,95.99726104736328,1928800
2024-11-22,96.18743550651314,96.4441603360087,95.62643346521838,95.7120132446289,1304600
2024-11-25,96.03529364738286,96.5962884153057,95.43626422927356,96.36808776855467,2264800
2024-11-26,96.42514041225654,96.68186522517796,95.93069722937209,96.55825805664062,1197400
2024-11-27,96.9861394836454,97.73730751291542,96.59628975460475,96.8149871826172,1308000
2024-11-29,96.8340084286674,96.8815535593576,95.82611549647724,96.08284759521484,1037800
2024-12-02,96.1303806251484,96.17792575344164,94.694603352236,94.76116943359376,1513000
2024-12-03,95.18904035091762,95.59790376267205,93.36342071188902,93.3919448852539,1361300
2024-12-04,93.74375698718214,93.81982628921575,92.49815299744532,93.51555633544922,1774600
2024-12-05,93.45850787563862,93.80081248001736,92.73586401590929,92.9165267944336,1445200
2024-12-06,93.5345766856174,93.7437563833105,92.22240662427788,92.31748962402344,1468600
2024-12-09,92.37454435500246,92.75488360476076,91.54730703085576,92.33650970458984,1234900
2024-12-10,92.03223764483344,92.8499644740299,90.59646045575114,92.37454223632812,1792300
2024-12-11,92.42208715175984,92.57422576151666,90.64401249002812,90.91024780273438,1444300
2024-12-12,91.77551046307056,92.00371837246917,90.9958182418788,91.14795684814452,1681000
2024-12-13,90.82466467002192,91.73748178614656,90.71056797128227,91.03385162353516,1445100
2024-12-16,90.89123317741289,91.12894433093184,90.25416902703054,90.26367950439452,2399300
2024-12-17,89.6075910232647,91.0433683676487,89.33184522504736,90.05448913574219,1597500
2024-12-18,89.97841275649373,90.1971101842251,88.3239453515925,88.37149047851562,1506000
2024-12-19,88.52362737900908,89.81677656525157,87.97213579132985,88.67576599121094,2143800
2024-12-20,88.31444179411933,90.03547541329036,88.28591761747793,89.85481262207031,3160400
2024-12-23,89.85480929408952,90.19711390984504,88.96101310246479,90.17809295654295,1083000
2024-12-24,90.05448281478162,90.45383576856838,89.61709521001023,90.3682632446289,533300
2024-12-26,90.0735168508864,90.62500123434842,89.78826055425137,90.20663452148438,774500
2024-12-27,89.55054056991008,90.80565509359444,89.45545756518834,90.1590805053711,823100
2024-12-30,89.85481685606261,89.89285151149949,89.0370899000918,89.57907104492188,1056800
2024-12-31,89.57906126076877,90.03546982179184,88.87543834796084,89.41741943359375,1087200
2025-01-02,90.52039402808506,90.55842867883185,89.24626587272392,89.369873046875,955900
2025-01-03,89.41742917321054,89.9974449733031,89.0941382292787,89.17971801757812,1522800
2025-01-06,88.9039674009862,89.00856088416036,87.42065219141575,87.59180450439453,1632600
2025-01-07,87.66785826439836,89.61709235259444,87.42064392243249,88.60919952392578,2367500
2025-01-08,88.48559953999708,90.15908813124676,88.31444721527417,90.092529296875,2033100
2025-01-10,89.27479119869037,89.98792458706272,88.7328101137021,88.81838989257812,2397700
2025-01-13,89.05609773425087,89.31282255266521,88.28590877027246,89.27478790283203,1668700
2025-01-14,89.20824137722464,90.41581084483768,89.07512371164111,89.9308853149414,1934300
2025-01-15,90.97680875405278,91.4522310390856,90.26367532650356,90.8722152709961,1418900
2025-01-16,90.47286212645078,93.64867950254028,90.47286212645078,93.55359649658205,1646900
2025-01-17,93.32539925334922,94.7326452036146,93.0686671480432,94.16213989257812,2024200
2025-01-21,94.70410969120104,95.8736516050581,94.56148156692076,95.30314636230467,2205200
2025-01-22,95.07494843557096,95.07494843557096,92.7453820939576,92.78341674804688,1958800
2025-01-23,93.09719252095134,93.27784805082834,92.47914211823158,92.52667999267578,1771300
2025-01-24,92.1083137986965,93.53458061794586,91.98469936489926,93.19227600097656,1898100
2025-01-27,94.08606570472271,96.01628624276935,92.69783352658148,95.92119598388672,2826700
2025-01-28,95.5693874962853,95.78807767975458,93.7342572295155,94.05754089355467,2854900
2025-01-29,94.0385258078113,94.80870755849764,93.08768127437412,93.21128845214844,2358400
2025-01-30,94.11459445659098,94.82772785170616,93.81982772030644,94.56148529052734,2007000
2025-01-31,94.44738768348566,94.76116811537264,93.9054065985754,94.38082885742188,4608000
2025-02-03,93.7627786674213,96.02578601272168,93.46801918771376,95.5123291015625,2500700
2025-02-04,92.72635625667012,95.29364086473808,91.63289084025196,94.3427963256836,3568900
2025-02-05,95.62643986108525,96.37760795562752,94.82773388979584,95.9307098388672,2398600
2025-02-06,96.05431488259713,96.05431488259713,95.13200174708136,95.83562469482422,1396700
2025-02-07,95.6739745714678,96.8720333979103,95.1224830298159,96.78646087646484,2140300
2025-02-10,96.56775994902338,96.84350570984309,94.97985145974856,96.24447631835938,2426400
2025-02-11,95.892672413524,97.68976805135708,95.27462199872512,97.6517333984375,2648800
2025-02-12,96.5202290569174,97.54713562307514,96.20644862491766,97.39500427246094,2567400
2025-02-13,97.66123893550778,98.89733970258298,97.27139645794487,98.67864227294922,2255600
2025-02-14,98.7582550048828,99.59266501379452,98.49929462345142,98.7582550048828,1743200
2025-02-18,98.76784470254763,99.89957982676012,98.49929130783184,98.89252471923828,1728800
2025-02-19,98.98843123128496,99.53511639835662,98.6911134105028,99.34329986572266,1405800
2025-02-20,98.94048777880248,99.68858255343316,98.3266587326794,99.29534912109376,1722200
2025-02-21,99.09393835333816,100.68604347379166,99.09393835333816,99.79408264160156,2969500
2025-02-24,100.11058496227618,100.98336711717894,99.27617489916312,100.5901336669922,2480400
2025-02-25,100.85867047717744,102.38363159469982,100.64766791108045,101.55880737304688,3506100
2025-02-26,101.0600798808672,101.77940281846776,100.77234777889446,101.38616943359376,1856600
2025-02-27,100.70522085399658,101.79859123788198,100.50381129036842,101.28067779541016,2138000
2025-02-28,102.3452819386848,102.75769411040731,101.22313974492783,102.32610321044922,2614700
2025-03-03,101.81776909670916,103.99491666717908,101.61635223194205,103.9277801513672,2097700
2025-03-04,104.41692932465298,104.41692932465298,100.7915352577326,101.1847686767578,3445500
2025-03-05,100.75317762261145,101.80818322402126,99.79408029090578,100.1968994140625,2179600
2025-03-06,100.1105769218944,100.22567123602217,98.95007002776764,99.55430603027344,2618100
2025-03-07,99.43921168005774,103.17009971636143,99.36248213733374,102.46995544433594,3884700
2025-03-10,102.96869762443534,105.6829450272094,102.7385162968971,104.5224380493164,4279700
2025-03-11,104.24429546697615,104.55120633262436,101.19436553826424,101.4437255859375,3235100
2025-03-12,100.57095064169653,101.24231587268292,100.21608198112816,100.4558563232422,2699800
2025-03-13,100.87785887241954,101.59718187997606,99.98589805035618,100.81072235107422,1953800
2025-03-14,100.39831284357976,102.55628192305524,100.35994807075365,102.3836441040039,2173700
2025-03-17,102.51790691005895,103.8126867649466,102.23976782285128,102.7385025024414,2614900
2025-03-18,102.1438610794861,103.51537049277717,102.06713154035602,103.40027618408205,2401800
2025-03-19,103.1221379878004,103.54414313934714,102.31649977193656,103.15091705322266,1837100
2025-03-20,103.36191141451698,103.5825070101831,102.33567760997973,103.40027618408205,2351700
2025-03-21,103.09337148434037,104.01410405673838,101.90409282632608,102.4411849975586,5327000
2025-03-24,102.55627143003996,103.0741848342038,101.41494333656792,101.45330810546876,1725100
2025-03-25,101.14640518330638,101.87532121477508,99.38166957981927,100.04344177246094,1852800
2025-03-26,100.31198187457838,101.97122340302283,100.25443837882442,101.47249603271484,2384900
2025-03-27,102.09590107873652,102.4124049328,101.4916724351593,101.87531280517578,1371800
2025-03-28,102.8631849376532,103.85105398119978,102.3836362899252,103.15091705322266,1714400
2025-03-31,103.77433592948536,105.05953025268307,103.35233804855402,104.5224380493164,2572600
2025-04-01,104.23469426702,104.80055815849958,103.58250781401624,104.43610382080078,2172100
2025-04-02,104.81015825581936,105.1170691181088,103.77433135159303,104.38815307617188,1403300
2025-04-03,105.50070213206888,106.4597994241786,103.73596662690618,104.09082794189452,4675200
2025-04-04,105.10747519504652,105.10747519504652,99.28575456654526,100.09140014648438,3569900
2025-04-07,98.78703189199302,100.59972538695466,97.14697622118643,98.98844146728516,3617900
2025-04-08,100.7052117473856,101.1368025850847,97.65528218462866,98.7390594482422,2369900
2025-04-09,98.3554362825344,102.01918787105416,96.52355682960848,100.09140014648438,3004900
2025-04-10,100.36954212417592,102.44118865673724,99.10353387724058,101.19436645507812,3276000
2025-04-11,100.97375361766004,102.9494915388817,99.94751989037206,102.58503723144533,1855300
2025-04-14,102.46036520593144,104.43610328099612,101.96163051762495,104.04287719726562,1591400
2025-04-15,104.32101303036384,104.54160863518338,103.659240850569,103.83187866210938,2060300
2025-04-16,104.5416079858498,104.5895657788311,102.6905498636823,102.96868896484376,1840400
2025-04-17,103.43864479517396,105.3952042116648,103.19887046448636,103.95655822753906,1571700
2025-04-21,103.87023130447132,103.87023130447132,101.66430478318674,102.58503723144533,1248700
2025-04-22,103.44823987866395,104.84852111970322,103.05500645618103,104.66629028320312,1339200
2025-04-23,103.99492799688603,104.69507229577128,103.0070588777457,104.31143188476562,1598400
2025-04-24,104.11001613038724,105.05952042028534,103.83187703186522,104.45529174804688,2083200
2025-04-25,104.38814626006312,104.46487579995838,102.834413322508,103.32355499267578,2077800
2025-04-28,103.35233096896044,104.31142830489314,102.68095844340836,104.10042572021484,1607200
2025-04-29,103.70719480644983,104.9060665053388,103.57292176156083,104.68547821044922,1500200
2025-04-30,105.13625219597772,105.39520525606038,103.10296321735868,105.04033660888672,2774200
2025-05-01,104.61833379338184,105.75006888442422,104.11959910657312,104.34019470214844,1623900
2025-05-02,104.36897107993956,104.83892672243556,103.4482385219072,104.17715454101562,1678200
2025-05-05,104.6279231017469,104.6279231017469,102.84400881891392,104.25387573242188,2198300
2025-05-06,104.95401159554092,106.12411140278908,104.22509564199876,105.27051544189452,2219300
2025-05-07,104.83892059704718,105.63497309000148,104.31142148716042,105.13624572753906,2298100
2025-05-08,105.23215697437423,105.23215697437423,103.15091758859242,103.5441436767578,2423800
2025-05-09,103.58251007073672,103.65923961213394,102.20140759491406,103.21805572509766,2308100
2025-05-12,101.65472103618148,102.33567924283015,100.35034811948398,100.67644500732422,2468600
2025-05-13,100.70522209819258,101.0792694805993,99.02680172988936,99.3241195678711,2835700
2025-05-14,99.31734859560176,99.3947381507206,97.3340945487424,98.91101837158205,2009700
2025-05-15,99.64627412702303,101.58115323628564,99.42375978182751,101.49408721923828,1992200
2025-05-16,101.56180543141276,103.06133227911543,101.3296146291671,103.00328826904295,2279800
2025-05-19,102.84849847418351,103.81593804558882,102.41315361944244,103.76757049560548,1629000
2025-05-20,103.74821753534506,104.57053969456268,103.63212951064216,104.06747436523438,2013200
2025-05-21,103.75788794457569,104.3480266389811,102.73240442097574,103.07100677490234,2919700
2025-05-22,102.57761692549413,102.9258957628678,101.27157497583192,102.0551986694336,2521200
2025-05-23,102.8775163822971,103.45798600680013,101.48440847403236,103.30319213867188,1838000
2025-05-27,103.30319101708665,104.60923289608266,103.18710299822872,104.05779266357422,2075000
2025-05-28,103.78691754215674,104.03845390103804,101.65855340663931,101.87139129638672,1625800
2025-05-29,101.5618015482224,102.60663059446756,101.23286828144,102.56793212890624,2401300
2025-05-30,102.51957405417052,104.183571322151,102.25836123274335,103.94171142578124,2612300
2025-06-02,103.21613002559296,104.04812864579064,102.93557166473764,103.7385482788086,1467700
2025-06-03,103.88365437155096,104.16421272177122,102.83882528570396,103.87398529052734,2187900
2025-06-04,103.90300626547511,103.90300626547511,102.268031109392,102.28738403320312,1553700
2025-06-05,101.87137929034716,102.42281949380354,101.2328656963569,101.37798309326172,4183600
2025-06-06,101.12644590460404,102.37444369781556,100.74914510444442,102.16160583496094,4443900
2025-06-09,101.82301026567808,102.3841269630424,101.02003368644756,101.4747314453125,2404700
2025-06-10,101.68757253757148,102.47119621768252,101.2135292207987,102.15193939208984,1567200
2025-06-11,102.0164934595968,102.4228236636684,101.68756756880012,102.14226531982422,1297900
2025-06-12,102.59697282703534,102.98394276336396,101.958459146332,102.97427368164062,1816200
2025-06-13,103.24515463042854,103.36124265785745,101.33929744970196,101.68757629394533,1726300
2025-06-16,102.08422235418516,102.4131556531034,100.333159057083,100.7588348388672,2116900
2025-06-17,100.96199320073896,101.25222802150004,99.6752968128645,100.71045684814452,2328700
2025-06-18,101.0297191891996,101.0297191891996,100.17837498599866,100.44925689697266,1796400
2025-06-20,100.6137076322941,101.59082359039684,100.42989176605305,100.79752349853516,3191800
2025-06-23,101.63919697688247,102.30673262971273,101.1458081196391,102.06487274169922,1813300
2025-06-24,101.91008280484456,102.45185399397548,101.7069213767873,101.92943572998048,1443000
2025-06-25,100.43958011996396,100.84590298515393,99.35604509847896,99.52051544189452,2688600
2025-06-26,99.72367289254446,100.16869421012268,99.21093110013864,99.9558563232422,2425200
2025-06-27,100.06227614746132,100.76851028914687,99.42376248119945,99.77204132080078,1867900
2025-06-30,99.704317080699,100.88459450578496,99.50115566209898,100.80719757080078,1930200
2025-07-01,101.12645654833756,101.8713891467342,100.07195096535872,101.33929443359376,1756700
2025-07-02,100.75883399866836,101.1361348453842,99.15288074876754,100.37185668945312,2148200
2025-07-03,100.20739344558169,101.40701645784137,99.83976168143724,100.94264221191406,1033800
2025-07-07,100.79753959022894,101.2715829525008,100.3525182365278,100.91362762451172,1369100
2025-07-08,100.04293014494664,100.73948043997858,99.17223304993398,100.2847900390625,2100700
2025-07-09,99.5044775292299,100.22378700534482,98.56457659420757,99.95524597167967,1926300
2025-07-10,99.36061259597297,101.50894814844315,99.35101975429568,101.35549926757812,2127800
2025-07-11,100.9430964393484,101.59527065677496,100.51151368073724,101.19245910644533,1631900
2025-07-14,101.13491385722092,101.97890836260586,100.45396840131832,101.51854705810548,1399500
2025-07-15,101.01021813922743,101.48016488486483,99.89769010424186,100.5019073486328,1625900
2025-07-16,100.453959276272,102.20907607178091,100.43478091070752,101.78707885742188,2884300
2025-07-17,101.4514059841844,102.23785070820156,100.89513824063232,101.85421752929688,1609700
2025-07-18,102.11318042621367,103.628527568117,101.80627532431382,103.4079360961914,2049300
2025-07-21,103.32161660823712,104.39578074538782,102.9475689479714,103.84910583496094,1649100
2025-07-22,104.23273655740408,105.69053384503744,103.58056235360102,105.5946273803711,1610300
2025-07-23,105.5946273181952,105.83439713831696,104.1368300314202,104.56841278076172,1551900
2025-07-24,104.43414550784723,105.51790249424076,104.23273973075788,105.05754852294922,1297700
2025-07-25,104.7985831612824,105.2397660416611,104.60677024413896,105.0383529663086,1320700
2025-07-28,104.81778132892865,104.81778132892865,103.01471481454492,103.1010284423828,1555100
2025-07-29,103.5326021233842,104.21355483009884,102.99552008482009,104.18477630615234,2094000
2025-07-30,104.10805442345976,105.57544448983236,103.55178670816215,103.9258270263672,3216700
2025-07-31,103.5038356613947,104.86572650286702,103.5038356613947,104.61637115478516,3314900
2025-08-01,105.4507632272617,106.52493464810588,104.7890035040328,105.72889709472656,3367400
2025-08-04,105.73849342663225,107.07161307584188,105.498723600268,106.7167510986328,2021300
2025-08-05,106.3810771151668,107.3209780744896,105.07672864604656,105.49872589111328,2125200
2025-08-06,105.46035311109203,106.45779640593162,104.86572134382403,105.2397689819336,1745700
2025-08-07,104.88490418966148,106.7359273788038,104.88490418966148,106.1700668334961,3079800
2025-08-08,106.80306847730846,107.03324545412326,105.54667697058473,105.83439636230467,1800800
2025-08-11,106.14129971689547,106.42902642114645,104.77940892678828,105.18222045898438,1701500
2025-08-12,105.26853953160492,105.26853953160492,103.81073498778608,104.95204162597656,1824000
2025-08-13,104.95204489126532,105.6138119295875,104.702682232055,105.44117736816406,2698900
2025-08-14,105.3860600067623,105.53110147953248,104.21607158008344,104.55449676513672,2853200
2025-08-15,104.28375466181215,104.29342606037972,103.3845064000365,103.8099594116211,2583800
2025-08-18,103.99367832329824,104.4094599332146,102.87203216552734,102.87203216552734,2890700
2025-08-19,103.11376044451391,104.94126368363531,102.93971216568735,104.8929214477539,1924500
2025-08-20,105.47308507976642,106.62373067882125,105.12498850507818,105.30870819091795,2588100
2025-08-21,105.13465475850664,105.51175813311168,104.48680387908178,104.8929214477539,1516900
2025-08-22,105.0959844659724,105.9178763090652,104.45780493646208,104.95094299316406,1324200
2025-08-25,104.64152530740732,104.8059022016713,103.35550221839092,103.42318725585938,1429700
2025-08-26,103.42318605996684,103.96466635345328,103.11376769552948,103.6165771484375,2368000
2025-08-27,103.62623909191426,104.18706217155894,103.45219080433888,104.11937713623048,1868400
2025-08-28,103.9259953126809,103.94533073293286,102.668979059948,102.794677734375,1777500
2025-08-29,102.9880599975586,103.6939171215646,102.73665529313142,102.9880599975586,1551800
2025-09-02,102.71732181159008,103.36516531491272,102.1564987592592,102.5142593383789,1835400
2025-09-03,102.20484628634992,103.4038488831534,102.01146257828,103.35549926757812,2145600
2025-09-04,104.10971482744952,104.6415311351166,103.43286441506974,103.9260025024414,2968300
2025-09-05,103.89697737601809,104.40945820819046,103.5005385696424,104.22573852539062,1615400
2025-09-08,103.96466490312372,104.09037095315496,103.12343765563772,103.8099594116211,2444000
2025-09-09,103.54888944700596,104.46748056053508,103.2878206870843,104.00334930419922,1444600
2025-09-10,104.65118841961572,105.87919039562516,104.17738581773791,105.7728271484375,3268100
2025-09-11,105.64713052896327,106.48835774759786,105.20234211261406,106.0919189453125,2245200
2025-09-12,105.67614699368616,107.11687562350556,105.67614699368616,106.86547088623048,1532700
2025-09-15,106.85580207810524,107.59066608166208,106.7107606062847,107.30059051513672,2388200
2025-09-16,106.90413824760816,107.18454977664275,105.07663498693024,105.09597778320312,1396400
2025-09-17,105.64712524414062,106.36265375837752,105.25067908457147,105.64712524414062,1835600
2025-09-18,104.71888656979016,106.57539686344084,104.57384508935456,105.8501968383789,2324500
2025-09-19,106.12092314632288,107.09752778483345,105.57944289231234,106.47869110107422,3179200
2025-09-22,106.53670563698024,106.82678856243668,105.74382066812989,106.22728729248048,2063900
2025-09-23,106.03391740190372,108.10315423342236,105.87920452094863,108.0644760131836,2329800
2025-09-24,107.97743938483951,108.53826246698068,107.69702784376896,108.31586456298828,1988000
2025-09-25,108.77032742014563,109.14743082588213,107.25224239837893,107.56166076660156,2364600
2025-09-26,107.93876363360432,109.18610849909008,107.69703030410204,109.11842346191406,1830900
2025-09-29,109.13776438233194,110.57849293579324,108.5672698984186,110.44312286376952,2120800
2025-09-30,110.36576340926084,111.1683197979526,109.90163956848365,110.8008804321289,2446500
2025-10-01,110.59783623294888,110.84924097480533,109.22479261770778,109.25379943847656,2017300
2025-10-02,108.61562158203591,108.97338218900254,107.88075019340636,108.3255386352539,2375600
2025-10-03,109.3311501373274,110.32709027604244,108.73164882349468,109.54387664794922,2561800
2025-10-06,110.17238474578755,110.83956371956936,109.6599112669712,110.76221466064452,1389200
2025-10-07,110.95559950551986,112.0675743093208,110.7525443916787,111.39071655273438,1731000
2025-10-08,111.82583471998318,111.82583471998318,110.39477022717,110.8008804321289,1457500
2025-10-09,111.42938681841711,111.80649019965334,110.0756787789745,110.1143569946289,1472900
2025-10-10,110.51081570434424,111.80650287868048,110.10470545959254,111.32303619384766,1477600
2025-10-13,110.71385988298896,111.87417686104747,110.71385988298896,111.16831970214844,1329900
2025-10-14,111.81616966852609,113.32458330234542,111.37138122206952,112.6380615234375,1993700
2025-10-15,112.62838957953043,113.59532284132304,112.61871818132023,113.40193176269533,1868800
2025-10-16,113.3632598691994,114.19482311088623,112.20294284118395,112.34798431396484,2592300
2025-10-17,112.57037597986812,113.30524737281226,112.1352589342562,112.97648620605467,1899600
2025-10-20,113.61466217041016,113.94341594971756,113.03450366879288,113.61466217041016,1983300
2025-10-21,113.77903612084236,114.09812587047936,112.25127978359431,112.72508239746094,2243200
2025-10-22,113.03450058975696,114.28184539167026,112.45434210394308,113.5179672241211,1862000
2025-10-23,113.75003043291863,113.90474329868496,111.7484788390387,112.07723999023438,1277700
2025-10-24,112.3093039190293,112.7734277703924,111.62278216343115,111.99988555908205,1916600
2025-10-27,112.25128286264892,112.92814059654654,111.27468554459423,112.82177734375,2116100
2025-10-28,113.00549850349584,113.02483392374918,111.35204342999532,111.4100570678711,2915600
2025-10-29,112.0579019076617,112.49301895098247,110.71386518251484,110.79122161865234,2692500
2025-10-30,111.65178727176234,111.65178727176234,107.47463578790048,108.8766860961914,4611900
2025-10-31,108.45124304206284,108.55759891867842,106.98150028711208,108.03546142578124,4117300
2025-11-03,107.14587546734111,107.3586019714064,105.79217476349952,106.9524917602539,3186500
2025-11-04,107.69702714947982,108.37388487852944,107.14587546944335,108.17082977294922,2232900
2025-11-05,108.28686696999944,108.59628535597017,107.329604991077,108.15149688720705,1894600
2025-11-06,108.51893247024516,109.02173456332012,107.02985423485808,107.11687469482422,2469000
2025-11-07,107.56165046108784,109.20544137868517,107.33925994932788,109.13775634765624,1822300
2025-11-10,108.91537086335325,109.26346745603732,107.45529945387922,108.70264434814452,2188000
2025-11-11,108.75099195996091,109.2634654405382,108.37388855436195,108.77999877929688,2033200
2025-11-12,108.4318998851248,108.57694135583324,107.67769308997973,108.40289306640624,2356900
2025-11-13,108.26751813464368,108.63495011711235,107.435954942164,108.0451202392578,1794200
2025-11-14,108.43794508238535,108.67187654459956,107.40474097410444,108.16502380371094,2120800
2025-11-17,108.68162616225702,109.07151689140414,108.45743657611962,109.061767578125,2013700
2025-11-18,109.48090034573846,109.76357094242016,108.6718783728096,108.7790985107422,2139000
2025-11-19,108.65238074016202,108.72061105693288,106.48849435607664,107.37549591064452,2334300
2025-11-20,107.6971520033334,108.5256651415352,107.46322054424576,107.85311126708984,2041600
2025-11-21,108.3404683068568,109.14949022172448,107.96032691294,108.33071899414062,2455300
2025-11-24,108.17477036765966,108.68162309566644,107.20004729056848,108.21375274658205,2078300
2025-11-25,108.32097009395832,109.09100219744067,107.7068972483418,108.40869903564452,1975400
2025-11-26,108.79859240693398,109.56862452926516,108.67187364767948,109.40291595458984,1324900
2025-11-28,109.56863049500836,109.81231127724628,109.11050943455346,109.23722076416016,1040300
2025-12-01,108.81808370270164,109.12999478982628,106.51773664645222,106.5762176513672,2231700
2025-12-02,106.81990328535102,107.07333337910238,105.05565681563144,105.35781860351562,2503400
2025-12-03,105.3968125907339,105.90367279829036,103.99321629749132,104.57804870605467,1865100
2025-12-04,104.06143724113672,104.87045173906034,103.31089631128688,103.59356689453124,2351800
2025-12-05,103.86648459191032,104.12966397674369,102.95999186873908,103.03797149658205,2530600
2025-12-08,103.0087353306198,103.21342628491249,101.73185047627398,102.11199188232422,2711300
2025-12-09,102.68707046931397,103.213421801724,101.8195675612344,101.9950180053711,2100300
2025-12-10,101.77083720929782,102.08274828780304,100.97155716929736,101.039794921875,1863200
2025-12-11,100.97156206429766,102.29718607134636,100.45496001265532,100.86434936523438,1958700
2025-12-12,100.39647308681066,101.61487688640788,100.34773396020812,101.25422668457033,2800700
2025-12-15,101.48816629729647,102.69682079294442,101.37119685453828,102.59934997558594,2288400
2025-12-16,102.98924674136984,103.15494788428364,101.5953924051448,101.83907318115234,2144500
2025-12-17,101.76109097880908,102.32643214964423,101.32246113114172,102.11199188232422,1897400
2025-12-18,102.1899595947985,103.07696112770932,101.97552677343052,102.589599609375,2097900
2025-12-19,102.60909732185816,103.14519800072956,101.28348074932973,101.3127212524414,4768000
2025-12-22,100.66939426486104,102.33616976894668,100.3964730038243,102.21920776367188,2119900
2025-12-23,102.3556756037074,102.94050798091456,101.8975545533219,102.36541748046876,1530400
2025-12-24,102.53112575975892,102.92100905238856,102.26794635703206,102.88202667236328,616700
2025-12-26,102.75530284140436,103.00873291835198,102.30693112775656,102.83328247070312,869000
2025-12-29,103.11595323280856,103.70078558049546,102.95025209766418,103.0574722290039,1288300
2025-12-30,103.24266982806937,103.68129968865492,102.92100941761606,103.40837097167967,1432500
2025-12-31,103.28165781005444,103.3986272581088,102.73581525889476,102.79429626464844,1295500
2026-01-02,102.99899655821608,104.59754197713254,102.219222476808,103.77877807617188,1898800
2026-01-05,103.26216171613088,103.40836422357152,101.3711966300674,102.7455596923828,3238200
2026-01-06,102.901519512537,103.51559240116858,102.42390726582356,103.27191162109376,2039100
2026-01-07,103.82749654034411,103.944465984094,102.00476918699243,102.3849105834961,1618800
2026-01-08,102.5311243197174,104.12966959399829,102.30693473671168,102.5701141357422,1749400
2026-01-09,102.67732221726396,103.8177538342052,101.91703943033424,102.00476837158205,1765000
2026-01-12,101.91704383845044,102.88202505118014,101.77084132429168,102.3459243774414,1893300
2026-01-13,102.22895167024804,103.35963398733996,101.83906839619252,103.28165435791016,1315900
2026-01-14,103.53508853953896,104.75349241062834,103.41811909075744,104.36360168457033,1468700
2026-01-15,104.72424649548228,105.572250786546,104.24662684838448,105.4260482788086,2050100
2026-01-16,104.86071173090532,106.14734591131013,104.4318311919214,105.84517669677734,1638100
2026-01-20,105.62099575453244,106.58596954169766,104.85096361282883,106.30329895019533,2842800
2026-01-21,107.12207037547768,107.50221179025716,105.65998572277294,106.75167083740234,1888000
2026-01-22,106.82964878919424,107.32675964552426,105.35781484639976,106.58596801757812,2264700
2026-01-23,106.3520420992502,106.46901155287613,105.14338749130506,106.34229278564452,3547600
2026-01-26,107.17080480511036,107.86286476922294,106.55673191245177,106.9271240234375,2614800
2026-01-27,106.8588900166347,107.97982306098014,106.54697892431264,107.5606918334961,2364800
2026-01-28,107.17080071802476,108.0675516121582,106.96610976161136,107.25852966308594,1727900
2026-01-29,107.56069033035357,108.63288423044273,106.74192651315538,107.61917877197266,3225500
2026-01-30,107.38523522212913,108.11627750001944,106.30329205592774,107.87259674072266,3270200
2026-02-02,108.00905828858004,108.56465012703477,106.34228277321589,107.0635757446289,2703700
2026-02-03,107.1220621197226,109.60760137583524,106.82964223709924,109.4224090576172,2567700
2026-02-04,109.92926190880554,111.07943537931592,109.5296293343268,110.46536254882812,3417300
2026-02-05,113.5747302130136,113.5747302130136,108.96429420081928,109.11050415039062,4899400
2026-02-06,110.211939916761,110.98197205323648,107.94083332347164,108.60364532470705,2980700
2026-02-09,108.21375228368052,108.73036175902838,107.6484185531616,108.50617218017578,1744200
2026-02-10,108.94480176823834,111.22565777619624,108.60365015754198,110.06573486328124,1986900
2026-02-11,109.86103436245862,111.001458549191,109.25670339271016,110.27041625976562,2556100
2026-02-12,110.31916140795596,112.68773885242705,110.16320214149091,111.14767456054688,3431900
2026-02-13,110.895057591908,113.8340399195034,110.34461474773532,113.81438446044922,3962500
2026-02-17,114.3746636212362,115.34777011883372,113.33275176520698,113.48018646240234,2662700
2026-02-18,113.61779809488812,113.61779809488812,111.40618762847532,111.77970886230467,2829400
2026-02-19,112.18270325652496,113.0870118515762,111.92714479415208,112.27117156982422,1922000
2026-02-20,113.0771830762952,113.15581991239232,111.07198875114668,112.38912200927734,2015800
2026-02-23,112.78229941309132,114.0896086995013,112.45793558575004,113.82421875,1634300
2026-02-24,113.1951362671594,114.09943736812892,112.1532169559176,113.9225082397461,1528400
2026-02-25,113.60797252758022,113.60797252758022,111.76987582144996,113.45069885253906,1680500
2026-02-26,113.75541058406536,114.12892429986525,113.17547330247945,113.81438446044922,2028900
2026-02-27,113.98148616277062,115.32811388211672,113.64729085241672,114.96442413330078,2392500
2026-03-02,114.39431562841844,115.21998740389978,114.32551027206344,114.6302261352539,1862300
2026-03-03,113.05751806964416,115.11186225494468,112.06475615398182,114.13875579833984,2354600
2026-03-04,114.07977437669734,115.59349969703928,113.5588184708385,115.54435729980467,2836000
2026-03-05,114.67936635762072,114.87595844292088,113.16564104730487,114.10926055908205,3070000
2026-03-06,113.54898902251036,114.37466080256448,112.42844035611088,113.7947235107422,1636800
2026-03-09,113.85370836691426,113.95200066536664,112.48742517052746,113.6177978515625,2170600
2026-03-10,112.96905796313264,113.82421667230984,112.06475685639298,112.54639434814452,2950800
2026-03-11,112.41861031842063,112.6151948987247,110.99334586394252,111.36686706542967,1370900
2026-03-12,111.43567720183954,114.0306327691912,111.081818942726,113.0870132446289,1750800
2026-03-13,114.35500122928956,115.98668187907928,114.30585882972125,115.34777069091795,1831400
2026-03-16,115.98668188576627,116.17344250211296,114.90545160531958,115.88838958740234,1746100
2026-03-17,116.4781495157068,116.50763645494924,115.04306097854224,115.2887954711914,1206300
2026-03-18,114.97425288072952,115.98667776644253,113.83404126238229,113.87335968017578,1776400
2026-03-19,113.88319396471316,114.6892028012808,112.66435297997664,113.6669464111328,1960800
2026-03-20,113.60797423415386,114.0502933282137,110.16769128277652,110.26598358154295,3786000
2026-03-23,111.29806591829428,112.07458028929412,110.09888043514822,110.13819885253906,1644400
2026-03-24,109.80399942138078,112.33998117669412,109.45014115323374,111.15062713623048,1824500
2026-03-25,111.68141385341794,112.0647590583556,110.67881293341055,110.79676818847656,1424600
2026-03-26,110.94421228552368,112.70367216619212,110.42324885779551,112.0745849609375,1766400
2026-03-27,112.20237450771914,113.12633113078358,111.53397636591625,112.4087905883789,1873600
2026-03-30,113.80455510251504,114.24688168130233,113.01820923892896,113.36223602294922,1666400
2026-03-31,113.87336034678953,113.87336034678953,112.35963499937483,113.7947235107422,3371300
2026-04-01,113.31309014782488,114.8071600903497,113.12632953020383,114.18790435791016,1916600
2026-04-02,114.67937535402424,115.87856092115508,114.18790635105074,115.5738525390625,1563300
2026-04-06,115.1610135319565,115.92770393115258,114.64005012042092,114.73834991455078,1349300
2026-04-07,114.66954176486578,116.15377263003744,114.66954176486578,114.94476318359376,1679200
2026-04-08,113.765235843914,115.3084481201643,113.31308528836784,115.27896118164062,1814400
2026-04-09,115.2101523335103,117.5790363127332,114.52209879140716,116.75336456298828,1922000
2026-04-10,116.26190264236264,117.0580800034522,115.35760150393725,115.53453063964844,1183700
2026-04-13,115.32811183966216,115.32811183966216,113.45069674957212,114.33534240722656,1896800
2026-04-14,114.060125120857,114.69903631342471,113.03786871259304,114.51227569580078,1294300
2026-04-15,113.77507232646184,114.04046228406686,112.71349749759828,112.8904266357422,1696300
2026-04-16,112.52674017754774,114.54175848199526,112.2515112513166,114.44346618652344,2307000
2026-04-17,113.3524017687842,114.04045531998128,112.37929531802796,113.8930206298828,1246700
2026-04-20,114.0208033194559,114.68920143198709,112.8019623492713,113.17547607421876,1357200
2026-04-21,113.69642648018502,113.7357448965712,111.48481617820528,111.64208984375,1868500
2026-04-22,112.56605190962502,113.03786543020856,111.10147644861564,111.44550323486328,2450100
2026-04-23,112.48741973449836,113.67677373650588,112.0745801021944,113.59813690185548,1571900
2026-04-24,113.4015579145342,113.70626628982524,112.43827539055042,112.64469146728516,1510300
2026-04-27,112.64469080566096,113.83404485941632,112.64469080566096,113.15582275390624,1575300
2026-04-28,114.1878953563693,114.50243518801771,112.79212532213072,113.80455017089844,1285900
2026-04-29,113.34257451132044,113.86353043366223,112.32031812630838,112.55622863769533,1519700
2026-04-30,113.28359838050352,116.17343834414748,112.78229792780132,115.92770385742188,2648900
2026-05-01,115.87855044513542,117.1760281957179,115.43623138213592,115.45588684082033,1885800
2026-05-04,114.74817736973,115.91787596246292,114.00114990642474,114.45330047607422,2171800
2026-05-05,112.57588265573791,115.00374060164816,112.57588265573791,113.25411224365234,2923400
2026-05-06,113.19513425149812,113.43103725206744,111.6814089576711,111.9959487915039,1982800
2026-05-07,111.65191308248694,111.95662893265238,110.64931971856684,110.8557357788086,1704500
2026-05-08,111.28824079401302,111.62243611208667,109.46980700637148,109.7548599243164,1545400
2026-05-11,110.3347846852467,111.07198814639534,109.9219525468166,110.84590911865234,1394700
2026-05-12,110.50188312685373,110.97369664502033,109.6860428242018,110.6591567993164,1964700
2026-05-13,110.05956536900104,110.56086583197192,108.96850362565232,110.28563690185548,1429900
2026-05-14,110.32827327754866,110.79421291895342,109.7830231517635,110.6752471923828,1661000
2026-05-15,110.1399125133433,110.63559169437856,107.95892714217376,108.21668243408205,2388100
2026-05-18,108.64295730926698,109.28734174568297,107.83995947078192,108.60330963134766,2561400
2026-05-19,108.85115215976175,110.55628220454956,108.05806243758649,110.52654266357422,2285200
2026-05-20,110.79421024282328,111.18083939050898,109.27743319213882,109.6938018798828,2298300
2026-05-21,109.91189974582468,111.2204924266931,109.2575996236586,111.14118194580078,2456900
2026-05-22,111.1709251840112,112.61830747286484,110.91316989426728,112.4299545288086,2125400
2026-05-26,112.13254604973972,112.77693050416212,111.61703546081614,112.01358032226562,2084500
2026-05-27,111.62695042616735,113.0148536503558,111.28989221240978,112.16228485107422,1721300
2026-05-28,112.22176365738198,112.7670137823747,110.47697838433344,110.70498657226562,2536600
2026-05-29,111.2898899804444,111.43859524495797,109.8623315426564,110.09034729003906,2861400
2026-06-01,109.32699659706222,110.09034675490484,107.65159858105014,107.66151428222656,2593800
2026-06-02,108.0580611925457,109.445964408629,108.028321651913,109.27743530273438,1709700
2026-06-03,109.86233400927064,111.20066629301296,109.07915999114849,109.09899139404295,2747800
2026-06-04,109.79293586884658,110.566194161877,108.21667974281743,110.26879119873048,2658500
2026-06-05,110.81403527395588,113.18338112796825,110.39766658173218,111.9739227294922,2843700
2026-06-08,111.90452369371732,112.1920185122189,110.2390414246672,110.28861236572266,1694400
2026-06-09,110.6355897414441,112.7769273961804,109.9713814658128,112.12262725830078,2207400
2026-06-10,113.01484931360544,113.95663669916664,112.22175962637009,113.02476501464844,1584900
2026-06-11,113.68897542053708,114.50188896170938,111.96401401628644,112.09288787841795,2075700
2026-06-12,112.40020726439604,113.43122085843557,111.64678036231886,112.4596939086914,1903500
2026-06-15,111.656690738387,113.55018885975772,111.23040633580112,113.01485443115234,2634600
2026-06-16,113.1536431663974,114.50189114775982,112.80666925136973,113.67906188964844,2733300
2026-06-17,112.75709369973698,113.7980229657448,111.20066143296408,111.56746673583984,2095500
2026-06-18,111.21057640651544,112.57864816239451,110.29852856926269,111.2006607055664,4346800
2026-06-22,111.04205061085987,112.84632250060258,111.00239536934792,112.06314849853516,1885800
2026-06-23,113.3221698502713,113.89715950485996,112.10280332303606,113.15364074707033,2717400
2026-06-24,114.02603366853484,115.04713911857864,113.4014806331853,114.6109390258789,2929900
2026-06-25,115.26522940445297,116.50442731376296,114.53162635991131,116.05831909179688,2017000
2026-06-26,116.93071299442376,117.87250795402664,116.34581520520278,117.82293701171876,2661200
2026-06-29,117.24794435661532,118.03111833154124,116.93070999897758,117.4164810180664,1833400
2026-06-30,116.91088933904535,117.05959460273854,115.73117049413383,115.76091003417967,2592400
2026-07-01,115.64195211423464,116.13763128526568,114.71998855357832,115.21566772460938,1582200
2026-07-02,116.1178020930645,117.92207400742134,115.463509507851,117.80311584472656,1186700
2026-07-06,117.59493231595629,117.85268004590036,115.57256033794822,115.62212371826172,1616500
2026-07-07,116.68287162906962,118.87378017944914,116.34581342960432,116.66304779052734,1971600
2026-07-08,116.58373681062176,117.03976072978098,114.93808593395708,115.23548889160156,2720300
2026-07-09,116.17728290272464,116.17728290272464,113.77819004153513,113.89715576171876,1783000
2026-07-10,113.82776317322144,114.69024764335904,113.61957883149108,113.966552734375,1588700
2026-07-13,114.13507989314972,115.46350396603997,114.05577697631412,114.86869049072266,1465200
2026-07-14,115.39411073166691,116.08805853491783,113.99629186066518,114.05577850341795,1520400
2026-07-15,113.72862859990316,114.09542634065144,111.66660146240302,111.9937515258789,1894400
2026-07-16,111.8847065561849,113.60966800703912,111.36919596680326,113.50061798095705,1771800
2026-07-17,114.5712849001176,115.6518694411564,111.91444420350516,112.37046813964844,2024600
2026-07-20,112.46960141000736,113.50061499821192,110.9726557521541,111.57738494873048,1608600
2026-07-21,111.23040455362847,111.56747032777828,109.8425089055528,110.85369110107422,1989200
2026-07-22,111.89461729216644,112.53899415510192,111.54763582632263,112.4795150756836,1729100
2026-07-23,111.90452678585775,114.1152592137501,111.3989394777474,113.72863006591795,1820600
2026-07-24,114.48206686930904,115.44367812627932,114.0062115280504,114.7695541381836,1849600
2026-07-27,113.89715598553136,114.80920381834044,112.717437172649,112.8364028930664,1936800
2026-07-28,113.4708726657762,115.24540497035476,112.5786486629904,112.6282196044922,2190700
2026-07-29,113.2825135598835,113.45105022498772,109.70371693058333,110.3282699584961,3097800
2026-07-30,110.76447375436749,110.91317145875566,108.21668305184065,109.09899139404295,2138000
2026-07-31,108.56365245191672,109.31707933435676,108.05805758763589,108.47442626953124,1992700
2026-08-03,107.7903973957906,109.71362746363168,107.70117121073277,108.33563995361328,2032200
2026-08-04,107.22532359435004,108.44469013872497,106.31326815707544,108.30590057373048,1983400
2026-08-05,107.99857923028992,108.2860740545101,106.60076035012952,107.32445526123048,2119700
2026-08-06,108.38521240474893,108.74210202301754,106.43223520574118,107.0369644165039,3664900
2026-08-07,106.57102390191618,107.65160088590076,105.54992599933578,106.69989776611328,2359500
2026-08-10,106.15465262054153,106.5214503648888,104.98484947946854,105.20294952392578,2153800
2026-08-11,104.79649122795038,106.09516825800225,104.5684830409079,105.75811004638672,1737000
2026-08-12,107.16583260996464,109.56491792310366,106.75937963278734,108.16710662841795,5786300
2026-08-13,108.33563751573412,109.6442302139109,108.33563751573412,109.32699584960938,4271100
2026-08-14,109.16000366210938,110.58000183105467,109.0199966430664,110.5199966430664,1796900
2026-08-17,110.4499969482422,110.62000274658205,109.52999877929688,110.48999786376952,2375700
2026-08-18,111.51000213623048,111.88999938964844,110.51000213623048,111.0500030517578,1932800
2026-08-19,111.68000030517578,111.68000030517578,109.2300033569336,109.33999633789062,2794800
2026-08-20,108.7300033569336,109.83000183105467,108.26000213623048,108.51000213623048,2078700
2026-08-21,108.5199966430664,108.69000244140624,105.94000244140624,106.01000213623048,2929900
2026-08-24,106.5,107.83999633789062,106.01000213623048,107.58000183105467,2703400
2026-08-25,107.77999877929688,107.91000366210938,106.61000061035156,106.66999816894533,1780800
2026-08-26,106.75,108.06999969482422,106.73999786376952,107.5199966430664,1452600
2026-08-27,106.5500030517578,106.79000091552734,106.08000183105467,106.27999877929688,1818200
2026-08-28,106.81999969482422,106.94000244140624,105.8499984741211,106.22000122070312,1440500
2026-08-31,105.83999633789062,106.97000122070312,105.4000015258789,106.16999816894533,2087900
2026-09-01,106.75,107.33000183105467,105.66000366210938,106.1999969482422,2360700
2026-09-02,105.9800033569336,106.54000091552734,104.86000061035156,105.7300033569336,1778000
2026-09-03,106.0199966430664,107.16999816894533,105.93000030517578,106.6999969482422,2070400
2026-09-04,106.0999984741211,106.95999908447266,105.66000366210938,105.94000244140624,1586900
2026-09-08,105.70999908447266,107.52999877929688,105.66000366210938,107.05999755859375,3056700
2026-09-09,107.16999816894531,107.43000030517578,105.5199966430664,106.1500015258789,2450300
2026-09-10,106.66999816894531,107.04000091552734,105.19000244140625,105.3499984741211,2413800
2026-09-11,106.05000305175781,106.2300033569336,105.08000183105469,105.33000183105469,2060200
